android	../sge/sge/src/test/scalajvm/sge/SgeAndroidDriverRedSuite.scala	47
android	../sge/sge/src/test/scalajvm/sge/AndroidInputTest.scala	10
android	../sge/sge/src/test/scalajvm/sge/AndroidInputKeyQueueRedSuite.scala	22
android	../sge/sge/src/test/scalajvm/sge/AndroidGraphicsTest.scala	9
android	../sge/sge/src/test/scalajvm/sge/AndroidAudioAssetFdRedSuite.scala	35
android	../sge/sge/src/test/scalajvm/sge/AndroidAudioAdapterTest.scala	10
particles	../sge/sge/src/test/scala/sge/graphics/g3d/particles/ParticleEffectCodecsSerializationErrorIss814RedSuite.scala	30
member-shape	../sge/sge/src/test/scala/sge/GameScreenTest.scala	43
nullable	../sge/sge/src/test/scala/sge/GameScreenTest.scala	49
member-shape	../sge/sge/src/test/scala/sge/GameScreenTest.scala	50
member-shape	../sge/sge/src/test/scala/sge/GameScreenTest.scala	51
nullable	../sge/sge/src/test/scala/sge/GameScreenTest.scala	59
nullable	../sge/sge/src/test/scala/sge/GameScreenTest.scala	66
nullable	../sge/sge/src/test/scala/sge/GameScreenTest.scala	75
nullable	../sge/sge/src/test/scala/sge/GameScreenTest.scala	85
nullable	../sge/sge/src/test/scala/sge/GameScreenTest.scala	87
nullable	../sge/sge/src/test/scala/sge/GameScreenTest.scala	113
nullable	../sge/sge/src/test/scala/sge/GameScreenTest.scala	115
nullable	../sge/sge/src/test/scala/sge/GameScreenTest.scala	122
nullable	../sge/sge/src/test/scala/sge/GameScreenTest.scala	124
member-shape	../sge/sge/src/test/scala/sge/GameScreenTest.scala	126
nullable	../sge/sge/src/test/scala/sge/GameScreenTest.scala	134
nullable	../sge/sge/src/test/scala/sge/GameScreenTest.scala	150
nullable	../sge/sge/src/test/scala/sge/GameScreenTest.scala	168
nullable	../sge/sge/src/test/scala/sge/GameScreenTest.scala	184
nullable	../sge/sge/src/test/scala/sge/GameScreenTest.scala	200
nullable	../sge/sge/src/test/scala/sge/GameScreenTest.scala	219
nullable	../sge/sge/src/test/scala/sge/GameScreenTest.scala	223
nullable	../sge/sge/src/test/scala/sge/GameScreenTest.scala	228
nullable	../sge/sge/src/test/scala/sge/GameScreenTest.scala	249
opaque-key-button	../sge/sge/src/test/scala/sge/InputEventQueueIss566GateSuite.scala	48
opaque-key-button	../sge/sge/src/test/scala/sge/InputEventQueueIss566GateSuite.scala	48
opaque-key-button	../sge/sge/src/test/scala/sge/InputEventQueueIss566GateSuite.scala	59
opaque-key-button	../sge/sge/src/test/scala/sge/InputEventQueueIss566GateSuite.scala	60
opaque-key-button	../sge/sge/src/test/scala/sge/InputEventQueueIss566GateSuite.scala	62
opaque-key-button	../sge/sge/src/test/scala/sge/InputEventQueueIss566GateSuite.scala	65
opaque-key-button	../sge/sge/src/test/scala/sge/InputEventQueueIss566GateSuite.scala	94
type-shape	../sge/sge/src/test/scala/sge/InputEventQueueIss566GateSuite.scala	94
opaque-time-pixels	../sge/sge/src/test/scala/sge/InputEventQueueIss566GateSuite.scala	95
opaque-time-pixels	../sge/sge/src/test/scala/sge/InputEventQueueIss566GateSuite.scala	95
opaque-time-pixels	../sge/sge/src/test/scala/sge/InputEventQueueIss566GateSuite.scala	95
opaque-time-pixels	../sge/sge/src/test/scala/sge/InputEventQueueIss566GateSuite.scala	95
opaque-time-pixels	../sge/sge/src/test/scala/sge/InputEventQueueIss566GateSuite.scala	96
opaque-time-pixels	../sge/sge/src/test/scala/sge/InputEventQueueIss566GateSuite.scala	96
opaque-time-pixels	../sge/sge/src/test/scala/sge/InputEventQueueIss566GateSuite.scala	96
opaque-time-pixels	../sge/sge/src/test/scala/sge/InputEventQueueIss566GateSuite.scala	97
opaque-time-pixels	../sge/sge/src/test/scala/sge/InputEventQueueIss566GateSuite.scala	97
opaque-time-pixels	../sge/sge/src/test/scala/sge/InputEventQueueIss566GateSuite.scala	97
type-shape	../sge/sge/src/test/scala/sge/InputEventQueueIss566GateSuite.scala	98
opaque-time-pixels	../sge/sge/src/test/scala/sge/InputEventQueueIss566GateSuite.scala	101
opaque-time-pixels	../sge/sge/src/test/scala/sge/InputEventQueueIss566GateSuite.scala	101
opaque-time-pixels	../sge/sge/src/test/scala/sge/InputEventQueueIss566GateSuite.scala	101
opaque-time-pixels	../sge/sge/src/test/scala/sge/InputEventQueueIss566GateSuite.scala	104
opaque-time-pixels	../sge/sge/src/test/scala/sge/InputEventQueueIss566GateSuite.scala	104
opaque-time-pixels	../sge/sge/src/test/scala/sge/InputEventQueueIss566GateSuite.scala	104
opaque-time-pixels	../sge/sge/src/test/scala/sge/InputEventQueueIss566GateSuite.scala	108
opaque-time-pixels	../sge/sge/src/test/scala/sge/InputEventQueueIss566GateSuite.scala	108
opaque-time-pixels	../sge/sge/src/test/scala/sge/InputEventQueueIss566GateSuite.scala	108
opaque-key-button	../sge/sge/src/test/scala/sge/InputEventQueueIss566GateSuite.scala	110
type-shape	../sge/sge/src/test/scala/sge/InputEventQueueIss566GateSuite.scala	110
opaque-time-pixels	../sge/sge/src/test/scala/sge/InputEventQueueIss566GateSuite.scala	111
opaque-time-pixels	../sge/sge/src/test/scala/sge/InputEventQueueIss566GateSuite.scala	111
opaque-time-pixels	../sge/sge/src/test/scala/sge/InputEventQueueIss566GateSuite.scala	111
opaque-time-pixels	../sge/sge/src/test/scala/sge/InputEventQueueIss566GateSuite.scala	111
type-shape	../sge/sge/src/test/scala/sge/InputEventQueueIss566GateSuite.scala	162
opaque-time-pixels	../sge/sge/src/test/scala/sge/InputEventQueueIss566GateSuite.scala	175
opaque-time-pixels	../sge/sge/src/test/scala/sge/InputEventQueueIss566GateSuite.scala	175
opaque-time-pixels	../sge/sge/src/test/scala/sge/InputEventQueueIss566GateSuite.scala	175
opaque-time-pixels	../sge/sge/src/test/scala/sge/InputEventQueueIss566GateSuite.scala	176
opaque-time-pixels	../sge/sge/src/test/scala/sge/InputEventQueueIss566GateSuite.scala	176
opaque-time-pixels	../sge/sge/src/test/scala/sge/InputEventQueueIss566GateSuite.scala	176
opaque-time-pixels	../sge/sge/src/test/scala/sge/InputEventQueueIss566GateSuite.scala	177
opaque-time-pixels	../sge/sge/src/test/scala/sge/InputEventQueueIss566GateSuite.scala	177
opaque-time-pixels	../sge/sge/src/test/scala/sge/InputEventQueueIss566GateSuite.scala	177
opaque-time-pixels	../sge/sge/src/test/scala/sge/InputEventQueueIss566GateSuite.scala	178
opaque-time-pixels	../sge/sge/src/test/scala/sge/InputEventQueueIss566GateSuite.scala	178
opaque-time-pixels	../sge/sge/src/test/scala/sge/InputEventQueueIss566GateSuite.scala	178
opaque-time-pixels	../sge/sge/src/test/scala/sge/InputEventQueueIss566GateSuite.scala	190
opaque-time-pixels	../sge/sge/src/test/scala/sge/InputEventQueueIss566GateSuite.scala	190
opaque-time-pixels	../sge/sge/src/test/scala/sge/InputEventQueueIss566GateSuite.scala	190
opaque-time-pixels	../sge/sge/src/test/scala/sge/InputEventQueueIss566GateSuite.scala	191
opaque-time-pixels	../sge/sge/src/test/scala/sge/InputEventQueueIss566GateSuite.scala	191
opaque-time-pixels	../sge/sge/src/test/scala/sge/InputEventQueueIss566GateSuite.scala	191
opaque-time-pixels	../sge/sge/src/test/scala/sge/InputEventQueueIss566GateSuite.scala	192
opaque-time-pixels	../sge/sge/src/test/scala/sge/InputEventQueueIss566GateSuite.scala	192
opaque-time-pixels	../sge/sge/src/test/scala/sge/InputEventQueueIss566GateSuite.scala	192
filetype	../sge/sge/src/test/scala/sge/SgeTestFixture.scala	47
net	../sge/sge/src/test/scala/sge/SgeTestFixture.scala	61
net	../sge/sge/src/test/scala/sge/SgeTestFixture.scala	61
member-shape	../sge/sge/src/test/scala/sge/audio/AudioUtilsTest.scala	17
member-shape	../sge/sge/src/test/scala/sge/audio/AudioUtilsTest.scala	25
member-shape	../sge/sge/src/test/scala/sge/audio/AudioUtilsTest.scala	33
member-shape	../sge/sge/src/test/scala/sge/audio/AudioUtilsTest.scala	41
member-shape	../sge/sge/src/test/scala/sge/audio/AudioUtilsTest.scala	57
member-shape	../sge/sge/src/test/scala/sge/graphics/g2d/AnimationTest.scala	24
member-shape	../sge/sge/src/test/scala/sge/graphics/g2d/AnimationTest.scala	28
member-shape	../sge/sge/src/test/scala/sge/graphics/g2d/AnimationTest.scala	32
member-shape	../sge/sge/src/test/scala/sge/graphics/g2d/AnimationTest.scala	36
member-shape	../sge/sge/src/test/scala/sge/graphics/g2d/AnimationTest.scala	40
member-shape	../sge/sge/src/test/scala/sge/graphics/g2d/AnimationTest.scala	44
member-shape	../sge/sge/src/test/scala/sge/graphics/g2d/AnimationTest.scala	48
member-shape	../sge/sge/src/test/scala/sge/graphics/g2d/AnimationTest.scala	52
member-shape	../sge/sge/src/test/scala/sge/graphics/g2d/AnimationTest.scala	56
member-shape	../sge/sge/src/test/scala/sge/graphics/g2d/AnimationTest.scala	60
type-shape	../sge/sge/src/test/scala/sge/graphics/g2d/AnimationTest.scala	66
assertion-mismatch	../sge/sge/src/test/scala/sge/graphics/g2d/AnimationTest.scala	68
member-shape	../sge/sge/src/test/scala/sge/graphics/g2d/AnimationTest.scala	93
particles	../sge/sge/src/test/scala/sge/graphics/g2d/ParticleEmitterValueTest.scala	17
particles	../sge/sge/src/test/scala/sge/graphics/g2d/ParticleEmitterValueTest.scala	23
particles	../sge/sge/src/test/scala/sge/graphics/g2d/ParticleEmitterValueTest.scala	29
particles	../sge/sge/src/test/scala/sge/graphics/g2d/ParticleEmitterValueTest.scala	36
particles	../sge/sge/src/test/scala/sge/graphics/g2d/ParticleEmitterValueTest.scala	274
particles	../sge/sge/src/test/scala/sge/graphics/g2d/ParticleEmitterValueTest.scala	281
particles	../sge/sge/src/test/scala/sge/graphics/g2d/ParticleEmitterValueTest.scala	286
particles	../sge/sge/src/test/scala/sge/graphics/g2d/ParticleEmitterValueTest.scala	291
member-shape	../sge/sge/src/test/scala/sge/graphics/g2d/TextureAtlasDataTest.scala	20
member-shape	../sge/sge/src/test/scala/sge/graphics/g2d/TextureAtlasDataTest.scala	27
member-shape	../sge/sge/src/test/scala/sge/graphics/g2d/TextureAtlasDataTest.scala	36
member-shape	../sge/sge/src/test/scala/sge/graphics/g2d/TextureAtlasDataTest.scala	57
member-shape	../sge/sge/src/test/scala/sge/graphics/g2d/TextureAtlasDataTest.scala	78
filetype	../sge/sge/src/test/scala/sge/graphics/g3d/loader/ObjLoaderResolverIss847RedSuite.scala	57
filetype	../sge/sge/src/test/scala/sge/graphics/g3d/loader/ObjLoaderResolverIss847RedSuite.scala	66
filetype	../sge/sge/src/test/scala/sge/graphics/g3d/loader/ObjLoaderResolverIss847RedSuite.scala	66
nullable	../sge/sge/src/test/scala/sge/graphics/g3d/loader/ObjLoaderResolverIss847RedSuite.scala	112
particles	../sge/sge/src/test/scala/sge/graphics/g3d/particles/ParticleEffectCodecsSerializationErrorIss814RedSuite.scala	51
particles	../sge/sge/src/test/scala/sge/graphics/g3d/particles/ParticleEffectCodecsSerializationErrorIss814RedSuite.scala	59
particles	../sge/sge/src/test/scala/sge/graphics/g3d/particles/ParticleShaderScreenWidthRedSuite.scala	40
particles	../sge/sge/src/test/scala/sge/graphics/g3d/particles/ParticleShaderScreenWidthRedSuite.scala	67
particles	../sge/sge/src/test/scala/sge/graphics/g3d/particles/ParticleShaderScreenWidthRedSuite.scala	85
particles	../sge/sge/src/test/scala/sge/graphics/g3d/particles/ParticleShaderScreenWidthRedSuite.scala	87
particles	../sge/sge/src/test/scala/sge/graphics/g3d/particles/SaveDataCodecSuite.scala	72
particles	../sge/sge/src/test/scala/sge/graphics/g3d/particles/SaveDataCodecSuite.scala	73
particles	../sge/sge/src/test/scala/sge/graphics/g3d/particles/SaveDataCodecSuite.scala	100
particles	../sge/sge/src/test/scala/sge/graphics/g3d/particles/SaveDataCodecSuite.scala	108
particles	../sge/sge/src/test/scala/sge/graphics/g3d/particles/SaveDataCodecSuite.scala	115
particles	../sge/sge/src/test/scala/sge/graphics/g3d/particles/SaveDataCodecSuite.scala	122
particles	../sge/sge/src/test/scala/sge/graphics/g3d/particles/SaveDataCodecSuite.scala	123
particles	../sge/sge/src/test/scala/sge/graphics/g3d/particles/SaveDataCodecSuite.scala	128
particles	../sge/sge/src/test/scala/sge/graphics/g3d/particles/SaveDataCodecSuite.scala	129
particles	../sge/sge/src/test/scala/sge/graphics/g3d/particles/SaveDataCodecSuite.scala	133
particles	../sge/sge/src/test/scala/sge/graphics/g3d/particles/SaveDataCodecSuite.scala	137
particles	../sge/sge/src/test/scala/sge/graphics/g3d/particles/SaveDataCodecSuite.scala	141
particles	../sge/sge/src/test/scala/sge/graphics/g3d/particles/SaveDataCodecSuite.scala	144
particles	../sge/sge/src/test/scala/sge/graphics/g3d/particles/SaveDataCodecSuite.scala	147
particles	../sge/sge/src/test/scala/sge/graphics/g3d/particles/SaveDataCodecSuite.scala	153
particles	../sge/sge/src/test/scala/sge/graphics/g3d/particles/SaveDataCodecSuite.scala	161
particles	../sge/sge/src/test/scala/sge/graphics/g3d/particles/SaveDataCodecSuite.scala	165
particles	../sge/sge/src/test/scala/sge/graphics/g3d/particles/SaveDataCodecSuite.scala	174
particles	../sge/sge/src/test/scala/sge/graphics/g3d/particles/SaveDataCodecSuite.scala	179
particles	../sge/sge/src/test/scala/sge/graphics/g3d/particles/SaveDataCodecSuite.scala	183
particles	../sge/sge/src/test/scala/sge/graphics/g3d/particles/SaveDataCodecSuite.scala	193
particles	../sge/sge/src/test/scala/sge/graphics/g3d/particles/SaveDataCodecSuite.scala	206
particles	../sge/sge/src/test/scala/sge/graphics/g3d/particles/SaveDataCodecSuite.scala	213
particles	../sge/sge/src/test/scala/sge/graphics/g3d/particles/SaveDataCodecSuite.scala	217
particles	../sge/sge/src/test/scala/sge/graphics/g3d/particles/SaveDataCodecSuite.scala	221
particles	../sge/sge/src/test/scala/sge/graphics/g3d/particles/SaveDataCodecSuite.scala	225
opaque-time-pixels	../sge/sge/src/test/scala/sge/graphics/g3d/utils/AnimationControllerTest.scala	33
opaque-time-pixels	../sge/sge/src/test/scala/sge/graphics/g3d/utils/AnimationControllerTest.scala	34
opaque-time-pixels	../sge/sge/src/test/scala/sge/graphics/g3d/utils/AnimationControllerTest.scala	35
opaque-time-pixels	../sge/sge/src/test/scala/sge/graphics/g3d/utils/AnimationControllerTest.scala	36
opaque-time-pixels	../sge/sge/src/test/scala/sge/graphics/g3d/utils/AnimationControllerTest.scala	37
opaque-time-pixels	../sge/sge/src/test/scala/sge/graphics/g3d/utils/AnimationControllerTest.scala	38
opaque-time-pixels	../sge/sge/src/test/scala/sge/graphics/g3d/utils/AnimationControllerTest.scala	39
opaque-time-pixels	../sge/sge/src/test/scala/sge/graphics/g3d/utils/AnimationControllerTest.scala	47
opaque-time-pixels	../sge/sge/src/test/scala/sge/graphics/g3d/utils/AnimationControllerTest.scala	48
opaque-time-pixels	../sge/sge/src/test/scala/sge/graphics/g3d/utils/AnimationControllerTest.scala	49
opaque-time-pixels	../sge/sge/src/test/scala/sge/graphics/g3d/utils/AnimationControllerTest.scala	55
member-shape	../sge/sge/src/test/scala/sge/graphics/g3d/utils/AnimationControllerTest.scala	61
opaque-time-pixels	../sge/sge/src/test/scala/sge/graphics/g3d/utils/AnimationControllerTest.scala	86
opaque-time-pixels	../sge/sge/src/test/scala/sge/graphics/g3d/utils/AnimationControllerTest.scala	89
nullable	../sge/sge/src/test/scala/sge/graphics/g3d/utils/AnimationControllerTest.scala	92
opaque-time-pixels	../sge/sge/src/test/scala/sge/graphics/g3d/utils/AnimationControllerTest.scala	92
opaque-time-pixels	../sge/sge/src/test/scala/sge/graphics/g3d/utils/AnimationControllerTest.scala	95
nullable	../sge/sge/src/test/scala/sge/graphics/g3d/utils/AnimationControllerTest.scala	114
opaque-time-pixels	../sge/sge/src/test/scala/sge/graphics/g3d/utils/AnimationControllerTest.scala	117
opaque-time-pixels	../sge/sge/src/test/scala/sge/graphics/g3d/utils/AnimationControllerTest.scala	120
nullable	../sge/sge/src/test/scala/sge/graphics/g3d/utils/AnimationControllerTest.scala	123
opaque-time-pixels	../sge/sge/src/test/scala/sge/graphics/g3d/utils/AnimationControllerTest.scala	123
opaque-time-pixels	../sge/sge/src/test/scala/sge/graphics/g3d/utils/AnimationControllerTest.scala	126
opaque-time-pixels	../sge/sge/src/test/scala/sge/graphics/g3d/utils/AnimationDescTest.scala	26
nullable	../sge/sge/src/test/scala/sge/graphics/g3d/utils/AnimationDescTest.scala	27
opaque-time-pixels	../sge/sge/src/test/scala/sge/graphics/g3d/utils/AnimationDescTest.scala	29
opaque-time-pixels	../sge/sge/src/test/scala/sge/graphics/g3d/utils/AnimationDescTest.scala	31
opaque-time-pixels	../sge/sge/src/test/scala/sge/graphics/g3d/utils/AnimationDescTest.scala	37
opaque-time-pixels	../sge/sge/src/test/scala/sge/graphics/g3d/utils/AnimationDescTest.scala	38
opaque-time-pixels	../sge/sge/src/test/scala/sge/graphics/g3d/utils/AnimationDescTest.scala	39
opaque-time-pixels	../sge/sge/src/test/scala/sge/graphics/g3d/utils/AnimationDescTest.scala	44
opaque-time-pixels	../sge/sge/src/test/scala/sge/graphics/g3d/utils/AnimationDescTest.scala	45
opaque-time-pixels	../sge/sge/src/test/scala/sge/graphics/g3d/utils/AnimationDescTest.scala	46
opaque-time-pixels	../sge/sge/src/test/scala/sge/graphics/g3d/utils/AnimationDescTest.scala	51
opaque-time-pixels	../sge/sge/src/test/scala/sge/graphics/g3d/utils/AnimationDescTest.scala	52
opaque-time-pixels	../sge/sge/src/test/scala/sge/graphics/g3d/utils/AnimationDescTest.scala	57
opaque-time-pixels	../sge/sge/src/test/scala/sge/graphics/g3d/utils/AnimationDescTest.scala	66
opaque-time-pixels	../sge/sge/src/test/scala/sge/graphics/g3d/utils/AnimationDescTest.scala	67
opaque-time-pixels	../sge/sge/src/test/scala/sge/graphics/g3d/utils/AnimationDescTest.scala	68
opaque-time-pixels	../sge/sge/src/test/scala/sge/graphics/g3d/utils/AnimationDescTest.scala	76
opaque-time-pixels	../sge/sge/src/test/scala/sge/graphics/g3d/utils/AnimationDescTest.scala	77
opaque-time-pixels	../sge/sge/src/test/scala/sge/graphics/g3d/utils/AnimationDescTest.scala	78
opaque-time-pixels	../sge/sge/src/test/scala/sge/graphics/g3d/utils/AnimationDescTest.scala	86
opaque-time-pixels	../sge/sge/src/test/scala/sge/graphics/g3d/utils/AnimationDescTest.scala	87
opaque-time-pixels	../sge/sge/src/test/scala/sge/graphics/g3d/utils/AnimationDescTest.scala	95
arity	../sge/sge/src/test/scala/sge/graphics/glutils/GLFrameBufferIss572Suite.scala	54
type-shape	../sge/sge/src/test/scala/sge/graphics/glutils/VertexArrayIss561Suite.scala	21
nullable	../sge/sge/src/test/scala/sge/graphics/glutils/VertexBufferObjectIss561Suite.scala	84
context	../sge/sge/src/test/scala/sge/graphics/glutils/VertexBufferObjectIss561Suite.scala	98
context	../sge/sge/src/test/scala/sge/graphics/glutils/VertexBufferObjectIss561Suite.scala	118
context	../sge/sge/src/test/scala/sge/graphics/glutils/VertexBufferObjectIss561Suite.scala	156
context	../sge/sge/src/test/scala/sge/graphics/glutils/VertexBufferObjectIss561Suite.scala	183
context	../sge/sge/src/test/scala/sge/graphics/glutils/VertexBufferObjectIss561Suite.scala	212
context	../sge/sge/src/test/scala/sge/graphics/glutils/VertexBufferObjectIss561Suite.scala	229
context	../sge/sge/src/test/scala/sge/graphics/glutils/VertexBufferObjectIss561Suite.scala	259
context	../sge/sge/src/test/scala/sge/graphics/profiling/GLProfilerBehaviorIss725Suite.scala	45
context	../sge/sge/src/test/scala/sge/graphics/profiling/GLProfilerBehaviorIss725Suite.scala	51
context	../sge/sge/src/test/scala/sge/graphics/profiling/GLProfilerBehaviorIss725Suite.scala	69
context	../sge/sge/src/test/scala/sge/graphics/profiling/GLProfilerBehaviorIss725Suite.scala	83
context	../sge/sge/src/test/scala/sge/graphics/profiling/GLProfilerBehaviorIss725Suite.scala	99
context	../sge/sge/src/test/scala/sge/graphics/profiling/GLProfilerBehaviorIss725Suite.scala	116
context	../sge/sge/src/test/scala/sge/graphics/profiling/GLProfilerBehaviorIss725Suite.scala	142
context	../sge/sge/src/test/scala/sge/graphics/profiling/GLProfilerCharacterizationSuite.scala	30
assertion-mismatch	../sge/sge/src/test/scala/sge/graphics/profiling/GLProfilerCharacterizationSuite.scala	38
context	../sge/sge/src/test/scala/sge/graphics/profiling/GLProfilerCharacterizationSuite.scala	44
context	../sge/sge/src/test/scala/sge/graphics/profiling/GLProfilerCharacterizationSuite.scala	52
context	../sge/sge/src/test/scala/sge/graphics/profiling/GLProfilerCharacterizationSuite.scala	67
context	../sge/sge/src/test/scala/sge/graphics/profiling/GLProfilerCharacterizationSuite.scala	81
context	../sge/sge/src/test/scala/sge/graphics/profiling/GLProfilerCharacterizationSuite.scala	94
context	../sge/sge/src/test/scala/sge/graphics/profiling/GLProfilerCharacterizationSuite.scala	107
context	../sge/sge/src/test/scala/sge/graphics/profiling/GLProfilerCharacterizationSuite.scala	117
context	../sge/sge/src/test/scala/sge/graphics/profiling/GLProfilerCharacterizationSuite.scala	135
context	../sge/sge/src/test/scala/sge/graphics/profiling/GLProfilerCharacterizationSuite.scala	146
assertion-mismatch	../sge/sge/src/test/scala/sge/graphics/profiling/GLProfilerCharacterizationSuite.scala	153
context	../sge/sge/src/test/scala/sge/graphics/profiling/GLProfilerCharacterizationSuite.scala	168
context	../sge/sge/src/test/scala/sge/graphics/profiling/GLProfilerCharacterizationSuite.scala	175
context	../sge/sge/src/test/scala/sge/graphics/profiling/GLProfilerCharacterizationSuite.scala	188
context	../sge/sge/src/test/scala/sge/graphics/profiling/GLProfilerGL30BehaviorIss863Suite.scala	68
context	../sge/sge/src/test/scala/sge/graphics/profiling/GLProfilerGL30BehaviorIss863Suite.scala	79
context	../sge/sge/src/test/scala/sge/graphics/profiling/GLProfilerGL30BehaviorIss863Suite.scala	88
context	../sge/sge/src/test/scala/sge/graphics/profiling/GLProfilerGL30BehaviorIss863Suite.scala	96
context	../sge/sge/src/test/scala/sge/graphics/profiling/GLProfilerGL30BehaviorIss863Suite.scala	162
context	../sge/sge/src/test/scala/sge/graphics/profiling/GLProfilerGL30BehaviorIss863Suite.scala	174
context	../sge/sge/src/test/scala/sge/graphics/profiling/GLProfilerGL30BehaviorIss863Suite.scala	198
opaque-key-button	../sge/sge/src/test/scala/sge/input/GestureDetectorTest.scala	11
member-shape	../sge/sge/src/test/scala/sge/input/GestureDetectorTest.scala	18
opaque-key-button	../sge/sge/src/test/scala/sge/input/GestureDetectorTest.scala	24
opaque-key-button	../sge/sge/src/test/scala/sge/input/GestureDetectorTest.scala	46
opaque-key-button	../sge/sge/src/test/scala/sge/input/GestureDetectorTest.scala	50
opaque-key-button	../sge/sge/src/test/scala/sge/input/GestureDetectorTest.scala	58
opaque-key-button	../sge/sge/src/test/scala/sge/input/GestureDetectorTest.scala	66
member-shape	../sge/sge/src/test/scala/sge/input/GestureDetectorTest.scala	124
member-shape	../sge/sge/src/test/scala/sge/input/GestureDetectorTest.scala	135
opaque-time-pixels	../sge/sge/src/test/scala/sge/input/GestureDetectorTest.scala	154
member-shape	../sge/sge/src/test/scala/sge/input/GestureDetectorTest.scala	186
opaque-time-pixels	../sge/sge/src/test/scala/sge/input/GestureDetectorTest.scala	196
opaque-time-pixels	../sge/sge/src/test/scala/sge/input/GestureDetectorTest.scala	196
opaque-time-pixels	../sge/sge/src/test/scala/sge/input/GestureDetectorTest.scala	244
opaque-key-button	../sge/sge/src/test/scala/sge/input/InputMultiplexerTest.scala	9
opaque-key-button	../sge/sge/src/test/scala/sge/input/InputMultiplexerTest.scala	9
opaque-key-button	../sge/sge/src/test/scala/sge/input/InputMultiplexerTest.scala	21
opaque-key-button	../sge/sge/src/test/scala/sge/input/InputMultiplexerTest.scala	21
opaque-key-button	../sge/sge/src/test/scala/sge/input/InputMultiplexerTest.scala	23
opaque-key-button	../sge/sge/src/test/scala/sge/input/InputMultiplexerTest.scala	24
opaque-key-button	../sge/sge/src/test/scala/sge/input/InputMultiplexerTest.scala	26
opaque-key-button	../sge/sge/src/test/scala/sge/input/InputMultiplexerTest.scala	27
opaque-key-button	../sge/sge/src/test/scala/sge/input/InputMultiplexerTest.scala	28
opaque-key-button	../sge/sge/src/test/scala/sge/input/InputMultiplexerTest.scala	36
opaque-time-pixels	../sge/sge/src/test/scala/sge/input/InputMultiplexerTest.scala	37
opaque-time-pixels	../sge/sge/src/test/scala/sge/input/InputMultiplexerTest.scala	37
opaque-time-pixels	../sge/sge/src/test/scala/sge/input/InputMultiplexerTest.scala	37
opaque-time-pixels	../sge/sge/src/test/scala/sge/input/InputMultiplexerTest.scala	38
opaque-time-pixels	../sge/sge/src/test/scala/sge/input/InputMultiplexerTest.scala	38
type-shape	../sge/sge/src/test/scala/sge/input/InputMultiplexerTest.scala	44
opaque-key-button	../sge/sge/src/test/scala/sge/input/InputMultiplexerTest.scala	49
type-shape	../sge/sge/src/test/scala/sge/input/InputMultiplexerTest.scala	55
type-shape	../sge/sge/src/test/scala/sge/input/InputMultiplexerTest.scala	67
arity	../sge/sge/src/test/scala/sge/input/InputMultiplexerTest.scala	82
arity	../sge/sge/src/test/scala/sge/input/InputMultiplexerTest.scala	85
opaque-key-button	../sge/sge/src/test/scala/sge/input/InputMultiplexerTest.scala	87
type-shape	../sge/sge/src/test/scala/sge/input/InputMultiplexerTest.scala	94
assertion-mismatch	../sge/sge/src/test/scala/sge/input/InputMultiplexerTest.scala	95
assertion-mismatch	../sge/sge/src/test/scala/sge/input/InputMultiplexerTest.scala	97
type-shape	../sge/sge/src/test/scala/sge/input/InputMultiplexerTest.scala	103
type-shape	../sge/sge/src/test/scala/sge/input/InputMultiplexerTest.scala	112
tiled	../sge/sge/src/test/scala/sge/maps/MapPropertiesTest.scala	14
tiled	../sge/sge/src/test/scala/sge/maps/MapPropertiesTest.scala	20
tiled	../sge/sge/src/test/scala/sge/maps/MapPropertiesTest.scala	21
tiled	../sge/sge/src/test/scala/sge/maps/MapPropertiesTest.scala	27
tiled	../sge/sge/src/test/scala/sge/maps/MapPropertiesTest.scala	34
tiled	../sge/sge/src/test/scala/sge/maps/MapPropertiesTest.scala	41
tiled	../sge/sge/src/test/scala/sge/maps/MapPropertiesTest.scala	46
tiled	../sge/sge/src/test/scala/sge/maps/tiled/TiledProjectJsonTest.scala	24
tiled	../sge/sge/src/test/scala/sge/maps/tiled/TiledProjectJsonTest.scala	25
tiled	../sge/sge/src/test/scala/sge/maps/tiled/TiledProjectJsonTest.scala	26
tiled	../sge/sge/src/test/scala/sge/maps/tiled/TiledProjectJsonTest.scala	57
tiled	../sge/sge/src/test/scala/sge/maps/tiled/TiledProjectJsonTest.scala	92
tiled	../sge/sge/src/test/scala/sge/maps/tiled/TiledProjectJsonTest.scala	113
tiled	../sge/sge/src/test/scala/sge/maps/tiled/TiledProjectJsonTest.scala	135
tiled	../sge/sge/src/test/scala/sge/maps/tiled/TiledProjectJsonTest.scala	155
tiled	../sge/sge/src/test/scala/sge/maps/tiled/TiledProjectJsonTest.scala	164
tiled	../sge/sge/src/test/scala/sge/maps/tiled/TiledProjectJsonTest.scala	180
tiled	../sge/sge/src/test/scala/sge/maps/tiled/TmjJsonTest.scala	14
tiled	../sge/sge/src/test/scala/sge/maps/tiled/TmjJsonTest.scala	21
tiled	../sge/sge/src/test/scala/sge/maps/tiled/TmjJsonTest.scala	24
tiled	../sge/sge/src/test/scala/sge/maps/tiled/TmjJsonTest.scala	27
tiled	../sge/sge/src/test/scala/sge/maps/tiled/TmjJsonTest.scala	31
tiled	../sge/sge/src/test/scala/sge/maps/tiled/TmjJsonTest.scala	32
tiled	../sge/sge/src/test/scala/sge/maps/tiled/TmjJsonTest.scala	60
tiled	../sge/sge/src/test/scala/sge/maps/tiled/TmjJsonTest.scala	90
tiled	../sge/sge/src/test/scala/sge/maps/tiled/TmjJsonTest.scala	114
tiled	../sge/sge/src/test/scala/sge/maps/tiled/TmjJsonTest.scala	132
tiled	../sge/sge/src/test/scala/sge/maps/tiled/TmjJsonTest.scala	133
tiled	../sge/sge/src/test/scala/sge/maps/tiled/TmjJsonTest.scala	134
tiled	../sge/sge/src/test/scala/sge/maps/tiled/TmjJsonTest.scala	159
tiled	../sge/sge/src/test/scala/sge/maps/tiled/TmjJsonTest.scala	184
tiled	../sge/sge/src/test/scala/sge/maps/tiled/TmjJsonTest.scala	208
tiled	../sge/sge/src/test/scala/sge/maps/tiled/TmjJsonTest.scala	227
tiled	../sge/sge/src/test/scala/sge/maps/tiled/TmjJsonTest.scala	249
tiled	../sge/sge/src/test/scala/sge/maps/tiled/TmjJsonTest.scala	281
tiled	../sge/sge/src/test/scala/sge/maps/tiled/TmjJsonTest.scala	306
tiled	../sge/sge/src/test/scala/sge/maps/tiled/TmjJsonTest.scala	315
tiled	../sge/sge/src/test/scala/sge/maps/tiled/TmjJsonTest.scala	325
tiled	../sge/sge/src/test/scala/sge/maps/tiled/TmjJsonTest.scala	327
tiled	../sge/sge/src/test/scala/sge/maps/tiled/TmjJsonTest.scala	328
tiled	../sge/sge/src/test/scala/sge/maps/tiled/TmjJsonTest.scala	330
tiled	../sge/sge/src/test/scala/sge/maps/tiled/TmjJsonTest.scala	331
tiled	../sge/sge/src/test/scala/sge/maps/tiled/TmjJsonTest.scala	337
tiled	../sge/sge/src/test/scala/sge/maps/tiled/TmjJsonTest.scala	338
tiled	../sge/sge/src/test/scala/sge/maps/tiled/TmjJsonTest.scala	344
tiled	../sge/sge/src/test/scala/sge/maps/tiled/TmjJsonTest.scala	379
tiled	../sge/sge/src/test/scala/sge/maps/tiled/TmjJsonTest.scala	382
tiled	../sge/sge/src/test/scala/sge/maps/tiled/TmjJsonTest.scala	414
tiled	../sge/sge/src/test/scala/sge/maps/tiled/TmjJsonTest.scala	432
tiled	../sge/sge/src/test/scala/sge/maps/tiled/TmjJsonTest.scala	442
tiled	../sge/sge/src/test/scala/sge/maps/tiled/TmjJsonTest.scala	444
tiled	../sge/sge/src/test/scala/sge/maps/tiled/TmjJsonTest.scala	454
tiled	../sge/sge/src/test/scala/sge/maps/tiled/TmjJsonTest.scala	455
tiled	../sge/sge/src/test/scala/sge/maps/tiled/TmjJsonTest.scala	480
tiled	../sge/sge/src/test/scala/sge/maps/tiled/TmjJsonTest.scala	486
tiled	../sge/sge/src/test/scala/sge/maps/tiled/TmjJsonTest.scala	501
tiled	../sge/sge/src/test/scala/sge/maps/tiled/TmjJsonTest.scala	523
tiled	../sge/sge/src/test/scala/sge/maps/tiled/TmjTileIdsCsvRedSuite.scala	40
tiled	../sge/sge/src/test/scala/sge/maps/tiled/TmjTileIdsCsvRedSuite.scala	41
tiled	../sge/sge/src/test/scala/sge/maps/tiled/TmjTileIdsCsvRedSuite.scala	44
tiled	../sge/sge/src/test/scala/sge/maps/tiled/TmjTileIdsCsvRedSuite.scala	47
tiled	../sge/sge/src/test/scala/sge/maps/tiled/TmjTileIdsCsvRedSuite.scala	75
member-shape	../sge/sge/src/test/scala/sge/math/Affine2Test.scala	43
arity	../sge/sge/src/test/scala/sge/math/Affine2Test.scala	44
arity	../sge/sge/src/test/scala/sge/math/Affine2Test.scala	86
member-shape	../sge/sge/src/test/scala/sge/math/Bresenham2Test.scala	9
member-shape	../sge/sge/src/test/scala/sge/math/Bresenham2Test.scala	19
member-shape	../sge/sge/src/test/scala/sge/math/Bresenham2Test.scala	27
member-shape	../sge/sge/src/test/scala/sge/math/Bresenham2Test.scala	35
member-shape	../sge/sge/src/test/scala/sge/math/Bresenham2Test.scala	43
member-shape	../sge/sge/src/test/scala/sge/math/Bresenham2Test.scala	59
member-shape	../sge/sge/src/test/scala/sge/math/Bresenham2Test.scala	73
arity	../sge/sge/src/test/scala/sge/math/CatmullRomSplineTest.scala	47
arity	../sge/sge/src/test/scala/sge/math/CatmullRomSplineTest.scala	47
type-shape	../sge/sge/src/test/scala/sge/math/CircumCircleRedSuite.scala	107
type-shape	../sge/sge/src/test/scala/sge/math/CircumCircleRedSuite.scala	116
type-shape	../sge/sge/src/test/scala/sge/math/CircumCircleRedSuite.scala	128
type-shape	../sge/sge/src/test/scala/sge/math/CircumCircleRedSuite.scala	132
type-shape	../sge/sge/src/test/scala/sge/math/ConvexHullTest.scala	44
type-shape	../sge/sge/src/test/scala/sge/math/ConvexHullTest.scala	45
type-shape	../sge/sge/src/test/scala/sge/math/ConvexHullTest.scala	46
type-shape	../sge/sge/src/test/scala/sge/math/ConvexHullTest.scala	47
type-shape	../sge/sge/src/test/scala/sge/math/ConvexHullTest.scala	49
type-shape	../sge/sge/src/test/scala/sge/math/ConvexHullTest.scala	50
type-shape	../sge/sge/src/test/scala/sge/math/ConvexHullTest.scala	51
type-shape	../sge/sge/src/test/scala/sge/math/ConvexHullTest.scala	52
arity	../sge/sge/src/test/scala/sge/math/CumulativeDistributionTest.scala	15
arity	../sge/sge/src/test/scala/sge/math/CumulativeDistributionTest.scala	22
arity	../sge/sge/src/test/scala/sge/math/CumulativeDistributionTest.scala	35
arity	../sge/sge/src/test/scala/sge/math/CumulativeDistributionTest.scala	39
arity	../sge/sge/src/test/scala/sge/math/CumulativeDistributionTest.scala	113
arity	../sge/sge/src/test/scala/sge/math/CumulativeDistributionTest.scala	122
member-shape	../sge/sge/src/test/scala/sge/math/FloatCounterTest.scala	44
member-shape	../sge/sge/src/test/scala/sge/math/FloatCounterTest.scala	49
member-shape	../sge/sge/src/test/scala/sge/math/FloatCounterTest.scala	55
member-shape	../sge/sge/src/test/scala/sge/math/GeometryTest.scala	94
arity	../sge/sge/src/test/scala/sge/math/GeometryTest.scala	103
member-shape	../sge/sge/src/test/scala/sge/math/GeometryTest.scala	164
nullable	../sge/sge/src/test/scala/sge/math/IntersectorTest.scala	114
nullable	../sge/sge/src/test/scala/sge/math/IntersectorTest.scala	117
nullable	../sge/sge/src/test/scala/sge/math/IntersectorTest.scala	120
nullable	../sge/sge/src/test/scala/sge/math/IntersectorTest.scala	123
nullable	../sge/sge/src/test/scala/sge/math/IntersectorTest.scala	127
nullable	../sge/sge/src/test/scala/sge/math/IntersectorTest.scala	135
nullable	../sge/sge/src/test/scala/sge/math/IntersectorTest.scala	143
nullable	../sge/sge/src/test/scala/sge/math/IntersectorTest.scala	241
nullable	../sge/sge/src/test/scala/sge/math/IntersectorTest.scala	252
member-shape	../sge/sge/src/test/scala/sge/math/IntersectorTest.scala	256
member-shape	../sge/sge/src/test/scala/sge/math/IntersectorTest.scala	257
member-shape	../sge/sge/src/test/scala/sge/math/IntersectorTest.scala	258
member-shape	../sge/sge/src/test/scala/sge/math/IntersectorTest.scala	259
nullable	../sge/sge/src/test/scala/sge/math/IntersectorTest.scala	271
type-shape	../sge/sge/src/test/scala/sge/math/IntersectorTest.scala	323
type-shape	../sge/sge/src/test/scala/sge/math/IntersectorTest.scala	333
type-shape	../sge/sge/src/test/scala/sge/math/IntersectorTest.scala	342
type-shape	../sge/sge/src/test/scala/sge/math/IntersectorTest.scala	343
nullable	../sge/sge/src/test/scala/sge/math/IntersectorTest.scala	370
nullable	../sge/sge/src/test/scala/sge/math/IntersectorTest.scala	379
nullable	../sge/sge/src/test/scala/sge/math/IntersectorTest.scala	388
nullable	../sge/sge/src/test/scala/sge/math/IntersectorTest.scala	397
nullable	../sge/sge/src/test/scala/sge/math/IntersectorTest.scala	404
nullable	../sge/sge/src/test/scala/sge/math/IntersectorTest.scala	411
nullable	../sge/sge/src/test/scala/sge/math/IntersectorTest.scala	418
nullable	../sge/sge/src/test/scala/sge/math/IntersectorTest.scala	425
nullable	../sge/sge/src/test/scala/sge/math/IntersectorTest.scala	443
nullable	../sge/sge/src/test/scala/sge/math/IntersectorTest.scala	449
nullable	../sge/sge/src/test/scala/sge/math/IntersectorTest.scala	455
nullable	../sge/sge/src/test/scala/sge/math/IntersectorTest.scala	460
nullable	../sge/sge/src/test/scala/sge/math/IntersectorTest.scala	513
nullable	../sge/sge/src/test/scala/sge/math/IntersectorTest.scala	583
assertion-mismatch	../sge/sge/src/test/scala/sge/math/IntersectorTest.scala	584
member-shape	../sge/sge/src/test/scala/sge/math/Matrix3Test.scala	84
member-shape	../sge/sge/src/test/scala/sge/math/Matrix3Test.scala	92
member-shape	../sge/sge/src/test/scala/sge/math/Matrix3Test.scala	100
member-shape	../sge/sge/src/test/scala/sge/math/Matrix3Test.scala	110
member-shape	../sge/sge/src/test/scala/sge/math/Matrix3Test.scala	117
member-shape	../sge/sge/src/test/scala/sge/math/Matrix3Test.scala	148
member-shape	../sge/sge/src/test/scala/sge/math/Matrix4Test.scala	71
member-shape	../sge/sge/src/test/scala/sge/math/Matrix4Test.scala	82
member-shape	../sge/sge/src/test/scala/sge/math/Matrix4Test.scala	126
member-shape	../sge/sge/src/test/scala/sge/math/Matrix4Test.scala	166
member-shape	../sge/sge/src/test/scala/sge/math/Matrix4Test.scala	169
nullable	../sge/sge/src/test/scala/sge/math/OctreeTest.scala	34
member-shape	../sge/sge/src/test/scala/sge/math/OctreeTest.scala	41
member-shape	../sge/sge/src/test/scala/sge/math/OctreeTest.scala	48
type-shape	../sge/sge/src/test/scala/sge/math/OctreeTest.scala	51
type-shape	../sge/sge/src/test/scala/sge/math/OctreeTest.scala	59
other	../sge/sge/src/test/scala/sge/math/QuaternionTest.scala	32
arity	../sge/sge/src/test/scala/sge/math/QuaternionTest.scala	171
arity	../sge/sge/src/test/scala/sge/math/QuaternionTest.scala	173
member-shape	../sge/sge/src/test/scala/sge/math/QuaternionTest.scala	258
arity	../sge/sge/src/test/scala/sge/math/QuaternionTest.scala	280
arity	../sge/sge/src/test/scala/sge/math/QuaternionTest.scala	282
member-shape	../sge/sge/src/test/scala/sge/math/TransformTest.scala	78
type-shape	../sge/sge/src/test/scala/sge/math/TriangulatorIndicesRedSuite.scala	66
type-shape	../sge/sge/src/test/scala/sge/math/TriangulatorIndicesRedSuite.scala	91
type-shape	../sge/sge/src/test/scala/sge/math/TriangulatorIndicesRedSuite.scala	107
type-shape	../sge/sge/src/test/scala/sge/math/TriangulatorIndicesRedSuite.scala	116
member-shape	../sge/sge/src/test/scala/sge/math/Vector3RotTest.scala	98
member-shape	../sge/sge/src/test/scala/sge/math/Vector3RotTest.scala	104
member-shape	../sge/sge/src/test/scala/sge/math/Vector3RotTest.scala	111
member-shape	../sge/sge/src/test/scala/sge/math/VectorArithmeticTest.scala	35
member-shape	../sge/sge/src/test/scala/sge/math/VectorArithmeticTest.scala	41
member-shape	../sge/sge/src/test/scala/sge/math/VectorArithmeticTest.scala	66
arity	../sge/sge/src/test/scala/sge/math/VectorArithmeticTest.scala	71
arity	../sge/sge/src/test/scala/sge/math/VectorArithmeticTest.scala	76
arity	../sge/sge/src/test/scala/sge/math/VectorArithmeticTest.scala	82
arity	../sge/sge/src/test/scala/sge/math/VectorArithmeticTest.scala	129
arity	../sge/sge/src/test/scala/sge/math/VectorArithmeticTest.scala	135
arity	../sge/sge/src/test/scala/sge/math/VectorArithmeticTest.scala	141
arity	../sge/sge/src/test/scala/sge/math/VectorArithmeticTest.scala	147
arity	../sge/sge/src/test/scala/sge/math/VectorArithmeticTest.scala	153
type-shape	../sge/sge/src/test/scala/sge/math/VectorArithmeticTest.scala	188
member-shape	../sge/sge/src/test/scala/sge/math/VectorArithmeticTest.scala	189
type-shape	../sge/sge/src/test/scala/sge/math/VectorArithmeticTest.scala	193
type-shape	../sge/sge/src/test/scala/sge/math/VectorArithmeticTest.scala	194
member-shape	../sge/sge/src/test/scala/sge/math/VectorArithmeticTest.scala	195
member-shape	../sge/sge/src/test/scala/sge/math/VectorArithmeticTest.scala	199
member-shape	../sge/sge/src/test/scala/sge/math/VectorArithmeticTest.scala	199
member-shape	../sge/sge/src/test/scala/sge/math/VectorArithmeticTest.scala	206
member-shape	../sge/sge/src/test/scala/sge/math/VectorArithmeticTest.scala	206
member-shape	../sge/sge/src/test/scala/sge/math/VectorArithmeticTest.scala	212
member-shape	../sge/sge/src/test/scala/sge/math/VectorArithmeticTest.scala	212
member-shape	../sge/sge/src/test/scala/sge/math/VectorArithmeticTest.scala	225
member-shape	../sge/sge/src/test/scala/sge/math/VectorArithmeticTest.scala	235
member-shape	../sge/sge/src/test/scala/sge/math/VectorArithmeticTest.scala	241
member-shape	../sge/sge/src/test/scala/sge/math/VectorArithmeticTest.scala	257
member-shape	../sge/sge/src/test/scala/sge/math/VectorArithmeticTest.scala	264
member-shape	../sge/sge/src/test/scala/sge/math/VectorArithmeticTest.scala	265
arity	../sge/sge/src/test/scala/sge/math/VectorArithmeticTest.scala	271
arity	../sge/sge/src/test/scala/sge/math/VectorArithmeticTest.scala	277
arity	../sge/sge/src/test/scala/sge/math/VectorArithmeticTest.scala	314
arity	../sge/sge/src/test/scala/sge/math/VectorArithmeticTest.scala	320
type-shape	../sge/sge/src/test/scala/sge/math/VectorArithmeticTest.scala	324
member-shape	../sge/sge/src/test/scala/sge/math/VectorArithmeticTest.scala	325
type-shape	../sge/sge/src/test/scala/sge/math/VectorArithmeticTest.scala	329
member-shape	../sge/sge/src/test/scala/sge/math/VectorArithmeticTest.scala	330
member-shape	../sge/sge/src/test/scala/sge/math/VectorArithmeticTest.scala	334
member-shape	../sge/sge/src/test/scala/sge/math/VectorArithmeticTest.scala	334
member-shape	../sge/sge/src/test/scala/sge/math/VectorArithmeticTest.scala	358
arity	../sge/sge/src/test/scala/sge/math/VectorArithmeticTest.scala	372
arity	../sge/sge/src/test/scala/sge/math/VectorArithmeticTest.scala	378
member-shape	../sge/sge/src/test/scala/sge/math/VectorArithmeticTest.scala	394
member-shape	../sge/sge/src/test/scala/sge/math/VectorArithmeticTest.scala	395
member-shape	../sge/sge/src/test/scala/sge/math/VectorArithmeticTest.scala	396
arity	../sge/sge/src/test/scala/sge/math/VectorArithmeticTest.scala	405
arity	../sge/sge/src/test/scala/sge/math/VectorArithmeticTest.scala	412
member-shape	../sge/sge/src/test/scala/sge/math/VectorArithmeticTest.scala	419
member-shape	../sge/sge/src/test/scala/sge/math/VectorArithmeticTest.scala	420
member-shape	../sge/sge/src/test/scala/sge/math/VectorArithmeticTest.scala	421
arity	../sge/sge/src/test/scala/sge/math/VectorArithmeticTest.scala	430
arity	../sge/sge/src/test/scala/sge/math/VectorArithmeticTest.scala	437
net	../sge/sge/src/test/scala/sge/net/SgeHttpRequestTest.scala	15
net	../sge/sge/src/test/scala/sge/net/SgeHttpRequestTest.scala	16
net	../sge/sge/src/test/scala/sge/net/SgeHttpRequestTest.scala	25
net	../sge/sge/src/test/scala/sge/net/SgeHttpRequestTest.scala	35
net	../sge/sge/src/test/scala/sge/net/SgeHttpRequestTest.scala	37
net	../sge/sge/src/test/scala/sge/net/SgeHttpRequestTest.scala	43
net	../sge/sge/src/test/scala/sge/net/SgeHttpRequestTest.scala	50
net	../sge/sge/src/test/scala/sge/net/SgeHttpRequestTest.scala	54
net	../sge/sge/src/test/scala/sge/net/SgeHttpRequestTest.scala	55
net	../sge/sge/src/test/scala/sge/net/SgeHttpRequestTest.scala	59
net	../sge/sge/src/test/scala/sge/net/SgeHttpRequestTest.scala	71
net	../sge/sge/src/test/scala/sge/net/SgeHttpRequestTest.scala	81
net	../sge/sge/src/test/scala/sge/net/SgeHttpRequestTest.scala	81
net	../sge/sge/src/test/scala/sge/net/SgeHttpRequestTest.scala	85
net	../sge/sge/src/test/scala/sge/net/SgeHttpRequestTest.scala	92
net	../sge/sge/src/test/scala/sge/net/SgeHttpRequestTest.scala	97
net	../sge/sge/src/test/scala/sge/net/SgeHttpRequestTest.scala	98
net	../sge/sge/src/test/scala/sge/net/SgeHttpResponseTest.scala	13
net	../sge/sge/src/test/scala/sge/net/SgeHttpResponseTest.scala	13
net	../sge/sge/src/test/scala/sge/net/SgeHttpResponseTest.scala	14
net	../sge/sge/src/test/scala/sge/net/SgeHttpResponseTest.scala	14
net	../sge/sge/src/test/scala/sge/net/SgeHttpResponseTest.scala	15
net	../sge/sge/src/test/scala/sge/net/SgeHttpResponseTest.scala	15
net	../sge/sge/src/test/scala/sge/net/SgeHttpResponseTest.scala	16
net	../sge/sge/src/test/scala/sge/net/SgeHttpResponseTest.scala	22
net	../sge/sge/src/test/scala/sge/net/SgeHttpResponseTest.scala	23
net	../sge/sge/src/test/scala/sge/net/SgeHttpResponseTest.scala	24
net	../sge/sge/src/test/scala/sge/net/SgeHttpResponseTest.scala	26
net	../sge/sge/src/test/scala/sge/net/SgeHttpResponseTest.scala	32
net	../sge/sge/src/test/scala/sge/net/SgeHttpResponseTest.scala	74
net	../sge/sge/src/test/scala/sge/net/SgeHttpResponseTest.scala	89
net	../sge/sge/src/test/scala/sge/net/SgeHttpResponseTest.scala	90
net	../sge/sge/src/test/scala/sge/net/SgeHttpResponseTest.scala	91
net	../sge/sge/src/test/scala/sge/net/SgeHttpResponseTest.scala	95
net	../sge/sge/src/test/scala/sge/net/SgeHttpResponseTest.scala	96
member-shape	../sge/sge/src/test/scala/sge/noop/NoopAudioTest.scala	29
member-shape	../sge/sge/src/test/scala/sge/noop/NoopAudioTest.scala	89
member-shape	../sge/sge/src/test/scala/sge/noop/NoopGL32.scala	718
member-shape	../sge/sge/src/test/scala/sge/noop/NoopGraphicsTest.scala	31
member-shape	../sge/sge/src/test/scala/sge/noop/NoopGraphicsTest.scala	49
member-shape	../sge/sge/src/test/scala/sge/noop/NoopGraphicsTest.scala	50
member-shape	../sge/sge/src/test/scala/sge/noop/NoopGraphicsTest.scala	51
member-shape	../sge/sge/src/test/scala/sge/noop/NoopGraphicsTest.scala	52
member-shape	../sge/sge/src/test/scala/sge/noop/NoopGraphicsTest.scala	53
member-shape	../sge/sge/src/test/scala/sge/noop/NoopGraphicsTest.scala	54
member-shape	../sge/sge/src/test/scala/sge/noop/NoopGraphicsTest.scala	94
opaque-key-button	../sge/sge/src/test/scala/sge/noop/NoopInputTest.scala	7
opaque-key-button	../sge/sge/src/test/scala/sge/noop/NoopInputTest.scala	7
arity	../sge/sge/src/test/scala/sge/noop/NoopInputTest.scala	16
arity	../sge/sge/src/test/scala/sge/noop/NoopInputTest.scala	18
arity	../sge/sge/src/test/scala/sge/noop/NoopInputTest.scala	20
arity	../sge/sge/src/test/scala/sge/noop/NoopInputTest.scala	22
opaque-key-button	../sge/sge/src/test/scala/sge/noop/NoopInputTest.scala	40
opaque-key-button	../sge/sge/src/test/scala/sge/noop/NoopInputTest.scala	41
opaque-key-button	../sge/sge/src/test/scala/sge/noop/NoopInputTest.scala	42
opaque-key-button	../sge/sge/src/test/scala/sge/noop/NoopInputTest.scala	43
arity	../sge/sge/src/test/scala/sge/noop/NoopInputTest.scala	45
assertion-mismatch	../sge/sge/src/test/scala/sge/noop/NoopInputTest.scala	56
opaque-key-button	../sge/sge/src/test/scala/sge/noop/NoopInputTest.scala	64
member-shape	../sge/sge/src/test/scala/sge/noop/NoopInputTest.scala	66
opaque-key-button	../sge/sge/src/test/scala/sge/noop/NoopInputTest.scala	88
opaque-key-button	../sge/sge/src/test/scala/sge/noop/NoopInputTest.scala	89
opaque-time-pixels	../sge/sge/src/test/scala/sge/noop/NoopInputTest.scala	90
opaque-time-pixels	../sge/sge/src/test/scala/sge/noop/NoopInputTest.scala	90
arity	../sge/sge/src/test/scala/sge/scenes/scene2d/ActionTest.scala	21
opaque-time-pixels	../sge/sge/src/test/scala/sge/scenes/scene2d/ActionTest.scala	23
arity	../sge/sge/src/test/scala/sge/scenes/scene2d/ActionTest.scala	25
opaque-time-pixels	../sge/sge/src/test/scala/sge/scenes/scene2d/ActionTest.scala	32
opaque-time-pixels	../sge/sge/src/test/scala/sge/scenes/scene2d/ActionTest.scala	35
arity	../sge/sge/src/test/scala/sge/scenes/scene2d/ActionTest.scala	36
opaque-time-pixels	../sge/sge/src/test/scala/sge/scenes/scene2d/ActionTest.scala	42
opaque-time-pixels	../sge/sge/src/test/scala/sge/scenes/scene2d/ActionTest.scala	43
opaque-time-pixels	../sge/sge/src/test/scala/sge/scenes/scene2d/ActionTest.scala	62
arity	../sge/sge/src/test/scala/sge/scenes/scene2d/ActionTest.scala	65
member-shape	../sge/sge/src/test/scala/sge/scenes/scene2d/ActionTest.scala	66
opaque-time-pixels	../sge/sge/src/test/scala/sge/scenes/scene2d/ActionTest.scala	68
opaque-time-pixels	../sge/sge/src/test/scala/sge/scenes/scene2d/ActionTest.scala	79
opaque-time-pixels	../sge/sge/src/test/scala/sge/scenes/scene2d/ActionTest.scala	80
opaque-time-pixels	../sge/sge/src/test/scala/sge/scenes/scene2d/ActionTest.scala	90
opaque-time-pixels	../sge/sge/src/test/scala/sge/scenes/scene2d/ActionTest.scala	91
opaque-time-pixels	../sge/sge/src/test/scala/sge/scenes/scene2d/ActionTest.scala	107
opaque-time-pixels	../sge/sge/src/test/scala/sge/scenes/scene2d/ActionTest.scala	117
opaque-time-pixels	../sge/sge/src/test/scala/sge/scenes/scene2d/ActionTest.scala	129
opaque-time-pixels	../sge/sge/src/test/scala/sge/scenes/scene2d/ActionTest.scala	130
opaque-time-pixels	../sge/sge/src/test/scala/sge/scenes/scene2d/ActionTest.scala	144
opaque-time-pixels	../sge/sge/src/test/scala/sge/scenes/scene2d/ActionTest.scala	145
member-shape	../sge/sge/src/test/scala/sge/scenes/scene2d/ActionTest.scala	153
opaque-time-pixels	../sge/sge/src/test/scala/sge/scenes/scene2d/ActionTest.scala	155
opaque-time-pixels	../sge/sge/src/test/scala/sge/scenes/scene2d/ActionTest.scala	156
opaque-time-pixels	../sge/sge/src/test/scala/sge/scenes/scene2d/ActionTest.scala	171
opaque-time-pixels	../sge/sge/src/test/scala/sge/scenes/scene2d/ActionTest.scala	172
opaque-time-pixels	../sge/sge/src/test/scala/sge/scenes/scene2d/ActionTest.scala	177
opaque-time-pixels	../sge/sge/src/test/scala/sge/scenes/scene2d/ActionTest.scala	182
opaque-time-pixels	../sge/sge/src/test/scala/sge/scenes/scene2d/ActionTest.scala	197
opaque-time-pixels	../sge/sge/src/test/scala/sge/scenes/scene2d/ActionTest.scala	198
opaque-time-pixels	../sge/sge/src/test/scala/sge/scenes/scene2d/ActionTest.scala	201
opaque-time-pixels	../sge/sge/src/test/scala/sge/scenes/scene2d/ActionTest.scala	216
opaque-time-pixels	../sge/sge/src/test/scala/sge/scenes/scene2d/ActionTest.scala	216
opaque-time-pixels	../sge/sge/src/test/scala/sge/scenes/scene2d/ActionTest.scala	219
opaque-time-pixels	../sge/sge/src/test/scala/sge/scenes/scene2d/ActionTest.scala	222
opaque-time-pixels	../sge/sge/src/test/scala/sge/scenes/scene2d/ActionTest.scala	236
opaque-time-pixels	../sge/sge/src/test/scala/sge/scenes/scene2d/ActionTest.scala	251
member-shape	../sge/sge/src/test/scala/sge/scenes/scene2d/ActorPropertyHookRedSuite.scala	44
member-shape	../sge/sge/src/test/scala/sge/scenes/scene2d/ActorPropertyHookRedSuite.scala	51
member-shape	../sge/sge/src/test/scala/sge/scenes/scene2d/ActorPropertyHookRedSuite.scala	62
member-shape	../sge/sge/src/test/scala/sge/scenes/scene2d/ActorPropertyHookRedSuite.scala	63
member-shape	../sge/sge/src/test/scala/sge/scenes/scene2d/ActorPropertyHookRedSuite.scala	65
member-shape	../sge/sge/src/test/scala/sge/scenes/scene2d/ActorPropertyHookRedSuite.scala	66
member-shape	../sge/sge/src/test/scala/sge/scenes/scene2d/ActorPropertyHookRedSuite.scala	77
member-shape	../sge/sge/src/test/scala/sge/scenes/scene2d/ActorPropertyHookRedSuite.scala	80
member-shape	../sge/sge/src/test/scala/sge/scenes/scene2d/ActorPropertyHookRedSuite.scala	91
member-shape	../sge/sge/src/test/scala/sge/scenes/scene2d/EventPropagationTest.scala	179
nullable	../sge/sge/src/test/scala/sge/scenes/scene2d/EventPropagationTest.scala	200
opaque-key-button	../sge/sge/src/test/scala/sge/scenes/scene2d/InputEventTest.scala	6
opaque-key-button	../sge/sge/src/test/scala/sge/scenes/scene2d/InputEventTest.scala	6
opaque-key-button	../sge/sge/src/test/scala/sge/scenes/scene2d/InputEventTest.scala	25
opaque-key-button	../sge/sge/src/test/scala/sge/scenes/scene2d/InputEventTest.scala	26
opaque-key-button	../sge/sge/src/test/scala/sge/scenes/scene2d/InputEventTest.scala	42
opaque-key-button	../sge/sge/src/test/scala/sge/scenes/scene2d/InputEventTest.scala	43
opaque-key-button	../sge/sge/src/test/scala/sge/scenes/scene2d/InputEventTest.scala	55
opaque-key-button	../sge/sge/src/test/scala/sge/scenes/scene2d/InputEventTest.scala	56
member-shape	../sge/sge/src/test/scala/sge/scenes/scene2d/InputEventTest.scala	85
member-shape	../sge/sge/src/test/scala/sge/scenes/scene2d/InputEventTest.scala	86
opaque-key-button	../sge/sge/src/test/scala/sge/scenes/scene2d/InputEventTest.scala	98
opaque-key-button	../sge/sge/src/test/scala/sge/scenes/scene2d/InputEventTest.scala	105
member-shape	../sge/sge/src/test/scala/sge/scenes/scene2d/InputEventTest.scala	107
member-shape	../sge/sge/src/test/scala/sge/scenes/scene2d/InputEventTest.scala	108
member-shape	../sge/sge/src/test/scala/sge/scenes/scene2d/InputEventTest.scala	109
member-shape	../sge/sge/src/test/scala/sge/scenes/scene2d/InputEventTest.scala	110
member-shape	../sge/sge/src/test/scala/sge/scenes/scene2d/InputEventTest.scala	111
member-shape	../sge/sge/src/test/scala/sge/scenes/scene2d/InputEventTest.scala	124
member-shape	../sge/sge/src/test/scala/sge/scenes/scene2d/InputEventTest.scala	131
member-shape	../sge/sge/src/test/scala/sge/scenes/scene2d/InputEventTest.scala	138
member-shape	../sge/sge/src/test/scala/sge/scenes/scene2d/InputEventTest.scala	147
member-shape	../sge/sge/src/test/scala/sge/scenes/scene2d/InputEventTest.scala	158
member-shape	../sge/sge/src/test/scala/sge/scenes/scene2d/InputEventTest.scala	160
member-shape	../sge/sge/src/test/scala/sge/scenes/scene2d/InputEventTest.scala	162
member-shape	../sge/sge/src/test/scala/sge/scenes/scene2d/InputEventTest.scala	164
member-shape	../sge/sge/src/test/scala/sge/scenes/scene2d/InputEventTest.scala	168
member-shape	../sge/sge/src/test/scala/sge/scenes/scene2d/InputEventTest.scala	169
member-shape	../sge/sge/src/test/scala/sge/scenes/scene2d/InputEventTest.scala	170
member-shape	../sge/sge/src/test/scala/sge/scenes/scene2d/Scene2DTest.scala	23
member-shape	../sge/sge/src/test/scala/sge/scenes/scene2d/Scene2DTest.scala	24
member-shape	../sge/sge/src/test/scala/sge/scenes/scene2d/Scene2DTest.scala	26
member-shape	../sge/sge/src/test/scala/sge/scenes/scene2d/Scene2DTest.scala	42
member-shape	../sge/sge/src/test/scala/sge/scenes/scene2d/Scene2DTest.scala	43
member-shape	../sge/sge/src/test/scala/sge/scenes/scene2d/Scene2DTest.scala	51
member-shape	../sge/sge/src/test/scala/sge/scenes/scene2d/Scene2DTest.scala	52
arity	../sge/sge/src/test/scala/sge/scenes/scene2d/Scene2DTest.scala	58
member-shape	../sge/sge/src/test/scala/sge/scenes/scene2d/Scene2DTest.scala	60
arity	../sge/sge/src/test/scala/sge/scenes/scene2d/Scene2DTest.scala	61
member-shape	../sge/sge/src/test/scala/sge/scenes/scene2d/Scene2DTest.scala	91
arity	../sge/sge/src/test/scala/sge/scenes/scene2d/Scene2DTest.scala	299
arity	../sge/sge/src/test/scala/sge/scenes/scene2d/Scene2DTest.scala	301
nullable	../sge/sge/src/test/scala/sge/scenes/scene2d/Scene2DTest.scala	369
nullable	../sge/sge/src/test/scala/sge/scenes/scene2d/Scene2DTest.scala	373
nullable	../sge/sge/src/test/scala/sge/scenes/scene2d/Scene2DTest.scala	395
nullable	../sge/sge/src/test/scala/sge/scenes/scene2d/Scene2DTest.scala	422
opaque-time-pixels	../sge/sge/src/test/scala/sge/scenes/scene2d/actions/ActionsCharacterizationTest.scala	56
opaque-time-pixels	../sge/sge/src/test/scala/sge/scenes/scene2d/actions/ActionsCharacterizationTest.scala	57
opaque-time-pixels	../sge/sge/src/test/scala/sge/scenes/scene2d/actions/ActionsCharacterizationTest.scala	58
opaque-time-pixels	../sge/sge/src/test/scala/sge/scenes/scene2d/actions/ActionsCharacterizationTest.scala	59
opaque-time-pixels	../sge/sge/src/test/scala/sge/scenes/scene2d/actions/ActionsCharacterizationTest.scala	65
opaque-time-pixels	../sge/sge/src/test/scala/sge/scenes/scene2d/actions/ActionsCharacterizationTest.scala	67
opaque-time-pixels	../sge/sge/src/test/scala/sge/scenes/scene2d/actions/ActionsCharacterizationTest.scala	71
opaque-time-pixels	../sge/sge/src/test/scala/sge/scenes/scene2d/actions/ActionsCharacterizationTest.scala	79
opaque-time-pixels	../sge/sge/src/test/scala/sge/scenes/scene2d/actions/ActionsCharacterizationTest.scala	80
opaque-time-pixels	../sge/sge/src/test/scala/sge/scenes/scene2d/actions/ActionsCharacterizationTest.scala	84
opaque-time-pixels	../sge/sge/src/test/scala/sge/scenes/scene2d/actions/ActionsCharacterizationTest.scala	91
opaque-time-pixels	../sge/sge/src/test/scala/sge/scenes/scene2d/actions/ActionsCharacterizationTest.scala	92
opaque-time-pixels	../sge/sge/src/test/scala/sge/scenes/scene2d/actions/ActionsCharacterizationTest.scala	94
opaque-time-pixels	../sge/sge/src/test/scala/sge/scenes/scene2d/actions/ActionsCharacterizationTest.scala	100
opaque-time-pixels	../sge/sge/src/test/scala/sge/scenes/scene2d/actions/ActionsCharacterizationTest.scala	108
opaque-time-pixels	../sge/sge/src/test/scala/sge/scenes/scene2d/actions/ActionsCharacterizationTest.scala	110
opaque-time-pixels	../sge/sge/src/test/scala/sge/scenes/scene2d/actions/ActionsCharacterizationTest.scala	116
opaque-time-pixels	../sge/sge/src/test/scala/sge/scenes/scene2d/actions/ActionsCharacterizationTest.scala	118
opaque-time-pixels	../sge/sge/src/test/scala/sge/scenes/scene2d/actions/ActionsCharacterizationTest.scala	124
opaque-time-pixels	../sge/sge/src/test/scala/sge/scenes/scene2d/actions/ActionsCharacterizationTest.scala	126
opaque-time-pixels	../sge/sge/src/test/scala/sge/scenes/scene2d/actions/ActionsCharacterizationTest.scala	133
opaque-time-pixels	../sge/sge/src/test/scala/sge/scenes/scene2d/actions/ActionsCharacterizationTest.scala	134
opaque-time-pixels	../sge/sge/src/test/scala/sge/scenes/scene2d/actions/ActionsCharacterizationTest.scala	140
opaque-time-pixels	../sge/sge/src/test/scala/sge/scenes/scene2d/actions/ActionsCharacterizationTest.scala	159
opaque-time-pixels	../sge/sge/src/test/scala/sge/scenes/scene2d/actions/ActionsCharacterizationTest.scala	168
opaque-time-pixels	../sge/sge/src/test/scala/sge/scenes/scene2d/actions/ActionsCharacterizationTest.scala	179
opaque-time-pixels	../sge/sge/src/test/scala/sge/scenes/scene2d/actions/ActionsCharacterizationTest.scala	190
nullable	../sge/sge/src/test/scala/sge/scenes/scene2d/actions/ActionsCharacterizationTest.scala	209
opaque-time-pixels	../sge/sge/src/test/scala/sge/scenes/scene2d/actions/ActionsCharacterizationTest.scala	211
opaque-time-pixels	../sge/sge/src/test/scala/sge/scenes/scene2d/actions/ActionsCharacterizationTest.scala	212
opaque-time-pixels	../sge/sge/src/test/scala/sge/scenes/scene2d/actions/ActionsCharacterizationTest.scala	213
nullable	../sge/sge/src/test/scala/sge/scenes/scene2d/actions/ActionsCharacterizationTest.scala	222
opaque-time-pixels	../sge/sge/src/test/scala/sge/scenes/scene2d/actions/ActionsCharacterizationTest.scala	224
nullable	../sge/sge/src/test/scala/sge/scenes/scene2d/actions/ActionsCharacterizationTest.scala	232
opaque-time-pixels	../sge/sge/src/test/scala/sge/scenes/scene2d/actions/ActionsCharacterizationTest.scala	234
opaque-time-pixels	../sge/sge/src/test/scala/sge/scenes/scene2d/actions/ActionsCharacterizationTest.scala	236
opaque-time-pixels	../sge/sge/src/test/scala/sge/scenes/scene2d/actions/ActionsCharacterizationTest.scala	247
opaque-time-pixels	../sge/sge/src/test/scala/sge/scenes/scene2d/actions/ActionsCharacterizationTest.scala	249
nullable	../sge/sge/src/test/scala/sge/scenes/scene2d/actions/ActionsCharacterizationTest.scala	254
opaque-time-pixels	../sge/sge/src/test/scala/sge/scenes/scene2d/actions/ActionsCharacterizationTest.scala	256
opaque-time-pixels	../sge/sge/src/test/scala/sge/scenes/scene2d/actions/ActionsCharacterizationTest.scala	262
opaque-time-pixels	../sge/sge/src/test/scala/sge/scenes/scene2d/actions/ActionsCharacterizationTest.scala	270
nullable	../sge/sge/src/test/scala/sge/scenes/scene2d/actions/ActionsCharacterizationTest.scala	274
opaque-time-pixels	../sge/sge/src/test/scala/sge/scenes/scene2d/actions/ActionsCharacterizationTest.scala	276
opaque-time-pixels	../sge/sge/src/test/scala/sge/scenes/scene2d/actions/ActionsCharacterizationTest.scala	278
opaque-time-pixels	../sge/sge/src/test/scala/sge/scenes/scene2d/actions/ActionsCharacterizationTest.scala	286
opaque-time-pixels	../sge/sge/src/test/scala/sge/scenes/scene2d/actions/ActionsCharacterizationTest.scala	288
nullable	../sge/sge/src/test/scala/sge/scenes/scene2d/actions/ActionsCharacterizationTest.scala	293
opaque-time-pixels	../sge/sge/src/test/scala/sge/scenes/scene2d/actions/ActionsCharacterizationTest.scala	295
opaque-time-pixels	../sge/sge/src/test/scala/sge/scenes/scene2d/actions/ActionsCharacterizationTest.scala	299
opaque-time-pixels	../sge/sge/src/test/scala/sge/scenes/scene2d/actions/ActionsCharacterizationTest.scala	305
nullable	../sge/sge/src/test/scala/sge/scenes/scene2d/actions/ActionsCharacterizationTest.scala	312
member-shape	../sge/sge/src/test/scala/sge/scenes/scene2d/actions/ActionsCharacterizationTest.scala	315
member-shape	../sge/sge/src/test/scala/sge/scenes/scene2d/actions/ActionsCharacterizationTest.scala	316
member-shape	../sge/sge/src/test/scala/sge/scenes/scene2d/actions/ActionsCharacterizationTest.scala	325
opaque-time-pixels	../sge/sge/src/test/scala/sge/scenes/scene2d/actions/ActionsCharacterizationTest.scala	329
opaque-time-pixels	../sge/sge/src/test/scala/sge/scenes/scene2d/actions/ActionsCharacterizationTest.scala	336
opaque-time-pixels	../sge/sge/src/test/scala/sge/scenes/scene2d/actions/ActionsCharacterizationTest.scala	343
nullable	../sge/sge/src/test/scala/sge/scenes/scene2d/actions/ActionsCharacterizationTest.scala	344
nullable	../sge/sge/src/test/scala/sge/scenes/scene2d/actions/ActionsCharacterizationTest.scala	345
member-shape	../sge/sge/src/test/scala/sge/scenes/scene2d/actions/ActionsCharacterizationTest.scala	349
member-shape	../sge/sge/src/test/scala/sge/scenes/scene2d/actions/ActionsCharacterizationTest.scala	350
opaque-time-pixels	../sge/sge/src/test/scala/sge/scenes/scene2d/actions/ActionsCharacterizationTest.scala	354
type-shape	../sge/sge/src/test/scala/sge/scenes/scene2d/actions/ActionsCharacterizationTest.scala	355
type-shape	../sge/sge/src/test/scala/sge/scenes/scene2d/actions/ActionsCharacterizationTest.scala	357
nullable	../sge/sge/src/test/scala/sge/scenes/scene2d/actions/ActionsSpatialBehaviourSuite.scala	29
opaque-time-pixels	../sge/sge/src/test/scala/sge/scenes/scene2d/actions/ActionsSpatialBehaviourSuite.scala	41
opaque-time-pixels	../sge/sge/src/test/scala/sge/scenes/scene2d/actions/ActionsSpatialBehaviourSuite.scala	44
opaque-time-pixels	../sge/sge/src/test/scala/sge/scenes/scene2d/actions/ActionsSpatialBehaviourSuite.scala	53
opaque-time-pixels	../sge/sge/src/test/scala/sge/scenes/scene2d/actions/ActionsSpatialBehaviourSuite.scala	56
opaque-time-pixels	../sge/sge/src/test/scala/sge/scenes/scene2d/actions/ActionsSpatialBehaviourSuite.scala	65
opaque-time-pixels	../sge/sge/src/test/scala/sge/scenes/scene2d/actions/ActionsSpatialBehaviourSuite.scala	69
opaque-time-pixels	../sge/sge/src/test/scala/sge/scenes/scene2d/actions/ActionsSpatialBehaviourSuite.scala	77
opaque-time-pixels	../sge/sge/src/test/scala/sge/scenes/scene2d/actions/ActionsSpatialBehaviourSuite.scala	81
opaque-time-pixels	../sge/sge/src/test/scala/sge/scenes/scene2d/actions/ActionsSpatialBehaviourSuite.scala	84
opaque-time-pixels	../sge/sge/src/test/scala/sge/scenes/scene2d/actions/ActionsSpatialBehaviourSuite.scala	93
opaque-time-pixels	../sge/sge/src/test/scala/sge/scenes/scene2d/actions/ActionsSpatialBehaviourSuite.scala	98
opaque-time-pixels	../sge/sge/src/test/scala/sge/scenes/scene2d/actions/ActionsSpatialBehaviourSuite.scala	111
opaque-time-pixels	../sge/sge/src/test/scala/sge/scenes/scene2d/actions/ActionsSpatialBehaviourSuite.scala	114
opaque-time-pixels	../sge/sge/src/test/scala/sge/scenes/scene2d/actions/ActionsSpatialBehaviourSuite.scala	118
opaque-time-pixels	../sge/sge/src/test/scala/sge/scenes/scene2d/actions/ActionsSpatialBehaviourSuite.scala	131
opaque-time-pixels	../sge/sge/src/test/scala/sge/scenes/scene2d/actions/ActionsSpatialBehaviourSuite.scala	134
opaque-time-pixels	../sge/sge/src/test/scala/sge/scenes/scene2d/actions/ActionsSpatialBehaviourSuite.scala	143
opaque-time-pixels	../sge/sge/src/test/scala/sge/scenes/scene2d/actions/ActionsSpatialBehaviourSuite.scala	146
opaque-time-pixels	../sge/sge/src/test/scala/sge/scenes/scene2d/actions/ActionsSpatialBehaviourSuite.scala	149
opaque-time-pixels	../sge/sge/src/test/scala/sge/scenes/scene2d/actions/ActionsSpatialBehaviourSuite.scala	162
opaque-time-pixels	../sge/sge/src/test/scala/sge/scenes/scene2d/actions/ActionsSpatialBehaviourSuite.scala	165
opaque-time-pixels	../sge/sge/src/test/scala/sge/scenes/scene2d/actions/ActionsSpatialBehaviourSuite.scala	173
opaque-time-pixels	../sge/sge/src/test/scala/sge/scenes/scene2d/actions/ActionsSpatialBehaviourSuite.scala	176
opaque-time-pixels	../sge/sge/src/test/scala/sge/scenes/scene2d/actions/ActionsSpatialBehaviourSuite.scala	185
opaque-time-pixels	../sge/sge/src/test/scala/sge/scenes/scene2d/actions/ActionsSpatialBehaviourSuite.scala	188
opaque-time-pixels	../sge/sge/src/test/scala/sge/scenes/scene2d/actions/ActionsSpatialBehaviourSuite.scala	190
opaque-time-pixels	../sge/sge/src/test/scala/sge/scenes/scene2d/actions/ActionsSpatialBehaviourSuite.scala	202
opaque-time-pixels	../sge/sge/src/test/scala/sge/scenes/scene2d/actions/ActionsSpatialBehaviourSuite.scala	205
member-shape	../sge/sge/src/test/scala/sge/scenes/scene2d/actions/ActionsSpatialBehaviourSuite.scala	206
member-shape	../sge/sge/src/test/scala/sge/scenes/scene2d/actions/ActionsSpatialBehaviourSuite.scala	207
opaque-time-pixels	../sge/sge/src/test/scala/sge/scenes/scene2d/actions/ActionsSpatialBehaviourSuite.scala	214
opaque-time-pixels	../sge/sge/src/test/scala/sge/scenes/scene2d/actions/ActionsSpatialBehaviourSuite.scala	217
member-shape	../sge/sge/src/test/scala/sge/scenes/scene2d/actions/ActionsSpatialBehaviourSuite.scala	218
member-shape	../sge/sge/src/test/scala/sge/scenes/scene2d/actions/ActionsSpatialBehaviourSuite.scala	219
opaque-time-pixels	../sge/sge/src/test/scala/sge/scenes/scene2d/actions/ActionsSpatialBehaviourSuite.scala	229
opaque-time-pixels	../sge/sge/src/test/scala/sge/scenes/scene2d/actions/ActionsSpatialBehaviourSuite.scala	232
opaque-time-pixels	../sge/sge/src/test/scala/sge/scenes/scene2d/actions/ActionsSpatialBehaviourSuite.scala	234
opaque-time-pixels	../sge/sge/src/test/scala/sge/scenes/scene2d/actions/ActionsSpatialBehaviourSuite.scala	242
opaque-time-pixels	../sge/sge/src/test/scala/sge/scenes/scene2d/actions/ActionsSpatialBehaviourSuite.scala	246
opaque-time-pixels	../sge/sge/src/test/scala/sge/scenes/scene2d/actions/ActionsSpatialBehaviourSuite.scala	258
opaque-time-pixels	../sge/sge/src/test/scala/sge/scenes/scene2d/actions/ActionsSpatialBehaviourSuite.scala	261
opaque-time-pixels	../sge/sge/src/test/scala/sge/scenes/scene2d/actions/ActionsSpatialBehaviourSuite.scala	271
opaque-time-pixels	../sge/sge/src/test/scala/sge/scenes/scene2d/actions/ActionsSpatialBehaviourSuite.scala	274
opaque-time-pixels	../sge/sge/src/test/scala/sge/scenes/scene2d/actions/ActionsSpatialBehaviourSuite.scala	287
nullable	../sge/sge/src/test/scala/sge/scenes/scene2d/actions/ActionsSpatialBehaviourSuite.scala	288
opaque-time-pixels	../sge/sge/src/test/scala/sge/scenes/scene2d/actions/ActionsSpatialBehaviourSuite.scala	290
opaque-time-pixels	../sge/sge/src/test/scala/sge/scenes/scene2d/actions/ActionsSpatialBehaviourSuite.scala	292
opaque-time-pixels	../sge/sge/src/test/scala/sge/scenes/scene2d/actions/ActionsSpatialBehaviourSuite.scala	301
opaque-time-pixels	../sge/sge/src/test/scala/sge/scenes/scene2d/actions/ActionsSpatialBehaviourSuite.scala	302
opaque-time-pixels	../sge/sge/src/test/scala/sge/scenes/scene2d/actions/ActionsSpatialBehaviourSuite.scala	307
opaque-time-pixels	../sge/sge/src/test/scala/sge/scenes/scene2d/actions/ActionsSpatialBehaviourSuite.scala	314
opaque-time-pixels	../sge/sge/src/test/scala/sge/scenes/scene2d/actions/ActionsSpatialBehaviourSuite.scala	315
opaque-time-pixels	../sge/sge/src/test/scala/sge/scenes/scene2d/actions/ActionsSpatialBehaviourSuite.scala	321
opaque-time-pixels	../sge/sge/src/test/scala/sge/scenes/scene2d/actions/ActionsSpatialBehaviourSuite.scala	322
opaque-time-pixels	../sge/sge/src/test/scala/sge/scenes/scene2d/actions/ActionsSpatialBehaviourSuite.scala	334
opaque-time-pixels	../sge/sge/src/test/scala/sge/scenes/scene2d/actions/ActionsSpatialBehaviourSuite.scala	337
opaque-time-pixels	../sge/sge/src/test/scala/sge/scenes/scene2d/actions/ActionsSpatialBehaviourSuite.scala	341
opaque-time-pixels	../sge/sge/src/test/scala/sge/scenes/scene2d/actions/ColorActionBeginCacheRedSuite.scala	39
nullable	../sge/sge/src/test/scala/sge/scenes/scene2d/actions/ColorActionBeginCacheRedSuite.scala	40
opaque-time-pixels	../sge/sge/src/test/scala/sge/scenes/scene2d/actions/ColorActionBeginCacheRedSuite.scala	45
opaque-time-pixels	../sge/sge/src/test/scala/sge/scenes/scene2d/actions/DelayActionOvershootRedSuite.scala	35
nullable	../sge/sge/src/test/scala/sge/scenes/scene2d/ui/ButtonBackgroundFallthroughRedSuite.scala	34
member-shape	../sge/sge/src/test/scala/sge/scenes/scene2d/ui/ButtonBackgroundFallthroughRedSuite.scala	54
member-shape	../sge/sge/src/test/scala/sge/scenes/scene2d/ui/ButtonBackgroundFallthroughRedSuite.scala	55
member-shape	../sge/sge/src/test/scala/sge/scenes/scene2d/ui/ButtonTest.scala	32
member-shape	../sge/sge/src/test/scala/sge/scenes/scene2d/ui/SkinStyleReaderTest.scala	167
member-shape	../sge/sge/src/test/scala/sge/scenes/scene2d/ui/SkinStyleReaderTest.scala	168
member-shape	../sge/sge/src/test/scala/sge/scenes/scene2d/ui/TableCellTest.scala	22
nullable	../sge/sge/src/test/scala/sge/scenes/scene2d/ui/TableCellTest.scala	29
member-shape	../sge/sge/src/test/scala/sge/scenes/scene2d/ui/TableCellTest.scala	30
assertion-mismatch	../sge/sge/src/test/scala/sge/scenes/scene2d/ui/TableCellTest.scala	32
nullable	../sge/sge/src/test/scala/sge/scenes/scene2d/ui/TableCellTest.scala	38
member-shape	../sge/sge/src/test/scala/sge/scenes/scene2d/ui/TableCellTest.scala	39
member-shape	../sge/sge/src/test/scala/sge/scenes/scene2d/ui/TableCellTest.scala	47
arity	../sge/sge/src/test/scala/sge/scenes/scene2d/ui/TableCellTest.scala	48
nullable	../sge/sge/src/test/scala/sge/scenes/scene2d/ui/TableCellTest.scala	57
member-shape	../sge/sge/src/test/scala/sge/scenes/scene2d/ui/TableCellTest.scala	58
nullable	../sge/sge/src/test/scala/sge/scenes/scene2d/ui/TableCellTest.scala	68
nullable	../sge/sge/src/test/scala/sge/scenes/scene2d/ui/TableCellTest.scala	70
member-shape	../sge/sge/src/test/scala/sge/scenes/scene2d/ui/TableCellTest.scala	74
nullable	../sge/sge/src/test/scala/sge/scenes/scene2d/ui/TableCellTest.scala	80
nullable	../sge/sge/src/test/scala/sge/scenes/scene2d/ui/TableCellTest.scala	81
nullable	../sge/sge/src/test/scala/sge/scenes/scene2d/ui/TableCellTest.scala	83
nullable	../sge/sge/src/test/scala/sge/scenes/scene2d/ui/TableCellTest.scala	101
member-shape	../sge/sge/src/test/scala/sge/scenes/scene2d/ui/TableCellTest.scala	104
nullable	../sge/sge/src/test/scala/sge/scenes/scene2d/ui/TableCellTest.scala	110
nullable	../sge/sge/src/test/scala/sge/scenes/scene2d/ui/TableCellTest.scala	123
nullable	../sge/sge/src/test/scala/sge/scenes/scene2d/ui/TableCellTest.scala	124
member-shape	../sge/sge/src/test/scala/sge/scenes/scene2d/ui/TableCellTest.scala	127
type-shape	../sge/sge/src/test/scala/sge/scenes/scene2d/ui/TableCellTest.scala	140
member-shape	../sge/sge/src/test/scala/sge/scenes/scene2d/ui/TableCellTest.scala	141
member-shape	../sge/sge/src/test/scala/sge/scenes/scene2d/ui/TableCellTest.scala	152
member-shape	../sge/sge/src/test/scala/sge/scenes/scene2d/ui/TableCellTest.scala	154
member-shape	../sge/sge/src/test/scala/sge/scenes/scene2d/ui/TableCellTest.scala	165
arity	../sge/sge/src/test/scala/sge/scenes/scene2d/ui/TableCellTest.scala	172
arity	../sge/sge/src/test/scala/sge/scenes/scene2d/ui/TableCellTest.scala	173
arity	../sge/sge/src/test/scala/sge/scenes/scene2d/ui/TableCellTest.scala	174
arity	../sge/sge/src/test/scala/sge/scenes/scene2d/ui/TableCellTest.scala	175
other	../sge/sge/src/test/scala/sge/scenes/scene2d/ui/TableCellTest.scala	181
other	../sge/sge/src/test/scala/sge/scenes/scene2d/ui/TableCellTest.scala	182
other	../sge/sge/src/test/scala/sge/scenes/scene2d/ui/TableCellTest.scala	183
other	../sge/sge/src/test/scala/sge/scenes/scene2d/ui/TableCellTest.scala	184
arity	../sge/sge/src/test/scala/sge/scenes/scene2d/ui/TableCellTest.scala	185
arity	../sge/sge/src/test/scala/sge/scenes/scene2d/ui/TableCellTest.scala	186
arity	../sge/sge/src/test/scala/sge/scenes/scene2d/ui/TableCellTest.scala	187
arity	../sge/sge/src/test/scala/sge/scenes/scene2d/ui/TableCellTest.scala	188
member-shape	../sge/sge/src/test/scala/sge/scenes/scene2d/ui/TableCellTest.scala	208
nullable	../sge/sge/src/test/scala/sge/scenes/scene2d/ui/TableCellTest.scala	224
nullable	../sge/sge/src/test/scala/sge/scenes/scene2d/ui/TableCellTest.scala	237
nullable	../sge/sge/src/test/scala/sge/scenes/scene2d/ui/TableCellTest.scala	246
nullable	../sge/sge/src/test/scala/sge/scenes/scene2d/ui/TableCellTest.scala	256
nullable	../sge/sge/src/test/scala/sge/scenes/scene2d/ui/TableCellTest.scala	270
nullable	../sge/sge/src/test/scala/sge/scenes/scene2d/ui/TableCellTest.scala	279
nullable	../sge/sge/src/test/scala/sge/scenes/scene2d/ui/TableCellTest.scala	288
nullable	../sge/sge/src/test/scala/sge/scenes/scene2d/ui/TableCellTest.scala	301
nullable	../sge/sge/src/test/scala/sge/scenes/scene2d/ui/TableCellTest.scala	312
nullable	../sge/sge/src/test/scala/sge/scenes/scene2d/ui/TableCellTest.scala	323
nullable	../sge/sge/src/test/scala/sge/scenes/scene2d/ui/TableCellTest.scala	336
nullable	../sge/sge/src/test/scala/sge/scenes/scene2d/ui/TableCellTest.scala	347
nullable	../sge/sge/src/test/scala/sge/scenes/scene2d/ui/TableCellTest.scala	360
assertion-mismatch	../sge/sge/src/test/scala/sge/scenes/scene2d/ui/TableCellTest.scala	362
assertion-mismatch	../sge/sge/src/test/scala/sge/scenes/scene2d/ui/TableCellTest.scala	363
nullable	../sge/sge/src/test/scala/sge/scenes/scene2d/ui/TableCellTest.scala	369
assertion-mismatch	../sge/sge/src/test/scala/sge/scenes/scene2d/ui/TableCellTest.scala	371
assertion-mismatch	../sge/sge/src/test/scala/sge/scenes/scene2d/ui/TableCellTest.scala	372
nullable	../sge/sge/src/test/scala/sge/scenes/scene2d/ui/TableCellTest.scala	382
assertion-mismatch	../sge/sge/src/test/scala/sge/scenes/scene2d/ui/TableCellTest.scala	384
assertion-mismatch	../sge/sge/src/test/scala/sge/scenes/scene2d/ui/TableCellTest.scala	385
nullable	../sge/sge/src/test/scala/sge/scenes/scene2d/ui/TableCellTest.scala	395
assertion-mismatch	../sge/sge/src/test/scala/sge/scenes/scene2d/ui/TableCellTest.scala	397
assertion-mismatch	../sge/sge/src/test/scala/sge/scenes/scene2d/ui/TableCellTest.scala	398
assertion-mismatch	../sge/sge/src/test/scala/sge/scenes/scene2d/ui/TableCellTest.scala	399
assertion-mismatch	../sge/sge/src/test/scala/sge/scenes/scene2d/ui/TableCellTest.scala	400
nullable	../sge/sge/src/test/scala/sge/scenes/scene2d/ui/TableCellTest.scala	410
assertion-mismatch	../sge/sge/src/test/scala/sge/scenes/scene2d/ui/TableCellTest.scala	412
nullable	../sge/sge/src/test/scala/sge/scenes/scene2d/ui/TableCellTest.scala	422
assertion-mismatch	../sge/sge/src/test/scala/sge/scenes/scene2d/ui/TableCellTest.scala	424
nullable	../sge/sge/src/test/scala/sge/scenes/scene2d/ui/TableCellTest.scala	430
assertion-mismatch	../sge/sge/src/test/scala/sge/scenes/scene2d/ui/TableCellTest.scala	432
nullable	../sge/sge/src/test/scala/sge/scenes/scene2d/ui/TableCellTest.scala	438
nullable	../sge/sge/src/test/scala/sge/scenes/scene2d/ui/TableCellTest.scala	446
nullable	../sge/sge/src/test/scala/sge/scenes/scene2d/ui/TableCellTest.scala	458
assertion-mismatch	../sge/sge/src/test/scala/sge/scenes/scene2d/ui/TableCellTest.scala	460
assertion-mismatch	../sge/sge/src/test/scala/sge/scenes/scene2d/ui/TableCellTest.scala	461
nullable	../sge/sge/src/test/scala/sge/scenes/scene2d/ui/TableCellTest.scala	473
assertion-mismatch	../sge/sge/src/test/scala/sge/scenes/scene2d/ui/TableCellTest.scala	475
nullable	../sge/sge/src/test/scala/sge/scenes/scene2d/ui/TableCellTest.scala	482
nullable	../sge/sge/src/test/scala/sge/scenes/scene2d/ui/TableCellTest.scala	494
nullable	../sge/sge/src/test/scala/sge/scenes/scene2d/ui/TableCellTest.scala	509
assertion-mismatch	../sge/sge/src/test/scala/sge/scenes/scene2d/ui/TableCellTest.scala	511
opaque-key-button	../sge/sge/src/test/scala/sge/scenes/scene2d/utils/ArraySelectionValueEqualitySuite.scala	27
opaque-key-button	../sge/sge/src/test/scala/sge/scenes/scene2d/utils/ClickListenerTest.scala	7
opaque-key-button	../sge/sge/src/test/scala/sge/scenes/scene2d/utils/ClickListenerTest.scala	21
opaque-key-button	../sge/sge/src/test/scala/sge/scenes/scene2d/utils/ClickListenerTest.scala	27
opaque-key-button	../sge/sge/src/test/scala/sge/scenes/scene2d/utils/ClickListenerTest.scala	33
opaque-key-button	../sge/sge/src/test/scala/sge/scenes/scene2d/utils/ClickListenerTest.scala	34
member-shape	../sge/sge/src/test/scala/sge/scenes/scene2d/utils/ClickListenerTest.scala	55
nullable	../sge/sge/src/test/scala/sge/scenes/scene2d/utils/ClickListenerTest.scala	56
nullable	../sge/sge/src/test/scala/sge/scenes/scene2d/utils/ClickListenerTest.scala	57
opaque-key-button	../sge/sge/src/test/scala/sge/scenes/scene2d/utils/ClickListenerTest.scala	60
opaque-key-button	../sge/sge/src/test/scala/sge/scenes/scene2d/utils/ClickListenerTest.scala	75
opaque-key-button	../sge/sge/src/test/scala/sge/scenes/scene2d/utils/ClickListenerTest.scala	92
opaque-key-button	../sge/sge/src/test/scala/sge/scenes/scene2d/utils/ClickListenerTest.scala	96
opaque-key-button	../sge/sge/src/test/scala/sge/scenes/scene2d/utils/ClickListenerTest.scala	105
opaque-key-button	../sge/sge/src/test/scala/sge/scenes/scene2d/utils/ClickListenerTest.scala	106
opaque-key-button	../sge/sge/src/test/scala/sge/scenes/scene2d/utils/ClickListenerTest.scala	111
opaque-key-button	../sge/sge/src/test/scala/sge/scenes/scene2d/utils/ClickListenerTest.scala	121
nullable	../sge/sge/src/test/scala/sge/scenes/scene2d/utils/ClickListenerTest.scala	137
nullable	../sge/sge/src/test/scala/sge/scenes/scene2d/utils/ClickListenerTest.scala	138
opaque-key-button	../sge/sge/src/test/scala/sge/scenes/scene2d/utils/ClickListenerTest.scala	140
opaque-key-button	../sge/sge/src/test/scala/sge/scenes/scene2d/utils/ClickListenerTest.scala	143
opaque-key-button	../sge/sge/src/test/scala/sge/scenes/scene2d/utils/ClickListenerTest.scala	146
opaque-key-button	../sge/sge/src/test/scala/sge/scenes/scene2d/utils/ClickListenerTest.scala	153
opaque-key-button	../sge/sge/src/test/scala/sge/scenes/scene2d/utils/ClickListenerTest.scala	154
opaque-key-button	../sge/sge/src/test/scala/sge/scenes/scene2d/utils/ClickListenerTest.scala	202
nullable	../sge/sge/src/test/scala/sge/scenes/scene2d/utils/ClickListenerTest.scala	231
nullable	../sge/sge/src/test/scala/sge/scenes/scene2d/utils/ClickListenerTest.scala	232
opaque-key-button	../sge/sge/src/test/scala/sge/scenes/scene2d/utils/ClickListenerTest.scala	234
opaque-key-button	../sge/sge/src/test/scala/sge/scenes/scene2d/utils/ClickListenerTest.scala	235
opaque-key-button	../sge/sge/src/test/scala/sge/scenes/scene2d/utils/SelectionChooseRedSuite.scala	32
member-shape	../sge/sge/src/test/scala/sge/scenes/scene2d/utils/SelectionChooseRedSuite.scala	140
member-shape	../sge/sge/src/test/scala/sge/scenes/scene2d/utils/SelectionSetIdentityRedSuite.scala	51
member-shape	../sge/sge/src/test/scala/sge/scenes/scene2d/utils/SelectionSetIdentityRedSuite.scala	57
member-shape	../sge/sge/src/test/scala/sge/scenes/scene2d/utils/SelectionTest.scala	22
arity	../sge/sge/src/test/scala/sge/scenes/scene2d/utils/SelectionTest.scala	23
arity	../sge/sge/src/test/scala/sge/scenes/scene2d/utils/SelectionTest.scala	25
arity	../sge/sge/src/test/scala/sge/scenes/scene2d/utils/SelectionTest.scala	40
member-shape	../sge/sge/src/test/scala/sge/scenes/scene2d/utils/SelectionTest.scala	162
member-shape	../sge/sge/src/test/scala/sge/scenes/scene2d/utils/SelectionTest.scala	172
arity	../sge/sge/src/test/scala/sge/scenes/scene2d/utils/SelectionTest.scala	197
arity	../sge/sge/src/test/scala/sge/scenes/scene2d/utils/SelectionTest.scala	199
member-shape	../sge/sge/src/test/scala/sge/scenes/scene2d/utils/SelectionTest.scala	241
member-shape	../sge/sge/src/test/scala/sge/scenes/scene2d/utils/SelectionTest.scala	297
member-shape	../sge/sge/src/test/scala/sge/scenes/scene2d/utils/SelectionTest.scala	324
assertion-mismatch	../sge/sge/src/test/scala/sge/scenes/scene2d/utils/SelectionTest.scala	326
assertion-mismatch	../sge/sge/src/test/scala/sge/scenes/scene2d/utils/SelectionTest.scala	327
arity	../sge/sge/src/test/scala/sge/scenes/scene2d/utils/SelectionTest.scala	340
member-shape	../sge/sge/src/test/scala/sge/utils/BinaryHeapTest.scala	56
context	../sge/sge/src/test/scala/sge/utils/PerformanceCounterTest.scala	11
context	../sge/sge/src/test/scala/sge/utils/PerformanceCounterTest.scala	17
assertion-mismatch	../sge/sge/src/test/scala/sge/utils/PerformanceCounterTest.scala	23
context	../sge/sge/src/test/scala/sge/utils/PerformanceCounterTest.scala	27
context	../sge/sge/src/test/scala/sge/utils/PerformanceCounterTest.scala	35
context	../sge/sge/src/test/scala/sge/utils/PerformanceCounterTest.scala	47
context	../sge/sge/src/test/scala/sge/utils/PerformanceCounterTest.scala	58
context	../sge/sge/src/test/scala/sge/utils/PerformanceCounterTest.scala	66
context	../sge/sge/src/test/scala/sge/utils/PerformanceCounterTest.scala	73
assertion-mismatch	../sge/sge/src/test/scala/sge/utils/PerformanceCounterTest.scala	80
context	../sge/sge/src/test/scala/sge/utils/PerformanceCounterTest.scala	84
context	../sge/sge/src/test/scala/sge/utils/PerformanceCounterTest.scala	96
context	../sge/sge/src/test/scala/sge/utils/PerformanceCounterTest.scala	107
assertion-mismatch	../sge/sge/src/test/scala/sge/utils/PerformanceCounterTest.scala	136
context	../sge/sge/src/test/scala/sge/utils/PerformanceCounterTest.scala	137
type-shape	../sge/sge/src/test/scala/sge/utils/PoolManagerTest.scala	20
type-shape	../sge/sge/src/test/scala/sge/utils/PoolManagerTest.scala	28
type-shape	../sge/sge/src/test/scala/sge/utils/PoolManagerTest.scala	37
type-shape	../sge/sge/src/test/scala/sge/utils/PoolManagerTest.scala	49
member-shape	../sge/sge/src/test/scala/sge/utils/PoolManagerTest.scala	52
member-shape	../sge/sge/src/test/scala/sge/utils/PoolManagerTest.scala	53
member-shape	../sge/sge/src/test/scala/sge/utils/PoolManagerTest.scala	56
member-shape	../sge/sge/src/test/scala/sge/utils/PoolManagerTest.scala	57
type-shape	../sge/sge/src/test/scala/sge/utils/PoolManagerTest.scala	62
member-shape	../sge/sge/src/test/scala/sge/utils/PoolManagerTest.scala	65
member-shape	../sge/sge/src/test/scala/sge/utils/PoolManagerTest.scala	70
type-shape	../sge/sge/src/test/scala/sge/utils/PoolManagerTest.scala	75
type-shape	../sge/sge/src/test/scala/sge/utils/PoolManagerTest.scala	77
member-shape	../sge/sge/src/test/scala/sge/utils/PoolManagerTest.scala	90
type-shape	../sge/sge/src/test/scala/sge/utils/PoolManagerTest.scala	96
type-shape	../sge/sge/src/test/scala/sge/utils/PoolManagerTest.scala	102
nullable	../sge/sge/src/test/scala/sge/utils/PoolManagerTest.scala	107
member-shape	../sge/sge/src/test/scala/sge/utils/StreamUtilsTest.scala	133
member-shape	../sge/sge/src/test/scala/sge/utils/StreamUtilsTest.scala	142
member-shape	../sge/sge/src/test/scala/sge/utils/StreamUtilsTest.scala	148
assertion-mismatch	../sge/sge/src/test/scala/sge/utils/StreamUtilsTest.scala	149
assertion-mismatch	../sge/sge/src/test/scala/sge/utils/StreamUtilsTest.scala	150
assertion-mismatch	../sge/sge/src/test/scala/sge/utils/StreamUtilsTest.scala	151
assertion-mismatch	../sge/sge/src/test/scala/sge/utils/StreamUtilsTest.scala	152
type-shape	../sge/sge/src/test/scala/sge/utils/viewport/ViewportTest.scala	182
type-shape	../sge/sge/src/test/scala/sge/utils/viewport/ViewportTest.scala	182
android	../sge/sge/src/test/scalajvm/sge/AndroidAudioAdapterTest.scala	9
android	../sge/sge/src/test/scalajvm/sge/AndroidAudioAssetFdRedSuite.scala	34
android	../sge/sge/src/test/scalajvm/sge/AndroidAudioAssetFdRedSuite.scala	34
filetype	../sge/sge/src/test/scalajvm/sge/DesktopApplicationConfigTest.scala	8
filetype	../sge/sge/src/test/scalajvm/sge/DesktopApplicationConfigTest.scala	44
filetype	../sge/sge/src/test/scalajvm/sge/DesktopApplicationConfigTest.scala	96
filetype	../sge/sge/src/test/scalajvm/sge/DesktopApplicationConfigTest.scala	98
member-shape	../sge/sge/src/test/scalajvm/sge/DesktopClipboardTest.scala	41
member-shape	../sge/sge/src/test/scalajvm/sge/DesktopClipboardTest.scala	87
opaque-time-pixels	../sge/sge/src/test/scalajvm/sge/DesktopCustomCursorIss764RedSuite.scala	55
opaque-time-pixels	../sge/sge/src/test/scalajvm/sge/DesktopCustomCursorIss764RedSuite.scala	55
opaque-time-pixels	../sge/sge/src/test/scalajvm/sge/DesktopCustomCursorIss764RedSuite.scala	80
opaque-time-pixels	../sge/sge/src/test/scalajvm/sge/DesktopCustomCursorIss764RedSuite.scala	80
member-shape	../sge/sge/src/test/scalajvm/sge/HeadlessApplicationTest.scala	104
arity	../sge/sge/src/test/scalajvm/sge/HeadlessApplicationTest.scala	139
net	../sge/sge/src/test/scalajvm/sge/HeadlessApplicationTest.scala	143
net	../sge/sge/src/test/scalajvm/sge/HeadlessApplicationTest.scala	144
filetype	../sge/sge/src/test/scalajvm/sge/assets/AssetLoaderSmokeTest.scala	7
filetype	../sge/sge/src/test/scalajvm/sge/assets/AssetLoaderSmokeTest.scala	25
filetype	../sge/sge/src/test/scalajvm/sge/assets/AssetLoaderSmokeTest.scala	25
filetype	../sge/sge/src/test/scalajvm/sge/assets/AssetLoaderSmokeTest.scala	41
filetype	../sge/sge/src/test/scalajvm/sge/assets/AssetLoaderSmokeTest.scala	41
filetype	../sge/sge/src/test/scalajvm/sge/assets/AssetLoaderSmokeTest.scala	43
member-shape	../sge/sge/src/test/scalajvm/sge/assets/AssetLoaderSmokeTest.scala	78
member-shape	../sge/sge/src/test/scalajvm/sge/assets/AssetLoaderSmokeTest.scala	81
member-shape	../sge/sge/src/test/scalajvm/sge/assets/AssetLoaderSmokeTest.scala	85
nullable	../sge/sge/src/test/scalajvm/sge/assets/AssetLoaderSmokeTest.scala	103
particles	../sge/sge/src/test/scalajvm/sge/assets/AssetLoaderSmokeTest.scala	130
nullable	../sge/sge/src/test/scalajvm/sge/assets/AssetLoaderSmokeTest.scala	140
arity	../sge/sge/src/test/scalajvm/sge/assets/AssetLoaderSmokeTest.scala	210
member-shape	../sge/sge/src/test/scalajvm/sge/assets/AssetLoaderSmokeTest.scala	245
member-shape	../sge/sge/src/test/scalajvm/sge/assets/AssetLoaderSmokeTest.scala	252
member-shape	../sge/sge/src/test/scalajvm/sge/assets/AssetLoaderSmokeTest.scala	259
member-shape	../sge/sge/src/test/scalajvm/sge/assets/AssetLoaderSmokeTest.scala	260
member-shape	../sge/sge/src/test/scalajvm/sge/assets/AssetLoaderSmokeTest.scala	261
member-shape	../sge/sge/src/test/scalajvm/sge/assets/AssetLoaderSmokeTest.scala	271
member-shape	../sge/sge/src/test/scalajvm/sge/assets/AssetLoaderSmokeTest.scala	272
member-shape	../sge/sge/src/test/scalajvm/sge/assets/AssetLoaderSmokeTest.scala	273
member-shape	../sge/sge/src/test/scalajvm/sge/assets/AssetLoaderSmokeTest.scala	274
arity	../sge/sge/src/test/scalajvm/sge/assets/AssetLoaderSmokeTest.scala	279
nullable	../sge/sge/src/test/scalajvm/sge/assets/AssetLoaderSmokeTest.scala	280
member-shape	../sge/sge/src/test/scalajvm/sge/assets/AssetLoaderSmokeTest.scala	294
nullable	../sge/sge/src/test/scalajvm/sge/assets/AssetLoaderSmokeTest.scala	297
member-shape	../sge/sge/src/test/scalajvm/sge/assets/AssetLoaderSmokeTest.scala	306
member-shape	../sge/sge/src/test/scalajvm/sge/assets/AssetLoaderSmokeTest.scala	312
arity	../sge/sge/src/test/scalajvm/sge/assets/AssetLoaderSmokeTest.scala	332
filetype	../sge/sge/src/test/scalajvm/sge/assets/AssetManagerAsyncISS561Test.scala	24
filetype	../sge/sge/src/test/scalajvm/sge/assets/AssetManagerAsyncISS561Test.scala	40
filetype	../sge/sge/src/test/scalajvm/sge/assets/AssetManagerAsyncISS561Test.scala	40
context	../sge/sge/src/test/scalajvm/sge/assets/AssetManagerAsyncISS561Test.scala	71
context	../sge/sge/src/test/scalajvm/sge/assets/AssetManagerAsyncISS561Test.scala	163
context	../sge/sge/src/test/scalajvm/sge/assets/AssetManagerAsyncISS561Test.scala	205
assertion-mismatch	../sge/sge/src/test/scalajvm/sge/assets/AssetManagerAsyncISS561Test.scala	245
context	../sge/sge/src/test/scalajvm/sge/assets/AssetManagerAsyncISS561Test.scala	252
assertion-mismatch	../sge/sge/src/test/scalajvm/sge/assets/AssetManagerAsyncISS561Test.scala	276
context	../sge/sge/src/test/scalajvm/sge/assets/AssetManagerAsyncISS561Test.scala	283
context	../sge/sge/src/test/scalajvm/sge/assets/AssetManagerAsyncISS561Test.scala	315
assertion-mismatch	../sge/sge/src/test/scalajvm/sge/assets/AssetManagerAsyncISS561Test.scala	368
filetype	../sge/sge/src/test/scalajvm/sge/assets/AssetManagerDescriptorRoutingIss830CoverageSuite.scala	31
filetype	../sge/sge/src/test/scalajvm/sge/assets/AssetManagerDescriptorRoutingIss830CoverageSuite.scala	40
filetype	../sge/sge/src/test/scalajvm/sge/assets/AssetManagerDescriptorRoutingIss830CoverageSuite.scala	40
assertion-mismatch	../sge/sge/src/test/scalajvm/sge/assets/AssetManagerDescriptorRoutingIss830CoverageSuite.scala	62
filetype	../sge/sge/src/test/scalajvm/sge/assets/AssetManagerErrorCatchIss734RedSuite.scala	36
filetype	../sge/sge/src/test/scalajvm/sge/assets/AssetManagerErrorCatchIss734RedSuite.scala	49
filetype	../sge/sge/src/test/scalajvm/sge/assets/AssetManagerErrorCatchIss734RedSuite.scala	49
filetype	../sge/sge/src/test/scalajvm/sge/assets/AssetManagerLoggerIss733Suite.scala	28
filetype	../sge/sge/src/test/scalajvm/sge/assets/AssetManagerLoggerIss733Suite.scala	34
filetype	../sge/sge/src/test/scalajvm/sge/assets/AssetManagerLoggerIss733Suite.scala	34
filetype	../sge/sge/src/test/scalajvm/sge/assets/AssetManagerUnitTest.scala	12
filetype	../sge/sge/src/test/scalajvm/sge/assets/AssetManagerUnitTest.scala	29
filetype	../sge/sge/src/test/scalajvm/sge/assets/AssetManagerUnitTest.scala	29
member-shape	../sge/sge/src/test/scalajvm/sge/assets/AssetManagerUnitTest.scala	64
member-shape	../sge/sge/src/test/scalajvm/sge/assets/AssetManagerUnitTest.scala	156
member-shape	../sge/sge/src/test/scalajvm/sge/assets/AssetManagerUnitTest.scala	159
filetype	../sge/sge/src/test/scalajvm/sge/assets/loaders/FileHandleResolverTest.scala	10
filetype	../sge/sge/src/test/scalajvm/sge/assets/loaders/FileHandleResolverTest.scala	19
filetype	../sge/sge/src/test/scalajvm/sge/assets/loaders/FileHandleResolverTest.scala	19
member-shape	../sge/sge/src/test/scalajvm/sge/assets/loaders/FileHandleResolverTest.scala	24
assertion-mismatch	../sge/sge/src/test/scalajvm/sge/assets/loaders/FileHandleResolverTest.scala	26
member-shape	../sge/sge/src/test/scalajvm/sge/assets/loaders/FileHandleResolverTest.scala	31
assertion-mismatch	../sge/sge/src/test/scalajvm/sge/assets/loaders/FileHandleResolverTest.scala	33
member-shape	../sge/sge/src/test/scalajvm/sge/assets/loaders/FileHandleResolverTest.scala	39
assertion-mismatch	../sge/sge/src/test/scalajvm/sge/assets/loaders/FileHandleResolverTest.scala	40
assertion-mismatch	../sge/sge/src/test/scalajvm/sge/assets/loaders/FileHandleResolverTest.scala	43
assertion-mismatch	../sge/sge/src/test/scalajvm/sge/assets/loaders/FileHandleResolverTest.scala	46
member-shape	../sge/sge/src/test/scalajvm/sge/assets/loaders/FileHandleResolverTest.scala	56
member-shape	../sge/sge/src/test/scalajvm/sge/assets/loaders/FileHandleResolverTest.scala	57
member-shape	../sge/sge/src/test/scalajvm/sge/assets/loaders/FileHandleResolverTest.scala	58
member-shape	../sge/sge/src/test/scalajvm/sge/assets/loaders/FileHandleResolverTest.scala	63
member-shape	../sge/sge/src/test/scalajvm/sge/assets/loaders/FileHandleResolverTest.scala	64
filetype	../sge/sge/src/test/scalajvm/sge/audio/MiniaudioEngineInstanceRegistryIss810RedSuite.scala	33
filetype	../sge/sge/src/test/scalajvm/sge/audio/MiniaudioEngineInstanceRegistryIss810RedSuite.scala	108
filetype	../sge/sge/src/test/scalajvm/sge/audio/MiniaudioEngineInstanceRegistryIss810RedSuite.scala	108
filetype	../sge/sge/src/test/scalajvm/sge/audio/MiniaudioEngineInstanceRegistryIss810RedSuite.scala	116
filetype	../sge/sge/src/test/scalajvm/sge/audio/MiniaudioEngineInstanceRegistryIss810RedSuite.scala	116
filetype	../sge/sge/src/test/scalajvm/sge/audio/MiniaudioEngineSoundFormatIss772RedSuite.scala	18
filetype	../sge/sge/src/test/scalajvm/sge/audio/MiniaudioEngineSoundFormatIss772RedSuite.scala	58
filetype	../sge/sge/src/test/scalajvm/sge/audio/MiniaudioEngineSoundFormatIss772RedSuite.scala	58
filetype	../sge/sge/src/test/scalajvm/sge/audio/MiniaudioMusicOnCompleteIss760RedSuite.scala	29
filetype	../sge/sge/src/test/scalajvm/sge/audio/MiniaudioMusicOnCompleteIss760RedSuite.scala	99
filetype	../sge/sge/src/test/scalajvm/sge/audio/MiniaudioMusicOnCompleteIss760RedSuite.scala	99
member-shape	../sge/sge/src/test/scalajvm/sge/audio/MiniaudioMusicOnCompleteIss760RedSuite.scala	106
member-shape	../sge/sge/src/test/scalajvm/sge/audio/MiniaudioMusicOnCompleteIss760RedSuite.scala	117
filetype	../sge/sge/src/test/scalajvm/sge/audio/MiniaudioSoundFormatFallbackWaveDTest.scala	16
filetype	../sge/sge/src/test/scalajvm/sge/audio/MiniaudioSoundFormatFallbackWaveDTest.scala	55
filetype	../sge/sge/src/test/scalajvm/sge/audio/MiniaudioSoundFormatFallbackWaveDTest.scala	55
filetype	../sge/sge/src/test/scalajvm/sge/audio/MusicDurationIss781RedSuite.scala	18
filetype	../sge/sge/src/test/scalajvm/sge/audio/MusicDurationIss781RedSuite.scala	26
filetype	../sge/sge/src/test/scalajvm/sge/audio/MusicDurationIss781RedSuite.scala	26
member-shape	../sge/sge/src/test/scalajvm/sge/audio/MusicDurationIss781RedSuite.scala	31
filetype	../sge/sge/src/test/scalajvm/sge/audio/WavInputStreamTest.scala	79
filetype	../sge/sge/src/test/scalajvm/sge/audio/WavInputStreamTest.scala	79
filetype	../sge/sge/src/test/scalajvm/sge/audio/WavInputStreamTest.scala	95
filetype	../sge/sge/src/test/scalajvm/sge/audio/WavInputStreamTest.scala	95
filetype	../sge/sge/src/test/scalajvm/sge/audio/WavInputStreamTest.scala	110
filetype	../sge/sge/src/test/scalajvm/sge/audio/WavInputStreamTest.scala	110
filetype	../sge/sge/src/test/scalajvm/sge/audio/WavInputStreamTest.scala	127
filetype	../sge/sge/src/test/scalajvm/sge/audio/WavInputStreamTest.scala	127
filetype	../sge/sge/src/test/scalajvm/sge/audio/WavInputStreamTest.scala	142
filetype	../sge/sge/src/test/scalajvm/sge/audio/WavInputStreamTest.scala	142
filetype	../sge/sge/src/test/scalajvm/sge/audio/WavInputStreamTest.scala	157
filetype	../sge/sge/src/test/scalajvm/sge/audio/WavInputStreamTest.scala	157
filetype	../sge/sge/src/test/scalajvm/sge/audio/WavInputStreamTest.scala	174
filetype	../sge/sge/src/test/scalajvm/sge/audio/WavInputStreamTest.scala	174
android	../sge/sge/src/test/scalajvm/sge/files/AndroidFileHandleTest.scala	10
android	../sge/sge/src/test/scalajvm/sge/files/AndroidFileHandleTest.scala	46
android	../sge/sge/src/test/scalajvm/sge/files/AndroidFileHandleTest.scala	46
android	../sge/sge/src/test/scalajvm/sge/files/AndroidFileHandleTest.scala	49
android	../sge/sge/src/test/scalajvm/sge/files/AndroidFileHandleTest.scala	50
android	../sge/sge/src/test/scalajvm/sge/files/AndroidFileHandleTest.scala	54
android	../sge/sge/src/test/scalajvm/sge/files/AndroidFileHandleTest.scala	54
android	../sge/sge/src/test/scalajvm/sge/files/AndroidFileHandleTest.scala	62
android	../sge/sge/src/test/scalajvm/sge/files/AndroidFileHandleTest.scala	62
android	../sge/sge/src/test/scalajvm/sge/files/AndroidFileHandleTest.scala	65
android	../sge/sge/src/test/scalajvm/sge/files/AndroidFileHandleTest.scala	66
android	../sge/sge/src/test/scalajvm/sge/files/AndroidFileHandleTest.scala	70
android	../sge/sge/src/test/scalajvm/sge/files/AndroidFileHandleTest.scala	70
android	../sge/sge/src/test/scalajvm/sge/files/AndroidFileHandleTest.scala	79
android	../sge/sge/src/test/scalajvm/sge/files/AndroidFileHandleTest.scala	79
android	../sge/sge/src/test/scalajvm/sge/files/AndroidFileHandleTest.scala	82
android	../sge/sge/src/test/scalajvm/sge/files/AndroidFileHandleTest.scala	86
android	../sge/sge/src/test/scalajvm/sge/files/AndroidFileHandleTest.scala	86
android	../sge/sge/src/test/scalajvm/sge/files/AndroidFileHandleTest.scala	88
android	../sge/sge/src/test/scalajvm/sge/files/AndroidFileHandleTest.scala	92
android	../sge/sge/src/test/scalajvm/sge/files/AndroidFileHandleTest.scala	92
android	../sge/sge/src/test/scalajvm/sge/files/AndroidFileHandleTest.scala	94
android	../sge/sge/src/test/scalajvm/sge/files/AndroidFileHandleTest.scala	102
android	../sge/sge/src/test/scalajvm/sge/files/AndroidFileHandleTest.scala	102
android	../sge/sge/src/test/scalajvm/sge/files/AndroidFileHandleTest.scala	104
android	../sge/sge/src/test/scalajvm/sge/files/AndroidFileHandleTest.scala	108
android	../sge/sge/src/test/scalajvm/sge/files/AndroidFileHandleTest.scala	108
android	../sge/sge/src/test/scalajvm/sge/files/AndroidFileHandleTest.scala	118
android	../sge/sge/src/test/scalajvm/sge/files/AndroidFileHandleTest.scala	118
android	../sge/sge/src/test/scalajvm/sge/files/AndroidFileHandleTest.scala	126
android	../sge/sge/src/test/scalajvm/sge/files/AndroidFileHandleTest.scala	126
android	../sge/sge/src/test/scalajvm/sge/files/AndroidFileHandleTest.scala	136
android	../sge/sge/src/test/scalajvm/sge/files/AndroidFileHandleTest.scala	136
android	../sge/sge/src/test/scalajvm/sge/files/AndroidFileHandleTest.scala	137
android	../sge/sge/src/test/scalajvm/sge/files/AndroidFileHandleTest.scala	141
android	../sge/sge/src/test/scalajvm/sge/files/AndroidFileHandleTest.scala	141
android	../sge/sge/src/test/scalajvm/sge/files/AndroidFileHandleTest.scala	149
android	../sge/sge/src/test/scalajvm/sge/files/AndroidFileHandleTest.scala	149
android	../sge/sge/src/test/scalajvm/sge/files/AndroidFileHandleTest.scala	150
android	../sge/sge/src/test/scalajvm/sge/files/AndroidFileHandleTest.scala	155
android	../sge/sge/src/test/scalajvm/sge/files/AndroidFileHandleTest.scala	155
android	../sge/sge/src/test/scalajvm/sge/files/AndroidFileHandleTest.scala	156
android	../sge/sge/src/test/scalajvm/sge/files/AndroidFileHandleTest.scala	160
android	../sge/sge/src/test/scalajvm/sge/files/AndroidFileHandleTest.scala	160
android	../sge/sge/src/test/scalajvm/sge/files/AndroidFileHandleTest.scala	169
android	../sge/sge/src/test/scalajvm/sge/files/AndroidFileHandleTest.scala	169
android	../sge/sge/src/test/scalajvm/sge/files/AndroidFileHandleTest.scala	170
android	../sge/sge/src/test/scalajvm/sge/files/AndroidFileHandleTest.scala	174
android	../sge/sge/src/test/scalajvm/sge/files/AndroidFileHandleTest.scala	174
android	../sge/sge/src/test/scalajvm/sge/files/AndroidFileHandleTest.scala	175
android	../sge/sge/src/test/scalajvm/sge/files/AndroidFileHandleTest.scala	182
android	../sge/sge/src/test/scalajvm/sge/files/AndroidFileHandleTest.scala	182
android	../sge/sge/src/test/scalajvm/sge/files/AndroidFileHandleTest.scala	183
android	../sge/sge/src/test/scalajvm/sge/files/AndroidFileHandleTest.scala	187
android	../sge/sge/src/test/scalajvm/sge/files/AndroidFileHandleTest.scala	187
android	../sge/sge/src/test/scalajvm/sge/files/AndroidFileHandleTest.scala	188
android	../sge/sge/src/test/scalajvm/sge/files/AndroidFileHandleTest.scala	192
android	../sge/sge/src/test/scalajvm/sge/files/AndroidFileHandleTest.scala	192
android	../sge/sge/src/test/scalajvm/sge/files/AndroidFileHandleTest.scala	193
android	../sge/sge/src/test/scalajvm/sge/files/AndroidFileHandleTest.scala	199
android	../sge/sge/src/test/scalajvm/sge/files/AndroidFileHandleTest.scala	201
filetype	../sge/sge/src/test/scalajvm/sge/files/DesktopFileHandleTest.scala	18
assertion-mismatch	../sge/sge/src/test/scalajvm/sge/files/DesktopFileHandleTest.scala	21
filetype	../sge/sge/src/test/scalajvm/sge/files/DesktopFileHandleTest.scala	25
filetype	../sge/sge/src/test/scalajvm/sge/files/DesktopFileHandleTest.scala	33
assertion-mismatch	../sge/sge/src/test/scalajvm/sge/files/DesktopFileHandleTest.scala	36
filetype	../sge/sge/src/test/scalajvm/sge/files/DesktopFileHandleTest.scala	40
filetype	../sge/sge/src/test/scalajvm/sge/files/DesktopFileHandleTest.scala	49
filetype	../sge/sge/src/test/scalajvm/sge/files/DesktopFileHandleTest.scala	55
assertion-mismatch	../sge/sge/src/test/scalajvm/sge/files/DesktopFileHandleTest.scala	58
filetype	../sge/sge/src/test/scalajvm/sge/files/DesktopFileHandleTest.scala	62
assertion-mismatch	../sge/sge/src/test/scalajvm/sge/files/DesktopFileHandleTest.scala	64
filetype	../sge/sge/src/test/scalajvm/sge/files/DesktopFileHandleTest.scala	70
assertion-mismatch	../sge/sge/src/test/scalajvm/sge/files/DesktopFileHandleTest.scala	71
filetype	../sge/sge/src/test/scalajvm/sge/files/DesktopFileHandleTest.scala	75
assertion-mismatch	../sge/sge/src/test/scalajvm/sge/files/DesktopFileHandleTest.scala	76
filetype	../sge/sge/src/test/scalajvm/sge/files/DesktopFileHandleTest.scala	80
assertion-mismatch	../sge/sge/src/test/scalajvm/sge/files/DesktopFileHandleTest.scala	81
filetype	../sge/sge/src/test/scalajvm/sge/files/DesktopFileHandleTest.scala	85
assertion-mismatch	../sge/sge/src/test/scalajvm/sge/files/DesktopFileHandleTest.scala	86
filetype	../sge/sge/src/test/scalajvm/sge/files/DesktopFileHandleTest.scala	94
assertion-mismatch	../sge/sge/src/test/scalajvm/sge/files/DesktopFileHandleTest.scala	101
assertion-mismatch	../sge/sge/src/test/scalajvm/sge/files/DesktopFileHandleTest.scala	102
assertion-mismatch	../sge/sge/src/test/scalajvm/sge/files/DesktopFileHandleTest.scala	103
filetype	../sge/sge/src/test/scalajvm/sge/files/DesktopFileHandleTest.scala	108
assertion-mismatch	../sge/sge/src/test/scalajvm/sge/files/DesktopFileHandleTest.scala	110
other	../sge/sge/src/test/scalajvm/sge/files/DesktopFilesTest.scala	13
assertion-mismatch	../sge/sge/src/test/scalajvm/sge/files/DesktopFilesTest.scala	18
assertion-mismatch	../sge/sge/src/test/scalajvm/sge/files/DesktopFilesTest.scala	26
filetype	../sge/sge/src/test/scalajvm/sge/files/DesktopFilesTest.scala	41
filetype	../sge/sge/src/test/scalajvm/sge/files/DesktopFilesTest.scala	47
filetype	../sge/sge/src/test/scalajvm/sge/files/DesktopFilesTest.scala	52
filetype	../sge/sge/src/test/scalajvm/sge/files/DesktopFilesTest.scala	57
filetype	../sge/sge/src/test/scalajvm/sge/files/DesktopFilesTest.scala	62
filetype	../sge/sge/src/test/scalajvm/sge/files/DesktopFilesTest.scala	67
type-shape	../sge/sge/src/test/scalajvm/sge/files/DesktopPreferencesTest.scala	103
filetype	../sge/sge/src/test/scalajvm/sge/files/DesktopPreferencesTest.scala	126
android	../sge/sge/src/test/scalajvm/sge/graphics/AndroidGL20AdapterTest.scala	10
android	../sge/sge/src/test/scalajvm/sge/graphics/AndroidGL20AdapterTest.scala	192
android	../sge/sge/src/test/scalajvm/sge/graphics/AndroidGL20AdapterTest.scala	200
android	../sge/sge/src/test/scalajvm/sge/graphics/AndroidGL20AdapterTest.scala	208
android	../sge/sge/src/test/scalajvm/sge/graphics/AndroidGL20AdapterTest.scala	216
android	../sge/sge/src/test/scalajvm/sge/graphics/AndroidGL20AdapterTest.scala	224
android	../sge/sge/src/test/scalajvm/sge/graphics/AndroidGL20AdapterTest.scala	232
android	../sge/sge/src/test/scalajvm/sge/graphics/AndroidGL20AdapterTest.scala	241
android	../sge/sge/src/test/scalajvm/sge/graphics/AndroidGL20AdapterTest.scala	249
android	../sge/sge/src/test/scalajvm/sge/graphics/AndroidGL20AdapterTest.scala	257
android	../sge/sge/src/test/scalajvm/sge/graphics/AndroidGL20AdapterTest.scala	258
android	../sge/sge/src/test/scalajvm/sge/graphics/AndroidGL20AdapterTest.scala	259
android	../sge/sge/src/test/scalajvm/sge/graphics/AndroidGL20AdapterTest.scala	260
net	../sge/sge/src/test/scalajvm/sge/graphics/DownloadPixmapRedSuite.scala	55
net	../sge/sge/src/test/scalajvm/sge/graphics/DownloadPixmapRedSuite.scala	63
net	../sge/sge/src/test/scalajvm/sge/graphics/DownloadPixmapRedSuite.scala	103
net	../sge/sge/src/test/scalajvm/sge/graphics/DownloadPixmapRedSuite.scala	143
net	../sge/sge/src/test/scalajvm/sge/graphics/DownloadPixmapRedSuite.scala	144
opaque-time-pixels	../sge/sge/src/test/scalajvm/sge/graphics/DownloadPixmapRedSuite.scala	210
opaque-time-pixels	../sge/sge/src/test/scalajvm/sge/graphics/DownloadPixmapRedSuite.scala	211
member-shape	../sge/sge/src/test/scalajvm/sge/graphics/GL20OpaqueTypeCoverageTest.scala	22
android	../sge/sge/src/test/scalajvm/sge/graphics/GL20OpaqueTypeCoverageTest.scala	210
android	../sge/sge/src/test/scalajvm/sge/graphics/GL20OpaqueTypeCoverageTest.scala	218
android	../sge/sge/src/test/scalajvm/sge/graphics/GL20OpaqueTypeCoverageTest.scala	226
android	../sge/sge/src/test/scalajvm/sge/graphics/GL20OpaqueTypeCoverageTest.scala	237
android	../sge/sge/src/test/scalajvm/sge/graphics/GL20OpaqueTypeCoverageTest.scala	245
android	../sge/sge/src/test/scalajvm/sge/graphics/GL20OpaqueTypeCoverageTest.scala	253
android	../sge/sge/src/test/scalajvm/sge/graphics/GL20OpaqueTypeCoverageTest.scala	261
android	../sge/sge/src/test/scalajvm/sge/graphics/GL20OpaqueTypeCoverageTest.scala	280
android	../sge/sge/src/test/scalajvm/sge/graphics/GL20OpaqueTypeCoverageTest.scala	288
android	../sge/sge/src/test/scalajvm/sge/graphics/GL20OpaqueTypeCoverageTest.scala	296
android	../sge/sge/src/test/scalajvm/sge/graphics/GL20OpaqueTypeCoverageTest.scala	309
android	../sge/sge/src/test/scalajvm/sge/graphics/GL20OpaqueTypeCoverageTest.scala	317
android	../sge/sge/src/test/scalajvm/sge/graphics/GL20OpaqueTypeCoverageTest.scala	326
android	../sge/sge/src/test/scalajvm/sge/graphics/GL20OpaqueTypeCoverageTest.scala	337
android	../sge/sge/src/test/scalajvm/sge/graphics/GL20OpaqueTypeCoverageTest.scala	346
android	../sge/sge/src/test/scalajvm/sge/graphics/GL20OpaqueTypeCoverageTest.scala	354
android	../sge/sge/src/test/scalajvm/sge/graphics/GL20OpaqueTypeCoverageTest.scala	363
android	../sge/sge/src/test/scalajvm/sge/graphics/GL20OpaqueTypeCoverageTest.scala	371
android	../sge/sge/src/test/scalajvm/sge/graphics/GL20OpaqueTypeCoverageTest.scala	390
android	../sge/sge/src/test/scalajvm/sge/graphics/GL20OpaqueTypeCoverageTest.scala	399
android	../sge/sge/src/test/scalajvm/sge/graphics/GL20OpaqueTypeCoverageTest.scala	408
android	../sge/sge/src/test/scalajvm/sge/graphics/GL20OpaqueTypeCoverageTest.scala	417
android	../sge/sge/src/test/scalajvm/sge/graphics/GL20OpaqueTypeCoverageTest.scala	431
android	../sge/sge/src/test/scalajvm/sge/graphics/GL20OpaqueTypeCoverageTest.scala	449
android	../sge/sge/src/test/scalajvm/sge/graphics/GL20OpaqueTypeCoverageTest.scala	458
android	../sge/sge/src/test/scalajvm/sge/graphics/GL20OpaqueTypeCoverageTest.scala	468
android	../sge/sge/src/test/scalajvm/sge/graphics/GL20OpaqueTypeCoverageTest.scala	490
android	../sge/sge/src/test/scalajvm/sge/graphics/GL20OpaqueTypeCoverageTest.scala	498
android	../sge/sge/src/test/scalajvm/sge/graphics/GL20OpaqueTypeCoverageTest.scala	505
android	../sge/sge/src/test/scalajvm/sge/graphics/GL20OpaqueTypeCoverageTest.scala	513
android	../sge/sge/src/test/scalajvm/sge/graphics/GL20OpaqueTypeCoverageTest.scala	520
android	../sge/sge/src/test/scalajvm/sge/graphics/GL20OpaqueTypeCoverageTest.scala	528
android	../sge/sge/src/test/scalajvm/sge/graphics/GL20OpaqueTypeCoverageTest.scala	541
android	../sge/sge/src/test/scalajvm/sge/graphics/GL20OpaqueTypeCoverageTest.scala	549
android	../sge/sge/src/test/scalajvm/sge/graphics/GL20OpaqueTypeCoverageTest.scala	558
android	../sge/sge/src/test/scalajvm/sge/graphics/GL20OpaqueTypeCoverageTest.scala	581
android	../sge/sge/src/test/scalajvm/sge/graphics/GL20OpaqueTypeCoverageTest.scala	590
android	../sge/sge/src/test/scalajvm/sge/graphics/GL20OpaqueTypeCoverageTest.scala	599
android	../sge/sge/src/test/scalajvm/sge/graphics/GL20OpaqueTypeCoverageTest.scala	621
android	../sge/sge/src/test/scalajvm/sge/graphics/GL20OpaqueTypeCoverageTest.scala	629
android	../sge/sge/src/test/scalajvm/sge/graphics/GL20OpaqueTypeCoverageTest.scala	636
android	../sge/sge/src/test/scalajvm/sge/graphics/GL20OpaqueTypeCoverageTest.scala	648
member-shape	../sge/sge/src/test/scalajvm/sge/graphics/GL30OpaqueTypeCoverageTest.scala	18
android	../sge/sge/src/test/scalajvm/sge/graphics/GL30OpaqueTypeCoverageTest.scala	414
android	../sge/sge/src/test/scalajvm/sge/graphics/GL30OpaqueTypeCoverageTest.scala	426
android	../sge/sge/src/test/scalajvm/sge/graphics/GL30OpaqueTypeCoverageTest.scala	438
android	../sge/sge/src/test/scalajvm/sge/graphics/GL30OpaqueTypeCoverageTest.scala	450
android	../sge/sge/src/test/scalajvm/sge/graphics/GL30OpaqueTypeCoverageTest.scala	462
android	../sge/sge/src/test/scalajvm/sge/graphics/GL30OpaqueTypeCoverageTest.scala	474
android	../sge/sge/src/test/scalajvm/sge/graphics/GL30OpaqueTypeCoverageTest.scala	486
android	../sge/sge/src/test/scalajvm/sge/graphics/GL30OpaqueTypeCoverageTest.scala	498
android	../sge/sge/src/test/scalajvm/sge/graphics/GL30OpaqueTypeCoverageTest.scala	510
android	../sge/sge/src/test/scalajvm/sge/graphics/GL30OpaqueTypeCoverageTest.scala	522
android	../sge/sge/src/test/scalajvm/sge/graphics/GL30OpaqueTypeCoverageTest.scala	534
android	../sge/sge/src/test/scalajvm/sge/graphics/GL30OpaqueTypeCoverageTest.scala	546
android	../sge/sge/src/test/scalajvm/sge/graphics/GL30OpaqueTypeCoverageTest.scala	558
android	../sge/sge/src/test/scalajvm/sge/graphics/GL30OpaqueTypeCoverageTest.scala	570
android	../sge/sge/src/test/scalajvm/sge/graphics/GL30OpaqueTypeCoverageTest.scala	582
android	../sge/sge/src/test/scalajvm/sge/graphics/GL30OpaqueTypeCoverageTest.scala	594
android	../sge/sge/src/test/scalajvm/sge/graphics/GL30OpaqueTypeCoverageTest.scala	606
android	../sge/sge/src/test/scalajvm/sge/graphics/GL30OpaqueTypeCoverageTest.scala	618
android	../sge/sge/src/test/scalajvm/sge/graphics/GL30OpaqueTypeCoverageTest.scala	630
android	../sge/sge/src/test/scalajvm/sge/graphics/GL30OpaqueTypeCoverageTest.scala	642
android	../sge/sge/src/test/scalajvm/sge/graphics/GL30OpaqueTypeCoverageTest.scala	654
android	../sge/sge/src/test/scalajvm/sge/graphics/GL30OpaqueTypeCoverageTest.scala	667
type-shape	../sge/sge/src/test/scalajvm/sge/graphics/MeshISS561Suite.scala	151
opaque-time-pixels	../sge/sge/src/test/scalajvm/sge/graphics/PixmapIOPngRedSuite.scala	62
opaque-time-pixels	../sge/sge/src/test/scalajvm/sge/graphics/PixmapIOPngRedSuite.scala	62
opaque-time-pixels	../sge/sge/src/test/scalajvm/sge/graphics/PixmapIOPngRedSuite.scala	206
opaque-time-pixels	../sge/sge/src/test/scalajvm/sge/graphics/PixmapIOPngRedSuite.scala	207
opaque-time-pixels	../sge/sge/src/test/scalajvm/sge/graphics/PixmapIOPngRedSuite.scala	208
opaque-time-pixels	../sge/sge/src/test/scalajvm/sge/graphics/PixmapIOPngRedSuite.scala	208
opaque-time-pixels	../sge/sge/src/test/scalajvm/sge/graphics/PixmapIOPngRedSuite.scala	209
opaque-time-pixels	../sge/sge/src/test/scalajvm/sge/graphics/PixmapIOPngRedSuite.scala	209
opaque-time-pixels	../sge/sge/src/test/scalajvm/sge/graphics/PixmapIOPngRedSuite.scala	210
opaque-time-pixels	../sge/sge/src/test/scalajvm/sge/graphics/PixmapIOPngRedSuite.scala	210
opaque-time-pixels	../sge/sge/src/test/scalajvm/sge/graphics/PixmapIOPngRedSuite.scala	211
opaque-time-pixels	../sge/sge/src/test/scalajvm/sge/graphics/PixmapIOPngRedSuite.scala	211
member-shape	../sge/sge/src/test/scalajvm/sge/graphics/g2d/AlignApiBoundaryIss770RedSuite.scala	57
member-shape	../sge/sge/src/test/scalajvm/sge/graphics/g2d/BitmapFontCacheDefaultAlignRedSuite.scala	62
member-shape	../sge/sge/src/test/scalajvm/sge/graphics/g2d/BitmapFontCacheRedSuite.scala	51
member-shape	../sge/sge/src/test/scalajvm/sge/graphics/g2d/BitmapFontCacheRedSuite.scala	59
member-shape	../sge/sge/src/test/scalajvm/sge/graphics/g2d/BitmapFontCacheRedSuite.scala	102
filetype	../sge/sge/src/test/scalajvm/sge/graphics/g2d/BitmapFontPagesIss732Suite.scala	43
filetype	../sge/sge/src/test/scalajvm/sge/graphics/g2d/BitmapFontPagesIss732Suite.scala	50
filetype	../sge/sge/src/test/scalajvm/sge/graphics/g2d/BitmapFontPagesIss732Suite.scala	60
filetype	../sge/sge/src/test/scalajvm/sge/graphics/g2d/BitmapFontPagesIss732Suite.scala	83
filetype	../sge/sge/src/test/scalajvm/sge/graphics/g2d/BitmapFontPagesIss732Suite.scala	83
nullable	../sge/sge/src/test/scalajvm/sge/graphics/g2d/BitmapFontPagesIss732Suite.scala	109
filetype	../sge/sge/src/test/scalajvm/sge/graphics/g2d/BitmapFontPagesIss732Suite.scala	150
filetype	../sge/sge/src/test/scalajvm/sge/graphics/g2d/BitmapFontRegionsAndGlyphMetricIss734RedSuite.scala	85
member-shape	../sge/sge/src/test/scalajvm/sge/graphics/g2d/BitmapFontRegionsAndGlyphMetricIss734RedSuite.scala	103
opaque-time-pixels	../sge/sge/src/test/scalajvm/sge/graphics/g2d/BitmapFontRegionsAndGlyphMetricIss734RedSuite.scala	134
opaque-time-pixels	../sge/sge/src/test/scalajvm/sge/graphics/g2d/BitmapFontRegionsAndGlyphMetricIss734RedSuite.scala	134
opaque-time-pixels	../sge/sge/src/test/scalajvm/sge/graphics/g2d/BitmapFontRegionsAndGlyphMetricIss734RedSuite.scala	134
member-shape	../sge/sge/src/test/scalajvm/sge/graphics/g2d/BitmapFontRegionsAndGlyphMetricIss734RedSuite.scala	148
opaque-time-pixels	../sge/sge/src/test/scalajvm/sge/graphics/g2d/Gdx2dBlitRedSuite.scala	75
opaque-time-pixels	../sge/sge/src/test/scalajvm/sge/graphics/g2d/Gdx2dBlitRedSuite.scala	75
opaque-time-pixels	../sge/sge/src/test/scalajvm/sge/graphics/g2d/Gdx2dBlitRedSuite.scala	76
opaque-time-pixels	../sge/sge/src/test/scalajvm/sge/graphics/g2d/Gdx2dBlitRedSuite.scala	76
opaque-time-pixels	../sge/sge/src/test/scalajvm/sge/graphics/g2d/Gdx2dBlitRedSuite.scala	84
opaque-time-pixels	../sge/sge/src/test/scalajvm/sge/graphics/g2d/Gdx2dBlitRedSuite.scala	84
opaque-time-pixels	../sge/sge/src/test/scalajvm/sge/graphics/g2d/Gdx2dBlitRedSuite.scala	84
opaque-time-pixels	../sge/sge/src/test/scalajvm/sge/graphics/g2d/Gdx2dBlitRedSuite.scala	84
opaque-time-pixels	../sge/sge/src/test/scalajvm/sge/graphics/g2d/Gdx2dBlitRedSuite.scala	84
opaque-time-pixels	../sge/sge/src/test/scalajvm/sge/graphics/g2d/Gdx2dBlitRedSuite.scala	84
opaque-time-pixels	../sge/sge/src/test/scalajvm/sge/graphics/g2d/Gdx2dBlitRedSuite.scala	84
opaque-time-pixels	../sge/sge/src/test/scalajvm/sge/graphics/g2d/Gdx2dBlitRedSuite.scala	84
opaque-time-pixels	../sge/sge/src/test/scalajvm/sge/graphics/g2d/Gdx2dBlitRedSuite.scala	96
opaque-time-pixels	../sge/sge/src/test/scalajvm/sge/graphics/g2d/Gdx2dBlitRedSuite.scala	96
opaque-time-pixels	../sge/sge/src/test/scalajvm/sge/graphics/g2d/Gdx2dBlitRedSuite.scala	111
opaque-time-pixels	../sge/sge/src/test/scalajvm/sge/graphics/g2d/Gdx2dBlitRedSuite.scala	111
opaque-time-pixels	../sge/sge/src/test/scalajvm/sge/graphics/g2d/Gdx2dBlitRedSuite.scala	125
opaque-time-pixels	../sge/sge/src/test/scalajvm/sge/graphics/g2d/Gdx2dBlitRedSuite.scala	125
opaque-time-pixels	../sge/sge/src/test/scalajvm/sge/graphics/g2d/Gdx2dBlitRedSuite.scala	149
opaque-time-pixels	../sge/sge/src/test/scalajvm/sge/graphics/g2d/Gdx2dBlitRedSuite.scala	149
member-shape	../sge/sge/src/test/scalajvm/sge/graphics/g2d/GlyphLayoutAlignRedSuite.scala	63
member-shape	../sge/sge/src/test/scalajvm/sge/graphics/g2d/GlyphLayoutAlignRedSuite.scala	71
other	../sge/sge/src/test/scalajvm/sge/graphics/g2d/GlyphLayoutAlignRedSuite.scala	84
member-shape	../sge/sge/src/test/scalajvm/sge/graphics/g2d/GlyphLayoutConcurrentSetTextRedSuite.scala	71
member-shape	../sge/sge/src/test/scalajvm/sge/graphics/g2d/GlyphLayoutConcurrentSetTextRedSuite.scala	89
member-shape	../sge/sge/src/test/scalajvm/sge/graphics/g2d/GlyphLayoutConcurrentSetTextRedSuite.scala	178
member-shape	../sge/sge/src/test/scalajvm/sge/graphics/g2d/GlyphLayoutRedSuite.scala	46
member-shape	../sge/sge/src/test/scalajvm/sge/graphics/g2d/GlyphLayoutRedSuite.scala	53
member-shape	../sge/sge/src/test/scalajvm/sge/graphics/g2d/GlyphLayoutRedSuite.scala	76
member-shape	../sge/sge/src/test/scalajvm/sge/graphics/g2d/GlyphLayoutRedSuite.scala	79
nullable	../sge/sge/src/test/scalajvm/sge/graphics/g3d/ModelInstanceCopyNodesIss734RedSuite.scala	78
nullable	../sge/sge/src/test/scalajvm/sge/graphics/g3d/ModelInstanceCopyNodesIss734RedSuite.scala	105
member-shape	../sge/sge/src/test/scalajvm/sge/graphics/g3d/decals/DecalSortRebindRedSuite.scala	181
context	../sge/sge/src/test/scalajvm/sge/graphics/g3d/loader/ObjLoaderFanRedSuite.scala	78
nullable	../sge/sge/src/test/scalajvm/sge/graphics/g3d/loader/ObjLoaderFanRedSuite.scala	90
particles	../sge/sge/src/test/scalajvm/sge/graphics/g3d/particles/ParticleEffectIoRedSuite.scala	94
particles	../sge/sge/src/test/scalajvm/sge/graphics/g3d/particles/ParticleEffectIoRedSuite.scala	122
particles	../sge/sge/src/test/scalajvm/sge/graphics/g3d/particles/ParticleEffectIoRedSuite.scala	143
particles	../sge/sge/src/test/scalajvm/sge/graphics/g3d/particles/ParticleEffectIoRedSuite.scala	144
particles	../sge/sge/src/test/scalajvm/sge/graphics/g3d/particles/ParticleEffectIoRedSuite.scala	178
particles	../sge/sge/src/test/scalajvm/sge/graphics/g3d/particles/ParticleEffectIoRedSuite.scala	219
particles	../sge/sge/src/test/scalajvm/sge/graphics/g3d/particles/ParticleEffectIoRedSuite.scala	263
type-shape	../sge/sge/src/test/scalajvm/sge/graphics/glutils/FrameBufferISS561Suite.scala	179
member-shape	../sge/sge/src/test/scalajvm/sge/graphics/glutils/FrameBufferISS561Suite.scala	193
tiled	../sge/sge/src/test/scalajvm/sge/maps/tiled/TiledMapFileLoadingSuite.scala	41
tiled	../sge/sge/src/test/scalajvm/sge/maps/tiled/TiledMapFileLoadingSuite.scala	107
tiled	../sge/sge/src/test/scalajvm/sge/maps/tiled/TiledMapFileLoadingSuite.scala	116
tiled	../sge/sge/src/test/scalajvm/sge/maps/tiled/TiledMapFileLoadingSuite.scala	166
tiled	../sge/sge/src/test/scalajvm/sge/maps/tiled/TiledMapFileLoadingSuite.scala	167
tiled	../sge/sge/src/test/scalajvm/sge/maps/tiled/TiledMapFileLoadingSuite.scala	168
tiled	../sge/sge/src/test/scalajvm/sge/maps/tiled/TiledMapFileLoadingSuite.scala	169
tiled	../sge/sge/src/test/scalajvm/sge/maps/tiled/TiledMapFileLoadingSuite.scala	170
tiled	../sge/sge/src/test/scalajvm/sge/maps/tiled/TiledMapFileLoadingSuite.scala	173
tiled	../sge/sge/src/test/scalajvm/sge/maps/tiled/TiledMapFileLoadingSuite.scala	174
tiled	../sge/sge/src/test/scalajvm/sge/maps/tiled/TiledMapFileLoadingSuite.scala	181
tiled	../sge/sge/src/test/scalajvm/sge/maps/tiled/TiledMapFileLoadingSuite.scala	184
tiled	../sge/sge/src/test/scalajvm/sge/maps/tiled/TiledMapFileLoadingSuite.scala	228
tiled	../sge/sge/src/test/scalajvm/sge/maps/tiled/TiledMapFileLoadingSuite.scala	229
tiled	../sge/sge/src/test/scalajvm/sge/maps/tiled/TiledMapFileLoadingSuite.scala	230
tiled	../sge/sge/src/test/scalajvm/sge/maps/tiled/TiledMapFileLoadingSuite.scala	231
tiled	../sge/sge/src/test/scalajvm/sge/maps/tiled/TiledMapFileLoadingSuite.scala	232
tiled	../sge/sge/src/test/scalajvm/sge/maps/tiled/TiledMapFileLoadingSuite.scala	235
tiled	../sge/sge/src/test/scalajvm/sge/maps/tiled/TiledMapFileLoadingSuite.scala	236
tiled	../sge/sge/src/test/scalajvm/sge/maps/tiled/TiledMapFileLoadingSuite.scala	243
tiled	../sge/sge/src/test/scalajvm/sge/maps/tiled/TiledMapFileLoadingSuite.scala	246
member-shape	../sge/sge/src/test/scalajvm/sge/math/collision/BoundingBoxIntersectsIss734RedSuite.scala	48
member-shape	../sge/sge/src/test/scalajvm/sge/math/collision/BoundingBoxIntersectsIss734RedSuite.scala	57
net	../sge/sge/src/test/scalajvm/sge/net/HttpBinaryBodyRedSuite.scala	53
net	../sge/sge/src/test/scalajvm/sge/net/HttpBinaryBodyRedSuite.scala	81
net	../sge/sge/src/test/scalajvm/sge/net/HttpBinaryBodyRedSuite.scala	90
net	../sge/sge/src/test/scalajvm/sge/net/HttpBinaryBodyRedSuite.scala	90
net	../sge/sge/src/test/scalajvm/sge/net/NetJavaSocketTest.scala	22
net	../sge/sge/src/test/scalajvm/sge/net/NetJavaSocketTest.scala	31
net	../sge/sge/src/test/scalajvm/sge/net/NetJavaSocketTest.scala	92
net	../sge/sge/src/test/scalajvm/sge/net/SgeHttpClientDoubleFreeRedSuite.scala	25
net	../sge/sge/src/test/scalajvm/sge/net/SgeHttpClientDoubleFreeRedSuite.scala	25
net	../sge/sge/src/test/scalajvm/sge/net/SgeHttpClientDoubleFreeRedSuite.scala	26
net	../sge/sge/src/test/scalajvm/sge/net/SgeHttpClientDoubleFreeRedSuite.scala	26
net	../sge/sge/src/test/scalajvm/sge/net/SgeHttpClientDoubleFreeRedSuite.scala	27
net	../sge/sge/src/test/scalajvm/sge/net/SgeHttpClientDoubleFreeRedSuite.scala	27
net	../sge/sge/src/test/scalajvm/sge/net/SgeHttpClientDoubleFreeRedSuite.scala	28
net	../sge/sge/src/test/scalajvm/sge/net/SgeHttpClientDoubleFreeRedSuite.scala	32
net	../sge/sge/src/test/scalajvm/sge/net/SgeHttpClientDoubleFreeRedSuite.scala	33
net	../sge/sge/src/test/scalajvm/sge/net/SgeHttpClientDoubleFreeRedSuite.scala	33
net	../sge/sge/src/test/scalajvm/sge/net/SgeHttpClientDoubleFreeRedSuite.scala	35
net	../sge/sge/src/test/scalajvm/sge/net/SgeHttpClientDoubleFreeRedSuite.scala	35
net	../sge/sge/src/test/scalajvm/sge/net/SgeHttpClientDoubleFreeRedSuite.scala	36
net	../sge/sge/src/test/scalajvm/sge/net/SgeHttpClientDoubleFreeRedSuite.scala	60
net	../sge/sge/src/test/scalajvm/sge/net/SgeHttpClientDoubleFreeRedSuite.scala	60
net	../sge/sge/src/test/scalajvm/sge/net/SgeHttpClientDoubleFreeRedSuite.scala	83
net	../sge/sge/src/test/scalajvm/sge/net/SgeHttpClientDoubleFreeRedSuite.scala	83
net	../sge/sge/src/test/scalajvm/sge/net/SgeHttpClientDoubleFreeRedSuite.scala	85
net	../sge/sge/src/test/scalajvm/sge/net/SgeHttpClientDoubleFreeRedSuite.scala	165
net	../sge/sge/src/test/scalajvm/sge/net/SgeHttpClientTest.scala	15
net	../sge/sge/src/test/scalajvm/sge/net/SgeHttpClientTest.scala	15
net	../sge/sge/src/test/scalajvm/sge/net/SgeHttpClientTest.scala	16
net	../sge/sge/src/test/scalajvm/sge/net/SgeHttpClientTest.scala	16
net	../sge/sge/src/test/scalajvm/sge/net/SgeHttpClientTest.scala	17
net	../sge/sge/src/test/scalajvm/sge/net/SgeHttpClientTest.scala	17
net	../sge/sge/src/test/scalajvm/sge/net/SgeHttpClientTest.scala	18
net	../sge/sge/src/test/scalajvm/sge/net/SgeHttpClientTest.scala	22
net	../sge/sge/src/test/scalajvm/sge/net/SgeHttpClientTest.scala	23
net	../sge/sge/src/test/scalajvm/sge/net/SgeHttpClientTest.scala	24
net	../sge/sge/src/test/scalajvm/sge/net/SgeHttpClientTest.scala	27
net	../sge/sge/src/test/scalajvm/sge/net/SgeHttpClientTest.scala	27
net	../sge/sge/src/test/scalajvm/sge/net/SgeHttpClientTest.scala	29
net	../sge/sge/src/test/scalajvm/sge/net/SgeHttpClientTest.scala	38
net	../sge/sge/src/test/scalajvm/sge/net/SgeHttpClientTest.scala	38
net	../sge/sge/src/test/scalajvm/sge/net/SgeHttpClientTest.scala	42
net	../sge/sge/src/test/scalajvm/sge/net/SgeHttpClientTest.scala	44
net	../sge/sge/src/test/scalajvm/sge/net/SgeHttpClientTest.scala	51
net	../sge/sge/src/test/scalajvm/sge/net/SgeHttpClientTest.scala	82
net	../sge/sge/src/test/scalajvm/sge/net/SgeHttpClientTest.scala	107
net	../sge/sge/src/test/scalajvm/sge/net/SgeHttpClientTest.scala	120
net	../sge/sge/src/test/scalajvm/sge/net/SgeHttpClientTest.scala	131
net	../sge/sge/src/test/scalajvm/sge/net/SgeHttpClientTest.scala	151
android	../sge/sge/src/test/scalajvm/sge/platform/AndroidMouseHandlerTest.scala	9
android	../sge/sge/src/test/scalajvm/sge/platform/AndroidMouseHandlerTest.scala	47
android	../sge/sge/src/test/scalajvm/sge/platform/AndroidMouseHandlerTest.scala	48
android	../sge/sge/src/test/scalajvm/sge/platform/AndroidMouseHandlerTest.scala	49
android	../sge/sge/src/test/scalajvm/sge/platform/AndroidMouseHandlerTest.scala	50
android	../sge/sge/src/test/scalajvm/sge/platform/AndroidMouseHandlerTest.scala	51
android	../sge/sge/src/test/scalajvm/sge/platform/AndroidMouseHandlerTest.scala	52
android	../sge/sge/src/test/scalajvm/sge/platform/AndroidMouseHandlerTest.scala	53
android	../sge/sge/src/test/scalajvm/sge/platform/AndroidMouseHandlerTest.scala	54
android	../sge/sge/src/test/scalajvm/sge/platform/AndroidMouseHandlerTest.scala	55
android	../sge/sge/src/test/scalajvm/sge/platform/AndroidMouseHandlerTest.scala	87
android	../sge/sge/src/test/scalajvm/sge/platform/AndroidMouseHandlerTest.scala	110
android	../sge/sge/src/test/scalajvm/sge/platform/AndroidMouseHandlerTest.scala	148
android	../sge/sge/src/test/scalajvm/sge/platform/AndroidTouchHandlerTest.scala	9
android	../sge/sge/src/test/scalajvm/sge/platform/AndroidTouchHandlerTest.scala	51
android	../sge/sge/src/test/scalajvm/sge/platform/AndroidTouchHandlerTest.scala	52
android	../sge/sge/src/test/scalajvm/sge/platform/AndroidTouchHandlerTest.scala	53
android	../sge/sge/src/test/scalajvm/sge/platform/AndroidTouchHandlerTest.scala	54
android	../sge/sge/src/test/scalajvm/sge/platform/AndroidTouchHandlerTest.scala	55
android	../sge/sge/src/test/scalajvm/sge/platform/AndroidTouchHandlerTest.scala	56
android	../sge/sge/src/test/scalajvm/sge/platform/AndroidTouchHandlerTest.scala	57
android	../sge/sge/src/test/scalajvm/sge/platform/AndroidTouchHandlerTest.scala	58
android	../sge/sge/src/test/scalajvm/sge/platform/AndroidTouchHandlerTest.scala	59
android	../sge/sge/src/test/scalajvm/sge/platform/AndroidTouchHandlerTest.scala	112
android	../sge/sge/src/test/scalajvm/sge/platform/DefaultAndroidInputStateTest.scala	14
android	../sge/sge/src/test/scalajvm/sge/platform/DefaultAndroidInputStateTest.scala	16
android	../sge/sge/src/test/scalajvm/sge/platform/DefaultAndroidInputStateTest.scala	18
android	../sge/sge/src/test/scalajvm/sge/platform/DefaultAndroidInputStateTest.scala	19
android	../sge/sge/src/test/scalajvm/sge/platform/DefaultAndroidInputStateTest.scala	20
android	../sge/sge/src/test/scalajvm/sge/platform/DefaultAndroidInputStateTest.scala	21
android	../sge/sge/src/test/scalajvm/sge/platform/DefaultAndroidInputStateTest.scala	27
android	../sge/sge/src/test/scalajvm/sge/platform/DefaultAndroidInputStateTest.scala	36
android	../sge/sge/src/test/scalajvm/sge/platform/DefaultAndroidInputStateTest.scala	37
android	../sge/sge/src/test/scalajvm/sge/platform/DefaultAndroidInputStateTest.scala	38
android	../sge/sge/src/test/scalajvm/sge/platform/DefaultAndroidInputStateTest.scala	39
android	../sge/sge/src/test/scalajvm/sge/platform/DefaultAndroidInputStateTest.scala	40
android	../sge/sge/src/test/scalajvm/sge/platform/DefaultAndroidInputStateTest.scala	41
android	../sge/sge/src/test/scalajvm/sge/platform/DefaultAndroidInputStateTest.scala	42
android	../sge/sge/src/test/scalajvm/sge/platform/DefaultAndroidInputStateTest.scala	46
android	../sge/sge/src/test/scalajvm/sge/platform/DefaultAndroidInputStateTest.scala	47
android	../sge/sge/src/test/scalajvm/sge/platform/DefaultAndroidInputStateTest.scala	48
android	../sge/sge/src/test/scalajvm/sge/platform/DefaultAndroidInputStateTest.scala	49
android	../sge/sge/src/test/scalajvm/sge/platform/DefaultAndroidInputStateTest.scala	50
android	../sge/sge/src/test/scalajvm/sge/platform/DefaultAndroidInputStateTest.scala	52
android	../sge/sge/src/test/scalajvm/sge/platform/DefaultAndroidInputStateTest.scala	56
android	../sge/sge/src/test/scalajvm/sge/platform/DefaultAndroidInputStateTest.scala	65
android	../sge/sge/src/test/scalajvm/sge/platform/DefaultAndroidInputStateTest.scala	76
android	../sge/sge/src/test/scalajvm/sge/platform/DefaultAndroidInputStateTest.scala	78
android	../sge/sge/src/test/scalajvm/sge/platform/DefaultAndroidInputStateTest.scala	79
android	../sge/sge/src/test/scalajvm/sge/platform/DefaultAndroidInputStateTest.scala	83
android	../sge/sge/src/test/scalajvm/sge/platform/DefaultAndroidInputStateTest.scala	94
android	../sge/sge/src/test/scalajvm/sge/platform/DefaultAndroidInputStateTest.scala	95
android	../sge/sge/src/test/scalajvm/sge/platform/DefaultAndroidInputStateTest.scala	98
android	../sge/sge/src/test/scalajvm/sge/platform/DefaultAndroidInputStateTest.scala	99
android	../sge/sge/src/test/scalajvm/sge/platform/DefaultAndroidInputStateTest.scala	103
android	../sge/sge/src/test/scalajvm/sge/platform/DefaultAndroidInputStateTest.scala	105
android	../sge/sge/src/test/scalajvm/sge/platform/DefaultAndroidInputStateTest.scala	109
android	../sge/sge/src/test/scalajvm/sge/platform/DefaultAndroidInputStateTest.scala	115
android	../sge/sge/src/test/scalajvm/sge/platform/DefaultAndroidInputStateTest.scala	123
android	../sge/sge/src/test/scalajvm/sge/platform/DefaultAndroidInputStateTest.scala	129
android	../sge/sge/src/test/scalajvm/sge/platform/DefaultAndroidInputStateTest.scala	147
android	../sge/sge/src/test/scalajvm/sge/platform/DefaultAndroidInputStateTest.scala	162
android	../sge/sge/src/test/scalajvm/sge/platform/DefaultAndroidInputStateTest.scala	174
android	../sge/sge/src/test/scalajvm/sge/platform/DefaultAndroidInputStateTest.scala	175
android	../sge/sge/src/test/scalajvm/sge/platform/DefaultAndroidInputStateTest.scala	176
android	../sge/sge/src/test/scalajvm/sge/platform/DefaultAndroidInputStateTest.scala	177
android	../sge/sge/src/test/scalajvm/sge/platform/DefaultAndroidInputStateTest.scala	178
android	../sge/sge/src/test/scalajvm/sge/platform/DefaultAndroidInputStateTest.scala	179
android	../sge/sge/src/test/scalajvm/sge/platform/DefaultAndroidInputStateTest.scala	185
member-shape	../sge/sge/src/test/scalajvm/sge/scenes/scene2d/StageDrawDebugIss704Suite.scala	134
member-shape	../sge/sge/src/test/scalajvm/sge/scenes/scene2d/StageDrawDebugIss704Suite.scala	138
member-shape	../sge/sge/src/test/scalajvm/sge/scenes/scene2d/StageDrawDebugIss704Suite.scala	147
member-shape	../sge/sge/src/test/scalajvm/sge/scenes/scene2d/StageDrawDebugIss704Suite.scala	162
member-shape	../sge/sge/src/test/scalajvm/sge/scenes/scene2d/StageDrawDebugIss704Suite.scala	169
member-shape	../sge/sge/src/test/scalajvm/sge/scenes/scene2d/StageDrawDebugIss704Suite.scala	191
member-shape	../sge/sge/src/test/scalajvm/sge/scenes/scene2d/StageDrawDebugIss704Suite.scala	195
member-shape	../sge/sge/src/test/scalajvm/sge/scenes/scene2d/StageDrawDebugIss704Suite.scala	210
member-shape	../sge/sge/src/test/scalajvm/sge/scenes/scene2d/ui/LabelFontScaleRedSuite.scala	38
member-shape	../sge/sge/src/test/scalajvm/sge/scenes/scene2d/ui/LabelFontScaleRedSuite.scala	66
member-shape	../sge/sge/src/test/scalajvm/sge/scenes/scene2d/ui/LabelFontScaleRedSuite.scala	104
member-shape	../sge/sge/src/test/scalajvm/sge/scenes/scene2d/ui/LabelFontScaleRedSuite.scala	126
member-shape	../sge/sge/src/test/scalajvm/sge/scenes/scene2d/ui/LabelFontScaleRedSuite.scala	129
filetype	../sge/sge/src/test/scalajvm/sge/scenes/scene2d/ui/SkinJsonStyleLoadingRedTest.scala	51
filetype	../sge/sge/src/test/scalajvm/sge/scenes/scene2d/ui/SkinJsonStyleLoadingRedTest.scala	68
filetype	../sge/sge/src/test/scalajvm/sge/scenes/scene2d/ui/SkinJsonStyleLoadingRedTest.scala	68
logging	../sge/sge/src/test/scalajvm/sge/utils/LoggerBehavioralIss741Suite.scala	40
logging	../sge/sge/src/test/scalajvm/sge/utils/LoggerBehavioralIss741Suite.scala	41
logging	../sge/sge/src/test/scalajvm/sge/utils/LoggerBehavioralIss741Suite.scala	42
logging	../sge/sge/src/test/scalajvm/sge/utils/LoggerBehavioralIss741Suite.scala	43
logging	../sge/sge/src/test/scalajvm/sge/utils/LoggerBehavioralIss741Suite.scala	43
logging	../sge/sge/src/test/scalajvm/sge/utils/LoggerBehavioralIss741Suite.scala	43
logging	../sge/sge/src/test/scalajvm/sge/utils/LoggerBehavioralIss741Suite.scala	48
context	../sge/sge/src/test/scalajvm/sge/utils/LoggerBehavioralIss741Suite.scala	50
logging	../sge/sge/src/test/scalajvm/sge/utils/LoggerBehavioralIss741Suite.scala	54
logging	../sge/sge/src/test/scalajvm/sge/utils/LoggerBehavioralIss741Suite.scala	88
opaque-key-button	../sge/sge/src/test/scalajvm/sge/utils/MkArrayOpaqueTest.scala	11
opaque-key-button	../sge/sge/src/test/scalajvm/sge/utils/MkArrayOpaqueTest.scala	11
member-shape	../sge/sge/src/test/scalajvm/sge/utils/MkArrayOpaqueTest.scala	12
member-shape	../sge/sge/src/test/scalajvm/sge/utils/MkArrayOpaqueTest.scala	16
member-shape	../sge/sge/src/test/scalajvm/sge/utils/MkArrayOpaqueTest.scala	24
member-shape	../sge/sge/src/test/scalajvm/sge/utils/MkArrayOpaqueTest.scala	27
member-shape	../sge/sge/src/test/scalajvm/sge/utils/MkArrayOpaqueTest.scala	28
member-shape	../sge/sge/src/test/scalajvm/sge/utils/MkArrayOpaqueTest.scala	29
member-shape	../sge/sge/src/test/scalajvm/sge/utils/MkArrayOpaqueTest.scala	32
member-shape	../sge/sge/src/test/scalajvm/sge/utils/MkArrayOpaqueTest.scala	35
member-shape	../sge/sge/src/test/scalajvm/sge/utils/MkArrayOpaqueTest.scala	35
member-shape	../sge/sge/src/test/scalajvm/sge/utils/MkArrayOpaqueTest.scala	35
opaque-key-button	../sge/sge/src/test/scalajvm/sge/utils/MkArrayOpaqueTest.scala	53
opaque-key-button	../sge/sge/src/test/scalajvm/sge/utils/MkArrayOpaqueTest.scala	54
member-shape	../sge/sge/src/test/scalajvm/sge/utils/MkArrayOpaqueTest.scala	56
member-shape	../sge/sge/src/test/scalajvm/sge/utils/MkArrayOpaqueTest.scala	58
member-shape	../sge/sge/src/test/scalajvm/sge/utils/MkArrayOpaqueTest.scala	59
member-shape	../sge/sge/src/test/scalajvm/sge/utils/MkArrayOpaqueTest.scala	60
member-shape	../sge/sge/src/test/scalajvm/sge/utils/MkArrayOpaqueTest.scala	61
member-shape	../sge/sge/src/test/scalajvm/sge/utils/MkArrayOpaqueTest.scala	62
member-shape	../sge/sge/src/test/scalajvm/sge/utils/MkArrayOpaqueTest.scala	63
member-shape	../sge/sge/src/test/scalajvm/sge/utils/MkArrayOpaqueTest.scala	81
member-shape	../sge/sge/src/test/scalajvm/sge/utils/MkArrayOpaqueTest.scala	82
member-shape	../sge/sge/src/test/scalajvm/sge/utils/MkArrayOpaqueTest.scala	83
member-shape	../sge/sge/src/test/scalajvm/sge/utils/MkArrayOpaqueTest.scala	87
opaque-key-button	../sge/sge/src/test/scalajvm/sge/utils/MkArrayOpaqueTest.scala	98
type-shape	../sge/sge/src/test/scalajvm/sge/utils/PoolManagerConcurrencyIss803Suite.scala	42
other	../sge/sge/src/test/scalajvm/sge/utils/PoolManagerConcurrencyIss803Suite.scala	42
type-shape	../sge/sge/src/test/scalajvm/sge/utils/PoolManagerConcurrencyIss803Suite.scala	43
other	../sge/sge/src/test/scalajvm/sge/utils/PoolManagerConcurrencyIss803Suite.scala	43
type-shape	../sge/sge/src/test/scalajvm/sge/utils/PoolManagerConcurrencyIss803Suite.scala	44
other	../sge/sge/src/test/scalajvm/sge/utils/PoolManagerConcurrencyIss803Suite.scala	44
type-shape	../sge/sge/src/test/scalajvm/sge/utils/PoolManagerConcurrencyIss803Suite.scala	45
other	../sge/sge/src/test/scalajvm/sge/utils/PoolManagerConcurrencyIss803Suite.scala	45
type-shape	../sge/sge/src/test/scalajvm/sge/utils/PoolManagerConcurrencyIss803Suite.scala	46
other	../sge/sge/src/test/scalajvm/sge/utils/PoolManagerConcurrencyIss803Suite.scala	46
type-shape	../sge/sge/src/test/scalajvm/sge/utils/PoolManagerConcurrencyIss803Suite.scala	47
other	../sge/sge/src/test/scalajvm/sge/utils/PoolManagerConcurrencyIss803Suite.scala	47
type-shape	../sge/sge/src/test/scalajvm/sge/utils/PoolManagerConcurrencyIss803Suite.scala	48
other	../sge/sge/src/test/scalajvm/sge/utils/PoolManagerConcurrencyIss803Suite.scala	48
type-shape	../sge/sge/src/test/scalajvm/sge/utils/PoolManagerConcurrencyIss803Suite.scala	49
other	../sge/sge/src/test/scalajvm/sge/utils/PoolManagerConcurrencyIss803Suite.scala	49
type-shape	../sge/sge/src/test/scalajvm/sge/utils/PoolManagerConcurrencyIss803Suite.scala	50
other	../sge/sge/src/test/scalajvm/sge/utils/PoolManagerConcurrencyIss803Suite.scala	50
type-shape	../sge/sge/src/test/scalajvm/sge/utils/PoolManagerConcurrencyIss803Suite.scala	51
other	../sge/sge/src/test/scalajvm/sge/utils/PoolManagerConcurrencyIss803Suite.scala	51
type-shape	../sge/sge/src/test/scalajvm/sge/utils/PoolManagerConcurrencyIss803Suite.scala	52
other	../sge/sge/src/test/scalajvm/sge/utils/PoolManagerConcurrencyIss803Suite.scala	52
type-shape	../sge/sge/src/test/scalajvm/sge/utils/PoolManagerConcurrencyIss803Suite.scala	53
other	../sge/sge/src/test/scalajvm/sge/utils/PoolManagerConcurrencyIss803Suite.scala	53
type-shape	../sge/sge/src/test/scalajvm/sge/utils/PoolManagerConcurrencyIss803Suite.scala	54
other	../sge/sge/src/test/scalajvm/sge/utils/PoolManagerConcurrencyIss803Suite.scala	54
type-shape	../sge/sge/src/test/scalajvm/sge/utils/PoolManagerConcurrencyIss803Suite.scala	55
other	../sge/sge/src/test/scalajvm/sge/utils/PoolManagerConcurrencyIss803Suite.scala	55
type-shape	../sge/sge/src/test/scalajvm/sge/utils/PoolManagerConcurrencyIss803Suite.scala	56
other	../sge/sge/src/test/scalajvm/sge/utils/PoolManagerConcurrencyIss803Suite.scala	56
type-shape	../sge/sge/src/test/scalajvm/sge/utils/PoolManagerConcurrencyIss803Suite.scala	57
other	../sge/sge/src/test/scalajvm/sge/utils/PoolManagerConcurrencyIss803Suite.scala	57
type-shape	../sge/sge/src/test/scalajvm/sge/utils/PoolManagerConcurrencyIss803Suite.scala	58
other	../sge/sge/src/test/scalajvm/sge/utils/PoolManagerConcurrencyIss803Suite.scala	58
type-shape	../sge/sge/src/test/scalajvm/sge/utils/PoolManagerConcurrencyIss803Suite.scala	59
other	../sge/sge/src/test/scalajvm/sge/utils/PoolManagerConcurrencyIss803Suite.scala	59
type-shape	../sge/sge/src/test/scalajvm/sge/utils/PoolManagerConcurrencyIss803Suite.scala	60
other	../sge/sge/src/test/scalajvm/sge/utils/PoolManagerConcurrencyIss803Suite.scala	60
type-shape	../sge/sge/src/test/scalajvm/sge/utils/PoolManagerConcurrencyIss803Suite.scala	61
other	../sge/sge/src/test/scalajvm/sge/utils/PoolManagerConcurrencyIss803Suite.scala	61
member-shape	../sge/sge/src/test/scalajvm/sge/utils/TimerWakeupRedSuite.scala	134
type-shape	../sge/sge/src/test/scalajvm/sge/utils/TimerWakeupRedSuite.scala	147
opaque-time-pixels	../sge/sge/src/test/scalajvm/sge/utils/TimerWakeupRedSuite.scala	171
member-shape	../sge/sge/src/test/scalajvm/sge/utils/TimerWakeupRedSuite.scala	190
member-shape	../sge/sge/src/test/scalajvm/sge/utils/TimerWakeupRedSuite.scala	194
opaque-time-pixels	../sge/sge/src/test/scalajvm/sge/utils/TimerWakeupRedSuite.scala	217
opaque-time-pixels	../sge/sge/src/test/scalajvm/sge/utils/TimerWakeupRedSuite.scala	218
member-shape	../sge/sge/src/test/scalajvm/sge/utils/TimerWakeupRedSuite.scala	228
member-shape	../sge/sge/src/test/scalajvm/sge/utils/XmlReaderTest.scala	29
member-shape	../sge/sge/src/test/scalajvm/sge/utils/XmlReaderTest.scala	64
member-shape	../sge/sge/src/test/scalajvm/sge/utils/XmlReaderTest.scala	72
nullable	../sge/sge/src/test/scalajvm/sge/utils/XmlReaderTest.scala	86
nullable	../sge/sge/src/test/scalajvm/sge/utils/XmlReaderTest.scala	185
member-shape	../sge/sge/src/test/scalajvm/sge/utils/XmlReaderTest.scala	211
nullable	../sge/sge/src/test/scalajvm/sge/utils/XmlReaderTest.scala	217
member-shape	../sge/sge/src/test/scalajvm/sge/utils/XmlReaderTest.scala	221
nullable	../sge/sge/src/test/scalajvm/sge/utils/XmlReaderTest.scala	226
nullable	../sge/sge/src/test/scalajvm/sge/utils/XmlReaderTest.scala	227
nullable	../sge/sge/src/test/scalajvm/sge/utils/XmlReaderTest.scala	255
member-shape	../sge/sge/src/test/scalajvm/sge/utils/XmlReaderTest.scala	337
member-shape	../sge/sge/src/test/scalajvm/sge/utils/XmlReaderTest.scala	338
android	../sge/sge/src/test/scalajvm/sge/SgeAndroidDriverRedSuite.scala	47
android	../sge/sge/src/test/scalajvm/sge/AndroidInputTest.scala	10
android	../sge/sge/src/test/scalajvm/sge/AndroidInputKeyQueueRedSuite.scala	22
android	../sge/sge/src/test/scalajvm/sge/AndroidGraphicsTest.scala	9
android	../sge/sge/src/test/scalajvm/sge/AndroidAudioAssetFdRedSuite.scala	35
android	../sge/sge/src/test/scalajvm/sge/AndroidAudioAdapterTest.scala	10
particles	../sge/sge/src/test/scala/sge/graphics/g3d/particles/ParticleEffectCodecsSerializationErrorIss814RedSuite.scala	30
member-shape	../sge/sge/src/test/scala/sge/GameScreenTest.scala	43
nullable	../sge/sge/src/test/scala/sge/GameScreenTest.scala	49
member-shape	../sge/sge/src/test/scala/sge/GameScreenTest.scala	50
member-shape	../sge/sge/src/test/scala/sge/GameScreenTest.scala	51
nullable	../sge/sge/src/test/scala/sge/GameScreenTest.scala	59
nullable	../sge/sge/src/test/scala/sge/GameScreenTest.scala	66
nullable	../sge/sge/src/test/scala/sge/GameScreenTest.scala	75
nullable	../sge/sge/src/test/scala/sge/GameScreenTest.scala	85
nullable	../sge/sge/src/test/scala/sge/GameScreenTest.scala	87
nullable	../sge/sge/src/test/scala/sge/GameScreenTest.scala	113
nullable	../sge/sge/src/test/scala/sge/GameScreenTest.scala	115
nullable	../sge/sge/src/test/scala/sge/GameScreenTest.scala	122
nullable	../sge/sge/src/test/scala/sge/GameScreenTest.scala	124
member-shape	../sge/sge/src/test/scala/sge/GameScreenTest.scala	126
nullable	../sge/sge/src/test/scala/sge/GameScreenTest.scala	134
nullable	../sge/sge/src/test/scala/sge/GameScreenTest.scala	150
nullable	../sge/sge/src/test/scala/sge/GameScreenTest.scala	168
nullable	../sge/sge/src/test/scala/sge/GameScreenTest.scala	184
nullable	../sge/sge/src/test/scala/sge/GameScreenTest.scala	200
nullable	../sge/sge/src/test/scala/sge/GameScreenTest.scala	219
nullable	../sge/sge/src/test/scala/sge/GameScreenTest.scala	223
nullable	../sge/sge/src/test/scala/sge/GameScreenTest.scala	228
nullable	../sge/sge/src/test/scala/sge/GameScreenTest.scala	249
opaque-key-button	../sge/sge/src/test/scala/sge/InputEventQueueIss566GateSuite.scala	48
opaque-key-button	../sge/sge/src/test/scala/sge/InputEventQueueIss566GateSuite.scala	48
opaque-key-button	../sge/sge/src/test/scala/sge/InputEventQueueIss566GateSuite.scala	59
opaque-key-button	../sge/sge/src/test/scala/sge/InputEventQueueIss566GateSuite.scala	60
opaque-key-button	../sge/sge/src/test/scala/sge/InputEventQueueIss566GateSuite.scala	62
opaque-key-button	../sge/sge/src/test/scala/sge/InputEventQueueIss566GateSuite.scala	65
opaque-key-button	../sge/sge/src/test/scala/sge/InputEventQueueIss566GateSuite.scala	94
type-shape	../sge/sge/src/test/scala/sge/InputEventQueueIss566GateSuite.scala	94
opaque-time-pixels	../sge/sge/src/test/scala/sge/InputEventQueueIss566GateSuite.scala	95
opaque-time-pixels	../sge/sge/src/test/scala/sge/InputEventQueueIss566GateSuite.scala	95
opaque-time-pixels	../sge/sge/src/test/scala/sge/InputEventQueueIss566GateSuite.scala	95
opaque-time-pixels	../sge/sge/src/test/scala/sge/InputEventQueueIss566GateSuite.scala	95
opaque-time-pixels	../sge/sge/src/test/scala/sge/InputEventQueueIss566GateSuite.scala	96
opaque-time-pixels	../sge/sge/src/test/scala/sge/InputEventQueueIss566GateSuite.scala	96
opaque-time-pixels	../sge/sge/src/test/scala/sge/InputEventQueueIss566GateSuite.scala	96
opaque-time-pixels	../sge/sge/src/test/scala/sge/InputEventQueueIss566GateSuite.scala	97
opaque-time-pixels	../sge/sge/src/test/scala/sge/InputEventQueueIss566GateSuite.scala	97
opaque-time-pixels	../sge/sge/src/test/scala/sge/InputEventQueueIss566GateSuite.scala	97
type-shape	../sge/sge/src/test/scala/sge/InputEventQueueIss566GateSuite.scala	98
opaque-time-pixels	../sge/sge/src/test/scala/sge/InputEventQueueIss566GateSuite.scala	101
opaque-time-pixels	../sge/sge/src/test/scala/sge/InputEventQueueIss566GateSuite.scala	101
opaque-time-pixels	../sge/sge/src/test/scala/sge/InputEventQueueIss566GateSuite.scala	101
opaque-time-pixels	../sge/sge/src/test/scala/sge/InputEventQueueIss566GateSuite.scala	104
opaque-time-pixels	../sge/sge/src/test/scala/sge/InputEventQueueIss566GateSuite.scala	104
opaque-time-pixels	../sge/sge/src/test/scala/sge/InputEventQueueIss566GateSuite.scala	104
opaque-time-pixels	../sge/sge/src/test/scala/sge/InputEventQueueIss566GateSuite.scala	108
opaque-time-pixels	../sge/sge/src/test/scala/sge/InputEventQueueIss566GateSuite.scala	108
opaque-time-pixels	../sge/sge/src/test/scala/sge/InputEventQueueIss566GateSuite.scala	108
opaque-key-button	../sge/sge/src/test/scala/sge/InputEventQueueIss566GateSuite.scala	110
type-shape	../sge/sge/src/test/scala/sge/InputEventQueueIss566GateSuite.scala	110
opaque-time-pixels	../sge/sge/src/test/scala/sge/InputEventQueueIss566GateSuite.scala	111
opaque-time-pixels	../sge/sge/src/test/scala/sge/InputEventQueueIss566GateSuite.scala	111
opaque-time-pixels	../sge/sge/src/test/scala/sge/InputEventQueueIss566GateSuite.scala	111
opaque-time-pixels	../sge/sge/src/test/scala/sge/InputEventQueueIss566GateSuite.scala	111
type-shape	../sge/sge/src/test/scala/sge/InputEventQueueIss566GateSuite.scala	162
opaque-time-pixels	../sge/sge/src/test/scala/sge/InputEventQueueIss566GateSuite.scala	175
opaque-time-pixels	../sge/sge/src/test/scala/sge/InputEventQueueIss566GateSuite.scala	175
opaque-time-pixels	../sge/sge/src/test/scala/sge/InputEventQueueIss566GateSuite.scala	175
opaque-time-pixels	../sge/sge/src/test/scala/sge/InputEventQueueIss566GateSuite.scala	176
opaque-time-pixels	../sge/sge/src/test/scala/sge/InputEventQueueIss566GateSuite.scala	176
opaque-time-pixels	../sge/sge/src/test/scala/sge/InputEventQueueIss566GateSuite.scala	176
opaque-time-pixels	../sge/sge/src/test/scala/sge/InputEventQueueIss566GateSuite.scala	177
opaque-time-pixels	../sge/sge/src/test/scala/sge/InputEventQueueIss566GateSuite.scala	177
opaque-time-pixels	../sge/sge/src/test/scala/sge/InputEventQueueIss566GateSuite.scala	177
opaque-time-pixels	../sge/sge/src/test/scala/sge/InputEventQueueIss566GateSuite.scala	178
opaque-time-pixels	../sge/sge/src/test/scala/sge/InputEventQueueIss566GateSuite.scala	178
opaque-time-pixels	../sge/sge/src/test/scala/sge/InputEventQueueIss566GateSuite.scala	178
opaque-time-pixels	../sge/sge/src/test/scala/sge/InputEventQueueIss566GateSuite.scala	190
opaque-time-pixels	../sge/sge/src/test/scala/sge/InputEventQueueIss566GateSuite.scala	190
opaque-time-pixels	../sge/sge/src/test/scala/sge/InputEventQueueIss566GateSuite.scala	190
opaque-time-pixels	../sge/sge/src/test/scala/sge/InputEventQueueIss566GateSuite.scala	191
opaque-time-pixels	../sge/sge/src/test/scala/sge/InputEventQueueIss566GateSuite.scala	191
opaque-time-pixels	../sge/sge/src/test/scala/sge/InputEventQueueIss566GateSuite.scala	191
opaque-time-pixels	../sge/sge/src/test/scala/sge/InputEventQueueIss566GateSuite.scala	192
opaque-time-pixels	../sge/sge/src/test/scala/sge/InputEventQueueIss566GateSuite.scala	192
opaque-time-pixels	../sge/sge/src/test/scala/sge/InputEventQueueIss566GateSuite.scala	192
filetype	../sge/sge/src/test/scala/sge/SgeTestFixture.scala	47
net	../sge/sge/src/test/scala/sge/SgeTestFixture.scala	61
net	../sge/sge/src/test/scala/sge/SgeTestFixture.scala	61
member-shape	../sge/sge/src/test/scala/sge/audio/AudioUtilsTest.scala	17
member-shape	../sge/sge/src/test/scala/sge/audio/AudioUtilsTest.scala	25
member-shape	../sge/sge/src/test/scala/sge/audio/AudioUtilsTest.scala	33
member-shape	../sge/sge/src/test/scala/sge/audio/AudioUtilsTest.scala	41
member-shape	../sge/sge/src/test/scala/sge/audio/AudioUtilsTest.scala	57
member-shape	../sge/sge/src/test/scala/sge/graphics/g2d/AnimationTest.scala	24
member-shape	../sge/sge/src/test/scala/sge/graphics/g2d/AnimationTest.scala	28
member-shape	../sge/sge/src/test/scala/sge/graphics/g2d/AnimationTest.scala	32
member-shape	../sge/sge/src/test/scala/sge/graphics/g2d/AnimationTest.scala	36
member-shape	../sge/sge/src/test/scala/sge/graphics/g2d/AnimationTest.scala	40
member-shape	../sge/sge/src/test/scala/sge/graphics/g2d/AnimationTest.scala	44
member-shape	../sge/sge/src/test/scala/sge/graphics/g2d/AnimationTest.scala	48
member-shape	../sge/sge/src/test/scala/sge/graphics/g2d/AnimationTest.scala	52
member-shape	../sge/sge/src/test/scala/sge/graphics/g2d/AnimationTest.scala	56
member-shape	../sge/sge/src/test/scala/sge/graphics/g2d/AnimationTest.scala	60
type-shape	../sge/sge/src/test/scala/sge/graphics/g2d/AnimationTest.scala	66
assertion-mismatch	../sge/sge/src/test/scala/sge/graphics/g2d/AnimationTest.scala	68
member-shape	../sge/sge/src/test/scala/sge/graphics/g2d/AnimationTest.scala	93
particles	../sge/sge/src/test/scala/sge/graphics/g2d/ParticleEmitterValueTest.scala	17
particles	../sge/sge/src/test/scala/sge/graphics/g2d/ParticleEmitterValueTest.scala	23
particles	../sge/sge/src/test/scala/sge/graphics/g2d/ParticleEmitterValueTest.scala	29
particles	../sge/sge/src/test/scala/sge/graphics/g2d/ParticleEmitterValueTest.scala	36
particles	../sge/sge/src/test/scala/sge/graphics/g2d/ParticleEmitterValueTest.scala	274
particles	../sge/sge/src/test/scala/sge/graphics/g2d/ParticleEmitterValueTest.scala	281
particles	../sge/sge/src/test/scala/sge/graphics/g2d/ParticleEmitterValueTest.scala	286
particles	../sge/sge/src/test/scala/sge/graphics/g2d/ParticleEmitterValueTest.scala	291
member-shape	../sge/sge/src/test/scala/sge/graphics/g2d/TextureAtlasDataTest.scala	20
member-shape	../sge/sge/src/test/scala/sge/graphics/g2d/TextureAtlasDataTest.scala	27
member-shape	../sge/sge/src/test/scala/sge/graphics/g2d/TextureAtlasDataTest.scala	36
member-shape	../sge/sge/src/test/scala/sge/graphics/g2d/TextureAtlasDataTest.scala	57
member-shape	../sge/sge/src/test/scala/sge/graphics/g2d/TextureAtlasDataTest.scala	78
filetype	../sge/sge/src/test/scala/sge/graphics/g3d/loader/ObjLoaderResolverIss847RedSuite.scala	57
filetype	../sge/sge/src/test/scala/sge/graphics/g3d/loader/ObjLoaderResolverIss847RedSuite.scala	66
filetype	../sge/sge/src/test/scala/sge/graphics/g3d/loader/ObjLoaderResolverIss847RedSuite.scala	66
nullable	../sge/sge/src/test/scala/sge/graphics/g3d/loader/ObjLoaderResolverIss847RedSuite.scala	112
particles	../sge/sge/src/test/scala/sge/graphics/g3d/particles/ParticleEffectCodecsSerializationErrorIss814RedSuite.scala	51
particles	../sge/sge/src/test/scala/sge/graphics/g3d/particles/ParticleEffectCodecsSerializationErrorIss814RedSuite.scala	59
particles	../sge/sge/src/test/scala/sge/graphics/g3d/particles/ParticleShaderScreenWidthRedSuite.scala	40
particles	../sge/sge/src/test/scala/sge/graphics/g3d/particles/ParticleShaderScreenWidthRedSuite.scala	67
particles	../sge/sge/src/test/scala/sge/graphics/g3d/particles/ParticleShaderScreenWidthRedSuite.scala	85
particles	../sge/sge/src/test/scala/sge/graphics/g3d/particles/ParticleShaderScreenWidthRedSuite.scala	87
particles	../sge/sge/src/test/scala/sge/graphics/g3d/particles/SaveDataCodecSuite.scala	72
particles	../sge/sge/src/test/scala/sge/graphics/g3d/particles/SaveDataCodecSuite.scala	73
particles	../sge/sge/src/test/scala/sge/graphics/g3d/particles/SaveDataCodecSuite.scala	100
particles	../sge/sge/src/test/scala/sge/graphics/g3d/particles/SaveDataCodecSuite.scala	108
particles	../sge/sge/src/test/scala/sge/graphics/g3d/particles/SaveDataCodecSuite.scala	115
particles	../sge/sge/src/test/scala/sge/graphics/g3d/particles/SaveDataCodecSuite.scala	122
particles	../sge/sge/src/test/scala/sge/graphics/g3d/particles/SaveDataCodecSuite.scala	123
particles	../sge/sge/src/test/scala/sge/graphics/g3d/particles/SaveDataCodecSuite.scala	128
particles	../sge/sge/src/test/scala/sge/graphics/g3d/particles/SaveDataCodecSuite.scala	129
particles	../sge/sge/src/test/scala/sge/graphics/g3d/particles/SaveDataCodecSuite.scala	133
particles	../sge/sge/src/test/scala/sge/graphics/g3d/particles/SaveDataCodecSuite.scala	137
particles	../sge/sge/src/test/scala/sge/graphics/g3d/particles/SaveDataCodecSuite.scala	141
particles	../sge/sge/src/test/scala/sge/graphics/g3d/particles/SaveDataCodecSuite.scala	144
particles	../sge/sge/src/test/scala/sge/graphics/g3d/particles/SaveDataCodecSuite.scala	147
particles	../sge/sge/src/test/scala/sge/graphics/g3d/particles/SaveDataCodecSuite.scala	153
particles	../sge/sge/src/test/scala/sge/graphics/g3d/particles/SaveDataCodecSuite.scala	161
particles	../sge/sge/src/test/scala/sge/graphics/g3d/particles/SaveDataCodecSuite.scala	165
particles	../sge/sge/src/test/scala/sge/graphics/g3d/particles/SaveDataCodecSuite.scala	174
particles	../sge/sge/src/test/scala/sge/graphics/g3d/particles/SaveDataCodecSuite.scala	179
particles	../sge/sge/src/test/scala/sge/graphics/g3d/particles/SaveDataCodecSuite.scala	183
particles	../sge/sge/src/test/scala/sge/graphics/g3d/particles/SaveDataCodecSuite.scala	193
particles	../sge/sge/src/test/scala/sge/graphics/g3d/particles/SaveDataCodecSuite.scala	206
particles	../sge/sge/src/test/scala/sge/graphics/g3d/particles/SaveDataCodecSuite.scala	213
particles	../sge/sge/src/test/scala/sge/graphics/g3d/particles/SaveDataCodecSuite.scala	217
particles	../sge/sge/src/test/scala/sge/graphics/g3d/particles/SaveDataCodecSuite.scala	221
particles	../sge/sge/src/test/scala/sge/graphics/g3d/particles/SaveDataCodecSuite.scala	225
opaque-time-pixels	../sge/sge/src/test/scala/sge/graphics/g3d/utils/AnimationControllerTest.scala	33
opaque-time-pixels	../sge/sge/src/test/scala/sge/graphics/g3d/utils/AnimationControllerTest.scala	34
opaque-time-pixels	../sge/sge/src/test/scala/sge/graphics/g3d/utils/AnimationControllerTest.scala	35
opaque-time-pixels	../sge/sge/src/test/scala/sge/graphics/g3d/utils/AnimationControllerTest.scala	36
opaque-time-pixels	../sge/sge/src/test/scala/sge/graphics/g3d/utils/AnimationControllerTest.scala	37
opaque-time-pixels	../sge/sge/src/test/scala/sge/graphics/g3d/utils/AnimationControllerTest.scala	38
opaque-time-pixels	../sge/sge/src/test/scala/sge/graphics/g3d/utils/AnimationControllerTest.scala	39
opaque-time-pixels	../sge/sge/src/test/scala/sge/graphics/g3d/utils/AnimationControllerTest.scala	47
opaque-time-pixels	../sge/sge/src/test/scala/sge/graphics/g3d/utils/AnimationControllerTest.scala	48
opaque-time-pixels	../sge/sge/src/test/scala/sge/graphics/g3d/utils/AnimationControllerTest.scala	49
opaque-time-pixels	../sge/sge/src/test/scala/sge/graphics/g3d/utils/AnimationControllerTest.scala	55
member-shape	../sge/sge/src/test/scala/sge/graphics/g3d/utils/AnimationControllerTest.scala	61
opaque-time-pixels	../sge/sge/src/test/scala/sge/graphics/g3d/utils/AnimationControllerTest.scala	86
opaque-time-pixels	../sge/sge/src/test/scala/sge/graphics/g3d/utils/AnimationControllerTest.scala	89
nullable	../sge/sge/src/test/scala/sge/graphics/g3d/utils/AnimationControllerTest.scala	92
opaque-time-pixels	../sge/sge/src/test/scala/sge/graphics/g3d/utils/AnimationControllerTest.scala	92
opaque-time-pixels	../sge/sge/src/test/scala/sge/graphics/g3d/utils/AnimationControllerTest.scala	95
nullable	../sge/sge/src/test/scala/sge/graphics/g3d/utils/AnimationControllerTest.scala	114
opaque-time-pixels	../sge/sge/src/test/scala/sge/graphics/g3d/utils/AnimationControllerTest.scala	117
opaque-time-pixels	../sge/sge/src/test/scala/sge/graphics/g3d/utils/AnimationControllerTest.scala	120
nullable	../sge/sge/src/test/scala/sge/graphics/g3d/utils/AnimationControllerTest.scala	123
opaque-time-pixels	../sge/sge/src/test/scala/sge/graphics/g3d/utils/AnimationControllerTest.scala	123
opaque-time-pixels	../sge/sge/src/test/scala/sge/graphics/g3d/utils/AnimationControllerTest.scala	126
opaque-time-pixels	../sge/sge/src/test/scala/sge/graphics/g3d/utils/AnimationDescTest.scala	26
nullable	../sge/sge/src/test/scala/sge/graphics/g3d/utils/AnimationDescTest.scala	27
opaque-time-pixels	../sge/sge/src/test/scala/sge/graphics/g3d/utils/AnimationDescTest.scala	29
opaque-time-pixels	../sge/sge/src/test/scala/sge/graphics/g3d/utils/AnimationDescTest.scala	31
opaque-time-pixels	../sge/sge/src/test/scala/sge/graphics/g3d/utils/AnimationDescTest.scala	37
opaque-time-pixels	../sge/sge/src/test/scala/sge/graphics/g3d/utils/AnimationDescTest.scala	38
opaque-time-pixels	../sge/sge/src/test/scala/sge/graphics/g3d/utils/AnimationDescTest.scala	39
opaque-time-pixels	../sge/sge/src/test/scala/sge/graphics/g3d/utils/AnimationDescTest.scala	44
opaque-time-pixels	../sge/sge/src/test/scala/sge/graphics/g3d/utils/AnimationDescTest.scala	45
opaque-time-pixels	../sge/sge/src/test/scala/sge/graphics/g3d/utils/AnimationDescTest.scala	46
opaque-time-pixels	../sge/sge/src/test/scala/sge/graphics/g3d/utils/AnimationDescTest.scala	51
opaque-time-pixels	../sge/sge/src/test/scala/sge/graphics/g3d/utils/AnimationDescTest.scala	52
opaque-time-pixels	../sge/sge/src/test/scala/sge/graphics/g3d/utils/AnimationDescTest.scala	57
opaque-time-pixels	../sge/sge/src/test/scala/sge/graphics/g3d/utils/AnimationDescTest.scala	66
opaque-time-pixels	../sge/sge/src/test/scala/sge/graphics/g3d/utils/AnimationDescTest.scala	67
opaque-time-pixels	../sge/sge/src/test/scala/sge/graphics/g3d/utils/AnimationDescTest.scala	68
opaque-time-pixels	../sge/sge/src/test/scala/sge/graphics/g3d/utils/AnimationDescTest.scala	76
opaque-time-pixels	../sge/sge/src/test/scala/sge/graphics/g3d/utils/AnimationDescTest.scala	77
opaque-time-pixels	../sge/sge/src/test/scala/sge/graphics/g3d/utils/AnimationDescTest.scala	78
opaque-time-pixels	../sge/sge/src/test/scala/sge/graphics/g3d/utils/AnimationDescTest.scala	86
opaque-time-pixels	../sge/sge/src/test/scala/sge/graphics/g3d/utils/AnimationDescTest.scala	87
opaque-time-pixels	../sge/sge/src/test/scala/sge/graphics/g3d/utils/AnimationDescTest.scala	95
arity	../sge/sge/src/test/scala/sge/graphics/glutils/GLFrameBufferIss572Suite.scala	54
type-shape	../sge/sge/src/test/scala/sge/graphics/glutils/VertexArrayIss561Suite.scala	21
nullable	../sge/sge/src/test/scala/sge/graphics/glutils/VertexBufferObjectIss561Suite.scala	84
context	../sge/sge/src/test/scala/sge/graphics/glutils/VertexBufferObjectIss561Suite.scala	98
context	../sge/sge/src/test/scala/sge/graphics/glutils/VertexBufferObjectIss561Suite.scala	118
context	../sge/sge/src/test/scala/sge/graphics/glutils/VertexBufferObjectIss561Suite.scala	156
context	../sge/sge/src/test/scala/sge/graphics/glutils/VertexBufferObjectIss561Suite.scala	183
context	../sge/sge/src/test/scala/sge/graphics/glutils/VertexBufferObjectIss561Suite.scala	212
context	../sge/sge/src/test/scala/sge/graphics/glutils/VertexBufferObjectIss561Suite.scala	229
context	../sge/sge/src/test/scala/sge/graphics/glutils/VertexBufferObjectIss561Suite.scala	259
context	../sge/sge/src/test/scala/sge/graphics/profiling/GLProfilerBehaviorIss725Suite.scala	45
context	../sge/sge/src/test/scala/sge/graphics/profiling/GLProfilerBehaviorIss725Suite.scala	51
context	../sge/sge/src/test/scala/sge/graphics/profiling/GLProfilerBehaviorIss725Suite.scala	69
context	../sge/sge/src/test/scala/sge/graphics/profiling/GLProfilerBehaviorIss725Suite.scala	83
context	../sge/sge/src/test/scala/sge/graphics/profiling/GLProfilerBehaviorIss725Suite.scala	99
context	../sge/sge/src/test/scala/sge/graphics/profiling/GLProfilerBehaviorIss725Suite.scala	116
context	../sge/sge/src/test/scala/sge/graphics/profiling/GLProfilerBehaviorIss725Suite.scala	142
context	../sge/sge/src/test/scala/sge/graphics/profiling/GLProfilerCharacterizationSuite.scala	30
assertion-mismatch	../sge/sge/src/test/scala/sge/graphics/profiling/GLProfilerCharacterizationSuite.scala	38
context	../sge/sge/src/test/scala/sge/graphics/profiling/GLProfilerCharacterizationSuite.scala	44
context	../sge/sge/src/test/scala/sge/graphics/profiling/GLProfilerCharacterizationSuite.scala	52
context	../sge/sge/src/test/scala/sge/graphics/profiling/GLProfilerCharacterizationSuite.scala	67
context	../sge/sge/src/test/scala/sge/graphics/profiling/GLProfilerCharacterizationSuite.scala	81
context	../sge/sge/src/test/scala/sge/graphics/profiling/GLProfilerCharacterizationSuite.scala	94
context	../sge/sge/src/test/scala/sge/graphics/profiling/GLProfilerCharacterizationSuite.scala	107
context	../sge/sge/src/test/scala/sge/graphics/profiling/GLProfilerCharacterizationSuite.scala	117
context	../sge/sge/src/test/scala/sge/graphics/profiling/GLProfilerCharacterizationSuite.scala	135
context	../sge/sge/src/test/scala/sge/graphics/profiling/GLProfilerCharacterizationSuite.scala	146
assertion-mismatch	../sge/sge/src/test/scala/sge/graphics/profiling/GLProfilerCharacterizationSuite.scala	153
context	../sge/sge/src/test/scala/sge/graphics/profiling/GLProfilerCharacterizationSuite.scala	168
context	../sge/sge/src/test/scala/sge/graphics/profiling/GLProfilerCharacterizationSuite.scala	175
context	../sge/sge/src/test/scala/sge/graphics/profiling/GLProfilerCharacterizationSuite.scala	188
context	../sge/sge/src/test/scala/sge/graphics/profiling/GLProfilerGL30BehaviorIss863Suite.scala	68
context	../sge/sge/src/test/scala/sge/graphics/profiling/GLProfilerGL30BehaviorIss863Suite.scala	79
context	../sge/sge/src/test/scala/sge/graphics/profiling/GLProfilerGL30BehaviorIss863Suite.scala	88
context	../sge/sge/src/test/scala/sge/graphics/profiling/GLProfilerGL30BehaviorIss863Suite.scala	96
context	../sge/sge/src/test/scala/sge/graphics/profiling/GLProfilerGL30BehaviorIss863Suite.scala	162
context	../sge/sge/src/test/scala/sge/graphics/profiling/GLProfilerGL30BehaviorIss863Suite.scala	174
context	../sge/sge/src/test/scala/sge/graphics/profiling/GLProfilerGL30BehaviorIss863Suite.scala	198
opaque-key-button	../sge/sge/src/test/scala/sge/input/GestureDetectorTest.scala	11
member-shape	../sge/sge/src/test/scala/sge/input/GestureDetectorTest.scala	18
opaque-key-button	../sge/sge/src/test/scala/sge/input/GestureDetectorTest.scala	24
opaque-key-button	../sge/sge/src/test/scala/sge/input/GestureDetectorTest.scala	46
opaque-key-button	../sge/sge/src/test/scala/sge/input/GestureDetectorTest.scala	50
opaque-key-button	../sge/sge/src/test/scala/sge/input/GestureDetectorTest.scala	58
opaque-key-button	../sge/sge/src/test/scala/sge/input/GestureDetectorTest.scala	66
member-shape	../sge/sge/src/test/scala/sge/input/GestureDetectorTest.scala	124
member-shape	../sge/sge/src/test/scala/sge/input/GestureDetectorTest.scala	135
opaque-time-pixels	../sge/sge/src/test/scala/sge/input/GestureDetectorTest.scala	154
member-shape	../sge/sge/src/test/scala/sge/input/GestureDetectorTest.scala	186
opaque-time-pixels	../sge/sge/src/test/scala/sge/input/GestureDetectorTest.scala	196
opaque-time-pixels	../sge/sge/src/test/scala/sge/input/GestureDetectorTest.scala	196
opaque-time-pixels	../sge/sge/src/test/scala/sge/input/GestureDetectorTest.scala	244
opaque-key-button	../sge/sge/src/test/scala/sge/input/InputMultiplexerTest.scala	9
opaque-key-button	../sge/sge/src/test/scala/sge/input/InputMultiplexerTest.scala	9
opaque-key-button	../sge/sge/src/test/scala/sge/input/InputMultiplexerTest.scala	21
opaque-key-button	../sge/sge/src/test/scala/sge/input/InputMultiplexerTest.scala	21
opaque-key-button	../sge/sge/src/test/scala/sge/input/InputMultiplexerTest.scala	23
opaque-key-button	../sge/sge/src/test/scala/sge/input/InputMultiplexerTest.scala	24
opaque-key-button	../sge/sge/src/test/scala/sge/input/InputMultiplexerTest.scala	26
opaque-key-button	../sge/sge/src/test/scala/sge/input/InputMultiplexerTest.scala	27
opaque-key-button	../sge/sge/src/test/scala/sge/input/InputMultiplexerTest.scala	28
opaque-key-button	../sge/sge/src/test/scala/sge/input/InputMultiplexerTest.scala	36
opaque-time-pixels	../sge/sge/src/test/scala/sge/input/InputMultiplexerTest.scala	37
opaque-time-pixels	../sge/sge/src/test/scala/sge/input/InputMultiplexerTest.scala	37
opaque-time-pixels	../sge/sge/src/test/scala/sge/input/InputMultiplexerTest.scala	37
opaque-time-pixels	../sge/sge/src/test/scala/sge/input/InputMultiplexerTest.scala	38
opaque-time-pixels	../sge/sge/src/test/scala/sge/input/InputMultiplexerTest.scala	38
type-shape	../sge/sge/src/test/scala/sge/input/InputMultiplexerTest.scala	44
opaque-key-button	../sge/sge/src/test/scala/sge/input/InputMultiplexerTest.scala	49
type-shape	../sge/sge/src/test/scala/sge/input/InputMultiplexerTest.scala	55
type-shape	../sge/sge/src/test/scala/sge/input/InputMultiplexerTest.scala	67
arity	../sge/sge/src/test/scala/sge/input/InputMultiplexerTest.scala	82
arity	../sge/sge/src/test/scala/sge/input/InputMultiplexerTest.scala	85
opaque-key-button	../sge/sge/src/test/scala/sge/input/InputMultiplexerTest.scala	87
type-shape	../sge/sge/src/test/scala/sge/input/InputMultiplexerTest.scala	94
assertion-mismatch	../sge/sge/src/test/scala/sge/input/InputMultiplexerTest.scala	95
assertion-mismatch	../sge/sge/src/test/scala/sge/input/InputMultiplexerTest.scala	97
type-shape	../sge/sge/src/test/scala/sge/input/InputMultiplexerTest.scala	103
type-shape	../sge/sge/src/test/scala/sge/input/InputMultiplexerTest.scala	112
tiled	../sge/sge/src/test/scala/sge/maps/MapPropertiesTest.scala	14
tiled	../sge/sge/src/test/scala/sge/maps/MapPropertiesTest.scala	20
tiled	../sge/sge/src/test/scala/sge/maps/MapPropertiesTest.scala	21
tiled	../sge/sge/src/test/scala/sge/maps/MapPropertiesTest.scala	27
tiled	../sge/sge/src/test/scala/sge/maps/MapPropertiesTest.scala	34
tiled	../sge/sge/src/test/scala/sge/maps/MapPropertiesTest.scala	41
tiled	../sge/sge/src/test/scala/sge/maps/MapPropertiesTest.scala	46
tiled	../sge/sge/src/test/scala/sge/maps/tiled/TiledProjectJsonTest.scala	24
tiled	../sge/sge/src/test/scala/sge/maps/tiled/TiledProjectJsonTest.scala	25
tiled	../sge/sge/src/test/scala/sge/maps/tiled/TiledProjectJsonTest.scala	26
tiled	../sge/sge/src/test/scala/sge/maps/tiled/TiledProjectJsonTest.scala	57
tiled	../sge/sge/src/test/scala/sge/maps/tiled/TiledProjectJsonTest.scala	92
tiled	../sge/sge/src/test/scala/sge/maps/tiled/TiledProjectJsonTest.scala	113
tiled	../sge/sge/src/test/scala/sge/maps/tiled/TiledProjectJsonTest.scala	135
tiled	../sge/sge/src/test/scala/sge/maps/tiled/TiledProjectJsonTest.scala	155
tiled	../sge/sge/src/test/scala/sge/maps/tiled/TiledProjectJsonTest.scala	164
tiled	../sge/sge/src/test/scala/sge/maps/tiled/TiledProjectJsonTest.scala	180
tiled	../sge/sge/src/test/scala/sge/maps/tiled/TmjJsonTest.scala	14
tiled	../sge/sge/src/test/scala/sge/maps/tiled/TmjJsonTest.scala	21
tiled	../sge/sge/src/test/scala/sge/maps/tiled/TmjJsonTest.scala	24
tiled	../sge/sge/src/test/scala/sge/maps/tiled/TmjJsonTest.scala	27
tiled	../sge/sge/src/test/scala/sge/maps/tiled/TmjJsonTest.scala	31
tiled	../sge/sge/src/test/scala/sge/maps/tiled/TmjJsonTest.scala	32
tiled	../sge/sge/src/test/scala/sge/maps/tiled/TmjJsonTest.scala	60
tiled	../sge/sge/src/test/scala/sge/maps/tiled/TmjJsonTest.scala	90
tiled	../sge/sge/src/test/scala/sge/maps/tiled/TmjJsonTest.scala	114
tiled	../sge/sge/src/test/scala/sge/maps/tiled/TmjJsonTest.scala	132
tiled	../sge/sge/src/test/scala/sge/maps/tiled/TmjJsonTest.scala	133
tiled	../sge/sge/src/test/scala/sge/maps/tiled/TmjJsonTest.scala	134
tiled	../sge/sge/src/test/scala/sge/maps/tiled/TmjJsonTest.scala	159
tiled	../sge/sge/src/test/scala/sge/maps/tiled/TmjJsonTest.scala	184
tiled	../sge/sge/src/test/scala/sge/maps/tiled/TmjJsonTest.scala	208
tiled	../sge/sge/src/test/scala/sge/maps/tiled/TmjJsonTest.scala	227
tiled	../sge/sge/src/test/scala/sge/maps/tiled/TmjJsonTest.scala	249
tiled	../sge/sge/src/test/scala/sge/maps/tiled/TmjJsonTest.scala	281
tiled	../sge/sge/src/test/scala/sge/maps/tiled/TmjJsonTest.scala	306
tiled	../sge/sge/src/test/scala/sge/maps/tiled/TmjJsonTest.scala	315
tiled	../sge/sge/src/test/scala/sge/maps/tiled/TmjJsonTest.scala	325
tiled	../sge/sge/src/test/scala/sge/maps/tiled/TmjJsonTest.scala	327
tiled	../sge/sge/src/test/scala/sge/maps/tiled/TmjJsonTest.scala	328
tiled	../sge/sge/src/test/scala/sge/maps/tiled/TmjJsonTest.scala	330
tiled	../sge/sge/src/test/scala/sge/maps/tiled/TmjJsonTest.scala	331
tiled	../sge/sge/src/test/scala/sge/maps/tiled/TmjJsonTest.scala	337
tiled	../sge/sge/src/test/scala/sge/maps/tiled/TmjJsonTest.scala	338
tiled	../sge/sge/src/test/scala/sge/maps/tiled/TmjJsonTest.scala	344
tiled	../sge/sge/src/test/scala/sge/maps/tiled/TmjJsonTest.scala	379
tiled	../sge/sge/src/test/scala/sge/maps/tiled/TmjJsonTest.scala	382
tiled	../sge/sge/src/test/scala/sge/maps/tiled/TmjJsonTest.scala	414
tiled	../sge/sge/src/test/scala/sge/maps/tiled/TmjJsonTest.scala	432
tiled	../sge/sge/src/test/scala/sge/maps/tiled/TmjJsonTest.scala	442
tiled	../sge/sge/src/test/scala/sge/maps/tiled/TmjJsonTest.scala	444
tiled	../sge/sge/src/test/scala/sge/maps/tiled/TmjJsonTest.scala	454
tiled	../sge/sge/src/test/scala/sge/maps/tiled/TmjJsonTest.scala	455
tiled	../sge/sge/src/test/scala/sge/maps/tiled/TmjJsonTest.scala	480
tiled	../sge/sge/src/test/scala/sge/maps/tiled/TmjJsonTest.scala	486
tiled	../sge/sge/src/test/scala/sge/maps/tiled/TmjJsonTest.scala	501
tiled	../sge/sge/src/test/scala/sge/maps/tiled/TmjJsonTest.scala	523
tiled	../sge/sge/src/test/scala/sge/maps/tiled/TmjTileIdsCsvRedSuite.scala	40
tiled	../sge/sge/src/test/scala/sge/maps/tiled/TmjTileIdsCsvRedSuite.scala	41
tiled	../sge/sge/src/test/scala/sge/maps/tiled/TmjTileIdsCsvRedSuite.scala	44
tiled	../sge/sge/src/test/scala/sge/maps/tiled/TmjTileIdsCsvRedSuite.scala	47
tiled	../sge/sge/src/test/scala/sge/maps/tiled/TmjTileIdsCsvRedSuite.scala	75
member-shape	../sge/sge/src/test/scala/sge/math/Affine2Test.scala	43
arity	../sge/sge/src/test/scala/sge/math/Affine2Test.scala	44
arity	../sge/sge/src/test/scala/sge/math/Affine2Test.scala	86
member-shape	../sge/sge/src/test/scala/sge/math/Bresenham2Test.scala	9
member-shape	../sge/sge/src/test/scala/sge/math/Bresenham2Test.scala	19
member-shape	../sge/sge/src/test/scala/sge/math/Bresenham2Test.scala	27
member-shape	../sge/sge/src/test/scala/sge/math/Bresenham2Test.scala	35
member-shape	../sge/sge/src/test/scala/sge/math/Bresenham2Test.scala	43
member-shape	../sge/sge/src/test/scala/sge/math/Bresenham2Test.scala	59
member-shape	../sge/sge/src/test/scala/sge/math/Bresenham2Test.scala	73
arity	../sge/sge/src/test/scala/sge/math/CatmullRomSplineTest.scala	47
arity	../sge/sge/src/test/scala/sge/math/CatmullRomSplineTest.scala	47
type-shape	../sge/sge/src/test/scala/sge/math/CircumCircleRedSuite.scala	107
type-shape	../sge/sge/src/test/scala/sge/math/CircumCircleRedSuite.scala	116
type-shape	../sge/sge/src/test/scala/sge/math/CircumCircleRedSuite.scala	128
type-shape	../sge/sge/src/test/scala/sge/math/CircumCircleRedSuite.scala	132
type-shape	../sge/sge/src/test/scala/sge/math/ConvexHullTest.scala	44
type-shape	../sge/sge/src/test/scala/sge/math/ConvexHullTest.scala	45
type-shape	../sge/sge/src/test/scala/sge/math/ConvexHullTest.scala	46
type-shape	../sge/sge/src/test/scala/sge/math/ConvexHullTest.scala	47
type-shape	../sge/sge/src/test/scala/sge/math/ConvexHullTest.scala	49
type-shape	../sge/sge/src/test/scala/sge/math/ConvexHullTest.scala	50
type-shape	../sge/sge/src/test/scala/sge/math/ConvexHullTest.scala	51
type-shape	../sge/sge/src/test/scala/sge/math/ConvexHullTest.scala	52
arity	../sge/sge/src/test/scala/sge/math/CumulativeDistributionTest.scala	15
arity	../sge/sge/src/test/scala/sge/math/CumulativeDistributionTest.scala	22
arity	../sge/sge/src/test/scala/sge/math/CumulativeDistributionTest.scala	35
arity	../sge/sge/src/test/scala/sge/math/CumulativeDistributionTest.scala	39
arity	../sge/sge/src/test/scala/sge/math/CumulativeDistributionTest.scala	113
arity	../sge/sge/src/test/scala/sge/math/CumulativeDistributionTest.scala	122
member-shape	../sge/sge/src/test/scala/sge/math/FloatCounterTest.scala	44
member-shape	../sge/sge/src/test/scala/sge/math/FloatCounterTest.scala	49
member-shape	../sge/sge/src/test/scala/sge/math/FloatCounterTest.scala	55
member-shape	../sge/sge/src/test/scala/sge/math/GeometryTest.scala	94
arity	../sge/sge/src/test/scala/sge/math/GeometryTest.scala	103
member-shape	../sge/sge/src/test/scala/sge/math/GeometryTest.scala	164
nullable	../sge/sge/src/test/scala/sge/math/IntersectorTest.scala	114
nullable	../sge/sge/src/test/scala/sge/math/IntersectorTest.scala	117
nullable	../sge/sge/src/test/scala/sge/math/IntersectorTest.scala	120
nullable	../sge/sge/src/test/scala/sge/math/IntersectorTest.scala	123
nullable	../sge/sge/src/test/scala/sge/math/IntersectorTest.scala	127
nullable	../sge/sge/src/test/scala/sge/math/IntersectorTest.scala	135
nullable	../sge/sge/src/test/scala/sge/math/IntersectorTest.scala	143
nullable	../sge/sge/src/test/scala/sge/math/IntersectorTest.scala	241
nullable	../sge/sge/src/test/scala/sge/math/IntersectorTest.scala	252
member-shape	../sge/sge/src/test/scala/sge/math/IntersectorTest.scala	256
member-shape	../sge/sge/src/test/scala/sge/math/IntersectorTest.scala	257
member-shape	../sge/sge/src/test/scala/sge/math/IntersectorTest.scala	258
member-shape	../sge/sge/src/test/scala/sge/math/IntersectorTest.scala	259
nullable	../sge/sge/src/test/scala/sge/math/IntersectorTest.scala	271
type-shape	../sge/sge/src/test/scala/sge/math/IntersectorTest.scala	323
type-shape	../sge/sge/src/test/scala/sge/math/IntersectorTest.scala	333
type-shape	../sge/sge/src/test/scala/sge/math/IntersectorTest.scala	342
type-shape	../sge/sge/src/test/scala/sge/math/IntersectorTest.scala	343
nullable	../sge/sge/src/test/scala/sge/math/IntersectorTest.scala	370
nullable	../sge/sge/src/test/scala/sge/math/IntersectorTest.scala	379
nullable	../sge/sge/src/test/scala/sge/math/IntersectorTest.scala	388
nullable	../sge/sge/src/test/scala/sge/math/IntersectorTest.scala	397
nullable	../sge/sge/src/test/scala/sge/math/IntersectorTest.scala	404
nullable	../sge/sge/src/test/scala/sge/math/IntersectorTest.scala	411
nullable	../sge/sge/src/test/scala/sge/math/IntersectorTest.scala	418
nullable	../sge/sge/src/test/scala/sge/math/IntersectorTest.scala	425
nullable	../sge/sge/src/test/scala/sge/math/IntersectorTest.scala	443
nullable	../sge/sge/src/test/scala/sge/math/IntersectorTest.scala	449
nullable	../sge/sge/src/test/scala/sge/math/IntersectorTest.scala	455
nullable	../sge/sge/src/test/scala/sge/math/IntersectorTest.scala	460
nullable	../sge/sge/src/test/scala/sge/math/IntersectorTest.scala	513
nullable	../sge/sge/src/test/scala/sge/math/IntersectorTest.scala	583
assertion-mismatch	../sge/sge/src/test/scala/sge/math/IntersectorTest.scala	584
member-shape	../sge/sge/src/test/scala/sge/math/Matrix3Test.scala	84
member-shape	../sge/sge/src/test/scala/sge/math/Matrix3Test.scala	92
member-shape	../sge/sge/src/test/scala/sge/math/Matrix3Test.scala	100
member-shape	../sge/sge/src/test/scala/sge/math/Matrix3Test.scala	110
member-shape	../sge/sge/src/test/scala/sge/math/Matrix3Test.scala	117
member-shape	../sge/sge/src/test/scala/sge/math/Matrix3Test.scala	148
member-shape	../sge/sge/src/test/scala/sge/math/Matrix4Test.scala	71
member-shape	../sge/sge/src/test/scala/sge/math/Matrix4Test.scala	82
member-shape	../sge/sge/src/test/scala/sge/math/Matrix4Test.scala	126
member-shape	../sge/sge/src/test/scala/sge/math/Matrix4Test.scala	166
member-shape	../sge/sge/src/test/scala/sge/math/Matrix4Test.scala	169
nullable	../sge/sge/src/test/scala/sge/math/OctreeTest.scala	34
member-shape	../sge/sge/src/test/scala/sge/math/OctreeTest.scala	41
member-shape	../sge/sge/src/test/scala/sge/math/OctreeTest.scala	48
type-shape	../sge/sge/src/test/scala/sge/math/OctreeTest.scala	51
type-shape	../sge/sge/src/test/scala/sge/math/OctreeTest.scala	59
other	../sge/sge/src/test/scala/sge/math/QuaternionTest.scala	32
arity	../sge/sge/src/test/scala/sge/math/QuaternionTest.scala	171
arity	../sge/sge/src/test/scala/sge/math/QuaternionTest.scala	173
member-shape	../sge/sge/src/test/scala/sge/math/QuaternionTest.scala	258
arity	../sge/sge/src/test/scala/sge/math/QuaternionTest.scala	280
arity	../sge/sge/src/test/scala/sge/math/QuaternionTest.scala	282
member-shape	../sge/sge/src/test/scala/sge/math/TransformTest.scala	78
type-shape	../sge/sge/src/test/scala/sge/math/TriangulatorIndicesRedSuite.scala	66
type-shape	../sge/sge/src/test/scala/sge/math/TriangulatorIndicesRedSuite.scala	91
type-shape	../sge/sge/src/test/scala/sge/math/TriangulatorIndicesRedSuite.scala	107
type-shape	../sge/sge/src/test/scala/sge/math/TriangulatorIndicesRedSuite.scala	116
member-shape	../sge/sge/src/test/scala/sge/math/Vector3RotTest.scala	98
member-shape	../sge/sge/src/test/scala/sge/math/Vector3RotTest.scala	104
member-shape	../sge/sge/src/test/scala/sge/math/Vector3RotTest.scala	111
member-shape	../sge/sge/src/test/scala/sge/math/VectorArithmeticTest.scala	35
member-shape	../sge/sge/src/test/scala/sge/math/VectorArithmeticTest.scala	41
member-shape	../sge/sge/src/test/scala/sge/math/VectorArithmeticTest.scala	66
arity	../sge/sge/src/test/scala/sge/math/VectorArithmeticTest.scala	71
arity	../sge/sge/src/test/scala/sge/math/VectorArithmeticTest.scala	76
arity	../sge/sge/src/test/scala/sge/math/VectorArithmeticTest.scala	82
arity	../sge/sge/src/test/scala/sge/math/VectorArithmeticTest.scala	129
arity	../sge/sge/src/test/scala/sge/math/VectorArithmeticTest.scala	135
arity	../sge/sge/src/test/scala/sge/math/VectorArithmeticTest.scala	141
arity	../sge/sge/src/test/scala/sge/math/VectorArithmeticTest.scala	147
arity	../sge/sge/src/test/scala/sge/math/VectorArithmeticTest.scala	153
type-shape	../sge/sge/src/test/scala/sge/math/VectorArithmeticTest.scala	188
member-shape	../sge/sge/src/test/scala/sge/math/VectorArithmeticTest.scala	189
type-shape	../sge/sge/src/test/scala/sge/math/VectorArithmeticTest.scala	193
type-shape	../sge/sge/src/test/scala/sge/math/VectorArithmeticTest.scala	194
member-shape	../sge/sge/src/test/scala/sge/math/VectorArithmeticTest.scala	195
member-shape	../sge/sge/src/test/scala/sge/math/VectorArithmeticTest.scala	199
member-shape	../sge/sge/src/test/scala/sge/math/VectorArithmeticTest.scala	199
member-shape	../sge/sge/src/test/scala/sge/math/VectorArithmeticTest.scala	206
member-shape	../sge/sge/src/test/scala/sge/math/VectorArithmeticTest.scala	206
member-shape	../sge/sge/src/test/scala/sge/math/VectorArithmeticTest.scala	212
member-shape	../sge/sge/src/test/scala/sge/math/VectorArithmeticTest.scala	212
member-shape	../sge/sge/src/test/scala/sge/math/VectorArithmeticTest.scala	225
member-shape	../sge/sge/src/test/scala/sge/math/VectorArithmeticTest.scala	235
member-shape	../sge/sge/src/test/scala/sge/math/VectorArithmeticTest.scala	241
member-shape	../sge/sge/src/test/scala/sge/math/VectorArithmeticTest.scala	257
member-shape	../sge/sge/src/test/scala/sge/math/VectorArithmeticTest.scala	264
member-shape	../sge/sge/src/test/scala/sge/math/VectorArithmeticTest.scala	265
arity	../sge/sge/src/test/scala/sge/math/VectorArithmeticTest.scala	271
arity	../sge/sge/src/test/scala/sge/math/VectorArithmeticTest.scala	277
arity	../sge/sge/src/test/scala/sge/math/VectorArithmeticTest.scala	314
arity	../sge/sge/src/test/scala/sge/math/VectorArithmeticTest.scala	320
type-shape	../sge/sge/src/test/scala/sge/math/VectorArithmeticTest.scala	324
member-shape	../sge/sge/src/test/scala/sge/math/VectorArithmeticTest.scala	325
type-shape	../sge/sge/src/test/scala/sge/math/VectorArithmeticTest.scala	329
member-shape	../sge/sge/src/test/scala/sge/math/VectorArithmeticTest.scala	330
member-shape	../sge/sge/src/test/scala/sge/math/VectorArithmeticTest.scala	334
member-shape	../sge/sge/src/test/scala/sge/math/VectorArithmeticTest.scala	334
member-shape	../sge/sge/src/test/scala/sge/math/VectorArithmeticTest.scala	358
arity	../sge/sge/src/test/scala/sge/math/VectorArithmeticTest.scala	372
arity	../sge/sge/src/test/scala/sge/math/VectorArithmeticTest.scala	378
member-shape	../sge/sge/src/test/scala/sge/math/VectorArithmeticTest.scala	394
member-shape	../sge/sge/src/test/scala/sge/math/VectorArithmeticTest.scala	395
member-shape	../sge/sge/src/test/scala/sge/math/VectorArithmeticTest.scala	396
arity	../sge/sge/src/test/scala/sge/math/VectorArithmeticTest.scala	405
arity	../sge/sge/src/test/scala/sge/math/VectorArithmeticTest.scala	412
member-shape	../sge/sge/src/test/scala/sge/math/VectorArithmeticTest.scala	419
member-shape	../sge/sge/src/test/scala/sge/math/VectorArithmeticTest.scala	420
member-shape	../sge/sge/src/test/scala/sge/math/VectorArithmeticTest.scala	421
arity	../sge/sge/src/test/scala/sge/math/VectorArithmeticTest.scala	430
arity	../sge/sge/src/test/scala/sge/math/VectorArithmeticTest.scala	437
net	../sge/sge/src/test/scala/sge/net/SgeHttpRequestTest.scala	15
net	../sge/sge/src/test/scala/sge/net/SgeHttpRequestTest.scala	16
net	../sge/sge/src/test/scala/sge/net/SgeHttpRequestTest.scala	25
net	../sge/sge/src/test/scala/sge/net/SgeHttpRequestTest.scala	35
net	../sge/sge/src/test/scala/sge/net/SgeHttpRequestTest.scala	37
net	../sge/sge/src/test/scala/sge/net/SgeHttpRequestTest.scala	43
net	../sge/sge/src/test/scala/sge/net/SgeHttpRequestTest.scala	50
net	../sge/sge/src/test/scala/sge/net/SgeHttpRequestTest.scala	54
net	../sge/sge/src/test/scala/sge/net/SgeHttpRequestTest.scala	55
net	../sge/sge/src/test/scala/sge/net/SgeHttpRequestTest.scala	59
net	../sge/sge/src/test/scala/sge/net/SgeHttpRequestTest.scala	71
net	../sge/sge/src/test/scala/sge/net/SgeHttpRequestTest.scala	81
net	../sge/sge/src/test/scala/sge/net/SgeHttpRequestTest.scala	81
net	../sge/sge/src/test/scala/sge/net/SgeHttpRequestTest.scala	85
net	../sge/sge/src/test/scala/sge/net/SgeHttpRequestTest.scala	92
net	../sge/sge/src/test/scala/sge/net/SgeHttpRequestTest.scala	97
net	../sge/sge/src/test/scala/sge/net/SgeHttpRequestTest.scala	98
net	../sge/sge/src/test/scala/sge/net/SgeHttpResponseTest.scala	13
net	../sge/sge/src/test/scala/sge/net/SgeHttpResponseTest.scala	13
net	../sge/sge/src/test/scala/sge/net/SgeHttpResponseTest.scala	14
net	../sge/sge/src/test/scala/sge/net/SgeHttpResponseTest.scala	14
net	../sge/sge/src/test/scala/sge/net/SgeHttpResponseTest.scala	15
net	../sge/sge/src/test/scala/sge/net/SgeHttpResponseTest.scala	15
net	../sge/sge/src/test/scala/sge/net/SgeHttpResponseTest.scala	16
net	../sge/sge/src/test/scala/sge/net/SgeHttpResponseTest.scala	22
net	../sge/sge/src/test/scala/sge/net/SgeHttpResponseTest.scala	23
net	../sge/sge/src/test/scala/sge/net/SgeHttpResponseTest.scala	24
net	../sge/sge/src/test/scala/sge/net/SgeHttpResponseTest.scala	26
net	../sge/sge/src/test/scala/sge/net/SgeHttpResponseTest.scala	32
net	../sge/sge/src/test/scala/sge/net/SgeHttpResponseTest.scala	74
net	../sge/sge/src/test/scala/sge/net/SgeHttpResponseTest.scala	89
net	../sge/sge/src/test/scala/sge/net/SgeHttpResponseTest.scala	90
net	../sge/sge/src/test/scala/sge/net/SgeHttpResponseTest.scala	91
net	../sge/sge/src/test/scala/sge/net/SgeHttpResponseTest.scala	95
net	../sge/sge/src/test/scala/sge/net/SgeHttpResponseTest.scala	96
member-shape	../sge/sge/src/test/scala/sge/noop/NoopAudioTest.scala	29
member-shape	../sge/sge/src/test/scala/sge/noop/NoopAudioTest.scala	89
member-shape	../sge/sge/src/test/scala/sge/noop/NoopGL32.scala	718
member-shape	../sge/sge/src/test/scala/sge/noop/NoopGraphicsTest.scala	31
member-shape	../sge/sge/src/test/scala/sge/noop/NoopGraphicsTest.scala	49
member-shape	../sge/sge/src/test/scala/sge/noop/NoopGraphicsTest.scala	50
member-shape	../sge/sge/src/test/scala/sge/noop/NoopGraphicsTest.scala	51
member-shape	../sge/sge/src/test/scala/sge/noop/NoopGraphicsTest.scala	52
member-shape	../sge/sge/src/test/scala/sge/noop/NoopGraphicsTest.scala	53
member-shape	../sge/sge/src/test/scala/sge/noop/NoopGraphicsTest.scala	54
member-shape	../sge/sge/src/test/scala/sge/noop/NoopGraphicsTest.scala	94
opaque-key-button	../sge/sge/src/test/scala/sge/noop/NoopInputTest.scala	7
opaque-key-button	../sge/sge/src/test/scala/sge/noop/NoopInputTest.scala	7
arity	../sge/sge/src/test/scala/sge/noop/NoopInputTest.scala	16
arity	../sge/sge/src/test/scala/sge/noop/NoopInputTest.scala	18
arity	../sge/sge/src/test/scala/sge/noop/NoopInputTest.scala	20
arity	../sge/sge/src/test/scala/sge/noop/NoopInputTest.scala	22
opaque-key-button	../sge/sge/src/test/scala/sge/noop/NoopInputTest.scala	40
opaque-key-button	../sge/sge/src/test/scala/sge/noop/NoopInputTest.scala	41
opaque-key-button	../sge/sge/src/test/scala/sge/noop/NoopInputTest.scala	42
opaque-key-button	../sge/sge/src/test/scala/sge/noop/NoopInputTest.scala	43
arity	../sge/sge/src/test/scala/sge/noop/NoopInputTest.scala	45
assertion-mismatch	../sge/sge/src/test/scala/sge/noop/NoopInputTest.scala	56
opaque-key-button	../sge/sge/src/test/scala/sge/noop/NoopInputTest.scala	64
member-shape	../sge/sge/src/test/scala/sge/noop/NoopInputTest.scala	66
opaque-key-button	../sge/sge/src/test/scala/sge/noop/NoopInputTest.scala	88
opaque-key-button	../sge/sge/src/test/scala/sge/noop/NoopInputTest.scala	89
opaque-time-pixels	../sge/sge/src/test/scala/sge/noop/NoopInputTest.scala	90
opaque-time-pixels	../sge/sge/src/test/scala/sge/noop/NoopInputTest.scala	90
arity	../sge/sge/src/test/scala/sge/scenes/scene2d/ActionTest.scala	21
opaque-time-pixels	../sge/sge/src/test/scala/sge/scenes/scene2d/ActionTest.scala	23
arity	../sge/sge/src/test/scala/sge/scenes/scene2d/ActionTest.scala	25
opaque-time-pixels	../sge/sge/src/test/scala/sge/scenes/scene2d/ActionTest.scala	32
opaque-time-pixels	../sge/sge/src/test/scala/sge/scenes/scene2d/ActionTest.scala	35
arity	../sge/sge/src/test/scala/sge/scenes/scene2d/ActionTest.scala	36
opaque-time-pixels	../sge/sge/src/test/scala/sge/scenes/scene2d/ActionTest.scala	42
opaque-time-pixels	../sge/sge/src/test/scala/sge/scenes/scene2d/ActionTest.scala	43
opaque-time-pixels	../sge/sge/src/test/scala/sge/scenes/scene2d/ActionTest.scala	62
arity	../sge/sge/src/test/scala/sge/scenes/scene2d/ActionTest.scala	65
member-shape	../sge/sge/src/test/scala/sge/scenes/scene2d/ActionTest.scala	66
opaque-time-pixels	../sge/sge/src/test/scala/sge/scenes/scene2d/ActionTest.scala	68
opaque-time-pixels	../sge/sge/src/test/scala/sge/scenes/scene2d/ActionTest.scala	79
opaque-time-pixels	../sge/sge/src/test/scala/sge/scenes/scene2d/ActionTest.scala	80
opaque-time-pixels	../sge/sge/src/test/scala/sge/scenes/scene2d/ActionTest.scala	90
opaque-time-pixels	../sge/sge/src/test/scala/sge/scenes/scene2d/ActionTest.scala	91
opaque-time-pixels	../sge/sge/src/test/scala/sge/scenes/scene2d/ActionTest.scala	107
opaque-time-pixels	../sge/sge/src/test/scala/sge/scenes/scene2d/ActionTest.scala	117
opaque-time-pixels	../sge/sge/src/test/scala/sge/scenes/scene2d/ActionTest.scala	129
opaque-time-pixels	../sge/sge/src/test/scala/sge/scenes/scene2d/ActionTest.scala	130
opaque-time-pixels	../sge/sge/src/test/scala/sge/scenes/scene2d/ActionTest.scala	144
opaque-time-pixels	../sge/sge/src/test/scala/sge/scenes/scene2d/ActionTest.scala	145
member-shape	../sge/sge/src/test/scala/sge/scenes/scene2d/ActionTest.scala	153
opaque-time-pixels	../sge/sge/src/test/scala/sge/scenes/scene2d/ActionTest.scala	155
opaque-time-pixels	../sge/sge/src/test/scala/sge/scenes/scene2d/ActionTest.scala	156
opaque-time-pixels	../sge/sge/src/test/scala/sge/scenes/scene2d/ActionTest.scala	171
opaque-time-pixels	../sge/sge/src/test/scala/sge/scenes/scene2d/ActionTest.scala	172
opaque-time-pixels	../sge/sge/src/test/scala/sge/scenes/scene2d/ActionTest.scala	177
opaque-time-pixels	../sge/sge/src/test/scala/sge/scenes/scene2d/ActionTest.scala	182
opaque-time-pixels	../sge/sge/src/test/scala/sge/scenes/scene2d/ActionTest.scala	197
opaque-time-pixels	../sge/sge/src/test/scala/sge/scenes/scene2d/ActionTest.scala	198
opaque-time-pixels	../sge/sge/src/test/scala/sge/scenes/scene2d/ActionTest.scala	201
opaque-time-pixels	../sge/sge/src/test/scala/sge/scenes/scene2d/ActionTest.scala	216
opaque-time-pixels	../sge/sge/src/test/scala/sge/scenes/scene2d/ActionTest.scala	216
opaque-time-pixels	../sge/sge/src/test/scala/sge/scenes/scene2d/ActionTest.scala	219
opaque-time-pixels	../sge/sge/src/test/scala/sge/scenes/scene2d/ActionTest.scala	222
opaque-time-pixels	../sge/sge/src/test/scala/sge/scenes/scene2d/ActionTest.scala	236
opaque-time-pixels	../sge/sge/src/test/scala/sge/scenes/scene2d/ActionTest.scala	251
member-shape	../sge/sge/src/test/scala/sge/scenes/scene2d/ActorPropertyHookRedSuite.scala	44
member-shape	../sge/sge/src/test/scala/sge/scenes/scene2d/ActorPropertyHookRedSuite.scala	51
member-shape	../sge/sge/src/test/scala/sge/scenes/scene2d/ActorPropertyHookRedSuite.scala	62
member-shape	../sge/sge/src/test/scala/sge/scenes/scene2d/ActorPropertyHookRedSuite.scala	63
member-shape	../sge/sge/src/test/scala/sge/scenes/scene2d/ActorPropertyHookRedSuite.scala	65
member-shape	../sge/sge/src/test/scala/sge/scenes/scene2d/ActorPropertyHookRedSuite.scala	66
member-shape	../sge/sge/src/test/scala/sge/scenes/scene2d/ActorPropertyHookRedSuite.scala	77
member-shape	../sge/sge/src/test/scala/sge/scenes/scene2d/ActorPropertyHookRedSuite.scala	80
member-shape	../sge/sge/src/test/scala/sge/scenes/scene2d/ActorPropertyHookRedSuite.scala	91
member-shape	../sge/sge/src/test/scala/sge/scenes/scene2d/EventPropagationTest.scala	179
nullable	../sge/sge/src/test/scala/sge/scenes/scene2d/EventPropagationTest.scala	200
opaque-key-button	../sge/sge/src/test/scala/sge/scenes/scene2d/InputEventTest.scala	6
opaque-key-button	../sge/sge/src/test/scala/sge/scenes/scene2d/InputEventTest.scala	6
opaque-key-button	../sge/sge/src/test/scala/sge/scenes/scene2d/InputEventTest.scala	25
opaque-key-button	../sge/sge/src/test/scala/sge/scenes/scene2d/InputEventTest.scala	26
opaque-key-button	../sge/sge/src/test/scala/sge/scenes/scene2d/InputEventTest.scala	42
opaque-key-button	../sge/sge/src/test/scala/sge/scenes/scene2d/InputEventTest.scala	43
opaque-key-button	../sge/sge/src/test/scala/sge/scenes/scene2d/InputEventTest.scala	55
opaque-key-button	../sge/sge/src/test/scala/sge/scenes/scene2d/InputEventTest.scala	56
member-shape	../sge/sge/src/test/scala/sge/scenes/scene2d/InputEventTest.scala	85
member-shape	../sge/sge/src/test/scala/sge/scenes/scene2d/InputEventTest.scala	86
opaque-key-button	../sge/sge/src/test/scala/sge/scenes/scene2d/InputEventTest.scala	98
opaque-key-button	../sge/sge/src/test/scala/sge/scenes/scene2d/InputEventTest.scala	105
member-shape	../sge/sge/src/test/scala/sge/scenes/scene2d/InputEventTest.scala	107
member-shape	../sge/sge/src/test/scala/sge/scenes/scene2d/InputEventTest.scala	108
member-shape	../sge/sge/src/test/scala/sge/scenes/scene2d/InputEventTest.scala	109
member-shape	../sge/sge/src/test/scala/sge/scenes/scene2d/InputEventTest.scala	110
member-shape	../sge/sge/src/test/scala/sge/scenes/scene2d/InputEventTest.scala	111
member-shape	../sge/sge/src/test/scala/sge/scenes/scene2d/InputEventTest.scala	124
member-shape	../sge/sge/src/test/scala/sge/scenes/scene2d/InputEventTest.scala	131
member-shape	../sge/sge/src/test/scala/sge/scenes/scene2d/InputEventTest.scala	138
member-shape	../sge/sge/src/test/scala/sge/scenes/scene2d/InputEventTest.scala	147
member-shape	../sge/sge/src/test/scala/sge/scenes/scene2d/InputEventTest.scala	158
member-shape	../sge/sge/src/test/scala/sge/scenes/scene2d/InputEventTest.scala	160
member-shape	../sge/sge/src/test/scala/sge/scenes/scene2d/InputEventTest.scala	162
member-shape	../sge/sge/src/test/scala/sge/scenes/scene2d/InputEventTest.scala	164
member-shape	../sge/sge/src/test/scala/sge/scenes/scene2d/InputEventTest.scala	168
member-shape	../sge/sge/src/test/scala/sge/scenes/scene2d/InputEventTest.scala	169
member-shape	../sge/sge/src/test/scala/sge/scenes/scene2d/InputEventTest.scala	170
member-shape	../sge/sge/src/test/scala/sge/scenes/scene2d/Scene2DTest.scala	23
member-shape	../sge/sge/src/test/scala/sge/scenes/scene2d/Scene2DTest.scala	24
member-shape	../sge/sge/src/test/scala/sge/scenes/scene2d/Scene2DTest.scala	26
member-shape	../sge/sge/src/test/scala/sge/scenes/scene2d/Scene2DTest.scala	42
member-shape	../sge/sge/src/test/scala/sge/scenes/scene2d/Scene2DTest.scala	43
member-shape	../sge/sge/src/test/scala/sge/scenes/scene2d/Scene2DTest.scala	51
member-shape	../sge/sge/src/test/scala/sge/scenes/scene2d/Scene2DTest.scala	52
arity	../sge/sge/src/test/scala/sge/scenes/scene2d/Scene2DTest.scala	58
member-shape	../sge/sge/src/test/scala/sge/scenes/scene2d/Scene2DTest.scala	60
arity	../sge/sge/src/test/scala/sge/scenes/scene2d/Scene2DTest.scala	61
member-shape	../sge/sge/src/test/scala/sge/scenes/scene2d/Scene2DTest.scala	91
arity	../sge/sge/src/test/scala/sge/scenes/scene2d/Scene2DTest.scala	299
arity	../sge/sge/src/test/scala/sge/scenes/scene2d/Scene2DTest.scala	301
nullable	../sge/sge/src/test/scala/sge/scenes/scene2d/Scene2DTest.scala	369
nullable	../sge/sge/src/test/scala/sge/scenes/scene2d/Scene2DTest.scala	373
nullable	../sge/sge/src/test/scala/sge/scenes/scene2d/Scene2DTest.scala	395
nullable	../sge/sge/src/test/scala/sge/scenes/scene2d/Scene2DTest.scala	422
opaque-time-pixels	../sge/sge/src/test/scala/sge/scenes/scene2d/actions/ActionsCharacterizationTest.scala	56
opaque-time-pixels	../sge/sge/src/test/scala/sge/scenes/scene2d/actions/ActionsCharacterizationTest.scala	57
opaque-time-pixels	../sge/sge/src/test/scala/sge/scenes/scene2d/actions/ActionsCharacterizationTest.scala	58
opaque-time-pixels	../sge/sge/src/test/scala/sge/scenes/scene2d/actions/ActionsCharacterizationTest.scala	59
opaque-time-pixels	../sge/sge/src/test/scala/sge/scenes/scene2d/actions/ActionsCharacterizationTest.scala	65
opaque-time-pixels	../sge/sge/src/test/scala/sge/scenes/scene2d/actions/ActionsCharacterizationTest.scala	67
opaque-time-pixels	../sge/sge/src/test/scala/sge/scenes/scene2d/actions/ActionsCharacterizationTest.scala	71
opaque-time-pixels	../sge/sge/src/test/scala/sge/scenes/scene2d/actions/ActionsCharacterizationTest.scala	79
opaque-time-pixels	../sge/sge/src/test/scala/sge/scenes/scene2d/actions/ActionsCharacterizationTest.scala	80
opaque-time-pixels	../sge/sge/src/test/scala/sge/scenes/scene2d/actions/ActionsCharacterizationTest.scala	84
opaque-time-pixels	../sge/sge/src/test/scala/sge/scenes/scene2d/actions/ActionsCharacterizationTest.scala	91
opaque-time-pixels	../sge/sge/src/test/scala/sge/scenes/scene2d/actions/ActionsCharacterizationTest.scala	92
opaque-time-pixels	../sge/sge/src/test/scala/sge/scenes/scene2d/actions/ActionsCharacterizationTest.scala	94
opaque-time-pixels	../sge/sge/src/test/scala/sge/scenes/scene2d/actions/ActionsCharacterizationTest.scala	100
opaque-time-pixels	../sge/sge/src/test/scala/sge/scenes/scene2d/actions/ActionsCharacterizationTest.scala	108
opaque-time-pixels	../sge/sge/src/test/scala/sge/scenes/scene2d/actions/ActionsCharacterizationTest.scala	110
opaque-time-pixels	../sge/sge/src/test/scala/sge/scenes/scene2d/actions/ActionsCharacterizationTest.scala	116
opaque-time-pixels	../sge/sge/src/test/scala/sge/scenes/scene2d/actions/ActionsCharacterizationTest.scala	118
opaque-time-pixels	../sge/sge/src/test/scala/sge/scenes/scene2d/actions/ActionsCharacterizationTest.scala	124
opaque-time-pixels	../sge/sge/src/test/scala/sge/scenes/scene2d/actions/ActionsCharacterizationTest.scala	126
opaque-time-pixels	../sge/sge/src/test/scala/sge/scenes/scene2d/actions/ActionsCharacterizationTest.scala	133
opaque-time-pixels	../sge/sge/src/test/scala/sge/scenes/scene2d/actions/ActionsCharacterizationTest.scala	134
opaque-time-pixels	../sge/sge/src/test/scala/sge/scenes/scene2d/actions/ActionsCharacterizationTest.scala	140
opaque-time-pixels	../sge/sge/src/test/scala/sge/scenes/scene2d/actions/ActionsCharacterizationTest.scala	159
opaque-time-pixels	../sge/sge/src/test/scala/sge/scenes/scene2d/actions/ActionsCharacterizationTest.scala	168
opaque-time-pixels	../sge/sge/src/test/scala/sge/scenes/scene2d/actions/ActionsCharacterizationTest.scala	179
opaque-time-pixels	../sge/sge/src/test/scala/sge/scenes/scene2d/actions/ActionsCharacterizationTest.scala	190
nullable	../sge/sge/src/test/scala/sge/scenes/scene2d/actions/ActionsCharacterizationTest.scala	209
opaque-time-pixels	../sge/sge/src/test/scala/sge/scenes/scene2d/actions/ActionsCharacterizationTest.scala	211
opaque-time-pixels	../sge/sge/src/test/scala/sge/scenes/scene2d/actions/ActionsCharacterizationTest.scala	212
opaque-time-pixels	../sge/sge/src/test/scala/sge/scenes/scene2d/actions/ActionsCharacterizationTest.scala	213
nullable	../sge/sge/src/test/scala/sge/scenes/scene2d/actions/ActionsCharacterizationTest.scala	222
opaque-time-pixels	../sge/sge/src/test/scala/sge/scenes/scene2d/actions/ActionsCharacterizationTest.scala	224
nullable	../sge/sge/src/test/scala/sge/scenes/scene2d/actions/ActionsCharacterizationTest.scala	232
opaque-time-pixels	../sge/sge/src/test/scala/sge/scenes/scene2d/actions/ActionsCharacterizationTest.scala	234
opaque-time-pixels	../sge/sge/src/test/scala/sge/scenes/scene2d/actions/ActionsCharacterizationTest.scala	236
opaque-time-pixels	../sge/sge/src/test/scala/sge/scenes/scene2d/actions/ActionsCharacterizationTest.scala	247
opaque-time-pixels	../sge/sge/src/test/scala/sge/scenes/scene2d/actions/ActionsCharacterizationTest.scala	249
nullable	../sge/sge/src/test/scala/sge/scenes/scene2d/actions/ActionsCharacterizationTest.scala	254
opaque-time-pixels	../sge/sge/src/test/scala/sge/scenes/scene2d/actions/ActionsCharacterizationTest.scala	256
opaque-time-pixels	../sge/sge/src/test/scala/sge/scenes/scene2d/actions/ActionsCharacterizationTest.scala	262
opaque-time-pixels	../sge/sge/src/test/scala/sge/scenes/scene2d/actions/ActionsCharacterizationTest.scala	270
nullable	../sge/sge/src/test/scala/sge/scenes/scene2d/actions/ActionsCharacterizationTest.scala	274
opaque-time-pixels	../sge/sge/src/test/scala/sge/scenes/scene2d/actions/ActionsCharacterizationTest.scala	276
opaque-time-pixels	../sge/sge/src/test/scala/sge/scenes/scene2d/actions/ActionsCharacterizationTest.scala	278
opaque-time-pixels	../sge/sge/src/test/scala/sge/scenes/scene2d/actions/ActionsCharacterizationTest.scala	286
opaque-time-pixels	../sge/sge/src/test/scala/sge/scenes/scene2d/actions/ActionsCharacterizationTest.scala	288
nullable	../sge/sge/src/test/scala/sge/scenes/scene2d/actions/ActionsCharacterizationTest.scala	293
opaque-time-pixels	../sge/sge/src/test/scala/sge/scenes/scene2d/actions/ActionsCharacterizationTest.scala	295
opaque-time-pixels	../sge/sge/src/test/scala/sge/scenes/scene2d/actions/ActionsCharacterizationTest.scala	299
opaque-time-pixels	../sge/sge/src/test/scala/sge/scenes/scene2d/actions/ActionsCharacterizationTest.scala	305
nullable	../sge/sge/src/test/scala/sge/scenes/scene2d/actions/ActionsCharacterizationTest.scala	312
member-shape	../sge/sge/src/test/scala/sge/scenes/scene2d/actions/ActionsCharacterizationTest.scala	315
member-shape	../sge/sge/src/test/scala/sge/scenes/scene2d/actions/ActionsCharacterizationTest.scala	316
member-shape	../sge/sge/src/test/scala/sge/scenes/scene2d/actions/ActionsCharacterizationTest.scala	325
opaque-time-pixels	../sge/sge/src/test/scala/sge/scenes/scene2d/actions/ActionsCharacterizationTest.scala	329
opaque-time-pixels	../sge/sge/src/test/scala/sge/scenes/scene2d/actions/ActionsCharacterizationTest.scala	336
opaque-time-pixels	../sge/sge/src/test/scala/sge/scenes/scene2d/actions/ActionsCharacterizationTest.scala	343
nullable	../sge/sge/src/test/scala/sge/scenes/scene2d/actions/ActionsCharacterizationTest.scala	344
nullable	../sge/sge/src/test/scala/sge/scenes/scene2d/actions/ActionsCharacterizationTest.scala	345
member-shape	../sge/sge/src/test/scala/sge/scenes/scene2d/actions/ActionsCharacterizationTest.scala	349
member-shape	../sge/sge/src/test/scala/sge/scenes/scene2d/actions/ActionsCharacterizationTest.scala	350
opaque-time-pixels	../sge/sge/src/test/scala/sge/scenes/scene2d/actions/ActionsCharacterizationTest.scala	354
type-shape	../sge/sge/src/test/scala/sge/scenes/scene2d/actions/ActionsCharacterizationTest.scala	355
type-shape	../sge/sge/src/test/scala/sge/scenes/scene2d/actions/ActionsCharacterizationTest.scala	357
nullable	../sge/sge/src/test/scala/sge/scenes/scene2d/actions/ActionsSpatialBehaviourSuite.scala	29
opaque-time-pixels	../sge/sge/src/test/scala/sge/scenes/scene2d/actions/ActionsSpatialBehaviourSuite.scala	41
opaque-time-pixels	../sge/sge/src/test/scala/sge/scenes/scene2d/actions/ActionsSpatialBehaviourSuite.scala	44
opaque-time-pixels	../sge/sge/src/test/scala/sge/scenes/scene2d/actions/ActionsSpatialBehaviourSuite.scala	53
opaque-time-pixels	../sge/sge/src/test/scala/sge/scenes/scene2d/actions/ActionsSpatialBehaviourSuite.scala	56
opaque-time-pixels	../sge/sge/src/test/scala/sge/scenes/scene2d/actions/ActionsSpatialBehaviourSuite.scala	65
opaque-time-pixels	../sge/sge/src/test/scala/sge/scenes/scene2d/actions/ActionsSpatialBehaviourSuite.scala	69
opaque-time-pixels	../sge/sge/src/test/scala/sge/scenes/scene2d/actions/ActionsSpatialBehaviourSuite.scala	77
opaque-time-pixels	../sge/sge/src/test/scala/sge/scenes/scene2d/actions/ActionsSpatialBehaviourSuite.scala	81
opaque-time-pixels	../sge/sge/src/test/scala/sge/scenes/scene2d/actions/ActionsSpatialBehaviourSuite.scala	84
opaque-time-pixels	../sge/sge/src/test/scala/sge/scenes/scene2d/actions/ActionsSpatialBehaviourSuite.scala	93
opaque-time-pixels	../sge/sge/src/test/scala/sge/scenes/scene2d/actions/ActionsSpatialBehaviourSuite.scala	98
opaque-time-pixels	../sge/sge/src/test/scala/sge/scenes/scene2d/actions/ActionsSpatialBehaviourSuite.scala	111
opaque-time-pixels	../sge/sge/src/test/scala/sge/scenes/scene2d/actions/ActionsSpatialBehaviourSuite.scala	114
opaque-time-pixels	../sge/sge/src/test/scala/sge/scenes/scene2d/actions/ActionsSpatialBehaviourSuite.scala	118
opaque-time-pixels	../sge/sge/src/test/scala/sge/scenes/scene2d/actions/ActionsSpatialBehaviourSuite.scala	131
opaque-time-pixels	../sge/sge/src/test/scala/sge/scenes/scene2d/actions/ActionsSpatialBehaviourSuite.scala	134
opaque-time-pixels	../sge/sge/src/test/scala/sge/scenes/scene2d/actions/ActionsSpatialBehaviourSuite.scala	143
opaque-time-pixels	../sge/sge/src/test/scala/sge/scenes/scene2d/actions/ActionsSpatialBehaviourSuite.scala	146
opaque-time-pixels	../sge/sge/src/test/scala/sge/scenes/scene2d/actions/ActionsSpatialBehaviourSuite.scala	149
opaque-time-pixels	../sge/sge/src/test/scala/sge/scenes/scene2d/actions/ActionsSpatialBehaviourSuite.scala	162
opaque-time-pixels	../sge/sge/src/test/scala/sge/scenes/scene2d/actions/ActionsSpatialBehaviourSuite.scala	165
opaque-time-pixels	../sge/sge/src/test/scala/sge/scenes/scene2d/actions/ActionsSpatialBehaviourSuite.scala	173
opaque-time-pixels	../sge/sge/src/test/scala/sge/scenes/scene2d/actions/ActionsSpatialBehaviourSuite.scala	176
opaque-time-pixels	../sge/sge/src/test/scala/sge/scenes/scene2d/actions/ActionsSpatialBehaviourSuite.scala	185
opaque-time-pixels	../sge/sge/src/test/scala/sge/scenes/scene2d/actions/ActionsSpatialBehaviourSuite.scala	188
opaque-time-pixels	../sge/sge/src/test/scala/sge/scenes/scene2d/actions/ActionsSpatialBehaviourSuite.scala	190
opaque-time-pixels	../sge/sge/src/test/scala/sge/scenes/scene2d/actions/ActionsSpatialBehaviourSuite.scala	202
opaque-time-pixels	../sge/sge/src/test/scala/sge/scenes/scene2d/actions/ActionsSpatialBehaviourSuite.scala	205
member-shape	../sge/sge/src/test/scala/sge/scenes/scene2d/actions/ActionsSpatialBehaviourSuite.scala	206
member-shape	../sge/sge/src/test/scala/sge/scenes/scene2d/actions/ActionsSpatialBehaviourSuite.scala	207
opaque-time-pixels	../sge/sge/src/test/scala/sge/scenes/scene2d/actions/ActionsSpatialBehaviourSuite.scala	214
opaque-time-pixels	../sge/sge/src/test/scala/sge/scenes/scene2d/actions/ActionsSpatialBehaviourSuite.scala	217
member-shape	../sge/sge/src/test/scala/sge/scenes/scene2d/actions/ActionsSpatialBehaviourSuite.scala	218
member-shape	../sge/sge/src/test/scala/sge/scenes/scene2d/actions/ActionsSpatialBehaviourSuite.scala	219
opaque-time-pixels	../sge/sge/src/test/scala/sge/scenes/scene2d/actions/ActionsSpatialBehaviourSuite.scala	229
opaque-time-pixels	../sge/sge/src/test/scala/sge/scenes/scene2d/actions/ActionsSpatialBehaviourSuite.scala	232
opaque-time-pixels	../sge/sge/src/test/scala/sge/scenes/scene2d/actions/ActionsSpatialBehaviourSuite.scala	234
opaque-time-pixels	../sge/sge/src/test/scala/sge/scenes/scene2d/actions/ActionsSpatialBehaviourSuite.scala	242
opaque-time-pixels	../sge/sge/src/test/scala/sge/scenes/scene2d/actions/ActionsSpatialBehaviourSuite.scala	246
opaque-time-pixels	../sge/sge/src/test/scala/sge/scenes/scene2d/actions/ActionsSpatialBehaviourSuite.scala	258
opaque-time-pixels	../sge/sge/src/test/scala/sge/scenes/scene2d/actions/ActionsSpatialBehaviourSuite.scala	261
opaque-time-pixels	../sge/sge/src/test/scala/sge/scenes/scene2d/actions/ActionsSpatialBehaviourSuite.scala	271
opaque-time-pixels	../sge/sge/src/test/scala/sge/scenes/scene2d/actions/ActionsSpatialBehaviourSuite.scala	274
opaque-time-pixels	../sge/sge/src/test/scala/sge/scenes/scene2d/actions/ActionsSpatialBehaviourSuite.scala	287
nullable	../sge/sge/src/test/scala/sge/scenes/scene2d/actions/ActionsSpatialBehaviourSuite.scala	288
opaque-time-pixels	../sge/sge/src/test/scala/sge/scenes/scene2d/actions/ActionsSpatialBehaviourSuite.scala	290
opaque-time-pixels	../sge/sge/src/test/scala/sge/scenes/scene2d/actions/ActionsSpatialBehaviourSuite.scala	292
opaque-time-pixels	../sge/sge/src/test/scala/sge/scenes/scene2d/actions/ActionsSpatialBehaviourSuite.scala	301
opaque-time-pixels	../sge/sge/src/test/scala/sge/scenes/scene2d/actions/ActionsSpatialBehaviourSuite.scala	302
opaque-time-pixels	../sge/sge/src/test/scala/sge/scenes/scene2d/actions/ActionsSpatialBehaviourSuite.scala	307
opaque-time-pixels	../sge/sge/src/test/scala/sge/scenes/scene2d/actions/ActionsSpatialBehaviourSuite.scala	314
opaque-time-pixels	../sge/sge/src/test/scala/sge/scenes/scene2d/actions/ActionsSpatialBehaviourSuite.scala	315
opaque-time-pixels	../sge/sge/src/test/scala/sge/scenes/scene2d/actions/ActionsSpatialBehaviourSuite.scala	321
opaque-time-pixels	../sge/sge/src/test/scala/sge/scenes/scene2d/actions/ActionsSpatialBehaviourSuite.scala	322
opaque-time-pixels	../sge/sge/src/test/scala/sge/scenes/scene2d/actions/ActionsSpatialBehaviourSuite.scala	334
opaque-time-pixels	../sge/sge/src/test/scala/sge/scenes/scene2d/actions/ActionsSpatialBehaviourSuite.scala	337
opaque-time-pixels	../sge/sge/src/test/scala/sge/scenes/scene2d/actions/ActionsSpatialBehaviourSuite.scala	341
opaque-time-pixels	../sge/sge/src/test/scala/sge/scenes/scene2d/actions/ColorActionBeginCacheRedSuite.scala	39
nullable	../sge/sge/src/test/scala/sge/scenes/scene2d/actions/ColorActionBeginCacheRedSuite.scala	40
opaque-time-pixels	../sge/sge/src/test/scala/sge/scenes/scene2d/actions/ColorActionBeginCacheRedSuite.scala	45
opaque-time-pixels	../sge/sge/src/test/scala/sge/scenes/scene2d/actions/DelayActionOvershootRedSuite.scala	35
nullable	../sge/sge/src/test/scala/sge/scenes/scene2d/ui/ButtonBackgroundFallthroughRedSuite.scala	34
member-shape	../sge/sge/src/test/scala/sge/scenes/scene2d/ui/ButtonBackgroundFallthroughRedSuite.scala	54
member-shape	../sge/sge/src/test/scala/sge/scenes/scene2d/ui/ButtonBackgroundFallthroughRedSuite.scala	55
member-shape	../sge/sge/src/test/scala/sge/scenes/scene2d/ui/ButtonTest.scala	32
member-shape	../sge/sge/src/test/scala/sge/scenes/scene2d/ui/SkinStyleReaderTest.scala	167
member-shape	../sge/sge/src/test/scala/sge/scenes/scene2d/ui/SkinStyleReaderTest.scala	168
member-shape	../sge/sge/src/test/scala/sge/scenes/scene2d/ui/TableCellTest.scala	22
nullable	../sge/sge/src/test/scala/sge/scenes/scene2d/ui/TableCellTest.scala	29
member-shape	../sge/sge/src/test/scala/sge/scenes/scene2d/ui/TableCellTest.scala	30
assertion-mismatch	../sge/sge/src/test/scala/sge/scenes/scene2d/ui/TableCellTest.scala	32
nullable	../sge/sge/src/test/scala/sge/scenes/scene2d/ui/TableCellTest.scala	38
member-shape	../sge/sge/src/test/scala/sge/scenes/scene2d/ui/TableCellTest.scala	39
member-shape	../sge/sge/src/test/scala/sge/scenes/scene2d/ui/TableCellTest.scala	47
arity	../sge/sge/src/test/scala/sge/scenes/scene2d/ui/TableCellTest.scala	48
nullable	../sge/sge/src/test/scala/sge/scenes/scene2d/ui/TableCellTest.scala	57
member-shape	../sge/sge/src/test/scala/sge/scenes/scene2d/ui/TableCellTest.scala	58
nullable	../sge/sge/src/test/scala/sge/scenes/scene2d/ui/TableCellTest.scala	68
nullable	../sge/sge/src/test/scala/sge/scenes/scene2d/ui/TableCellTest.scala	70
member-shape	../sge/sge/src/test/scala/sge/scenes/scene2d/ui/TableCellTest.scala	74
nullable	../sge/sge/src/test/scala/sge/scenes/scene2d/ui/TableCellTest.scala	80
nullable	../sge/sge/src/test/scala/sge/scenes/scene2d/ui/TableCellTest.scala	81
nullable	../sge/sge/src/test/scala/sge/scenes/scene2d/ui/TableCellTest.scala	83
nullable	../sge/sge/src/test/scala/sge/scenes/scene2d/ui/TableCellTest.scala	101
member-shape	../sge/sge/src/test/scala/sge/scenes/scene2d/ui/TableCellTest.scala	104
nullable	../sge/sge/src/test/scala/sge/scenes/scene2d/ui/TableCellTest.scala	110
nullable	../sge/sge/src/test/scala/sge/scenes/scene2d/ui/TableCellTest.scala	123
nullable	../sge/sge/src/test/scala/sge/scenes/scene2d/ui/TableCellTest.scala	124
member-shape	../sge/sge/src/test/scala/sge/scenes/scene2d/ui/TableCellTest.scala	127
type-shape	../sge/sge/src/test/scala/sge/scenes/scene2d/ui/TableCellTest.scala	140
member-shape	../sge/sge/src/test/scala/sge/scenes/scene2d/ui/TableCellTest.scala	141
member-shape	../sge/sge/src/test/scala/sge/scenes/scene2d/ui/TableCellTest.scala	152
member-shape	../sge/sge/src/test/scala/sge/scenes/scene2d/ui/TableCellTest.scala	154
member-shape	../sge/sge/src/test/scala/sge/scenes/scene2d/ui/TableCellTest.scala	165
arity	../sge/sge/src/test/scala/sge/scenes/scene2d/ui/TableCellTest.scala	172
arity	../sge/sge/src/test/scala/sge/scenes/scene2d/ui/TableCellTest.scala	173
arity	../sge/sge/src/test/scala/sge/scenes/scene2d/ui/TableCellTest.scala	174
arity	../sge/sge/src/test/scala/sge/scenes/scene2d/ui/TableCellTest.scala	175
other	../sge/sge/src/test/scala/sge/scenes/scene2d/ui/TableCellTest.scala	181
other	../sge/sge/src/test/scala/sge/scenes/scene2d/ui/TableCellTest.scala	182
other	../sge/sge/src/test/scala/sge/scenes/scene2d/ui/TableCellTest.scala	183
other	../sge/sge/src/test/scala/sge/scenes/scene2d/ui/TableCellTest.scala	184
arity	../sge/sge/src/test/scala/sge/scenes/scene2d/ui/TableCellTest.scala	185
arity	../sge/sge/src/test/scala/sge/scenes/scene2d/ui/TableCellTest.scala	186
arity	../sge/sge/src/test/scala/sge/scenes/scene2d/ui/TableCellTest.scala	187
arity	../sge/sge/src/test/scala/sge/scenes/scene2d/ui/TableCellTest.scala	188
member-shape	../sge/sge/src/test/scala/sge/scenes/scene2d/ui/TableCellTest.scala	208
nullable	../sge/sge/src/test/scala/sge/scenes/scene2d/ui/TableCellTest.scala	224
nullable	../sge/sge/src/test/scala/sge/scenes/scene2d/ui/TableCellTest.scala	237
nullable	../sge/sge/src/test/scala/sge/scenes/scene2d/ui/TableCellTest.scala	246
nullable	../sge/sge/src/test/scala/sge/scenes/scene2d/ui/TableCellTest.scala	256
nullable	../sge/sge/src/test/scala/sge/scenes/scene2d/ui/TableCellTest.scala	270
nullable	../sge/sge/src/test/scala/sge/scenes/scene2d/ui/TableCellTest.scala	279
nullable	../sge/sge/src/test/scala/sge/scenes/scene2d/ui/TableCellTest.scala	288
nullable	../sge/sge/src/test/scala/sge/scenes/scene2d/ui/TableCellTest.scala	301
nullable	../sge/sge/src/test/scala/sge/scenes/scene2d/ui/TableCellTest.scala	312
nullable	../sge/sge/src/test/scala/sge/scenes/scene2d/ui/TableCellTest.scala	323
nullable	../sge/sge/src/test/scala/sge/scenes/scene2d/ui/TableCellTest.scala	336
nullable	../sge/sge/src/test/scala/sge/scenes/scene2d/ui/TableCellTest.scala	347
nullable	../sge/sge/src/test/scala/sge/scenes/scene2d/ui/TableCellTest.scala	360
assertion-mismatch	../sge/sge/src/test/scala/sge/scenes/scene2d/ui/TableCellTest.scala	362
assertion-mismatch	../sge/sge/src/test/scala/sge/scenes/scene2d/ui/TableCellTest.scala	363
nullable	../sge/sge/src/test/scala/sge/scenes/scene2d/ui/TableCellTest.scala	369
assertion-mismatch	../sge/sge/src/test/scala/sge/scenes/scene2d/ui/TableCellTest.scala	371
assertion-mismatch	../sge/sge/src/test/scala/sge/scenes/scene2d/ui/TableCellTest.scala	372
nullable	../sge/sge/src/test/scala/sge/scenes/scene2d/ui/TableCellTest.scala	382
assertion-mismatch	../sge/sge/src/test/scala/sge/scenes/scene2d/ui/TableCellTest.scala	384
assertion-mismatch	../sge/sge/src/test/scala/sge/scenes/scene2d/ui/TableCellTest.scala	385
nullable	../sge/sge/src/test/scala/sge/scenes/scene2d/ui/TableCellTest.scala	395
assertion-mismatch	../sge/sge/src/test/scala/sge/scenes/scene2d/ui/TableCellTest.scala	397
assertion-mismatch	../sge/sge/src/test/scala/sge/scenes/scene2d/ui/TableCellTest.scala	398
assertion-mismatch	../sge/sge/src/test/scala/sge/scenes/scene2d/ui/TableCellTest.scala	399
assertion-mismatch	../sge/sge/src/test/scala/sge/scenes/scene2d/ui/TableCellTest.scala	400
nullable	../sge/sge/src/test/scala/sge/scenes/scene2d/ui/TableCellTest.scala	410
assertion-mismatch	../sge/sge/src/test/scala/sge/scenes/scene2d/ui/TableCellTest.scala	412
nullable	../sge/sge/src/test/scala/sge/scenes/scene2d/ui/TableCellTest.scala	422
assertion-mismatch	../sge/sge/src/test/scala/sge/scenes/scene2d/ui/TableCellTest.scala	424
nullable	../sge/sge/src/test/scala/sge/scenes/scene2d/ui/TableCellTest.scala	430
assertion-mismatch	../sge/sge/src/test/scala/sge/scenes/scene2d/ui/TableCellTest.scala	432
nullable	../sge/sge/src/test/scala/sge/scenes/scene2d/ui/TableCellTest.scala	438
nullable	../sge/sge/src/test/scala/sge/scenes/scene2d/ui/TableCellTest.scala	446
nullable	../sge/sge/src/test/scala/sge/scenes/scene2d/ui/TableCellTest.scala	458
assertion-mismatch	../sge/sge/src/test/scala/sge/scenes/scene2d/ui/TableCellTest.scala	460
assertion-mismatch	../sge/sge/src/test/scala/sge/scenes/scene2d/ui/TableCellTest.scala	461
nullable	../sge/sge/src/test/scala/sge/scenes/scene2d/ui/TableCellTest.scala	473
assertion-mismatch	../sge/sge/src/test/scala/sge/scenes/scene2d/ui/TableCellTest.scala	475
nullable	../sge/sge/src/test/scala/sge/scenes/scene2d/ui/TableCellTest.scala	482
nullable	../sge/sge/src/test/scala/sge/scenes/scene2d/ui/TableCellTest.scala	494
nullable	../sge/sge/src/test/scala/sge/scenes/scene2d/ui/TableCellTest.scala	509
assertion-mismatch	../sge/sge/src/test/scala/sge/scenes/scene2d/ui/TableCellTest.scala	511
opaque-key-button	../sge/sge/src/test/scala/sge/scenes/scene2d/utils/ArraySelectionValueEqualitySuite.scala	27
opaque-key-button	../sge/sge/src/test/scala/sge/scenes/scene2d/utils/ClickListenerTest.scala	7
opaque-key-button	../sge/sge/src/test/scala/sge/scenes/scene2d/utils/ClickListenerTest.scala	21
opaque-key-button	../sge/sge/src/test/scala/sge/scenes/scene2d/utils/ClickListenerTest.scala	27
opaque-key-button	../sge/sge/src/test/scala/sge/scenes/scene2d/utils/ClickListenerTest.scala	33
opaque-key-button	../sge/sge/src/test/scala/sge/scenes/scene2d/utils/ClickListenerTest.scala	34
member-shape	../sge/sge/src/test/scala/sge/scenes/scene2d/utils/ClickListenerTest.scala	55
nullable	../sge/sge/src/test/scala/sge/scenes/scene2d/utils/ClickListenerTest.scala	56
nullable	../sge/sge/src/test/scala/sge/scenes/scene2d/utils/ClickListenerTest.scala	57
opaque-key-button	../sge/sge/src/test/scala/sge/scenes/scene2d/utils/ClickListenerTest.scala	60
opaque-key-button	../sge/sge/src/test/scala/sge/scenes/scene2d/utils/ClickListenerTest.scala	75
opaque-key-button	../sge/sge/src/test/scala/sge/scenes/scene2d/utils/ClickListenerTest.scala	92
opaque-key-button	../sge/sge/src/test/scala/sge/scenes/scene2d/utils/ClickListenerTest.scala	96
opaque-key-button	../sge/sge/src/test/scala/sge/scenes/scene2d/utils/ClickListenerTest.scala	105
opaque-key-button	../sge/sge/src/test/scala/sge/scenes/scene2d/utils/ClickListenerTest.scala	106
opaque-key-button	../sge/sge/src/test/scala/sge/scenes/scene2d/utils/ClickListenerTest.scala	111
opaque-key-button	../sge/sge/src/test/scala/sge/scenes/scene2d/utils/ClickListenerTest.scala	121
nullable	../sge/sge/src/test/scala/sge/scenes/scene2d/utils/ClickListenerTest.scala	137
nullable	../sge/sge/src/test/scala/sge/scenes/scene2d/utils/ClickListenerTest.scala	138
opaque-key-button	../sge/sge/src/test/scala/sge/scenes/scene2d/utils/ClickListenerTest.scala	140
opaque-key-button	../sge/sge/src/test/scala/sge/scenes/scene2d/utils/ClickListenerTest.scala	143
opaque-key-button	../sge/sge/src/test/scala/sge/scenes/scene2d/utils/ClickListenerTest.scala	146
opaque-key-button	../sge/sge/src/test/scala/sge/scenes/scene2d/utils/ClickListenerTest.scala	153
opaque-key-button	../sge/sge/src/test/scala/sge/scenes/scene2d/utils/ClickListenerTest.scala	154
opaque-key-button	../sge/sge/src/test/scala/sge/scenes/scene2d/utils/ClickListenerTest.scala	202
nullable	../sge/sge/src/test/scala/sge/scenes/scene2d/utils/ClickListenerTest.scala	231
nullable	../sge/sge/src/test/scala/sge/scenes/scene2d/utils/ClickListenerTest.scala	232
opaque-key-button	../sge/sge/src/test/scala/sge/scenes/scene2d/utils/ClickListenerTest.scala	234
opaque-key-button	../sge/sge/src/test/scala/sge/scenes/scene2d/utils/ClickListenerTest.scala	235
opaque-key-button	../sge/sge/src/test/scala/sge/scenes/scene2d/utils/SelectionChooseRedSuite.scala	32
member-shape	../sge/sge/src/test/scala/sge/scenes/scene2d/utils/SelectionChooseRedSuite.scala	140
member-shape	../sge/sge/src/test/scala/sge/scenes/scene2d/utils/SelectionSetIdentityRedSuite.scala	51
member-shape	../sge/sge/src/test/scala/sge/scenes/scene2d/utils/SelectionSetIdentityRedSuite.scala	57
member-shape	../sge/sge/src/test/scala/sge/scenes/scene2d/utils/SelectionTest.scala	22
arity	../sge/sge/src/test/scala/sge/scenes/scene2d/utils/SelectionTest.scala	23
arity	../sge/sge/src/test/scala/sge/scenes/scene2d/utils/SelectionTest.scala	25
arity	../sge/sge/src/test/scala/sge/scenes/scene2d/utils/SelectionTest.scala	40
member-shape	../sge/sge/src/test/scala/sge/scenes/scene2d/utils/SelectionTest.scala	162
member-shape	../sge/sge/src/test/scala/sge/scenes/scene2d/utils/SelectionTest.scala	172
arity	../sge/sge/src/test/scala/sge/scenes/scene2d/utils/SelectionTest.scala	197
arity	../sge/sge/src/test/scala/sge/scenes/scene2d/utils/SelectionTest.scala	199
member-shape	../sge/sge/src/test/scala/sge/scenes/scene2d/utils/SelectionTest.scala	241
member-shape	../sge/sge/src/test/scala/sge/scenes/scene2d/utils/SelectionTest.scala	297
member-shape	../sge/sge/src/test/scala/sge/scenes/scene2d/utils/SelectionTest.scala	324
assertion-mismatch	../sge/sge/src/test/scala/sge/scenes/scene2d/utils/SelectionTest.scala	326
assertion-mismatch	../sge/sge/src/test/scala/sge/scenes/scene2d/utils/SelectionTest.scala	327
arity	../sge/sge/src/test/scala/sge/scenes/scene2d/utils/SelectionTest.scala	340
member-shape	../sge/sge/src/test/scala/sge/utils/BinaryHeapTest.scala	56
context	../sge/sge/src/test/scala/sge/utils/PerformanceCounterTest.scala	11
context	../sge/sge/src/test/scala/sge/utils/PerformanceCounterTest.scala	17
assertion-mismatch	../sge/sge/src/test/scala/sge/utils/PerformanceCounterTest.scala	23
context	../sge/sge/src/test/scala/sge/utils/PerformanceCounterTest.scala	27
context	../sge/sge/src/test/scala/sge/utils/PerformanceCounterTest.scala	35
context	../sge/sge/src/test/scala/sge/utils/PerformanceCounterTest.scala	47
context	../sge/sge/src/test/scala/sge/utils/PerformanceCounterTest.scala	58
context	../sge/sge/src/test/scala/sge/utils/PerformanceCounterTest.scala	66
context	../sge/sge/src/test/scala/sge/utils/PerformanceCounterTest.scala	73
assertion-mismatch	../sge/sge/src/test/scala/sge/utils/PerformanceCounterTest.scala	80
context	../sge/sge/src/test/scala/sge/utils/PerformanceCounterTest.scala	84
context	../sge/sge/src/test/scala/sge/utils/PerformanceCounterTest.scala	96
context	../sge/sge/src/test/scala/sge/utils/PerformanceCounterTest.scala	107
assertion-mismatch	../sge/sge/src/test/scala/sge/utils/PerformanceCounterTest.scala	136
context	../sge/sge/src/test/scala/sge/utils/PerformanceCounterTest.scala	137
type-shape	../sge/sge/src/test/scala/sge/utils/PoolManagerTest.scala	20
type-shape	../sge/sge/src/test/scala/sge/utils/PoolManagerTest.scala	28
type-shape	../sge/sge/src/test/scala/sge/utils/PoolManagerTest.scala	37
type-shape	../sge/sge/src/test/scala/sge/utils/PoolManagerTest.scala	49
member-shape	../sge/sge/src/test/scala/sge/utils/PoolManagerTest.scala	52
member-shape	../sge/sge/src/test/scala/sge/utils/PoolManagerTest.scala	53
member-shape	../sge/sge/src/test/scala/sge/utils/PoolManagerTest.scala	56
member-shape	../sge/sge/src/test/scala/sge/utils/PoolManagerTest.scala	57
type-shape	../sge/sge/src/test/scala/sge/utils/PoolManagerTest.scala	62
member-shape	../sge/sge/src/test/scala/sge/utils/PoolManagerTest.scala	65
member-shape	../sge/sge/src/test/scala/sge/utils/PoolManagerTest.scala	70
type-shape	../sge/sge/src/test/scala/sge/utils/PoolManagerTest.scala	75
type-shape	../sge/sge/src/test/scala/sge/utils/PoolManagerTest.scala	77
member-shape	../sge/sge/src/test/scala/sge/utils/PoolManagerTest.scala	90
type-shape	../sge/sge/src/test/scala/sge/utils/PoolManagerTest.scala	96
type-shape	../sge/sge/src/test/scala/sge/utils/PoolManagerTest.scala	102
nullable	../sge/sge/src/test/scala/sge/utils/PoolManagerTest.scala	107
member-shape	../sge/sge/src/test/scala/sge/utils/StreamUtilsTest.scala	133
member-shape	../sge/sge/src/test/scala/sge/utils/StreamUtilsTest.scala	142
member-shape	../sge/sge/src/test/scala/sge/utils/StreamUtilsTest.scala	148
assertion-mismatch	../sge/sge/src/test/scala/sge/utils/StreamUtilsTest.scala	149
assertion-mismatch	../sge/sge/src/test/scala/sge/utils/StreamUtilsTest.scala	150
assertion-mismatch	../sge/sge/src/test/scala/sge/utils/StreamUtilsTest.scala	151
assertion-mismatch	../sge/sge/src/test/scala/sge/utils/StreamUtilsTest.scala	152
type-shape	../sge/sge/src/test/scala/sge/utils/viewport/ViewportTest.scala	182
type-shape	../sge/sge/src/test/scala/sge/utils/viewport/ViewportTest.scala	182
android	../sge/sge/src/test/scalajvm/sge/AndroidAudioAdapterTest.scala	9
android	../sge/sge/src/test/scalajvm/sge/AndroidAudioAssetFdRedSuite.scala	34
android	../sge/sge/src/test/scalajvm/sge/AndroidAudioAssetFdRedSuite.scala	34
filetype	../sge/sge/src/test/scalajvm/sge/DesktopApplicationConfigTest.scala	8
filetype	../sge/sge/src/test/scalajvm/sge/DesktopApplicationConfigTest.scala	44
filetype	../sge/sge/src/test/scalajvm/sge/DesktopApplicationConfigTest.scala	96
filetype	../sge/sge/src/test/scalajvm/sge/DesktopApplicationConfigTest.scala	98
member-shape	../sge/sge/src/test/scalajvm/sge/DesktopClipboardTest.scala	41
member-shape	../sge/sge/src/test/scalajvm/sge/DesktopClipboardTest.scala	87
opaque-time-pixels	../sge/sge/src/test/scalajvm/sge/DesktopCustomCursorIss764RedSuite.scala	55
opaque-time-pixels	../sge/sge/src/test/scalajvm/sge/DesktopCustomCursorIss764RedSuite.scala	55
opaque-time-pixels	../sge/sge/src/test/scalajvm/sge/DesktopCustomCursorIss764RedSuite.scala	80
opaque-time-pixels	../sge/sge/src/test/scalajvm/sge/DesktopCustomCursorIss764RedSuite.scala	80
member-shape	../sge/sge/src/test/scalajvm/sge/HeadlessApplicationTest.scala	104
arity	../sge/sge/src/test/scalajvm/sge/HeadlessApplicationTest.scala	139
net	../sge/sge/src/test/scalajvm/sge/HeadlessApplicationTest.scala	143
net	../sge/sge/src/test/scalajvm/sge/HeadlessApplicationTest.scala	144
filetype	../sge/sge/src/test/scalajvm/sge/assets/AssetLoaderSmokeTest.scala	7
filetype	../sge/sge/src/test/scalajvm/sge/assets/AssetLoaderSmokeTest.scala	25
filetype	../sge/sge/src/test/scalajvm/sge/assets/AssetLoaderSmokeTest.scala	25
filetype	../sge/sge/src/test/scalajvm/sge/assets/AssetLoaderSmokeTest.scala	41
filetype	../sge/sge/src/test/scalajvm/sge/assets/AssetLoaderSmokeTest.scala	41
filetype	../sge/sge/src/test/scalajvm/sge/assets/AssetLoaderSmokeTest.scala	43
member-shape	../sge/sge/src/test/scalajvm/sge/assets/AssetLoaderSmokeTest.scala	78
member-shape	../sge/sge/src/test/scalajvm/sge/assets/AssetLoaderSmokeTest.scala	81
member-shape	../sge/sge/src/test/scalajvm/sge/assets/AssetLoaderSmokeTest.scala	85
nullable	../sge/sge/src/test/scalajvm/sge/assets/AssetLoaderSmokeTest.scala	103
particles	../sge/sge/src/test/scalajvm/sge/assets/AssetLoaderSmokeTest.scala	130
nullable	../sge/sge/src/test/scalajvm/sge/assets/AssetLoaderSmokeTest.scala	140
arity	../sge/sge/src/test/scalajvm/sge/assets/AssetLoaderSmokeTest.scala	210
member-shape	../sge/sge/src/test/scalajvm/sge/assets/AssetLoaderSmokeTest.scala	245
member-shape	../sge/sge/src/test/scalajvm/sge/assets/AssetLoaderSmokeTest.scala	252
member-shape	../sge/sge/src/test/scalajvm/sge/assets/AssetLoaderSmokeTest.scala	259
member-shape	../sge/sge/src/test/scalajvm/sge/assets/AssetLoaderSmokeTest.scala	260
member-shape	../sge/sge/src/test/scalajvm/sge/assets/AssetLoaderSmokeTest.scala	261
member-shape	../sge/sge/src/test/scalajvm/sge/assets/AssetLoaderSmokeTest.scala	271
member-shape	../sge/sge/src/test/scalajvm/sge/assets/AssetLoaderSmokeTest.scala	272
member-shape	../sge/sge/src/test/scalajvm/sge/assets/AssetLoaderSmokeTest.scala	273
member-shape	../sge/sge/src/test/scalajvm/sge/assets/AssetLoaderSmokeTest.scala	274
arity	../sge/sge/src/test/scalajvm/sge/assets/AssetLoaderSmokeTest.scala	279
nullable	../sge/sge/src/test/scalajvm/sge/assets/AssetLoaderSmokeTest.scala	280
member-shape	../sge/sge/src/test/scalajvm/sge/assets/AssetLoaderSmokeTest.scala	294
nullable	../sge/sge/src/test/scalajvm/sge/assets/AssetLoaderSmokeTest.scala	297
member-shape	../sge/sge/src/test/scalajvm/sge/assets/AssetLoaderSmokeTest.scala	306
member-shape	../sge/sge/src/test/scalajvm/sge/assets/AssetLoaderSmokeTest.scala	312
arity	../sge/sge/src/test/scalajvm/sge/assets/AssetLoaderSmokeTest.scala	332
filetype	../sge/sge/src/test/scalajvm/sge/assets/AssetManagerAsyncISS561Test.scala	24
filetype	../sge/sge/src/test/scalajvm/sge/assets/AssetManagerAsyncISS561Test.scala	40
filetype	../sge/sge/src/test/scalajvm/sge/assets/AssetManagerAsyncISS561Test.scala	40
context	../sge/sge/src/test/scalajvm/sge/assets/AssetManagerAsyncISS561Test.scala	71
context	../sge/sge/src/test/scalajvm/sge/assets/AssetManagerAsyncISS561Test.scala	163
context	../sge/sge/src/test/scalajvm/sge/assets/AssetManagerAsyncISS561Test.scala	205
assertion-mismatch	../sge/sge/src/test/scalajvm/sge/assets/AssetManagerAsyncISS561Test.scala	245
context	../sge/sge/src/test/scalajvm/sge/assets/AssetManagerAsyncISS561Test.scala	252
assertion-mismatch	../sge/sge/src/test/scalajvm/sge/assets/AssetManagerAsyncISS561Test.scala	276
context	../sge/sge/src/test/scalajvm/sge/assets/AssetManagerAsyncISS561Test.scala	283
context	../sge/sge/src/test/scalajvm/sge/assets/AssetManagerAsyncISS561Test.scala	315
assertion-mismatch	../sge/sge/src/test/scalajvm/sge/assets/AssetManagerAsyncISS561Test.scala	368
filetype	../sge/sge/src/test/scalajvm/sge/assets/AssetManagerDescriptorRoutingIss830CoverageSuite.scala	31
filetype	../sge/sge/src/test/scalajvm/sge/assets/AssetManagerDescriptorRoutingIss830CoverageSuite.scala	40
filetype	../sge/sge/src/test/scalajvm/sge/assets/AssetManagerDescriptorRoutingIss830CoverageSuite.scala	40
assertion-mismatch	../sge/sge/src/test/scalajvm/sge/assets/AssetManagerDescriptorRoutingIss830CoverageSuite.scala	62
filetype	../sge/sge/src/test/scalajvm/sge/assets/AssetManagerErrorCatchIss734RedSuite.scala	36
filetype	../sge/sge/src/test/scalajvm/sge/assets/AssetManagerErrorCatchIss734RedSuite.scala	49
filetype	../sge/sge/src/test/scalajvm/sge/assets/AssetManagerErrorCatchIss734RedSuite.scala	49
filetype	../sge/sge/src/test/scalajvm/sge/assets/AssetManagerLoggerIss733Suite.scala	28
filetype	../sge/sge/src/test/scalajvm/sge/assets/AssetManagerLoggerIss733Suite.scala	34
filetype	../sge/sge/src/test/scalajvm/sge/assets/AssetManagerLoggerIss733Suite.scala	34
filetype	../sge/sge/src/test/scalajvm/sge/assets/AssetManagerUnitTest.scala	12
filetype	../sge/sge/src/test/scalajvm/sge/assets/AssetManagerUnitTest.scala	29
filetype	../sge/sge/src/test/scalajvm/sge/assets/AssetManagerUnitTest.scala	29
member-shape	../sge/sge/src/test/scalajvm/sge/assets/AssetManagerUnitTest.scala	64
member-shape	../sge/sge/src/test/scalajvm/sge/assets/AssetManagerUnitTest.scala	156
member-shape	../sge/sge/src/test/scalajvm/sge/assets/AssetManagerUnitTest.scala	159
filetype	../sge/sge/src/test/scalajvm/sge/assets/loaders/FileHandleResolverTest.scala	10
filetype	../sge/sge/src/test/scalajvm/sge/assets/loaders/FileHandleResolverTest.scala	19
filetype	../sge/sge/src/test/scalajvm/sge/assets/loaders/FileHandleResolverTest.scala	19
member-shape	../sge/sge/src/test/scalajvm/sge/assets/loaders/FileHandleResolverTest.scala	24
assertion-mismatch	../sge/sge/src/test/scalajvm/sge/assets/loaders/FileHandleResolverTest.scala	26
member-shape	../sge/sge/src/test/scalajvm/sge/assets/loaders/FileHandleResolverTest.scala	31
assertion-mismatch	../sge/sge/src/test/scalajvm/sge/assets/loaders/FileHandleResolverTest.scala	33
member-shape	../sge/sge/src/test/scalajvm/sge/assets/loaders/FileHandleResolverTest.scala	39
assertion-mismatch	../sge/sge/src/test/scalajvm/sge/assets/loaders/FileHandleResolverTest.scala	40
assertion-mismatch	../sge/sge/src/test/scalajvm/sge/assets/loaders/FileHandleResolverTest.scala	43
assertion-mismatch	../sge/sge/src/test/scalajvm/sge/assets/loaders/FileHandleResolverTest.scala	46
member-shape	../sge/sge/src/test/scalajvm/sge/assets/loaders/FileHandleResolverTest.scala	56
member-shape	../sge/sge/src/test/scalajvm/sge/assets/loaders/FileHandleResolverTest.scala	57
member-shape	../sge/sge/src/test/scalajvm/sge/assets/loaders/FileHandleResolverTest.scala	58
member-shape	../sge/sge/src/test/scalajvm/sge/assets/loaders/FileHandleResolverTest.scala	63
member-shape	../sge/sge/src/test/scalajvm/sge/assets/loaders/FileHandleResolverTest.scala	64
filetype	../sge/sge/src/test/scalajvm/sge/audio/MiniaudioEngineInstanceRegistryIss810RedSuite.scala	33
filetype	../sge/sge/src/test/scalajvm/sge/audio/MiniaudioEngineInstanceRegistryIss810RedSuite.scala	108
filetype	../sge/sge/src/test/scalajvm/sge/audio/MiniaudioEngineInstanceRegistryIss810RedSuite.scala	108
filetype	../sge/sge/src/test/scalajvm/sge/audio/MiniaudioEngineInstanceRegistryIss810RedSuite.scala	116
filetype	../sge/sge/src/test/scalajvm/sge/audio/MiniaudioEngineInstanceRegistryIss810RedSuite.scala	116
filetype	../sge/sge/src/test/scalajvm/sge/audio/MiniaudioEngineSoundFormatIss772RedSuite.scala	18
filetype	../sge/sge/src/test/scalajvm/sge/audio/MiniaudioEngineSoundFormatIss772RedSuite.scala	58
filetype	../sge/sge/src/test/scalajvm/sge/audio/MiniaudioEngineSoundFormatIss772RedSuite.scala	58
filetype	../sge/sge/src/test/scalajvm/sge/audio/MiniaudioMusicOnCompleteIss760RedSuite.scala	29
filetype	../sge/sge/src/test/scalajvm/sge/audio/MiniaudioMusicOnCompleteIss760RedSuite.scala	99
filetype	../sge/sge/src/test/scalajvm/sge/audio/MiniaudioMusicOnCompleteIss760RedSuite.scala	99
member-shape	../sge/sge/src/test/scalajvm/sge/audio/MiniaudioMusicOnCompleteIss760RedSuite.scala	106
member-shape	../sge/sge/src/test/scalajvm/sge/audio/MiniaudioMusicOnCompleteIss760RedSuite.scala	117
filetype	../sge/sge/src/test/scalajvm/sge/audio/MiniaudioSoundFormatFallbackWaveDTest.scala	16
filetype	../sge/sge/src/test/scalajvm/sge/audio/MiniaudioSoundFormatFallbackWaveDTest.scala	55
filetype	../sge/sge/src/test/scalajvm/sge/audio/MiniaudioSoundFormatFallbackWaveDTest.scala	55
filetype	../sge/sge/src/test/scalajvm/sge/audio/MusicDurationIss781RedSuite.scala	18
filetype	../sge/sge/src/test/scalajvm/sge/audio/MusicDurationIss781RedSuite.scala	26
filetype	../sge/sge/src/test/scalajvm/sge/audio/MusicDurationIss781RedSuite.scala	26
member-shape	../sge/sge/src/test/scalajvm/sge/audio/MusicDurationIss781RedSuite.scala	31
filetype	../sge/sge/src/test/scalajvm/sge/audio/WavInputStreamTest.scala	79
filetype	../sge/sge/src/test/scalajvm/sge/audio/WavInputStreamTest.scala	79
filetype	../sge/sge/src/test/scalajvm/sge/audio/WavInputStreamTest.scala	95
filetype	../sge/sge/src/test/scalajvm/sge/audio/WavInputStreamTest.scala	95
filetype	../sge/sge/src/test/scalajvm/sge/audio/WavInputStreamTest.scala	110
filetype	../sge/sge/src/test/scalajvm/sge/audio/WavInputStreamTest.scala	110
filetype	../sge/sge/src/test/scalajvm/sge/audio/WavInputStreamTest.scala	127
filetype	../sge/sge/src/test/scalajvm/sge/audio/WavInputStreamTest.scala	127
filetype	../sge/sge/src/test/scalajvm/sge/audio/WavInputStreamTest.scala	142
filetype	../sge/sge/src/test/scalajvm/sge/audio/WavInputStreamTest.scala	142
filetype	../sge/sge/src/test/scalajvm/sge/audio/WavInputStreamTest.scala	157
filetype	../sge/sge/src/test/scalajvm/sge/audio/WavInputStreamTest.scala	157
filetype	../sge/sge/src/test/scalajvm/sge/audio/WavInputStreamTest.scala	174
filetype	../sge/sge/src/test/scalajvm/sge/audio/WavInputStreamTest.scala	174
android	../sge/sge/src/test/scalajvm/sge/files/AndroidFileHandleTest.scala	10
android	../sge/sge/src/test/scalajvm/sge/files/AndroidFileHandleTest.scala	46
android	../sge/sge/src/test/scalajvm/sge/files/AndroidFileHandleTest.scala	46
android	../sge/sge/src/test/scalajvm/sge/files/AndroidFileHandleTest.scala	49
android	../sge/sge/src/test/scalajvm/sge/files/AndroidFileHandleTest.scala	50
android	../sge/sge/src/test/scalajvm/sge/files/AndroidFileHandleTest.scala	54
android	../sge/sge/src/test/scalajvm/sge/files/AndroidFileHandleTest.scala	54
android	../sge/sge/src/test/scalajvm/sge/files/AndroidFileHandleTest.scala	62
android	../sge/sge/src/test/scalajvm/sge/files/AndroidFileHandleTest.scala	62
android	../sge/sge/src/test/scalajvm/sge/files/AndroidFileHandleTest.scala	65
android	../sge/sge/src/test/scalajvm/sge/files/AndroidFileHandleTest.scala	66
android	../sge/sge/src/test/scalajvm/sge/files/AndroidFileHandleTest.scala	70
android	../sge/sge/src/test/scalajvm/sge/files/AndroidFileHandleTest.scala	70
android	../sge/sge/src/test/scalajvm/sge/files/AndroidFileHandleTest.scala	79
android	../sge/sge/src/test/scalajvm/sge/files/AndroidFileHandleTest.scala	79
android	../sge/sge/src/test/scalajvm/sge/files/AndroidFileHandleTest.scala	82
android	../sge/sge/src/test/scalajvm/sge/files/AndroidFileHandleTest.scala	86
android	../sge/sge/src/test/scalajvm/sge/files/AndroidFileHandleTest.scala	86
android	../sge/sge/src/test/scalajvm/sge/files/AndroidFileHandleTest.scala	88
android	../sge/sge/src/test/scalajvm/sge/files/AndroidFileHandleTest.scala	92
android	../sge/sge/src/test/scalajvm/sge/files/AndroidFileHandleTest.scala	92
android	../sge/sge/src/test/scalajvm/sge/files/AndroidFileHandleTest.scala	94
android	../sge/sge/src/test/scalajvm/sge/files/AndroidFileHandleTest.scala	102
android	../sge/sge/src/test/scalajvm/sge/files/AndroidFileHandleTest.scala	102
android	../sge/sge/src/test/scalajvm/sge/files/AndroidFileHandleTest.scala	104
android	../sge/sge/src/test/scalajvm/sge/files/AndroidFileHandleTest.scala	108
android	../sge/sge/src/test/scalajvm/sge/files/AndroidFileHandleTest.scala	108
android	../sge/sge/src/test/scalajvm/sge/files/AndroidFileHandleTest.scala	118
android	../sge/sge/src/test/scalajvm/sge/files/AndroidFileHandleTest.scala	118
android	../sge/sge/src/test/scalajvm/sge/files/AndroidFileHandleTest.scala	126
android	../sge/sge/src/test/scalajvm/sge/files/AndroidFileHandleTest.scala	126
android	../sge/sge/src/test/scalajvm/sge/files/AndroidFileHandleTest.scala	136
android	../sge/sge/src/test/scalajvm/sge/files/AndroidFileHandleTest.scala	136
android	../sge/sge/src/test/scalajvm/sge/files/AndroidFileHandleTest.scala	137
android	../sge/sge/src/test/scalajvm/sge/files/AndroidFileHandleTest.scala	141
android	../sge/sge/src/test/scalajvm/sge/files/AndroidFileHandleTest.scala	141
android	../sge/sge/src/test/scalajvm/sge/files/AndroidFileHandleTest.scala	149
android	../sge/sge/src/test/scalajvm/sge/files/AndroidFileHandleTest.scala	149
android	../sge/sge/src/test/scalajvm/sge/files/AndroidFileHandleTest.scala	150
android	../sge/sge/src/test/scalajvm/sge/files/AndroidFileHandleTest.scala	155
android	../sge/sge/src/test/scalajvm/sge/files/AndroidFileHandleTest.scala	155
android	../sge/sge/src/test/scalajvm/sge/files/AndroidFileHandleTest.scala	156
android	../sge/sge/src/test/scalajvm/sge/files/AndroidFileHandleTest.scala	160
android	../sge/sge/src/test/scalajvm/sge/files/AndroidFileHandleTest.scala	160
android	../sge/sge/src/test/scalajvm/sge/files/AndroidFileHandleTest.scala	169
android	../sge/sge/src/test/scalajvm/sge/files/AndroidFileHandleTest.scala	169
android	../sge/sge/src/test/scalajvm/sge/files/AndroidFileHandleTest.scala	170
android	../sge/sge/src/test/scalajvm/sge/files/AndroidFileHandleTest.scala	174
android	../sge/sge/src/test/scalajvm/sge/files/AndroidFileHandleTest.scala	174
android	../sge/sge/src/test/scalajvm/sge/files/AndroidFileHandleTest.scala	175
android	../sge/sge/src/test/scalajvm/sge/files/AndroidFileHandleTest.scala	182
android	../sge/sge/src/test/scalajvm/sge/files/AndroidFileHandleTest.scala	182
android	../sge/sge/src/test/scalajvm/sge/files/AndroidFileHandleTest.scala	183
android	../sge/sge/src/test/scalajvm/sge/files/AndroidFileHandleTest.scala	187
android	../sge/sge/src/test/scalajvm/sge/files/AndroidFileHandleTest.scala	187
android	../sge/sge/src/test/scalajvm/sge/files/AndroidFileHandleTest.scala	188
android	../sge/sge/src/test/scalajvm/sge/files/AndroidFileHandleTest.scala	192
android	../sge/sge/src/test/scalajvm/sge/files/AndroidFileHandleTest.scala	192
android	../sge/sge/src/test/scalajvm/sge/files/AndroidFileHandleTest.scala	193
android	../sge/sge/src/test/scalajvm/sge/files/AndroidFileHandleTest.scala	199
android	../sge/sge/src/test/scalajvm/sge/files/AndroidFileHandleTest.scala	201
filetype	../sge/sge/src/test/scalajvm/sge/files/DesktopFileHandleTest.scala	18
assertion-mismatch	../sge/sge/src/test/scalajvm/sge/files/DesktopFileHandleTest.scala	21
filetype	../sge/sge/src/test/scalajvm/sge/files/DesktopFileHandleTest.scala	25
filetype	../sge/sge/src/test/scalajvm/sge/files/DesktopFileHandleTest.scala	33
assertion-mismatch	../sge/sge/src/test/scalajvm/sge/files/DesktopFileHandleTest.scala	36
filetype	../sge/sge/src/test/scalajvm/sge/files/DesktopFileHandleTest.scala	40
filetype	../sge/sge/src/test/scalajvm/sge/files/DesktopFileHandleTest.scala	49
filetype	../sge/sge/src/test/scalajvm/sge/files/DesktopFileHandleTest.scala	55
assertion-mismatch	../sge/sge/src/test/scalajvm/sge/files/DesktopFileHandleTest.scala	58
filetype	../sge/sge/src/test/scalajvm/sge/files/DesktopFileHandleTest.scala	62
assertion-mismatch	../sge/sge/src/test/scalajvm/sge/files/DesktopFileHandleTest.scala	64
filetype	../sge/sge/src/test/scalajvm/sge/files/DesktopFileHandleTest.scala	70
assertion-mismatch	../sge/sge/src/test/scalajvm/sge/files/DesktopFileHandleTest.scala	71
filetype	../sge/sge/src/test/scalajvm/sge/files/DesktopFileHandleTest.scala	75
assertion-mismatch	../sge/sge/src/test/scalajvm/sge/files/DesktopFileHandleTest.scala	76
filetype	../sge/sge/src/test/scalajvm/sge/files/DesktopFileHandleTest.scala	80
assertion-mismatch	../sge/sge/src/test/scalajvm/sge/files/DesktopFileHandleTest.scala	81
filetype	../sge/sge/src/test/scalajvm/sge/files/DesktopFileHandleTest.scala	85
assertion-mismatch	../sge/sge/src/test/scalajvm/sge/files/DesktopFileHandleTest.scala	86
filetype	../sge/sge/src/test/scalajvm/sge/files/DesktopFileHandleTest.scala	94
assertion-mismatch	../sge/sge/src/test/scalajvm/sge/files/DesktopFileHandleTest.scala	101
assertion-mismatch	../sge/sge/src/test/scalajvm/sge/files/DesktopFileHandleTest.scala	102
assertion-mismatch	../sge/sge/src/test/scalajvm/sge/files/DesktopFileHandleTest.scala	103
filetype	../sge/sge/src/test/scalajvm/sge/files/DesktopFileHandleTest.scala	108
assertion-mismatch	../sge/sge/src/test/scalajvm/sge/files/DesktopFileHandleTest.scala	110
other	../sge/sge/src/test/scalajvm/sge/files/DesktopFilesTest.scala	13
assertion-mismatch	../sge/sge/src/test/scalajvm/sge/files/DesktopFilesTest.scala	18
assertion-mismatch	../sge/sge/src/test/scalajvm/sge/files/DesktopFilesTest.scala	26
filetype	../sge/sge/src/test/scalajvm/sge/files/DesktopFilesTest.scala	41
filetype	../sge/sge/src/test/scalajvm/sge/files/DesktopFilesTest.scala	47
filetype	../sge/sge/src/test/scalajvm/sge/files/DesktopFilesTest.scala	52
filetype	../sge/sge/src/test/scalajvm/sge/files/DesktopFilesTest.scala	57
filetype	../sge/sge/src/test/scalajvm/sge/files/DesktopFilesTest.scala	62
filetype	../sge/sge/src/test/scalajvm/sge/files/DesktopFilesTest.scala	67
type-shape	../sge/sge/src/test/scalajvm/sge/files/DesktopPreferencesTest.scala	103
filetype	../sge/sge/src/test/scalajvm/sge/files/DesktopPreferencesTest.scala	126
android	../sge/sge/src/test/scalajvm/sge/graphics/AndroidGL20AdapterTest.scala	10
android	../sge/sge/src/test/scalajvm/sge/graphics/AndroidGL20AdapterTest.scala	192
android	../sge/sge/src/test/scalajvm/sge/graphics/AndroidGL20AdapterTest.scala	200
android	../sge/sge/src/test/scalajvm/sge/graphics/AndroidGL20AdapterTest.scala	208
android	../sge/sge/src/test/scalajvm/sge/graphics/AndroidGL20AdapterTest.scala	216
android	../sge/sge/src/test/scalajvm/sge/graphics/AndroidGL20AdapterTest.scala	224
android	../sge/sge/src/test/scalajvm/sge/graphics/AndroidGL20AdapterTest.scala	232
android	../sge/sge/src/test/scalajvm/sge/graphics/AndroidGL20AdapterTest.scala	241
android	../sge/sge/src/test/scalajvm/sge/graphics/AndroidGL20AdapterTest.scala	249
android	../sge/sge/src/test/scalajvm/sge/graphics/AndroidGL20AdapterTest.scala	257
android	../sge/sge/src/test/scalajvm/sge/graphics/AndroidGL20AdapterTest.scala	258
android	../sge/sge/src/test/scalajvm/sge/graphics/AndroidGL20AdapterTest.scala	259
android	../sge/sge/src/test/scalajvm/sge/graphics/AndroidGL20AdapterTest.scala	260
net	../sge/sge/src/test/scalajvm/sge/graphics/DownloadPixmapRedSuite.scala	55
net	../sge/sge/src/test/scalajvm/sge/graphics/DownloadPixmapRedSuite.scala	63
net	../sge/sge/src/test/scalajvm/sge/graphics/DownloadPixmapRedSuite.scala	103
net	../sge/sge/src/test/scalajvm/sge/graphics/DownloadPixmapRedSuite.scala	143
net	../sge/sge/src/test/scalajvm/sge/graphics/DownloadPixmapRedSuite.scala	144
opaque-time-pixels	../sge/sge/src/test/scalajvm/sge/graphics/DownloadPixmapRedSuite.scala	210
opaque-time-pixels	../sge/sge/src/test/scalajvm/sge/graphics/DownloadPixmapRedSuite.scala	211
member-shape	../sge/sge/src/test/scalajvm/sge/graphics/GL20OpaqueTypeCoverageTest.scala	22
android	../sge/sge/src/test/scalajvm/sge/graphics/GL20OpaqueTypeCoverageTest.scala	210
android	../sge/sge/src/test/scalajvm/sge/graphics/GL20OpaqueTypeCoverageTest.scala	218
android	../sge/sge/src/test/scalajvm/sge/graphics/GL20OpaqueTypeCoverageTest.scala	226
android	../sge/sge/src/test/scalajvm/sge/graphics/GL20OpaqueTypeCoverageTest.scala	237
android	../sge/sge/src/test/scalajvm/sge/graphics/GL20OpaqueTypeCoverageTest.scala	245
android	../sge/sge/src/test/scalajvm/sge/graphics/GL20OpaqueTypeCoverageTest.scala	253
android	../sge/sge/src/test/scalajvm/sge/graphics/GL20OpaqueTypeCoverageTest.scala	261
android	../sge/sge/src/test/scalajvm/sge/graphics/GL20OpaqueTypeCoverageTest.scala	280
android	../sge/sge/src/test/scalajvm/sge/graphics/GL20OpaqueTypeCoverageTest.scala	288
android	../sge/sge/src/test/scalajvm/sge/graphics/GL20OpaqueTypeCoverageTest.scala	296
android	../sge/sge/src/test/scalajvm/sge/graphics/GL20OpaqueTypeCoverageTest.scala	309
android	../sge/sge/src/test/scalajvm/sge/graphics/GL20OpaqueTypeCoverageTest.scala	317
android	../sge/sge/src/test/scalajvm/sge/graphics/GL20OpaqueTypeCoverageTest.scala	326
android	../sge/sge/src/test/scalajvm/sge/graphics/GL20OpaqueTypeCoverageTest.scala	337
android	../sge/sge/src/test/scalajvm/sge/graphics/GL20OpaqueTypeCoverageTest.scala	346
android	../sge/sge/src/test/scalajvm/sge/graphics/GL20OpaqueTypeCoverageTest.scala	354
android	../sge/sge/src/test/scalajvm/sge/graphics/GL20OpaqueTypeCoverageTest.scala	363
android	../sge/sge/src/test/scalajvm/sge/graphics/GL20OpaqueTypeCoverageTest.scala	371
android	../sge/sge/src/test/scalajvm/sge/graphics/GL20OpaqueTypeCoverageTest.scala	390
android	../sge/sge/src/test/scalajvm/sge/graphics/GL20OpaqueTypeCoverageTest.scala	399
android	../sge/sge/src/test/scalajvm/sge/graphics/GL20OpaqueTypeCoverageTest.scala	408
android	../sge/sge/src/test/scalajvm/sge/graphics/GL20OpaqueTypeCoverageTest.scala	417
android	../sge/sge/src/test/scalajvm/sge/graphics/GL20OpaqueTypeCoverageTest.scala	431
android	../sge/sge/src/test/scalajvm/sge/graphics/GL20OpaqueTypeCoverageTest.scala	449
android	../sge/sge/src/test/scalajvm/sge/graphics/GL20OpaqueTypeCoverageTest.scala	458
android	../sge/sge/src/test/scalajvm/sge/graphics/GL20OpaqueTypeCoverageTest.scala	468
android	../sge/sge/src/test/scalajvm/sge/graphics/GL20OpaqueTypeCoverageTest.scala	490
android	../sge/sge/src/test/scalajvm/sge/graphics/GL20OpaqueTypeCoverageTest.scala	498
android	../sge/sge/src/test/scalajvm/sge/graphics/GL20OpaqueTypeCoverageTest.scala	505
android	../sge/sge/src/test/scalajvm/sge/graphics/GL20OpaqueTypeCoverageTest.scala	513
android	../sge/sge/src/test/scalajvm/sge/graphics/GL20OpaqueTypeCoverageTest.scala	520
android	../sge/sge/src/test/scalajvm/sge/graphics/GL20OpaqueTypeCoverageTest.scala	528
android	../sge/sge/src/test/scalajvm/sge/graphics/GL20OpaqueTypeCoverageTest.scala	541
android	../sge/sge/src/test/scalajvm/sge/graphics/GL20OpaqueTypeCoverageTest.scala	549
android	../sge/sge/src/test/scalajvm/sge/graphics/GL20OpaqueTypeCoverageTest.scala	558
android	../sge/sge/src/test/scalajvm/sge/graphics/GL20OpaqueTypeCoverageTest.scala	581
android	../sge/sge/src/test/scalajvm/sge/graphics/GL20OpaqueTypeCoverageTest.scala	590
android	../sge/sge/src/test/scalajvm/sge/graphics/GL20OpaqueTypeCoverageTest.scala	599
android	../sge/sge/src/test/scalajvm/sge/graphics/GL20OpaqueTypeCoverageTest.scala	621
android	../sge/sge/src/test/scalajvm/sge/graphics/GL20OpaqueTypeCoverageTest.scala	629
android	../sge/sge/src/test/scalajvm/sge/graphics/GL20OpaqueTypeCoverageTest.scala	636
android	../sge/sge/src/test/scalajvm/sge/graphics/GL20OpaqueTypeCoverageTest.scala	648
member-shape	../sge/sge/src/test/scalajvm/sge/graphics/GL30OpaqueTypeCoverageTest.scala	18
android	../sge/sge/src/test/scalajvm/sge/graphics/GL30OpaqueTypeCoverageTest.scala	414
android	../sge/sge/src/test/scalajvm/sge/graphics/GL30OpaqueTypeCoverageTest.scala	426
android	../sge/sge/src/test/scalajvm/sge/graphics/GL30OpaqueTypeCoverageTest.scala	438
android	../sge/sge/src/test/scalajvm/sge/graphics/GL30OpaqueTypeCoverageTest.scala	450
android	../sge/sge/src/test/scalajvm/sge/graphics/GL30OpaqueTypeCoverageTest.scala	462
android	../sge/sge/src/test/scalajvm/sge/graphics/GL30OpaqueTypeCoverageTest.scala	474
android	../sge/sge/src/test/scalajvm/sge/graphics/GL30OpaqueTypeCoverageTest.scala	486
android	../sge/sge/src/test/scalajvm/sge/graphics/GL30OpaqueTypeCoverageTest.scala	498
android	../sge/sge/src/test/scalajvm/sge/graphics/GL30OpaqueTypeCoverageTest.scala	510
android	../sge/sge/src/test/scalajvm/sge/graphics/GL30OpaqueTypeCoverageTest.scala	522
android	../sge/sge/src/test/scalajvm/sge/graphics/GL30OpaqueTypeCoverageTest.scala	534
android	../sge/sge/src/test/scalajvm/sge/graphics/GL30OpaqueTypeCoverageTest.scala	546
android	../sge/sge/src/test/scalajvm/sge/graphics/GL30OpaqueTypeCoverageTest.scala	558
android	../sge/sge/src/test/scalajvm/sge/graphics/GL30OpaqueTypeCoverageTest.scala	570
android	../sge/sge/src/test/scalajvm/sge/graphics/GL30OpaqueTypeCoverageTest.scala	582
android	../sge/sge/src/test/scalajvm/sge/graphics/GL30OpaqueTypeCoverageTest.scala	594
android	../sge/sge/src/test/scalajvm/sge/graphics/GL30OpaqueTypeCoverageTest.scala	606
android	../sge/sge/src/test/scalajvm/sge/graphics/GL30OpaqueTypeCoverageTest.scala	618
android	../sge/sge/src/test/scalajvm/sge/graphics/GL30OpaqueTypeCoverageTest.scala	630
android	../sge/sge/src/test/scalajvm/sge/graphics/GL30OpaqueTypeCoverageTest.scala	642
android	../sge/sge/src/test/scalajvm/sge/graphics/GL30OpaqueTypeCoverageTest.scala	654
android	../sge/sge/src/test/scalajvm/sge/graphics/GL30OpaqueTypeCoverageTest.scala	667
type-shape	../sge/sge/src/test/scalajvm/sge/graphics/MeshISS561Suite.scala	151
opaque-time-pixels	../sge/sge/src/test/scalajvm/sge/graphics/PixmapIOPngRedSuite.scala	62
opaque-time-pixels	../sge/sge/src/test/scalajvm/sge/graphics/PixmapIOPngRedSuite.scala	62
opaque-time-pixels	../sge/sge/src/test/scalajvm/sge/graphics/PixmapIOPngRedSuite.scala	206
opaque-time-pixels	../sge/sge/src/test/scalajvm/sge/graphics/PixmapIOPngRedSuite.scala	207
opaque-time-pixels	../sge/sge/src/test/scalajvm/sge/graphics/PixmapIOPngRedSuite.scala	208
opaque-time-pixels	../sge/sge/src/test/scalajvm/sge/graphics/PixmapIOPngRedSuite.scala	208
opaque-time-pixels	../sge/sge/src/test/scalajvm/sge/graphics/PixmapIOPngRedSuite.scala	209
opaque-time-pixels	../sge/sge/src/test/scalajvm/sge/graphics/PixmapIOPngRedSuite.scala	209
opaque-time-pixels	../sge/sge/src/test/scalajvm/sge/graphics/PixmapIOPngRedSuite.scala	210
opaque-time-pixels	../sge/sge/src/test/scalajvm/sge/graphics/PixmapIOPngRedSuite.scala	210
opaque-time-pixels	../sge/sge/src/test/scalajvm/sge/graphics/PixmapIOPngRedSuite.scala	211
opaque-time-pixels	../sge/sge/src/test/scalajvm/sge/graphics/PixmapIOPngRedSuite.scala	211
member-shape	../sge/sge/src/test/scalajvm/sge/graphics/g2d/AlignApiBoundaryIss770RedSuite.scala	57
member-shape	../sge/sge/src/test/scalajvm/sge/graphics/g2d/BitmapFontCacheDefaultAlignRedSuite.scala	62
member-shape	../sge/sge/src/test/scalajvm/sge/graphics/g2d/BitmapFontCacheRedSuite.scala	51
member-shape	../sge/sge/src/test/scalajvm/sge/graphics/g2d/BitmapFontCacheRedSuite.scala	59
member-shape	../sge/sge/src/test/scalajvm/sge/graphics/g2d/BitmapFontCacheRedSuite.scala	102
filetype	../sge/sge/src/test/scalajvm/sge/graphics/g2d/BitmapFontPagesIss732Suite.scala	43
filetype	../sge/sge/src/test/scalajvm/sge/graphics/g2d/BitmapFontPagesIss732Suite.scala	50
filetype	../sge/sge/src/test/scalajvm/sge/graphics/g2d/BitmapFontPagesIss732Suite.scala	60
filetype	../sge/sge/src/test/scalajvm/sge/graphics/g2d/BitmapFontPagesIss732Suite.scala	83
filetype	../sge/sge/src/test/scalajvm/sge/graphics/g2d/BitmapFontPagesIss732Suite.scala	83
nullable	../sge/sge/src/test/scalajvm/sge/graphics/g2d/BitmapFontPagesIss732Suite.scala	109
filetype	../sge/sge/src/test/scalajvm/sge/graphics/g2d/BitmapFontPagesIss732Suite.scala	150
filetype	../sge/sge/src/test/scalajvm/sge/graphics/g2d/BitmapFontRegionsAndGlyphMetricIss734RedSuite.scala	85
member-shape	../sge/sge/src/test/scalajvm/sge/graphics/g2d/BitmapFontRegionsAndGlyphMetricIss734RedSuite.scala	103
opaque-time-pixels	../sge/sge/src/test/scalajvm/sge/graphics/g2d/BitmapFontRegionsAndGlyphMetricIss734RedSuite.scala	134
opaque-time-pixels	../sge/sge/src/test/scalajvm/sge/graphics/g2d/BitmapFontRegionsAndGlyphMetricIss734RedSuite.scala	134
opaque-time-pixels	../sge/sge/src/test/scalajvm/sge/graphics/g2d/BitmapFontRegionsAndGlyphMetricIss734RedSuite.scala	134
member-shape	../sge/sge/src/test/scalajvm/sge/graphics/g2d/BitmapFontRegionsAndGlyphMetricIss734RedSuite.scala	148
opaque-time-pixels	../sge/sge/src/test/scalajvm/sge/graphics/g2d/Gdx2dBlitRedSuite.scala	75
opaque-time-pixels	../sge/sge/src/test/scalajvm/sge/graphics/g2d/Gdx2dBlitRedSuite.scala	75
opaque-time-pixels	../sge/sge/src/test/scalajvm/sge/graphics/g2d/Gdx2dBlitRedSuite.scala	76
opaque-time-pixels	../sge/sge/src/test/scalajvm/sge/graphics/g2d/Gdx2dBlitRedSuite.scala	76
opaque-time-pixels	../sge/sge/src/test/scalajvm/sge/graphics/g2d/Gdx2dBlitRedSuite.scala	84
opaque-time-pixels	../sge/sge/src/test/scalajvm/sge/graphics/g2d/Gdx2dBlitRedSuite.scala	84
opaque-time-pixels	../sge/sge/src/test/scalajvm/sge/graphics/g2d/Gdx2dBlitRedSuite.scala	84
opaque-time-pixels	../sge/sge/src/test/scalajvm/sge/graphics/g2d/Gdx2dBlitRedSuite.scala	84
opaque-time-pixels	../sge/sge/src/test/scalajvm/sge/graphics/g2d/Gdx2dBlitRedSuite.scala	84
opaque-time-pixels	../sge/sge/src/test/scalajvm/sge/graphics/g2d/Gdx2dBlitRedSuite.scala	84
opaque-time-pixels	../sge/sge/src/test/scalajvm/sge/graphics/g2d/Gdx2dBlitRedSuite.scala	84
opaque-time-pixels	../sge/sge/src/test/scalajvm/sge/graphics/g2d/Gdx2dBlitRedSuite.scala	84
opaque-time-pixels	../sge/sge/src/test/scalajvm/sge/graphics/g2d/Gdx2dBlitRedSuite.scala	96
opaque-time-pixels	../sge/sge/src/test/scalajvm/sge/graphics/g2d/Gdx2dBlitRedSuite.scala	96
opaque-time-pixels	../sge/sge/src/test/scalajvm/sge/graphics/g2d/Gdx2dBlitRedSuite.scala	111
opaque-time-pixels	../sge/sge/src/test/scalajvm/sge/graphics/g2d/Gdx2dBlitRedSuite.scala	111
opaque-time-pixels	../sge/sge/src/test/scalajvm/sge/graphics/g2d/Gdx2dBlitRedSuite.scala	125
opaque-time-pixels	../sge/sge/src/test/scalajvm/sge/graphics/g2d/Gdx2dBlitRedSuite.scala	125
opaque-time-pixels	../sge/sge/src/test/scalajvm/sge/graphics/g2d/Gdx2dBlitRedSuite.scala	149
opaque-time-pixels	../sge/sge/src/test/scalajvm/sge/graphics/g2d/Gdx2dBlitRedSuite.scala	149
member-shape	../sge/sge/src/test/scalajvm/sge/graphics/g2d/GlyphLayoutAlignRedSuite.scala	63
member-shape	../sge/sge/src/test/scalajvm/sge/graphics/g2d/GlyphLayoutAlignRedSuite.scala	71
other	../sge/sge/src/test/scalajvm/sge/graphics/g2d/GlyphLayoutAlignRedSuite.scala	84
member-shape	../sge/sge/src/test/scalajvm/sge/graphics/g2d/GlyphLayoutConcurrentSetTextRedSuite.scala	71
member-shape	../sge/sge/src/test/scalajvm/sge/graphics/g2d/GlyphLayoutConcurrentSetTextRedSuite.scala	89
member-shape	../sge/sge/src/test/scalajvm/sge/graphics/g2d/GlyphLayoutConcurrentSetTextRedSuite.scala	178
member-shape	../sge/sge/src/test/scalajvm/sge/graphics/g2d/GlyphLayoutRedSuite.scala	46
member-shape	../sge/sge/src/test/scalajvm/sge/graphics/g2d/GlyphLayoutRedSuite.scala	53
member-shape	../sge/sge/src/test/scalajvm/sge/graphics/g2d/GlyphLayoutRedSuite.scala	76
member-shape	../sge/sge/src/test/scalajvm/sge/graphics/g2d/GlyphLayoutRedSuite.scala	79
nullable	../sge/sge/src/test/scalajvm/sge/graphics/g3d/ModelInstanceCopyNodesIss734RedSuite.scala	78
nullable	../sge/sge/src/test/scalajvm/sge/graphics/g3d/ModelInstanceCopyNodesIss734RedSuite.scala	105
member-shape	../sge/sge/src/test/scalajvm/sge/graphics/g3d/decals/DecalSortRebindRedSuite.scala	181
context	../sge/sge/src/test/scalajvm/sge/graphics/g3d/loader/ObjLoaderFanRedSuite.scala	78
nullable	../sge/sge/src/test/scalajvm/sge/graphics/g3d/loader/ObjLoaderFanRedSuite.scala	90
particles	../sge/sge/src/test/scalajvm/sge/graphics/g3d/particles/ParticleEffectIoRedSuite.scala	94
particles	../sge/sge/src/test/scalajvm/sge/graphics/g3d/particles/ParticleEffectIoRedSuite.scala	122
particles	../sge/sge/src/test/scalajvm/sge/graphics/g3d/particles/ParticleEffectIoRedSuite.scala	143
particles	../sge/sge/src/test/scalajvm/sge/graphics/g3d/particles/ParticleEffectIoRedSuite.scala	144
particles	../sge/sge/src/test/scalajvm/sge/graphics/g3d/particles/ParticleEffectIoRedSuite.scala	178
particles	../sge/sge/src/test/scalajvm/sge/graphics/g3d/particles/ParticleEffectIoRedSuite.scala	219
particles	../sge/sge/src/test/scalajvm/sge/graphics/g3d/particles/ParticleEffectIoRedSuite.scala	263
type-shape	../sge/sge/src/test/scalajvm/sge/graphics/glutils/FrameBufferISS561Suite.scala	179
member-shape	../sge/sge/src/test/scalajvm/sge/graphics/glutils/FrameBufferISS561Suite.scala	193
tiled	../sge/sge/src/test/scalajvm/sge/maps/tiled/TiledMapFileLoadingSuite.scala	41
tiled	../sge/sge/src/test/scalajvm/sge/maps/tiled/TiledMapFileLoadingSuite.scala	107
tiled	../sge/sge/src/test/scalajvm/sge/maps/tiled/TiledMapFileLoadingSuite.scala	116
tiled	../sge/sge/src/test/scalajvm/sge/maps/tiled/TiledMapFileLoadingSuite.scala	166
tiled	../sge/sge/src/test/scalajvm/sge/maps/tiled/TiledMapFileLoadingSuite.scala	167
tiled	../sge/sge/src/test/scalajvm/sge/maps/tiled/TiledMapFileLoadingSuite.scala	168
tiled	../sge/sge/src/test/scalajvm/sge/maps/tiled/TiledMapFileLoadingSuite.scala	169
tiled	../sge/sge/src/test/scalajvm/sge/maps/tiled/TiledMapFileLoadingSuite.scala	170
tiled	../sge/sge/src/test/scalajvm/sge/maps/tiled/TiledMapFileLoadingSuite.scala	173
tiled	../sge/sge/src/test/scalajvm/sge/maps/tiled/TiledMapFileLoadingSuite.scala	174
tiled	../sge/sge/src/test/scalajvm/sge/maps/tiled/TiledMapFileLoadingSuite.scala	181
tiled	../sge/sge/src/test/scalajvm/sge/maps/tiled/TiledMapFileLoadingSuite.scala	184
tiled	../sge/sge/src/test/scalajvm/sge/maps/tiled/TiledMapFileLoadingSuite.scala	228
tiled	../sge/sge/src/test/scalajvm/sge/maps/tiled/TiledMapFileLoadingSuite.scala	229
tiled	../sge/sge/src/test/scalajvm/sge/maps/tiled/TiledMapFileLoadingSuite.scala	230
tiled	../sge/sge/src/test/scalajvm/sge/maps/tiled/TiledMapFileLoadingSuite.scala	231
tiled	../sge/sge/src/test/scalajvm/sge/maps/tiled/TiledMapFileLoadingSuite.scala	232
tiled	../sge/sge/src/test/scalajvm/sge/maps/tiled/TiledMapFileLoadingSuite.scala	235
tiled	../sge/sge/src/test/scalajvm/sge/maps/tiled/TiledMapFileLoadingSuite.scala	236
tiled	../sge/sge/src/test/scalajvm/sge/maps/tiled/TiledMapFileLoadingSuite.scala	243
tiled	../sge/sge/src/test/scalajvm/sge/maps/tiled/TiledMapFileLoadingSuite.scala	246
member-shape	../sge/sge/src/test/scalajvm/sge/math/collision/BoundingBoxIntersectsIss734RedSuite.scala	48
member-shape	../sge/sge/src/test/scalajvm/sge/math/collision/BoundingBoxIntersectsIss734RedSuite.scala	57
net	../sge/sge/src/test/scalajvm/sge/net/HttpBinaryBodyRedSuite.scala	53
net	../sge/sge/src/test/scalajvm/sge/net/HttpBinaryBodyRedSuite.scala	81
net	../sge/sge/src/test/scalajvm/sge/net/HttpBinaryBodyRedSuite.scala	90
net	../sge/sge/src/test/scalajvm/sge/net/HttpBinaryBodyRedSuite.scala	90
net	../sge/sge/src/test/scalajvm/sge/net/NetJavaSocketTest.scala	22
net	../sge/sge/src/test/scalajvm/sge/net/NetJavaSocketTest.scala	31
net	../sge/sge/src/test/scalajvm/sge/net/NetJavaSocketTest.scala	92
net	../sge/sge/src/test/scalajvm/sge/net/SgeHttpClientDoubleFreeRedSuite.scala	25
net	../sge/sge/src/test/scalajvm/sge/net/SgeHttpClientDoubleFreeRedSuite.scala	25
net	../sge/sge/src/test/scalajvm/sge/net/SgeHttpClientDoubleFreeRedSuite.scala	26
net	../sge/sge/src/test/scalajvm/sge/net/SgeHttpClientDoubleFreeRedSuite.scala	26
net	../sge/sge/src/test/scalajvm/sge/net/SgeHttpClientDoubleFreeRedSuite.scala	27
net	../sge/sge/src/test/scalajvm/sge/net/SgeHttpClientDoubleFreeRedSuite.scala	27
net	../sge/sge/src/test/scalajvm/sge/net/SgeHttpClientDoubleFreeRedSuite.scala	28
net	../sge/sge/src/test/scalajvm/sge/net/SgeHttpClientDoubleFreeRedSuite.scala	32
net	../sge/sge/src/test/scalajvm/sge/net/SgeHttpClientDoubleFreeRedSuite.scala	33
net	../sge/sge/src/test/scalajvm/sge/net/SgeHttpClientDoubleFreeRedSuite.scala	33
net	../sge/sge/src/test/scalajvm/sge/net/SgeHttpClientDoubleFreeRedSuite.scala	35
net	../sge/sge/src/test/scalajvm/sge/net/SgeHttpClientDoubleFreeRedSuite.scala	35
net	../sge/sge/src/test/scalajvm/sge/net/SgeHttpClientDoubleFreeRedSuite.scala	36
net	../sge/sge/src/test/scalajvm/sge/net/SgeHttpClientDoubleFreeRedSuite.scala	60
net	../sge/sge/src/test/scalajvm/sge/net/SgeHttpClientDoubleFreeRedSuite.scala	60
net	../sge/sge/src/test/scalajvm/sge/net/SgeHttpClientDoubleFreeRedSuite.scala	83
net	../sge/sge/src/test/scalajvm/sge/net/SgeHttpClientDoubleFreeRedSuite.scala	83
net	../sge/sge/src/test/scalajvm/sge/net/SgeHttpClientDoubleFreeRedSuite.scala	85
net	../sge/sge/src/test/scalajvm/sge/net/SgeHttpClientDoubleFreeRedSuite.scala	165
net	../sge/sge/src/test/scalajvm/sge/net/SgeHttpClientTest.scala	15
net	../sge/sge/src/test/scalajvm/sge/net/SgeHttpClientTest.scala	15
net	../sge/sge/src/test/scalajvm/sge/net/SgeHttpClientTest.scala	16
net	../sge/sge/src/test/scalajvm/sge/net/SgeHttpClientTest.scala	16
net	../sge/sge/src/test/scalajvm/sge/net/SgeHttpClientTest.scala	17
net	../sge/sge/src/test/scalajvm/sge/net/SgeHttpClientTest.scala	17
net	../sge/sge/src/test/scalajvm/sge/net/SgeHttpClientTest.scala	18
net	../sge/sge/src/test/scalajvm/sge/net/SgeHttpClientTest.scala	22
net	../sge/sge/src/test/scalajvm/sge/net/SgeHttpClientTest.scala	23
net	../sge/sge/src/test/scalajvm/sge/net/SgeHttpClientTest.scala	24
net	../sge/sge/src/test/scalajvm/sge/net/SgeHttpClientTest.scala	27
net	../sge/sge/src/test/scalajvm/sge/net/SgeHttpClientTest.scala	27
net	../sge/sge/src/test/scalajvm/sge/net/SgeHttpClientTest.scala	29
net	../sge/sge/src/test/scalajvm/sge/net/SgeHttpClientTest.scala	38
net	../sge/sge/src/test/scalajvm/sge/net/SgeHttpClientTest.scala	38
net	../sge/sge/src/test/scalajvm/sge/net/SgeHttpClientTest.scala	42
net	../sge/sge/src/test/scalajvm/sge/net/SgeHttpClientTest.scala	44
net	../sge/sge/src/test/scalajvm/sge/net/SgeHttpClientTest.scala	51
net	../sge/sge/src/test/scalajvm/sge/net/SgeHttpClientTest.scala	82
net	../sge/sge/src/test/scalajvm/sge/net/SgeHttpClientTest.scala	107
net	../sge/sge/src/test/scalajvm/sge/net/SgeHttpClientTest.scala	120
net	../sge/sge/src/test/scalajvm/sge/net/SgeHttpClientTest.scala	131
net	../sge/sge/src/test/scalajvm/sge/net/SgeHttpClientTest.scala	151
android	../sge/sge/src/test/scalajvm/sge/platform/AndroidMouseHandlerTest.scala	9
android	../sge/sge/src/test/scalajvm/sge/platform/AndroidMouseHandlerTest.scala	47
android	../sge/sge/src/test/scalajvm/sge/platform/AndroidMouseHandlerTest.scala	48
android	../sge/sge/src/test/scalajvm/sge/platform/AndroidMouseHandlerTest.scala	49
android	../sge/sge/src/test/scalajvm/sge/platform/AndroidMouseHandlerTest.scala	50
android	../sge/sge/src/test/scalajvm/sge/platform/AndroidMouseHandlerTest.scala	51
android	../sge/sge/src/test/scalajvm/sge/platform/AndroidMouseHandlerTest.scala	52
android	../sge/sge/src/test/scalajvm/sge/platform/AndroidMouseHandlerTest.scala	53
android	../sge/sge/src/test/scalajvm/sge/platform/AndroidMouseHandlerTest.scala	54
android	../sge/sge/src/test/scalajvm/sge/platform/AndroidMouseHandlerTest.scala	55
android	../sge/sge/src/test/scalajvm/sge/platform/AndroidMouseHandlerTest.scala	87
android	../sge/sge/src/test/scalajvm/sge/platform/AndroidMouseHandlerTest.scala	110
android	../sge/sge/src/test/scalajvm/sge/platform/AndroidMouseHandlerTest.scala	148
android	../sge/sge/src/test/scalajvm/sge/platform/AndroidTouchHandlerTest.scala	9
android	../sge/sge/src/test/scalajvm/sge/platform/AndroidTouchHandlerTest.scala	51
android	../sge/sge/src/test/scalajvm/sge/platform/AndroidTouchHandlerTest.scala	52
android	../sge/sge/src/test/scalajvm/sge/platform/AndroidTouchHandlerTest.scala	53
android	../sge/sge/src/test/scalajvm/sge/platform/AndroidTouchHandlerTest.scala	54
android	../sge/sge/src/test/scalajvm/sge/platform/AndroidTouchHandlerTest.scala	55
android	../sge/sge/src/test/scalajvm/sge/platform/AndroidTouchHandlerTest.scala	56
android	../sge/sge/src/test/scalajvm/sge/platform/AndroidTouchHandlerTest.scala	57
android	../sge/sge/src/test/scalajvm/sge/platform/AndroidTouchHandlerTest.scala	58
android	../sge/sge/src/test/scalajvm/sge/platform/AndroidTouchHandlerTest.scala	59
android	../sge/sge/src/test/scalajvm/sge/platform/AndroidTouchHandlerTest.scala	112
android	../sge/sge/src/test/scalajvm/sge/platform/DefaultAndroidInputStateTest.scala	14
android	../sge/sge/src/test/scalajvm/sge/platform/DefaultAndroidInputStateTest.scala	16
android	../sge/sge/src/test/scalajvm/sge/platform/DefaultAndroidInputStateTest.scala	18
android	../sge/sge/src/test/scalajvm/sge/platform/DefaultAndroidInputStateTest.scala	19
android	../sge/sge/src/test/scalajvm/sge/platform/DefaultAndroidInputStateTest.scala	20
android	../sge/sge/src/test/scalajvm/sge/platform/DefaultAndroidInputStateTest.scala	21
android	../sge/sge/src/test/scalajvm/sge/platform/DefaultAndroidInputStateTest.scala	27
android	../sge/sge/src/test/scalajvm/sge/platform/DefaultAndroidInputStateTest.scala	36
android	../sge/sge/src/test/scalajvm/sge/platform/DefaultAndroidInputStateTest.scala	37
android	../sge/sge/src/test/scalajvm/sge/platform/DefaultAndroidInputStateTest.scala	38
android	../sge/sge/src/test/scalajvm/sge/platform/DefaultAndroidInputStateTest.scala	39
android	../sge/sge/src/test/scalajvm/sge/platform/DefaultAndroidInputStateTest.scala	40
android	../sge/sge/src/test/scalajvm/sge/platform/DefaultAndroidInputStateTest.scala	41
android	../sge/sge/src/test/scalajvm/sge/platform/DefaultAndroidInputStateTest.scala	42
android	../sge/sge/src/test/scalajvm/sge/platform/DefaultAndroidInputStateTest.scala	46
android	../sge/sge/src/test/scalajvm/sge/platform/DefaultAndroidInputStateTest.scala	47
android	../sge/sge/src/test/scalajvm/sge/platform/DefaultAndroidInputStateTest.scala	48
android	../sge/sge/src/test/scalajvm/sge/platform/DefaultAndroidInputStateTest.scala	49
android	../sge/sge/src/test/scalajvm/sge/platform/DefaultAndroidInputStateTest.scala	50
android	../sge/sge/src/test/scalajvm/sge/platform/DefaultAndroidInputStateTest.scala	52
android	../sge/sge/src/test/scalajvm/sge/platform/DefaultAndroidInputStateTest.scala	56
android	../sge/sge/src/test/scalajvm/sge/platform/DefaultAndroidInputStateTest.scala	65
android	../sge/sge/src/test/scalajvm/sge/platform/DefaultAndroidInputStateTest.scala	76
android	../sge/sge/src/test/scalajvm/sge/platform/DefaultAndroidInputStateTest.scala	78
android	../sge/sge/src/test/scalajvm/sge/platform/DefaultAndroidInputStateTest.scala	79
android	../sge/sge/src/test/scalajvm/sge/platform/DefaultAndroidInputStateTest.scala	83
android	../sge/sge/src/test/scalajvm/sge/platform/DefaultAndroidInputStateTest.scala	94
android	../sge/sge/src/test/scalajvm/sge/platform/DefaultAndroidInputStateTest.scala	95
android	../sge/sge/src/test/scalajvm/sge/platform/DefaultAndroidInputStateTest.scala	98
android	../sge/sge/src/test/scalajvm/sge/platform/DefaultAndroidInputStateTest.scala	99
android	../sge/sge/src/test/scalajvm/sge/platform/DefaultAndroidInputStateTest.scala	103
android	../sge/sge/src/test/scalajvm/sge/platform/DefaultAndroidInputStateTest.scala	105
android	../sge/sge/src/test/scalajvm/sge/platform/DefaultAndroidInputStateTest.scala	109
android	../sge/sge/src/test/scalajvm/sge/platform/DefaultAndroidInputStateTest.scala	115
android	../sge/sge/src/test/scalajvm/sge/platform/DefaultAndroidInputStateTest.scala	123
android	../sge/sge/src/test/scalajvm/sge/platform/DefaultAndroidInputStateTest.scala	129
android	../sge/sge/src/test/scalajvm/sge/platform/DefaultAndroidInputStateTest.scala	147
android	../sge/sge/src/test/scalajvm/sge/platform/DefaultAndroidInputStateTest.scala	162
android	../sge/sge/src/test/scalajvm/sge/platform/DefaultAndroidInputStateTest.scala	174
android	../sge/sge/src/test/scalajvm/sge/platform/DefaultAndroidInputStateTest.scala	175
android	../sge/sge/src/test/scalajvm/sge/platform/DefaultAndroidInputStateTest.scala	176
android	../sge/sge/src/test/scalajvm/sge/platform/DefaultAndroidInputStateTest.scala	177
android	../sge/sge/src/test/scalajvm/sge/platform/DefaultAndroidInputStateTest.scala	178
android	../sge/sge/src/test/scalajvm/sge/platform/DefaultAndroidInputStateTest.scala	179
android	../sge/sge/src/test/scalajvm/sge/platform/DefaultAndroidInputStateTest.scala	185
member-shape	../sge/sge/src/test/scalajvm/sge/scenes/scene2d/StageDrawDebugIss704Suite.scala	134
member-shape	../sge/sge/src/test/scalajvm/sge/scenes/scene2d/StageDrawDebugIss704Suite.scala	138
member-shape	../sge/sge/src/test/scalajvm/sge/scenes/scene2d/StageDrawDebugIss704Suite.scala	147
member-shape	../sge/sge/src/test/scalajvm/sge/scenes/scene2d/StageDrawDebugIss704Suite.scala	162
member-shape	../sge/sge/src/test/scalajvm/sge/scenes/scene2d/StageDrawDebugIss704Suite.scala	169
member-shape	../sge/sge/src/test/scalajvm/sge/scenes/scene2d/StageDrawDebugIss704Suite.scala	191
member-shape	../sge/sge/src/test/scalajvm/sge/scenes/scene2d/StageDrawDebugIss704Suite.scala	195
member-shape	../sge/sge/src/test/scalajvm/sge/scenes/scene2d/StageDrawDebugIss704Suite.scala	210
member-shape	../sge/sge/src/test/scalajvm/sge/scenes/scene2d/ui/LabelFontScaleRedSuite.scala	38
member-shape	../sge/sge/src/test/scalajvm/sge/scenes/scene2d/ui/LabelFontScaleRedSuite.scala	66
member-shape	../sge/sge/src/test/scalajvm/sge/scenes/scene2d/ui/LabelFontScaleRedSuite.scala	104
member-shape	../sge/sge/src/test/scalajvm/sge/scenes/scene2d/ui/LabelFontScaleRedSuite.scala	126
member-shape	../sge/sge/src/test/scalajvm/sge/scenes/scene2d/ui/LabelFontScaleRedSuite.scala	129
filetype	../sge/sge/src/test/scalajvm/sge/scenes/scene2d/ui/SkinJsonStyleLoadingRedTest.scala	51
filetype	../sge/sge/src/test/scalajvm/sge/scenes/scene2d/ui/SkinJsonStyleLoadingRedTest.scala	68
filetype	../sge/sge/src/test/scalajvm/sge/scenes/scene2d/ui/SkinJsonStyleLoadingRedTest.scala	68
logging	../sge/sge/src/test/scalajvm/sge/utils/LoggerBehavioralIss741Suite.scala	40
logging	../sge/sge/src/test/scalajvm/sge/utils/LoggerBehavioralIss741Suite.scala	41
logging	../sge/sge/src/test/scalajvm/sge/utils/LoggerBehavioralIss741Suite.scala	42
logging	../sge/sge/src/test/scalajvm/sge/utils/LoggerBehavioralIss741Suite.scala	43
logging	../sge/sge/src/test/scalajvm/sge/utils/LoggerBehavioralIss741Suite.scala	43
logging	../sge/sge/src/test/scalajvm/sge/utils/LoggerBehavioralIss741Suite.scala	43
logging	../sge/sge/src/test/scalajvm/sge/utils/LoggerBehavioralIss741Suite.scala	48
context	../sge/sge/src/test/scalajvm/sge/utils/LoggerBehavioralIss741Suite.scala	50
logging	../sge/sge/src/test/scalajvm/sge/utils/LoggerBehavioralIss741Suite.scala	54
logging	../sge/sge/src/test/scalajvm/sge/utils/LoggerBehavioralIss741Suite.scala	88
opaque-key-button	../sge/sge/src/test/scalajvm/sge/utils/MkArrayOpaqueTest.scala	11
opaque-key-button	../sge/sge/src/test/scalajvm/sge/utils/MkArrayOpaqueTest.scala	11
member-shape	../sge/sge/src/test/scalajvm/sge/utils/MkArrayOpaqueTest.scala	12
member-shape	../sge/sge/src/test/scalajvm/sge/utils/MkArrayOpaqueTest.scala	16
member-shape	../sge/sge/src/test/scalajvm/sge/utils/MkArrayOpaqueTest.scala	24
member-shape	../sge/sge/src/test/scalajvm/sge/utils/MkArrayOpaqueTest.scala	27
member-shape	../sge/sge/src/test/scalajvm/sge/utils/MkArrayOpaqueTest.scala	28
member-shape	../sge/sge/src/test/scalajvm/sge/utils/MkArrayOpaqueTest.scala	29
member-shape	../sge/sge/src/test/scalajvm/sge/utils/MkArrayOpaqueTest.scala	32
member-shape	../sge/sge/src/test/scalajvm/sge/utils/MkArrayOpaqueTest.scala	35
member-shape	../sge/sge/src/test/scalajvm/sge/utils/MkArrayOpaqueTest.scala	35
member-shape	../sge/sge/src/test/scalajvm/sge/utils/MkArrayOpaqueTest.scala	35
opaque-key-button	../sge/sge/src/test/scalajvm/sge/utils/MkArrayOpaqueTest.scala	53
opaque-key-button	../sge/sge/src/test/scalajvm/sge/utils/MkArrayOpaqueTest.scala	54
member-shape	../sge/sge/src/test/scalajvm/sge/utils/MkArrayOpaqueTest.scala	56
member-shape	../sge/sge/src/test/scalajvm/sge/utils/MkArrayOpaqueTest.scala	58
member-shape	../sge/sge/src/test/scalajvm/sge/utils/MkArrayOpaqueTest.scala	59
member-shape	../sge/sge/src/test/scalajvm/sge/utils/MkArrayOpaqueTest.scala	60
member-shape	../sge/sge/src/test/scalajvm/sge/utils/MkArrayOpaqueTest.scala	61
member-shape	../sge/sge/src/test/scalajvm/sge/utils/MkArrayOpaqueTest.scala	62
member-shape	../sge/sge/src/test/scalajvm/sge/utils/MkArrayOpaqueTest.scala	63
member-shape	../sge/sge/src/test/scalajvm/sge/utils/MkArrayOpaqueTest.scala	81
member-shape	../sge/sge/src/test/scalajvm/sge/utils/MkArrayOpaqueTest.scala	82
member-shape	../sge/sge/src/test/scalajvm/sge/utils/MkArrayOpaqueTest.scala	83
member-shape	../sge/sge/src/test/scalajvm/sge/utils/MkArrayOpaqueTest.scala	87
opaque-key-button	../sge/sge/src/test/scalajvm/sge/utils/MkArrayOpaqueTest.scala	98
type-shape	../sge/sge/src/test/scalajvm/sge/utils/PoolManagerConcurrencyIss803Suite.scala	42
other	../sge/sge/src/test/scalajvm/sge/utils/PoolManagerConcurrencyIss803Suite.scala	42
type-shape	../sge/sge/src/test/scalajvm/sge/utils/PoolManagerConcurrencyIss803Suite.scala	43
other	../sge/sge/src/test/scalajvm/sge/utils/PoolManagerConcurrencyIss803Suite.scala	43
type-shape	../sge/sge/src/test/scalajvm/sge/utils/PoolManagerConcurrencyIss803Suite.scala	44
other	../sge/sge/src/test/scalajvm/sge/utils/PoolManagerConcurrencyIss803Suite.scala	44
type-shape	../sge/sge/src/test/scalajvm/sge/utils/PoolManagerConcurrencyIss803Suite.scala	45
other	../sge/sge/src/test/scalajvm/sge/utils/PoolManagerConcurrencyIss803Suite.scala	45
type-shape	../sge/sge/src/test/scalajvm/sge/utils/PoolManagerConcurrencyIss803Suite.scala	46
other	../sge/sge/src/test/scalajvm/sge/utils/PoolManagerConcurrencyIss803Suite.scala	46
type-shape	../sge/sge/src/test/scalajvm/sge/utils/PoolManagerConcurrencyIss803Suite.scala	47
other	../sge/sge/src/test/scalajvm/sge/utils/PoolManagerConcurrencyIss803Suite.scala	47
type-shape	../sge/sge/src/test/scalajvm/sge/utils/PoolManagerConcurrencyIss803Suite.scala	48
other	../sge/sge/src/test/scalajvm/sge/utils/PoolManagerConcurrencyIss803Suite.scala	48
type-shape	../sge/sge/src/test/scalajvm/sge/utils/PoolManagerConcurrencyIss803Suite.scala	49
other	../sge/sge/src/test/scalajvm/sge/utils/PoolManagerConcurrencyIss803Suite.scala	49
type-shape	../sge/sge/src/test/scalajvm/sge/utils/PoolManagerConcurrencyIss803Suite.scala	50
other	../sge/sge/src/test/scalajvm/sge/utils/PoolManagerConcurrencyIss803Suite.scala	50
type-shape	../sge/sge/src/test/scalajvm/sge/utils/PoolManagerConcurrencyIss803Suite.scala	51
other	../sge/sge/src/test/scalajvm/sge/utils/PoolManagerConcurrencyIss803Suite.scala	51
type-shape	../sge/sge/src/test/scalajvm/sge/utils/PoolManagerConcurrencyIss803Suite.scala	52
other	../sge/sge/src/test/scalajvm/sge/utils/PoolManagerConcurrencyIss803Suite.scala	52
type-shape	../sge/sge/src/test/scalajvm/sge/utils/PoolManagerConcurrencyIss803Suite.scala	53
other	../sge/sge/src/test/scalajvm/sge/utils/PoolManagerConcurrencyIss803Suite.scala	53
type-shape	../sge/sge/src/test/scalajvm/sge/utils/PoolManagerConcurrencyIss803Suite.scala	54
other	../sge/sge/src/test/scalajvm/sge/utils/PoolManagerConcurrencyIss803Suite.scala	54
type-shape	../sge/sge/src/test/scalajvm/sge/utils/PoolManagerConcurrencyIss803Suite.scala	55
other	../sge/sge/src/test/scalajvm/sge/utils/PoolManagerConcurrencyIss803Suite.scala	55
type-shape	../sge/sge/src/test/scalajvm/sge/utils/PoolManagerConcurrencyIss803Suite.scala	56
other	../sge/sge/src/test/scalajvm/sge/utils/PoolManagerConcurrencyIss803Suite.scala	56
type-shape	../sge/sge/src/test/scalajvm/sge/utils/PoolManagerConcurrencyIss803Suite.scala	57
other	../sge/sge/src/test/scalajvm/sge/utils/PoolManagerConcurrencyIss803Suite.scala	57
type-shape	../sge/sge/src/test/scalajvm/sge/utils/PoolManagerConcurrencyIss803Suite.scala	58
other	../sge/sge/src/test/scalajvm/sge/utils/PoolManagerConcurrencyIss803Suite.scala	58
type-shape	../sge/sge/src/test/scalajvm/sge/utils/PoolManagerConcurrencyIss803Suite.scala	59
other	../sge/sge/src/test/scalajvm/sge/utils/PoolManagerConcurrencyIss803Suite.scala	59
type-shape	../sge/sge/src/test/scalajvm/sge/utils/PoolManagerConcurrencyIss803Suite.scala	60
other	../sge/sge/src/test/scalajvm/sge/utils/PoolManagerConcurrencyIss803Suite.scala	60
type-shape	../sge/sge/src/test/scalajvm/sge/utils/PoolManagerConcurrencyIss803Suite.scala	61
other	../sge/sge/src/test/scalajvm/sge/utils/PoolManagerConcurrencyIss803Suite.scala	61
member-shape	../sge/sge/src/test/scalajvm/sge/utils/TimerWakeupRedSuite.scala	134
type-shape	../sge/sge/src/test/scalajvm/sge/utils/TimerWakeupRedSuite.scala	147
opaque-time-pixels	../sge/sge/src/test/scalajvm/sge/utils/TimerWakeupRedSuite.scala	171
member-shape	../sge/sge/src/test/scalajvm/sge/utils/TimerWakeupRedSuite.scala	190
member-shape	../sge/sge/src/test/scalajvm/sge/utils/TimerWakeupRedSuite.scala	194
opaque-time-pixels	../sge/sge/src/test/scalajvm/sge/utils/TimerWakeupRedSuite.scala	217
opaque-time-pixels	../sge/sge/src/test/scalajvm/sge/utils/TimerWakeupRedSuite.scala	218
member-shape	../sge/sge/src/test/scalajvm/sge/utils/TimerWakeupRedSuite.scala	228
member-shape	../sge/sge/src/test/scalajvm/sge/utils/XmlReaderTest.scala	29
member-shape	../sge/sge/src/test/scalajvm/sge/utils/XmlReaderTest.scala	64
member-shape	../sge/sge/src/test/scalajvm/sge/utils/XmlReaderTest.scala	72
nullable	../sge/sge/src/test/scalajvm/sge/utils/XmlReaderTest.scala	86
nullable	../sge/sge/src/test/scalajvm/sge/utils/XmlReaderTest.scala	185
member-shape	../sge/sge/src/test/scalajvm/sge/utils/XmlReaderTest.scala	211
nullable	../sge/sge/src/test/scalajvm/sge/utils/XmlReaderTest.scala	217
member-shape	../sge/sge/src/test/scalajvm/sge/utils/XmlReaderTest.scala	221
nullable	../sge/sge/src/test/scalajvm/sge/utils/XmlReaderTest.scala	226
nullable	../sge/sge/src/test/scalajvm/sge/utils/XmlReaderTest.scala	227
nullable	../sge/sge/src/test/scalajvm/sge/utils/XmlReaderTest.scala	255
member-shape	../sge/sge/src/test/scalajvm/sge/utils/XmlReaderTest.scala	337
member-shape	../sge/sge/src/test/scalajvm/sge/utils/XmlReaderTest.scala	338
opaque-time-pixels	/Users/dev/Workspaces/kubuszok/balticporter/ported/sge-l0/src_managed/main/scala/sge/DefaultDesktopInput.scala	77
opaque-time-pixels	/Users/dev/Workspaces/kubuszok/balticporter/ported/sge-l0/src_managed/main/scala/sge/DefaultDesktopInput.scala	91
opaque-time-pixels	/Users/dev/Workspaces/kubuszok/balticporter/ported/sge-l0/src_managed/main/scala/sge/DefaultDesktopInput.scala	135
opaque-time-pixels	/Users/dev/Workspaces/kubuszok/balticporter/ported/sge-l0/src_managed/main/scala/sge/DefaultDesktopInput.scala	135
opaque-time-pixels	/Users/dev/Workspaces/kubuszok/balticporter/ported/sge-l0/src_managed/main/scala/sge/DefaultDesktopInput.scala	135
opaque-time-pixels	/Users/dev/Workspaces/kubuszok/balticporter/ported/sge-l0/src_managed/main/scala/sge/DefaultDesktopInput.scala	137
opaque-time-pixels	/Users/dev/Workspaces/kubuszok/balticporter/ported/sge-l0/src_managed/main/scala/sge/DefaultDesktopInput.scala	137
opaque-time-pixels	/Users/dev/Workspaces/kubuszok/balticporter/ported/sge-l0/src_managed/main/scala/sge/DefaultDesktopInput.scala	150
opaque-time-pixels	/Users/dev/Workspaces/kubuszok/balticporter/ported/sge-l0/src_managed/main/scala/sge/DefaultDesktopInput.scala	150
opaque-time-pixels	/Users/dev/Workspaces/kubuszok/balticporter/ported/sge-l0/src_managed/main/scala/sge/DefaultDesktopInput.scala	150
opaque-time-pixels	/Users/dev/Workspaces/kubuszok/balticporter/ported/sge-l0/src_managed/main/scala/sge/DefaultDesktopInput.scala	150
opaque-time-pixels	/Users/dev/Workspaces/kubuszok/balticporter/ported/sge-l0/src_managed/main/scala/sge/DefaultDesktopInput.scala	154
opaque-time-pixels	/Users/dev/Workspaces/kubuszok/balticporter/ported/sge-l0/src_managed/main/scala/sge/DefaultDesktopInput.scala	154
opaque-time-pixels	/Users/dev/Workspaces/kubuszok/balticporter/ported/sge-l0/src_managed/main/scala/sge/DefaultDesktopInput.scala	154
opaque-time-pixels	/Users/dev/Workspaces/kubuszok/balticporter/ported/sge-l0/src_managed/main/scala/sge/DefaultDesktopInput.scala	154
opaque-time-pixels	/Users/dev/Workspaces/kubuszok/balticporter/ported/sge-l0/src_managed/main/scala/sge/InputEventQueue.scala	150
nullable	/Users/dev/Workspaces/kubuszok/balticporter/ported/sge-l0/src_managed/main/scala/sge/assets/AssetDescriptor.scala	39
nullable	/Users/dev/Workspaces/kubuszok/balticporter/ported/sge-l0/src_managed/main/scala/sge/assets/AssetDescriptor.scala	50
arity	/Users/dev/Workspaces/kubuszok/balticporter/ported/sge-l0/src_managed/main/scala/sge/audio/MiniaudioEngine.scala	119
other	/Users/dev/Workspaces/kubuszok/balticporter/ported/sge-l0/src_managed/main/scala/sge/graphics/VertexAttribute.scala	124
other	/Users/dev/Workspaces/kubuszok/balticporter/ported/sge-l0/src_managed/main/scala/sge/graphics/VertexAttribute.scala	125
other	/Users/dev/Workspaces/kubuszok/balticporter/ported/sge-l0/src_managed/main/scala/sge/graphics/VertexAttribute.scala	125
other	/Users/dev/Workspaces/kubuszok/balticporter/ported/sge-l0/src_managed/main/scala/sge/graphics/VertexAttribute.scala	125
other	/Users/dev/Workspaces/kubuszok/balticporter/ported/sge-l0/src_managed/main/scala/sge/graphics/VertexAttribute.scala	125
other	/Users/dev/Workspaces/kubuszok/balticporter/ported/sge-l0/src_managed/main/scala/sge/graphics/VertexAttribute.scala	128
other	/Users/dev/Workspaces/kubuszok/balticporter/ported/sge-l0/src_managed/main/scala/sge/graphics/VertexAttribute.scala	128
other	/Users/dev/Workspaces/kubuszok/balticporter/ported/sge-l0/src_managed/main/scala/sge/graphics/VertexAttribute.scala	131
other	/Users/dev/Workspaces/kubuszok/balticporter/ported/sge-l0/src_managed/main/scala/sge/graphics/VertexAttribute.scala	131
opaque-time-pixels	/Users/dev/Workspaces/kubuszok/balticporter/ported/sge-l0/src_managed/main/scala/sge/graphics/g2d/GlyphLayout.scala	151
opaque-time-pixels	/Users/dev/Workspaces/kubuszok/balticporter/ported/sge-l0/src_managed/main/scala/sge/graphics/g2d/GlyphLayout.scala	151
other	/Users/dev/Workspaces/kubuszok/balticporter/ported/sge-l0/src_managed/main/scala/sge/graphics/g3d/loader/G3dModelLoader.scala	74
type-shape	/Users/dev/Workspaces/kubuszok/balticporter/ported/sge-l0/src_managed/main/scala/sge/graphics/g3d/loader/G3dModelLoader.scala	99
opaque-time-pixels	/Users/dev/Workspaces/kubuszok/balticporter/ported/sge-l0/src_managed/main/scala/sge/graphics/g3d/shaders/BaseShader.scala	219
opaque-time-pixels	/Users/dev/Workspaces/kubuszok/balticporter/ported/sge-l0/src_managed/main/scala/sge/graphics/g3d/shaders/BaseShader.scala	219
opaque-time-pixels	/Users/dev/Workspaces/kubuszok/balticporter/ported/sge-l0/src_managed/main/scala/sge/graphics/g3d/utils/AnimationController.scala	498
opaque-time-pixels	/Users/dev/Workspaces/kubuszok/balticporter/ported/sge-l0/src_managed/main/scala/sge/math/ConvexHull.scala	148
nullable	/Users/dev/Workspaces/kubuszok/balticporter/ported/sge-l0/src_managed/main/scala/sge/math/FloatCounter.scala	49
other	/Users/dev/Workspaces/kubuszok/balticporter/ported/sge-l0/src_managed/main/scala/sge/scenes/scene2d/ui/Skin.scala	91
other	/Users/dev/Workspaces/kubuszok/balticporter/ported/sge-l0/src_managed/main/scala/sge/scenes/scene2d/ui/Skin.scala	209
nullable	/Users/dev/Workspaces/kubuszok/balticporter/ported/sge-l0/src_managed/main/scala/sge/scenes/scene2d/ui/Table.scala	1027
nullable	/Users/dev/Workspaces/kubuszok/balticporter/ported/sge-l0/src_managed/main/scala/sge/scenes/scene2d/ui/Table.scala	1042
opaque-time-pixels	/Users/dev/Workspaces/kubuszok/balticporter/ported/sge-l0/src_managed/main/scala/sge/scenes/scene2d/ui/TextField.scala	167
opaque-time-pixels	/Users/dev/Workspaces/kubuszok/balticporter/ported/sge-l0/src_managed/main/scala/sge/scenes/scene2d/ui/TextField.scala	169
opaque-time-pixels	/Users/dev/Workspaces/kubuszok/balticporter/ported/sge-l0/src_managed/main/scala/sge/scenes/scene2d/ui/TextField.scala	960
opaque-time-pixels	/Users/dev/Workspaces/kubuszok/balticporter/ported/sge-l0/src_managed/main/scala/sge/scenes/scene2d/ui/TextField.scala	960
opaque-time-pixels	/Users/dev/Workspaces/kubuszok/balticporter/ported/sge-l0/src_managed/main/scala/sge/scenes/scene2d/ui/TextField.scala	960
opaque-time-pixels	/Users/dev/Workspaces/kubuszok/balticporter/ported/sge-l0/src_managed/main/scala/sge/scenes/scene2d/ui/TextField.scala	960
opaque-time-pixels	/Users/dev/Workspaces/kubuszok/balticporter/ported/sge-l0/src_managed/main/scala/sge/scenes/scene2d/ui/TextField.scala	1250
opaque-time-pixels	/Users/dev/Workspaces/kubuszok/balticporter/ported/sge-l0/src_managed/main/scala/sge/scenes/scene2d/ui/TextField.scala	1250
opaque-time-pixels	/Users/dev/Workspaces/kubuszok/balticporter/ported/sge-l0/src_managed/main/scala/sge/scenes/scene2d/ui/TextField.scala	1270
opaque-time-pixels	/Users/dev/Workspaces/kubuszok/balticporter/ported/sge-l0/src_managed/main/scala/sge/scenes/scene2d/ui/TextField.scala	1270
opaque-time-pixels	/Users/dev/Workspaces/kubuszok/balticporter/ported/sge-l0/src_managed/main/scala/sge/utils/FloatArray.scala	572
opaque-time-pixels	/Users/dev/Workspaces/kubuszok/balticporter/ported/sge-l0/src_managed/main/scala/sge/utils/IntArray.scala	196
opaque-time-pixels	/Users/dev/Workspaces/kubuszok/balticporter/ported/sge-l0/src_managed/main/scala/sge/utils/IntArray.scala	201
opaque-time-pixels	/Users/dev/Workspaces/kubuszok/balticporter/ported/sge-l0/src_managed/main/scala/sge/utils/IntArray.scala	543
opaque-time-pixels	/Users/dev/Workspaces/kubuszok/balticporter/ported/sge-l0/src_managed/main/scala/sge/utils/IntArray.scala	544
opaque-time-pixels	/Users/dev/Workspaces/kubuszok/balticporter/ported/sge-l0/src_managed/main/scala/sge/utils/IntArray.scala	546
opaque-time-pixels	/Users/dev/Workspaces/kubuszok/balticporter/ported/sge-l0/src_managed/main/scala/sge/utils/IntArray.scala	547
opaque-time-pixels	/Users/dev/Workspaces/kubuszok/balticporter/ported/sge-l0/src_managed/main/scala/sge/utils/IntArray.scala	548
opaque-time-pixels	/Users/dev/Workspaces/kubuszok/balticporter/ported/sge-l0/src_managed/main/scala/sge/utils/IntArray.scala	551
opaque-time-pixels	/Users/dev/Workspaces/kubuszok/balticporter/ported/sge-l0/src_managed/main/scala/sge/utils/IntArray.scala	552
opaque-time-pixels	/Users/dev/Workspaces/kubuszok/balticporter/ported/sge-l0/src_managed/main/scala/sge/utils/IntArray.scala	553
opaque-time-pixels	/Users/dev/Workspaces/kubuszok/balticporter/ported/sge-l0/src_managed/main/scala/sge/utils/IntSet.scala	425
opaque-time-pixels	/Users/dev/Workspaces/kubuszok/balticporter/ported/sge-l0/src_managed/main/scala/sge/utils/IntSet.scala	426
opaque-time-pixels	/Users/dev/Workspaces/kubuszok/balticporter/ported/sge-l0/src_managed/main/scala/sge/utils/IntSet.scala	427
opaque-time-pixels	/Users/dev/Workspaces/kubuszok/balticporter/ported/sge-l0/src_managed/main/scala/sge/utils/IntSet.scala	428
opaque-time-pixels	/Users/dev/Workspaces/kubuszok/balticporter/ported/sge-l0/src_managed/main/scala/sge/utils/JsonString.scala	156
opaque-time-pixels	/Users/dev/Workspaces/kubuszok/balticporter/ported/sge-l0/src_managed/main/scala/sge/utils/JsonString.scala	173
opaque-time-pixels	/Users/dev/Workspaces/kubuszok/balticporter/ported/sge-l0/src_managed/main/scala/sge/utils/JsonWriter.scala	158
opaque-time-pixels	/Users/dev/Workspaces/kubuszok/balticporter/ported/sge-l0/src_managed/main/scala/sge/utils/JsonWriter.scala	175
opaque-time-pixels	/Users/dev/Workspaces/kubuszok/balticporter/ported/sge-l0/src_managed/main/scala/sge/utils/ObjectIntMap.scala	522
opaque-time-pixels	/Users/dev/Workspaces/kubuszok/balticporter/ported/sge-l0/src_managed/main/scala/sge/utils/ObjectIntMap.scala	523
opaque-time-pixels	/Users/dev/Workspaces/kubuszok/balticporter/ported/sge-l0/src_managed/main/scala/sge/utils/ObjectIntMap.scala	524
opaque-time-pixels	/Users/dev/Workspaces/kubuszok/balticporter/ported/sge-l0/src_managed/main/scala/sge/DefaultDesktopInput.scala	77
opaque-time-pixels	/Users/dev/Workspaces/kubuszok/balticporter/ported/sge-l0/src_managed/main/scala/sge/DefaultDesktopInput.scala	91
opaque-time-pixels	/Users/dev/Workspaces/kubuszok/balticporter/ported/sge-l0/src_managed/main/scala/sge/DefaultDesktopInput.scala	135
opaque-time-pixels	/Users/dev/Workspaces/kubuszok/balticporter/ported/sge-l0/src_managed/main/scala/sge/DefaultDesktopInput.scala	135
opaque-time-pixels	/Users/dev/Workspaces/kubuszok/balticporter/ported/sge-l0/src_managed/main/scala/sge/DefaultDesktopInput.scala	135
opaque-time-pixels	/Users/dev/Workspaces/kubuszok/balticporter/ported/sge-l0/src_managed/main/scala/sge/DefaultDesktopInput.scala	137
opaque-time-pixels	/Users/dev/Workspaces/kubuszok/balticporter/ported/sge-l0/src_managed/main/scala/sge/DefaultDesktopInput.scala	137
opaque-time-pixels	/Users/dev/Workspaces/kubuszok/balticporter/ported/sge-l0/src_managed/main/scala/sge/DefaultDesktopInput.scala	150
opaque-time-pixels	/Users/dev/Workspaces/kubuszok/balticporter/ported/sge-l0/src_managed/main/scala/sge/DefaultDesktopInput.scala	150
opaque-time-pixels	/Users/dev/Workspaces/kubuszok/balticporter/ported/sge-l0/src_managed/main/scala/sge/DefaultDesktopInput.scala	150
opaque-time-pixels	/Users/dev/Workspaces/kubuszok/balticporter/ported/sge-l0/src_managed/main/scala/sge/DefaultDesktopInput.scala	150
opaque-time-pixels	/Users/dev/Workspaces/kubuszok/balticporter/ported/sge-l0/src_managed/main/scala/sge/DefaultDesktopInput.scala	154
opaque-time-pixels	/Users/dev/Workspaces/kubuszok/balticporter/ported/sge-l0/src_managed/main/scala/sge/DefaultDesktopInput.scala	154
opaque-time-pixels	/Users/dev/Workspaces/kubuszok/balticporter/ported/sge-l0/src_managed/main/scala/sge/DefaultDesktopInput.scala	154
opaque-time-pixels	/Users/dev/Workspaces/kubuszok/balticporter/ported/sge-l0/src_managed/main/scala/sge/DefaultDesktopInput.scala	154
opaque-time-pixels	/Users/dev/Workspaces/kubuszok/balticporter/ported/sge-l0/src_managed/main/scala/sge/InputEventQueue.scala	150
nullable	/Users/dev/Workspaces/kubuszok/balticporter/ported/sge-l0/src_managed/main/scala/sge/assets/AssetDescriptor.scala	39
nullable	/Users/dev/Workspaces/kubuszok/balticporter/ported/sge-l0/src_managed/main/scala/sge/assets/AssetDescriptor.scala	50
arity	/Users/dev/Workspaces/kubuszok/balticporter/ported/sge-l0/src_managed/main/scala/sge/audio/MiniaudioEngine.scala	119
other	/Users/dev/Workspaces/kubuszok/balticporter/ported/sge-l0/src_managed/main/scala/sge/graphics/VertexAttribute.scala	124
other	/Users/dev/Workspaces/kubuszok/balticporter/ported/sge-l0/src_managed/main/scala/sge/graphics/VertexAttribute.scala	125
other	/Users/dev/Workspaces/kubuszok/balticporter/ported/sge-l0/src_managed/main/scala/sge/graphics/VertexAttribute.scala	125
other	/Users/dev/Workspaces/kubuszok/balticporter/ported/sge-l0/src_managed/main/scala/sge/graphics/VertexAttribute.scala	125
other	/Users/dev/Workspaces/kubuszok/balticporter/ported/sge-l0/src_managed/main/scala/sge/graphics/VertexAttribute.scala	125
other	/Users/dev/Workspaces/kubuszok/balticporter/ported/sge-l0/src_managed/main/scala/sge/graphics/VertexAttribute.scala	128
other	/Users/dev/Workspaces/kubuszok/balticporter/ported/sge-l0/src_managed/main/scala/sge/graphics/VertexAttribute.scala	128
other	/Users/dev/Workspaces/kubuszok/balticporter/ported/sge-l0/src_managed/main/scala/sge/graphics/VertexAttribute.scala	131
other	/Users/dev/Workspaces/kubuszok/balticporter/ported/sge-l0/src_managed/main/scala/sge/graphics/VertexAttribute.scala	131
opaque-time-pixels	/Users/dev/Workspaces/kubuszok/balticporter/ported/sge-l0/src_managed/main/scala/sge/graphics/g2d/GlyphLayout.scala	151
opaque-time-pixels	/Users/dev/Workspaces/kubuszok/balticporter/ported/sge-l0/src_managed/main/scala/sge/graphics/g2d/GlyphLayout.scala	151
other	/Users/dev/Workspaces/kubuszok/balticporter/ported/sge-l0/src_managed/main/scala/sge/graphics/g3d/loader/G3dModelLoader.scala	74
type-shape	/Users/dev/Workspaces/kubuszok/balticporter/ported/sge-l0/src_managed/main/scala/sge/graphics/g3d/loader/G3dModelLoader.scala	99
opaque-time-pixels	/Users/dev/Workspaces/kubuszok/balticporter/ported/sge-l0/src_managed/main/scala/sge/graphics/g3d/shaders/BaseShader.scala	219
opaque-time-pixels	/Users/dev/Workspaces/kubuszok/balticporter/ported/sge-l0/src_managed/main/scala/sge/graphics/g3d/shaders/BaseShader.scala	219
opaque-time-pixels	/Users/dev/Workspaces/kubuszok/balticporter/ported/sge-l0/src_managed/main/scala/sge/graphics/g3d/utils/AnimationController.scala	498
opaque-time-pixels	/Users/dev/Workspaces/kubuszok/balticporter/ported/sge-l0/src_managed/main/scala/sge/math/ConvexHull.scala	148
nullable	/Users/dev/Workspaces/kubuszok/balticporter/ported/sge-l0/src_managed/main/scala/sge/math/FloatCounter.scala	49
other	/Users/dev/Workspaces/kubuszok/balticporter/ported/sge-l0/src_managed/main/scala/sge/scenes/scene2d/ui/Skin.scala	91
other	/Users/dev/Workspaces/kubuszok/balticporter/ported/sge-l0/src_managed/main/scala/sge/scenes/scene2d/ui/Skin.scala	209
nullable	/Users/dev/Workspaces/kubuszok/balticporter/ported/sge-l0/src_managed/main/scala/sge/scenes/scene2d/ui/Table.scala	1027
nullable	/Users/dev/Workspaces/kubuszok/balticporter/ported/sge-l0/src_managed/main/scala/sge/scenes/scene2d/ui/Table.scala	1042
opaque-time-pixels	/Users/dev/Workspaces/kubuszok/balticporter/ported/sge-l0/src_managed/main/scala/sge/scenes/scene2d/ui/TextField.scala	167
opaque-time-pixels	/Users/dev/Workspaces/kubuszok/balticporter/ported/sge-l0/src_managed/main/scala/sge/scenes/scene2d/ui/TextField.scala	169
opaque-time-pixels	/Users/dev/Workspaces/kubuszok/balticporter/ported/sge-l0/src_managed/main/scala/sge/scenes/scene2d/ui/TextField.scala	960
opaque-time-pixels	/Users/dev/Workspaces/kubuszok/balticporter/ported/sge-l0/src_managed/main/scala/sge/scenes/scene2d/ui/TextField.scala	960
opaque-time-pixels	/Users/dev/Workspaces/kubuszok/balticporter/ported/sge-l0/src_managed/main/scala/sge/scenes/scene2d/ui/TextField.scala	960
opaque-time-pixels	/Users/dev/Workspaces/kubuszok/balticporter/ported/sge-l0/src_managed/main/scala/sge/scenes/scene2d/ui/TextField.scala	960
opaque-time-pixels	/Users/dev/Workspaces/kubuszok/balticporter/ported/sge-l0/src_managed/main/scala/sge/scenes/scene2d/ui/TextField.scala	1250
opaque-time-pixels	/Users/dev/Workspaces/kubuszok/balticporter/ported/sge-l0/src_managed/main/scala/sge/scenes/scene2d/ui/TextField.scala	1250
opaque-time-pixels	/Users/dev/Workspaces/kubuszok/balticporter/ported/sge-l0/src_managed/main/scala/sge/scenes/scene2d/ui/TextField.scala	1270
opaque-time-pixels	/Users/dev/Workspaces/kubuszok/balticporter/ported/sge-l0/src_managed/main/scala/sge/scenes/scene2d/ui/TextField.scala	1270
opaque-time-pixels	/Users/dev/Workspaces/kubuszok/balticporter/ported/sge-l0/src_managed/main/scala/sge/utils/FloatArray.scala	572
opaque-time-pixels	/Users/dev/Workspaces/kubuszok/balticporter/ported/sge-l0/src_managed/main/scala/sge/utils/IntArray.scala	196
opaque-time-pixels	/Users/dev/Workspaces/kubuszok/balticporter/ported/sge-l0/src_managed/main/scala/sge/utils/IntArray.scala	201
opaque-time-pixels	/Users/dev/Workspaces/kubuszok/balticporter/ported/sge-l0/src_managed/main/scala/sge/utils/IntArray.scala	543
opaque-time-pixels	/Users/dev/Workspaces/kubuszok/balticporter/ported/sge-l0/src_managed/main/scala/sge/utils/IntArray.scala	544
opaque-time-pixels	/Users/dev/Workspaces/kubuszok/balticporter/ported/sge-l0/src_managed/main/scala/sge/utils/IntArray.scala	546
opaque-time-pixels	/Users/dev/Workspaces/kubuszok/balticporter/ported/sge-l0/src_managed/main/scala/sge/utils/IntArray.scala	547
opaque-time-pixels	/Users/dev/Workspaces/kubuszok/balticporter/ported/sge-l0/src_managed/main/scala/sge/utils/IntArray.scala	548
opaque-time-pixels	/Users/dev/Workspaces/kubuszok/balticporter/ported/sge-l0/src_managed/main/scala/sge/utils/IntArray.scala	551
opaque-time-pixels	/Users/dev/Workspaces/kubuszok/balticporter/ported/sge-l0/src_managed/main/scala/sge/utils/IntArray.scala	552
opaque-time-pixels	/Users/dev/Workspaces/kubuszok/balticporter/ported/sge-l0/src_managed/main/scala/sge/utils/IntArray.scala	553
opaque-time-pixels	/Users/dev/Workspaces/kubuszok/balticporter/ported/sge-l0/src_managed/main/scala/sge/utils/IntSet.scala	425
opaque-time-pixels	/Users/dev/Workspaces/kubuszok/balticporter/ported/sge-l0/src_managed/main/scala/sge/utils/IntSet.scala	426
opaque-time-pixels	/Users/dev/Workspaces/kubuszok/balticporter/ported/sge-l0/src_managed/main/scala/sge/utils/IntSet.scala	427
opaque-time-pixels	/Users/dev/Workspaces/kubuszok/balticporter/ported/sge-l0/src_managed/main/scala/sge/utils/IntSet.scala	428
opaque-time-pixels	/Users/dev/Workspaces/kubuszok/balticporter/ported/sge-l0/src_managed/main/scala/sge/utils/JsonString.scala	156
opaque-time-pixels	/Users/dev/Workspaces/kubuszok/balticporter/ported/sge-l0/src_managed/main/scala/sge/utils/JsonString.scala	173
opaque-time-pixels	/Users/dev/Workspaces/kubuszok/balticporter/ported/sge-l0/src_managed/main/scala/sge/utils/JsonWriter.scala	158
opaque-time-pixels	/Users/dev/Workspaces/kubuszok/balticporter/ported/sge-l0/src_managed/main/scala/sge/utils/JsonWriter.scala	175
opaque-time-pixels	/Users/dev/Workspaces/kubuszok/balticporter/ported/sge-l0/src_managed/main/scala/sge/utils/ObjectIntMap.scala	522
opaque-time-pixels	/Users/dev/Workspaces/kubuszok/balticporter/ported/sge-l0/src_managed/main/scala/sge/utils/ObjectIntMap.scala	523
opaque-time-pixels	/Users/dev/Workspaces/kubuszok/balticporter/ported/sge-l0/src_managed/main/scala/sge/utils/ObjectIntMap.scala	524
opaque-time-pixels	/Users/dev/Workspaces/kubuszok/balticporter/ported/sge-l0/src_managed/main/scala/sge/DefaultDesktopInput.scala	135
opaque-time-pixels	/Users/dev/Workspaces/kubuszok/balticporter/ported/sge-l0/src_managed/main/scala/sge/DefaultDesktopInput.scala	135
opaque-time-pixels	/Users/dev/Workspaces/kubuszok/balticporter/ported/sge-l0/src_managed/main/scala/sge/DefaultDesktopInput.scala	137
opaque-time-pixels	/Users/dev/Workspaces/kubuszok/balticporter/ported/sge-l0/src_managed/main/scala/sge/DefaultDesktopInput.scala	137
opaque-time-pixels	/Users/dev/Workspaces/kubuszok/balticporter/ported/sge-l0/src_managed/main/scala/sge/DefaultDesktopInput.scala	150
opaque-time-pixels	/Users/dev/Workspaces/kubuszok/balticporter/ported/sge-l0/src_managed/main/scala/sge/DefaultDesktopInput.scala	150
opaque-time-pixels	/Users/dev/Workspaces/kubuszok/balticporter/ported/sge-l0/src_managed/main/scala/sge/DefaultDesktopInput.scala	154
opaque-time-pixels	/Users/dev/Workspaces/kubuszok/balticporter/ported/sge-l0/src_managed/main/scala/sge/DefaultDesktopInput.scala	154
arity	/Users/dev/Workspaces/kubuszok/balticporter/ported/sge-l0/src_managed/main/scala/sge/audio/MiniaudioEngine.scala	119
other	/Users/dev/Workspaces/kubuszok/balticporter/ported/sge-l0/src_managed/main/scala/sge/graphics/g3d/loader/G3dModelLoader.scala	74
type-shape	/Users/dev/Workspaces/kubuszok/balticporter/ported/sge-l0/src_managed/main/scala/sge/graphics/g3d/loader/G3dModelLoader.scala	99
other	/Users/dev/Workspaces/kubuszok/balticporter/ported/sge-l0/src_managed/main/scala/sge/scenes/scene2d/ui/Skin.scala	91
other	/Users/dev/Workspaces/kubuszok/balticporter/ported/sge-l0/src_managed/main/scala/sge/scenes/scene2d/ui/Skin.scala	209
opaque-time-pixels	/Users/dev/Workspaces/kubuszok/balticporter/ported/sge-l0/src_managed/main/scala/sge/DesktopGraphics.scala	512
other	/Users/dev/Workspaces/kubuszok/balticporter/ported/sge-l0/src_managed/main/scala/sge/files/DesktopFileHandle.scala	34
opaque-time-pixels	/Users/dev/Workspaces/kubuszok/balticporter/ported/sge-l0/src_managed/main/scala/sge/graphics/g3d/loader/G3dModelLoader.scala	60
opaque-time-pixels	/Users/dev/Workspaces/kubuszok/balticporter/ported/sge-l0/src_managed/main/scala/sge/noop/NoopGraphics.scala	208
android	../sge/sge/src/test/scalajvm/sge/SgeAndroidDriverRedSuite.scala	47
android	../sge/sge/src/test/scalajvm/sge/AndroidInputTest.scala	10
android	../sge/sge/src/test/scalajvm/sge/AndroidInputKeyQueueRedSuite.scala	22
android	../sge/sge/src/test/scalajvm/sge/AndroidGraphicsTest.scala	9
android	../sge/sge/src/test/scalajvm/sge/AndroidAudioAssetFdRedSuite.scala	35
android	../sge/sge/src/test/scalajvm/sge/AndroidAudioAdapterTest.scala	10
particles	../sge/sge/src/test/scala/sge/graphics/g3d/particles/ParticleEffectCodecsSerializationErrorIss814RedSuite.scala	30
member-shape	../sge/sge/src/test/scala/sge/GameScreenTest.scala	43
nullable	../sge/sge/src/test/scala/sge/GameScreenTest.scala	49
member-shape	../sge/sge/src/test/scala/sge/GameScreenTest.scala	50
member-shape	../sge/sge/src/test/scala/sge/GameScreenTest.scala	51
nullable	../sge/sge/src/test/scala/sge/GameScreenTest.scala	59
nullable	../sge/sge/src/test/scala/sge/GameScreenTest.scala	66
nullable	../sge/sge/src/test/scala/sge/GameScreenTest.scala	75
nullable	../sge/sge/src/test/scala/sge/GameScreenTest.scala	85
nullable	../sge/sge/src/test/scala/sge/GameScreenTest.scala	87
nullable	../sge/sge/src/test/scala/sge/GameScreenTest.scala	113
nullable	../sge/sge/src/test/scala/sge/GameScreenTest.scala	115
nullable	../sge/sge/src/test/scala/sge/GameScreenTest.scala	122
nullable	../sge/sge/src/test/scala/sge/GameScreenTest.scala	124
member-shape	../sge/sge/src/test/scala/sge/GameScreenTest.scala	126
nullable	../sge/sge/src/test/scala/sge/GameScreenTest.scala	134
nullable	../sge/sge/src/test/scala/sge/GameScreenTest.scala	150
nullable	../sge/sge/src/test/scala/sge/GameScreenTest.scala	168
nullable	../sge/sge/src/test/scala/sge/GameScreenTest.scala	184
nullable	../sge/sge/src/test/scala/sge/GameScreenTest.scala	200
nullable	../sge/sge/src/test/scala/sge/GameScreenTest.scala	219
nullable	../sge/sge/src/test/scala/sge/GameScreenTest.scala	223
nullable	../sge/sge/src/test/scala/sge/GameScreenTest.scala	228
nullable	../sge/sge/src/test/scala/sge/GameScreenTest.scala	249
opaque-key-button	../sge/sge/src/test/scala/sge/InputEventQueueIss566GateSuite.scala	48
opaque-key-button	../sge/sge/src/test/scala/sge/InputEventQueueIss566GateSuite.scala	48
opaque-key-button	../sge/sge/src/test/scala/sge/InputEventQueueIss566GateSuite.scala	59
opaque-key-button	../sge/sge/src/test/scala/sge/InputEventQueueIss566GateSuite.scala	60
opaque-key-button	../sge/sge/src/test/scala/sge/InputEventQueueIss566GateSuite.scala	62
opaque-key-button	../sge/sge/src/test/scala/sge/InputEventQueueIss566GateSuite.scala	65
opaque-key-button	../sge/sge/src/test/scala/sge/InputEventQueueIss566GateSuite.scala	94
type-shape	../sge/sge/src/test/scala/sge/InputEventQueueIss566GateSuite.scala	94
opaque-time-pixels	../sge/sge/src/test/scala/sge/InputEventQueueIss566GateSuite.scala	95
opaque-time-pixels	../sge/sge/src/test/scala/sge/InputEventQueueIss566GateSuite.scala	95
opaque-time-pixels	../sge/sge/src/test/scala/sge/InputEventQueueIss566GateSuite.scala	96
opaque-time-pixels	../sge/sge/src/test/scala/sge/InputEventQueueIss566GateSuite.scala	97
type-shape	../sge/sge/src/test/scala/sge/InputEventQueueIss566GateSuite.scala	98
opaque-time-pixels	../sge/sge/src/test/scala/sge/InputEventQueueIss566GateSuite.scala	101
opaque-time-pixels	../sge/sge/src/test/scala/sge/InputEventQueueIss566GateSuite.scala	104
opaque-time-pixels	../sge/sge/src/test/scala/sge/InputEventQueueIss566GateSuite.scala	108
opaque-key-button	../sge/sge/src/test/scala/sge/InputEventQueueIss566GateSuite.scala	110
type-shape	../sge/sge/src/test/scala/sge/InputEventQueueIss566GateSuite.scala	110
opaque-time-pixels	../sge/sge/src/test/scala/sge/InputEventQueueIss566GateSuite.scala	111
opaque-time-pixels	../sge/sge/src/test/scala/sge/InputEventQueueIss566GateSuite.scala	111
type-shape	../sge/sge/src/test/scala/sge/InputEventQueueIss566GateSuite.scala	162
opaque-time-pixels	../sge/sge/src/test/scala/sge/InputEventQueueIss566GateSuite.scala	175
opaque-time-pixels	../sge/sge/src/test/scala/sge/InputEventQueueIss566GateSuite.scala	176
opaque-time-pixels	../sge/sge/src/test/scala/sge/InputEventQueueIss566GateSuite.scala	177
opaque-time-pixels	../sge/sge/src/test/scala/sge/InputEventQueueIss566GateSuite.scala	178
opaque-time-pixels	../sge/sge/src/test/scala/sge/InputEventQueueIss566GateSuite.scala	190
opaque-time-pixels	../sge/sge/src/test/scala/sge/InputEventQueueIss566GateSuite.scala	191
opaque-time-pixels	../sge/sge/src/test/scala/sge/InputEventQueueIss566GateSuite.scala	192
filetype	../sge/sge/src/test/scala/sge/SgeTestFixture.scala	47
net	../sge/sge/src/test/scala/sge/SgeTestFixture.scala	61
net	../sge/sge/src/test/scala/sge/SgeTestFixture.scala	61
member-shape	../sge/sge/src/test/scala/sge/audio/AudioUtilsTest.scala	17
member-shape	../sge/sge/src/test/scala/sge/audio/AudioUtilsTest.scala	25
member-shape	../sge/sge/src/test/scala/sge/audio/AudioUtilsTest.scala	33
member-shape	../sge/sge/src/test/scala/sge/audio/AudioUtilsTest.scala	41
member-shape	../sge/sge/src/test/scala/sge/audio/AudioUtilsTest.scala	57
member-shape	../sge/sge/src/test/scala/sge/graphics/g2d/AnimationTest.scala	24
member-shape	../sge/sge/src/test/scala/sge/graphics/g2d/AnimationTest.scala	28
member-shape	../sge/sge/src/test/scala/sge/graphics/g2d/AnimationTest.scala	32
member-shape	../sge/sge/src/test/scala/sge/graphics/g2d/AnimationTest.scala	36
member-shape	../sge/sge/src/test/scala/sge/graphics/g2d/AnimationTest.scala	40
member-shape	../sge/sge/src/test/scala/sge/graphics/g2d/AnimationTest.scala	44
member-shape	../sge/sge/src/test/scala/sge/graphics/g2d/AnimationTest.scala	48
member-shape	../sge/sge/src/test/scala/sge/graphics/g2d/AnimationTest.scala	52
member-shape	../sge/sge/src/test/scala/sge/graphics/g2d/AnimationTest.scala	56
member-shape	../sge/sge/src/test/scala/sge/graphics/g2d/AnimationTest.scala	60
type-shape	../sge/sge/src/test/scala/sge/graphics/g2d/AnimationTest.scala	66
assertion-mismatch	../sge/sge/src/test/scala/sge/graphics/g2d/AnimationTest.scala	68
member-shape	../sge/sge/src/test/scala/sge/graphics/g2d/AnimationTest.scala	93
particles	../sge/sge/src/test/scala/sge/graphics/g2d/ParticleEmitterValueTest.scala	17
particles	../sge/sge/src/test/scala/sge/graphics/g2d/ParticleEmitterValueTest.scala	23
particles	../sge/sge/src/test/scala/sge/graphics/g2d/ParticleEmitterValueTest.scala	29
particles	../sge/sge/src/test/scala/sge/graphics/g2d/ParticleEmitterValueTest.scala	36
particles	../sge/sge/src/test/scala/sge/graphics/g2d/ParticleEmitterValueTest.scala	274
particles	../sge/sge/src/test/scala/sge/graphics/g2d/ParticleEmitterValueTest.scala	281
particles	../sge/sge/src/test/scala/sge/graphics/g2d/ParticleEmitterValueTest.scala	286
particles	../sge/sge/src/test/scala/sge/graphics/g2d/ParticleEmitterValueTest.scala	291
member-shape	../sge/sge/src/test/scala/sge/graphics/g2d/TextureAtlasDataTest.scala	20
member-shape	../sge/sge/src/test/scala/sge/graphics/g2d/TextureAtlasDataTest.scala	27
member-shape	../sge/sge/src/test/scala/sge/graphics/g2d/TextureAtlasDataTest.scala	36
member-shape	../sge/sge/src/test/scala/sge/graphics/g2d/TextureAtlasDataTest.scala	57
member-shape	../sge/sge/src/test/scala/sge/graphics/g2d/TextureAtlasDataTest.scala	78
filetype	../sge/sge/src/test/scala/sge/graphics/g3d/loader/ObjLoaderResolverIss847RedSuite.scala	57
filetype	../sge/sge/src/test/scala/sge/graphics/g3d/loader/ObjLoaderResolverIss847RedSuite.scala	66
filetype	../sge/sge/src/test/scala/sge/graphics/g3d/loader/ObjLoaderResolverIss847RedSuite.scala	66
nullable	../sge/sge/src/test/scala/sge/graphics/g3d/loader/ObjLoaderResolverIss847RedSuite.scala	112
particles	../sge/sge/src/test/scala/sge/graphics/g3d/particles/ParticleEffectCodecsSerializationErrorIss814RedSuite.scala	51
particles	../sge/sge/src/test/scala/sge/graphics/g3d/particles/ParticleEffectCodecsSerializationErrorIss814RedSuite.scala	59
particles	../sge/sge/src/test/scala/sge/graphics/g3d/particles/ParticleShaderScreenWidthRedSuite.scala	40
particles	../sge/sge/src/test/scala/sge/graphics/g3d/particles/ParticleShaderScreenWidthRedSuite.scala	67
particles	../sge/sge/src/test/scala/sge/graphics/g3d/particles/ParticleShaderScreenWidthRedSuite.scala	85
particles	../sge/sge/src/test/scala/sge/graphics/g3d/particles/SaveDataCodecSuite.scala	72
particles	../sge/sge/src/test/scala/sge/graphics/g3d/particles/SaveDataCodecSuite.scala	73
particles	../sge/sge/src/test/scala/sge/graphics/g3d/particles/SaveDataCodecSuite.scala	100
particles	../sge/sge/src/test/scala/sge/graphics/g3d/particles/SaveDataCodecSuite.scala	108
particles	../sge/sge/src/test/scala/sge/graphics/g3d/particles/SaveDataCodecSuite.scala	115
particles	../sge/sge/src/test/scala/sge/graphics/g3d/particles/SaveDataCodecSuite.scala	122
particles	../sge/sge/src/test/scala/sge/graphics/g3d/particles/SaveDataCodecSuite.scala	123
particles	../sge/sge/src/test/scala/sge/graphics/g3d/particles/SaveDataCodecSuite.scala	128
particles	../sge/sge/src/test/scala/sge/graphics/g3d/particles/SaveDataCodecSuite.scala	129
particles	../sge/sge/src/test/scala/sge/graphics/g3d/particles/SaveDataCodecSuite.scala	133
particles	../sge/sge/src/test/scala/sge/graphics/g3d/particles/SaveDataCodecSuite.scala	137
particles	../sge/sge/src/test/scala/sge/graphics/g3d/particles/SaveDataCodecSuite.scala	141
particles	../sge/sge/src/test/scala/sge/graphics/g3d/particles/SaveDataCodecSuite.scala	145
particles	../sge/sge/src/test/scala/sge/graphics/g3d/particles/SaveDataCodecSuite.scala	147
particles	../sge/sge/src/test/scala/sge/graphics/g3d/particles/SaveDataCodecSuite.scala	153
particles	../sge/sge/src/test/scala/sge/graphics/g3d/particles/SaveDataCodecSuite.scala	161
particles	../sge/sge/src/test/scala/sge/graphics/g3d/particles/SaveDataCodecSuite.scala	165
particles	../sge/sge/src/test/scala/sge/graphics/g3d/particles/SaveDataCodecSuite.scala	174
particles	../sge/sge/src/test/scala/sge/graphics/g3d/particles/SaveDataCodecSuite.scala	179
particles	../sge/sge/src/test/scala/sge/graphics/g3d/particles/SaveDataCodecSuite.scala	183
particles	../sge/sge/src/test/scala/sge/graphics/g3d/particles/SaveDataCodecSuite.scala	193
particles	../sge/sge/src/test/scala/sge/graphics/g3d/particles/SaveDataCodecSuite.scala	206
particles	../sge/sge/src/test/scala/sge/graphics/g3d/particles/SaveDataCodecSuite.scala	213
particles	../sge/sge/src/test/scala/sge/graphics/g3d/particles/SaveDataCodecSuite.scala	217
particles	../sge/sge/src/test/scala/sge/graphics/g3d/particles/SaveDataCodecSuite.scala	221
particles	../sge/sge/src/test/scala/sge/graphics/g3d/particles/SaveDataCodecSuite.scala	225
opaque-time-pixels	../sge/sge/src/test/scala/sge/graphics/g3d/utils/AnimationControllerTest.scala	33
opaque-time-pixels	../sge/sge/src/test/scala/sge/graphics/g3d/utils/AnimationControllerTest.scala	34
opaque-time-pixels	../sge/sge/src/test/scala/sge/graphics/g3d/utils/AnimationControllerTest.scala	35
opaque-time-pixels	../sge/sge/src/test/scala/sge/graphics/g3d/utils/AnimationControllerTest.scala	36
opaque-time-pixels	../sge/sge/src/test/scala/sge/graphics/g3d/utils/AnimationControllerTest.scala	37
opaque-time-pixels	../sge/sge/src/test/scala/sge/graphics/g3d/utils/AnimationControllerTest.scala	38
opaque-time-pixels	../sge/sge/src/test/scala/sge/graphics/g3d/utils/AnimationControllerTest.scala	39
opaque-time-pixels	../sge/sge/src/test/scala/sge/graphics/g3d/utils/AnimationControllerTest.scala	47
opaque-time-pixels	../sge/sge/src/test/scala/sge/graphics/g3d/utils/AnimationControllerTest.scala	48
opaque-time-pixels	../sge/sge/src/test/scala/sge/graphics/g3d/utils/AnimationControllerTest.scala	49
opaque-time-pixels	../sge/sge/src/test/scala/sge/graphics/g3d/utils/AnimationControllerTest.scala	55
member-shape	../sge/sge/src/test/scala/sge/graphics/g3d/utils/AnimationControllerTest.scala	61
nullable	../sge/sge/src/test/scala/sge/graphics/g3d/utils/AnimationControllerTest.scala	92
nullable	../sge/sge/src/test/scala/sge/graphics/g3d/utils/AnimationControllerTest.scala	114
nullable	../sge/sge/src/test/scala/sge/graphics/g3d/utils/AnimationControllerTest.scala	123
opaque-time-pixels	../sge/sge/src/test/scala/sge/graphics/g3d/utils/AnimationDescTest.scala	26
nullable	../sge/sge/src/test/scala/sge/graphics/g3d/utils/AnimationDescTest.scala	27
opaque-time-pixels	../sge/sge/src/test/scala/sge/graphics/g3d/utils/AnimationDescTest.scala	29
opaque-time-pixels	../sge/sge/src/test/scala/sge/graphics/g3d/utils/AnimationDescTest.scala	31
opaque-time-pixels	../sge/sge/src/test/scala/sge/graphics/g3d/utils/AnimationDescTest.scala	37
opaque-time-pixels	../sge/sge/src/test/scala/sge/graphics/g3d/utils/AnimationDescTest.scala	38
opaque-time-pixels	../sge/sge/src/test/scala/sge/graphics/g3d/utils/AnimationDescTest.scala	39
opaque-time-pixels	../sge/sge/src/test/scala/sge/graphics/g3d/utils/AnimationDescTest.scala	44
opaque-time-pixels	../sge/sge/src/test/scala/sge/graphics/g3d/utils/AnimationDescTest.scala	45
opaque-time-pixels	../sge/sge/src/test/scala/sge/graphics/g3d/utils/AnimationDescTest.scala	46
opaque-time-pixels	../sge/sge/src/test/scala/sge/graphics/g3d/utils/AnimationDescTest.scala	51
opaque-time-pixels	../sge/sge/src/test/scala/sge/graphics/g3d/utils/AnimationDescTest.scala	52
opaque-time-pixels	../sge/sge/src/test/scala/sge/graphics/g3d/utils/AnimationDescTest.scala	57
opaque-time-pixels	../sge/sge/src/test/scala/sge/graphics/g3d/utils/AnimationDescTest.scala	66
opaque-time-pixels	../sge/sge/src/test/scala/sge/graphics/g3d/utils/AnimationDescTest.scala	67
opaque-time-pixels	../sge/sge/src/test/scala/sge/graphics/g3d/utils/AnimationDescTest.scala	68
opaque-time-pixels	../sge/sge/src/test/scala/sge/graphics/g3d/utils/AnimationDescTest.scala	76
opaque-time-pixels	../sge/sge/src/test/scala/sge/graphics/g3d/utils/AnimationDescTest.scala	77
opaque-time-pixels	../sge/sge/src/test/scala/sge/graphics/g3d/utils/AnimationDescTest.scala	78
opaque-time-pixels	../sge/sge/src/test/scala/sge/graphics/g3d/utils/AnimationDescTest.scala	86
opaque-time-pixels	../sge/sge/src/test/scala/sge/graphics/g3d/utils/AnimationDescTest.scala	87
opaque-time-pixels	../sge/sge/src/test/scala/sge/graphics/g3d/utils/AnimationDescTest.scala	95
arity	../sge/sge/src/test/scala/sge/graphics/glutils/GLFrameBufferIss572Suite.scala	54
type-shape	../sge/sge/src/test/scala/sge/graphics/glutils/VertexArrayIss561Suite.scala	21
nullable	../sge/sge/src/test/scala/sge/graphics/glutils/VertexBufferObjectIss561Suite.scala	84
context	../sge/sge/src/test/scala/sge/graphics/glutils/VertexBufferObjectIss561Suite.scala	98
context	../sge/sge/src/test/scala/sge/graphics/glutils/VertexBufferObjectIss561Suite.scala	118
context	../sge/sge/src/test/scala/sge/graphics/glutils/VertexBufferObjectIss561Suite.scala	156
context	../sge/sge/src/test/scala/sge/graphics/glutils/VertexBufferObjectIss561Suite.scala	183
context	../sge/sge/src/test/scala/sge/graphics/glutils/VertexBufferObjectIss561Suite.scala	212
context	../sge/sge/src/test/scala/sge/graphics/glutils/VertexBufferObjectIss561Suite.scala	229
context	../sge/sge/src/test/scala/sge/graphics/glutils/VertexBufferObjectIss561Suite.scala	259
context	../sge/sge/src/test/scala/sge/graphics/profiling/GLProfilerBehaviorIss725Suite.scala	45
context	../sge/sge/src/test/scala/sge/graphics/profiling/GLProfilerBehaviorIss725Suite.scala	51
context	../sge/sge/src/test/scala/sge/graphics/profiling/GLProfilerBehaviorIss725Suite.scala	69
context	../sge/sge/src/test/scala/sge/graphics/profiling/GLProfilerBehaviorIss725Suite.scala	83
context	../sge/sge/src/test/scala/sge/graphics/profiling/GLProfilerBehaviorIss725Suite.scala	99
context	../sge/sge/src/test/scala/sge/graphics/profiling/GLProfilerBehaviorIss725Suite.scala	116
context	../sge/sge/src/test/scala/sge/graphics/profiling/GLProfilerBehaviorIss725Suite.scala	142
context	../sge/sge/src/test/scala/sge/graphics/profiling/GLProfilerCharacterizationSuite.scala	30
assertion-mismatch	../sge/sge/src/test/scala/sge/graphics/profiling/GLProfilerCharacterizationSuite.scala	38
context	../sge/sge/src/test/scala/sge/graphics/profiling/GLProfilerCharacterizationSuite.scala	44
context	../sge/sge/src/test/scala/sge/graphics/profiling/GLProfilerCharacterizationSuite.scala	52
context	../sge/sge/src/test/scala/sge/graphics/profiling/GLProfilerCharacterizationSuite.scala	67
context	../sge/sge/src/test/scala/sge/graphics/profiling/GLProfilerCharacterizationSuite.scala	81
context	../sge/sge/src/test/scala/sge/graphics/profiling/GLProfilerCharacterizationSuite.scala	94
context	../sge/sge/src/test/scala/sge/graphics/profiling/GLProfilerCharacterizationSuite.scala	107
context	../sge/sge/src/test/scala/sge/graphics/profiling/GLProfilerCharacterizationSuite.scala	117
context	../sge/sge/src/test/scala/sge/graphics/profiling/GLProfilerCharacterizationSuite.scala	135
context	../sge/sge/src/test/scala/sge/graphics/profiling/GLProfilerCharacterizationSuite.scala	146
assertion-mismatch	../sge/sge/src/test/scala/sge/graphics/profiling/GLProfilerCharacterizationSuite.scala	153
context	../sge/sge/src/test/scala/sge/graphics/profiling/GLProfilerCharacterizationSuite.scala	168
context	../sge/sge/src/test/scala/sge/graphics/profiling/GLProfilerCharacterizationSuite.scala	175
context	../sge/sge/src/test/scala/sge/graphics/profiling/GLProfilerCharacterizationSuite.scala	188
context	../sge/sge/src/test/scala/sge/graphics/profiling/GLProfilerGL30BehaviorIss863Suite.scala	68
context	../sge/sge/src/test/scala/sge/graphics/profiling/GLProfilerGL30BehaviorIss863Suite.scala	79
context	../sge/sge/src/test/scala/sge/graphics/profiling/GLProfilerGL30BehaviorIss863Suite.scala	88
context	../sge/sge/src/test/scala/sge/graphics/profiling/GLProfilerGL30BehaviorIss863Suite.scala	96
context	../sge/sge/src/test/scala/sge/graphics/profiling/GLProfilerGL30BehaviorIss863Suite.scala	162
context	../sge/sge/src/test/scala/sge/graphics/profiling/GLProfilerGL30BehaviorIss863Suite.scala	174
context	../sge/sge/src/test/scala/sge/graphics/profiling/GLProfilerGL30BehaviorIss863Suite.scala	198
opaque-key-button	../sge/sge/src/test/scala/sge/input/GestureDetectorTest.scala	11
member-shape	../sge/sge/src/test/scala/sge/input/GestureDetectorTest.scala	18
opaque-key-button	../sge/sge/src/test/scala/sge/input/GestureDetectorTest.scala	24
opaque-key-button	../sge/sge/src/test/scala/sge/input/GestureDetectorTest.scala	46
opaque-key-button	../sge/sge/src/test/scala/sge/input/GestureDetectorTest.scala	50
opaque-key-button	../sge/sge/src/test/scala/sge/input/GestureDetectorTest.scala	58
opaque-key-button	../sge/sge/src/test/scala/sge/input/GestureDetectorTest.scala	66
member-shape	../sge/sge/src/test/scala/sge/input/GestureDetectorTest.scala	124
member-shape	../sge/sge/src/test/scala/sge/input/GestureDetectorTest.scala	135
opaque-time-pixels	../sge/sge/src/test/scala/sge/input/GestureDetectorTest.scala	154
member-shape	../sge/sge/src/test/scala/sge/input/GestureDetectorTest.scala	186
opaque-key-button	../sge/sge/src/test/scala/sge/input/InputMultiplexerTest.scala	9
opaque-key-button	../sge/sge/src/test/scala/sge/input/InputMultiplexerTest.scala	9
opaque-key-button	../sge/sge/src/test/scala/sge/input/InputMultiplexerTest.scala	21
opaque-key-button	../sge/sge/src/test/scala/sge/input/InputMultiplexerTest.scala	21
opaque-key-button	../sge/sge/src/test/scala/sge/input/InputMultiplexerTest.scala	23
opaque-key-button	../sge/sge/src/test/scala/sge/input/InputMultiplexerTest.scala	24
opaque-key-button	../sge/sge/src/test/scala/sge/input/InputMultiplexerTest.scala	26
opaque-key-button	../sge/sge/src/test/scala/sge/input/InputMultiplexerTest.scala	27
opaque-key-button	../sge/sge/src/test/scala/sge/input/InputMultiplexerTest.scala	28
opaque-key-button	../sge/sge/src/test/scala/sge/input/InputMultiplexerTest.scala	36
opaque-time-pixels	../sge/sge/src/test/scala/sge/input/InputMultiplexerTest.scala	37
type-shape	../sge/sge/src/test/scala/sge/input/InputMultiplexerTest.scala	44
opaque-key-button	../sge/sge/src/test/scala/sge/input/InputMultiplexerTest.scala	49
type-shape	../sge/sge/src/test/scala/sge/input/InputMultiplexerTest.scala	55
type-shape	../sge/sge/src/test/scala/sge/input/InputMultiplexerTest.scala	67
arity	../sge/sge/src/test/scala/sge/input/InputMultiplexerTest.scala	82
arity	../sge/sge/src/test/scala/sge/input/InputMultiplexerTest.scala	85
opaque-key-button	../sge/sge/src/test/scala/sge/input/InputMultiplexerTest.scala	87
type-shape	../sge/sge/src/test/scala/sge/input/InputMultiplexerTest.scala	94
assertion-mismatch	../sge/sge/src/test/scala/sge/input/InputMultiplexerTest.scala	95
assertion-mismatch	../sge/sge/src/test/scala/sge/input/InputMultiplexerTest.scala	97
type-shape	../sge/sge/src/test/scala/sge/input/InputMultiplexerTest.scala	103
type-shape	../sge/sge/src/test/scala/sge/input/InputMultiplexerTest.scala	112
tiled	../sge/sge/src/test/scala/sge/maps/MapPropertiesTest.scala	27
tiled	../sge/sge/src/test/scala/sge/maps/MapPropertiesTest.scala	34
tiled	../sge/sge/src/test/scala/sge/maps/MapPropertiesTest.scala	41
tiled	../sge/sge/src/test/scala/sge/maps/MapPropertiesTest.scala	46
tiled	../sge/sge/src/test/scala/sge/maps/tiled/TiledProjectJsonTest.scala	24
tiled	../sge/sge/src/test/scala/sge/maps/tiled/TiledProjectJsonTest.scala	25
tiled	../sge/sge/src/test/scala/sge/maps/tiled/TiledProjectJsonTest.scala	26
tiled	../sge/sge/src/test/scala/sge/maps/tiled/TiledProjectJsonTest.scala	57
tiled	../sge/sge/src/test/scala/sge/maps/tiled/TiledProjectJsonTest.scala	92
tiled	../sge/sge/src/test/scala/sge/maps/tiled/TiledProjectJsonTest.scala	113
tiled	../sge/sge/src/test/scala/sge/maps/tiled/TiledProjectJsonTest.scala	135
tiled	../sge/sge/src/test/scala/sge/maps/tiled/TiledProjectJsonTest.scala	155
tiled	../sge/sge/src/test/scala/sge/maps/tiled/TiledProjectJsonTest.scala	164
tiled	../sge/sge/src/test/scala/sge/maps/tiled/TiledProjectJsonTest.scala	180
tiled	../sge/sge/src/test/scala/sge/maps/tiled/TmjJsonTest.scala	14
tiled	../sge/sge/src/test/scala/sge/maps/tiled/TmjJsonTest.scala	21
tiled	../sge/sge/src/test/scala/sge/maps/tiled/TmjJsonTest.scala	24
tiled	../sge/sge/src/test/scala/sge/maps/tiled/TmjJsonTest.scala	27
tiled	../sge/sge/src/test/scala/sge/maps/tiled/TmjJsonTest.scala	31
tiled	../sge/sge/src/test/scala/sge/maps/tiled/TmjJsonTest.scala	32
tiled	../sge/sge/src/test/scala/sge/maps/tiled/TmjJsonTest.scala	60
tiled	../sge/sge/src/test/scala/sge/maps/tiled/TmjJsonTest.scala	90
tiled	../sge/sge/src/test/scala/sge/maps/tiled/TmjJsonTest.scala	114
tiled	../sge/sge/src/test/scala/sge/maps/tiled/TmjJsonTest.scala	132
tiled	../sge/sge/src/test/scala/sge/maps/tiled/TmjJsonTest.scala	133
tiled	../sge/sge/src/test/scala/sge/maps/tiled/TmjJsonTest.scala	134
tiled	../sge/sge/src/test/scala/sge/maps/tiled/TmjJsonTest.scala	159
tiled	../sge/sge/src/test/scala/sge/maps/tiled/TmjJsonTest.scala	184
tiled	../sge/sge/src/test/scala/sge/maps/tiled/TmjJsonTest.scala	208
tiled	../sge/sge/src/test/scala/sge/maps/tiled/TmjJsonTest.scala	227
tiled	../sge/sge/src/test/scala/sge/maps/tiled/TmjJsonTest.scala	249
tiled	../sge/sge/src/test/scala/sge/maps/tiled/TmjJsonTest.scala	281
tiled	../sge/sge/src/test/scala/sge/maps/tiled/TmjJsonTest.scala	306
tiled	../sge/sge/src/test/scala/sge/maps/tiled/TmjJsonTest.scala	315
tiled	../sge/sge/src/test/scala/sge/maps/tiled/TmjJsonTest.scala	325
tiled	../sge/sge/src/test/scala/sge/maps/tiled/TmjJsonTest.scala	327
tiled	../sge/sge/src/test/scala/sge/maps/tiled/TmjJsonTest.scala	328
tiled	../sge/sge/src/test/scala/sge/maps/tiled/TmjJsonTest.scala	330
tiled	../sge/sge/src/test/scala/sge/maps/tiled/TmjJsonTest.scala	331
tiled	../sge/sge/src/test/scala/sge/maps/tiled/TmjJsonTest.scala	337
tiled	../sge/sge/src/test/scala/sge/maps/tiled/TmjJsonTest.scala	338
tiled	../sge/sge/src/test/scala/sge/maps/tiled/TmjJsonTest.scala	344
tiled	../sge/sge/src/test/scala/sge/maps/tiled/TmjJsonTest.scala	379
tiled	../sge/sge/src/test/scala/sge/maps/tiled/TmjJsonTest.scala	382
tiled	../sge/sge/src/test/scala/sge/maps/tiled/TmjJsonTest.scala	414
tiled	../sge/sge/src/test/scala/sge/maps/tiled/TmjJsonTest.scala	432
tiled	../sge/sge/src/test/scala/sge/maps/tiled/TmjJsonTest.scala	442
tiled	../sge/sge/src/test/scala/sge/maps/tiled/TmjJsonTest.scala	444
tiled	../sge/sge/src/test/scala/sge/maps/tiled/TmjJsonTest.scala	454
tiled	../sge/sge/src/test/scala/sge/maps/tiled/TmjJsonTest.scala	455
tiled	../sge/sge/src/test/scala/sge/maps/tiled/TmjJsonTest.scala	480
tiled	../sge/sge/src/test/scala/sge/maps/tiled/TmjJsonTest.scala	486
tiled	../sge/sge/src/test/scala/sge/maps/tiled/TmjJsonTest.scala	501
tiled	../sge/sge/src/test/scala/sge/maps/tiled/TmjJsonTest.scala	523
tiled	../sge/sge/src/test/scala/sge/maps/tiled/TmjTileIdsCsvRedSuite.scala	40
tiled	../sge/sge/src/test/scala/sge/maps/tiled/TmjTileIdsCsvRedSuite.scala	41
tiled	../sge/sge/src/test/scala/sge/maps/tiled/TmjTileIdsCsvRedSuite.scala	44
tiled	../sge/sge/src/test/scala/sge/maps/tiled/TmjTileIdsCsvRedSuite.scala	47
tiled	../sge/sge/src/test/scala/sge/maps/tiled/TmjTileIdsCsvRedSuite.scala	75
member-shape	../sge/sge/src/test/scala/sge/math/Affine2Test.scala	43
arity	../sge/sge/src/test/scala/sge/math/Affine2Test.scala	44
arity	../sge/sge/src/test/scala/sge/math/Affine2Test.scala	86
member-shape	../sge/sge/src/test/scala/sge/math/Bresenham2Test.scala	9
member-shape	../sge/sge/src/test/scala/sge/math/Bresenham2Test.scala	19
member-shape	../sge/sge/src/test/scala/sge/math/Bresenham2Test.scala	27
member-shape	../sge/sge/src/test/scala/sge/math/Bresenham2Test.scala	35
member-shape	../sge/sge/src/test/scala/sge/math/Bresenham2Test.scala	43
member-shape	../sge/sge/src/test/scala/sge/math/Bresenham2Test.scala	59
member-shape	../sge/sge/src/test/scala/sge/math/Bresenham2Test.scala	73
arity	../sge/sge/src/test/scala/sge/math/CatmullRomSplineTest.scala	47
arity	../sge/sge/src/test/scala/sge/math/CatmullRomSplineTest.scala	47
type-shape	../sge/sge/src/test/scala/sge/math/CircumCircleRedSuite.scala	107
type-shape	../sge/sge/src/test/scala/sge/math/CircumCircleRedSuite.scala	116
type-shape	../sge/sge/src/test/scala/sge/math/CircumCircleRedSuite.scala	128
type-shape	../sge/sge/src/test/scala/sge/math/CircumCircleRedSuite.scala	132
type-shape	../sge/sge/src/test/scala/sge/math/ConvexHullTest.scala	44
type-shape	../sge/sge/src/test/scala/sge/math/ConvexHullTest.scala	45
type-shape	../sge/sge/src/test/scala/sge/math/ConvexHullTest.scala	46
type-shape	../sge/sge/src/test/scala/sge/math/ConvexHullTest.scala	47
type-shape	../sge/sge/src/test/scala/sge/math/ConvexHullTest.scala	49
type-shape	../sge/sge/src/test/scala/sge/math/ConvexHullTest.scala	50
type-shape	../sge/sge/src/test/scala/sge/math/ConvexHullTest.scala	51
type-shape	../sge/sge/src/test/scala/sge/math/ConvexHullTest.scala	52
arity	../sge/sge/src/test/scala/sge/math/CumulativeDistributionTest.scala	15
arity	../sge/sge/src/test/scala/sge/math/CumulativeDistributionTest.scala	22
arity	../sge/sge/src/test/scala/sge/math/CumulativeDistributionTest.scala	35
arity	../sge/sge/src/test/scala/sge/math/CumulativeDistributionTest.scala	39
arity	../sge/sge/src/test/scala/sge/math/CumulativeDistributionTest.scala	113
arity	../sge/sge/src/test/scala/sge/math/CumulativeDistributionTest.scala	122
member-shape	../sge/sge/src/test/scala/sge/math/GeometryTest.scala	94
arity	../sge/sge/src/test/scala/sge/math/GeometryTest.scala	103
member-shape	../sge/sge/src/test/scala/sge/math/GeometryTest.scala	164
nullable	../sge/sge/src/test/scala/sge/math/IntersectorTest.scala	114
nullable	../sge/sge/src/test/scala/sge/math/IntersectorTest.scala	117
nullable	../sge/sge/src/test/scala/sge/math/IntersectorTest.scala	120
nullable	../sge/sge/src/test/scala/sge/math/IntersectorTest.scala	123
nullable	../sge/sge/src/test/scala/sge/math/IntersectorTest.scala	127
nullable	../sge/sge/src/test/scala/sge/math/IntersectorTest.scala	135
nullable	../sge/sge/src/test/scala/sge/math/IntersectorTest.scala	143
nullable	../sge/sge/src/test/scala/sge/math/IntersectorTest.scala	241
nullable	../sge/sge/src/test/scala/sge/math/IntersectorTest.scala	252
member-shape	../sge/sge/src/test/scala/sge/math/IntersectorTest.scala	256
member-shape	../sge/sge/src/test/scala/sge/math/IntersectorTest.scala	257
member-shape	../sge/sge/src/test/scala/sge/math/IntersectorTest.scala	258
member-shape	../sge/sge/src/test/scala/sge/math/IntersectorTest.scala	259
nullable	../sge/sge/src/test/scala/sge/math/IntersectorTest.scala	271
type-shape	../sge/sge/src/test/scala/sge/math/IntersectorTest.scala	323
type-shape	../sge/sge/src/test/scala/sge/math/IntersectorTest.scala	333
type-shape	../sge/sge/src/test/scala/sge/math/IntersectorTest.scala	342
type-shape	../sge/sge/src/test/scala/sge/math/IntersectorTest.scala	343
nullable	../sge/sge/src/test/scala/sge/math/IntersectorTest.scala	370
nullable	../sge/sge/src/test/scala/sge/math/IntersectorTest.scala	379
nullable	../sge/sge/src/test/scala/sge/math/IntersectorTest.scala	388
nullable	../sge/sge/src/test/scala/sge/math/IntersectorTest.scala	397
nullable	../sge/sge/src/test/scala/sge/math/IntersectorTest.scala	404
nullable	../sge/sge/src/test/scala/sge/math/IntersectorTest.scala	411
nullable	../sge/sge/src/test/scala/sge/math/IntersectorTest.scala	418
nullable	../sge/sge/src/test/scala/sge/math/IntersectorTest.scala	425
nullable	../sge/sge/src/test/scala/sge/math/IntersectorTest.scala	443
nullable	../sge/sge/src/test/scala/sge/math/IntersectorTest.scala	449
nullable	../sge/sge/src/test/scala/sge/math/IntersectorTest.scala	455
nullable	../sge/sge/src/test/scala/sge/math/IntersectorTest.scala	460
nullable	../sge/sge/src/test/scala/sge/math/IntersectorTest.scala	513
nullable	../sge/sge/src/test/scala/sge/math/IntersectorTest.scala	583
assertion-mismatch	../sge/sge/src/test/scala/sge/math/IntersectorTest.scala	584
member-shape	../sge/sge/src/test/scala/sge/math/Matrix3Test.scala	84
member-shape	../sge/sge/src/test/scala/sge/math/Matrix3Test.scala	92
member-shape	../sge/sge/src/test/scala/sge/math/Matrix3Test.scala	100
member-shape	../sge/sge/src/test/scala/sge/math/Matrix3Test.scala	110
member-shape	../sge/sge/src/test/scala/sge/math/Matrix3Test.scala	117
member-shape	../sge/sge/src/test/scala/sge/math/Matrix3Test.scala	148
member-shape	../sge/sge/src/test/scala/sge/math/Matrix4Test.scala	71
member-shape	../sge/sge/src/test/scala/sge/math/Matrix4Test.scala	82
member-shape	../sge/sge/src/test/scala/sge/math/Matrix4Test.scala	126
member-shape	../sge/sge/src/test/scala/sge/math/Matrix4Test.scala	166
member-shape	../sge/sge/src/test/scala/sge/math/Matrix4Test.scala	169
nullable	../sge/sge/src/test/scala/sge/math/OctreeTest.scala	34
member-shape	../sge/sge/src/test/scala/sge/math/OctreeTest.scala	41
member-shape	../sge/sge/src/test/scala/sge/math/OctreeTest.scala	48
type-shape	../sge/sge/src/test/scala/sge/math/OctreeTest.scala	51
type-shape	../sge/sge/src/test/scala/sge/math/OctreeTest.scala	59
other	../sge/sge/src/test/scala/sge/math/QuaternionTest.scala	32
arity	../sge/sge/src/test/scala/sge/math/QuaternionTest.scala	171
arity	../sge/sge/src/test/scala/sge/math/QuaternionTest.scala	173
member-shape	../sge/sge/src/test/scala/sge/math/QuaternionTest.scala	258
arity	../sge/sge/src/test/scala/sge/math/QuaternionTest.scala	280
arity	../sge/sge/src/test/scala/sge/math/QuaternionTest.scala	282
member-shape	../sge/sge/src/test/scala/sge/math/TransformTest.scala	78
type-shape	../sge/sge/src/test/scala/sge/math/TriangulatorIndicesRedSuite.scala	66
type-shape	../sge/sge/src/test/scala/sge/math/TriangulatorIndicesRedSuite.scala	91
type-shape	../sge/sge/src/test/scala/sge/math/TriangulatorIndicesRedSuite.scala	107
type-shape	../sge/sge/src/test/scala/sge/math/TriangulatorIndicesRedSuite.scala	116
member-shape	../sge/sge/src/test/scala/sge/math/Vector3RotTest.scala	98
member-shape	../sge/sge/src/test/scala/sge/math/Vector3RotTest.scala	104
member-shape	../sge/sge/src/test/scala/sge/math/Vector3RotTest.scala	111
member-shape	../sge/sge/src/test/scala/sge/math/VectorArithmeticTest.scala	35
member-shape	../sge/sge/src/test/scala/sge/math/VectorArithmeticTest.scala	41
member-shape	../sge/sge/src/test/scala/sge/math/VectorArithmeticTest.scala	66
arity	../sge/sge/src/test/scala/sge/math/VectorArithmeticTest.scala	71
arity	../sge/sge/src/test/scala/sge/math/VectorArithmeticTest.scala	76
arity	../sge/sge/src/test/scala/sge/math/VectorArithmeticTest.scala	82
arity	../sge/sge/src/test/scala/sge/math/VectorArithmeticTest.scala	129
arity	../sge/sge/src/test/scala/sge/math/VectorArithmeticTest.scala	135
arity	../sge/sge/src/test/scala/sge/math/VectorArithmeticTest.scala	141
arity	../sge/sge/src/test/scala/sge/math/VectorArithmeticTest.scala	147
arity	../sge/sge/src/test/scala/sge/math/VectorArithmeticTest.scala	153
type-shape	../sge/sge/src/test/scala/sge/math/VectorArithmeticTest.scala	188
member-shape	../sge/sge/src/test/scala/sge/math/VectorArithmeticTest.scala	189
type-shape	../sge/sge/src/test/scala/sge/math/VectorArithmeticTest.scala	193
type-shape	../sge/sge/src/test/scala/sge/math/VectorArithmeticTest.scala	194
member-shape	../sge/sge/src/test/scala/sge/math/VectorArithmeticTest.scala	195
member-shape	../sge/sge/src/test/scala/sge/math/VectorArithmeticTest.scala	199
member-shape	../sge/sge/src/test/scala/sge/math/VectorArithmeticTest.scala	199
member-shape	../sge/sge/src/test/scala/sge/math/VectorArithmeticTest.scala	206
member-shape	../sge/sge/src/test/scala/sge/math/VectorArithmeticTest.scala	206
member-shape	../sge/sge/src/test/scala/sge/math/VectorArithmeticTest.scala	212
member-shape	../sge/sge/src/test/scala/sge/math/VectorArithmeticTest.scala	212
member-shape	../sge/sge/src/test/scala/sge/math/VectorArithmeticTest.scala	225
member-shape	../sge/sge/src/test/scala/sge/math/VectorArithmeticTest.scala	235
member-shape	../sge/sge/src/test/scala/sge/math/VectorArithmeticTest.scala	241
member-shape	../sge/sge/src/test/scala/sge/math/VectorArithmeticTest.scala	257
member-shape	../sge/sge/src/test/scala/sge/math/VectorArithmeticTest.scala	264
member-shape	../sge/sge/src/test/scala/sge/math/VectorArithmeticTest.scala	265
arity	../sge/sge/src/test/scala/sge/math/VectorArithmeticTest.scala	271
arity	../sge/sge/src/test/scala/sge/math/VectorArithmeticTest.scala	277
arity	../sge/sge/src/test/scala/sge/math/VectorArithmeticTest.scala	314
arity	../sge/sge/src/test/scala/sge/math/VectorArithmeticTest.scala	320
type-shape	../sge/sge/src/test/scala/sge/math/VectorArithmeticTest.scala	324
member-shape	../sge/sge/src/test/scala/sge/math/VectorArithmeticTest.scala	325
type-shape	../sge/sge/src/test/scala/sge/math/VectorArithmeticTest.scala	329
member-shape	../sge/sge/src/test/scala/sge/math/VectorArithmeticTest.scala	330
member-shape	../sge/sge/src/test/scala/sge/math/VectorArithmeticTest.scala	334
member-shape	../sge/sge/src/test/scala/sge/math/VectorArithmeticTest.scala	334
member-shape	../sge/sge/src/test/scala/sge/math/VectorArithmeticTest.scala	358
arity	../sge/sge/src/test/scala/sge/math/VectorArithmeticTest.scala	372
arity	../sge/sge/src/test/scala/sge/math/VectorArithmeticTest.scala	378
member-shape	../sge/sge/src/test/scala/sge/math/VectorArithmeticTest.scala	394
member-shape	../sge/sge/src/test/scala/sge/math/VectorArithmeticTest.scala	395
member-shape	../sge/sge/src/test/scala/sge/math/VectorArithmeticTest.scala	396
arity	../sge/sge/src/test/scala/sge/math/VectorArithmeticTest.scala	405
arity	../sge/sge/src/test/scala/sge/math/VectorArithmeticTest.scala	412
member-shape	../sge/sge/src/test/scala/sge/math/VectorArithmeticTest.scala	419
member-shape	../sge/sge/src/test/scala/sge/math/VectorArithmeticTest.scala	420
member-shape	../sge/sge/src/test/scala/sge/math/VectorArithmeticTest.scala	421
arity	../sge/sge/src/test/scala/sge/math/VectorArithmeticTest.scala	430
arity	../sge/sge/src/test/scala/sge/math/VectorArithmeticTest.scala	437
net	../sge/sge/src/test/scala/sge/net/SgeHttpRequestTest.scala	15
net	../sge/sge/src/test/scala/sge/net/SgeHttpRequestTest.scala	16
net	../sge/sge/src/test/scala/sge/net/SgeHttpRequestTest.scala	25
net	../sge/sge/src/test/scala/sge/net/SgeHttpRequestTest.scala	35
net	../sge/sge/src/test/scala/sge/net/SgeHttpRequestTest.scala	37
net	../sge/sge/src/test/scala/sge/net/SgeHttpRequestTest.scala	43
net	../sge/sge/src/test/scala/sge/net/SgeHttpRequestTest.scala	50
net	../sge/sge/src/test/scala/sge/net/SgeHttpRequestTest.scala	54
net	../sge/sge/src/test/scala/sge/net/SgeHttpRequestTest.scala	55
net	../sge/sge/src/test/scala/sge/net/SgeHttpRequestTest.scala	59
net	../sge/sge/src/test/scala/sge/net/SgeHttpRequestTest.scala	71
net	../sge/sge/src/test/scala/sge/net/SgeHttpRequestTest.scala	81
net	../sge/sge/src/test/scala/sge/net/SgeHttpRequestTest.scala	81
net	../sge/sge/src/test/scala/sge/net/SgeHttpRequestTest.scala	85
net	../sge/sge/src/test/scala/sge/net/SgeHttpRequestTest.scala	92
net	../sge/sge/src/test/scala/sge/net/SgeHttpRequestTest.scala	97
net	../sge/sge/src/test/scala/sge/net/SgeHttpRequestTest.scala	98
net	../sge/sge/src/test/scala/sge/net/SgeHttpResponseTest.scala	13
net	../sge/sge/src/test/scala/sge/net/SgeHttpResponseTest.scala	13
net	../sge/sge/src/test/scala/sge/net/SgeHttpResponseTest.scala	14
net	../sge/sge/src/test/scala/sge/net/SgeHttpResponseTest.scala	14
net	../sge/sge/src/test/scala/sge/net/SgeHttpResponseTest.scala	15
net	../sge/sge/src/test/scala/sge/net/SgeHttpResponseTest.scala	15
net	../sge/sge/src/test/scala/sge/net/SgeHttpResponseTest.scala	16
net	../sge/sge/src/test/scala/sge/net/SgeHttpResponseTest.scala	22
net	../sge/sge/src/test/scala/sge/net/SgeHttpResponseTest.scala	23
net	../sge/sge/src/test/scala/sge/net/SgeHttpResponseTest.scala	24
net	../sge/sge/src/test/scala/sge/net/SgeHttpResponseTest.scala	26
net	../sge/sge/src/test/scala/sge/net/SgeHttpResponseTest.scala	32
net	../sge/sge/src/test/scala/sge/net/SgeHttpResponseTest.scala	74
net	../sge/sge/src/test/scala/sge/net/SgeHttpResponseTest.scala	89
net	../sge/sge/src/test/scala/sge/net/SgeHttpResponseTest.scala	90
net	../sge/sge/src/test/scala/sge/net/SgeHttpResponseTest.scala	91
net	../sge/sge/src/test/scala/sge/net/SgeHttpResponseTest.scala	95
net	../sge/sge/src/test/scala/sge/net/SgeHttpResponseTest.scala	96
member-shape	../sge/sge/src/test/scala/sge/noop/NoopAudioTest.scala	29
member-shape	../sge/sge/src/test/scala/sge/noop/NoopAudioTest.scala	89
member-shape	../sge/sge/src/test/scala/sge/noop/NoopGL32.scala	718
member-shape	../sge/sge/src/test/scala/sge/noop/NoopGraphicsTest.scala	31
member-shape	../sge/sge/src/test/scala/sge/noop/NoopGraphicsTest.scala	49
member-shape	../sge/sge/src/test/scala/sge/noop/NoopGraphicsTest.scala	50
member-shape	../sge/sge/src/test/scala/sge/noop/NoopGraphicsTest.scala	51
member-shape	../sge/sge/src/test/scala/sge/noop/NoopGraphicsTest.scala	52
member-shape	../sge/sge/src/test/scala/sge/noop/NoopGraphicsTest.scala	53
member-shape	../sge/sge/src/test/scala/sge/noop/NoopGraphicsTest.scala	54
member-shape	../sge/sge/src/test/scala/sge/noop/NoopGraphicsTest.scala	94
opaque-key-button	../sge/sge/src/test/scala/sge/noop/NoopInputTest.scala	7
opaque-key-button	../sge/sge/src/test/scala/sge/noop/NoopInputTest.scala	7
arity	../sge/sge/src/test/scala/sge/noop/NoopInputTest.scala	16
arity	../sge/sge/src/test/scala/sge/noop/NoopInputTest.scala	18
arity	../sge/sge/src/test/scala/sge/noop/NoopInputTest.scala	20
arity	../sge/sge/src/test/scala/sge/noop/NoopInputTest.scala	22
opaque-key-button	../sge/sge/src/test/scala/sge/noop/NoopInputTest.scala	40
opaque-key-button	../sge/sge/src/test/scala/sge/noop/NoopInputTest.scala	41
opaque-key-button	../sge/sge/src/test/scala/sge/noop/NoopInputTest.scala	42
opaque-key-button	../sge/sge/src/test/scala/sge/noop/NoopInputTest.scala	43
arity	../sge/sge/src/test/scala/sge/noop/NoopInputTest.scala	45
assertion-mismatch	../sge/sge/src/test/scala/sge/noop/NoopInputTest.scala	56
opaque-key-button	../sge/sge/src/test/scala/sge/noop/NoopInputTest.scala	64
member-shape	../sge/sge/src/test/scala/sge/noop/NoopInputTest.scala	66
opaque-key-button	../sge/sge/src/test/scala/sge/noop/NoopInputTest.scala	88
opaque-key-button	../sge/sge/src/test/scala/sge/noop/NoopInputTest.scala	89
opaque-time-pixels	../sge/sge/src/test/scala/sge/scenes/scene2d/ActionTest.scala	23
opaque-time-pixels	../sge/sge/src/test/scala/sge/scenes/scene2d/ActionTest.scala	32
opaque-time-pixels	../sge/sge/src/test/scala/sge/scenes/scene2d/ActionTest.scala	42
opaque-time-pixels	../sge/sge/src/test/scala/sge/scenes/scene2d/ActionTest.scala	43
opaque-time-pixels	../sge/sge/src/test/scala/sge/scenes/scene2d/ActionTest.scala	62
member-shape	../sge/sge/src/test/scala/sge/scenes/scene2d/ActionTest.scala	66
opaque-time-pixels	../sge/sge/src/test/scala/sge/scenes/scene2d/ActionTest.scala	79
opaque-time-pixels	../sge/sge/src/test/scala/sge/scenes/scene2d/ActionTest.scala	90
opaque-time-pixels	../sge/sge/src/test/scala/sge/scenes/scene2d/ActionTest.scala	129
opaque-time-pixels	../sge/sge/src/test/scala/sge/scenes/scene2d/ActionTest.scala	144
member-shape	../sge/sge/src/test/scala/sge/scenes/scene2d/ActionTest.scala	153
opaque-time-pixels	../sge/sge/src/test/scala/sge/scenes/scene2d/ActionTest.scala	155
opaque-time-pixels	../sge/sge/src/test/scala/sge/scenes/scene2d/ActionTest.scala	171
opaque-time-pixels	../sge/sge/src/test/scala/sge/scenes/scene2d/ActionTest.scala	172
opaque-time-pixels	../sge/sge/src/test/scala/sge/scenes/scene2d/ActionTest.scala	197
opaque-time-pixels	../sge/sge/src/test/scala/sge/scenes/scene2d/ActionTest.scala	198
opaque-time-pixels	../sge/sge/src/test/scala/sge/scenes/scene2d/ActionTest.scala	216
opaque-time-pixels	../sge/sge/src/test/scala/sge/scenes/scene2d/ActionTest.scala	216
member-shape	../sge/sge/src/test/scala/sge/scenes/scene2d/ActorPropertyHookRedSuite.scala	44
member-shape	../sge/sge/src/test/scala/sge/scenes/scene2d/ActorPropertyHookRedSuite.scala	51
member-shape	../sge/sge/src/test/scala/sge/scenes/scene2d/ActorPropertyHookRedSuite.scala	62
member-shape	../sge/sge/src/test/scala/sge/scenes/scene2d/ActorPropertyHookRedSuite.scala	63
member-shape	../sge/sge/src/test/scala/sge/scenes/scene2d/ActorPropertyHookRedSuite.scala	65
member-shape	../sge/sge/src/test/scala/sge/scenes/scene2d/ActorPropertyHookRedSuite.scala	66
member-shape	../sge/sge/src/test/scala/sge/scenes/scene2d/ActorPropertyHookRedSuite.scala	77
member-shape	../sge/sge/src/test/scala/sge/scenes/scene2d/ActorPropertyHookRedSuite.scala	80
member-shape	../sge/sge/src/test/scala/sge/scenes/scene2d/ActorPropertyHookRedSuite.scala	91
member-shape	../sge/sge/src/test/scala/sge/scenes/scene2d/EventPropagationTest.scala	179
nullable	../sge/sge/src/test/scala/sge/scenes/scene2d/EventPropagationTest.scala	200
opaque-key-button	../sge/sge/src/test/scala/sge/scenes/scene2d/InputEventTest.scala	6
opaque-key-button	../sge/sge/src/test/scala/sge/scenes/scene2d/InputEventTest.scala	6
opaque-key-button	../sge/sge/src/test/scala/sge/scenes/scene2d/InputEventTest.scala	25
opaque-key-button	../sge/sge/src/test/scala/sge/scenes/scene2d/InputEventTest.scala	26
opaque-key-button	../sge/sge/src/test/scala/sge/scenes/scene2d/InputEventTest.scala	42
opaque-key-button	../sge/sge/src/test/scala/sge/scenes/scene2d/InputEventTest.scala	43
opaque-key-button	../sge/sge/src/test/scala/sge/scenes/scene2d/InputEventTest.scala	55
opaque-key-button	../sge/sge/src/test/scala/sge/scenes/scene2d/InputEventTest.scala	56
member-shape	../sge/sge/src/test/scala/sge/scenes/scene2d/InputEventTest.scala	85
member-shape	../sge/sge/src/test/scala/sge/scenes/scene2d/InputEventTest.scala	86
opaque-key-button	../sge/sge/src/test/scala/sge/scenes/scene2d/InputEventTest.scala	98
opaque-key-button	../sge/sge/src/test/scala/sge/scenes/scene2d/InputEventTest.scala	105
member-shape	../sge/sge/src/test/scala/sge/scenes/scene2d/InputEventTest.scala	107
member-shape	../sge/sge/src/test/scala/sge/scenes/scene2d/InputEventTest.scala	109
member-shape	../sge/sge/src/test/scala/sge/scenes/scene2d/InputEventTest.scala	110
member-shape	../sge/sge/src/test/scala/sge/scenes/scene2d/InputEventTest.scala	111
member-shape	../sge/sge/src/test/scala/sge/scenes/scene2d/InputEventTest.scala	124
member-shape	../sge/sge/src/test/scala/sge/scenes/scene2d/InputEventTest.scala	131
member-shape	../sge/sge/src/test/scala/sge/scenes/scene2d/InputEventTest.scala	138
member-shape	../sge/sge/src/test/scala/sge/scenes/scene2d/InputEventTest.scala	147
member-shape	../sge/sge/src/test/scala/sge/scenes/scene2d/InputEventTest.scala	158
member-shape	../sge/sge/src/test/scala/sge/scenes/scene2d/InputEventTest.scala	160
member-shape	../sge/sge/src/test/scala/sge/scenes/scene2d/InputEventTest.scala	162
member-shape	../sge/sge/src/test/scala/sge/scenes/scene2d/InputEventTest.scala	164
member-shape	../sge/sge/src/test/scala/sge/scenes/scene2d/InputEventTest.scala	168
member-shape	../sge/sge/src/test/scala/sge/scenes/scene2d/InputEventTest.scala	169
member-shape	../sge/sge/src/test/scala/sge/scenes/scene2d/InputEventTest.scala	170
member-shape	../sge/sge/src/test/scala/sge/scenes/scene2d/Scene2DTest.scala	23
member-shape	../sge/sge/src/test/scala/sge/scenes/scene2d/Scene2DTest.scala	24
member-shape	../sge/sge/src/test/scala/sge/scenes/scene2d/Scene2DTest.scala	26
member-shape	../sge/sge/src/test/scala/sge/scenes/scene2d/Scene2DTest.scala	42
member-shape	../sge/sge/src/test/scala/sge/scenes/scene2d/Scene2DTest.scala	43
member-shape	../sge/sge/src/test/scala/sge/scenes/scene2d/Scene2DTest.scala	51
member-shape	../sge/sge/src/test/scala/sge/scenes/scene2d/Scene2DTest.scala	52
member-shape	../sge/sge/src/test/scala/sge/scenes/scene2d/Scene2DTest.scala	60
member-shape	../sge/sge/src/test/scala/sge/scenes/scene2d/Scene2DTest.scala	91
nullable	../sge/sge/src/test/scala/sge/scenes/scene2d/Scene2DTest.scala	369
nullable	../sge/sge/src/test/scala/sge/scenes/scene2d/Scene2DTest.scala	373
nullable	../sge/sge/src/test/scala/sge/scenes/scene2d/Scene2DTest.scala	395
nullable	../sge/sge/src/test/scala/sge/scenes/scene2d/Scene2DTest.scala	422
opaque-time-pixels	../sge/sge/src/test/scala/sge/scenes/scene2d/actions/ActionsCharacterizationTest.scala	56
opaque-time-pixels	../sge/sge/src/test/scala/sge/scenes/scene2d/actions/ActionsCharacterizationTest.scala	65
opaque-time-pixels	../sge/sge/src/test/scala/sge/scenes/scene2d/actions/ActionsCharacterizationTest.scala	79
opaque-time-pixels	../sge/sge/src/test/scala/sge/scenes/scene2d/actions/ActionsCharacterizationTest.scala	91
opaque-time-pixels	../sge/sge/src/test/scala/sge/scenes/scene2d/actions/ActionsCharacterizationTest.scala	108
opaque-time-pixels	../sge/sge/src/test/scala/sge/scenes/scene2d/actions/ActionsCharacterizationTest.scala	116
opaque-time-pixels	../sge/sge/src/test/scala/sge/scenes/scene2d/actions/ActionsCharacterizationTest.scala	124
opaque-time-pixels	../sge/sge/src/test/scala/sge/scenes/scene2d/actions/ActionsCharacterizationTest.scala	133
opaque-time-pixels	../sge/sge/src/test/scala/sge/scenes/scene2d/actions/ActionsCharacterizationTest.scala	159
opaque-time-pixels	../sge/sge/src/test/scala/sge/scenes/scene2d/actions/ActionsCharacterizationTest.scala	168
opaque-time-pixels	../sge/sge/src/test/scala/sge/scenes/scene2d/actions/ActionsCharacterizationTest.scala	179
opaque-time-pixels	../sge/sge/src/test/scala/sge/scenes/scene2d/actions/ActionsCharacterizationTest.scala	190
opaque-time-pixels	../sge/sge/src/test/scala/sge/scenes/scene2d/actions/ActionsCharacterizationTest.scala	247
opaque-time-pixels	../sge/sge/src/test/scala/sge/scenes/scene2d/actions/ActionsCharacterizationTest.scala	249
nullable	../sge/sge/src/test/scala/sge/scenes/scene2d/actions/ActionsCharacterizationTest.scala	254
opaque-time-pixels	../sge/sge/src/test/scala/sge/scenes/scene2d/actions/ActionsCharacterizationTest.scala	270
nullable	../sge/sge/src/test/scala/sge/scenes/scene2d/actions/ActionsCharacterizationTest.scala	274
opaque-time-pixels	../sge/sge/src/test/scala/sge/scenes/scene2d/actions/ActionsCharacterizationTest.scala	286
opaque-time-pixels	../sge/sge/src/test/scala/sge/scenes/scene2d/actions/ActionsCharacterizationTest.scala	288
nullable	../sge/sge/src/test/scala/sge/scenes/scene2d/actions/ActionsCharacterizationTest.scala	293
nullable	../sge/sge/src/test/scala/sge/scenes/scene2d/actions/ActionsCharacterizationTest.scala	312
member-shape	../sge/sge/src/test/scala/sge/scenes/scene2d/actions/ActionsCharacterizationTest.scala	315
member-shape	../sge/sge/src/test/scala/sge/scenes/scene2d/actions/ActionsCharacterizationTest.scala	316
member-shape	../sge/sge/src/test/scala/sge/scenes/scene2d/actions/ActionsCharacterizationTest.scala	325
opaque-time-pixels	../sge/sge/src/test/scala/sge/scenes/scene2d/actions/ActionsCharacterizationTest.scala	329
opaque-time-pixels	../sge/sge/src/test/scala/sge/scenes/scene2d/actions/ActionsCharacterizationTest.scala	343
nullable	../sge/sge/src/test/scala/sge/scenes/scene2d/actions/ActionsCharacterizationTest.scala	344
nullable	../sge/sge/src/test/scala/sge/scenes/scene2d/actions/ActionsCharacterizationTest.scala	345
member-shape	../sge/sge/src/test/scala/sge/scenes/scene2d/actions/ActionsCharacterizationTest.scala	349
member-shape	../sge/sge/src/test/scala/sge/scenes/scene2d/actions/ActionsCharacterizationTest.scala	350
opaque-time-pixels	../sge/sge/src/test/scala/sge/scenes/scene2d/actions/ActionsCharacterizationTest.scala	354
type-shape	../sge/sge/src/test/scala/sge/scenes/scene2d/actions/ActionsCharacterizationTest.scala	355
type-shape	../sge/sge/src/test/scala/sge/scenes/scene2d/actions/ActionsCharacterizationTest.scala	357
nullable	../sge/sge/src/test/scala/sge/scenes/scene2d/actions/ActionsSpatialBehaviourSuite.scala	29
opaque-time-pixels	../sge/sge/src/test/scala/sge/scenes/scene2d/actions/ActionsSpatialBehaviourSuite.scala	41
opaque-time-pixels	../sge/sge/src/test/scala/sge/scenes/scene2d/actions/ActionsSpatialBehaviourSuite.scala	53
opaque-time-pixels	../sge/sge/src/test/scala/sge/scenes/scene2d/actions/ActionsSpatialBehaviourSuite.scala	65
opaque-time-pixels	../sge/sge/src/test/scala/sge/scenes/scene2d/actions/ActionsSpatialBehaviourSuite.scala	77
opaque-time-pixels	../sge/sge/src/test/scala/sge/scenes/scene2d/actions/ActionsSpatialBehaviourSuite.scala	93
opaque-time-pixels	../sge/sge/src/test/scala/sge/scenes/scene2d/actions/ActionsSpatialBehaviourSuite.scala	111
opaque-time-pixels	../sge/sge/src/test/scala/sge/scenes/scene2d/actions/ActionsSpatialBehaviourSuite.scala	131
opaque-time-pixels	../sge/sge/src/test/scala/sge/scenes/scene2d/actions/ActionsSpatialBehaviourSuite.scala	143
opaque-time-pixels	../sge/sge/src/test/scala/sge/scenes/scene2d/actions/ActionsSpatialBehaviourSuite.scala	162
opaque-time-pixels	../sge/sge/src/test/scala/sge/scenes/scene2d/actions/ActionsSpatialBehaviourSuite.scala	173
opaque-time-pixels	../sge/sge/src/test/scala/sge/scenes/scene2d/actions/ActionsSpatialBehaviourSuite.scala	185
opaque-time-pixels	../sge/sge/src/test/scala/sge/scenes/scene2d/actions/ActionsSpatialBehaviourSuite.scala	202
member-shape	../sge/sge/src/test/scala/sge/scenes/scene2d/actions/ActionsSpatialBehaviourSuite.scala	206
member-shape	../sge/sge/src/test/scala/sge/scenes/scene2d/actions/ActionsSpatialBehaviourSuite.scala	207
opaque-time-pixels	../sge/sge/src/test/scala/sge/scenes/scene2d/actions/ActionsSpatialBehaviourSuite.scala	214
member-shape	../sge/sge/src/test/scala/sge/scenes/scene2d/actions/ActionsSpatialBehaviourSuite.scala	218
member-shape	../sge/sge/src/test/scala/sge/scenes/scene2d/actions/ActionsSpatialBehaviourSuite.scala	219
opaque-time-pixels	../sge/sge/src/test/scala/sge/scenes/scene2d/actions/ActionsSpatialBehaviourSuite.scala	229
opaque-time-pixels	../sge/sge/src/test/scala/sge/scenes/scene2d/actions/ActionsSpatialBehaviourSuite.scala	242
opaque-time-pixels	../sge/sge/src/test/scala/sge/scenes/scene2d/actions/ActionsSpatialBehaviourSuite.scala	258
opaque-time-pixels	../sge/sge/src/test/scala/sge/scenes/scene2d/actions/ActionsSpatialBehaviourSuite.scala	271
opaque-time-pixels	../sge/sge/src/test/scala/sge/scenes/scene2d/actions/ActionsSpatialBehaviourSuite.scala	287
nullable	../sge/sge/src/test/scala/sge/scenes/scene2d/actions/ActionsSpatialBehaviourSuite.scala	288
opaque-time-pixels	../sge/sge/src/test/scala/sge/scenes/scene2d/actions/ActionsSpatialBehaviourSuite.scala	301
opaque-time-pixels	../sge/sge/src/test/scala/sge/scenes/scene2d/actions/ActionsSpatialBehaviourSuite.scala	307
opaque-time-pixels	../sge/sge/src/test/scala/sge/scenes/scene2d/actions/ActionsSpatialBehaviourSuite.scala	314
opaque-time-pixels	../sge/sge/src/test/scala/sge/scenes/scene2d/actions/ActionsSpatialBehaviourSuite.scala	321
opaque-time-pixels	../sge/sge/src/test/scala/sge/scenes/scene2d/actions/ActionsSpatialBehaviourSuite.scala	334
opaque-time-pixels	../sge/sge/src/test/scala/sge/scenes/scene2d/actions/ColorActionBeginCacheRedSuite.scala	39
nullable	../sge/sge/src/test/scala/sge/scenes/scene2d/actions/ColorActionBeginCacheRedSuite.scala	40
opaque-time-pixels	../sge/sge/src/test/scala/sge/scenes/scene2d/actions/DelayActionOvershootRedSuite.scala	35
nullable	../sge/sge/src/test/scala/sge/scenes/scene2d/ui/ButtonBackgroundFallthroughRedSuite.scala	34
member-shape	../sge/sge/src/test/scala/sge/scenes/scene2d/ui/ButtonBackgroundFallthroughRedSuite.scala	54
member-shape	../sge/sge/src/test/scala/sge/scenes/scene2d/ui/ButtonBackgroundFallthroughRedSuite.scala	55
member-shape	../sge/sge/src/test/scala/sge/scenes/scene2d/ui/ButtonTest.scala	32
member-shape	../sge/sge/src/test/scala/sge/scenes/scene2d/ui/SkinStyleReaderTest.scala	167
member-shape	../sge/sge/src/test/scala/sge/scenes/scene2d/ui/SkinStyleReaderTest.scala	168
member-shape	../sge/sge/src/test/scala/sge/scenes/scene2d/ui/TableCellTest.scala	22
nullable	../sge/sge/src/test/scala/sge/scenes/scene2d/ui/TableCellTest.scala	29
member-shape	../sge/sge/src/test/scala/sge/scenes/scene2d/ui/TableCellTest.scala	30
assertion-mismatch	../sge/sge/src/test/scala/sge/scenes/scene2d/ui/TableCellTest.scala	32
nullable	../sge/sge/src/test/scala/sge/scenes/scene2d/ui/TableCellTest.scala	38
member-shape	../sge/sge/src/test/scala/sge/scenes/scene2d/ui/TableCellTest.scala	39
member-shape	../sge/sge/src/test/scala/sge/scenes/scene2d/ui/TableCellTest.scala	47
nullable	../sge/sge/src/test/scala/sge/scenes/scene2d/ui/TableCellTest.scala	57
member-shape	../sge/sge/src/test/scala/sge/scenes/scene2d/ui/TableCellTest.scala	58
nullable	../sge/sge/src/test/scala/sge/scenes/scene2d/ui/TableCellTest.scala	68
nullable	../sge/sge/src/test/scala/sge/scenes/scene2d/ui/TableCellTest.scala	70
member-shape	../sge/sge/src/test/scala/sge/scenes/scene2d/ui/TableCellTest.scala	74
nullable	../sge/sge/src/test/scala/sge/scenes/scene2d/ui/TableCellTest.scala	80
nullable	../sge/sge/src/test/scala/sge/scenes/scene2d/ui/TableCellTest.scala	81
nullable	../sge/sge/src/test/scala/sge/scenes/scene2d/ui/TableCellTest.scala	83
nullable	../sge/sge/src/test/scala/sge/scenes/scene2d/ui/TableCellTest.scala	101
member-shape	../sge/sge/src/test/scala/sge/scenes/scene2d/ui/TableCellTest.scala	104
nullable	../sge/sge/src/test/scala/sge/scenes/scene2d/ui/TableCellTest.scala	110
nullable	../sge/sge/src/test/scala/sge/scenes/scene2d/ui/TableCellTest.scala	123
nullable	../sge/sge/src/test/scala/sge/scenes/scene2d/ui/TableCellTest.scala	124
member-shape	../sge/sge/src/test/scala/sge/scenes/scene2d/ui/TableCellTest.scala	127
type-shape	../sge/sge/src/test/scala/sge/scenes/scene2d/ui/TableCellTest.scala	140
member-shape	../sge/sge/src/test/scala/sge/scenes/scene2d/ui/TableCellTest.scala	141
member-shape	../sge/sge/src/test/scala/sge/scenes/scene2d/ui/TableCellTest.scala	152
member-shape	../sge/sge/src/test/scala/sge/scenes/scene2d/ui/TableCellTest.scala	154
member-shape	../sge/sge/src/test/scala/sge/scenes/scene2d/ui/TableCellTest.scala	165
other	../sge/sge/src/test/scala/sge/scenes/scene2d/ui/TableCellTest.scala	181
other	../sge/sge/src/test/scala/sge/scenes/scene2d/ui/TableCellTest.scala	182
other	../sge/sge/src/test/scala/sge/scenes/scene2d/ui/TableCellTest.scala	183
other	../sge/sge/src/test/scala/sge/scenes/scene2d/ui/TableCellTest.scala	184
member-shape	../sge/sge/src/test/scala/sge/scenes/scene2d/ui/TableCellTest.scala	208
nullable	../sge/sge/src/test/scala/sge/scenes/scene2d/ui/TableCellTest.scala	224
nullable	../sge/sge/src/test/scala/sge/scenes/scene2d/ui/TableCellTest.scala	237
nullable	../sge/sge/src/test/scala/sge/scenes/scene2d/ui/TableCellTest.scala	246
nullable	../sge/sge/src/test/scala/sge/scenes/scene2d/ui/TableCellTest.scala	256
nullable	../sge/sge/src/test/scala/sge/scenes/scene2d/ui/TableCellTest.scala	270
nullable	../sge/sge/src/test/scala/sge/scenes/scene2d/ui/TableCellTest.scala	279
nullable	../sge/sge/src/test/scala/sge/scenes/scene2d/ui/TableCellTest.scala	288
nullable	../sge/sge/src/test/scala/sge/scenes/scene2d/ui/TableCellTest.scala	301
nullable	../sge/sge/src/test/scala/sge/scenes/scene2d/ui/TableCellTest.scala	312
nullable	../sge/sge/src/test/scala/sge/scenes/scene2d/ui/TableCellTest.scala	323
nullable	../sge/sge/src/test/scala/sge/scenes/scene2d/ui/TableCellTest.scala	336
nullable	../sge/sge/src/test/scala/sge/scenes/scene2d/ui/TableCellTest.scala	347
nullable	../sge/sge/src/test/scala/sge/scenes/scene2d/ui/TableCellTest.scala	360
assertion-mismatch	../sge/sge/src/test/scala/sge/scenes/scene2d/ui/TableCellTest.scala	362
assertion-mismatch	../sge/sge/src/test/scala/sge/scenes/scene2d/ui/TableCellTest.scala	363
nullable	../sge/sge/src/test/scala/sge/scenes/scene2d/ui/TableCellTest.scala	369
assertion-mismatch	../sge/sge/src/test/scala/sge/scenes/scene2d/ui/TableCellTest.scala	371
assertion-mismatch	../sge/sge/src/test/scala/sge/scenes/scene2d/ui/TableCellTest.scala	372
nullable	../sge/sge/src/test/scala/sge/scenes/scene2d/ui/TableCellTest.scala	382
assertion-mismatch	../sge/sge/src/test/scala/sge/scenes/scene2d/ui/TableCellTest.scala	384
assertion-mismatch	../sge/sge/src/test/scala/sge/scenes/scene2d/ui/TableCellTest.scala	385
nullable	../sge/sge/src/test/scala/sge/scenes/scene2d/ui/TableCellTest.scala	395
assertion-mismatch	../sge/sge/src/test/scala/sge/scenes/scene2d/ui/TableCellTest.scala	397
assertion-mismatch	../sge/sge/src/test/scala/sge/scenes/scene2d/ui/TableCellTest.scala	398
assertion-mismatch	../sge/sge/src/test/scala/sge/scenes/scene2d/ui/TableCellTest.scala	399
assertion-mismatch	../sge/sge/src/test/scala/sge/scenes/scene2d/ui/TableCellTest.scala	400
nullable	../sge/sge/src/test/scala/sge/scenes/scene2d/ui/TableCellTest.scala	410
assertion-mismatch	../sge/sge/src/test/scala/sge/scenes/scene2d/ui/TableCellTest.scala	412
nullable	../sge/sge/src/test/scala/sge/scenes/scene2d/ui/TableCellTest.scala	422
assertion-mismatch	../sge/sge/src/test/scala/sge/scenes/scene2d/ui/TableCellTest.scala	424
nullable	../sge/sge/src/test/scala/sge/scenes/scene2d/ui/TableCellTest.scala	430
assertion-mismatch	../sge/sge/src/test/scala/sge/scenes/scene2d/ui/TableCellTest.scala	432
nullable	../sge/sge/src/test/scala/sge/scenes/scene2d/ui/TableCellTest.scala	438
nullable	../sge/sge/src/test/scala/sge/scenes/scene2d/ui/TableCellTest.scala	446
nullable	../sge/sge/src/test/scala/sge/scenes/scene2d/ui/TableCellTest.scala	458
assertion-mismatch	../sge/sge/src/test/scala/sge/scenes/scene2d/ui/TableCellTest.scala	460
assertion-mismatch	../sge/sge/src/test/scala/sge/scenes/scene2d/ui/TableCellTest.scala	461
nullable	../sge/sge/src/test/scala/sge/scenes/scene2d/ui/TableCellTest.scala	473
assertion-mismatch	../sge/sge/src/test/scala/sge/scenes/scene2d/ui/TableCellTest.scala	475
nullable	../sge/sge/src/test/scala/sge/scenes/scene2d/ui/TableCellTest.scala	482
nullable	../sge/sge/src/test/scala/sge/scenes/scene2d/ui/TableCellTest.scala	494
nullable	../sge/sge/src/test/scala/sge/scenes/scene2d/ui/TableCellTest.scala	509
assertion-mismatch	../sge/sge/src/test/scala/sge/scenes/scene2d/ui/TableCellTest.scala	511
opaque-key-button	../sge/sge/src/test/scala/sge/scenes/scene2d/utils/ArraySelectionValueEqualitySuite.scala	27
opaque-key-button	../sge/sge/src/test/scala/sge/scenes/scene2d/utils/ClickListenerTest.scala	7
opaque-key-button	../sge/sge/src/test/scala/sge/scenes/scene2d/utils/ClickListenerTest.scala	21
opaque-key-button	../sge/sge/src/test/scala/sge/scenes/scene2d/utils/ClickListenerTest.scala	27
opaque-key-button	../sge/sge/src/test/scala/sge/scenes/scene2d/utils/ClickListenerTest.scala	33
opaque-key-button	../sge/sge/src/test/scala/sge/scenes/scene2d/utils/ClickListenerTest.scala	34
member-shape	../sge/sge/src/test/scala/sge/scenes/scene2d/utils/ClickListenerTest.scala	55
nullable	../sge/sge/src/test/scala/sge/scenes/scene2d/utils/ClickListenerTest.scala	56
opaque-key-button	../sge/sge/src/test/scala/sge/scenes/scene2d/utils/ClickListenerTest.scala	60
opaque-key-button	../sge/sge/src/test/scala/sge/scenes/scene2d/utils/ClickListenerTest.scala	75
opaque-key-button	../sge/sge/src/test/scala/sge/scenes/scene2d/utils/ClickListenerTest.scala	92
opaque-key-button	../sge/sge/src/test/scala/sge/scenes/scene2d/utils/ClickListenerTest.scala	96
opaque-key-button	../sge/sge/src/test/scala/sge/scenes/scene2d/utils/ClickListenerTest.scala	105
opaque-key-button	../sge/sge/src/test/scala/sge/scenes/scene2d/utils/ClickListenerTest.scala	106
opaque-key-button	../sge/sge/src/test/scala/sge/scenes/scene2d/utils/ClickListenerTest.scala	111
opaque-key-button	../sge/sge/src/test/scala/sge/scenes/scene2d/utils/ClickListenerTest.scala	121
nullable	../sge/sge/src/test/scala/sge/scenes/scene2d/utils/ClickListenerTest.scala	137
opaque-key-button	../sge/sge/src/test/scala/sge/scenes/scene2d/utils/ClickListenerTest.scala	140
opaque-key-button	../sge/sge/src/test/scala/sge/scenes/scene2d/utils/ClickListenerTest.scala	143
opaque-key-button	../sge/sge/src/test/scala/sge/scenes/scene2d/utils/ClickListenerTest.scala	146
opaque-key-button	../sge/sge/src/test/scala/sge/scenes/scene2d/utils/ClickListenerTest.scala	153
opaque-key-button	../sge/sge/src/test/scala/sge/scenes/scene2d/utils/ClickListenerTest.scala	154
opaque-key-button	../sge/sge/src/test/scala/sge/scenes/scene2d/utils/ClickListenerTest.scala	202
nullable	../sge/sge/src/test/scala/sge/scenes/scene2d/utils/ClickListenerTest.scala	231
opaque-key-button	../sge/sge/src/test/scala/sge/scenes/scene2d/utils/ClickListenerTest.scala	234
opaque-key-button	../sge/sge/src/test/scala/sge/scenes/scene2d/utils/ClickListenerTest.scala	235
opaque-key-button	../sge/sge/src/test/scala/sge/scenes/scene2d/utils/SelectionChooseRedSuite.scala	32
member-shape	../sge/sge/src/test/scala/sge/scenes/scene2d/utils/SelectionChooseRedSuite.scala	140
member-shape	../sge/sge/src/test/scala/sge/scenes/scene2d/utils/SelectionSetIdentityRedSuite.scala	51
member-shape	../sge/sge/src/test/scala/sge/scenes/scene2d/utils/SelectionSetIdentityRedSuite.scala	57
member-shape	../sge/sge/src/test/scala/sge/scenes/scene2d/utils/SelectionTest.scala	22
member-shape	../sge/sge/src/test/scala/sge/scenes/scene2d/utils/SelectionTest.scala	162
member-shape	../sge/sge/src/test/scala/sge/scenes/scene2d/utils/SelectionTest.scala	172
member-shape	../sge/sge/src/test/scala/sge/scenes/scene2d/utils/SelectionTest.scala	241
member-shape	../sge/sge/src/test/scala/sge/scenes/scene2d/utils/SelectionTest.scala	297
member-shape	../sge/sge/src/test/scala/sge/scenes/scene2d/utils/SelectionTest.scala	324
assertion-mismatch	../sge/sge/src/test/scala/sge/scenes/scene2d/utils/SelectionTest.scala	326
assertion-mismatch	../sge/sge/src/test/scala/sge/scenes/scene2d/utils/SelectionTest.scala	327
arity	../sge/sge/src/test/scala/sge/scenes/scene2d/utils/SelectionTest.scala	340
member-shape	../sge/sge/src/test/scala/sge/utils/BinaryHeapTest.scala	56
context	../sge/sge/src/test/scala/sge/utils/PerformanceCounterTest.scala	11
context	../sge/sge/src/test/scala/sge/utils/PerformanceCounterTest.scala	17
assertion-mismatch	../sge/sge/src/test/scala/sge/utils/PerformanceCounterTest.scala	23
context	../sge/sge/src/test/scala/sge/utils/PerformanceCounterTest.scala	27
context	../sge/sge/src/test/scala/sge/utils/PerformanceCounterTest.scala	35
context	../sge/sge/src/test/scala/sge/utils/PerformanceCounterTest.scala	47
context	../sge/sge/src/test/scala/sge/utils/PerformanceCounterTest.scala	58
context	../sge/sge/src/test/scala/sge/utils/PerformanceCounterTest.scala	66
context	../sge/sge/src/test/scala/sge/utils/PerformanceCounterTest.scala	73
assertion-mismatch	../sge/sge/src/test/scala/sge/utils/PerformanceCounterTest.scala	80
context	../sge/sge/src/test/scala/sge/utils/PerformanceCounterTest.scala	84
context	../sge/sge/src/test/scala/sge/utils/PerformanceCounterTest.scala	96
context	../sge/sge/src/test/scala/sge/utils/PerformanceCounterTest.scala	107
assertion-mismatch	../sge/sge/src/test/scala/sge/utils/PerformanceCounterTest.scala	136
context	../sge/sge/src/test/scala/sge/utils/PerformanceCounterTest.scala	137
type-shape	../sge/sge/src/test/scala/sge/utils/PoolManagerTest.scala	20
type-shape	../sge/sge/src/test/scala/sge/utils/PoolManagerTest.scala	28
type-shape	../sge/sge/src/test/scala/sge/utils/PoolManagerTest.scala	37
type-shape	../sge/sge/src/test/scala/sge/utils/PoolManagerTest.scala	49
member-shape	../sge/sge/src/test/scala/sge/utils/PoolManagerTest.scala	52
member-shape	../sge/sge/src/test/scala/sge/utils/PoolManagerTest.scala	53
member-shape	../sge/sge/src/test/scala/sge/utils/PoolManagerTest.scala	56
member-shape	../sge/sge/src/test/scala/sge/utils/PoolManagerTest.scala	57
type-shape	../sge/sge/src/test/scala/sge/utils/PoolManagerTest.scala	62
member-shape	../sge/sge/src/test/scala/sge/utils/PoolManagerTest.scala	65
member-shape	../sge/sge/src/test/scala/sge/utils/PoolManagerTest.scala	70
type-shape	../sge/sge/src/test/scala/sge/utils/PoolManagerTest.scala	75
type-shape	../sge/sge/src/test/scala/sge/utils/PoolManagerTest.scala	77
member-shape	../sge/sge/src/test/scala/sge/utils/PoolManagerTest.scala	90
type-shape	../sge/sge/src/test/scala/sge/utils/PoolManagerTest.scala	96
type-shape	../sge/sge/src/test/scala/sge/utils/PoolManagerTest.scala	102
nullable	../sge/sge/src/test/scala/sge/utils/PoolManagerTest.scala	107
member-shape	../sge/sge/src/test/scala/sge/utils/StreamUtilsTest.scala	133
member-shape	../sge/sge/src/test/scala/sge/utils/StreamUtilsTest.scala	142
member-shape	../sge/sge/src/test/scala/sge/utils/StreamUtilsTest.scala	148
assertion-mismatch	../sge/sge/src/test/scala/sge/utils/StreamUtilsTest.scala	149
assertion-mismatch	../sge/sge/src/test/scala/sge/utils/StreamUtilsTest.scala	150
assertion-mismatch	../sge/sge/src/test/scala/sge/utils/StreamUtilsTest.scala	151
assertion-mismatch	../sge/sge/src/test/scala/sge/utils/StreamUtilsTest.scala	152
type-shape	../sge/sge/src/test/scala/sge/utils/viewport/ViewportTest.scala	182
type-shape	../sge/sge/src/test/scala/sge/utils/viewport/ViewportTest.scala	182
android	../sge/sge/src/test/scalajvm/sge/AndroidAudioAdapterTest.scala	9
android	../sge/sge/src/test/scalajvm/sge/AndroidAudioAssetFdRedSuite.scala	34
android	../sge/sge/src/test/scalajvm/sge/AndroidAudioAssetFdRedSuite.scala	34
filetype	../sge/sge/src/test/scalajvm/sge/DesktopApplicationConfigTest.scala	8
filetype	../sge/sge/src/test/scalajvm/sge/DesktopApplicationConfigTest.scala	44
filetype	../sge/sge/src/test/scalajvm/sge/DesktopApplicationConfigTest.scala	96
filetype	../sge/sge/src/test/scalajvm/sge/DesktopApplicationConfigTest.scala	98
member-shape	../sge/sge/src/test/scalajvm/sge/DesktopClipboardTest.scala	41
member-shape	../sge/sge/src/test/scalajvm/sge/DesktopClipboardTest.scala	87
member-shape	../sge/sge/src/test/scalajvm/sge/HeadlessApplicationTest.scala	104
net	../sge/sge/src/test/scalajvm/sge/HeadlessApplicationTest.scala	143
net	../sge/sge/src/test/scalajvm/sge/HeadlessApplicationTest.scala	144
filetype	../sge/sge/src/test/scalajvm/sge/assets/AssetLoaderSmokeTest.scala	7
filetype	../sge/sge/src/test/scalajvm/sge/assets/AssetLoaderSmokeTest.scala	25
filetype	../sge/sge/src/test/scalajvm/sge/assets/AssetLoaderSmokeTest.scala	25
filetype	../sge/sge/src/test/scalajvm/sge/assets/AssetLoaderSmokeTest.scala	41
filetype	../sge/sge/src/test/scalajvm/sge/assets/AssetLoaderSmokeTest.scala	41
filetype	../sge/sge/src/test/scalajvm/sge/assets/AssetLoaderSmokeTest.scala	43
member-shape	../sge/sge/src/test/scalajvm/sge/assets/AssetLoaderSmokeTest.scala	78
member-shape	../sge/sge/src/test/scalajvm/sge/assets/AssetLoaderSmokeTest.scala	81
member-shape	../sge/sge/src/test/scalajvm/sge/assets/AssetLoaderSmokeTest.scala	85
nullable	../sge/sge/src/test/scalajvm/sge/assets/AssetLoaderSmokeTest.scala	103
particles	../sge/sge/src/test/scalajvm/sge/assets/AssetLoaderSmokeTest.scala	130
nullable	../sge/sge/src/test/scalajvm/sge/assets/AssetLoaderSmokeTest.scala	140
member-shape	../sge/sge/src/test/scalajvm/sge/assets/AssetLoaderSmokeTest.scala	252
member-shape	../sge/sge/src/test/scalajvm/sge/assets/AssetLoaderSmokeTest.scala	259
member-shape	../sge/sge/src/test/scalajvm/sge/assets/AssetLoaderSmokeTest.scala	260
member-shape	../sge/sge/src/test/scalajvm/sge/assets/AssetLoaderSmokeTest.scala	261
member-shape	../sge/sge/src/test/scalajvm/sge/assets/AssetLoaderSmokeTest.scala	271
member-shape	../sge/sge/src/test/scalajvm/sge/assets/AssetLoaderSmokeTest.scala	272
member-shape	../sge/sge/src/test/scalajvm/sge/assets/AssetLoaderSmokeTest.scala	273
member-shape	../sge/sge/src/test/scalajvm/sge/assets/AssetLoaderSmokeTest.scala	274
arity	../sge/sge/src/test/scalajvm/sge/assets/AssetLoaderSmokeTest.scala	279
nullable	../sge/sge/src/test/scalajvm/sge/assets/AssetLoaderSmokeTest.scala	280
member-shape	../sge/sge/src/test/scalajvm/sge/assets/AssetLoaderSmokeTest.scala	294
nullable	../sge/sge/src/test/scalajvm/sge/assets/AssetLoaderSmokeTest.scala	297
member-shape	../sge/sge/src/test/scalajvm/sge/assets/AssetLoaderSmokeTest.scala	306
member-shape	../sge/sge/src/test/scalajvm/sge/assets/AssetLoaderSmokeTest.scala	312
filetype	../sge/sge/src/test/scalajvm/sge/assets/AssetManagerAsyncISS561Test.scala	24
filetype	../sge/sge/src/test/scalajvm/sge/assets/AssetManagerAsyncISS561Test.scala	40
filetype	../sge/sge/src/test/scalajvm/sge/assets/AssetManagerAsyncISS561Test.scala	40
context	../sge/sge/src/test/scalajvm/sge/assets/AssetManagerAsyncISS561Test.scala	71
context	../sge/sge/src/test/scalajvm/sge/assets/AssetManagerAsyncISS561Test.scala	163
context	../sge/sge/src/test/scalajvm/sge/assets/AssetManagerAsyncISS561Test.scala	205
assertion-mismatch	../sge/sge/src/test/scalajvm/sge/assets/AssetManagerAsyncISS561Test.scala	245
context	../sge/sge/src/test/scalajvm/sge/assets/AssetManagerAsyncISS561Test.scala	252
assertion-mismatch	../sge/sge/src/test/scalajvm/sge/assets/AssetManagerAsyncISS561Test.scala	276
context	../sge/sge/src/test/scalajvm/sge/assets/AssetManagerAsyncISS561Test.scala	283
context	../sge/sge/src/test/scalajvm/sge/assets/AssetManagerAsyncISS561Test.scala	315
assertion-mismatch	../sge/sge/src/test/scalajvm/sge/assets/AssetManagerAsyncISS561Test.scala	368
filetype	../sge/sge/src/test/scalajvm/sge/assets/AssetManagerDescriptorRoutingIss830CoverageSuite.scala	31
filetype	../sge/sge/src/test/scalajvm/sge/assets/AssetManagerDescriptorRoutingIss830CoverageSuite.scala	40
filetype	../sge/sge/src/test/scalajvm/sge/assets/AssetManagerDescriptorRoutingIss830CoverageSuite.scala	40
assertion-mismatch	../sge/sge/src/test/scalajvm/sge/assets/AssetManagerDescriptorRoutingIss830CoverageSuite.scala	62
filetype	../sge/sge/src/test/scalajvm/sge/assets/AssetManagerErrorCatchIss734RedSuite.scala	36
filetype	../sge/sge/src/test/scalajvm/sge/assets/AssetManagerErrorCatchIss734RedSuite.scala	49
filetype	../sge/sge/src/test/scalajvm/sge/assets/AssetManagerErrorCatchIss734RedSuite.scala	49
filetype	../sge/sge/src/test/scalajvm/sge/assets/AssetManagerLoggerIss733Suite.scala	28
filetype	../sge/sge/src/test/scalajvm/sge/assets/AssetManagerLoggerIss733Suite.scala	34
filetype	../sge/sge/src/test/scalajvm/sge/assets/AssetManagerLoggerIss733Suite.scala	34
filetype	../sge/sge/src/test/scalajvm/sge/assets/AssetManagerUnitTest.scala	12
filetype	../sge/sge/src/test/scalajvm/sge/assets/AssetManagerUnitTest.scala	29
filetype	../sge/sge/src/test/scalajvm/sge/assets/AssetManagerUnitTest.scala	29
member-shape	../sge/sge/src/test/scalajvm/sge/assets/AssetManagerUnitTest.scala	64
member-shape	../sge/sge/src/test/scalajvm/sge/assets/AssetManagerUnitTest.scala	156
member-shape	../sge/sge/src/test/scalajvm/sge/assets/AssetManagerUnitTest.scala	159
filetype	../sge/sge/src/test/scalajvm/sge/assets/loaders/FileHandleResolverTest.scala	10
filetype	../sge/sge/src/test/scalajvm/sge/assets/loaders/FileHandleResolverTest.scala	19
filetype	../sge/sge/src/test/scalajvm/sge/assets/loaders/FileHandleResolverTest.scala	19
member-shape	../sge/sge/src/test/scalajvm/sge/assets/loaders/FileHandleResolverTest.scala	24
assertion-mismatch	../sge/sge/src/test/scalajvm/sge/assets/loaders/FileHandleResolverTest.scala	26
member-shape	../sge/sge/src/test/scalajvm/sge/assets/loaders/FileHandleResolverTest.scala	31
assertion-mismatch	../sge/sge/src/test/scalajvm/sge/assets/loaders/FileHandleResolverTest.scala	33
member-shape	../sge/sge/src/test/scalajvm/sge/assets/loaders/FileHandleResolverTest.scala	39
assertion-mismatch	../sge/sge/src/test/scalajvm/sge/assets/loaders/FileHandleResolverTest.scala	40
assertion-mismatch	../sge/sge/src/test/scalajvm/sge/assets/loaders/FileHandleResolverTest.scala	43
assertion-mismatch	../sge/sge/src/test/scalajvm/sge/assets/loaders/FileHandleResolverTest.scala	46
member-shape	../sge/sge/src/test/scalajvm/sge/assets/loaders/FileHandleResolverTest.scala	56
member-shape	../sge/sge/src/test/scalajvm/sge/assets/loaders/FileHandleResolverTest.scala	57
member-shape	../sge/sge/src/test/scalajvm/sge/assets/loaders/FileHandleResolverTest.scala	58
member-shape	../sge/sge/src/test/scalajvm/sge/assets/loaders/FileHandleResolverTest.scala	63
member-shape	../sge/sge/src/test/scalajvm/sge/assets/loaders/FileHandleResolverTest.scala	64
filetype	../sge/sge/src/test/scalajvm/sge/audio/MiniaudioEngineInstanceRegistryIss810RedSuite.scala	33
filetype	../sge/sge/src/test/scalajvm/sge/audio/MiniaudioEngineInstanceRegistryIss810RedSuite.scala	108
filetype	../sge/sge/src/test/scalajvm/sge/audio/MiniaudioEngineInstanceRegistryIss810RedSuite.scala	108
filetype	../sge/sge/src/test/scalajvm/sge/audio/MiniaudioEngineInstanceRegistryIss810RedSuite.scala	116
filetype	../sge/sge/src/test/scalajvm/sge/audio/MiniaudioEngineInstanceRegistryIss810RedSuite.scala	116
filetype	../sge/sge/src/test/scalajvm/sge/audio/MiniaudioEngineSoundFormatIss772RedSuite.scala	18
filetype	../sge/sge/src/test/scalajvm/sge/audio/MiniaudioEngineSoundFormatIss772RedSuite.scala	58
filetype	../sge/sge/src/test/scalajvm/sge/audio/MiniaudioEngineSoundFormatIss772RedSuite.scala	58
filetype	../sge/sge/src/test/scalajvm/sge/audio/MiniaudioMusicOnCompleteIss760RedSuite.scala	29
filetype	../sge/sge/src/test/scalajvm/sge/audio/MiniaudioMusicOnCompleteIss760RedSuite.scala	99
filetype	../sge/sge/src/test/scalajvm/sge/audio/MiniaudioMusicOnCompleteIss760RedSuite.scala	99
member-shape	../sge/sge/src/test/scalajvm/sge/audio/MiniaudioMusicOnCompleteIss760RedSuite.scala	106
member-shape	../sge/sge/src/test/scalajvm/sge/audio/MiniaudioMusicOnCompleteIss760RedSuite.scala	117
filetype	../sge/sge/src/test/scalajvm/sge/audio/MiniaudioSoundFormatFallbackWaveDTest.scala	16
filetype	../sge/sge/src/test/scalajvm/sge/audio/MiniaudioSoundFormatFallbackWaveDTest.scala	55
filetype	../sge/sge/src/test/scalajvm/sge/audio/MiniaudioSoundFormatFallbackWaveDTest.scala	55
filetype	../sge/sge/src/test/scalajvm/sge/audio/MusicDurationIss781RedSuite.scala	18
filetype	../sge/sge/src/test/scalajvm/sge/audio/MusicDurationIss781RedSuite.scala	26
filetype	../sge/sge/src/test/scalajvm/sge/audio/MusicDurationIss781RedSuite.scala	26
member-shape	../sge/sge/src/test/scalajvm/sge/audio/MusicDurationIss781RedSuite.scala	31
filetype	../sge/sge/src/test/scalajvm/sge/audio/WavInputStreamTest.scala	79
filetype	../sge/sge/src/test/scalajvm/sge/audio/WavInputStreamTest.scala	79
filetype	../sge/sge/src/test/scalajvm/sge/audio/WavInputStreamTest.scala	95
filetype	../sge/sge/src/test/scalajvm/sge/audio/WavInputStreamTest.scala	95
filetype	../sge/sge/src/test/scalajvm/sge/audio/WavInputStreamTest.scala	110
filetype	../sge/sge/src/test/scalajvm/sge/audio/WavInputStreamTest.scala	110
filetype	../sge/sge/src/test/scalajvm/sge/audio/WavInputStreamTest.scala	127
filetype	../sge/sge/src/test/scalajvm/sge/audio/WavInputStreamTest.scala	127
filetype	../sge/sge/src/test/scalajvm/sge/audio/WavInputStreamTest.scala	142
filetype	../sge/sge/src/test/scalajvm/sge/audio/WavInputStreamTest.scala	142
filetype	../sge/sge/src/test/scalajvm/sge/audio/WavInputStreamTest.scala	157
filetype	../sge/sge/src/test/scalajvm/sge/audio/WavInputStreamTest.scala	157
filetype	../sge/sge/src/test/scalajvm/sge/audio/WavInputStreamTest.scala	174
filetype	../sge/sge/src/test/scalajvm/sge/audio/WavInputStreamTest.scala	174
android	../sge/sge/src/test/scalajvm/sge/files/AndroidFileHandleTest.scala	10
android	../sge/sge/src/test/scalajvm/sge/files/AndroidFileHandleTest.scala	46
android	../sge/sge/src/test/scalajvm/sge/files/AndroidFileHandleTest.scala	46
android	../sge/sge/src/test/scalajvm/sge/files/AndroidFileHandleTest.scala	49
android	../sge/sge/src/test/scalajvm/sge/files/AndroidFileHandleTest.scala	50
android	../sge/sge/src/test/scalajvm/sge/files/AndroidFileHandleTest.scala	54
android	../sge/sge/src/test/scalajvm/sge/files/AndroidFileHandleTest.scala	54
android	../sge/sge/src/test/scalajvm/sge/files/AndroidFileHandleTest.scala	62
android	../sge/sge/src/test/scalajvm/sge/files/AndroidFileHandleTest.scala	62
android	../sge/sge/src/test/scalajvm/sge/files/AndroidFileHandleTest.scala	65
android	../sge/sge/src/test/scalajvm/sge/files/AndroidFileHandleTest.scala	66
android	../sge/sge/src/test/scalajvm/sge/files/AndroidFileHandleTest.scala	70
android	../sge/sge/src/test/scalajvm/sge/files/AndroidFileHandleTest.scala	70
android	../sge/sge/src/test/scalajvm/sge/files/AndroidFileHandleTest.scala	79
android	../sge/sge/src/test/scalajvm/sge/files/AndroidFileHandleTest.scala	79
android	../sge/sge/src/test/scalajvm/sge/files/AndroidFileHandleTest.scala	82
android	../sge/sge/src/test/scalajvm/sge/files/AndroidFileHandleTest.scala	86
android	../sge/sge/src/test/scalajvm/sge/files/AndroidFileHandleTest.scala	86
android	../sge/sge/src/test/scalajvm/sge/files/AndroidFileHandleTest.scala	88
android	../sge/sge/src/test/scalajvm/sge/files/AndroidFileHandleTest.scala	92
android	../sge/sge/src/test/scalajvm/sge/files/AndroidFileHandleTest.scala	92
android	../sge/sge/src/test/scalajvm/sge/files/AndroidFileHandleTest.scala	94
android	../sge/sge/src/test/scalajvm/sge/files/AndroidFileHandleTest.scala	102
android	../sge/sge/src/test/scalajvm/sge/files/AndroidFileHandleTest.scala	102
android	../sge/sge/src/test/scalajvm/sge/files/AndroidFileHandleTest.scala	104
android	../sge/sge/src/test/scalajvm/sge/files/AndroidFileHandleTest.scala	108
android	../sge/sge/src/test/scalajvm/sge/files/AndroidFileHandleTest.scala	108
android	../sge/sge/src/test/scalajvm/sge/files/AndroidFileHandleTest.scala	118
android	../sge/sge/src/test/scalajvm/sge/files/AndroidFileHandleTest.scala	118
android	../sge/sge/src/test/scalajvm/sge/files/AndroidFileHandleTest.scala	126
android	../sge/sge/src/test/scalajvm/sge/files/AndroidFileHandleTest.scala	126
android	../sge/sge/src/test/scalajvm/sge/files/AndroidFileHandleTest.scala	136
android	../sge/sge/src/test/scalajvm/sge/files/AndroidFileHandleTest.scala	136
android	../sge/sge/src/test/scalajvm/sge/files/AndroidFileHandleTest.scala	137
android	../sge/sge/src/test/scalajvm/sge/files/AndroidFileHandleTest.scala	141
android	../sge/sge/src/test/scalajvm/sge/files/AndroidFileHandleTest.scala	141
android	../sge/sge/src/test/scalajvm/sge/files/AndroidFileHandleTest.scala	149
android	../sge/sge/src/test/scalajvm/sge/files/AndroidFileHandleTest.scala	149
android	../sge/sge/src/test/scalajvm/sge/files/AndroidFileHandleTest.scala	150
android	../sge/sge/src/test/scalajvm/sge/files/AndroidFileHandleTest.scala	155
android	../sge/sge/src/test/scalajvm/sge/files/AndroidFileHandleTest.scala	155
android	../sge/sge/src/test/scalajvm/sge/files/AndroidFileHandleTest.scala	156
android	../sge/sge/src/test/scalajvm/sge/files/AndroidFileHandleTest.scala	160
android	../sge/sge/src/test/scalajvm/sge/files/AndroidFileHandleTest.scala	160
android	../sge/sge/src/test/scalajvm/sge/files/AndroidFileHandleTest.scala	169
android	../sge/sge/src/test/scalajvm/sge/files/AndroidFileHandleTest.scala	169
android	../sge/sge/src/test/scalajvm/sge/files/AndroidFileHandleTest.scala	170
android	../sge/sge/src/test/scalajvm/sge/files/AndroidFileHandleTest.scala	174
android	../sge/sge/src/test/scalajvm/sge/files/AndroidFileHandleTest.scala	174
android	../sge/sge/src/test/scalajvm/sge/files/AndroidFileHandleTest.scala	175
android	../sge/sge/src/test/scalajvm/sge/files/AndroidFileHandleTest.scala	182
android	../sge/sge/src/test/scalajvm/sge/files/AndroidFileHandleTest.scala	182
android	../sge/sge/src/test/scalajvm/sge/files/AndroidFileHandleTest.scala	183
android	../sge/sge/src/test/scalajvm/sge/files/AndroidFileHandleTest.scala	187
android	../sge/sge/src/test/scalajvm/sge/files/AndroidFileHandleTest.scala	187
android	../sge/sge/src/test/scalajvm/sge/files/AndroidFileHandleTest.scala	188
android	../sge/sge/src/test/scalajvm/sge/files/AndroidFileHandleTest.scala	192
android	../sge/sge/src/test/scalajvm/sge/files/AndroidFileHandleTest.scala	192
android	../sge/sge/src/test/scalajvm/sge/files/AndroidFileHandleTest.scala	193
android	../sge/sge/src/test/scalajvm/sge/files/AndroidFileHandleTest.scala	199
android	../sge/sge/src/test/scalajvm/sge/files/AndroidFileHandleTest.scala	201
filetype	../sge/sge/src/test/scalajvm/sge/files/DesktopFileHandleTest.scala	18
assertion-mismatch	../sge/sge/src/test/scalajvm/sge/files/DesktopFileHandleTest.scala	21
filetype	../sge/sge/src/test/scalajvm/sge/files/DesktopFileHandleTest.scala	25
filetype	../sge/sge/src/test/scalajvm/sge/files/DesktopFileHandleTest.scala	33
assertion-mismatch	../sge/sge/src/test/scalajvm/sge/files/DesktopFileHandleTest.scala	36
filetype	../sge/sge/src/test/scalajvm/sge/files/DesktopFileHandleTest.scala	40
filetype	../sge/sge/src/test/scalajvm/sge/files/DesktopFileHandleTest.scala	49
filetype	../sge/sge/src/test/scalajvm/sge/files/DesktopFileHandleTest.scala	55
assertion-mismatch	../sge/sge/src/test/scalajvm/sge/files/DesktopFileHandleTest.scala	58
filetype	../sge/sge/src/test/scalajvm/sge/files/DesktopFileHandleTest.scala	62
assertion-mismatch	../sge/sge/src/test/scalajvm/sge/files/DesktopFileHandleTest.scala	64
filetype	../sge/sge/src/test/scalajvm/sge/files/DesktopFileHandleTest.scala	70
assertion-mismatch	../sge/sge/src/test/scalajvm/sge/files/DesktopFileHandleTest.scala	71
filetype	../sge/sge/src/test/scalajvm/sge/files/DesktopFileHandleTest.scala	75
assertion-mismatch	../sge/sge/src/test/scalajvm/sge/files/DesktopFileHandleTest.scala	76
filetype	../sge/sge/src/test/scalajvm/sge/files/DesktopFileHandleTest.scala	80
assertion-mismatch	../sge/sge/src/test/scalajvm/sge/files/DesktopFileHandleTest.scala	81
filetype	../sge/sge/src/test/scalajvm/sge/files/DesktopFileHandleTest.scala	85
assertion-mismatch	../sge/sge/src/test/scalajvm/sge/files/DesktopFileHandleTest.scala	86
filetype	../sge/sge/src/test/scalajvm/sge/files/DesktopFileHandleTest.scala	94
assertion-mismatch	../sge/sge/src/test/scalajvm/sge/files/DesktopFileHandleTest.scala	101
assertion-mismatch	../sge/sge/src/test/scalajvm/sge/files/DesktopFileHandleTest.scala	102
assertion-mismatch	../sge/sge/src/test/scalajvm/sge/files/DesktopFileHandleTest.scala	103
filetype	../sge/sge/src/test/scalajvm/sge/files/DesktopFileHandleTest.scala	108
assertion-mismatch	../sge/sge/src/test/scalajvm/sge/files/DesktopFileHandleTest.scala	110
other	../sge/sge/src/test/scalajvm/sge/files/DesktopFilesTest.scala	13
assertion-mismatch	../sge/sge/src/test/scalajvm/sge/files/DesktopFilesTest.scala	18
assertion-mismatch	../sge/sge/src/test/scalajvm/sge/files/DesktopFilesTest.scala	26
filetype	../sge/sge/src/test/scalajvm/sge/files/DesktopFilesTest.scala	41
filetype	../sge/sge/src/test/scalajvm/sge/files/DesktopFilesTest.scala	47
filetype	../sge/sge/src/test/scalajvm/sge/files/DesktopFilesTest.scala	52
filetype	../sge/sge/src/test/scalajvm/sge/files/DesktopFilesTest.scala	57
filetype	../sge/sge/src/test/scalajvm/sge/files/DesktopFilesTest.scala	62
filetype	../sge/sge/src/test/scalajvm/sge/files/DesktopFilesTest.scala	67
type-shape	../sge/sge/src/test/scalajvm/sge/files/DesktopPreferencesTest.scala	103
filetype	../sge/sge/src/test/scalajvm/sge/files/DesktopPreferencesTest.scala	126
android	../sge/sge/src/test/scalajvm/sge/graphics/AndroidGL20AdapterTest.scala	10
android	../sge/sge/src/test/scalajvm/sge/graphics/AndroidGL20AdapterTest.scala	192
android	../sge/sge/src/test/scalajvm/sge/graphics/AndroidGL20AdapterTest.scala	200
android	../sge/sge/src/test/scalajvm/sge/graphics/AndroidGL20AdapterTest.scala	208
android	../sge/sge/src/test/scalajvm/sge/graphics/AndroidGL20AdapterTest.scala	216
android	../sge/sge/src/test/scalajvm/sge/graphics/AndroidGL20AdapterTest.scala	224
android	../sge/sge/src/test/scalajvm/sge/graphics/AndroidGL20AdapterTest.scala	232
android	../sge/sge/src/test/scalajvm/sge/graphics/AndroidGL20AdapterTest.scala	241
android	../sge/sge/src/test/scalajvm/sge/graphics/AndroidGL20AdapterTest.scala	249
android	../sge/sge/src/test/scalajvm/sge/graphics/AndroidGL20AdapterTest.scala	257
android	../sge/sge/src/test/scalajvm/sge/graphics/AndroidGL20AdapterTest.scala	258
android	../sge/sge/src/test/scalajvm/sge/graphics/AndroidGL20AdapterTest.scala	259
android	../sge/sge/src/test/scalajvm/sge/graphics/AndroidGL20AdapterTest.scala	260
net	../sge/sge/src/test/scalajvm/sge/graphics/DownloadPixmapRedSuite.scala	55
net	../sge/sge/src/test/scalajvm/sge/graphics/DownloadPixmapRedSuite.scala	63
net	../sge/sge/src/test/scalajvm/sge/graphics/DownloadPixmapRedSuite.scala	103
net	../sge/sge/src/test/scalajvm/sge/graphics/DownloadPixmapRedSuite.scala	143
net	../sge/sge/src/test/scalajvm/sge/graphics/DownloadPixmapRedSuite.scala	144
opaque-time-pixels	../sge/sge/src/test/scalajvm/sge/graphics/DownloadPixmapRedSuite.scala	210
opaque-time-pixels	../sge/sge/src/test/scalajvm/sge/graphics/DownloadPixmapRedSuite.scala	211
member-shape	../sge/sge/src/test/scalajvm/sge/graphics/GL20OpaqueTypeCoverageTest.scala	22
android	../sge/sge/src/test/scalajvm/sge/graphics/GL20OpaqueTypeCoverageTest.scala	210
android	../sge/sge/src/test/scalajvm/sge/graphics/GL20OpaqueTypeCoverageTest.scala	218
android	../sge/sge/src/test/scalajvm/sge/graphics/GL20OpaqueTypeCoverageTest.scala	226
android	../sge/sge/src/test/scalajvm/sge/graphics/GL20OpaqueTypeCoverageTest.scala	237
android	../sge/sge/src/test/scalajvm/sge/graphics/GL20OpaqueTypeCoverageTest.scala	245
android	../sge/sge/src/test/scalajvm/sge/graphics/GL20OpaqueTypeCoverageTest.scala	253
android	../sge/sge/src/test/scalajvm/sge/graphics/GL20OpaqueTypeCoverageTest.scala	261
android	../sge/sge/src/test/scalajvm/sge/graphics/GL20OpaqueTypeCoverageTest.scala	280
android	../sge/sge/src/test/scalajvm/sge/graphics/GL20OpaqueTypeCoverageTest.scala	288
android	../sge/sge/src/test/scalajvm/sge/graphics/GL20OpaqueTypeCoverageTest.scala	296
android	../sge/sge/src/test/scalajvm/sge/graphics/GL20OpaqueTypeCoverageTest.scala	309
android	../sge/sge/src/test/scalajvm/sge/graphics/GL20OpaqueTypeCoverageTest.scala	317
android	../sge/sge/src/test/scalajvm/sge/graphics/GL20OpaqueTypeCoverageTest.scala	326
android	../sge/sge/src/test/scalajvm/sge/graphics/GL20OpaqueTypeCoverageTest.scala	337
android	../sge/sge/src/test/scalajvm/sge/graphics/GL20OpaqueTypeCoverageTest.scala	346
android	../sge/sge/src/test/scalajvm/sge/graphics/GL20OpaqueTypeCoverageTest.scala	354
android	../sge/sge/src/test/scalajvm/sge/graphics/GL20OpaqueTypeCoverageTest.scala	363
android	../sge/sge/src/test/scalajvm/sge/graphics/GL20OpaqueTypeCoverageTest.scala	371
android	../sge/sge/src/test/scalajvm/sge/graphics/GL20OpaqueTypeCoverageTest.scala	390
android	../sge/sge/src/test/scalajvm/sge/graphics/GL20OpaqueTypeCoverageTest.scala	399
android	../sge/sge/src/test/scalajvm/sge/graphics/GL20OpaqueTypeCoverageTest.scala	408
android	../sge/sge/src/test/scalajvm/sge/graphics/GL20OpaqueTypeCoverageTest.scala	417
android	../sge/sge/src/test/scalajvm/sge/graphics/GL20OpaqueTypeCoverageTest.scala	431
android	../sge/sge/src/test/scalajvm/sge/graphics/GL20OpaqueTypeCoverageTest.scala	449
android	../sge/sge/src/test/scalajvm/sge/graphics/GL20OpaqueTypeCoverageTest.scala	458
android	../sge/sge/src/test/scalajvm/sge/graphics/GL20OpaqueTypeCoverageTest.scala	468
android	../sge/sge/src/test/scalajvm/sge/graphics/GL20OpaqueTypeCoverageTest.scala	490
android	../sge/sge/src/test/scalajvm/sge/graphics/GL20OpaqueTypeCoverageTest.scala	498
android	../sge/sge/src/test/scalajvm/sge/graphics/GL20OpaqueTypeCoverageTest.scala	505
android	../sge/sge/src/test/scalajvm/sge/graphics/GL20OpaqueTypeCoverageTest.scala	513
android	../sge/sge/src/test/scalajvm/sge/graphics/GL20OpaqueTypeCoverageTest.scala	520
android	../sge/sge/src/test/scalajvm/sge/graphics/GL20OpaqueTypeCoverageTest.scala	528
android	../sge/sge/src/test/scalajvm/sge/graphics/GL20OpaqueTypeCoverageTest.scala	541
android	../sge/sge/src/test/scalajvm/sge/graphics/GL20OpaqueTypeCoverageTest.scala	549
android	../sge/sge/src/test/scalajvm/sge/graphics/GL20OpaqueTypeCoverageTest.scala	558
android	../sge/sge/src/test/scalajvm/sge/graphics/GL20OpaqueTypeCoverageTest.scala	581
android	../sge/sge/src/test/scalajvm/sge/graphics/GL20OpaqueTypeCoverageTest.scala	590
android	../sge/sge/src/test/scalajvm/sge/graphics/GL20OpaqueTypeCoverageTest.scala	599
android	../sge/sge/src/test/scalajvm/sge/graphics/GL20OpaqueTypeCoverageTest.scala	621
android	../sge/sge/src/test/scalajvm/sge/graphics/GL20OpaqueTypeCoverageTest.scala	629
android	../sge/sge/src/test/scalajvm/sge/graphics/GL20OpaqueTypeCoverageTest.scala	636
android	../sge/sge/src/test/scalajvm/sge/graphics/GL20OpaqueTypeCoverageTest.scala	648
member-shape	../sge/sge/src/test/scalajvm/sge/graphics/GL30OpaqueTypeCoverageTest.scala	18
android	../sge/sge/src/test/scalajvm/sge/graphics/GL30OpaqueTypeCoverageTest.scala	414
android	../sge/sge/src/test/scalajvm/sge/graphics/GL30OpaqueTypeCoverageTest.scala	426
android	../sge/sge/src/test/scalajvm/sge/graphics/GL30OpaqueTypeCoverageTest.scala	438
android	../sge/sge/src/test/scalajvm/sge/graphics/GL30OpaqueTypeCoverageTest.scala	450
android	../sge/sge/src/test/scalajvm/sge/graphics/GL30OpaqueTypeCoverageTest.scala	462
android	../sge/sge/src/test/scalajvm/sge/graphics/GL30OpaqueTypeCoverageTest.scala	474
android	../sge/sge/src/test/scalajvm/sge/graphics/GL30OpaqueTypeCoverageTest.scala	486
android	../sge/sge/src/test/scalajvm/sge/graphics/GL30OpaqueTypeCoverageTest.scala	498
android	../sge/sge/src/test/scalajvm/sge/graphics/GL30OpaqueTypeCoverageTest.scala	510
android	../sge/sge/src/test/scalajvm/sge/graphics/GL30OpaqueTypeCoverageTest.scala	522
android	../sge/sge/src/test/scalajvm/sge/graphics/GL30OpaqueTypeCoverageTest.scala	534
android	../sge/sge/src/test/scalajvm/sge/graphics/GL30OpaqueTypeCoverageTest.scala	546
android	../sge/sge/src/test/scalajvm/sge/graphics/GL30OpaqueTypeCoverageTest.scala	558
android	../sge/sge/src/test/scalajvm/sge/graphics/GL30OpaqueTypeCoverageTest.scala	570
android	../sge/sge/src/test/scalajvm/sge/graphics/GL30OpaqueTypeCoverageTest.scala	582
android	../sge/sge/src/test/scalajvm/sge/graphics/GL30OpaqueTypeCoverageTest.scala	594
android	../sge/sge/src/test/scalajvm/sge/graphics/GL30OpaqueTypeCoverageTest.scala	606
android	../sge/sge/src/test/scalajvm/sge/graphics/GL30OpaqueTypeCoverageTest.scala	618
android	../sge/sge/src/test/scalajvm/sge/graphics/GL30OpaqueTypeCoverageTest.scala	630
android	../sge/sge/src/test/scalajvm/sge/graphics/GL30OpaqueTypeCoverageTest.scala	642
android	../sge/sge/src/test/scalajvm/sge/graphics/GL30OpaqueTypeCoverageTest.scala	654
android	../sge/sge/src/test/scalajvm/sge/graphics/GL30OpaqueTypeCoverageTest.scala	667
type-shape	../sge/sge/src/test/scalajvm/sge/graphics/MeshISS561Suite.scala	151
opaque-time-pixels	../sge/sge/src/test/scalajvm/sge/graphics/PixmapIOPngRedSuite.scala	62
opaque-time-pixels	../sge/sge/src/test/scalajvm/sge/graphics/PixmapIOPngRedSuite.scala	62
opaque-time-pixels	../sge/sge/src/test/scalajvm/sge/graphics/PixmapIOPngRedSuite.scala	206
opaque-time-pixels	../sge/sge/src/test/scalajvm/sge/graphics/PixmapIOPngRedSuite.scala	207
opaque-time-pixels	../sge/sge/src/test/scalajvm/sge/graphics/PixmapIOPngRedSuite.scala	208
opaque-time-pixels	../sge/sge/src/test/scalajvm/sge/graphics/PixmapIOPngRedSuite.scala	208
opaque-time-pixels	../sge/sge/src/test/scalajvm/sge/graphics/PixmapIOPngRedSuite.scala	209
opaque-time-pixels	../sge/sge/src/test/scalajvm/sge/graphics/PixmapIOPngRedSuite.scala	209
opaque-time-pixels	../sge/sge/src/test/scalajvm/sge/graphics/PixmapIOPngRedSuite.scala	210
opaque-time-pixels	../sge/sge/src/test/scalajvm/sge/graphics/PixmapIOPngRedSuite.scala	210
opaque-time-pixels	../sge/sge/src/test/scalajvm/sge/graphics/PixmapIOPngRedSuite.scala	211
opaque-time-pixels	../sge/sge/src/test/scalajvm/sge/graphics/PixmapIOPngRedSuite.scala	211
member-shape	../sge/sge/src/test/scalajvm/sge/graphics/g2d/AlignApiBoundaryIss770RedSuite.scala	57
member-shape	../sge/sge/src/test/scalajvm/sge/graphics/g2d/BitmapFontCacheDefaultAlignRedSuite.scala	62
member-shape	../sge/sge/src/test/scalajvm/sge/graphics/g2d/BitmapFontCacheRedSuite.scala	51
member-shape	../sge/sge/src/test/scalajvm/sge/graphics/g2d/BitmapFontCacheRedSuite.scala	59
member-shape	../sge/sge/src/test/scalajvm/sge/graphics/g2d/BitmapFontCacheRedSuite.scala	102
filetype	../sge/sge/src/test/scalajvm/sge/graphics/g2d/BitmapFontPagesIss732Suite.scala	43
filetype	../sge/sge/src/test/scalajvm/sge/graphics/g2d/BitmapFontPagesIss732Suite.scala	50
filetype	../sge/sge/src/test/scalajvm/sge/graphics/g2d/BitmapFontPagesIss732Suite.scala	60
filetype	../sge/sge/src/test/scalajvm/sge/graphics/g2d/BitmapFontPagesIss732Suite.scala	83
filetype	../sge/sge/src/test/scalajvm/sge/graphics/g2d/BitmapFontPagesIss732Suite.scala	83
nullable	../sge/sge/src/test/scalajvm/sge/graphics/g2d/BitmapFontPagesIss732Suite.scala	109
filetype	../sge/sge/src/test/scalajvm/sge/graphics/g2d/BitmapFontPagesIss732Suite.scala	150
filetype	../sge/sge/src/test/scalajvm/sge/graphics/g2d/BitmapFontRegionsAndGlyphMetricIss734RedSuite.scala	85
member-shape	../sge/sge/src/test/scalajvm/sge/graphics/g2d/BitmapFontRegionsAndGlyphMetricIss734RedSuite.scala	103
opaque-time-pixels	../sge/sge/src/test/scalajvm/sge/graphics/g2d/BitmapFontRegionsAndGlyphMetricIss734RedSuite.scala	134
opaque-time-pixels	../sge/sge/src/test/scalajvm/sge/graphics/g2d/BitmapFontRegionsAndGlyphMetricIss734RedSuite.scala	134
opaque-time-pixels	../sge/sge/src/test/scalajvm/sge/graphics/g2d/BitmapFontRegionsAndGlyphMetricIss734RedSuite.scala	134
member-shape	../sge/sge/src/test/scalajvm/sge/graphics/g2d/BitmapFontRegionsAndGlyphMetricIss734RedSuite.scala	148
opaque-time-pixels	../sge/sge/src/test/scalajvm/sge/graphics/g2d/Gdx2dBlitRedSuite.scala	75
opaque-time-pixels	../sge/sge/src/test/scalajvm/sge/graphics/g2d/Gdx2dBlitRedSuite.scala	75
opaque-time-pixels	../sge/sge/src/test/scalajvm/sge/graphics/g2d/Gdx2dBlitRedSuite.scala	76
opaque-time-pixels	../sge/sge/src/test/scalajvm/sge/graphics/g2d/Gdx2dBlitRedSuite.scala	76
opaque-time-pixels	../sge/sge/src/test/scalajvm/sge/graphics/g2d/Gdx2dBlitRedSuite.scala	84
opaque-time-pixels	../sge/sge/src/test/scalajvm/sge/graphics/g2d/Gdx2dBlitRedSuite.scala	84
opaque-time-pixels	../sge/sge/src/test/scalajvm/sge/graphics/g2d/Gdx2dBlitRedSuite.scala	84
opaque-time-pixels	../sge/sge/src/test/scalajvm/sge/graphics/g2d/Gdx2dBlitRedSuite.scala	84
opaque-time-pixels	../sge/sge/src/test/scalajvm/sge/graphics/g2d/Gdx2dBlitRedSuite.scala	84
opaque-time-pixels	../sge/sge/src/test/scalajvm/sge/graphics/g2d/Gdx2dBlitRedSuite.scala	84
opaque-time-pixels	../sge/sge/src/test/scalajvm/sge/graphics/g2d/Gdx2dBlitRedSuite.scala	84
opaque-time-pixels	../sge/sge/src/test/scalajvm/sge/graphics/g2d/Gdx2dBlitRedSuite.scala	84
opaque-time-pixels	../sge/sge/src/test/scalajvm/sge/graphics/g2d/Gdx2dBlitRedSuite.scala	96
opaque-time-pixels	../sge/sge/src/test/scalajvm/sge/graphics/g2d/Gdx2dBlitRedSuite.scala	96
opaque-time-pixels	../sge/sge/src/test/scalajvm/sge/graphics/g2d/Gdx2dBlitRedSuite.scala	111
opaque-time-pixels	../sge/sge/src/test/scalajvm/sge/graphics/g2d/Gdx2dBlitRedSuite.scala	111
opaque-time-pixels	../sge/sge/src/test/scalajvm/sge/graphics/g2d/Gdx2dBlitRedSuite.scala	125
opaque-time-pixels	../sge/sge/src/test/scalajvm/sge/graphics/g2d/Gdx2dBlitRedSuite.scala	125
opaque-time-pixels	../sge/sge/src/test/scalajvm/sge/graphics/g2d/Gdx2dBlitRedSuite.scala	149
opaque-time-pixels	../sge/sge/src/test/scalajvm/sge/graphics/g2d/Gdx2dBlitRedSuite.scala	149
member-shape	../sge/sge/src/test/scalajvm/sge/graphics/g2d/GlyphLayoutAlignRedSuite.scala	63
member-shape	../sge/sge/src/test/scalajvm/sge/graphics/g2d/GlyphLayoutAlignRedSuite.scala	71
other	../sge/sge/src/test/scalajvm/sge/graphics/g2d/GlyphLayoutAlignRedSuite.scala	84
member-shape	../sge/sge/src/test/scalajvm/sge/graphics/g2d/GlyphLayoutConcurrentSetTextRedSuite.scala	71
member-shape	../sge/sge/src/test/scalajvm/sge/graphics/g2d/GlyphLayoutConcurrentSetTextRedSuite.scala	89
member-shape	../sge/sge/src/test/scalajvm/sge/graphics/g2d/GlyphLayoutConcurrentSetTextRedSuite.scala	178
member-shape	../sge/sge/src/test/scalajvm/sge/graphics/g2d/GlyphLayoutRedSuite.scala	46
member-shape	../sge/sge/src/test/scalajvm/sge/graphics/g2d/GlyphLayoutRedSuite.scala	53
member-shape	../sge/sge/src/test/scalajvm/sge/graphics/g2d/GlyphLayoutRedSuite.scala	76
member-shape	../sge/sge/src/test/scalajvm/sge/graphics/g2d/GlyphLayoutRedSuite.scala	79
nullable	../sge/sge/src/test/scalajvm/sge/graphics/g3d/ModelInstanceCopyNodesIss734RedSuite.scala	78
member-shape	../sge/sge/src/test/scalajvm/sge/graphics/g3d/decals/DecalSortRebindRedSuite.scala	181
context	../sge/sge/src/test/scalajvm/sge/graphics/g3d/loader/ObjLoaderFanRedSuite.scala	78
nullable	../sge/sge/src/test/scalajvm/sge/graphics/g3d/loader/ObjLoaderFanRedSuite.scala	90
particles	../sge/sge/src/test/scalajvm/sge/graphics/g3d/particles/ParticleEffectIoRedSuite.scala	94
particles	../sge/sge/src/test/scalajvm/sge/graphics/g3d/particles/ParticleEffectIoRedSuite.scala	122
particles	../sge/sge/src/test/scalajvm/sge/graphics/g3d/particles/ParticleEffectIoRedSuite.scala	143
particles	../sge/sge/src/test/scalajvm/sge/graphics/g3d/particles/ParticleEffectIoRedSuite.scala	144
particles	../sge/sge/src/test/scalajvm/sge/graphics/g3d/particles/ParticleEffectIoRedSuite.scala	178
particles	../sge/sge/src/test/scalajvm/sge/graphics/g3d/particles/ParticleEffectIoRedSuite.scala	219
particles	../sge/sge/src/test/scalajvm/sge/graphics/g3d/particles/ParticleEffectIoRedSuite.scala	263
type-shape	../sge/sge/src/test/scalajvm/sge/graphics/glutils/FrameBufferISS561Suite.scala	179
member-shape	../sge/sge/src/test/scalajvm/sge/graphics/glutils/FrameBufferISS561Suite.scala	193
tiled	../sge/sge/src/test/scalajvm/sge/maps/tiled/TiledMapFileLoadingSuite.scala	41
tiled	../sge/sge/src/test/scalajvm/sge/maps/tiled/TiledMapFileLoadingSuite.scala	107
tiled	../sge/sge/src/test/scalajvm/sge/maps/tiled/TiledMapFileLoadingSuite.scala	116
tiled	../sge/sge/src/test/scalajvm/sge/maps/tiled/TiledMapFileLoadingSuite.scala	166
tiled	../sge/sge/src/test/scalajvm/sge/maps/tiled/TiledMapFileLoadingSuite.scala	167
tiled	../sge/sge/src/test/scalajvm/sge/maps/tiled/TiledMapFileLoadingSuite.scala	168
tiled	../sge/sge/src/test/scalajvm/sge/maps/tiled/TiledMapFileLoadingSuite.scala	169
tiled	../sge/sge/src/test/scalajvm/sge/maps/tiled/TiledMapFileLoadingSuite.scala	170
tiled	../sge/sge/src/test/scalajvm/sge/maps/tiled/TiledMapFileLoadingSuite.scala	181
tiled	../sge/sge/src/test/scalajvm/sge/maps/tiled/TiledMapFileLoadingSuite.scala	184
tiled	../sge/sge/src/test/scalajvm/sge/maps/tiled/TiledMapFileLoadingSuite.scala	228
tiled	../sge/sge/src/test/scalajvm/sge/maps/tiled/TiledMapFileLoadingSuite.scala	229
tiled	../sge/sge/src/test/scalajvm/sge/maps/tiled/TiledMapFileLoadingSuite.scala	230
tiled	../sge/sge/src/test/scalajvm/sge/maps/tiled/TiledMapFileLoadingSuite.scala	231
tiled	../sge/sge/src/test/scalajvm/sge/maps/tiled/TiledMapFileLoadingSuite.scala	232
tiled	../sge/sge/src/test/scalajvm/sge/maps/tiled/TiledMapFileLoadingSuite.scala	243
tiled	../sge/sge/src/test/scalajvm/sge/maps/tiled/TiledMapFileLoadingSuite.scala	246
member-shape	../sge/sge/src/test/scalajvm/sge/math/collision/BoundingBoxIntersectsIss734RedSuite.scala	48
member-shape	../sge/sge/src/test/scalajvm/sge/math/collision/BoundingBoxIntersectsIss734RedSuite.scala	57
net	../sge/sge/src/test/scalajvm/sge/net/HttpBinaryBodyRedSuite.scala	53
net	../sge/sge/src/test/scalajvm/sge/net/HttpBinaryBodyRedSuite.scala	81
net	../sge/sge/src/test/scalajvm/sge/net/HttpBinaryBodyRedSuite.scala	90
net	../sge/sge/src/test/scalajvm/sge/net/HttpBinaryBodyRedSuite.scala	90
net	../sge/sge/src/test/scalajvm/sge/net/NetJavaSocketTest.scala	22
net	../sge/sge/src/test/scalajvm/sge/net/NetJavaSocketTest.scala	31
net	../sge/sge/src/test/scalajvm/sge/net/NetJavaSocketTest.scala	92
net	../sge/sge/src/test/scalajvm/sge/net/SgeHttpClientDoubleFreeRedSuite.scala	25
net	../sge/sge/src/test/scalajvm/sge/net/SgeHttpClientDoubleFreeRedSuite.scala	25
net	../sge/sge/src/test/scalajvm/sge/net/SgeHttpClientDoubleFreeRedSuite.scala	26
net	../sge/sge/src/test/scalajvm/sge/net/SgeHttpClientDoubleFreeRedSuite.scala	26
net	../sge/sge/src/test/scalajvm/sge/net/SgeHttpClientDoubleFreeRedSuite.scala	27
net	../sge/sge/src/test/scalajvm/sge/net/SgeHttpClientDoubleFreeRedSuite.scala	27
net	../sge/sge/src/test/scalajvm/sge/net/SgeHttpClientDoubleFreeRedSuite.scala	28
net	../sge/sge/src/test/scalajvm/sge/net/SgeHttpClientDoubleFreeRedSuite.scala	32
net	../sge/sge/src/test/scalajvm/sge/net/SgeHttpClientDoubleFreeRedSuite.scala	33
net	../sge/sge/src/test/scalajvm/sge/net/SgeHttpClientDoubleFreeRedSuite.scala	33
net	../sge/sge/src/test/scalajvm/sge/net/SgeHttpClientDoubleFreeRedSuite.scala	35
net	../sge/sge/src/test/scalajvm/sge/net/SgeHttpClientDoubleFreeRedSuite.scala	35
net	../sge/sge/src/test/scalajvm/sge/net/SgeHttpClientDoubleFreeRedSuite.scala	36
net	../sge/sge/src/test/scalajvm/sge/net/SgeHttpClientDoubleFreeRedSuite.scala	60
net	../sge/sge/src/test/scalajvm/sge/net/SgeHttpClientDoubleFreeRedSuite.scala	60
net	../sge/sge/src/test/scalajvm/sge/net/SgeHttpClientDoubleFreeRedSuite.scala	83
net	../sge/sge/src/test/scalajvm/sge/net/SgeHttpClientDoubleFreeRedSuite.scala	83
net	../sge/sge/src/test/scalajvm/sge/net/SgeHttpClientDoubleFreeRedSuite.scala	85
net	../sge/sge/src/test/scalajvm/sge/net/SgeHttpClientDoubleFreeRedSuite.scala	165
net	../sge/sge/src/test/scalajvm/sge/net/SgeHttpClientTest.scala	15
net	../sge/sge/src/test/scalajvm/sge/net/SgeHttpClientTest.scala	15
net	../sge/sge/src/test/scalajvm/sge/net/SgeHttpClientTest.scala	16
net	../sge/sge/src/test/scalajvm/sge/net/SgeHttpClientTest.scala	16
net	../sge/sge/src/test/scalajvm/sge/net/SgeHttpClientTest.scala	17
net	../sge/sge/src/test/scalajvm/sge/net/SgeHttpClientTest.scala	17
net	../sge/sge/src/test/scalajvm/sge/net/SgeHttpClientTest.scala	18
net	../sge/sge/src/test/scalajvm/sge/net/SgeHttpClientTest.scala	22
net	../sge/sge/src/test/scalajvm/sge/net/SgeHttpClientTest.scala	23
net	../sge/sge/src/test/scalajvm/sge/net/SgeHttpClientTest.scala	24
net	../sge/sge/src/test/scalajvm/sge/net/SgeHttpClientTest.scala	27
net	../sge/sge/src/test/scalajvm/sge/net/SgeHttpClientTest.scala	27
net	../sge/sge/src/test/scalajvm/sge/net/SgeHttpClientTest.scala	29
net	../sge/sge/src/test/scalajvm/sge/net/SgeHttpClientTest.scala	38
net	../sge/sge/src/test/scalajvm/sge/net/SgeHttpClientTest.scala	38
net	../sge/sge/src/test/scalajvm/sge/net/SgeHttpClientTest.scala	42
net	../sge/sge/src/test/scalajvm/sge/net/SgeHttpClientTest.scala	44
net	../sge/sge/src/test/scalajvm/sge/net/SgeHttpClientTest.scala	51
net	../sge/sge/src/test/scalajvm/sge/net/SgeHttpClientTest.scala	82
net	../sge/sge/src/test/scalajvm/sge/net/SgeHttpClientTest.scala	107
net	../sge/sge/src/test/scalajvm/sge/net/SgeHttpClientTest.scala	120
net	../sge/sge/src/test/scalajvm/sge/net/SgeHttpClientTest.scala	131
net	../sge/sge/src/test/scalajvm/sge/net/SgeHttpClientTest.scala	151
android	../sge/sge/src/test/scalajvm/sge/platform/AndroidMouseHandlerTest.scala	9
android	../sge/sge/src/test/scalajvm/sge/platform/AndroidMouseHandlerTest.scala	47
android	../sge/sge/src/test/scalajvm/sge/platform/AndroidMouseHandlerTest.scala	48
android	../sge/sge/src/test/scalajvm/sge/platform/AndroidMouseHandlerTest.scala	49
android	../sge/sge/src/test/scalajvm/sge/platform/AndroidMouseHandlerTest.scala	50
android	../sge/sge/src/test/scalajvm/sge/platform/AndroidMouseHandlerTest.scala	51
android	../sge/sge/src/test/scalajvm/sge/platform/AndroidMouseHandlerTest.scala	52
android	../sge/sge/src/test/scalajvm/sge/platform/AndroidMouseHandlerTest.scala	53
android	../sge/sge/src/test/scalajvm/sge/platform/AndroidMouseHandlerTest.scala	54
android	../sge/sge/src/test/scalajvm/sge/platform/AndroidMouseHandlerTest.scala	55
android	../sge/sge/src/test/scalajvm/sge/platform/AndroidMouseHandlerTest.scala	87
android	../sge/sge/src/test/scalajvm/sge/platform/AndroidMouseHandlerTest.scala	110
android	../sge/sge/src/test/scalajvm/sge/platform/AndroidMouseHandlerTest.scala	148
android	../sge/sge/src/test/scalajvm/sge/platform/AndroidTouchHandlerTest.scala	9
android	../sge/sge/src/test/scalajvm/sge/platform/AndroidTouchHandlerTest.scala	51
android	../sge/sge/src/test/scalajvm/sge/platform/AndroidTouchHandlerTest.scala	52
android	../sge/sge/src/test/scalajvm/sge/platform/AndroidTouchHandlerTest.scala	53
android	../sge/sge/src/test/scalajvm/sge/platform/AndroidTouchHandlerTest.scala	54
android	../sge/sge/src/test/scalajvm/sge/platform/AndroidTouchHandlerTest.scala	55
android	../sge/sge/src/test/scalajvm/sge/platform/AndroidTouchHandlerTest.scala	56
android	../sge/sge/src/test/scalajvm/sge/platform/AndroidTouchHandlerTest.scala	57
android	../sge/sge/src/test/scalajvm/sge/platform/AndroidTouchHandlerTest.scala	58
android	../sge/sge/src/test/scalajvm/sge/platform/AndroidTouchHandlerTest.scala	59
android	../sge/sge/src/test/scalajvm/sge/platform/AndroidTouchHandlerTest.scala	112
android	../sge/sge/src/test/scalajvm/sge/platform/DefaultAndroidInputStateTest.scala	14
android	../sge/sge/src/test/scalajvm/sge/platform/DefaultAndroidInputStateTest.scala	16
android	../sge/sge/src/test/scalajvm/sge/platform/DefaultAndroidInputStateTest.scala	18
android	../sge/sge/src/test/scalajvm/sge/platform/DefaultAndroidInputStateTest.scala	19
android	../sge/sge/src/test/scalajvm/sge/platform/DefaultAndroidInputStateTest.scala	20
android	../sge/sge/src/test/scalajvm/sge/platform/DefaultAndroidInputStateTest.scala	21
android	../sge/sge/src/test/scalajvm/sge/platform/DefaultAndroidInputStateTest.scala	27
android	../sge/sge/src/test/scalajvm/sge/platform/DefaultAndroidInputStateTest.scala	36
android	../sge/sge/src/test/scalajvm/sge/platform/DefaultAndroidInputStateTest.scala	37
android	../sge/sge/src/test/scalajvm/sge/platform/DefaultAndroidInputStateTest.scala	38
android	../sge/sge/src/test/scalajvm/sge/platform/DefaultAndroidInputStateTest.scala	39
android	../sge/sge/src/test/scalajvm/sge/platform/DefaultAndroidInputStateTest.scala	40
android	../sge/sge/src/test/scalajvm/sge/platform/DefaultAndroidInputStateTest.scala	41
android	../sge/sge/src/test/scalajvm/sge/platform/DefaultAndroidInputStateTest.scala	42
android	../sge/sge/src/test/scalajvm/sge/platform/DefaultAndroidInputStateTest.scala	46
android	../sge/sge/src/test/scalajvm/sge/platform/DefaultAndroidInputStateTest.scala	47
android	../sge/sge/src/test/scalajvm/sge/platform/DefaultAndroidInputStateTest.scala	48
android	../sge/sge/src/test/scalajvm/sge/platform/DefaultAndroidInputStateTest.scala	49
android	../sge/sge/src/test/scalajvm/sge/platform/DefaultAndroidInputStateTest.scala	50
android	../sge/sge/src/test/scalajvm/sge/platform/DefaultAndroidInputStateTest.scala	52
android	../sge/sge/src/test/scalajvm/sge/platform/DefaultAndroidInputStateTest.scala	56
android	../sge/sge/src/test/scalajvm/sge/platform/DefaultAndroidInputStateTest.scala	65
android	../sge/sge/src/test/scalajvm/sge/platform/DefaultAndroidInputStateTest.scala	76
android	../sge/sge/src/test/scalajvm/sge/platform/DefaultAndroidInputStateTest.scala	78
android	../sge/sge/src/test/scalajvm/sge/platform/DefaultAndroidInputStateTest.scala	79
android	../sge/sge/src/test/scalajvm/sge/platform/DefaultAndroidInputStateTest.scala	83
android	../sge/sge/src/test/scalajvm/sge/platform/DefaultAndroidInputStateTest.scala	94
android	../sge/sge/src/test/scalajvm/sge/platform/DefaultAndroidInputStateTest.scala	95
android	../sge/sge/src/test/scalajvm/sge/platform/DefaultAndroidInputStateTest.scala	98
android	../sge/sge/src/test/scalajvm/sge/platform/DefaultAndroidInputStateTest.scala	99
android	../sge/sge/src/test/scalajvm/sge/platform/DefaultAndroidInputStateTest.scala	103
android	../sge/sge/src/test/scalajvm/sge/platform/DefaultAndroidInputStateTest.scala	105
android	../sge/sge/src/test/scalajvm/sge/platform/DefaultAndroidInputStateTest.scala	109
android	../sge/sge/src/test/scalajvm/sge/platform/DefaultAndroidInputStateTest.scala	115
android	../sge/sge/src/test/scalajvm/sge/platform/DefaultAndroidInputStateTest.scala	123
android	../sge/sge/src/test/scalajvm/sge/platform/DefaultAndroidInputStateTest.scala	129
android	../sge/sge/src/test/scalajvm/sge/platform/DefaultAndroidInputStateTest.scala	147
android	../sge/sge/src/test/scalajvm/sge/platform/DefaultAndroidInputStateTest.scala	162
android	../sge/sge/src/test/scalajvm/sge/platform/DefaultAndroidInputStateTest.scala	174
android	../sge/sge/src/test/scalajvm/sge/platform/DefaultAndroidInputStateTest.scala	175
android	../sge/sge/src/test/scalajvm/sge/platform/DefaultAndroidInputStateTest.scala	176
android	../sge/sge/src/test/scalajvm/sge/platform/DefaultAndroidInputStateTest.scala	177
android	../sge/sge/src/test/scalajvm/sge/platform/DefaultAndroidInputStateTest.scala	178
android	../sge/sge/src/test/scalajvm/sge/platform/DefaultAndroidInputStateTest.scala	179
android	../sge/sge/src/test/scalajvm/sge/platform/DefaultAndroidInputStateTest.scala	185
member-shape	../sge/sge/src/test/scalajvm/sge/scenes/scene2d/StageDrawDebugIss704Suite.scala	134
member-shape	../sge/sge/src/test/scalajvm/sge/scenes/scene2d/StageDrawDebugIss704Suite.scala	138
member-shape	../sge/sge/src/test/scalajvm/sge/scenes/scene2d/StageDrawDebugIss704Suite.scala	147
member-shape	../sge/sge/src/test/scalajvm/sge/scenes/scene2d/StageDrawDebugIss704Suite.scala	162
member-shape	../sge/sge/src/test/scalajvm/sge/scenes/scene2d/StageDrawDebugIss704Suite.scala	169
member-shape	../sge/sge/src/test/scalajvm/sge/scenes/scene2d/StageDrawDebugIss704Suite.scala	191
member-shape	../sge/sge/src/test/scalajvm/sge/scenes/scene2d/StageDrawDebugIss704Suite.scala	195
member-shape	../sge/sge/src/test/scalajvm/sge/scenes/scene2d/StageDrawDebugIss704Suite.scala	210
member-shape	../sge/sge/src/test/scalajvm/sge/scenes/scene2d/ui/LabelFontScaleRedSuite.scala	38
member-shape	../sge/sge/src/test/scalajvm/sge/scenes/scene2d/ui/LabelFontScaleRedSuite.scala	66
member-shape	../sge/sge/src/test/scalajvm/sge/scenes/scene2d/ui/LabelFontScaleRedSuite.scala	104
member-shape	../sge/sge/src/test/scalajvm/sge/scenes/scene2d/ui/LabelFontScaleRedSuite.scala	126
member-shape	../sge/sge/src/test/scalajvm/sge/scenes/scene2d/ui/LabelFontScaleRedSuite.scala	129
filetype	../sge/sge/src/test/scalajvm/sge/scenes/scene2d/ui/SkinJsonStyleLoadingRedTest.scala	51
filetype	../sge/sge/src/test/scalajvm/sge/scenes/scene2d/ui/SkinJsonStyleLoadingRedTest.scala	68
filetype	../sge/sge/src/test/scalajvm/sge/scenes/scene2d/ui/SkinJsonStyleLoadingRedTest.scala	68
logging	../sge/sge/src/test/scalajvm/sge/utils/LoggerBehavioralIss741Suite.scala	40
logging	../sge/sge/src/test/scalajvm/sge/utils/LoggerBehavioralIss741Suite.scala	41
logging	../sge/sge/src/test/scalajvm/sge/utils/LoggerBehavioralIss741Suite.scala	42
logging	../sge/sge/src/test/scalajvm/sge/utils/LoggerBehavioralIss741Suite.scala	43
logging	../sge/sge/src/test/scalajvm/sge/utils/LoggerBehavioralIss741Suite.scala	43
logging	../sge/sge/src/test/scalajvm/sge/utils/LoggerBehavioralIss741Suite.scala	43
logging	../sge/sge/src/test/scalajvm/sge/utils/LoggerBehavioralIss741Suite.scala	48
context	../sge/sge/src/test/scalajvm/sge/utils/LoggerBehavioralIss741Suite.scala	50
logging	../sge/sge/src/test/scalajvm/sge/utils/LoggerBehavioralIss741Suite.scala	54
logging	../sge/sge/src/test/scalajvm/sge/utils/LoggerBehavioralIss741Suite.scala	88
opaque-key-button	../sge/sge/src/test/scalajvm/sge/utils/MkArrayOpaqueTest.scala	11
opaque-key-button	../sge/sge/src/test/scalajvm/sge/utils/MkArrayOpaqueTest.scala	11
member-shape	../sge/sge/src/test/scalajvm/sge/utils/MkArrayOpaqueTest.scala	12
member-shape	../sge/sge/src/test/scalajvm/sge/utils/MkArrayOpaqueTest.scala	16
member-shape	../sge/sge/src/test/scalajvm/sge/utils/MkArrayOpaqueTest.scala	24
member-shape	../sge/sge/src/test/scalajvm/sge/utils/MkArrayOpaqueTest.scala	27
member-shape	../sge/sge/src/test/scalajvm/sge/utils/MkArrayOpaqueTest.scala	28
member-shape	../sge/sge/src/test/scalajvm/sge/utils/MkArrayOpaqueTest.scala	29
member-shape	../sge/sge/src/test/scalajvm/sge/utils/MkArrayOpaqueTest.scala	32
member-shape	../sge/sge/src/test/scalajvm/sge/utils/MkArrayOpaqueTest.scala	35
member-shape	../sge/sge/src/test/scalajvm/sge/utils/MkArrayOpaqueTest.scala	35
member-shape	../sge/sge/src/test/scalajvm/sge/utils/MkArrayOpaqueTest.scala	35
opaque-key-button	../sge/sge/src/test/scalajvm/sge/utils/MkArrayOpaqueTest.scala	53
opaque-key-button	../sge/sge/src/test/scalajvm/sge/utils/MkArrayOpaqueTest.scala	54
member-shape	../sge/sge/src/test/scalajvm/sge/utils/MkArrayOpaqueTest.scala	56
member-shape	../sge/sge/src/test/scalajvm/sge/utils/MkArrayOpaqueTest.scala	58
member-shape	../sge/sge/src/test/scalajvm/sge/utils/MkArrayOpaqueTest.scala	59
member-shape	../sge/sge/src/test/scalajvm/sge/utils/MkArrayOpaqueTest.scala	60
member-shape	../sge/sge/src/test/scalajvm/sge/utils/MkArrayOpaqueTest.scala	61
member-shape	../sge/sge/src/test/scalajvm/sge/utils/MkArrayOpaqueTest.scala	62
member-shape	../sge/sge/src/test/scalajvm/sge/utils/MkArrayOpaqueTest.scala	63
member-shape	../sge/sge/src/test/scalajvm/sge/utils/MkArrayOpaqueTest.scala	81
member-shape	../sge/sge/src/test/scalajvm/sge/utils/MkArrayOpaqueTest.scala	82
member-shape	../sge/sge/src/test/scalajvm/sge/utils/MkArrayOpaqueTest.scala	83
member-shape	../sge/sge/src/test/scalajvm/sge/utils/MkArrayOpaqueTest.scala	87
opaque-key-button	../sge/sge/src/test/scalajvm/sge/utils/MkArrayOpaqueTest.scala	98
type-shape	../sge/sge/src/test/scalajvm/sge/utils/PoolManagerConcurrencyIss803Suite.scala	42
other	../sge/sge/src/test/scalajvm/sge/utils/PoolManagerConcurrencyIss803Suite.scala	42
type-shape	../sge/sge/src/test/scalajvm/sge/utils/PoolManagerConcurrencyIss803Suite.scala	43
other	../sge/sge/src/test/scalajvm/sge/utils/PoolManagerConcurrencyIss803Suite.scala	43
type-shape	../sge/sge/src/test/scalajvm/sge/utils/PoolManagerConcurrencyIss803Suite.scala	44
other	../sge/sge/src/test/scalajvm/sge/utils/PoolManagerConcurrencyIss803Suite.scala	44
type-shape	../sge/sge/src/test/scalajvm/sge/utils/PoolManagerConcurrencyIss803Suite.scala	45
other	../sge/sge/src/test/scalajvm/sge/utils/PoolManagerConcurrencyIss803Suite.scala	45
type-shape	../sge/sge/src/test/scalajvm/sge/utils/PoolManagerConcurrencyIss803Suite.scala	46
other	../sge/sge/src/test/scalajvm/sge/utils/PoolManagerConcurrencyIss803Suite.scala	46
type-shape	../sge/sge/src/test/scalajvm/sge/utils/PoolManagerConcurrencyIss803Suite.scala	47
other	../sge/sge/src/test/scalajvm/sge/utils/PoolManagerConcurrencyIss803Suite.scala	47
type-shape	../sge/sge/src/test/scalajvm/sge/utils/PoolManagerConcurrencyIss803Suite.scala	48
other	../sge/sge/src/test/scalajvm/sge/utils/PoolManagerConcurrencyIss803Suite.scala	48
type-shape	../sge/sge/src/test/scalajvm/sge/utils/PoolManagerConcurrencyIss803Suite.scala	49
other	../sge/sge/src/test/scalajvm/sge/utils/PoolManagerConcurrencyIss803Suite.scala	49
type-shape	../sge/sge/src/test/scalajvm/sge/utils/PoolManagerConcurrencyIss803Suite.scala	50
other	../sge/sge/src/test/scalajvm/sge/utils/PoolManagerConcurrencyIss803Suite.scala	50
type-shape	../sge/sge/src/test/scalajvm/sge/utils/PoolManagerConcurrencyIss803Suite.scala	51
other	../sge/sge/src/test/scalajvm/sge/utils/PoolManagerConcurrencyIss803Suite.scala	51
type-shape	../sge/sge/src/test/scalajvm/sge/utils/PoolManagerConcurrencyIss803Suite.scala	52
other	../sge/sge/src/test/scalajvm/sge/utils/PoolManagerConcurrencyIss803Suite.scala	52
type-shape	../sge/sge/src/test/scalajvm/sge/utils/PoolManagerConcurrencyIss803Suite.scala	53
other	../sge/sge/src/test/scalajvm/sge/utils/PoolManagerConcurrencyIss803Suite.scala	53
type-shape	../sge/sge/src/test/scalajvm/sge/utils/PoolManagerConcurrencyIss803Suite.scala	54
other	../sge/sge/src/test/scalajvm/sge/utils/PoolManagerConcurrencyIss803Suite.scala	54
type-shape	../sge/sge/src/test/scalajvm/sge/utils/PoolManagerConcurrencyIss803Suite.scala	55
other	../sge/sge/src/test/scalajvm/sge/utils/PoolManagerConcurrencyIss803Suite.scala	55
type-shape	../sge/sge/src/test/scalajvm/sge/utils/PoolManagerConcurrencyIss803Suite.scala	56
other	../sge/sge/src/test/scalajvm/sge/utils/PoolManagerConcurrencyIss803Suite.scala	56
type-shape	../sge/sge/src/test/scalajvm/sge/utils/PoolManagerConcurrencyIss803Suite.scala	57
other	../sge/sge/src/test/scalajvm/sge/utils/PoolManagerConcurrencyIss803Suite.scala	57
type-shape	../sge/sge/src/test/scalajvm/sge/utils/PoolManagerConcurrencyIss803Suite.scala	58
other	../sge/sge/src/test/scalajvm/sge/utils/PoolManagerConcurrencyIss803Suite.scala	58
type-shape	../sge/sge/src/test/scalajvm/sge/utils/PoolManagerConcurrencyIss803Suite.scala	59
other	../sge/sge/src/test/scalajvm/sge/utils/PoolManagerConcurrencyIss803Suite.scala	59
type-shape	../sge/sge/src/test/scalajvm/sge/utils/PoolManagerConcurrencyIss803Suite.scala	60
other	../sge/sge/src/test/scalajvm/sge/utils/PoolManagerConcurrencyIss803Suite.scala	60
type-shape	../sge/sge/src/test/scalajvm/sge/utils/PoolManagerConcurrencyIss803Suite.scala	61
other	../sge/sge/src/test/scalajvm/sge/utils/PoolManagerConcurrencyIss803Suite.scala	61
member-shape	../sge/sge/src/test/scalajvm/sge/utils/TimerWakeupRedSuite.scala	134
opaque-time-pixels	../sge/sge/src/test/scalajvm/sge/utils/TimerWakeupRedSuite.scala	147
member-shape	../sge/sge/src/test/scalajvm/sge/utils/TimerWakeupRedSuite.scala	190
member-shape	../sge/sge/src/test/scalajvm/sge/utils/TimerWakeupRedSuite.scala	194
member-shape	../sge/sge/src/test/scalajvm/sge/utils/TimerWakeupRedSuite.scala	228
member-shape	../sge/sge/src/test/scalajvm/sge/utils/XmlReaderTest.scala	29
member-shape	../sge/sge/src/test/scalajvm/sge/utils/XmlReaderTest.scala	64
member-shape	../sge/sge/src/test/scalajvm/sge/utils/XmlReaderTest.scala	72
nullable	../sge/sge/src/test/scalajvm/sge/utils/XmlReaderTest.scala	86
nullable	../sge/sge/src/test/scalajvm/sge/utils/XmlReaderTest.scala	185
member-shape	../sge/sge/src/test/scalajvm/sge/utils/XmlReaderTest.scala	211
nullable	../sge/sge/src/test/scalajvm/sge/utils/XmlReaderTest.scala	217
member-shape	../sge/sge/src/test/scalajvm/sge/utils/XmlReaderTest.scala	221
nullable	../sge/sge/src/test/scalajvm/sge/utils/XmlReaderTest.scala	226
nullable	../sge/sge/src/test/scalajvm/sge/utils/XmlReaderTest.scala	227
nullable	../sge/sge/src/test/scalajvm/sge/utils/XmlReaderTest.scala	255
member-shape	../sge/sge/src/test/scalajvm/sge/utils/XmlReaderTest.scala	337
member-shape	../sge/sge/src/test/scalajvm/sge/utils/XmlReaderTest.scala	338
nullable	/Users/dev/Workspaces/kubuszok/balticporter/ported/sge-l0/src_managed/main/scala/sge/graphics/g2d/PixmapPacker.scala	397
nullable	/Users/dev/Workspaces/kubuszok/balticporter/ported/sge-l0/src_managed/main/scala/sge/graphics/g2d/PixmapPacker.scala	397
opaque-time-pixels	/Users/dev/Workspaces/kubuszok/balticporter/ported/sge-l0/src_managed/main/scala/sge/graphics/g3d/utils/AnimationController.scala	525
nullable	/Users/dev/Workspaces/kubuszok/balticporter/ported/sge-l0/src_managed/main/scala/sge/graphics/g3d/loader/G3dModelLoader.scala	60
android	../sge/sge/src/test/scalajvm/sge/SgeAndroidDriverRedSuite.scala	47
android	../sge/sge/src/test/scalajvm/sge/AndroidInputTest.scala	10
android	../sge/sge/src/test/scalajvm/sge/AndroidInputKeyQueueRedSuite.scala	22
android	../sge/sge/src/test/scalajvm/sge/AndroidGraphicsTest.scala	9
android	../sge/sge/src/test/scalajvm/sge/AndroidAudioAssetFdRedSuite.scala	35
android	../sge/sge/src/test/scalajvm/sge/AndroidAudioAdapterTest.scala	10
particles	../sge/sge/src/test/scala/sge/graphics/g3d/particles/ParticleEffectCodecsSerializationErrorIss814RedSuite.scala	30
member-shape	../sge/sge/src/test/scala/sge/GameScreenTest.scala	43
nullable	../sge/sge/src/test/scala/sge/GameScreenTest.scala	49
member-shape	../sge/sge/src/test/scala/sge/GameScreenTest.scala	50
member-shape	../sge/sge/src/test/scala/sge/GameScreenTest.scala	51
nullable	../sge/sge/src/test/scala/sge/GameScreenTest.scala	59
nullable	../sge/sge/src/test/scala/sge/GameScreenTest.scala	66
nullable	../sge/sge/src/test/scala/sge/GameScreenTest.scala	75
nullable	../sge/sge/src/test/scala/sge/GameScreenTest.scala	85
nullable	../sge/sge/src/test/scala/sge/GameScreenTest.scala	87
nullable	../sge/sge/src/test/scala/sge/GameScreenTest.scala	113
nullable	../sge/sge/src/test/scala/sge/GameScreenTest.scala	115
nullable	../sge/sge/src/test/scala/sge/GameScreenTest.scala	122
nullable	../sge/sge/src/test/scala/sge/GameScreenTest.scala	124
member-shape	../sge/sge/src/test/scala/sge/GameScreenTest.scala	126
nullable	../sge/sge/src/test/scala/sge/GameScreenTest.scala	134
nullable	../sge/sge/src/test/scala/sge/GameScreenTest.scala	150
nullable	../sge/sge/src/test/scala/sge/GameScreenTest.scala	168
nullable	../sge/sge/src/test/scala/sge/GameScreenTest.scala	184
nullable	../sge/sge/src/test/scala/sge/GameScreenTest.scala	200
nullable	../sge/sge/src/test/scala/sge/GameScreenTest.scala	219
nullable	../sge/sge/src/test/scala/sge/GameScreenTest.scala	223
nullable	../sge/sge/src/test/scala/sge/GameScreenTest.scala	228
nullable	../sge/sge/src/test/scala/sge/GameScreenTest.scala	249
opaque-key-button	../sge/sge/src/test/scala/sge/InputEventQueueIss566GateSuite.scala	48
opaque-key-button	../sge/sge/src/test/scala/sge/InputEventQueueIss566GateSuite.scala	48
opaque-key-button	../sge/sge/src/test/scala/sge/InputEventQueueIss566GateSuite.scala	59
opaque-key-button	../sge/sge/src/test/scala/sge/InputEventQueueIss566GateSuite.scala	60
opaque-key-button	../sge/sge/src/test/scala/sge/InputEventQueueIss566GateSuite.scala	62
opaque-key-button	../sge/sge/src/test/scala/sge/InputEventQueueIss566GateSuite.scala	65
opaque-key-button	../sge/sge/src/test/scala/sge/InputEventQueueIss566GateSuite.scala	94
type-shape	../sge/sge/src/test/scala/sge/InputEventQueueIss566GateSuite.scala	94
opaque-time-pixels	../sge/sge/src/test/scala/sge/InputEventQueueIss566GateSuite.scala	95
opaque-time-pixels	../sge/sge/src/test/scala/sge/InputEventQueueIss566GateSuite.scala	95
opaque-time-pixels	../sge/sge/src/test/scala/sge/InputEventQueueIss566GateSuite.scala	96
opaque-time-pixels	../sge/sge/src/test/scala/sge/InputEventQueueIss566GateSuite.scala	97
type-shape	../sge/sge/src/test/scala/sge/InputEventQueueIss566GateSuite.scala	98
opaque-time-pixels	../sge/sge/src/test/scala/sge/InputEventQueueIss566GateSuite.scala	101
opaque-time-pixels	../sge/sge/src/test/scala/sge/InputEventQueueIss566GateSuite.scala	104
opaque-time-pixels	../sge/sge/src/test/scala/sge/InputEventQueueIss566GateSuite.scala	108
opaque-key-button	../sge/sge/src/test/scala/sge/InputEventQueueIss566GateSuite.scala	110
type-shape	../sge/sge/src/test/scala/sge/InputEventQueueIss566GateSuite.scala	110
opaque-time-pixels	../sge/sge/src/test/scala/sge/InputEventQueueIss566GateSuite.scala	111
opaque-time-pixels	../sge/sge/src/test/scala/sge/InputEventQueueIss566GateSuite.scala	111
type-shape	../sge/sge/src/test/scala/sge/InputEventQueueIss566GateSuite.scala	162
opaque-time-pixels	../sge/sge/src/test/scala/sge/InputEventQueueIss566GateSuite.scala	175
opaque-time-pixels	../sge/sge/src/test/scala/sge/InputEventQueueIss566GateSuite.scala	176
opaque-time-pixels	../sge/sge/src/test/scala/sge/InputEventQueueIss566GateSuite.scala	177
opaque-time-pixels	../sge/sge/src/test/scala/sge/InputEventQueueIss566GateSuite.scala	178
opaque-time-pixels	../sge/sge/src/test/scala/sge/InputEventQueueIss566GateSuite.scala	190
opaque-time-pixels	../sge/sge/src/test/scala/sge/InputEventQueueIss566GateSuite.scala	191
opaque-time-pixels	../sge/sge/src/test/scala/sge/InputEventQueueIss566GateSuite.scala	192
filetype	../sge/sge/src/test/scala/sge/SgeTestFixture.scala	47
net	../sge/sge/src/test/scala/sge/SgeTestFixture.scala	61
net	../sge/sge/src/test/scala/sge/SgeTestFixture.scala	61
member-shape	../sge/sge/src/test/scala/sge/audio/AudioUtilsTest.scala	17
member-shape	../sge/sge/src/test/scala/sge/audio/AudioUtilsTest.scala	25
member-shape	../sge/sge/src/test/scala/sge/audio/AudioUtilsTest.scala	33
member-shape	../sge/sge/src/test/scala/sge/audio/AudioUtilsTest.scala	41
member-shape	../sge/sge/src/test/scala/sge/audio/AudioUtilsTest.scala	57
member-shape	../sge/sge/src/test/scala/sge/graphics/g2d/AnimationTest.scala	24
member-shape	../sge/sge/src/test/scala/sge/graphics/g2d/AnimationTest.scala	28
member-shape	../sge/sge/src/test/scala/sge/graphics/g2d/AnimationTest.scala	32
member-shape	../sge/sge/src/test/scala/sge/graphics/g2d/AnimationTest.scala	36
member-shape	../sge/sge/src/test/scala/sge/graphics/g2d/AnimationTest.scala	40
member-shape	../sge/sge/src/test/scala/sge/graphics/g2d/AnimationTest.scala	44
member-shape	../sge/sge/src/test/scala/sge/graphics/g2d/AnimationTest.scala	48
member-shape	../sge/sge/src/test/scala/sge/graphics/g2d/AnimationTest.scala	52
member-shape	../sge/sge/src/test/scala/sge/graphics/g2d/AnimationTest.scala	56
member-shape	../sge/sge/src/test/scala/sge/graphics/g2d/AnimationTest.scala	60
type-shape	../sge/sge/src/test/scala/sge/graphics/g2d/AnimationTest.scala	66
assertion-mismatch	../sge/sge/src/test/scala/sge/graphics/g2d/AnimationTest.scala	68
member-shape	../sge/sge/src/test/scala/sge/graphics/g2d/AnimationTest.scala	93
particles	../sge/sge/src/test/scala/sge/graphics/g2d/ParticleEmitterValueTest.scala	17
particles	../sge/sge/src/test/scala/sge/graphics/g2d/ParticleEmitterValueTest.scala	23
particles	../sge/sge/src/test/scala/sge/graphics/g2d/ParticleEmitterValueTest.scala	29
particles	../sge/sge/src/test/scala/sge/graphics/g2d/ParticleEmitterValueTest.scala	36
particles	../sge/sge/src/test/scala/sge/graphics/g2d/ParticleEmitterValueTest.scala	274
particles	../sge/sge/src/test/scala/sge/graphics/g2d/ParticleEmitterValueTest.scala	281
particles	../sge/sge/src/test/scala/sge/graphics/g2d/ParticleEmitterValueTest.scala	286
particles	../sge/sge/src/test/scala/sge/graphics/g2d/ParticleEmitterValueTest.scala	291
member-shape	../sge/sge/src/test/scala/sge/graphics/g2d/TextureAtlasDataTest.scala	20
member-shape	../sge/sge/src/test/scala/sge/graphics/g2d/TextureAtlasDataTest.scala	27
member-shape	../sge/sge/src/test/scala/sge/graphics/g2d/TextureAtlasDataTest.scala	36
member-shape	../sge/sge/src/test/scala/sge/graphics/g2d/TextureAtlasDataTest.scala	57
member-shape	../sge/sge/src/test/scala/sge/graphics/g2d/TextureAtlasDataTest.scala	78
filetype	../sge/sge/src/test/scala/sge/graphics/g3d/loader/ObjLoaderResolverIss847RedSuite.scala	57
filetype	../sge/sge/src/test/scala/sge/graphics/g3d/loader/ObjLoaderResolverIss847RedSuite.scala	66
filetype	../sge/sge/src/test/scala/sge/graphics/g3d/loader/ObjLoaderResolverIss847RedSuite.scala	66
nullable	../sge/sge/src/test/scala/sge/graphics/g3d/loader/ObjLoaderResolverIss847RedSuite.scala	112
particles	../sge/sge/src/test/scala/sge/graphics/g3d/particles/ParticleEffectCodecsSerializationErrorIss814RedSuite.scala	51
particles	../sge/sge/src/test/scala/sge/graphics/g3d/particles/ParticleEffectCodecsSerializationErrorIss814RedSuite.scala	59
particles	../sge/sge/src/test/scala/sge/graphics/g3d/particles/ParticleShaderScreenWidthRedSuite.scala	40
particles	../sge/sge/src/test/scala/sge/graphics/g3d/particles/ParticleShaderScreenWidthRedSuite.scala	67
particles	../sge/sge/src/test/scala/sge/graphics/g3d/particles/SaveDataCodecSuite.scala	72
particles	../sge/sge/src/test/scala/sge/graphics/g3d/particles/SaveDataCodecSuite.scala	73
particles	../sge/sge/src/test/scala/sge/graphics/g3d/particles/SaveDataCodecSuite.scala	100
particles	../sge/sge/src/test/scala/sge/graphics/g3d/particles/SaveDataCodecSuite.scala	108
particles	../sge/sge/src/test/scala/sge/graphics/g3d/particles/SaveDataCodecSuite.scala	115
particles	../sge/sge/src/test/scala/sge/graphics/g3d/particles/SaveDataCodecSuite.scala	122
particles	../sge/sge/src/test/scala/sge/graphics/g3d/particles/SaveDataCodecSuite.scala	123
particles	../sge/sge/src/test/scala/sge/graphics/g3d/particles/SaveDataCodecSuite.scala	128
particles	../sge/sge/src/test/scala/sge/graphics/g3d/particles/SaveDataCodecSuite.scala	129
particles	../sge/sge/src/test/scala/sge/graphics/g3d/particles/SaveDataCodecSuite.scala	133
particles	../sge/sge/src/test/scala/sge/graphics/g3d/particles/SaveDataCodecSuite.scala	137
particles	../sge/sge/src/test/scala/sge/graphics/g3d/particles/SaveDataCodecSuite.scala	141
particles	../sge/sge/src/test/scala/sge/graphics/g3d/particles/SaveDataCodecSuite.scala	147
particles	../sge/sge/src/test/scala/sge/graphics/g3d/particles/SaveDataCodecSuite.scala	153
particles	../sge/sge/src/test/scala/sge/graphics/g3d/particles/SaveDataCodecSuite.scala	161
particles	../sge/sge/src/test/scala/sge/graphics/g3d/particles/SaveDataCodecSuite.scala	165
particles	../sge/sge/src/test/scala/sge/graphics/g3d/particles/SaveDataCodecSuite.scala	174
particles	../sge/sge/src/test/scala/sge/graphics/g3d/particles/SaveDataCodecSuite.scala	179
particles	../sge/sge/src/test/scala/sge/graphics/g3d/particles/SaveDataCodecSuite.scala	183
particles	../sge/sge/src/test/scala/sge/graphics/g3d/particles/SaveDataCodecSuite.scala	193
particles	../sge/sge/src/test/scala/sge/graphics/g3d/particles/SaveDataCodecSuite.scala	206
particles	../sge/sge/src/test/scala/sge/graphics/g3d/particles/SaveDataCodecSuite.scala	213
particles	../sge/sge/src/test/scala/sge/graphics/g3d/particles/SaveDataCodecSuite.scala	217
particles	../sge/sge/src/test/scala/sge/graphics/g3d/particles/SaveDataCodecSuite.scala	221
particles	../sge/sge/src/test/scala/sge/graphics/g3d/particles/SaveDataCodecSuite.scala	225
arity	../sge/sge/src/test/scala/sge/graphics/glutils/GLFrameBufferIss572Suite.scala	54
type-shape	../sge/sge/src/test/scala/sge/graphics/glutils/VertexArrayIss561Suite.scala	21
nullable	../sge/sge/src/test/scala/sge/graphics/glutils/VertexBufferObjectIss561Suite.scala	84
context	../sge/sge/src/test/scala/sge/graphics/glutils/VertexBufferObjectIss561Suite.scala	98
context	../sge/sge/src/test/scala/sge/graphics/glutils/VertexBufferObjectIss561Suite.scala	118
context	../sge/sge/src/test/scala/sge/graphics/glutils/VertexBufferObjectIss561Suite.scala	156
context	../sge/sge/src/test/scala/sge/graphics/glutils/VertexBufferObjectIss561Suite.scala	183
context	../sge/sge/src/test/scala/sge/graphics/glutils/VertexBufferObjectIss561Suite.scala	212
context	../sge/sge/src/test/scala/sge/graphics/glutils/VertexBufferObjectIss561Suite.scala	229
context	../sge/sge/src/test/scala/sge/graphics/glutils/VertexBufferObjectIss561Suite.scala	259
context	../sge/sge/src/test/scala/sge/graphics/profiling/GLProfilerBehaviorIss725Suite.scala	45
context	../sge/sge/src/test/scala/sge/graphics/profiling/GLProfilerBehaviorIss725Suite.scala	51
context	../sge/sge/src/test/scala/sge/graphics/profiling/GLProfilerBehaviorIss725Suite.scala	69
context	../sge/sge/src/test/scala/sge/graphics/profiling/GLProfilerBehaviorIss725Suite.scala	83
context	../sge/sge/src/test/scala/sge/graphics/profiling/GLProfilerBehaviorIss725Suite.scala	99
context	../sge/sge/src/test/scala/sge/graphics/profiling/GLProfilerBehaviorIss725Suite.scala	116
context	../sge/sge/src/test/scala/sge/graphics/profiling/GLProfilerBehaviorIss725Suite.scala	142
context	../sge/sge/src/test/scala/sge/graphics/profiling/GLProfilerCharacterizationSuite.scala	30
assertion-mismatch	../sge/sge/src/test/scala/sge/graphics/profiling/GLProfilerCharacterizationSuite.scala	38
context	../sge/sge/src/test/scala/sge/graphics/profiling/GLProfilerCharacterizationSuite.scala	44
context	../sge/sge/src/test/scala/sge/graphics/profiling/GLProfilerCharacterizationSuite.scala	52
context	../sge/sge/src/test/scala/sge/graphics/profiling/GLProfilerCharacterizationSuite.scala	67
context	../sge/sge/src/test/scala/sge/graphics/profiling/GLProfilerCharacterizationSuite.scala	81
context	../sge/sge/src/test/scala/sge/graphics/profiling/GLProfilerCharacterizationSuite.scala	94
context	../sge/sge/src/test/scala/sge/graphics/profiling/GLProfilerCharacterizationSuite.scala	107
context	../sge/sge/src/test/scala/sge/graphics/profiling/GLProfilerCharacterizationSuite.scala	117
context	../sge/sge/src/test/scala/sge/graphics/profiling/GLProfilerCharacterizationSuite.scala	135
context	../sge/sge/src/test/scala/sge/graphics/profiling/GLProfilerCharacterizationSuite.scala	146
assertion-mismatch	../sge/sge/src/test/scala/sge/graphics/profiling/GLProfilerCharacterizationSuite.scala	153
context	../sge/sge/src/test/scala/sge/graphics/profiling/GLProfilerCharacterizationSuite.scala	168
context	../sge/sge/src/test/scala/sge/graphics/profiling/GLProfilerCharacterizationSuite.scala	175
context	../sge/sge/src/test/scala/sge/graphics/profiling/GLProfilerCharacterizationSuite.scala	188
context	../sge/sge/src/test/scala/sge/graphics/profiling/GLProfilerGL30BehaviorIss863Suite.scala	68
context	../sge/sge/src/test/scala/sge/graphics/profiling/GLProfilerGL30BehaviorIss863Suite.scala	79
context	../sge/sge/src/test/scala/sge/graphics/profiling/GLProfilerGL30BehaviorIss863Suite.scala	88
context	../sge/sge/src/test/scala/sge/graphics/profiling/GLProfilerGL30BehaviorIss863Suite.scala	96
context	../sge/sge/src/test/scala/sge/graphics/profiling/GLProfilerGL30BehaviorIss863Suite.scala	162
context	../sge/sge/src/test/scala/sge/graphics/profiling/GLProfilerGL30BehaviorIss863Suite.scala	174
context	../sge/sge/src/test/scala/sge/graphics/profiling/GLProfilerGL30BehaviorIss863Suite.scala	198
opaque-key-button	../sge/sge/src/test/scala/sge/input/GestureDetectorTest.scala	11
member-shape	../sge/sge/src/test/scala/sge/input/GestureDetectorTest.scala	18
opaque-key-button	../sge/sge/src/test/scala/sge/input/GestureDetectorTest.scala	24
opaque-key-button	../sge/sge/src/test/scala/sge/input/GestureDetectorTest.scala	46
opaque-key-button	../sge/sge/src/test/scala/sge/input/GestureDetectorTest.scala	50
opaque-key-button	../sge/sge/src/test/scala/sge/input/GestureDetectorTest.scala	58
opaque-key-button	../sge/sge/src/test/scala/sge/input/GestureDetectorTest.scala	66
member-shape	../sge/sge/src/test/scala/sge/input/GestureDetectorTest.scala	124
member-shape	../sge/sge/src/test/scala/sge/input/GestureDetectorTest.scala	135
opaque-time-pixels	../sge/sge/src/test/scala/sge/input/GestureDetectorTest.scala	154
member-shape	../sge/sge/src/test/scala/sge/input/GestureDetectorTest.scala	186
opaque-key-button	../sge/sge/src/test/scala/sge/input/InputMultiplexerTest.scala	9
opaque-key-button	../sge/sge/src/test/scala/sge/input/InputMultiplexerTest.scala	9
opaque-key-button	../sge/sge/src/test/scala/sge/input/InputMultiplexerTest.scala	21
opaque-key-button	../sge/sge/src/test/scala/sge/input/InputMultiplexerTest.scala	21
opaque-key-button	../sge/sge/src/test/scala/sge/input/InputMultiplexerTest.scala	23
opaque-key-button	../sge/sge/src/test/scala/sge/input/InputMultiplexerTest.scala	24
opaque-key-button	../sge/sge/src/test/scala/sge/input/InputMultiplexerTest.scala	26
opaque-key-button	../sge/sge/src/test/scala/sge/input/InputMultiplexerTest.scala	27
opaque-key-button	../sge/sge/src/test/scala/sge/input/InputMultiplexerTest.scala	28
opaque-key-button	../sge/sge/src/test/scala/sge/input/InputMultiplexerTest.scala	36
opaque-time-pixels	../sge/sge/src/test/scala/sge/input/InputMultiplexerTest.scala	37
type-shape	../sge/sge/src/test/scala/sge/input/InputMultiplexerTest.scala	44
opaque-key-button	../sge/sge/src/test/scala/sge/input/InputMultiplexerTest.scala	49
type-shape	../sge/sge/src/test/scala/sge/input/InputMultiplexerTest.scala	55
type-shape	../sge/sge/src/test/scala/sge/input/InputMultiplexerTest.scala	67
arity	../sge/sge/src/test/scala/sge/input/InputMultiplexerTest.scala	82
arity	../sge/sge/src/test/scala/sge/input/InputMultiplexerTest.scala	85
opaque-key-button	../sge/sge/src/test/scala/sge/input/InputMultiplexerTest.scala	87
type-shape	../sge/sge/src/test/scala/sge/input/InputMultiplexerTest.scala	94
assertion-mismatch	../sge/sge/src/test/scala/sge/input/InputMultiplexerTest.scala	95
assertion-mismatch	../sge/sge/src/test/scala/sge/input/InputMultiplexerTest.scala	97
type-shape	../sge/sge/src/test/scala/sge/input/InputMultiplexerTest.scala	103
type-shape	../sge/sge/src/test/scala/sge/input/InputMultiplexerTest.scala	112
tiled	../sge/sge/src/test/scala/sge/maps/MapPropertiesTest.scala	27
tiled	../sge/sge/src/test/scala/sge/maps/MapPropertiesTest.scala	34
tiled	../sge/sge/src/test/scala/sge/maps/MapPropertiesTest.scala	41
tiled	../sge/sge/src/test/scala/sge/maps/MapPropertiesTest.scala	46
tiled	../sge/sge/src/test/scala/sge/maps/tiled/TiledProjectJsonTest.scala	24
tiled	../sge/sge/src/test/scala/sge/maps/tiled/TiledProjectJsonTest.scala	25
tiled	../sge/sge/src/test/scala/sge/maps/tiled/TiledProjectJsonTest.scala	26
tiled	../sge/sge/src/test/scala/sge/maps/tiled/TiledProjectJsonTest.scala	57
tiled	../sge/sge/src/test/scala/sge/maps/tiled/TiledProjectJsonTest.scala	92
tiled	../sge/sge/src/test/scala/sge/maps/tiled/TiledProjectJsonTest.scala	113
tiled	../sge/sge/src/test/scala/sge/maps/tiled/TiledProjectJsonTest.scala	135
tiled	../sge/sge/src/test/scala/sge/maps/tiled/TiledProjectJsonTest.scala	155
tiled	../sge/sge/src/test/scala/sge/maps/tiled/TiledProjectJsonTest.scala	164
tiled	../sge/sge/src/test/scala/sge/maps/tiled/TiledProjectJsonTest.scala	180
tiled	../sge/sge/src/test/scala/sge/maps/tiled/TmjJsonTest.scala	14
tiled	../sge/sge/src/test/scala/sge/maps/tiled/TmjJsonTest.scala	21
tiled	../sge/sge/src/test/scala/sge/maps/tiled/TmjJsonTest.scala	24
tiled	../sge/sge/src/test/scala/sge/maps/tiled/TmjJsonTest.scala	27
tiled	../sge/sge/src/test/scala/sge/maps/tiled/TmjJsonTest.scala	31
tiled	../sge/sge/src/test/scala/sge/maps/tiled/TmjJsonTest.scala	32
tiled	../sge/sge/src/test/scala/sge/maps/tiled/TmjJsonTest.scala	60
tiled	../sge/sge/src/test/scala/sge/maps/tiled/TmjJsonTest.scala	90
tiled	../sge/sge/src/test/scala/sge/maps/tiled/TmjJsonTest.scala	114
tiled	../sge/sge/src/test/scala/sge/maps/tiled/TmjJsonTest.scala	132
tiled	../sge/sge/src/test/scala/sge/maps/tiled/TmjJsonTest.scala	133
tiled	../sge/sge/src/test/scala/sge/maps/tiled/TmjJsonTest.scala	134
tiled	../sge/sge/src/test/scala/sge/maps/tiled/TmjJsonTest.scala	159
tiled	../sge/sge/src/test/scala/sge/maps/tiled/TmjJsonTest.scala	184
tiled	../sge/sge/src/test/scala/sge/maps/tiled/TmjJsonTest.scala	208
tiled	../sge/sge/src/test/scala/sge/maps/tiled/TmjJsonTest.scala	227
tiled	../sge/sge/src/test/scala/sge/maps/tiled/TmjJsonTest.scala	249
tiled	../sge/sge/src/test/scala/sge/maps/tiled/TmjJsonTest.scala	281
tiled	../sge/sge/src/test/scala/sge/maps/tiled/TmjJsonTest.scala	306
tiled	../sge/sge/src/test/scala/sge/maps/tiled/TmjJsonTest.scala	315
tiled	../sge/sge/src/test/scala/sge/maps/tiled/TmjJsonTest.scala	325
tiled	../sge/sge/src/test/scala/sge/maps/tiled/TmjJsonTest.scala	327
tiled	../sge/sge/src/test/scala/sge/maps/tiled/TmjJsonTest.scala	328
tiled	../sge/sge/src/test/scala/sge/maps/tiled/TmjJsonTest.scala	330
tiled	../sge/sge/src/test/scala/sge/maps/tiled/TmjJsonTest.scala	331
tiled	../sge/sge/src/test/scala/sge/maps/tiled/TmjJsonTest.scala	337
tiled	../sge/sge/src/test/scala/sge/maps/tiled/TmjJsonTest.scala	338
tiled	../sge/sge/src/test/scala/sge/maps/tiled/TmjJsonTest.scala	344
tiled	../sge/sge/src/test/scala/sge/maps/tiled/TmjJsonTest.scala	379
tiled	../sge/sge/src/test/scala/sge/maps/tiled/TmjJsonTest.scala	382
tiled	../sge/sge/src/test/scala/sge/maps/tiled/TmjJsonTest.scala	414
tiled	../sge/sge/src/test/scala/sge/maps/tiled/TmjJsonTest.scala	432
tiled	../sge/sge/src/test/scala/sge/maps/tiled/TmjJsonTest.scala	442
tiled	../sge/sge/src/test/scala/sge/maps/tiled/TmjJsonTest.scala	444
tiled	../sge/sge/src/test/scala/sge/maps/tiled/TmjJsonTest.scala	454
tiled	../sge/sge/src/test/scala/sge/maps/tiled/TmjJsonTest.scala	455
tiled	../sge/sge/src/test/scala/sge/maps/tiled/TmjJsonTest.scala	480
tiled	../sge/sge/src/test/scala/sge/maps/tiled/TmjJsonTest.scala	486
tiled	../sge/sge/src/test/scala/sge/maps/tiled/TmjJsonTest.scala	501
tiled	../sge/sge/src/test/scala/sge/maps/tiled/TmjJsonTest.scala	523
tiled	../sge/sge/src/test/scala/sge/maps/tiled/TmjTileIdsCsvRedSuite.scala	40
tiled	../sge/sge/src/test/scala/sge/maps/tiled/TmjTileIdsCsvRedSuite.scala	41
tiled	../sge/sge/src/test/scala/sge/maps/tiled/TmjTileIdsCsvRedSuite.scala	44
tiled	../sge/sge/src/test/scala/sge/maps/tiled/TmjTileIdsCsvRedSuite.scala	47
tiled	../sge/sge/src/test/scala/sge/maps/tiled/TmjTileIdsCsvRedSuite.scala	75
member-shape	../sge/sge/src/test/scala/sge/math/Affine2Test.scala	43
arity	../sge/sge/src/test/scala/sge/math/Affine2Test.scala	44
arity	../sge/sge/src/test/scala/sge/math/Affine2Test.scala	86
member-shape	../sge/sge/src/test/scala/sge/math/Bresenham2Test.scala	9
member-shape	../sge/sge/src/test/scala/sge/math/Bresenham2Test.scala	19
member-shape	../sge/sge/src/test/scala/sge/math/Bresenham2Test.scala	27
member-shape	../sge/sge/src/test/scala/sge/math/Bresenham2Test.scala	35
member-shape	../sge/sge/src/test/scala/sge/math/Bresenham2Test.scala	43
member-shape	../sge/sge/src/test/scala/sge/math/Bresenham2Test.scala	59
member-shape	../sge/sge/src/test/scala/sge/math/Bresenham2Test.scala	73
arity	../sge/sge/src/test/scala/sge/math/CatmullRomSplineTest.scala	47
arity	../sge/sge/src/test/scala/sge/math/CatmullRomSplineTest.scala	47
type-shape	../sge/sge/src/test/scala/sge/math/CircumCircleRedSuite.scala	107
type-shape	../sge/sge/src/test/scala/sge/math/CircumCircleRedSuite.scala	116
type-shape	../sge/sge/src/test/scala/sge/math/CircumCircleRedSuite.scala	128
type-shape	../sge/sge/src/test/scala/sge/math/CircumCircleRedSuite.scala	132
type-shape	../sge/sge/src/test/scala/sge/math/ConvexHullTest.scala	44
type-shape	../sge/sge/src/test/scala/sge/math/ConvexHullTest.scala	45
type-shape	../sge/sge/src/test/scala/sge/math/ConvexHullTest.scala	46
type-shape	../sge/sge/src/test/scala/sge/math/ConvexHullTest.scala	47
type-shape	../sge/sge/src/test/scala/sge/math/ConvexHullTest.scala	49
type-shape	../sge/sge/src/test/scala/sge/math/ConvexHullTest.scala	50
type-shape	../sge/sge/src/test/scala/sge/math/ConvexHullTest.scala	51
type-shape	../sge/sge/src/test/scala/sge/math/ConvexHullTest.scala	52
arity	../sge/sge/src/test/scala/sge/math/CumulativeDistributionTest.scala	15
arity	../sge/sge/src/test/scala/sge/math/CumulativeDistributionTest.scala	22
arity	../sge/sge/src/test/scala/sge/math/CumulativeDistributionTest.scala	35
arity	../sge/sge/src/test/scala/sge/math/CumulativeDistributionTest.scala	39
arity	../sge/sge/src/test/scala/sge/math/CumulativeDistributionTest.scala	113
arity	../sge/sge/src/test/scala/sge/math/CumulativeDistributionTest.scala	122
member-shape	../sge/sge/src/test/scala/sge/math/GeometryTest.scala	94
arity	../sge/sge/src/test/scala/sge/math/GeometryTest.scala	103
member-shape	../sge/sge/src/test/scala/sge/math/GeometryTest.scala	164
nullable	../sge/sge/src/test/scala/sge/math/IntersectorTest.scala	114
nullable	../sge/sge/src/test/scala/sge/math/IntersectorTest.scala	117
nullable	../sge/sge/src/test/scala/sge/math/IntersectorTest.scala	120
nullable	../sge/sge/src/test/scala/sge/math/IntersectorTest.scala	123
nullable	../sge/sge/src/test/scala/sge/math/IntersectorTest.scala	127
nullable	../sge/sge/src/test/scala/sge/math/IntersectorTest.scala	135
nullable	../sge/sge/src/test/scala/sge/math/IntersectorTest.scala	143
member-shape	../sge/sge/src/test/scala/sge/math/IntersectorTest.scala	256
member-shape	../sge/sge/src/test/scala/sge/math/IntersectorTest.scala	257
member-shape	../sge/sge/src/test/scala/sge/math/IntersectorTest.scala	258
member-shape	../sge/sge/src/test/scala/sge/math/IntersectorTest.scala	259
type-shape	../sge/sge/src/test/scala/sge/math/IntersectorTest.scala	323
type-shape	../sge/sge/src/test/scala/sge/math/IntersectorTest.scala	333
type-shape	../sge/sge/src/test/scala/sge/math/IntersectorTest.scala	342
type-shape	../sge/sge/src/test/scala/sge/math/IntersectorTest.scala	343
member-shape	../sge/sge/src/test/scala/sge/math/Matrix3Test.scala	84
member-shape	../sge/sge/src/test/scala/sge/math/Matrix3Test.scala	92
member-shape	../sge/sge/src/test/scala/sge/math/Matrix3Test.scala	100
member-shape	../sge/sge/src/test/scala/sge/math/Matrix3Test.scala	110
member-shape	../sge/sge/src/test/scala/sge/math/Matrix3Test.scala	117
member-shape	../sge/sge/src/test/scala/sge/math/Matrix3Test.scala	148
member-shape	../sge/sge/src/test/scala/sge/math/Matrix4Test.scala	71
member-shape	../sge/sge/src/test/scala/sge/math/Matrix4Test.scala	82
member-shape	../sge/sge/src/test/scala/sge/math/Matrix4Test.scala	126
member-shape	../sge/sge/src/test/scala/sge/math/Matrix4Test.scala	166
member-shape	../sge/sge/src/test/scala/sge/math/Matrix4Test.scala	169
member-shape	../sge/sge/src/test/scala/sge/math/OctreeTest.scala	41
member-shape	../sge/sge/src/test/scala/sge/math/OctreeTest.scala	48
type-shape	../sge/sge/src/test/scala/sge/math/OctreeTest.scala	51
type-shape	../sge/sge/src/test/scala/sge/math/OctreeTest.scala	59
other	../sge/sge/src/test/scala/sge/math/QuaternionTest.scala	32
arity	../sge/sge/src/test/scala/sge/math/QuaternionTest.scala	171
arity	../sge/sge/src/test/scala/sge/math/QuaternionTest.scala	173
member-shape	../sge/sge/src/test/scala/sge/math/QuaternionTest.scala	258
arity	../sge/sge/src/test/scala/sge/math/QuaternionTest.scala	280
arity	../sge/sge/src/test/scala/sge/math/QuaternionTest.scala	282
member-shape	../sge/sge/src/test/scala/sge/math/TransformTest.scala	78
type-shape	../sge/sge/src/test/scala/sge/math/TriangulatorIndicesRedSuite.scala	66
type-shape	../sge/sge/src/test/scala/sge/math/TriangulatorIndicesRedSuite.scala	91
type-shape	../sge/sge/src/test/scala/sge/math/TriangulatorIndicesRedSuite.scala	107
type-shape	../sge/sge/src/test/scala/sge/math/TriangulatorIndicesRedSuite.scala	116
member-shape	../sge/sge/src/test/scala/sge/math/Vector3RotTest.scala	98
member-shape	../sge/sge/src/test/scala/sge/math/Vector3RotTest.scala	104
member-shape	../sge/sge/src/test/scala/sge/math/Vector3RotTest.scala	111
member-shape	../sge/sge/src/test/scala/sge/math/VectorArithmeticTest.scala	35
member-shape	../sge/sge/src/test/scala/sge/math/VectorArithmeticTest.scala	41
member-shape	../sge/sge/src/test/scala/sge/math/VectorArithmeticTest.scala	66
arity	../sge/sge/src/test/scala/sge/math/VectorArithmeticTest.scala	71
arity	../sge/sge/src/test/scala/sge/math/VectorArithmeticTest.scala	76
arity	../sge/sge/src/test/scala/sge/math/VectorArithmeticTest.scala	82
arity	../sge/sge/src/test/scala/sge/math/VectorArithmeticTest.scala	129
arity	../sge/sge/src/test/scala/sge/math/VectorArithmeticTest.scala	135
arity	../sge/sge/src/test/scala/sge/math/VectorArithmeticTest.scala	141
arity	../sge/sge/src/test/scala/sge/math/VectorArithmeticTest.scala	147
arity	../sge/sge/src/test/scala/sge/math/VectorArithmeticTest.scala	153
type-shape	../sge/sge/src/test/scala/sge/math/VectorArithmeticTest.scala	188
member-shape	../sge/sge/src/test/scala/sge/math/VectorArithmeticTest.scala	189
type-shape	../sge/sge/src/test/scala/sge/math/VectorArithmeticTest.scala	193
type-shape	../sge/sge/src/test/scala/sge/math/VectorArithmeticTest.scala	194
member-shape	../sge/sge/src/test/scala/sge/math/VectorArithmeticTest.scala	195
member-shape	../sge/sge/src/test/scala/sge/math/VectorArithmeticTest.scala	199
member-shape	../sge/sge/src/test/scala/sge/math/VectorArithmeticTest.scala	199
member-shape	../sge/sge/src/test/scala/sge/math/VectorArithmeticTest.scala	206
member-shape	../sge/sge/src/test/scala/sge/math/VectorArithmeticTest.scala	206
member-shape	../sge/sge/src/test/scala/sge/math/VectorArithmeticTest.scala	212
member-shape	../sge/sge/src/test/scala/sge/math/VectorArithmeticTest.scala	212
member-shape	../sge/sge/src/test/scala/sge/math/VectorArithmeticTest.scala	225
member-shape	../sge/sge/src/test/scala/sge/math/VectorArithmeticTest.scala	235
member-shape	../sge/sge/src/test/scala/sge/math/VectorArithmeticTest.scala	241
member-shape	../sge/sge/src/test/scala/sge/math/VectorArithmeticTest.scala	257
member-shape	../sge/sge/src/test/scala/sge/math/VectorArithmeticTest.scala	264
member-shape	../sge/sge/src/test/scala/sge/math/VectorArithmeticTest.scala	265
arity	../sge/sge/src/test/scala/sge/math/VectorArithmeticTest.scala	271
arity	../sge/sge/src/test/scala/sge/math/VectorArithmeticTest.scala	277
arity	../sge/sge/src/test/scala/sge/math/VectorArithmeticTest.scala	314
arity	../sge/sge/src/test/scala/sge/math/VectorArithmeticTest.scala	320
type-shape	../sge/sge/src/test/scala/sge/math/VectorArithmeticTest.scala	324
member-shape	../sge/sge/src/test/scala/sge/math/VectorArithmeticTest.scala	325
type-shape	../sge/sge/src/test/scala/sge/math/VectorArithmeticTest.scala	329
member-shape	../sge/sge/src/test/scala/sge/math/VectorArithmeticTest.scala	330
member-shape	../sge/sge/src/test/scala/sge/math/VectorArithmeticTest.scala	334
member-shape	../sge/sge/src/test/scala/sge/math/VectorArithmeticTest.scala	334
member-shape	../sge/sge/src/test/scala/sge/math/VectorArithmeticTest.scala	358
arity	../sge/sge/src/test/scala/sge/math/VectorArithmeticTest.scala	372
arity	../sge/sge/src/test/scala/sge/math/VectorArithmeticTest.scala	378
member-shape	../sge/sge/src/test/scala/sge/math/VectorArithmeticTest.scala	394
member-shape	../sge/sge/src/test/scala/sge/math/VectorArithmeticTest.scala	395
member-shape	../sge/sge/src/test/scala/sge/math/VectorArithmeticTest.scala	396
arity	../sge/sge/src/test/scala/sge/math/VectorArithmeticTest.scala	405
arity	../sge/sge/src/test/scala/sge/math/VectorArithmeticTest.scala	412
member-shape	../sge/sge/src/test/scala/sge/math/VectorArithmeticTest.scala	419
member-shape	../sge/sge/src/test/scala/sge/math/VectorArithmeticTest.scala	420
member-shape	../sge/sge/src/test/scala/sge/math/VectorArithmeticTest.scala	421
arity	../sge/sge/src/test/scala/sge/math/VectorArithmeticTest.scala	430
arity	../sge/sge/src/test/scala/sge/math/VectorArithmeticTest.scala	437
net	../sge/sge/src/test/scala/sge/net/SgeHttpRequestTest.scala	15
net	../sge/sge/src/test/scala/sge/net/SgeHttpRequestTest.scala	16
net	../sge/sge/src/test/scala/sge/net/SgeHttpRequestTest.scala	25
net	../sge/sge/src/test/scala/sge/net/SgeHttpRequestTest.scala	35
net	../sge/sge/src/test/scala/sge/net/SgeHttpRequestTest.scala	37
net	../sge/sge/src/test/scala/sge/net/SgeHttpRequestTest.scala	43
net	../sge/sge/src/test/scala/sge/net/SgeHttpRequestTest.scala	50
net	../sge/sge/src/test/scala/sge/net/SgeHttpRequestTest.scala	54
net	../sge/sge/src/test/scala/sge/net/SgeHttpRequestTest.scala	55
net	../sge/sge/src/test/scala/sge/net/SgeHttpRequestTest.scala	59
net	../sge/sge/src/test/scala/sge/net/SgeHttpRequestTest.scala	71
net	../sge/sge/src/test/scala/sge/net/SgeHttpRequestTest.scala	81
net	../sge/sge/src/test/scala/sge/net/SgeHttpRequestTest.scala	81
net	../sge/sge/src/test/scala/sge/net/SgeHttpRequestTest.scala	85
net	../sge/sge/src/test/scala/sge/net/SgeHttpRequestTest.scala	92
net	../sge/sge/src/test/scala/sge/net/SgeHttpRequestTest.scala	97
net	../sge/sge/src/test/scala/sge/net/SgeHttpRequestTest.scala	98
net	../sge/sge/src/test/scala/sge/net/SgeHttpResponseTest.scala	13
net	../sge/sge/src/test/scala/sge/net/SgeHttpResponseTest.scala	13
net	../sge/sge/src/test/scala/sge/net/SgeHttpResponseTest.scala	14
net	../sge/sge/src/test/scala/sge/net/SgeHttpResponseTest.scala	14
net	../sge/sge/src/test/scala/sge/net/SgeHttpResponseTest.scala	15
net	../sge/sge/src/test/scala/sge/net/SgeHttpResponseTest.scala	15
net	../sge/sge/src/test/scala/sge/net/SgeHttpResponseTest.scala	16
net	../sge/sge/src/test/scala/sge/net/SgeHttpResponseTest.scala	22
net	../sge/sge/src/test/scala/sge/net/SgeHttpResponseTest.scala	23
net	../sge/sge/src/test/scala/sge/net/SgeHttpResponseTest.scala	24
net	../sge/sge/src/test/scala/sge/net/SgeHttpResponseTest.scala	26
net	../sge/sge/src/test/scala/sge/net/SgeHttpResponseTest.scala	32
net	../sge/sge/src/test/scala/sge/net/SgeHttpResponseTest.scala	74
net	../sge/sge/src/test/scala/sge/net/SgeHttpResponseTest.scala	89
net	../sge/sge/src/test/scala/sge/net/SgeHttpResponseTest.scala	90
net	../sge/sge/src/test/scala/sge/net/SgeHttpResponseTest.scala	91
net	../sge/sge/src/test/scala/sge/net/SgeHttpResponseTest.scala	95
net	../sge/sge/src/test/scala/sge/net/SgeHttpResponseTest.scala	96
member-shape	../sge/sge/src/test/scala/sge/noop/NoopAudioTest.scala	29
member-shape	../sge/sge/src/test/scala/sge/noop/NoopAudioTest.scala	89
member-shape	../sge/sge/src/test/scala/sge/noop/NoopGL32.scala	718
member-shape	../sge/sge/src/test/scala/sge/noop/NoopGraphicsTest.scala	31
member-shape	../sge/sge/src/test/scala/sge/noop/NoopGraphicsTest.scala	49
member-shape	../sge/sge/src/test/scala/sge/noop/NoopGraphicsTest.scala	50
member-shape	../sge/sge/src/test/scala/sge/noop/NoopGraphicsTest.scala	51
member-shape	../sge/sge/src/test/scala/sge/noop/NoopGraphicsTest.scala	52
member-shape	../sge/sge/src/test/scala/sge/noop/NoopGraphicsTest.scala	53
member-shape	../sge/sge/src/test/scala/sge/noop/NoopGraphicsTest.scala	54
member-shape	../sge/sge/src/test/scala/sge/noop/NoopGraphicsTest.scala	94
opaque-key-button	../sge/sge/src/test/scala/sge/noop/NoopInputTest.scala	7
opaque-key-button	../sge/sge/src/test/scala/sge/noop/NoopInputTest.scala	7
arity	../sge/sge/src/test/scala/sge/noop/NoopInputTest.scala	16
arity	../sge/sge/src/test/scala/sge/noop/NoopInputTest.scala	18
arity	../sge/sge/src/test/scala/sge/noop/NoopInputTest.scala	20
arity	../sge/sge/src/test/scala/sge/noop/NoopInputTest.scala	22
opaque-key-button	../sge/sge/src/test/scala/sge/noop/NoopInputTest.scala	40
opaque-key-button	../sge/sge/src/test/scala/sge/noop/NoopInputTest.scala	41
opaque-key-button	../sge/sge/src/test/scala/sge/noop/NoopInputTest.scala	42
opaque-key-button	../sge/sge/src/test/scala/sge/noop/NoopInputTest.scala	43
arity	../sge/sge/src/test/scala/sge/noop/NoopInputTest.scala	45
assertion-mismatch	../sge/sge/src/test/scala/sge/noop/NoopInputTest.scala	56
opaque-key-button	../sge/sge/src/test/scala/sge/noop/NoopInputTest.scala	64
member-shape	../sge/sge/src/test/scala/sge/noop/NoopInputTest.scala	66
opaque-key-button	../sge/sge/src/test/scala/sge/noop/NoopInputTest.scala	88
opaque-key-button	../sge/sge/src/test/scala/sge/noop/NoopInputTest.scala	89
opaque-time-pixels	../sge/sge/src/test/scala/sge/scenes/scene2d/ActionTest.scala	62
member-shape	../sge/sge/src/test/scala/sge/scenes/scene2d/ActionTest.scala	66
member-shape	../sge/sge/src/test/scala/sge/scenes/scene2d/ActionTest.scala	153
member-shape	../sge/sge/src/test/scala/sge/scenes/scene2d/ActorPropertyHookRedSuite.scala	44
member-shape	../sge/sge/src/test/scala/sge/scenes/scene2d/ActorPropertyHookRedSuite.scala	51
member-shape	../sge/sge/src/test/scala/sge/scenes/scene2d/ActorPropertyHookRedSuite.scala	62
member-shape	../sge/sge/src/test/scala/sge/scenes/scene2d/ActorPropertyHookRedSuite.scala	63
member-shape	../sge/sge/src/test/scala/sge/scenes/scene2d/ActorPropertyHookRedSuite.scala	65
member-shape	../sge/sge/src/test/scala/sge/scenes/scene2d/ActorPropertyHookRedSuite.scala	66
member-shape	../sge/sge/src/test/scala/sge/scenes/scene2d/ActorPropertyHookRedSuite.scala	77
member-shape	../sge/sge/src/test/scala/sge/scenes/scene2d/ActorPropertyHookRedSuite.scala	80
member-shape	../sge/sge/src/test/scala/sge/scenes/scene2d/ActorPropertyHookRedSuite.scala	91
member-shape	../sge/sge/src/test/scala/sge/scenes/scene2d/EventPropagationTest.scala	179
nullable	../sge/sge/src/test/scala/sge/scenes/scene2d/EventPropagationTest.scala	200
opaque-key-button	../sge/sge/src/test/scala/sge/scenes/scene2d/InputEventTest.scala	6
opaque-key-button	../sge/sge/src/test/scala/sge/scenes/scene2d/InputEventTest.scala	6
opaque-key-button	../sge/sge/src/test/scala/sge/scenes/scene2d/InputEventTest.scala	25
opaque-key-button	../sge/sge/src/test/scala/sge/scenes/scene2d/InputEventTest.scala	26
opaque-key-button	../sge/sge/src/test/scala/sge/scenes/scene2d/InputEventTest.scala	42
opaque-key-button	../sge/sge/src/test/scala/sge/scenes/scene2d/InputEventTest.scala	43
opaque-key-button	../sge/sge/src/test/scala/sge/scenes/scene2d/InputEventTest.scala	55
opaque-key-button	../sge/sge/src/test/scala/sge/scenes/scene2d/InputEventTest.scala	56
member-shape	../sge/sge/src/test/scala/sge/scenes/scene2d/InputEventTest.scala	85
member-shape	../sge/sge/src/test/scala/sge/scenes/scene2d/InputEventTest.scala	86
opaque-key-button	../sge/sge/src/test/scala/sge/scenes/scene2d/InputEventTest.scala	98
opaque-key-button	../sge/sge/src/test/scala/sge/scenes/scene2d/InputEventTest.scala	105
member-shape	../sge/sge/src/test/scala/sge/scenes/scene2d/InputEventTest.scala	107
member-shape	../sge/sge/src/test/scala/sge/scenes/scene2d/InputEventTest.scala	109
member-shape	../sge/sge/src/test/scala/sge/scenes/scene2d/InputEventTest.scala	110
member-shape	../sge/sge/src/test/scala/sge/scenes/scene2d/InputEventTest.scala	111
member-shape	../sge/sge/src/test/scala/sge/scenes/scene2d/InputEventTest.scala	124
member-shape	../sge/sge/src/test/scala/sge/scenes/scene2d/InputEventTest.scala	131
member-shape	../sge/sge/src/test/scala/sge/scenes/scene2d/InputEventTest.scala	138
member-shape	../sge/sge/src/test/scala/sge/scenes/scene2d/InputEventTest.scala	147
member-shape	../sge/sge/src/test/scala/sge/scenes/scene2d/InputEventTest.scala	158
member-shape	../sge/sge/src/test/scala/sge/scenes/scene2d/InputEventTest.scala	160
member-shape	../sge/sge/src/test/scala/sge/scenes/scene2d/InputEventTest.scala	162
member-shape	../sge/sge/src/test/scala/sge/scenes/scene2d/InputEventTest.scala	164
member-shape	../sge/sge/src/test/scala/sge/scenes/scene2d/InputEventTest.scala	168
member-shape	../sge/sge/src/test/scala/sge/scenes/scene2d/InputEventTest.scala	169
member-shape	../sge/sge/src/test/scala/sge/scenes/scene2d/InputEventTest.scala	170
member-shape	../sge/sge/src/test/scala/sge/scenes/scene2d/Scene2DTest.scala	23
member-shape	../sge/sge/src/test/scala/sge/scenes/scene2d/Scene2DTest.scala	24
member-shape	../sge/sge/src/test/scala/sge/scenes/scene2d/Scene2DTest.scala	26
member-shape	../sge/sge/src/test/scala/sge/scenes/scene2d/Scene2DTest.scala	42
member-shape	../sge/sge/src/test/scala/sge/scenes/scene2d/Scene2DTest.scala	43
member-shape	../sge/sge/src/test/scala/sge/scenes/scene2d/Scene2DTest.scala	51
member-shape	../sge/sge/src/test/scala/sge/scenes/scene2d/Scene2DTest.scala	52
member-shape	../sge/sge/src/test/scala/sge/scenes/scene2d/Scene2DTest.scala	60
member-shape	../sge/sge/src/test/scala/sge/scenes/scene2d/Scene2DTest.scala	91
nullable	../sge/sge/src/test/scala/sge/scenes/scene2d/Scene2DTest.scala	369
nullable	../sge/sge/src/test/scala/sge/scenes/scene2d/Scene2DTest.scala	373
nullable	../sge/sge/src/test/scala/sge/scenes/scene2d/Scene2DTest.scala	395
nullable	../sge/sge/src/test/scala/sge/scenes/scene2d/Scene2DTest.scala	422
opaque-time-pixels	../sge/sge/src/test/scala/sge/scenes/scene2d/actions/ActionsCharacterizationTest.scala	56
opaque-time-pixels	../sge/sge/src/test/scala/sge/scenes/scene2d/actions/ActionsCharacterizationTest.scala	65
opaque-time-pixels	../sge/sge/src/test/scala/sge/scenes/scene2d/actions/ActionsCharacterizationTest.scala	79
opaque-time-pixels	../sge/sge/src/test/scala/sge/scenes/scene2d/actions/ActionsCharacterizationTest.scala	91
opaque-time-pixels	../sge/sge/src/test/scala/sge/scenes/scene2d/actions/ActionsCharacterizationTest.scala	108
opaque-time-pixels	../sge/sge/src/test/scala/sge/scenes/scene2d/actions/ActionsCharacterizationTest.scala	116
opaque-time-pixels	../sge/sge/src/test/scala/sge/scenes/scene2d/actions/ActionsCharacterizationTest.scala	124
opaque-time-pixels	../sge/sge/src/test/scala/sge/scenes/scene2d/actions/ActionsCharacterizationTest.scala	133
opaque-time-pixels	../sge/sge/src/test/scala/sge/scenes/scene2d/actions/ActionsCharacterizationTest.scala	159
opaque-time-pixels	../sge/sge/src/test/scala/sge/scenes/scene2d/actions/ActionsCharacterizationTest.scala	168
opaque-time-pixels	../sge/sge/src/test/scala/sge/scenes/scene2d/actions/ActionsCharacterizationTest.scala	179
opaque-time-pixels	../sge/sge/src/test/scala/sge/scenes/scene2d/actions/ActionsCharacterizationTest.scala	190
opaque-time-pixels	../sge/sge/src/test/scala/sge/scenes/scene2d/actions/ActionsCharacterizationTest.scala	247
opaque-time-pixels	../sge/sge/src/test/scala/sge/scenes/scene2d/actions/ActionsCharacterizationTest.scala	249
opaque-time-pixels	../sge/sge/src/test/scala/sge/scenes/scene2d/actions/ActionsCharacterizationTest.scala	270
opaque-time-pixels	../sge/sge/src/test/scala/sge/scenes/scene2d/actions/ActionsCharacterizationTest.scala	286
opaque-time-pixels	../sge/sge/src/test/scala/sge/scenes/scene2d/actions/ActionsCharacterizationTest.scala	288
member-shape	../sge/sge/src/test/scala/sge/scenes/scene2d/actions/ActionsCharacterizationTest.scala	315
member-shape	../sge/sge/src/test/scala/sge/scenes/scene2d/actions/ActionsCharacterizationTest.scala	316
member-shape	../sge/sge/src/test/scala/sge/scenes/scene2d/actions/ActionsCharacterizationTest.scala	325
opaque-time-pixels	../sge/sge/src/test/scala/sge/scenes/scene2d/actions/ActionsCharacterizationTest.scala	343
nullable	../sge/sge/src/test/scala/sge/scenes/scene2d/actions/ActionsCharacterizationTest.scala	344
nullable	../sge/sge/src/test/scala/sge/scenes/scene2d/actions/ActionsCharacterizationTest.scala	345
member-shape	../sge/sge/src/test/scala/sge/scenes/scene2d/actions/ActionsCharacterizationTest.scala	349
member-shape	../sge/sge/src/test/scala/sge/scenes/scene2d/actions/ActionsCharacterizationTest.scala	350
type-shape	../sge/sge/src/test/scala/sge/scenes/scene2d/actions/ActionsCharacterizationTest.scala	355
type-shape	../sge/sge/src/test/scala/sge/scenes/scene2d/actions/ActionsCharacterizationTest.scala	357
opaque-time-pixels	../sge/sge/src/test/scala/sge/scenes/scene2d/actions/ActionsSpatialBehaviourSuite.scala	41
opaque-time-pixels	../sge/sge/src/test/scala/sge/scenes/scene2d/actions/ActionsSpatialBehaviourSuite.scala	53
opaque-time-pixels	../sge/sge/src/test/scala/sge/scenes/scene2d/actions/ActionsSpatialBehaviourSuite.scala	65
opaque-time-pixels	../sge/sge/src/test/scala/sge/scenes/scene2d/actions/ActionsSpatialBehaviourSuite.scala	77
opaque-time-pixels	../sge/sge/src/test/scala/sge/scenes/scene2d/actions/ActionsSpatialBehaviourSuite.scala	93
opaque-time-pixels	../sge/sge/src/test/scala/sge/scenes/scene2d/actions/ActionsSpatialBehaviourSuite.scala	111
opaque-time-pixels	../sge/sge/src/test/scala/sge/scenes/scene2d/actions/ActionsSpatialBehaviourSuite.scala	131
opaque-time-pixels	../sge/sge/src/test/scala/sge/scenes/scene2d/actions/ActionsSpatialBehaviourSuite.scala	143
opaque-time-pixels	../sge/sge/src/test/scala/sge/scenes/scene2d/actions/ActionsSpatialBehaviourSuite.scala	162
opaque-time-pixels	../sge/sge/src/test/scala/sge/scenes/scene2d/actions/ActionsSpatialBehaviourSuite.scala	173
opaque-time-pixels	../sge/sge/src/test/scala/sge/scenes/scene2d/actions/ActionsSpatialBehaviourSuite.scala	185
opaque-time-pixels	../sge/sge/src/test/scala/sge/scenes/scene2d/actions/ActionsSpatialBehaviourSuite.scala	202
member-shape	../sge/sge/src/test/scala/sge/scenes/scene2d/actions/ActionsSpatialBehaviourSuite.scala	206
member-shape	../sge/sge/src/test/scala/sge/scenes/scene2d/actions/ActionsSpatialBehaviourSuite.scala	207
opaque-time-pixels	../sge/sge/src/test/scala/sge/scenes/scene2d/actions/ActionsSpatialBehaviourSuite.scala	214
member-shape	../sge/sge/src/test/scala/sge/scenes/scene2d/actions/ActionsSpatialBehaviourSuite.scala	218
member-shape	../sge/sge/src/test/scala/sge/scenes/scene2d/actions/ActionsSpatialBehaviourSuite.scala	219
opaque-time-pixels	../sge/sge/src/test/scala/sge/scenes/scene2d/actions/ActionsSpatialBehaviourSuite.scala	229
opaque-time-pixels	../sge/sge/src/test/scala/sge/scenes/scene2d/actions/ActionsSpatialBehaviourSuite.scala	242
opaque-time-pixels	../sge/sge/src/test/scala/sge/scenes/scene2d/actions/ActionsSpatialBehaviourSuite.scala	258
opaque-time-pixels	../sge/sge/src/test/scala/sge/scenes/scene2d/actions/ActionsSpatialBehaviourSuite.scala	271
opaque-time-pixels	../sge/sge/src/test/scala/sge/scenes/scene2d/actions/ActionsSpatialBehaviourSuite.scala	287
opaque-time-pixels	../sge/sge/src/test/scala/sge/scenes/scene2d/actions/ActionsSpatialBehaviourSuite.scala	301
opaque-time-pixels	../sge/sge/src/test/scala/sge/scenes/scene2d/actions/ActionsSpatialBehaviourSuite.scala	307
opaque-time-pixels	../sge/sge/src/test/scala/sge/scenes/scene2d/actions/ActionsSpatialBehaviourSuite.scala	314
opaque-time-pixels	../sge/sge/src/test/scala/sge/scenes/scene2d/actions/ActionsSpatialBehaviourSuite.scala	321
opaque-time-pixels	../sge/sge/src/test/scala/sge/scenes/scene2d/actions/ActionsSpatialBehaviourSuite.scala	334
opaque-time-pixels	../sge/sge/src/test/scala/sge/scenes/scene2d/actions/ColorActionBeginCacheRedSuite.scala	39
opaque-time-pixels	../sge/sge/src/test/scala/sge/scenes/scene2d/actions/DelayActionOvershootRedSuite.scala	35
nullable	../sge/sge/src/test/scala/sge/scenes/scene2d/ui/ButtonBackgroundFallthroughRedSuite.scala	34
member-shape	../sge/sge/src/test/scala/sge/scenes/scene2d/ui/ButtonBackgroundFallthroughRedSuite.scala	54
member-shape	../sge/sge/src/test/scala/sge/scenes/scene2d/ui/ButtonBackgroundFallthroughRedSuite.scala	55
member-shape	../sge/sge/src/test/scala/sge/scenes/scene2d/ui/ButtonTest.scala	32
member-shape	../sge/sge/src/test/scala/sge/scenes/scene2d/ui/TableCellTest.scala	22
nullable	../sge/sge/src/test/scala/sge/scenes/scene2d/ui/TableCellTest.scala	29
member-shape	../sge/sge/src/test/scala/sge/scenes/scene2d/ui/TableCellTest.scala	30
assertion-mismatch	../sge/sge/src/test/scala/sge/scenes/scene2d/ui/TableCellTest.scala	32
nullable	../sge/sge/src/test/scala/sge/scenes/scene2d/ui/TableCellTest.scala	38
member-shape	../sge/sge/src/test/scala/sge/scenes/scene2d/ui/TableCellTest.scala	39
member-shape	../sge/sge/src/test/scala/sge/scenes/scene2d/ui/TableCellTest.scala	47
nullable	../sge/sge/src/test/scala/sge/scenes/scene2d/ui/TableCellTest.scala	57
member-shape	../sge/sge/src/test/scala/sge/scenes/scene2d/ui/TableCellTest.scala	58
nullable	../sge/sge/src/test/scala/sge/scenes/scene2d/ui/TableCellTest.scala	68
nullable	../sge/sge/src/test/scala/sge/scenes/scene2d/ui/TableCellTest.scala	70
member-shape	../sge/sge/src/test/scala/sge/scenes/scene2d/ui/TableCellTest.scala	74
nullable	../sge/sge/src/test/scala/sge/scenes/scene2d/ui/TableCellTest.scala	80
nullable	../sge/sge/src/test/scala/sge/scenes/scene2d/ui/TableCellTest.scala	81
nullable	../sge/sge/src/test/scala/sge/scenes/scene2d/ui/TableCellTest.scala	83
nullable	../sge/sge/src/test/scala/sge/scenes/scene2d/ui/TableCellTest.scala	101
member-shape	../sge/sge/src/test/scala/sge/scenes/scene2d/ui/TableCellTest.scala	104
nullable	../sge/sge/src/test/scala/sge/scenes/scene2d/ui/TableCellTest.scala	110
nullable	../sge/sge/src/test/scala/sge/scenes/scene2d/ui/TableCellTest.scala	123
nullable	../sge/sge/src/test/scala/sge/scenes/scene2d/ui/TableCellTest.scala	124
member-shape	../sge/sge/src/test/scala/sge/scenes/scene2d/ui/TableCellTest.scala	127
type-shape	../sge/sge/src/test/scala/sge/scenes/scene2d/ui/TableCellTest.scala	140
member-shape	../sge/sge/src/test/scala/sge/scenes/scene2d/ui/TableCellTest.scala	141
member-shape	../sge/sge/src/test/scala/sge/scenes/scene2d/ui/TableCellTest.scala	152
member-shape	../sge/sge/src/test/scala/sge/scenes/scene2d/ui/TableCellTest.scala	154
member-shape	../sge/sge/src/test/scala/sge/scenes/scene2d/ui/TableCellTest.scala	165
other	../sge/sge/src/test/scala/sge/scenes/scene2d/ui/TableCellTest.scala	181
other	../sge/sge/src/test/scala/sge/scenes/scene2d/ui/TableCellTest.scala	182
other	../sge/sge/src/test/scala/sge/scenes/scene2d/ui/TableCellTest.scala	183
other	../sge/sge/src/test/scala/sge/scenes/scene2d/ui/TableCellTest.scala	184
member-shape	../sge/sge/src/test/scala/sge/scenes/scene2d/ui/TableCellTest.scala	208
nullable	../sge/sge/src/test/scala/sge/scenes/scene2d/ui/TableCellTest.scala	224
nullable	../sge/sge/src/test/scala/sge/scenes/scene2d/ui/TableCellTest.scala	237
nullable	../sge/sge/src/test/scala/sge/scenes/scene2d/ui/TableCellTest.scala	246
nullable	../sge/sge/src/test/scala/sge/scenes/scene2d/ui/TableCellTest.scala	256
nullable	../sge/sge/src/test/scala/sge/scenes/scene2d/ui/TableCellTest.scala	270
nullable	../sge/sge/src/test/scala/sge/scenes/scene2d/ui/TableCellTest.scala	279
nullable	../sge/sge/src/test/scala/sge/scenes/scene2d/ui/TableCellTest.scala	288
nullable	../sge/sge/src/test/scala/sge/scenes/scene2d/ui/TableCellTest.scala	301
nullable	../sge/sge/src/test/scala/sge/scenes/scene2d/ui/TableCellTest.scala	312
nullable	../sge/sge/src/test/scala/sge/scenes/scene2d/ui/TableCellTest.scala	323
nullable	../sge/sge/src/test/scala/sge/scenes/scene2d/ui/TableCellTest.scala	336
nullable	../sge/sge/src/test/scala/sge/scenes/scene2d/ui/TableCellTest.scala	347
nullable	../sge/sge/src/test/scala/sge/scenes/scene2d/ui/TableCellTest.scala	360
assertion-mismatch	../sge/sge/src/test/scala/sge/scenes/scene2d/ui/TableCellTest.scala	362
assertion-mismatch	../sge/sge/src/test/scala/sge/scenes/scene2d/ui/TableCellTest.scala	363
nullable	../sge/sge/src/test/scala/sge/scenes/scene2d/ui/TableCellTest.scala	369
assertion-mismatch	../sge/sge/src/test/scala/sge/scenes/scene2d/ui/TableCellTest.scala	371
assertion-mismatch	../sge/sge/src/test/scala/sge/scenes/scene2d/ui/TableCellTest.scala	372
nullable	../sge/sge/src/test/scala/sge/scenes/scene2d/ui/TableCellTest.scala	382
assertion-mismatch	../sge/sge/src/test/scala/sge/scenes/scene2d/ui/TableCellTest.scala	384
assertion-mismatch	../sge/sge/src/test/scala/sge/scenes/scene2d/ui/TableCellTest.scala	385
nullable	../sge/sge/src/test/scala/sge/scenes/scene2d/ui/TableCellTest.scala	395
assertion-mismatch	../sge/sge/src/test/scala/sge/scenes/scene2d/ui/TableCellTest.scala	397
assertion-mismatch	../sge/sge/src/test/scala/sge/scenes/scene2d/ui/TableCellTest.scala	398
assertion-mismatch	../sge/sge/src/test/scala/sge/scenes/scene2d/ui/TableCellTest.scala	399
assertion-mismatch	../sge/sge/src/test/scala/sge/scenes/scene2d/ui/TableCellTest.scala	400
nullable	../sge/sge/src/test/scala/sge/scenes/scene2d/ui/TableCellTest.scala	410
assertion-mismatch	../sge/sge/src/test/scala/sge/scenes/scene2d/ui/TableCellTest.scala	412
nullable	../sge/sge/src/test/scala/sge/scenes/scene2d/ui/TableCellTest.scala	422
assertion-mismatch	../sge/sge/src/test/scala/sge/scenes/scene2d/ui/TableCellTest.scala	424
nullable	../sge/sge/src/test/scala/sge/scenes/scene2d/ui/TableCellTest.scala	430
assertion-mismatch	../sge/sge/src/test/scala/sge/scenes/scene2d/ui/TableCellTest.scala	432
nullable	../sge/sge/src/test/scala/sge/scenes/scene2d/ui/TableCellTest.scala	438
nullable	../sge/sge/src/test/scala/sge/scenes/scene2d/ui/TableCellTest.scala	446
nullable	../sge/sge/src/test/scala/sge/scenes/scene2d/ui/TableCellTest.scala	458
assertion-mismatch	../sge/sge/src/test/scala/sge/scenes/scene2d/ui/TableCellTest.scala	460
assertion-mismatch	../sge/sge/src/test/scala/sge/scenes/scene2d/ui/TableCellTest.scala	461
nullable	../sge/sge/src/test/scala/sge/scenes/scene2d/ui/TableCellTest.scala	473
assertion-mismatch	../sge/sge/src/test/scala/sge/scenes/scene2d/ui/TableCellTest.scala	475
nullable	../sge/sge/src/test/scala/sge/scenes/scene2d/ui/TableCellTest.scala	482
nullable	../sge/sge/src/test/scala/sge/scenes/scene2d/ui/TableCellTest.scala	494
nullable	../sge/sge/src/test/scala/sge/scenes/scene2d/ui/TableCellTest.scala	509
assertion-mismatch	../sge/sge/src/test/scala/sge/scenes/scene2d/ui/TableCellTest.scala	511
opaque-key-button	../sge/sge/src/test/scala/sge/scenes/scene2d/utils/ArraySelectionValueEqualitySuite.scala	27
opaque-key-button	../sge/sge/src/test/scala/sge/scenes/scene2d/utils/ClickListenerTest.scala	7
opaque-key-button	../sge/sge/src/test/scala/sge/scenes/scene2d/utils/ClickListenerTest.scala	21
opaque-key-button	../sge/sge/src/test/scala/sge/scenes/scene2d/utils/ClickListenerTest.scala	27
opaque-key-button	../sge/sge/src/test/scala/sge/scenes/scene2d/utils/ClickListenerTest.scala	33
opaque-key-button	../sge/sge/src/test/scala/sge/scenes/scene2d/utils/ClickListenerTest.scala	34
member-shape	../sge/sge/src/test/scala/sge/scenes/scene2d/utils/ClickListenerTest.scala	55
nullable	../sge/sge/src/test/scala/sge/scenes/scene2d/utils/ClickListenerTest.scala	56
opaque-key-button	../sge/sge/src/test/scala/sge/scenes/scene2d/utils/ClickListenerTest.scala	60
opaque-key-button	../sge/sge/src/test/scala/sge/scenes/scene2d/utils/ClickListenerTest.scala	75
opaque-key-button	../sge/sge/src/test/scala/sge/scenes/scene2d/utils/ClickListenerTest.scala	92
opaque-key-button	../sge/sge/src/test/scala/sge/scenes/scene2d/utils/ClickListenerTest.scala	96
opaque-key-button	../sge/sge/src/test/scala/sge/scenes/scene2d/utils/ClickListenerTest.scala	105
opaque-key-button	../sge/sge/src/test/scala/sge/scenes/scene2d/utils/ClickListenerTest.scala	106
opaque-key-button	../sge/sge/src/test/scala/sge/scenes/scene2d/utils/ClickListenerTest.scala	111
opaque-key-button	../sge/sge/src/test/scala/sge/scenes/scene2d/utils/ClickListenerTest.scala	121
nullable	../sge/sge/src/test/scala/sge/scenes/scene2d/utils/ClickListenerTest.scala	137
opaque-key-button	../sge/sge/src/test/scala/sge/scenes/scene2d/utils/ClickListenerTest.scala	140
opaque-key-button	../sge/sge/src/test/scala/sge/scenes/scene2d/utils/ClickListenerTest.scala	143
opaque-key-button	../sge/sge/src/test/scala/sge/scenes/scene2d/utils/ClickListenerTest.scala	146
opaque-key-button	../sge/sge/src/test/scala/sge/scenes/scene2d/utils/ClickListenerTest.scala	153
opaque-key-button	../sge/sge/src/test/scala/sge/scenes/scene2d/utils/ClickListenerTest.scala	154
opaque-key-button	../sge/sge/src/test/scala/sge/scenes/scene2d/utils/ClickListenerTest.scala	202
nullable	../sge/sge/src/test/scala/sge/scenes/scene2d/utils/ClickListenerTest.scala	231
opaque-key-button	../sge/sge/src/test/scala/sge/scenes/scene2d/utils/ClickListenerTest.scala	234
opaque-key-button	../sge/sge/src/test/scala/sge/scenes/scene2d/utils/ClickListenerTest.scala	235
opaque-key-button	../sge/sge/src/test/scala/sge/scenes/scene2d/utils/SelectionChooseRedSuite.scala	32
member-shape	../sge/sge/src/test/scala/sge/scenes/scene2d/utils/SelectionChooseRedSuite.scala	140
member-shape	../sge/sge/src/test/scala/sge/scenes/scene2d/utils/SelectionSetIdentityRedSuite.scala	51
member-shape	../sge/sge/src/test/scala/sge/scenes/scene2d/utils/SelectionSetIdentityRedSuite.scala	57
member-shape	../sge/sge/src/test/scala/sge/scenes/scene2d/utils/SelectionTest.scala	22
member-shape	../sge/sge/src/test/scala/sge/scenes/scene2d/utils/SelectionTest.scala	162
member-shape	../sge/sge/src/test/scala/sge/scenes/scene2d/utils/SelectionTest.scala	172
member-shape	../sge/sge/src/test/scala/sge/scenes/scene2d/utils/SelectionTest.scala	241
member-shape	../sge/sge/src/test/scala/sge/scenes/scene2d/utils/SelectionTest.scala	297
member-shape	../sge/sge/src/test/scala/sge/scenes/scene2d/utils/SelectionTest.scala	324
assertion-mismatch	../sge/sge/src/test/scala/sge/scenes/scene2d/utils/SelectionTest.scala	326
assertion-mismatch	../sge/sge/src/test/scala/sge/scenes/scene2d/utils/SelectionTest.scala	327
arity	../sge/sge/src/test/scala/sge/scenes/scene2d/utils/SelectionTest.scala	340
member-shape	../sge/sge/src/test/scala/sge/utils/BinaryHeapTest.scala	56
context	../sge/sge/src/test/scala/sge/utils/PerformanceCounterTest.scala	11
context	../sge/sge/src/test/scala/sge/utils/PerformanceCounterTest.scala	17
assertion-mismatch	../sge/sge/src/test/scala/sge/utils/PerformanceCounterTest.scala	23
context	../sge/sge/src/test/scala/sge/utils/PerformanceCounterTest.scala	27
context	../sge/sge/src/test/scala/sge/utils/PerformanceCounterTest.scala	35
context	../sge/sge/src/test/scala/sge/utils/PerformanceCounterTest.scala	47
context	../sge/sge/src/test/scala/sge/utils/PerformanceCounterTest.scala	58
context	../sge/sge/src/test/scala/sge/utils/PerformanceCounterTest.scala	66
context	../sge/sge/src/test/scala/sge/utils/PerformanceCounterTest.scala	73
assertion-mismatch	../sge/sge/src/test/scala/sge/utils/PerformanceCounterTest.scala	80
context	../sge/sge/src/test/scala/sge/utils/PerformanceCounterTest.scala	84
context	../sge/sge/src/test/scala/sge/utils/PerformanceCounterTest.scala	96
context	../sge/sge/src/test/scala/sge/utils/PerformanceCounterTest.scala	107
assertion-mismatch	../sge/sge/src/test/scala/sge/utils/PerformanceCounterTest.scala	136
context	../sge/sge/src/test/scala/sge/utils/PerformanceCounterTest.scala	137
type-shape	../sge/sge/src/test/scala/sge/utils/PoolManagerTest.scala	20
type-shape	../sge/sge/src/test/scala/sge/utils/PoolManagerTest.scala	28
type-shape	../sge/sge/src/test/scala/sge/utils/PoolManagerTest.scala	37
type-shape	../sge/sge/src/test/scala/sge/utils/PoolManagerTest.scala	49
member-shape	../sge/sge/src/test/scala/sge/utils/PoolManagerTest.scala	52
member-shape	../sge/sge/src/test/scala/sge/utils/PoolManagerTest.scala	53
member-shape	../sge/sge/src/test/scala/sge/utils/PoolManagerTest.scala	56
member-shape	../sge/sge/src/test/scala/sge/utils/PoolManagerTest.scala	57
type-shape	../sge/sge/src/test/scala/sge/utils/PoolManagerTest.scala	62
member-shape	../sge/sge/src/test/scala/sge/utils/PoolManagerTest.scala	65
member-shape	../sge/sge/src/test/scala/sge/utils/PoolManagerTest.scala	70
type-shape	../sge/sge/src/test/scala/sge/utils/PoolManagerTest.scala	75
type-shape	../sge/sge/src/test/scala/sge/utils/PoolManagerTest.scala	77
member-shape	../sge/sge/src/test/scala/sge/utils/PoolManagerTest.scala	90
type-shape	../sge/sge/src/test/scala/sge/utils/PoolManagerTest.scala	96
type-shape	../sge/sge/src/test/scala/sge/utils/PoolManagerTest.scala	102
nullable	../sge/sge/src/test/scala/sge/utils/PoolManagerTest.scala	107
member-shape	../sge/sge/src/test/scala/sge/utils/StreamUtilsTest.scala	133
member-shape	../sge/sge/src/test/scala/sge/utils/StreamUtilsTest.scala	142
member-shape	../sge/sge/src/test/scala/sge/utils/StreamUtilsTest.scala	148
assertion-mismatch	../sge/sge/src/test/scala/sge/utils/StreamUtilsTest.scala	149
assertion-mismatch	../sge/sge/src/test/scala/sge/utils/StreamUtilsTest.scala	150
assertion-mismatch	../sge/sge/src/test/scala/sge/utils/StreamUtilsTest.scala	151
assertion-mismatch	../sge/sge/src/test/scala/sge/utils/StreamUtilsTest.scala	152
type-shape	../sge/sge/src/test/scala/sge/utils/viewport/ViewportTest.scala	182
type-shape	../sge/sge/src/test/scala/sge/utils/viewport/ViewportTest.scala	182
android	../sge/sge/src/test/scalajvm/sge/AndroidAudioAdapterTest.scala	9
android	../sge/sge/src/test/scalajvm/sge/AndroidAudioAssetFdRedSuite.scala	34
android	../sge/sge/src/test/scalajvm/sge/AndroidAudioAssetFdRedSuite.scala	34
filetype	../sge/sge/src/test/scalajvm/sge/DesktopApplicationConfigTest.scala	8
filetype	../sge/sge/src/test/scalajvm/sge/DesktopApplicationConfigTest.scala	44
filetype	../sge/sge/src/test/scalajvm/sge/DesktopApplicationConfigTest.scala	96
filetype	../sge/sge/src/test/scalajvm/sge/DesktopApplicationConfigTest.scala	98
member-shape	../sge/sge/src/test/scalajvm/sge/DesktopClipboardTest.scala	41
member-shape	../sge/sge/src/test/scalajvm/sge/DesktopClipboardTest.scala	87
member-shape	../sge/sge/src/test/scalajvm/sge/HeadlessApplicationTest.scala	104
net	../sge/sge/src/test/scalajvm/sge/HeadlessApplicationTest.scala	143
net	../sge/sge/src/test/scalajvm/sge/HeadlessApplicationTest.scala	144
filetype	../sge/sge/src/test/scalajvm/sge/assets/AssetLoaderSmokeTest.scala	7
filetype	../sge/sge/src/test/scalajvm/sge/assets/AssetLoaderSmokeTest.scala	25
filetype	../sge/sge/src/test/scalajvm/sge/assets/AssetLoaderSmokeTest.scala	25
filetype	../sge/sge/src/test/scalajvm/sge/assets/AssetLoaderSmokeTest.scala	41
filetype	../sge/sge/src/test/scalajvm/sge/assets/AssetLoaderSmokeTest.scala	41
filetype	../sge/sge/src/test/scalajvm/sge/assets/AssetLoaderSmokeTest.scala	43
member-shape	../sge/sge/src/test/scalajvm/sge/assets/AssetLoaderSmokeTest.scala	78
member-shape	../sge/sge/src/test/scalajvm/sge/assets/AssetLoaderSmokeTest.scala	81
member-shape	../sge/sge/src/test/scalajvm/sge/assets/AssetLoaderSmokeTest.scala	85
nullable	../sge/sge/src/test/scalajvm/sge/assets/AssetLoaderSmokeTest.scala	103
member-shape	../sge/sge/src/test/scalajvm/sge/assets/AssetLoaderSmokeTest.scala	271
nullable	../sge/sge/src/test/scalajvm/sge/assets/AssetLoaderSmokeTest.scala	280
nullable	../sge/sge/src/test/scalajvm/sge/assets/AssetLoaderSmokeTest.scala	297
filetype	../sge/sge/src/test/scalajvm/sge/assets/AssetManagerAsyncISS561Test.scala	24
filetype	../sge/sge/src/test/scalajvm/sge/assets/AssetManagerAsyncISS561Test.scala	40
filetype	../sge/sge/src/test/scalajvm/sge/assets/AssetManagerAsyncISS561Test.scala	40
context	../sge/sge/src/test/scalajvm/sge/assets/AssetManagerAsyncISS561Test.scala	71
context	../sge/sge/src/test/scalajvm/sge/assets/AssetManagerAsyncISS561Test.scala	163
context	../sge/sge/src/test/scalajvm/sge/assets/AssetManagerAsyncISS561Test.scala	205
assertion-mismatch	../sge/sge/src/test/scalajvm/sge/assets/AssetManagerAsyncISS561Test.scala	245
context	../sge/sge/src/test/scalajvm/sge/assets/AssetManagerAsyncISS561Test.scala	252
assertion-mismatch	../sge/sge/src/test/scalajvm/sge/assets/AssetManagerAsyncISS561Test.scala	276
context	../sge/sge/src/test/scalajvm/sge/assets/AssetManagerAsyncISS561Test.scala	283
context	../sge/sge/src/test/scalajvm/sge/assets/AssetManagerAsyncISS561Test.scala	315
assertion-mismatch	../sge/sge/src/test/scalajvm/sge/assets/AssetManagerAsyncISS561Test.scala	368
filetype	../sge/sge/src/test/scalajvm/sge/assets/AssetManagerDescriptorRoutingIss830CoverageSuite.scala	31
filetype	../sge/sge/src/test/scalajvm/sge/assets/AssetManagerDescriptorRoutingIss830CoverageSuite.scala	40
filetype	../sge/sge/src/test/scalajvm/sge/assets/AssetManagerDescriptorRoutingIss830CoverageSuite.scala	40
assertion-mismatch	../sge/sge/src/test/scalajvm/sge/assets/AssetManagerDescriptorRoutingIss830CoverageSuite.scala	62
filetype	../sge/sge/src/test/scalajvm/sge/assets/AssetManagerErrorCatchIss734RedSuite.scala	36
filetype	../sge/sge/src/test/scalajvm/sge/assets/AssetManagerErrorCatchIss734RedSuite.scala	49
filetype	../sge/sge/src/test/scalajvm/sge/assets/AssetManagerErrorCatchIss734RedSuite.scala	49
filetype	../sge/sge/src/test/scalajvm/sge/assets/AssetManagerLoggerIss733Suite.scala	28
filetype	../sge/sge/src/test/scalajvm/sge/assets/AssetManagerLoggerIss733Suite.scala	34
filetype	../sge/sge/src/test/scalajvm/sge/assets/AssetManagerLoggerIss733Suite.scala	34
filetype	../sge/sge/src/test/scalajvm/sge/assets/AssetManagerUnitTest.scala	12
filetype	../sge/sge/src/test/scalajvm/sge/assets/AssetManagerUnitTest.scala	29
filetype	../sge/sge/src/test/scalajvm/sge/assets/AssetManagerUnitTest.scala	29
member-shape	../sge/sge/src/test/scalajvm/sge/assets/AssetManagerUnitTest.scala	64
member-shape	../sge/sge/src/test/scalajvm/sge/assets/AssetManagerUnitTest.scala	156
member-shape	../sge/sge/src/test/scalajvm/sge/assets/AssetManagerUnitTest.scala	159
filetype	../sge/sge/src/test/scalajvm/sge/assets/loaders/FileHandleResolverTest.scala	10
filetype	../sge/sge/src/test/scalajvm/sge/assets/loaders/FileHandleResolverTest.scala	19
filetype	../sge/sge/src/test/scalajvm/sge/assets/loaders/FileHandleResolverTest.scala	19
member-shape	../sge/sge/src/test/scalajvm/sge/assets/loaders/FileHandleResolverTest.scala	24
assertion-mismatch	../sge/sge/src/test/scalajvm/sge/assets/loaders/FileHandleResolverTest.scala	26
member-shape	../sge/sge/src/test/scalajvm/sge/assets/loaders/FileHandleResolverTest.scala	31
assertion-mismatch	../sge/sge/src/test/scalajvm/sge/assets/loaders/FileHandleResolverTest.scala	33
member-shape	../sge/sge/src/test/scalajvm/sge/assets/loaders/FileHandleResolverTest.scala	39
assertion-mismatch	../sge/sge/src/test/scalajvm/sge/assets/loaders/FileHandleResolverTest.scala	40
assertion-mismatch	../sge/sge/src/test/scalajvm/sge/assets/loaders/FileHandleResolverTest.scala	43
assertion-mismatch	../sge/sge/src/test/scalajvm/sge/assets/loaders/FileHandleResolverTest.scala	46
member-shape	../sge/sge/src/test/scalajvm/sge/assets/loaders/FileHandleResolverTest.scala	56
member-shape	../sge/sge/src/test/scalajvm/sge/assets/loaders/FileHandleResolverTest.scala	57
member-shape	../sge/sge/src/test/scalajvm/sge/assets/loaders/FileHandleResolverTest.scala	58
member-shape	../sge/sge/src/test/scalajvm/sge/assets/loaders/FileHandleResolverTest.scala	63
member-shape	../sge/sge/src/test/scalajvm/sge/assets/loaders/FileHandleResolverTest.scala	64
filetype	../sge/sge/src/test/scalajvm/sge/audio/MiniaudioEngineInstanceRegistryIss810RedSuite.scala	33
filetype	../sge/sge/src/test/scalajvm/sge/audio/MiniaudioEngineInstanceRegistryIss810RedSuite.scala	108
filetype	../sge/sge/src/test/scalajvm/sge/audio/MiniaudioEngineInstanceRegistryIss810RedSuite.scala	108
filetype	../sge/sge/src/test/scalajvm/sge/audio/MiniaudioEngineInstanceRegistryIss810RedSuite.scala	116
filetype	../sge/sge/src/test/scalajvm/sge/audio/MiniaudioEngineInstanceRegistryIss810RedSuite.scala	116
filetype	../sge/sge/src/test/scalajvm/sge/audio/MiniaudioEngineSoundFormatIss772RedSuite.scala	18
filetype	../sge/sge/src/test/scalajvm/sge/audio/MiniaudioEngineSoundFormatIss772RedSuite.scala	58
filetype	../sge/sge/src/test/scalajvm/sge/audio/MiniaudioEngineSoundFormatIss772RedSuite.scala	58
filetype	../sge/sge/src/test/scalajvm/sge/audio/MiniaudioMusicOnCompleteIss760RedSuite.scala	29
filetype	../sge/sge/src/test/scalajvm/sge/audio/MiniaudioMusicOnCompleteIss760RedSuite.scala	99
filetype	../sge/sge/src/test/scalajvm/sge/audio/MiniaudioMusicOnCompleteIss760RedSuite.scala	99
member-shape	../sge/sge/src/test/scalajvm/sge/audio/MiniaudioMusicOnCompleteIss760RedSuite.scala	106
member-shape	../sge/sge/src/test/scalajvm/sge/audio/MiniaudioMusicOnCompleteIss760RedSuite.scala	117
filetype	../sge/sge/src/test/scalajvm/sge/audio/MiniaudioSoundFormatFallbackWaveDTest.scala	16
filetype	../sge/sge/src/test/scalajvm/sge/audio/MiniaudioSoundFormatFallbackWaveDTest.scala	55
filetype	../sge/sge/src/test/scalajvm/sge/audio/MiniaudioSoundFormatFallbackWaveDTest.scala	55
filetype	../sge/sge/src/test/scalajvm/sge/audio/MusicDurationIss781RedSuite.scala	18
filetype	../sge/sge/src/test/scalajvm/sge/audio/MusicDurationIss781RedSuite.scala	26
filetype	../sge/sge/src/test/scalajvm/sge/audio/MusicDurationIss781RedSuite.scala	26
member-shape	../sge/sge/src/test/scalajvm/sge/audio/MusicDurationIss781RedSuite.scala	31
filetype	../sge/sge/src/test/scalajvm/sge/audio/WavInputStreamTest.scala	79
filetype	../sge/sge/src/test/scalajvm/sge/audio/WavInputStreamTest.scala	79
filetype	../sge/sge/src/test/scalajvm/sge/audio/WavInputStreamTest.scala	95
filetype	../sge/sge/src/test/scalajvm/sge/audio/WavInputStreamTest.scala	95
filetype	../sge/sge/src/test/scalajvm/sge/audio/WavInputStreamTest.scala	110
filetype	../sge/sge/src/test/scalajvm/sge/audio/WavInputStreamTest.scala	110
filetype	../sge/sge/src/test/scalajvm/sge/audio/WavInputStreamTest.scala	127
filetype	../sge/sge/src/test/scalajvm/sge/audio/WavInputStreamTest.scala	127
filetype	../sge/sge/src/test/scalajvm/sge/audio/WavInputStreamTest.scala	142
filetype	../sge/sge/src/test/scalajvm/sge/audio/WavInputStreamTest.scala	142
filetype	../sge/sge/src/test/scalajvm/sge/audio/WavInputStreamTest.scala	157
filetype	../sge/sge/src/test/scalajvm/sge/audio/WavInputStreamTest.scala	157
filetype	../sge/sge/src/test/scalajvm/sge/audio/WavInputStreamTest.scala	174
filetype	../sge/sge/src/test/scalajvm/sge/audio/WavInputStreamTest.scala	174
android	../sge/sge/src/test/scalajvm/sge/files/AndroidFileHandleTest.scala	10
android	../sge/sge/src/test/scalajvm/sge/files/AndroidFileHandleTest.scala	46
android	../sge/sge/src/test/scalajvm/sge/files/AndroidFileHandleTest.scala	46
android	../sge/sge/src/test/scalajvm/sge/files/AndroidFileHandleTest.scala	49
android	../sge/sge/src/test/scalajvm/sge/files/AndroidFileHandleTest.scala	50
android	../sge/sge/src/test/scalajvm/sge/files/AndroidFileHandleTest.scala	54
android	../sge/sge/src/test/scalajvm/sge/files/AndroidFileHandleTest.scala	54
android	../sge/sge/src/test/scalajvm/sge/files/AndroidFileHandleTest.scala	62
android	../sge/sge/src/test/scalajvm/sge/files/AndroidFileHandleTest.scala	62
android	../sge/sge/src/test/scalajvm/sge/files/AndroidFileHandleTest.scala	65
android	../sge/sge/src/test/scalajvm/sge/files/AndroidFileHandleTest.scala	66
android	../sge/sge/src/test/scalajvm/sge/files/AndroidFileHandleTest.scala	70
android	../sge/sge/src/test/scalajvm/sge/files/AndroidFileHandleTest.scala	70
android	../sge/sge/src/test/scalajvm/sge/files/AndroidFileHandleTest.scala	79
android	../sge/sge/src/test/scalajvm/sge/files/AndroidFileHandleTest.scala	79
android	../sge/sge/src/test/scalajvm/sge/files/AndroidFileHandleTest.scala	82
android	../sge/sge/src/test/scalajvm/sge/files/AndroidFileHandleTest.scala	86
android	../sge/sge/src/test/scalajvm/sge/files/AndroidFileHandleTest.scala	86
android	../sge/sge/src/test/scalajvm/sge/files/AndroidFileHandleTest.scala	88
android	../sge/sge/src/test/scalajvm/sge/files/AndroidFileHandleTest.scala	92
android	../sge/sge/src/test/scalajvm/sge/files/AndroidFileHandleTest.scala	92
android	../sge/sge/src/test/scalajvm/sge/files/AndroidFileHandleTest.scala	94
android	../sge/sge/src/test/scalajvm/sge/files/AndroidFileHandleTest.scala	102
android	../sge/sge/src/test/scalajvm/sge/files/AndroidFileHandleTest.scala	102
android	../sge/sge/src/test/scalajvm/sge/files/AndroidFileHandleTest.scala	104
android	../sge/sge/src/test/scalajvm/sge/files/AndroidFileHandleTest.scala	108
android	../sge/sge/src/test/scalajvm/sge/files/AndroidFileHandleTest.scala	108
android	../sge/sge/src/test/scalajvm/sge/files/AndroidFileHandleTest.scala	118
android	../sge/sge/src/test/scalajvm/sge/files/AndroidFileHandleTest.scala	118
android	../sge/sge/src/test/scalajvm/sge/files/AndroidFileHandleTest.scala	126
android	../sge/sge/src/test/scalajvm/sge/files/AndroidFileHandleTest.scala	126
android	../sge/sge/src/test/scalajvm/sge/files/AndroidFileHandleTest.scala	136
android	../sge/sge/src/test/scalajvm/sge/files/AndroidFileHandleTest.scala	136
android	../sge/sge/src/test/scalajvm/sge/files/AndroidFileHandleTest.scala	137
android	../sge/sge/src/test/scalajvm/sge/files/AndroidFileHandleTest.scala	141
android	../sge/sge/src/test/scalajvm/sge/files/AndroidFileHandleTest.scala	141
android	../sge/sge/src/test/scalajvm/sge/files/AndroidFileHandleTest.scala	149
android	../sge/sge/src/test/scalajvm/sge/files/AndroidFileHandleTest.scala	149
android	../sge/sge/src/test/scalajvm/sge/files/AndroidFileHandleTest.scala	150
android	../sge/sge/src/test/scalajvm/sge/files/AndroidFileHandleTest.scala	155
android	../sge/sge/src/test/scalajvm/sge/files/AndroidFileHandleTest.scala	155
android	../sge/sge/src/test/scalajvm/sge/files/AndroidFileHandleTest.scala	156
android	../sge/sge/src/test/scalajvm/sge/files/AndroidFileHandleTest.scala	160
android	../sge/sge/src/test/scalajvm/sge/files/AndroidFileHandleTest.scala	160
android	../sge/sge/src/test/scalajvm/sge/files/AndroidFileHandleTest.scala	169
android	../sge/sge/src/test/scalajvm/sge/files/AndroidFileHandleTest.scala	169
android	../sge/sge/src/test/scalajvm/sge/files/AndroidFileHandleTest.scala	170
android	../sge/sge/src/test/scalajvm/sge/files/AndroidFileHandleTest.scala	174
android	../sge/sge/src/test/scalajvm/sge/files/AndroidFileHandleTest.scala	174
android	../sge/sge/src/test/scalajvm/sge/files/AndroidFileHandleTest.scala	175
android	../sge/sge/src/test/scalajvm/sge/files/AndroidFileHandleTest.scala	182
android	../sge/sge/src/test/scalajvm/sge/files/AndroidFileHandleTest.scala	182
android	../sge/sge/src/test/scalajvm/sge/files/AndroidFileHandleTest.scala	183
android	../sge/sge/src/test/scalajvm/sge/files/AndroidFileHandleTest.scala	187
android	../sge/sge/src/test/scalajvm/sge/files/AndroidFileHandleTest.scala	187
android	../sge/sge/src/test/scalajvm/sge/files/AndroidFileHandleTest.scala	188
android	../sge/sge/src/test/scalajvm/sge/files/AndroidFileHandleTest.scala	192
android	../sge/sge/src/test/scalajvm/sge/files/AndroidFileHandleTest.scala	192
android	../sge/sge/src/test/scalajvm/sge/files/AndroidFileHandleTest.scala	193
android	../sge/sge/src/test/scalajvm/sge/files/AndroidFileHandleTest.scala	199
android	../sge/sge/src/test/scalajvm/sge/files/AndroidFileHandleTest.scala	201
filetype	../sge/sge/src/test/scalajvm/sge/files/DesktopFileHandleTest.scala	18
assertion-mismatch	../sge/sge/src/test/scalajvm/sge/files/DesktopFileHandleTest.scala	21
filetype	../sge/sge/src/test/scalajvm/sge/files/DesktopFileHandleTest.scala	25
filetype	../sge/sge/src/test/scalajvm/sge/files/DesktopFileHandleTest.scala	33
assertion-mismatch	../sge/sge/src/test/scalajvm/sge/files/DesktopFileHandleTest.scala	36
filetype	../sge/sge/src/test/scalajvm/sge/files/DesktopFileHandleTest.scala	40
filetype	../sge/sge/src/test/scalajvm/sge/files/DesktopFileHandleTest.scala	49
filetype	../sge/sge/src/test/scalajvm/sge/files/DesktopFileHandleTest.scala	55
assertion-mismatch	../sge/sge/src/test/scalajvm/sge/files/DesktopFileHandleTest.scala	58
filetype	../sge/sge/src/test/scalajvm/sge/files/DesktopFileHandleTest.scala	62
assertion-mismatch	../sge/sge/src/test/scalajvm/sge/files/DesktopFileHandleTest.scala	64
filetype	../sge/sge/src/test/scalajvm/sge/files/DesktopFileHandleTest.scala	70
assertion-mismatch	../sge/sge/src/test/scalajvm/sge/files/DesktopFileHandleTest.scala	71
filetype	../sge/sge/src/test/scalajvm/sge/files/DesktopFileHandleTest.scala	75
assertion-mismatch	../sge/sge/src/test/scalajvm/sge/files/DesktopFileHandleTest.scala	76
filetype	../sge/sge/src/test/scalajvm/sge/files/DesktopFileHandleTest.scala	80
assertion-mismatch	../sge/sge/src/test/scalajvm/sge/files/DesktopFileHandleTest.scala	81
filetype	../sge/sge/src/test/scalajvm/sge/files/DesktopFileHandleTest.scala	85
assertion-mismatch	../sge/sge/src/test/scalajvm/sge/files/DesktopFileHandleTest.scala	86
filetype	../sge/sge/src/test/scalajvm/sge/files/DesktopFileHandleTest.scala	94
assertion-mismatch	../sge/sge/src/test/scalajvm/sge/files/DesktopFileHandleTest.scala	101
assertion-mismatch	../sge/sge/src/test/scalajvm/sge/files/DesktopFileHandleTest.scala	102
assertion-mismatch	../sge/sge/src/test/scalajvm/sge/files/DesktopFileHandleTest.scala	103
filetype	../sge/sge/src/test/scalajvm/sge/files/DesktopFileHandleTest.scala	108
assertion-mismatch	../sge/sge/src/test/scalajvm/sge/files/DesktopFileHandleTest.scala	110
other	../sge/sge/src/test/scalajvm/sge/files/DesktopFilesTest.scala	13
assertion-mismatch	../sge/sge/src/test/scalajvm/sge/files/DesktopFilesTest.scala	18
assertion-mismatch	../sge/sge/src/test/scalajvm/sge/files/DesktopFilesTest.scala	26
filetype	../sge/sge/src/test/scalajvm/sge/files/DesktopFilesTest.scala	41
filetype	../sge/sge/src/test/scalajvm/sge/files/DesktopFilesTest.scala	47
filetype	../sge/sge/src/test/scalajvm/sge/files/DesktopFilesTest.scala	52
filetype	../sge/sge/src/test/scalajvm/sge/files/DesktopFilesTest.scala	57
filetype	../sge/sge/src/test/scalajvm/sge/files/DesktopFilesTest.scala	62
filetype	../sge/sge/src/test/scalajvm/sge/files/DesktopFilesTest.scala	67
type-shape	../sge/sge/src/test/scalajvm/sge/files/DesktopPreferencesTest.scala	103
filetype	../sge/sge/src/test/scalajvm/sge/files/DesktopPreferencesTest.scala	126
android	../sge/sge/src/test/scalajvm/sge/graphics/AndroidGL20AdapterTest.scala	10
android	../sge/sge/src/test/scalajvm/sge/graphics/AndroidGL20AdapterTest.scala	192
android	../sge/sge/src/test/scalajvm/sge/graphics/AndroidGL20AdapterTest.scala	200
android	../sge/sge/src/test/scalajvm/sge/graphics/AndroidGL20AdapterTest.scala	208
android	../sge/sge/src/test/scalajvm/sge/graphics/AndroidGL20AdapterTest.scala	216
android	../sge/sge/src/test/scalajvm/sge/graphics/AndroidGL20AdapterTest.scala	224
android	../sge/sge/src/test/scalajvm/sge/graphics/AndroidGL20AdapterTest.scala	232
android	../sge/sge/src/test/scalajvm/sge/graphics/AndroidGL20AdapterTest.scala	241
android	../sge/sge/src/test/scalajvm/sge/graphics/AndroidGL20AdapterTest.scala	249
android	../sge/sge/src/test/scalajvm/sge/graphics/AndroidGL20AdapterTest.scala	257
android	../sge/sge/src/test/scalajvm/sge/graphics/AndroidGL20AdapterTest.scala	258
android	../sge/sge/src/test/scalajvm/sge/graphics/AndroidGL20AdapterTest.scala	259
android	../sge/sge/src/test/scalajvm/sge/graphics/AndroidGL20AdapterTest.scala	260
net	../sge/sge/src/test/scalajvm/sge/graphics/DownloadPixmapRedSuite.scala	55
net	../sge/sge/src/test/scalajvm/sge/graphics/DownloadPixmapRedSuite.scala	63
net	../sge/sge/src/test/scalajvm/sge/graphics/DownloadPixmapRedSuite.scala	103
net	../sge/sge/src/test/scalajvm/sge/graphics/DownloadPixmapRedSuite.scala	143
net	../sge/sge/src/test/scalajvm/sge/graphics/DownloadPixmapRedSuite.scala	144
opaque-time-pixels	../sge/sge/src/test/scalajvm/sge/graphics/DownloadPixmapRedSuite.scala	210
opaque-time-pixels	../sge/sge/src/test/scalajvm/sge/graphics/DownloadPixmapRedSuite.scala	211
member-shape	../sge/sge/src/test/scalajvm/sge/graphics/GL20OpaqueTypeCoverageTest.scala	22
android	../sge/sge/src/test/scalajvm/sge/graphics/GL20OpaqueTypeCoverageTest.scala	210
android	../sge/sge/src/test/scalajvm/sge/graphics/GL20OpaqueTypeCoverageTest.scala	218
android	../sge/sge/src/test/scalajvm/sge/graphics/GL20OpaqueTypeCoverageTest.scala	226
android	../sge/sge/src/test/scalajvm/sge/graphics/GL20OpaqueTypeCoverageTest.scala	237
android	../sge/sge/src/test/scalajvm/sge/graphics/GL20OpaqueTypeCoverageTest.scala	245
android	../sge/sge/src/test/scalajvm/sge/graphics/GL20OpaqueTypeCoverageTest.scala	253
android	../sge/sge/src/test/scalajvm/sge/graphics/GL20OpaqueTypeCoverageTest.scala	261
android	../sge/sge/src/test/scalajvm/sge/graphics/GL20OpaqueTypeCoverageTest.scala	280
android	../sge/sge/src/test/scalajvm/sge/graphics/GL20OpaqueTypeCoverageTest.scala	288
android	../sge/sge/src/test/scalajvm/sge/graphics/GL20OpaqueTypeCoverageTest.scala	296
android	../sge/sge/src/test/scalajvm/sge/graphics/GL20OpaqueTypeCoverageTest.scala	309
android	../sge/sge/src/test/scalajvm/sge/graphics/GL20OpaqueTypeCoverageTest.scala	317
android	../sge/sge/src/test/scalajvm/sge/graphics/GL20OpaqueTypeCoverageTest.scala	326
android	../sge/sge/src/test/scalajvm/sge/graphics/GL20OpaqueTypeCoverageTest.scala	337
android	../sge/sge/src/test/scalajvm/sge/graphics/GL20OpaqueTypeCoverageTest.scala	346
android	../sge/sge/src/test/scalajvm/sge/graphics/GL20OpaqueTypeCoverageTest.scala	354
android	../sge/sge/src/test/scalajvm/sge/graphics/GL20OpaqueTypeCoverageTest.scala	363
android	../sge/sge/src/test/scalajvm/sge/graphics/GL20OpaqueTypeCoverageTest.scala	371
android	../sge/sge/src/test/scalajvm/sge/graphics/GL20OpaqueTypeCoverageTest.scala	390
android	../sge/sge/src/test/scalajvm/sge/graphics/GL20OpaqueTypeCoverageTest.scala	399
android	../sge/sge/src/test/scalajvm/sge/graphics/GL20OpaqueTypeCoverageTest.scala	408
android	../sge/sge/src/test/scalajvm/sge/graphics/GL20OpaqueTypeCoverageTest.scala	417
android	../sge/sge/src/test/scalajvm/sge/graphics/GL20OpaqueTypeCoverageTest.scala	431
android	../sge/sge/src/test/scalajvm/sge/graphics/GL20OpaqueTypeCoverageTest.scala	449
android	../sge/sge/src/test/scalajvm/sge/graphics/GL20OpaqueTypeCoverageTest.scala	458
android	../sge/sge/src/test/scalajvm/sge/graphics/GL20OpaqueTypeCoverageTest.scala	468
android	../sge/sge/src/test/scalajvm/sge/graphics/GL20OpaqueTypeCoverageTest.scala	490
android	../sge/sge/src/test/scalajvm/sge/graphics/GL20OpaqueTypeCoverageTest.scala	498
android	../sge/sge/src/test/scalajvm/sge/graphics/GL20OpaqueTypeCoverageTest.scala	505
android	../sge/sge/src/test/scalajvm/sge/graphics/GL20OpaqueTypeCoverageTest.scala	513
android	../sge/sge/src/test/scalajvm/sge/graphics/GL20OpaqueTypeCoverageTest.scala	520
android	../sge/sge/src/test/scalajvm/sge/graphics/GL20OpaqueTypeCoverageTest.scala	528
android	../sge/sge/src/test/scalajvm/sge/graphics/GL20OpaqueTypeCoverageTest.scala	541
android	../sge/sge/src/test/scalajvm/sge/graphics/GL20OpaqueTypeCoverageTest.scala	549
android	../sge/sge/src/test/scalajvm/sge/graphics/GL20OpaqueTypeCoverageTest.scala	558
android	../sge/sge/src/test/scalajvm/sge/graphics/GL20OpaqueTypeCoverageTest.scala	581
android	../sge/sge/src/test/scalajvm/sge/graphics/GL20OpaqueTypeCoverageTest.scala	590
android	../sge/sge/src/test/scalajvm/sge/graphics/GL20OpaqueTypeCoverageTest.scala	599
android	../sge/sge/src/test/scalajvm/sge/graphics/GL20OpaqueTypeCoverageTest.scala	621
android	../sge/sge/src/test/scalajvm/sge/graphics/GL20OpaqueTypeCoverageTest.scala	629
android	../sge/sge/src/test/scalajvm/sge/graphics/GL20OpaqueTypeCoverageTest.scala	636
android	../sge/sge/src/test/scalajvm/sge/graphics/GL20OpaqueTypeCoverageTest.scala	648
member-shape	../sge/sge/src/test/scalajvm/sge/graphics/GL30OpaqueTypeCoverageTest.scala	18
android	../sge/sge/src/test/scalajvm/sge/graphics/GL30OpaqueTypeCoverageTest.scala	414
android	../sge/sge/src/test/scalajvm/sge/graphics/GL30OpaqueTypeCoverageTest.scala	426
android	../sge/sge/src/test/scalajvm/sge/graphics/GL30OpaqueTypeCoverageTest.scala	438
android	../sge/sge/src/test/scalajvm/sge/graphics/GL30OpaqueTypeCoverageTest.scala	450
android	../sge/sge/src/test/scalajvm/sge/graphics/GL30OpaqueTypeCoverageTest.scala	462
android	../sge/sge/src/test/scalajvm/sge/graphics/GL30OpaqueTypeCoverageTest.scala	474
android	../sge/sge/src/test/scalajvm/sge/graphics/GL30OpaqueTypeCoverageTest.scala	486
android	../sge/sge/src/test/scalajvm/sge/graphics/GL30OpaqueTypeCoverageTest.scala	498
android	../sge/sge/src/test/scalajvm/sge/graphics/GL30OpaqueTypeCoverageTest.scala	510
android	../sge/sge/src/test/scalajvm/sge/graphics/GL30OpaqueTypeCoverageTest.scala	522
android	../sge/sge/src/test/scalajvm/sge/graphics/GL30OpaqueTypeCoverageTest.scala	534
android	../sge/sge/src/test/scalajvm/sge/graphics/GL30OpaqueTypeCoverageTest.scala	546
android	../sge/sge/src/test/scalajvm/sge/graphics/GL30OpaqueTypeCoverageTest.scala	558
android	../sge/sge/src/test/scalajvm/sge/graphics/GL30OpaqueTypeCoverageTest.scala	570
android	../sge/sge/src/test/scalajvm/sge/graphics/GL30OpaqueTypeCoverageTest.scala	582
android	../sge/sge/src/test/scalajvm/sge/graphics/GL30OpaqueTypeCoverageTest.scala	594
android	../sge/sge/src/test/scalajvm/sge/graphics/GL30OpaqueTypeCoverageTest.scala	606
android	../sge/sge/src/test/scalajvm/sge/graphics/GL30OpaqueTypeCoverageTest.scala	618
android	../sge/sge/src/test/scalajvm/sge/graphics/GL30OpaqueTypeCoverageTest.scala	630
android	../sge/sge/src/test/scalajvm/sge/graphics/GL30OpaqueTypeCoverageTest.scala	642
android	../sge/sge/src/test/scalajvm/sge/graphics/GL30OpaqueTypeCoverageTest.scala	654
android	../sge/sge/src/test/scalajvm/sge/graphics/GL30OpaqueTypeCoverageTest.scala	667
type-shape	../sge/sge/src/test/scalajvm/sge/graphics/MeshISS561Suite.scala	151
opaque-time-pixels	../sge/sge/src/test/scalajvm/sge/graphics/PixmapIOPngRedSuite.scala	62
opaque-time-pixels	../sge/sge/src/test/scalajvm/sge/graphics/PixmapIOPngRedSuite.scala	62
opaque-time-pixels	../sge/sge/src/test/scalajvm/sge/graphics/PixmapIOPngRedSuite.scala	206
opaque-time-pixels	../sge/sge/src/test/scalajvm/sge/graphics/PixmapIOPngRedSuite.scala	207
opaque-time-pixels	../sge/sge/src/test/scalajvm/sge/graphics/PixmapIOPngRedSuite.scala	208
opaque-time-pixels	../sge/sge/src/test/scalajvm/sge/graphics/PixmapIOPngRedSuite.scala	208
opaque-time-pixels	../sge/sge/src/test/scalajvm/sge/graphics/PixmapIOPngRedSuite.scala	209
opaque-time-pixels	../sge/sge/src/test/scalajvm/sge/graphics/PixmapIOPngRedSuite.scala	209
opaque-time-pixels	../sge/sge/src/test/scalajvm/sge/graphics/PixmapIOPngRedSuite.scala	210
opaque-time-pixels	../sge/sge/src/test/scalajvm/sge/graphics/PixmapIOPngRedSuite.scala	210
opaque-time-pixels	../sge/sge/src/test/scalajvm/sge/graphics/PixmapIOPngRedSuite.scala	211
opaque-time-pixels	../sge/sge/src/test/scalajvm/sge/graphics/PixmapIOPngRedSuite.scala	211
member-shape	../sge/sge/src/test/scalajvm/sge/graphics/g2d/AlignApiBoundaryIss770RedSuite.scala	57
member-shape	../sge/sge/src/test/scalajvm/sge/graphics/g2d/BitmapFontCacheDefaultAlignRedSuite.scala	62
member-shape	../sge/sge/src/test/scalajvm/sge/graphics/g2d/BitmapFontCacheRedSuite.scala	51
member-shape	../sge/sge/src/test/scalajvm/sge/graphics/g2d/BitmapFontCacheRedSuite.scala	59
member-shape	../sge/sge/src/test/scalajvm/sge/graphics/g2d/BitmapFontCacheRedSuite.scala	102
filetype	../sge/sge/src/test/scalajvm/sge/graphics/g2d/BitmapFontPagesIss732Suite.scala	43
filetype	../sge/sge/src/test/scalajvm/sge/graphics/g2d/BitmapFontPagesIss732Suite.scala	50
filetype	../sge/sge/src/test/scalajvm/sge/graphics/g2d/BitmapFontPagesIss732Suite.scala	60
filetype	../sge/sge/src/test/scalajvm/sge/graphics/g2d/BitmapFontPagesIss732Suite.scala	83
filetype	../sge/sge/src/test/scalajvm/sge/graphics/g2d/BitmapFontPagesIss732Suite.scala	83
nullable	../sge/sge/src/test/scalajvm/sge/graphics/g2d/BitmapFontPagesIss732Suite.scala	109
filetype	../sge/sge/src/test/scalajvm/sge/graphics/g2d/BitmapFontPagesIss732Suite.scala	150
filetype	../sge/sge/src/test/scalajvm/sge/graphics/g2d/BitmapFontRegionsAndGlyphMetricIss734RedSuite.scala	85
member-shape	../sge/sge/src/test/scalajvm/sge/graphics/g2d/BitmapFontRegionsAndGlyphMetricIss734RedSuite.scala	103
opaque-time-pixels	../sge/sge/src/test/scalajvm/sge/graphics/g2d/BitmapFontRegionsAndGlyphMetricIss734RedSuite.scala	134
opaque-time-pixels	../sge/sge/src/test/scalajvm/sge/graphics/g2d/BitmapFontRegionsAndGlyphMetricIss734RedSuite.scala	134
opaque-time-pixels	../sge/sge/src/test/scalajvm/sge/graphics/g2d/BitmapFontRegionsAndGlyphMetricIss734RedSuite.scala	134
member-shape	../sge/sge/src/test/scalajvm/sge/graphics/g2d/BitmapFontRegionsAndGlyphMetricIss734RedSuite.scala	148
opaque-time-pixels	../sge/sge/src/test/scalajvm/sge/graphics/g2d/Gdx2dBlitRedSuite.scala	75
opaque-time-pixels	../sge/sge/src/test/scalajvm/sge/graphics/g2d/Gdx2dBlitRedSuite.scala	75
opaque-time-pixels	../sge/sge/src/test/scalajvm/sge/graphics/g2d/Gdx2dBlitRedSuite.scala	76
opaque-time-pixels	../sge/sge/src/test/scalajvm/sge/graphics/g2d/Gdx2dBlitRedSuite.scala	76
opaque-time-pixels	../sge/sge/src/test/scalajvm/sge/graphics/g2d/Gdx2dBlitRedSuite.scala	84
opaque-time-pixels	../sge/sge/src/test/scalajvm/sge/graphics/g2d/Gdx2dBlitRedSuite.scala	84
opaque-time-pixels	../sge/sge/src/test/scalajvm/sge/graphics/g2d/Gdx2dBlitRedSuite.scala	84
opaque-time-pixels	../sge/sge/src/test/scalajvm/sge/graphics/g2d/Gdx2dBlitRedSuite.scala	84
opaque-time-pixels	../sge/sge/src/test/scalajvm/sge/graphics/g2d/Gdx2dBlitRedSuite.scala	84
opaque-time-pixels	../sge/sge/src/test/scalajvm/sge/graphics/g2d/Gdx2dBlitRedSuite.scala	84
opaque-time-pixels	../sge/sge/src/test/scalajvm/sge/graphics/g2d/Gdx2dBlitRedSuite.scala	84
opaque-time-pixels	../sge/sge/src/test/scalajvm/sge/graphics/g2d/Gdx2dBlitRedSuite.scala	84
opaque-time-pixels	../sge/sge/src/test/scalajvm/sge/graphics/g2d/Gdx2dBlitRedSuite.scala	96
opaque-time-pixels	../sge/sge/src/test/scalajvm/sge/graphics/g2d/Gdx2dBlitRedSuite.scala	96
opaque-time-pixels	../sge/sge/src/test/scalajvm/sge/graphics/g2d/Gdx2dBlitRedSuite.scala	111
opaque-time-pixels	../sge/sge/src/test/scalajvm/sge/graphics/g2d/Gdx2dBlitRedSuite.scala	111
opaque-time-pixels	../sge/sge/src/test/scalajvm/sge/graphics/g2d/Gdx2dBlitRedSuite.scala	125
opaque-time-pixels	../sge/sge/src/test/scalajvm/sge/graphics/g2d/Gdx2dBlitRedSuite.scala	125
opaque-time-pixels	../sge/sge/src/test/scalajvm/sge/graphics/g2d/Gdx2dBlitRedSuite.scala	149
opaque-time-pixels	../sge/sge/src/test/scalajvm/sge/graphics/g2d/Gdx2dBlitRedSuite.scala	149
member-shape	../sge/sge/src/test/scalajvm/sge/graphics/g2d/GlyphLayoutAlignRedSuite.scala	63
member-shape	../sge/sge/src/test/scalajvm/sge/graphics/g2d/GlyphLayoutAlignRedSuite.scala	71
other	../sge/sge/src/test/scalajvm/sge/graphics/g2d/GlyphLayoutAlignRedSuite.scala	84
member-shape	../sge/sge/src/test/scalajvm/sge/graphics/g2d/GlyphLayoutConcurrentSetTextRedSuite.scala	71
member-shape	../sge/sge/src/test/scalajvm/sge/graphics/g2d/GlyphLayoutConcurrentSetTextRedSuite.scala	89
member-shape	../sge/sge/src/test/scalajvm/sge/graphics/g2d/GlyphLayoutConcurrentSetTextRedSuite.scala	178
member-shape	../sge/sge/src/test/scalajvm/sge/graphics/g2d/GlyphLayoutRedSuite.scala	46
member-shape	../sge/sge/src/test/scalajvm/sge/graphics/g2d/GlyphLayoutRedSuite.scala	53
member-shape	../sge/sge/src/test/scalajvm/sge/graphics/g2d/GlyphLayoutRedSuite.scala	76
member-shape	../sge/sge/src/test/scalajvm/sge/graphics/g2d/GlyphLayoutRedSuite.scala	79
nullable	../sge/sge/src/test/scalajvm/sge/graphics/g3d/ModelInstanceCopyNodesIss734RedSuite.scala	78
member-shape	../sge/sge/src/test/scalajvm/sge/graphics/g3d/decals/DecalSortRebindRedSuite.scala	181
context	../sge/sge/src/test/scalajvm/sge/graphics/g3d/loader/ObjLoaderFanRedSuite.scala	78
particles	../sge/sge/src/test/scalajvm/sge/graphics/g3d/particles/ParticleEffectIoRedSuite.scala	94
particles	../sge/sge/src/test/scalajvm/sge/graphics/g3d/particles/ParticleEffectIoRedSuite.scala	122
particles	../sge/sge/src/test/scalajvm/sge/graphics/g3d/particles/ParticleEffectIoRedSuite.scala	143
particles	../sge/sge/src/test/scalajvm/sge/graphics/g3d/particles/ParticleEffectIoRedSuite.scala	144
particles	../sge/sge/src/test/scalajvm/sge/graphics/g3d/particles/ParticleEffectIoRedSuite.scala	178
particles	../sge/sge/src/test/scalajvm/sge/graphics/g3d/particles/ParticleEffectIoRedSuite.scala	263
type-shape	../sge/sge/src/test/scalajvm/sge/graphics/glutils/FrameBufferISS561Suite.scala	179
member-shape	../sge/sge/src/test/scalajvm/sge/graphics/glutils/FrameBufferISS561Suite.scala	193
tiled	../sge/sge/src/test/scalajvm/sge/maps/tiled/TiledMapFileLoadingSuite.scala	41
tiled	../sge/sge/src/test/scalajvm/sge/maps/tiled/TiledMapFileLoadingSuite.scala	116
tiled	../sge/sge/src/test/scalajvm/sge/maps/tiled/TiledMapFileLoadingSuite.scala	166
tiled	../sge/sge/src/test/scalajvm/sge/maps/tiled/TiledMapFileLoadingSuite.scala	167
tiled	../sge/sge/src/test/scalajvm/sge/maps/tiled/TiledMapFileLoadingSuite.scala	168
tiled	../sge/sge/src/test/scalajvm/sge/maps/tiled/TiledMapFileLoadingSuite.scala	169
tiled	../sge/sge/src/test/scalajvm/sge/maps/tiled/TiledMapFileLoadingSuite.scala	170
tiled	../sge/sge/src/test/scalajvm/sge/maps/tiled/TiledMapFileLoadingSuite.scala	181
tiled	../sge/sge/src/test/scalajvm/sge/maps/tiled/TiledMapFileLoadingSuite.scala	184
tiled	../sge/sge/src/test/scalajvm/sge/maps/tiled/TiledMapFileLoadingSuite.scala	228
tiled	../sge/sge/src/test/scalajvm/sge/maps/tiled/TiledMapFileLoadingSuite.scala	229
tiled	../sge/sge/src/test/scalajvm/sge/maps/tiled/TiledMapFileLoadingSuite.scala	230
tiled	../sge/sge/src/test/scalajvm/sge/maps/tiled/TiledMapFileLoadingSuite.scala	231
tiled	../sge/sge/src/test/scalajvm/sge/maps/tiled/TiledMapFileLoadingSuite.scala	232
tiled	../sge/sge/src/test/scalajvm/sge/maps/tiled/TiledMapFileLoadingSuite.scala	243
tiled	../sge/sge/src/test/scalajvm/sge/maps/tiled/TiledMapFileLoadingSuite.scala	246
member-shape	../sge/sge/src/test/scalajvm/sge/math/collision/BoundingBoxIntersectsIss734RedSuite.scala	48
member-shape	../sge/sge/src/test/scalajvm/sge/math/collision/BoundingBoxIntersectsIss734RedSuite.scala	57
net	../sge/sge/src/test/scalajvm/sge/net/HttpBinaryBodyRedSuite.scala	53
net	../sge/sge/src/test/scalajvm/sge/net/HttpBinaryBodyRedSuite.scala	81
net	../sge/sge/src/test/scalajvm/sge/net/HttpBinaryBodyRedSuite.scala	90
net	../sge/sge/src/test/scalajvm/sge/net/HttpBinaryBodyRedSuite.scala	90
net	../sge/sge/src/test/scalajvm/sge/net/NetJavaSocketTest.scala	22
net	../sge/sge/src/test/scalajvm/sge/net/NetJavaSocketTest.scala	31
net	../sge/sge/src/test/scalajvm/sge/net/NetJavaSocketTest.scala	92
net	../sge/sge/src/test/scalajvm/sge/net/SgeHttpClientDoubleFreeRedSuite.scala	25
net	../sge/sge/src/test/scalajvm/sge/net/SgeHttpClientDoubleFreeRedSuite.scala	25
net	../sge/sge/src/test/scalajvm/sge/net/SgeHttpClientDoubleFreeRedSuite.scala	26
net	../sge/sge/src/test/scalajvm/sge/net/SgeHttpClientDoubleFreeRedSuite.scala	26
net	../sge/sge/src/test/scalajvm/sge/net/SgeHttpClientDoubleFreeRedSuite.scala	27
net	../sge/sge/src/test/scalajvm/sge/net/SgeHttpClientDoubleFreeRedSuite.scala	27
net	../sge/sge/src/test/scalajvm/sge/net/SgeHttpClientDoubleFreeRedSuite.scala	28
net	../sge/sge/src/test/scalajvm/sge/net/SgeHttpClientDoubleFreeRedSuite.scala	32
net	../sge/sge/src/test/scalajvm/sge/net/SgeHttpClientDoubleFreeRedSuite.scala	33
net	../sge/sge/src/test/scalajvm/sge/net/SgeHttpClientDoubleFreeRedSuite.scala	33
net	../sge/sge/src/test/scalajvm/sge/net/SgeHttpClientDoubleFreeRedSuite.scala	35
net	../sge/sge/src/test/scalajvm/sge/net/SgeHttpClientDoubleFreeRedSuite.scala	35
net	../sge/sge/src/test/scalajvm/sge/net/SgeHttpClientDoubleFreeRedSuite.scala	36
net	../sge/sge/src/test/scalajvm/sge/net/SgeHttpClientDoubleFreeRedSuite.scala	60
net	../sge/sge/src/test/scalajvm/sge/net/SgeHttpClientDoubleFreeRedSuite.scala	60
net	../sge/sge/src/test/scalajvm/sge/net/SgeHttpClientDoubleFreeRedSuite.scala	83
net	../sge/sge/src/test/scalajvm/sge/net/SgeHttpClientDoubleFreeRedSuite.scala	83
net	../sge/sge/src/test/scalajvm/sge/net/SgeHttpClientDoubleFreeRedSuite.scala	85
net	../sge/sge/src/test/scalajvm/sge/net/SgeHttpClientDoubleFreeRedSuite.scala	165
net	../sge/sge/src/test/scalajvm/sge/net/SgeHttpClientTest.scala	15
net	../sge/sge/src/test/scalajvm/sge/net/SgeHttpClientTest.scala	15
net	../sge/sge/src/test/scalajvm/sge/net/SgeHttpClientTest.scala	16
net	../sge/sge/src/test/scalajvm/sge/net/SgeHttpClientTest.scala	16
net	../sge/sge/src/test/scalajvm/sge/net/SgeHttpClientTest.scala	17
net	../sge/sge/src/test/scalajvm/sge/net/SgeHttpClientTest.scala	17
net	../sge/sge/src/test/scalajvm/sge/net/SgeHttpClientTest.scala	18
net	../sge/sge/src/test/scalajvm/sge/net/SgeHttpClientTest.scala	22
net	../sge/sge/src/test/scalajvm/sge/net/SgeHttpClientTest.scala	23
net	../sge/sge/src/test/scalajvm/sge/net/SgeHttpClientTest.scala	24
net	../sge/sge/src/test/scalajvm/sge/net/SgeHttpClientTest.scala	27
net	../sge/sge/src/test/scalajvm/sge/net/SgeHttpClientTest.scala	27
net	../sge/sge/src/test/scalajvm/sge/net/SgeHttpClientTest.scala	29
net	../sge/sge/src/test/scalajvm/sge/net/SgeHttpClientTest.scala	38
net	../sge/sge/src/test/scalajvm/sge/net/SgeHttpClientTest.scala	38
net	../sge/sge/src/test/scalajvm/sge/net/SgeHttpClientTest.scala	42
net	../sge/sge/src/test/scalajvm/sge/net/SgeHttpClientTest.scala	44
net	../sge/sge/src/test/scalajvm/sge/net/SgeHttpClientTest.scala	51
net	../sge/sge/src/test/scalajvm/sge/net/SgeHttpClientTest.scala	82
net	../sge/sge/src/test/scalajvm/sge/net/SgeHttpClientTest.scala	107
net	../sge/sge/src/test/scalajvm/sge/net/SgeHttpClientTest.scala	120
net	../sge/sge/src/test/scalajvm/sge/net/SgeHttpClientTest.scala	131
net	../sge/sge/src/test/scalajvm/sge/net/SgeHttpClientTest.scala	151
android	../sge/sge/src/test/scalajvm/sge/platform/AndroidMouseHandlerTest.scala	9
android	../sge/sge/src/test/scalajvm/sge/platform/AndroidMouseHandlerTest.scala	47
android	../sge/sge/src/test/scalajvm/sge/platform/AndroidMouseHandlerTest.scala	48
android	../sge/sge/src/test/scalajvm/sge/platform/AndroidMouseHandlerTest.scala	49
android	../sge/sge/src/test/scalajvm/sge/platform/AndroidMouseHandlerTest.scala	50
android	../sge/sge/src/test/scalajvm/sge/platform/AndroidMouseHandlerTest.scala	51
android	../sge/sge/src/test/scalajvm/sge/platform/AndroidMouseHandlerTest.scala	52
android	../sge/sge/src/test/scalajvm/sge/platform/AndroidMouseHandlerTest.scala	53
android	../sge/sge/src/test/scalajvm/sge/platform/AndroidMouseHandlerTest.scala	54
android	../sge/sge/src/test/scalajvm/sge/platform/AndroidMouseHandlerTest.scala	55
android	../sge/sge/src/test/scalajvm/sge/platform/AndroidMouseHandlerTest.scala	87
android	../sge/sge/src/test/scalajvm/sge/platform/AndroidMouseHandlerTest.scala	110
android	../sge/sge/src/test/scalajvm/sge/platform/AndroidMouseHandlerTest.scala	148
android	../sge/sge/src/test/scalajvm/sge/platform/AndroidTouchHandlerTest.scala	9
android	../sge/sge/src/test/scalajvm/sge/platform/AndroidTouchHandlerTest.scala	51
android	../sge/sge/src/test/scalajvm/sge/platform/AndroidTouchHandlerTest.scala	52
android	../sge/sge/src/test/scalajvm/sge/platform/AndroidTouchHandlerTest.scala	53
android	../sge/sge/src/test/scalajvm/sge/platform/AndroidTouchHandlerTest.scala	54
android	../sge/sge/src/test/scalajvm/sge/platform/AndroidTouchHandlerTest.scala	55
android	../sge/sge/src/test/scalajvm/sge/platform/AndroidTouchHandlerTest.scala	56
android	../sge/sge/src/test/scalajvm/sge/platform/AndroidTouchHandlerTest.scala	57
android	../sge/sge/src/test/scalajvm/sge/platform/AndroidTouchHandlerTest.scala	58
android	../sge/sge/src/test/scalajvm/sge/platform/AndroidTouchHandlerTest.scala	59
android	../sge/sge/src/test/scalajvm/sge/platform/AndroidTouchHandlerTest.scala	112
android	../sge/sge/src/test/scalajvm/sge/platform/DefaultAndroidInputStateTest.scala	14
android	../sge/sge/src/test/scalajvm/sge/platform/DefaultAndroidInputStateTest.scala	16
android	../sge/sge/src/test/scalajvm/sge/platform/DefaultAndroidInputStateTest.scala	18
android	../sge/sge/src/test/scalajvm/sge/platform/DefaultAndroidInputStateTest.scala	19
android	../sge/sge/src/test/scalajvm/sge/platform/DefaultAndroidInputStateTest.scala	20
android	../sge/sge/src/test/scalajvm/sge/platform/DefaultAndroidInputStateTest.scala	21
android	../sge/sge/src/test/scalajvm/sge/platform/DefaultAndroidInputStateTest.scala	27
android	../sge/sge/src/test/scalajvm/sge/platform/DefaultAndroidInputStateTest.scala	36
android	../sge/sge/src/test/scalajvm/sge/platform/DefaultAndroidInputStateTest.scala	37
android	../sge/sge/src/test/scalajvm/sge/platform/DefaultAndroidInputStateTest.scala	38
android	../sge/sge/src/test/scalajvm/sge/platform/DefaultAndroidInputStateTest.scala	39
android	../sge/sge/src/test/scalajvm/sge/platform/DefaultAndroidInputStateTest.scala	40
android	../sge/sge/src/test/scalajvm/sge/platform/DefaultAndroidInputStateTest.scala	41
android	../sge/sge/src/test/scalajvm/sge/platform/DefaultAndroidInputStateTest.scala	42
android	../sge/sge/src/test/scalajvm/sge/platform/DefaultAndroidInputStateTest.scala	46
android	../sge/sge/src/test/scalajvm/sge/platform/DefaultAndroidInputStateTest.scala	47
android	../sge/sge/src/test/scalajvm/sge/platform/DefaultAndroidInputStateTest.scala	48
android	../sge/sge/src/test/scalajvm/sge/platform/DefaultAndroidInputStateTest.scala	49
android	../sge/sge/src/test/scalajvm/sge/platform/DefaultAndroidInputStateTest.scala	50
android	../sge/sge/src/test/scalajvm/sge/platform/DefaultAndroidInputStateTest.scala	52
android	../sge/sge/src/test/scalajvm/sge/platform/DefaultAndroidInputStateTest.scala	56
android	../sge/sge/src/test/scalajvm/sge/platform/DefaultAndroidInputStateTest.scala	65
android	../sge/sge/src/test/scalajvm/sge/platform/DefaultAndroidInputStateTest.scala	76
android	../sge/sge/src/test/scalajvm/sge/platform/DefaultAndroidInputStateTest.scala	78
android	../sge/sge/src/test/scalajvm/sge/platform/DefaultAndroidInputStateTest.scala	79
android	../sge/sge/src/test/scalajvm/sge/platform/DefaultAndroidInputStateTest.scala	83
android	../sge/sge/src/test/scalajvm/sge/platform/DefaultAndroidInputStateTest.scala	94
android	../sge/sge/src/test/scalajvm/sge/platform/DefaultAndroidInputStateTest.scala	95
android	../sge/sge/src/test/scalajvm/sge/platform/DefaultAndroidInputStateTest.scala	98
android	../sge/sge/src/test/scalajvm/sge/platform/DefaultAndroidInputStateTest.scala	99
android	../sge/sge/src/test/scalajvm/sge/platform/DefaultAndroidInputStateTest.scala	103
android	../sge/sge/src/test/scalajvm/sge/platform/DefaultAndroidInputStateTest.scala	105
android	../sge/sge/src/test/scalajvm/sge/platform/DefaultAndroidInputStateTest.scala	109
android	../sge/sge/src/test/scalajvm/sge/platform/DefaultAndroidInputStateTest.scala	115
android	../sge/sge/src/test/scalajvm/sge/platform/DefaultAndroidInputStateTest.scala	123
android	../sge/sge/src/test/scalajvm/sge/platform/DefaultAndroidInputStateTest.scala	129
android	../sge/sge/src/test/scalajvm/sge/platform/DefaultAndroidInputStateTest.scala	147
android	../sge/sge/src/test/scalajvm/sge/platform/DefaultAndroidInputStateTest.scala	162
android	../sge/sge/src/test/scalajvm/sge/platform/DefaultAndroidInputStateTest.scala	174
android	../sge/sge/src/test/scalajvm/sge/platform/DefaultAndroidInputStateTest.scala	175
android	../sge/sge/src/test/scalajvm/sge/platform/DefaultAndroidInputStateTest.scala	176
android	../sge/sge/src/test/scalajvm/sge/platform/DefaultAndroidInputStateTest.scala	177
android	../sge/sge/src/test/scalajvm/sge/platform/DefaultAndroidInputStateTest.scala	178
android	../sge/sge/src/test/scalajvm/sge/platform/DefaultAndroidInputStateTest.scala	179
android	../sge/sge/src/test/scalajvm/sge/platform/DefaultAndroidInputStateTest.scala	185
member-shape	../sge/sge/src/test/scalajvm/sge/scenes/scene2d/StageDrawDebugIss704Suite.scala	134
member-shape	../sge/sge/src/test/scalajvm/sge/scenes/scene2d/StageDrawDebugIss704Suite.scala	138
member-shape	../sge/sge/src/test/scalajvm/sge/scenes/scene2d/StageDrawDebugIss704Suite.scala	147
member-shape	../sge/sge/src/test/scalajvm/sge/scenes/scene2d/StageDrawDebugIss704Suite.scala	162
member-shape	../sge/sge/src/test/scalajvm/sge/scenes/scene2d/StageDrawDebugIss704Suite.scala	169
member-shape	../sge/sge/src/test/scalajvm/sge/scenes/scene2d/StageDrawDebugIss704Suite.scala	191
member-shape	../sge/sge/src/test/scalajvm/sge/scenes/scene2d/StageDrawDebugIss704Suite.scala	195
member-shape	../sge/sge/src/test/scalajvm/sge/scenes/scene2d/StageDrawDebugIss704Suite.scala	210
member-shape	../sge/sge/src/test/scalajvm/sge/scenes/scene2d/ui/LabelFontScaleRedSuite.scala	38
member-shape	../sge/sge/src/test/scalajvm/sge/scenes/scene2d/ui/LabelFontScaleRedSuite.scala	66
member-shape	../sge/sge/src/test/scalajvm/sge/scenes/scene2d/ui/LabelFontScaleRedSuite.scala	104
member-shape	../sge/sge/src/test/scalajvm/sge/scenes/scene2d/ui/LabelFontScaleRedSuite.scala	126
member-shape	../sge/sge/src/test/scalajvm/sge/scenes/scene2d/ui/LabelFontScaleRedSuite.scala	129
filetype	../sge/sge/src/test/scalajvm/sge/scenes/scene2d/ui/SkinJsonStyleLoadingRedTest.scala	51
filetype	../sge/sge/src/test/scalajvm/sge/scenes/scene2d/ui/SkinJsonStyleLoadingRedTest.scala	68
filetype	../sge/sge/src/test/scalajvm/sge/scenes/scene2d/ui/SkinJsonStyleLoadingRedTest.scala	68
logging	../sge/sge/src/test/scalajvm/sge/utils/LoggerBehavioralIss741Suite.scala	40
logging	../sge/sge/src/test/scalajvm/sge/utils/LoggerBehavioralIss741Suite.scala	41
logging	../sge/sge/src/test/scalajvm/sge/utils/LoggerBehavioralIss741Suite.scala	42
logging	../sge/sge/src/test/scalajvm/sge/utils/LoggerBehavioralIss741Suite.scala	43
logging	../sge/sge/src/test/scalajvm/sge/utils/LoggerBehavioralIss741Suite.scala	43
logging	../sge/sge/src/test/scalajvm/sge/utils/LoggerBehavioralIss741Suite.scala	43
logging	../sge/sge/src/test/scalajvm/sge/utils/LoggerBehavioralIss741Suite.scala	48
context	../sge/sge/src/test/scalajvm/sge/utils/LoggerBehavioralIss741Suite.scala	50
logging	../sge/sge/src/test/scalajvm/sge/utils/LoggerBehavioralIss741Suite.scala	54
logging	../sge/sge/src/test/scalajvm/sge/utils/LoggerBehavioralIss741Suite.scala	88
opaque-key-button	../sge/sge/src/test/scalajvm/sge/utils/MkArrayOpaqueTest.scala	11
opaque-key-button	../sge/sge/src/test/scalajvm/sge/utils/MkArrayOpaqueTest.scala	11
member-shape	../sge/sge/src/test/scalajvm/sge/utils/MkArrayOpaqueTest.scala	12
member-shape	../sge/sge/src/test/scalajvm/sge/utils/MkArrayOpaqueTest.scala	16
member-shape	../sge/sge/src/test/scalajvm/sge/utils/MkArrayOpaqueTest.scala	24
member-shape	../sge/sge/src/test/scalajvm/sge/utils/MkArrayOpaqueTest.scala	27
member-shape	../sge/sge/src/test/scalajvm/sge/utils/MkArrayOpaqueTest.scala	28
member-shape	../sge/sge/src/test/scalajvm/sge/utils/MkArrayOpaqueTest.scala	29
member-shape	../sge/sge/src/test/scalajvm/sge/utils/MkArrayOpaqueTest.scala	32
member-shape	../sge/sge/src/test/scalajvm/sge/utils/MkArrayOpaqueTest.scala	35
member-shape	../sge/sge/src/test/scalajvm/sge/utils/MkArrayOpaqueTest.scala	35
member-shape	../sge/sge/src/test/scalajvm/sge/utils/MkArrayOpaqueTest.scala	35
opaque-key-button	../sge/sge/src/test/scalajvm/sge/utils/MkArrayOpaqueTest.scala	53
opaque-key-button	../sge/sge/src/test/scalajvm/sge/utils/MkArrayOpaqueTest.scala	54
member-shape	../sge/sge/src/test/scalajvm/sge/utils/MkArrayOpaqueTest.scala	56
member-shape	../sge/sge/src/test/scalajvm/sge/utils/MkArrayOpaqueTest.scala	58
member-shape	../sge/sge/src/test/scalajvm/sge/utils/MkArrayOpaqueTest.scala	59
member-shape	../sge/sge/src/test/scalajvm/sge/utils/MkArrayOpaqueTest.scala	60
member-shape	../sge/sge/src/test/scalajvm/sge/utils/MkArrayOpaqueTest.scala	61
member-shape	../sge/sge/src/test/scalajvm/sge/utils/MkArrayOpaqueTest.scala	62
member-shape	../sge/sge/src/test/scalajvm/sge/utils/MkArrayOpaqueTest.scala	63
member-shape	../sge/sge/src/test/scalajvm/sge/utils/MkArrayOpaqueTest.scala	81
member-shape	../sge/sge/src/test/scalajvm/sge/utils/MkArrayOpaqueTest.scala	82
member-shape	../sge/sge/src/test/scalajvm/sge/utils/MkArrayOpaqueTest.scala	83
member-shape	../sge/sge/src/test/scalajvm/sge/utils/MkArrayOpaqueTest.scala	87
opaque-key-button	../sge/sge/src/test/scalajvm/sge/utils/MkArrayOpaqueTest.scala	98
type-shape	../sge/sge/src/test/scalajvm/sge/utils/PoolManagerConcurrencyIss803Suite.scala	42
other	../sge/sge/src/test/scalajvm/sge/utils/PoolManagerConcurrencyIss803Suite.scala	42
type-shape	../sge/sge/src/test/scalajvm/sge/utils/PoolManagerConcurrencyIss803Suite.scala	43
other	../sge/sge/src/test/scalajvm/sge/utils/PoolManagerConcurrencyIss803Suite.scala	43
type-shape	../sge/sge/src/test/scalajvm/sge/utils/PoolManagerConcurrencyIss803Suite.scala	44
other	../sge/sge/src/test/scalajvm/sge/utils/PoolManagerConcurrencyIss803Suite.scala	44
type-shape	../sge/sge/src/test/scalajvm/sge/utils/PoolManagerConcurrencyIss803Suite.scala	45
other	../sge/sge/src/test/scalajvm/sge/utils/PoolManagerConcurrencyIss803Suite.scala	45
type-shape	../sge/sge/src/test/scalajvm/sge/utils/PoolManagerConcurrencyIss803Suite.scala	46
other	../sge/sge/src/test/scalajvm/sge/utils/PoolManagerConcurrencyIss803Suite.scala	46
type-shape	../sge/sge/src/test/scalajvm/sge/utils/PoolManagerConcurrencyIss803Suite.scala	47
other	../sge/sge/src/test/scalajvm/sge/utils/PoolManagerConcurrencyIss803Suite.scala	47
type-shape	../sge/sge/src/test/scalajvm/sge/utils/PoolManagerConcurrencyIss803Suite.scala	48
other	../sge/sge/src/test/scalajvm/sge/utils/PoolManagerConcurrencyIss803Suite.scala	48
type-shape	../sge/sge/src/test/scalajvm/sge/utils/PoolManagerConcurrencyIss803Suite.scala	49
other	../sge/sge/src/test/scalajvm/sge/utils/PoolManagerConcurrencyIss803Suite.scala	49
type-shape	../sge/sge/src/test/scalajvm/sge/utils/PoolManagerConcurrencyIss803Suite.scala	50
other	../sge/sge/src/test/scalajvm/sge/utils/PoolManagerConcurrencyIss803Suite.scala	50
type-shape	../sge/sge/src/test/scalajvm/sge/utils/PoolManagerConcurrencyIss803Suite.scala	51
other	../sge/sge/src/test/scalajvm/sge/utils/PoolManagerConcurrencyIss803Suite.scala	51
type-shape	../sge/sge/src/test/scalajvm/sge/utils/PoolManagerConcurrencyIss803Suite.scala	52
other	../sge/sge/src/test/scalajvm/sge/utils/PoolManagerConcurrencyIss803Suite.scala	52
type-shape	../sge/sge/src/test/scalajvm/sge/utils/PoolManagerConcurrencyIss803Suite.scala	53
other	../sge/sge/src/test/scalajvm/sge/utils/PoolManagerConcurrencyIss803Suite.scala	53
type-shape	../sge/sge/src/test/scalajvm/sge/utils/PoolManagerConcurrencyIss803Suite.scala	54
other	../sge/sge/src/test/scalajvm/sge/utils/PoolManagerConcurrencyIss803Suite.scala	54
type-shape	../sge/sge/src/test/scalajvm/sge/utils/PoolManagerConcurrencyIss803Suite.scala	55
other	../sge/sge/src/test/scalajvm/sge/utils/PoolManagerConcurrencyIss803Suite.scala	55
type-shape	../sge/sge/src/test/scalajvm/sge/utils/PoolManagerConcurrencyIss803Suite.scala	56
other	../sge/sge/src/test/scalajvm/sge/utils/PoolManagerConcurrencyIss803Suite.scala	56
type-shape	../sge/sge/src/test/scalajvm/sge/utils/PoolManagerConcurrencyIss803Suite.scala	57
other	../sge/sge/src/test/scalajvm/sge/utils/PoolManagerConcurrencyIss803Suite.scala	57
type-shape	../sge/sge/src/test/scalajvm/sge/utils/PoolManagerConcurrencyIss803Suite.scala	58
other	../sge/sge/src/test/scalajvm/sge/utils/PoolManagerConcurrencyIss803Suite.scala	58
type-shape	../sge/sge/src/test/scalajvm/sge/utils/PoolManagerConcurrencyIss803Suite.scala	59
other	../sge/sge/src/test/scalajvm/sge/utils/PoolManagerConcurrencyIss803Suite.scala	59
type-shape	../sge/sge/src/test/scalajvm/sge/utils/PoolManagerConcurrencyIss803Suite.scala	60
other	../sge/sge/src/test/scalajvm/sge/utils/PoolManagerConcurrencyIss803Suite.scala	60
type-shape	../sge/sge/src/test/scalajvm/sge/utils/PoolManagerConcurrencyIss803Suite.scala	61
other	../sge/sge/src/test/scalajvm/sge/utils/PoolManagerConcurrencyIss803Suite.scala	61
member-shape	../sge/sge/src/test/scalajvm/sge/utils/TimerWakeupRedSuite.scala	134
opaque-time-pixels	../sge/sge/src/test/scalajvm/sge/utils/TimerWakeupRedSuite.scala	147
member-shape	../sge/sge/src/test/scalajvm/sge/utils/TimerWakeupRedSuite.scala	190
member-shape	../sge/sge/src/test/scalajvm/sge/utils/TimerWakeupRedSuite.scala	194
member-shape	../sge/sge/src/test/scalajvm/sge/utils/TimerWakeupRedSuite.scala	228
member-shape	../sge/sge/src/test/scalajvm/sge/utils/XmlReaderTest.scala	29
member-shape	../sge/sge/src/test/scalajvm/sge/utils/XmlReaderTest.scala	64
member-shape	../sge/sge/src/test/scalajvm/sge/utils/XmlReaderTest.scala	72
nullable	../sge/sge/src/test/scalajvm/sge/utils/XmlReaderTest.scala	86
nullable	../sge/sge/src/test/scalajvm/sge/utils/XmlReaderTest.scala	185
member-shape	../sge/sge/src/test/scalajvm/sge/utils/XmlReaderTest.scala	211
nullable	../sge/sge/src/test/scalajvm/sge/utils/XmlReaderTest.scala	217
member-shape	../sge/sge/src/test/scalajvm/sge/utils/XmlReaderTest.scala	221
nullable	../sge/sge/src/test/scalajvm/sge/utils/XmlReaderTest.scala	226
nullable	../sge/sge/src/test/scalajvm/sge/utils/XmlReaderTest.scala	227
nullable	../sge/sge/src/test/scalajvm/sge/utils/XmlReaderTest.scala	255
member-shape	../sge/sge/src/test/scalajvm/sge/utils/XmlReaderTest.scala	337
member-shape	../sge/sge/src/test/scalajvm/sge/utils/XmlReaderTest.scala	338
type-shape	/Users/dev/Workspaces/kubuszok/balticporter/ported/sge-l0/src_managed/main/scala/sge/DefaultDesktopInput.scala	77
type-shape	/Users/dev/Workspaces/kubuszok/balticporter/ported/sge-l0/src_managed/main/scala/sge/DefaultDesktopInput.scala	91
type-shape	/Users/dev/Workspaces/kubuszok/balticporter/ported/sge-l0/src_managed/main/scala/sge/DefaultDesktopInput.scala	95
type-shape	/Users/dev/Workspaces/kubuszok/balticporter/ported/sge-l0/src_managed/main/scala/sge/DefaultDesktopInput.scala	105
type-shape	/Users/dev/Workspaces/kubuszok/balticporter/ported/sge-l0/src_managed/main/scala/sge/DefaultDesktopInput.scala	111
opaque-time-pixels	/Users/dev/Workspaces/kubuszok/balticporter/ported/sge-l0/src_managed/main/scala/sge/DefaultDesktopInput.scala	135
opaque-time-pixels	/Users/dev/Workspaces/kubuszok/balticporter/ported/sge-l0/src_managed/main/scala/sge/DefaultDesktopInput.scala	137
opaque-time-pixels	/Users/dev/Workspaces/kubuszok/balticporter/ported/sge-l0/src_managed/main/scala/sge/DefaultDesktopInput.scala	150
opaque-time-pixels	/Users/dev/Workspaces/kubuszok/balticporter/ported/sge-l0/src_managed/main/scala/sge/DefaultDesktopInput.scala	154
opaque-time-pixels	/Users/dev/Workspaces/kubuszok/balticporter/ported/sge-l0/src_managed/main/scala/sge/DesktopCursor.scala	80
opaque-time-pixels	/Users/dev/Workspaces/kubuszok/balticporter/ported/sge-l0/src_managed/main/scala/sge/DesktopCursor.scala	80
opaque-time-pixels	/Users/dev/Workspaces/kubuszok/balticporter/ported/sge-l0/src_managed/main/scala/sge/DesktopWindow.scala	259
opaque-time-pixels	/Users/dev/Workspaces/kubuszok/balticporter/ported/sge-l0/src_managed/main/scala/sge/DesktopWindow.scala	259
type-shape	/Users/dev/Workspaces/kubuszok/balticporter/ported/sge-l0/src_managed/main/scala/sge/input/GestureDetector.scala	286
opaque-time-pixels	/Users/dev/Workspaces/kubuszok/balticporter/ported/sge-l0/src_managed/main/scala/sge/DefaultDesktopInput.scala	236
opaque-time-pixels	/Users/dev/Workspaces/kubuszok/balticporter/ported/sge-l0/src_managed/main/scala/sge/DefaultDesktopInput.scala	238
opaque-time-pixels	/Users/dev/Workspaces/kubuszok/balticporter/ported/sge-l0/src_managed/main/scala/sge/DefaultDesktopInput.scala	240
opaque-time-pixels	/Users/dev/Workspaces/kubuszok/balticporter/ported/sge-l0/src_managed/main/scala/sge/DefaultDesktopInput.scala	242
opaque-time-pixels	/Users/dev/Workspaces/kubuszok/balticporter/ported/sge-l0/src_managed/main/scala/sge/DefaultDesktopInput.scala	244
opaque-time-pixels	/Users/dev/Workspaces/kubuszok/balticporter/ported/sge-l0/src_managed/main/scala/sge/DefaultDesktopInput.scala	246
opaque-time-pixels	/Users/dev/Workspaces/kubuszok/balticporter/ported/sge-l0/src_managed/main/scala/sge/DefaultDesktopInput.scala	248
opaque-time-pixels	/Users/dev/Workspaces/kubuszok/balticporter/ported/sge-l0/src_managed/main/scala/sge/DefaultDesktopInput.scala	250
opaque-time-pixels	/Users/dev/Workspaces/kubuszok/balticporter/ported/sge-l0/src_managed/main/scala/sge/DesktopGraphics.scala	173
opaque-time-pixels	/Users/dev/Workspaces/kubuszok/balticporter/ported/sge-l0/src_managed/main/scala/sge/DesktopGraphics.scala	176
opaque-time-pixels	/Users/dev/Workspaces/kubuszok/balticporter/ported/sge-l0/src_managed/main/scala/sge/DesktopGraphics.scala	179
opaque-time-pixels	/Users/dev/Workspaces/kubuszok/balticporter/ported/sge-l0/src_managed/main/scala/sge/DesktopGraphics.scala	180
opaque-time-pixels	/Users/dev/Workspaces/kubuszok/balticporter/ported/sge-l0/src_managed/main/scala/sge/DesktopGraphics.scala	192
opaque-time-pixels	/Users/dev/Workspaces/kubuszok/balticporter/ported/sge-l0/src_managed/main/scala/sge/DesktopGraphics.scala	193
opaque-time-pixels	/Users/dev/Workspaces/kubuszok/balticporter/ported/sge-l0/src_managed/main/scala/sge/DesktopGraphics.scala	230
opaque-time-pixels	/Users/dev/Workspaces/kubuszok/balticporter/ported/sge-l0/src_managed/main/scala/sge/DesktopGraphics.scala	231
opaque-time-pixels	/Users/dev/Workspaces/kubuszok/balticporter/ported/sge-l0/src_managed/main/scala/sge/DesktopGraphics.scala	232
opaque-time-pixels	/Users/dev/Workspaces/kubuszok/balticporter/ported/sge-l0/src_managed/main/scala/sge/DesktopGraphics.scala	233
opaque-time-pixels	/Users/dev/Workspaces/kubuszok/balticporter/ported/sge-l0/src_managed/main/scala/sge/noop/NoopGraphics.scala	99
opaque-time-pixels	/Users/dev/Workspaces/kubuszok/balticporter/ported/sge-l0/src_managed/main/scala/sge/noop/NoopGraphics.scala	101
opaque-time-pixels	/Users/dev/Workspaces/kubuszok/balticporter/ported/sge-l0/src_managed/main/scala/sge/noop/NoopGraphics.scala	103
opaque-time-pixels	/Users/dev/Workspaces/kubuszok/balticporter/ported/sge-l0/src_managed/main/scala/sge/noop/NoopGraphics.scala	105
opaque-time-pixels	/Users/dev/Workspaces/kubuszok/balticporter/ported/sge-l0/src_managed/main/scala/sge/noop/NoopGraphics.scala	109
opaque-time-pixels	/Users/dev/Workspaces/kubuszok/balticporter/ported/sge-l0/src_managed/main/scala/sge/noop/NoopGraphics.scala	111
opaque-time-pixels	/Users/dev/Workspaces/kubuszok/balticporter/ported/sge-l0/src_managed/main/scala/sge/noop/NoopGraphics.scala	113
opaque-time-pixels	/Users/dev/Workspaces/kubuszok/balticporter/ported/sge-l0/src_managed/main/scala/sge/noop/NoopGraphics.scala	115
opaque-time-pixels	/Users/dev/Workspaces/kubuszok/balticporter/ported/sge-l0/src_managed/main/scala/sge/noop/NoopGraphics.scala	121
opaque-time-pixels	/Users/dev/Workspaces/kubuszok/balticporter/ported/sge-l0/src_managed/main/scala/sge/noop/NoopGraphics.scala	122
opaque-time-pixels	/Users/dev/Workspaces/kubuszok/balticporter/ported/sge-l0/src_managed/main/scala/sge/noop/NoopInput.scala	53
opaque-time-pixels	/Users/dev/Workspaces/kubuszok/balticporter/ported/sge-l0/src_managed/main/scala/sge/noop/NoopInput.scala	55
opaque-time-pixels	/Users/dev/Workspaces/kubuszok/balticporter/ported/sge-l0/src_managed/main/scala/sge/noop/NoopInput.scala	57
opaque-time-pixels	/Users/dev/Workspaces/kubuszok/balticporter/ported/sge-l0/src_managed/main/scala/sge/noop/NoopInput.scala	59
opaque-time-pixels	/Users/dev/Workspaces/kubuszok/balticporter/ported/sge-l0/src_managed/main/scala/sge/noop/NoopInput.scala	61
opaque-time-pixels	/Users/dev/Workspaces/kubuszok/balticporter/ported/sge-l0/src_managed/main/scala/sge/noop/NoopInput.scala	63
opaque-time-pixels	/Users/dev/Workspaces/kubuszok/balticporter/ported/sge-l0/src_managed/main/scala/sge/noop/NoopInput.scala	65
opaque-time-pixels	/Users/dev/Workspaces/kubuszok/balticporter/ported/sge-l0/src_managed/main/scala/sge/noop/NoopInput.scala	67
opaque-time-pixels	/Users/dev/Workspaces/kubuszok/balticporter/ported/sge-l0/src_managed/main/scala/sge/DesktopGraphics.scala	192
opaque-time-pixels	/Users/dev/Workspaces/kubuszok/balticporter/ported/sge-l0/src_managed/main/scala/sge/noop/NoopGraphics.scala	121
android	../sge/sge/src/test/scalajvm/sge/SgeAndroidDriverRedSuite.scala	47
android	../sge/sge/src/test/scalajvm/sge/AndroidInputTest.scala	10
android	../sge/sge/src/test/scalajvm/sge/AndroidInputKeyQueueRedSuite.scala	22
android	../sge/sge/src/test/scalajvm/sge/AndroidGraphicsTest.scala	9
android	../sge/sge/src/test/scalajvm/sge/AndroidAudioAssetFdRedSuite.scala	35
android	../sge/sge/src/test/scalajvm/sge/AndroidAudioAdapterTest.scala	10
particles	../sge/sge/src/test/scala/sge/graphics/g3d/particles/ParticleEffectCodecsSerializationErrorIss814RedSuite.scala	30
member-shape	../sge/sge/src/test/scala/sge/GameScreenTest.scala	43
member-shape	../sge/sge/src/test/scala/sge/GameScreenTest.scala	50
member-shape	../sge/sge/src/test/scala/sge/GameScreenTest.scala	51
member-shape	../sge/sge/src/test/scala/sge/GameScreenTest.scala	126
opaque-key-button	../sge/sge/src/test/scala/sge/InputEventQueueIss566GateSuite.scala	48
opaque-key-button	../sge/sge/src/test/scala/sge/InputEventQueueIss566GateSuite.scala	48
opaque-key-button	../sge/sge/src/test/scala/sge/InputEventQueueIss566GateSuite.scala	59
opaque-key-button	../sge/sge/src/test/scala/sge/InputEventQueueIss566GateSuite.scala	60
opaque-key-button	../sge/sge/src/test/scala/sge/InputEventQueueIss566GateSuite.scala	62
opaque-key-button	../sge/sge/src/test/scala/sge/InputEventQueueIss566GateSuite.scala	65
opaque-key-button	../sge/sge/src/test/scala/sge/InputEventQueueIss566GateSuite.scala	94
opaque-time-pixels	../sge/sge/src/test/scala/sge/InputEventQueueIss566GateSuite.scala	95
opaque-key-button	../sge/sge/src/test/scala/sge/InputEventQueueIss566GateSuite.scala	110
opaque-time-pixels	../sge/sge/src/test/scala/sge/InputEventQueueIss566GateSuite.scala	111
filetype	../sge/sge/src/test/scala/sge/SgeTestFixture.scala	47
net	../sge/sge/src/test/scala/sge/SgeTestFixture.scala	61
net	../sge/sge/src/test/scala/sge/SgeTestFixture.scala	61
member-shape	../sge/sge/src/test/scala/sge/audio/AudioUtilsTest.scala	17
member-shape	../sge/sge/src/test/scala/sge/audio/AudioUtilsTest.scala	25
member-shape	../sge/sge/src/test/scala/sge/audio/AudioUtilsTest.scala	33
member-shape	../sge/sge/src/test/scala/sge/audio/AudioUtilsTest.scala	41
member-shape	../sge/sge/src/test/scala/sge/audio/AudioUtilsTest.scala	57
member-shape	../sge/sge/src/test/scala/sge/graphics/g2d/AnimationTest.scala	24
member-shape	../sge/sge/src/test/scala/sge/graphics/g2d/AnimationTest.scala	28
member-shape	../sge/sge/src/test/scala/sge/graphics/g2d/AnimationTest.scala	32
member-shape	../sge/sge/src/test/scala/sge/graphics/g2d/AnimationTest.scala	36
member-shape	../sge/sge/src/test/scala/sge/graphics/g2d/AnimationTest.scala	40
member-shape	../sge/sge/src/test/scala/sge/graphics/g2d/AnimationTest.scala	44
member-shape	../sge/sge/src/test/scala/sge/graphics/g2d/AnimationTest.scala	48
member-shape	../sge/sge/src/test/scala/sge/graphics/g2d/AnimationTest.scala	52
member-shape	../sge/sge/src/test/scala/sge/graphics/g2d/AnimationTest.scala	56
member-shape	../sge/sge/src/test/scala/sge/graphics/g2d/AnimationTest.scala	60
type-shape	../sge/sge/src/test/scala/sge/graphics/g2d/AnimationTest.scala	66
assertion-mismatch	../sge/sge/src/test/scala/sge/graphics/g2d/AnimationTest.scala	68
member-shape	../sge/sge/src/test/scala/sge/graphics/g2d/AnimationTest.scala	93
particles	../sge/sge/src/test/scala/sge/graphics/g2d/ParticleEmitterValueTest.scala	17
particles	../sge/sge/src/test/scala/sge/graphics/g2d/ParticleEmitterValueTest.scala	23
particles	../sge/sge/src/test/scala/sge/graphics/g2d/ParticleEmitterValueTest.scala	29
particles	../sge/sge/src/test/scala/sge/graphics/g2d/ParticleEmitterValueTest.scala	36
particles	../sge/sge/src/test/scala/sge/graphics/g2d/ParticleEmitterValueTest.scala	274
particles	../sge/sge/src/test/scala/sge/graphics/g2d/ParticleEmitterValueTest.scala	281
particles	../sge/sge/src/test/scala/sge/graphics/g2d/ParticleEmitterValueTest.scala	286
particles	../sge/sge/src/test/scala/sge/graphics/g2d/ParticleEmitterValueTest.scala	291
member-shape	../sge/sge/src/test/scala/sge/graphics/g2d/TextureAtlasDataTest.scala	20
member-shape	../sge/sge/src/test/scala/sge/graphics/g2d/TextureAtlasDataTest.scala	27
member-shape	../sge/sge/src/test/scala/sge/graphics/g2d/TextureAtlasDataTest.scala	36
member-shape	../sge/sge/src/test/scala/sge/graphics/g2d/TextureAtlasDataTest.scala	57
member-shape	../sge/sge/src/test/scala/sge/graphics/g2d/TextureAtlasDataTest.scala	78
filetype	../sge/sge/src/test/scala/sge/graphics/g3d/loader/ObjLoaderResolverIss847RedSuite.scala	57
filetype	../sge/sge/src/test/scala/sge/graphics/g3d/loader/ObjLoaderResolverIss847RedSuite.scala	66
filetype	../sge/sge/src/test/scala/sge/graphics/g3d/loader/ObjLoaderResolverIss847RedSuite.scala	66
particles	../sge/sge/src/test/scala/sge/graphics/g3d/particles/ParticleEffectCodecsSerializationErrorIss814RedSuite.scala	51
particles	../sge/sge/src/test/scala/sge/graphics/g3d/particles/ParticleEffectCodecsSerializationErrorIss814RedSuite.scala	59
particles	../sge/sge/src/test/scala/sge/graphics/g3d/particles/ParticleShaderScreenWidthRedSuite.scala	40
particles	../sge/sge/src/test/scala/sge/graphics/g3d/particles/ParticleShaderScreenWidthRedSuite.scala	67
particles	../sge/sge/src/test/scala/sge/graphics/g3d/particles/SaveDataCodecSuite.scala	72
particles	../sge/sge/src/test/scala/sge/graphics/g3d/particles/SaveDataCodecSuite.scala	73
particles	../sge/sge/src/test/scala/sge/graphics/g3d/particles/SaveDataCodecSuite.scala	100
particles	../sge/sge/src/test/scala/sge/graphics/g3d/particles/SaveDataCodecSuite.scala	108
particles	../sge/sge/src/test/scala/sge/graphics/g3d/particles/SaveDataCodecSuite.scala	115
particles	../sge/sge/src/test/scala/sge/graphics/g3d/particles/SaveDataCodecSuite.scala	122
particles	../sge/sge/src/test/scala/sge/graphics/g3d/particles/SaveDataCodecSuite.scala	123
particles	../sge/sge/src/test/scala/sge/graphics/g3d/particles/SaveDataCodecSuite.scala	128
particles	../sge/sge/src/test/scala/sge/graphics/g3d/particles/SaveDataCodecSuite.scala	129
particles	../sge/sge/src/test/scala/sge/graphics/g3d/particles/SaveDataCodecSuite.scala	133
particles	../sge/sge/src/test/scala/sge/graphics/g3d/particles/SaveDataCodecSuite.scala	137
particles	../sge/sge/src/test/scala/sge/graphics/g3d/particles/SaveDataCodecSuite.scala	141
particles	../sge/sge/src/test/scala/sge/graphics/g3d/particles/SaveDataCodecSuite.scala	147
particles	../sge/sge/src/test/scala/sge/graphics/g3d/particles/SaveDataCodecSuite.scala	153
particles	../sge/sge/src/test/scala/sge/graphics/g3d/particles/SaveDataCodecSuite.scala	161
particles	../sge/sge/src/test/scala/sge/graphics/g3d/particles/SaveDataCodecSuite.scala	165
particles	../sge/sge/src/test/scala/sge/graphics/g3d/particles/SaveDataCodecSuite.scala	174
particles	../sge/sge/src/test/scala/sge/graphics/g3d/particles/SaveDataCodecSuite.scala	179
particles	../sge/sge/src/test/scala/sge/graphics/g3d/particles/SaveDataCodecSuite.scala	183
particles	../sge/sge/src/test/scala/sge/graphics/g3d/particles/SaveDataCodecSuite.scala	193
particles	../sge/sge/src/test/scala/sge/graphics/g3d/particles/SaveDataCodecSuite.scala	206
particles	../sge/sge/src/test/scala/sge/graphics/g3d/particles/SaveDataCodecSuite.scala	213
particles	../sge/sge/src/test/scala/sge/graphics/g3d/particles/SaveDataCodecSuite.scala	217
particles	../sge/sge/src/test/scala/sge/graphics/g3d/particles/SaveDataCodecSuite.scala	221
particles	../sge/sge/src/test/scala/sge/graphics/g3d/particles/SaveDataCodecSuite.scala	225
arity	../sge/sge/src/test/scala/sge/graphics/glutils/GLFrameBufferIss572Suite.scala	54
type-shape	../sge/sge/src/test/scala/sge/graphics/glutils/VertexArrayIss561Suite.scala	21
nullable	../sge/sge/src/test/scala/sge/graphics/glutils/VertexBufferObjectIss561Suite.scala	84
context	../sge/sge/src/test/scala/sge/graphics/glutils/VertexBufferObjectIss561Suite.scala	98
context	../sge/sge/src/test/scala/sge/graphics/glutils/VertexBufferObjectIss561Suite.scala	118
context	../sge/sge/src/test/scala/sge/graphics/glutils/VertexBufferObjectIss561Suite.scala	156
context	../sge/sge/src/test/scala/sge/graphics/glutils/VertexBufferObjectIss561Suite.scala	183
context	../sge/sge/src/test/scala/sge/graphics/glutils/VertexBufferObjectIss561Suite.scala	212
context	../sge/sge/src/test/scala/sge/graphics/glutils/VertexBufferObjectIss561Suite.scala	229
context	../sge/sge/src/test/scala/sge/graphics/glutils/VertexBufferObjectIss561Suite.scala	259
context	../sge/sge/src/test/scala/sge/graphics/profiling/GLProfilerBehaviorIss725Suite.scala	45
context	../sge/sge/src/test/scala/sge/graphics/profiling/GLProfilerBehaviorIss725Suite.scala	51
context	../sge/sge/src/test/scala/sge/graphics/profiling/GLProfilerBehaviorIss725Suite.scala	69
context	../sge/sge/src/test/scala/sge/graphics/profiling/GLProfilerBehaviorIss725Suite.scala	83
context	../sge/sge/src/test/scala/sge/graphics/profiling/GLProfilerBehaviorIss725Suite.scala	99
context	../sge/sge/src/test/scala/sge/graphics/profiling/GLProfilerBehaviorIss725Suite.scala	116
context	../sge/sge/src/test/scala/sge/graphics/profiling/GLProfilerBehaviorIss725Suite.scala	142
context	../sge/sge/src/test/scala/sge/graphics/profiling/GLProfilerCharacterizationSuite.scala	30
assertion-mismatch	../sge/sge/src/test/scala/sge/graphics/profiling/GLProfilerCharacterizationSuite.scala	38
context	../sge/sge/src/test/scala/sge/graphics/profiling/GLProfilerCharacterizationSuite.scala	44
context	../sge/sge/src/test/scala/sge/graphics/profiling/GLProfilerCharacterizationSuite.scala	52
context	../sge/sge/src/test/scala/sge/graphics/profiling/GLProfilerCharacterizationSuite.scala	67
context	../sge/sge/src/test/scala/sge/graphics/profiling/GLProfilerCharacterizationSuite.scala	81
context	../sge/sge/src/test/scala/sge/graphics/profiling/GLProfilerCharacterizationSuite.scala	94
context	../sge/sge/src/test/scala/sge/graphics/profiling/GLProfilerCharacterizationSuite.scala	107
context	../sge/sge/src/test/scala/sge/graphics/profiling/GLProfilerCharacterizationSuite.scala	117
context	../sge/sge/src/test/scala/sge/graphics/profiling/GLProfilerCharacterizationSuite.scala	135
context	../sge/sge/src/test/scala/sge/graphics/profiling/GLProfilerCharacterizationSuite.scala	146
assertion-mismatch	../sge/sge/src/test/scala/sge/graphics/profiling/GLProfilerCharacterizationSuite.scala	153
context	../sge/sge/src/test/scala/sge/graphics/profiling/GLProfilerCharacterizationSuite.scala	168
context	../sge/sge/src/test/scala/sge/graphics/profiling/GLProfilerCharacterizationSuite.scala	175
context	../sge/sge/src/test/scala/sge/graphics/profiling/GLProfilerCharacterizationSuite.scala	188
context	../sge/sge/src/test/scala/sge/graphics/profiling/GLProfilerGL30BehaviorIss863Suite.scala	68
context	../sge/sge/src/test/scala/sge/graphics/profiling/GLProfilerGL30BehaviorIss863Suite.scala	79
context	../sge/sge/src/test/scala/sge/graphics/profiling/GLProfilerGL30BehaviorIss863Suite.scala	88
context	../sge/sge/src/test/scala/sge/graphics/profiling/GLProfilerGL30BehaviorIss863Suite.scala	96
context	../sge/sge/src/test/scala/sge/graphics/profiling/GLProfilerGL30BehaviorIss863Suite.scala	162
context	../sge/sge/src/test/scala/sge/graphics/profiling/GLProfilerGL30BehaviorIss863Suite.scala	174
context	../sge/sge/src/test/scala/sge/graphics/profiling/GLProfilerGL30BehaviorIss863Suite.scala	198
opaque-key-button	../sge/sge/src/test/scala/sge/input/GestureDetectorTest.scala	11
member-shape	../sge/sge/src/test/scala/sge/input/GestureDetectorTest.scala	18
opaque-key-button	../sge/sge/src/test/scala/sge/input/GestureDetectorTest.scala	24
opaque-key-button	../sge/sge/src/test/scala/sge/input/GestureDetectorTest.scala	46
opaque-key-button	../sge/sge/src/test/scala/sge/input/GestureDetectorTest.scala	50
opaque-key-button	../sge/sge/src/test/scala/sge/input/GestureDetectorTest.scala	58
opaque-key-button	../sge/sge/src/test/scala/sge/input/GestureDetectorTest.scala	66
member-shape	../sge/sge/src/test/scala/sge/input/GestureDetectorTest.scala	124
member-shape	../sge/sge/src/test/scala/sge/input/GestureDetectorTest.scala	135
opaque-time-pixels	../sge/sge/src/test/scala/sge/input/GestureDetectorTest.scala	154
member-shape	../sge/sge/src/test/scala/sge/input/GestureDetectorTest.scala	186
opaque-key-button	../sge/sge/src/test/scala/sge/input/InputMultiplexerTest.scala	9
opaque-key-button	../sge/sge/src/test/scala/sge/input/InputMultiplexerTest.scala	9
opaque-key-button	../sge/sge/src/test/scala/sge/input/InputMultiplexerTest.scala	21
opaque-key-button	../sge/sge/src/test/scala/sge/input/InputMultiplexerTest.scala	21
opaque-key-button	../sge/sge/src/test/scala/sge/input/InputMultiplexerTest.scala	23
opaque-key-button	../sge/sge/src/test/scala/sge/input/InputMultiplexerTest.scala	24
opaque-key-button	../sge/sge/src/test/scala/sge/input/InputMultiplexerTest.scala	26
opaque-key-button	../sge/sge/src/test/scala/sge/input/InputMultiplexerTest.scala	27
opaque-key-button	../sge/sge/src/test/scala/sge/input/InputMultiplexerTest.scala	28
opaque-key-button	../sge/sge/src/test/scala/sge/input/InputMultiplexerTest.scala	36
opaque-time-pixels	../sge/sge/src/test/scala/sge/input/InputMultiplexerTest.scala	37
type-shape	../sge/sge/src/test/scala/sge/input/InputMultiplexerTest.scala	44
opaque-key-button	../sge/sge/src/test/scala/sge/input/InputMultiplexerTest.scala	49
type-shape	../sge/sge/src/test/scala/sge/input/InputMultiplexerTest.scala	55
type-shape	../sge/sge/src/test/scala/sge/input/InputMultiplexerTest.scala	67
arity	../sge/sge/src/test/scala/sge/input/InputMultiplexerTest.scala	82
arity	../sge/sge/src/test/scala/sge/input/InputMultiplexerTest.scala	85
opaque-key-button	../sge/sge/src/test/scala/sge/input/InputMultiplexerTest.scala	87
type-shape	../sge/sge/src/test/scala/sge/input/InputMultiplexerTest.scala	94
assertion-mismatch	../sge/sge/src/test/scala/sge/input/InputMultiplexerTest.scala	95
assertion-mismatch	../sge/sge/src/test/scala/sge/input/InputMultiplexerTest.scala	97
type-shape	../sge/sge/src/test/scala/sge/input/InputMultiplexerTest.scala	103
type-shape	../sge/sge/src/test/scala/sge/input/InputMultiplexerTest.scala	112
tiled	../sge/sge/src/test/scala/sge/maps/MapPropertiesTest.scala	27
tiled	../sge/sge/src/test/scala/sge/maps/MapPropertiesTest.scala	34
tiled	../sge/sge/src/test/scala/sge/maps/MapPropertiesTest.scala	41
tiled	../sge/sge/src/test/scala/sge/maps/MapPropertiesTest.scala	46
tiled	../sge/sge/src/test/scala/sge/maps/tiled/TiledProjectJsonTest.scala	24
tiled	../sge/sge/src/test/scala/sge/maps/tiled/TiledProjectJsonTest.scala	25
tiled	../sge/sge/src/test/scala/sge/maps/tiled/TiledProjectJsonTest.scala	26
tiled	../sge/sge/src/test/scala/sge/maps/tiled/TiledProjectJsonTest.scala	57
tiled	../sge/sge/src/test/scala/sge/maps/tiled/TiledProjectJsonTest.scala	92
tiled	../sge/sge/src/test/scala/sge/maps/tiled/TiledProjectJsonTest.scala	113
tiled	../sge/sge/src/test/scala/sge/maps/tiled/TiledProjectJsonTest.scala	135
tiled	../sge/sge/src/test/scala/sge/maps/tiled/TiledProjectJsonTest.scala	155
tiled	../sge/sge/src/test/scala/sge/maps/tiled/TiledProjectJsonTest.scala	164
tiled	../sge/sge/src/test/scala/sge/maps/tiled/TiledProjectJsonTest.scala	180
tiled	../sge/sge/src/test/scala/sge/maps/tiled/TmjJsonTest.scala	14
tiled	../sge/sge/src/test/scala/sge/maps/tiled/TmjJsonTest.scala	21
tiled	../sge/sge/src/test/scala/sge/maps/tiled/TmjJsonTest.scala	24
tiled	../sge/sge/src/test/scala/sge/maps/tiled/TmjJsonTest.scala	27
tiled	../sge/sge/src/test/scala/sge/maps/tiled/TmjJsonTest.scala	31
tiled	../sge/sge/src/test/scala/sge/maps/tiled/TmjJsonTest.scala	32
tiled	../sge/sge/src/test/scala/sge/maps/tiled/TmjJsonTest.scala	60
tiled	../sge/sge/src/test/scala/sge/maps/tiled/TmjJsonTest.scala	90
tiled	../sge/sge/src/test/scala/sge/maps/tiled/TmjJsonTest.scala	114
tiled	../sge/sge/src/test/scala/sge/maps/tiled/TmjJsonTest.scala	132
tiled	../sge/sge/src/test/scala/sge/maps/tiled/TmjJsonTest.scala	133
tiled	../sge/sge/src/test/scala/sge/maps/tiled/TmjJsonTest.scala	134
tiled	../sge/sge/src/test/scala/sge/maps/tiled/TmjJsonTest.scala	159
tiled	../sge/sge/src/test/scala/sge/maps/tiled/TmjJsonTest.scala	184
tiled	../sge/sge/src/test/scala/sge/maps/tiled/TmjJsonTest.scala	208
tiled	../sge/sge/src/test/scala/sge/maps/tiled/TmjJsonTest.scala	227
tiled	../sge/sge/src/test/scala/sge/maps/tiled/TmjJsonTest.scala	249
tiled	../sge/sge/src/test/scala/sge/maps/tiled/TmjJsonTest.scala	281
tiled	../sge/sge/src/test/scala/sge/maps/tiled/TmjJsonTest.scala	306
tiled	../sge/sge/src/test/scala/sge/maps/tiled/TmjJsonTest.scala	315
tiled	../sge/sge/src/test/scala/sge/maps/tiled/TmjJsonTest.scala	325
tiled	../sge/sge/src/test/scala/sge/maps/tiled/TmjJsonTest.scala	327
tiled	../sge/sge/src/test/scala/sge/maps/tiled/TmjJsonTest.scala	328
tiled	../sge/sge/src/test/scala/sge/maps/tiled/TmjJsonTest.scala	330
tiled	../sge/sge/src/test/scala/sge/maps/tiled/TmjJsonTest.scala	331
tiled	../sge/sge/src/test/scala/sge/maps/tiled/TmjJsonTest.scala	337
tiled	../sge/sge/src/test/scala/sge/maps/tiled/TmjJsonTest.scala	338
tiled	../sge/sge/src/test/scala/sge/maps/tiled/TmjJsonTest.scala	344
tiled	../sge/sge/src/test/scala/sge/maps/tiled/TmjJsonTest.scala	379
tiled	../sge/sge/src/test/scala/sge/maps/tiled/TmjJsonTest.scala	382
tiled	../sge/sge/src/test/scala/sge/maps/tiled/TmjJsonTest.scala	414
tiled	../sge/sge/src/test/scala/sge/maps/tiled/TmjJsonTest.scala	432
tiled	../sge/sge/src/test/scala/sge/maps/tiled/TmjJsonTest.scala	442
tiled	../sge/sge/src/test/scala/sge/maps/tiled/TmjJsonTest.scala	444
tiled	../sge/sge/src/test/scala/sge/maps/tiled/TmjJsonTest.scala	454
tiled	../sge/sge/src/test/scala/sge/maps/tiled/TmjJsonTest.scala	455
tiled	../sge/sge/src/test/scala/sge/maps/tiled/TmjJsonTest.scala	480
tiled	../sge/sge/src/test/scala/sge/maps/tiled/TmjJsonTest.scala	486
tiled	../sge/sge/src/test/scala/sge/maps/tiled/TmjJsonTest.scala	501
tiled	../sge/sge/src/test/scala/sge/maps/tiled/TmjJsonTest.scala	523
tiled	../sge/sge/src/test/scala/sge/maps/tiled/TmjTileIdsCsvRedSuite.scala	40
tiled	../sge/sge/src/test/scala/sge/maps/tiled/TmjTileIdsCsvRedSuite.scala	41
tiled	../sge/sge/src/test/scala/sge/maps/tiled/TmjTileIdsCsvRedSuite.scala	44
tiled	../sge/sge/src/test/scala/sge/maps/tiled/TmjTileIdsCsvRedSuite.scala	47
tiled	../sge/sge/src/test/scala/sge/maps/tiled/TmjTileIdsCsvRedSuite.scala	75
member-shape	../sge/sge/src/test/scala/sge/math/Affine2Test.scala	43
arity	../sge/sge/src/test/scala/sge/math/Affine2Test.scala	44
arity	../sge/sge/src/test/scala/sge/math/Affine2Test.scala	86
member-shape	../sge/sge/src/test/scala/sge/math/Bresenham2Test.scala	9
member-shape	../sge/sge/src/test/scala/sge/math/Bresenham2Test.scala	19
member-shape	../sge/sge/src/test/scala/sge/math/Bresenham2Test.scala	27
member-shape	../sge/sge/src/test/scala/sge/math/Bresenham2Test.scala	35
member-shape	../sge/sge/src/test/scala/sge/math/Bresenham2Test.scala	43
member-shape	../sge/sge/src/test/scala/sge/math/Bresenham2Test.scala	59
member-shape	../sge/sge/src/test/scala/sge/math/Bresenham2Test.scala	73
arity	../sge/sge/src/test/scala/sge/math/CatmullRomSplineTest.scala	47
arity	../sge/sge/src/test/scala/sge/math/CatmullRomSplineTest.scala	47
type-shape	../sge/sge/src/test/scala/sge/math/CircumCircleRedSuite.scala	107
type-shape	../sge/sge/src/test/scala/sge/math/CircumCircleRedSuite.scala	116
type-shape	../sge/sge/src/test/scala/sge/math/CircumCircleRedSuite.scala	128
type-shape	../sge/sge/src/test/scala/sge/math/CircumCircleRedSuite.scala	132
type-shape	../sge/sge/src/test/scala/sge/math/ConvexHullTest.scala	44
type-shape	../sge/sge/src/test/scala/sge/math/ConvexHullTest.scala	45
type-shape	../sge/sge/src/test/scala/sge/math/ConvexHullTest.scala	46
type-shape	../sge/sge/src/test/scala/sge/math/ConvexHullTest.scala	47
type-shape	../sge/sge/src/test/scala/sge/math/ConvexHullTest.scala	49
type-shape	../sge/sge/src/test/scala/sge/math/ConvexHullTest.scala	50
type-shape	../sge/sge/src/test/scala/sge/math/ConvexHullTest.scala	51
type-shape	../sge/sge/src/test/scala/sge/math/ConvexHullTest.scala	52
arity	../sge/sge/src/test/scala/sge/math/CumulativeDistributionTest.scala	15
arity	../sge/sge/src/test/scala/sge/math/CumulativeDistributionTest.scala	22
arity	../sge/sge/src/test/scala/sge/math/CumulativeDistributionTest.scala	35
arity	../sge/sge/src/test/scala/sge/math/CumulativeDistributionTest.scala	39
arity	../sge/sge/src/test/scala/sge/math/CumulativeDistributionTest.scala	113
arity	../sge/sge/src/test/scala/sge/math/CumulativeDistributionTest.scala	122
member-shape	../sge/sge/src/test/scala/sge/math/GeometryTest.scala	94
arity	../sge/sge/src/test/scala/sge/math/GeometryTest.scala	103
member-shape	../sge/sge/src/test/scala/sge/math/GeometryTest.scala	164
nullable	../sge/sge/src/test/scala/sge/math/IntersectorTest.scala	114
nullable	../sge/sge/src/test/scala/sge/math/IntersectorTest.scala	117
nullable	../sge/sge/src/test/scala/sge/math/IntersectorTest.scala	120
nullable	../sge/sge/src/test/scala/sge/math/IntersectorTest.scala	123
nullable	../sge/sge/src/test/scala/sge/math/IntersectorTest.scala	127
nullable	../sge/sge/src/test/scala/sge/math/IntersectorTest.scala	135
nullable	../sge/sge/src/test/scala/sge/math/IntersectorTest.scala	143
member-shape	../sge/sge/src/test/scala/sge/math/IntersectorTest.scala	256
member-shape	../sge/sge/src/test/scala/sge/math/IntersectorTest.scala	257
member-shape	../sge/sge/src/test/scala/sge/math/IntersectorTest.scala	258
member-shape	../sge/sge/src/test/scala/sge/math/IntersectorTest.scala	259
type-shape	../sge/sge/src/test/scala/sge/math/IntersectorTest.scala	323
type-shape	../sge/sge/src/test/scala/sge/math/IntersectorTest.scala	333
type-shape	../sge/sge/src/test/scala/sge/math/IntersectorTest.scala	342
type-shape	../sge/sge/src/test/scala/sge/math/IntersectorTest.scala	343
member-shape	../sge/sge/src/test/scala/sge/math/Matrix3Test.scala	84
member-shape	../sge/sge/src/test/scala/sge/math/Matrix3Test.scala	92
member-shape	../sge/sge/src/test/scala/sge/math/Matrix3Test.scala	100
member-shape	../sge/sge/src/test/scala/sge/math/Matrix3Test.scala	110
member-shape	../sge/sge/src/test/scala/sge/math/Matrix3Test.scala	117
member-shape	../sge/sge/src/test/scala/sge/math/Matrix3Test.scala	148
member-shape	../sge/sge/src/test/scala/sge/math/Matrix4Test.scala	71
member-shape	../sge/sge/src/test/scala/sge/math/Matrix4Test.scala	82
member-shape	../sge/sge/src/test/scala/sge/math/Matrix4Test.scala	126
member-shape	../sge/sge/src/test/scala/sge/math/Matrix4Test.scala	166
member-shape	../sge/sge/src/test/scala/sge/math/Matrix4Test.scala	169
member-shape	../sge/sge/src/test/scala/sge/math/OctreeTest.scala	41
member-shape	../sge/sge/src/test/scala/sge/math/OctreeTest.scala	48
type-shape	../sge/sge/src/test/scala/sge/math/OctreeTest.scala	51
type-shape	../sge/sge/src/test/scala/sge/math/OctreeTest.scala	59
other	../sge/sge/src/test/scala/sge/math/QuaternionTest.scala	32
arity	../sge/sge/src/test/scala/sge/math/QuaternionTest.scala	171
arity	../sge/sge/src/test/scala/sge/math/QuaternionTest.scala	173
member-shape	../sge/sge/src/test/scala/sge/math/QuaternionTest.scala	258
arity	../sge/sge/src/test/scala/sge/math/QuaternionTest.scala	280
arity	../sge/sge/src/test/scala/sge/math/QuaternionTest.scala	282
member-shape	../sge/sge/src/test/scala/sge/math/TransformTest.scala	78
type-shape	../sge/sge/src/test/scala/sge/math/TriangulatorIndicesRedSuite.scala	66
type-shape	../sge/sge/src/test/scala/sge/math/TriangulatorIndicesRedSuite.scala	91
type-shape	../sge/sge/src/test/scala/sge/math/TriangulatorIndicesRedSuite.scala	107
type-shape	../sge/sge/src/test/scala/sge/math/TriangulatorIndicesRedSuite.scala	116
member-shape	../sge/sge/src/test/scala/sge/math/Vector3RotTest.scala	98
member-shape	../sge/sge/src/test/scala/sge/math/Vector3RotTest.scala	104
member-shape	../sge/sge/src/test/scala/sge/math/Vector3RotTest.scala	111
member-shape	../sge/sge/src/test/scala/sge/math/VectorArithmeticTest.scala	35
member-shape	../sge/sge/src/test/scala/sge/math/VectorArithmeticTest.scala	41
member-shape	../sge/sge/src/test/scala/sge/math/VectorArithmeticTest.scala	66
arity	../sge/sge/src/test/scala/sge/math/VectorArithmeticTest.scala	71
arity	../sge/sge/src/test/scala/sge/math/VectorArithmeticTest.scala	76
arity	../sge/sge/src/test/scala/sge/math/VectorArithmeticTest.scala	82
arity	../sge/sge/src/test/scala/sge/math/VectorArithmeticTest.scala	129
arity	../sge/sge/src/test/scala/sge/math/VectorArithmeticTest.scala	135
arity	../sge/sge/src/test/scala/sge/math/VectorArithmeticTest.scala	141
arity	../sge/sge/src/test/scala/sge/math/VectorArithmeticTest.scala	147
arity	../sge/sge/src/test/scala/sge/math/VectorArithmeticTest.scala	153
type-shape	../sge/sge/src/test/scala/sge/math/VectorArithmeticTest.scala	188
member-shape	../sge/sge/src/test/scala/sge/math/VectorArithmeticTest.scala	189
type-shape	../sge/sge/src/test/scala/sge/math/VectorArithmeticTest.scala	193
type-shape	../sge/sge/src/test/scala/sge/math/VectorArithmeticTest.scala	194
member-shape	../sge/sge/src/test/scala/sge/math/VectorArithmeticTest.scala	195
member-shape	../sge/sge/src/test/scala/sge/math/VectorArithmeticTest.scala	199
member-shape	../sge/sge/src/test/scala/sge/math/VectorArithmeticTest.scala	199
member-shape	../sge/sge/src/test/scala/sge/math/VectorArithmeticTest.scala	206
member-shape	../sge/sge/src/test/scala/sge/math/VectorArithmeticTest.scala	206
member-shape	../sge/sge/src/test/scala/sge/math/VectorArithmeticTest.scala	212
member-shape	../sge/sge/src/test/scala/sge/math/VectorArithmeticTest.scala	212
member-shape	../sge/sge/src/test/scala/sge/math/VectorArithmeticTest.scala	225
member-shape	../sge/sge/src/test/scala/sge/math/VectorArithmeticTest.scala	235
member-shape	../sge/sge/src/test/scala/sge/math/VectorArithmeticTest.scala	241
member-shape	../sge/sge/src/test/scala/sge/math/VectorArithmeticTest.scala	257
member-shape	../sge/sge/src/test/scala/sge/math/VectorArithmeticTest.scala	264
member-shape	../sge/sge/src/test/scala/sge/math/VectorArithmeticTest.scala	265
arity	../sge/sge/src/test/scala/sge/math/VectorArithmeticTest.scala	271
arity	../sge/sge/src/test/scala/sge/math/VectorArithmeticTest.scala	277
arity	../sge/sge/src/test/scala/sge/math/VectorArithmeticTest.scala	314
arity	../sge/sge/src/test/scala/sge/math/VectorArithmeticTest.scala	320
type-shape	../sge/sge/src/test/scala/sge/math/VectorArithmeticTest.scala	324
member-shape	../sge/sge/src/test/scala/sge/math/VectorArithmeticTest.scala	325
type-shape	../sge/sge/src/test/scala/sge/math/VectorArithmeticTest.scala	329
member-shape	../sge/sge/src/test/scala/sge/math/VectorArithmeticTest.scala	330
member-shape	../sge/sge/src/test/scala/sge/math/VectorArithmeticTest.scala	334
member-shape	../sge/sge/src/test/scala/sge/math/VectorArithmeticTest.scala	334
member-shape	../sge/sge/src/test/scala/sge/math/VectorArithmeticTest.scala	358
arity	../sge/sge/src/test/scala/sge/math/VectorArithmeticTest.scala	372
arity	../sge/sge/src/test/scala/sge/math/VectorArithmeticTest.scala	378
member-shape	../sge/sge/src/test/scala/sge/math/VectorArithmeticTest.scala	394
member-shape	../sge/sge/src/test/scala/sge/math/VectorArithmeticTest.scala	395
member-shape	../sge/sge/src/test/scala/sge/math/VectorArithmeticTest.scala	396
arity	../sge/sge/src/test/scala/sge/math/VectorArithmeticTest.scala	405
arity	../sge/sge/src/test/scala/sge/math/VectorArithmeticTest.scala	412
member-shape	../sge/sge/src/test/scala/sge/math/VectorArithmeticTest.scala	419
member-shape	../sge/sge/src/test/scala/sge/math/VectorArithmeticTest.scala	420
member-shape	../sge/sge/src/test/scala/sge/math/VectorArithmeticTest.scala	421
arity	../sge/sge/src/test/scala/sge/math/VectorArithmeticTest.scala	430
arity	../sge/sge/src/test/scala/sge/math/VectorArithmeticTest.scala	437
net	../sge/sge/src/test/scala/sge/net/SgeHttpRequestTest.scala	15
net	../sge/sge/src/test/scala/sge/net/SgeHttpRequestTest.scala	16
net	../sge/sge/src/test/scala/sge/net/SgeHttpRequestTest.scala	25
net	../sge/sge/src/test/scala/sge/net/SgeHttpRequestTest.scala	35
net	../sge/sge/src/test/scala/sge/net/SgeHttpRequestTest.scala	37
net	../sge/sge/src/test/scala/sge/net/SgeHttpRequestTest.scala	43
net	../sge/sge/src/test/scala/sge/net/SgeHttpRequestTest.scala	50
net	../sge/sge/src/test/scala/sge/net/SgeHttpRequestTest.scala	54
net	../sge/sge/src/test/scala/sge/net/SgeHttpRequestTest.scala	55
net	../sge/sge/src/test/scala/sge/net/SgeHttpRequestTest.scala	59
net	../sge/sge/src/test/scala/sge/net/SgeHttpRequestTest.scala	71
net	../sge/sge/src/test/scala/sge/net/SgeHttpRequestTest.scala	81
net	../sge/sge/src/test/scala/sge/net/SgeHttpRequestTest.scala	81
net	../sge/sge/src/test/scala/sge/net/SgeHttpRequestTest.scala	85
net	../sge/sge/src/test/scala/sge/net/SgeHttpRequestTest.scala	92
net	../sge/sge/src/test/scala/sge/net/SgeHttpRequestTest.scala	97
net	../sge/sge/src/test/scala/sge/net/SgeHttpRequestTest.scala	98
net	../sge/sge/src/test/scala/sge/net/SgeHttpResponseTest.scala	13
net	../sge/sge/src/test/scala/sge/net/SgeHttpResponseTest.scala	13
net	../sge/sge/src/test/scala/sge/net/SgeHttpResponseTest.scala	14
net	../sge/sge/src/test/scala/sge/net/SgeHttpResponseTest.scala	14
net	../sge/sge/src/test/scala/sge/net/SgeHttpResponseTest.scala	15
net	../sge/sge/src/test/scala/sge/net/SgeHttpResponseTest.scala	15
net	../sge/sge/src/test/scala/sge/net/SgeHttpResponseTest.scala	16
net	../sge/sge/src/test/scala/sge/net/SgeHttpResponseTest.scala	22
net	../sge/sge/src/test/scala/sge/net/SgeHttpResponseTest.scala	23
net	../sge/sge/src/test/scala/sge/net/SgeHttpResponseTest.scala	24
net	../sge/sge/src/test/scala/sge/net/SgeHttpResponseTest.scala	26
net	../sge/sge/src/test/scala/sge/net/SgeHttpResponseTest.scala	32
net	../sge/sge/src/test/scala/sge/net/SgeHttpResponseTest.scala	74
net	../sge/sge/src/test/scala/sge/net/SgeHttpResponseTest.scala	89
net	../sge/sge/src/test/scala/sge/net/SgeHttpResponseTest.scala	90
net	../sge/sge/src/test/scala/sge/net/SgeHttpResponseTest.scala	91
net	../sge/sge/src/test/scala/sge/net/SgeHttpResponseTest.scala	95
net	../sge/sge/src/test/scala/sge/net/SgeHttpResponseTest.scala	96
member-shape	../sge/sge/src/test/scala/sge/noop/NoopAudioTest.scala	29
member-shape	../sge/sge/src/test/scala/sge/noop/NoopAudioTest.scala	89
member-shape	../sge/sge/src/test/scala/sge/noop/NoopGL32.scala	718
member-shape	../sge/sge/src/test/scala/sge/noop/NoopGraphicsTest.scala	31
member-shape	../sge/sge/src/test/scala/sge/noop/NoopGraphicsTest.scala	49
member-shape	../sge/sge/src/test/scala/sge/noop/NoopGraphicsTest.scala	50
member-shape	../sge/sge/src/test/scala/sge/noop/NoopGraphicsTest.scala	51
member-shape	../sge/sge/src/test/scala/sge/noop/NoopGraphicsTest.scala	52
member-shape	../sge/sge/src/test/scala/sge/noop/NoopGraphicsTest.scala	53
member-shape	../sge/sge/src/test/scala/sge/noop/NoopGraphicsTest.scala	54
member-shape	../sge/sge/src/test/scala/sge/noop/NoopGraphicsTest.scala	94
opaque-key-button	../sge/sge/src/test/scala/sge/noop/NoopInputTest.scala	7
opaque-key-button	../sge/sge/src/test/scala/sge/noop/NoopInputTest.scala	7
arity	../sge/sge/src/test/scala/sge/noop/NoopInputTest.scala	16
arity	../sge/sge/src/test/scala/sge/noop/NoopInputTest.scala	18
arity	../sge/sge/src/test/scala/sge/noop/NoopInputTest.scala	20
arity	../sge/sge/src/test/scala/sge/noop/NoopInputTest.scala	22
opaque-key-button	../sge/sge/src/test/scala/sge/noop/NoopInputTest.scala	40
opaque-key-button	../sge/sge/src/test/scala/sge/noop/NoopInputTest.scala	41
opaque-key-button	../sge/sge/src/test/scala/sge/noop/NoopInputTest.scala	42
opaque-key-button	../sge/sge/src/test/scala/sge/noop/NoopInputTest.scala	43
arity	../sge/sge/src/test/scala/sge/noop/NoopInputTest.scala	45
assertion-mismatch	../sge/sge/src/test/scala/sge/noop/NoopInputTest.scala	56
opaque-key-button	../sge/sge/src/test/scala/sge/noop/NoopInputTest.scala	64
member-shape	../sge/sge/src/test/scala/sge/noop/NoopInputTest.scala	66
opaque-key-button	../sge/sge/src/test/scala/sge/noop/NoopInputTest.scala	88
opaque-key-button	../sge/sge/src/test/scala/sge/noop/NoopInputTest.scala	89
member-shape	../sge/sge/src/test/scala/sge/scenes/scene2d/ActionTest.scala	66
member-shape	../sge/sge/src/test/scala/sge/scenes/scene2d/ActionTest.scala	153
member-shape	../sge/sge/src/test/scala/sge/scenes/scene2d/ActorPropertyHookRedSuite.scala	44
member-shape	../sge/sge/src/test/scala/sge/scenes/scene2d/ActorPropertyHookRedSuite.scala	51
member-shape	../sge/sge/src/test/scala/sge/scenes/scene2d/ActorPropertyHookRedSuite.scala	62
member-shape	../sge/sge/src/test/scala/sge/scenes/scene2d/ActorPropertyHookRedSuite.scala	63
member-shape	../sge/sge/src/test/scala/sge/scenes/scene2d/ActorPropertyHookRedSuite.scala	65
member-shape	../sge/sge/src/test/scala/sge/scenes/scene2d/ActorPropertyHookRedSuite.scala	66
member-shape	../sge/sge/src/test/scala/sge/scenes/scene2d/ActorPropertyHookRedSuite.scala	77
member-shape	../sge/sge/src/test/scala/sge/scenes/scene2d/ActorPropertyHookRedSuite.scala	80
member-shape	../sge/sge/src/test/scala/sge/scenes/scene2d/ActorPropertyHookRedSuite.scala	91
member-shape	../sge/sge/src/test/scala/sge/scenes/scene2d/EventPropagationTest.scala	179
nullable	../sge/sge/src/test/scala/sge/scenes/scene2d/EventPropagationTest.scala	200
opaque-key-button	../sge/sge/src/test/scala/sge/scenes/scene2d/InputEventTest.scala	6
opaque-key-button	../sge/sge/src/test/scala/sge/scenes/scene2d/InputEventTest.scala	6
opaque-key-button	../sge/sge/src/test/scala/sge/scenes/scene2d/InputEventTest.scala	25
opaque-key-button	../sge/sge/src/test/scala/sge/scenes/scene2d/InputEventTest.scala	26
opaque-key-button	../sge/sge/src/test/scala/sge/scenes/scene2d/InputEventTest.scala	42
opaque-key-button	../sge/sge/src/test/scala/sge/scenes/scene2d/InputEventTest.scala	43
opaque-key-button	../sge/sge/src/test/scala/sge/scenes/scene2d/InputEventTest.scala	55
opaque-key-button	../sge/sge/src/test/scala/sge/scenes/scene2d/InputEventTest.scala	56
member-shape	../sge/sge/src/test/scala/sge/scenes/scene2d/InputEventTest.scala	85
member-shape	../sge/sge/src/test/scala/sge/scenes/scene2d/InputEventTest.scala	86
opaque-key-button	../sge/sge/src/test/scala/sge/scenes/scene2d/InputEventTest.scala	98
opaque-key-button	../sge/sge/src/test/scala/sge/scenes/scene2d/InputEventTest.scala	105
member-shape	../sge/sge/src/test/scala/sge/scenes/scene2d/InputEventTest.scala	107
member-shape	../sge/sge/src/test/scala/sge/scenes/scene2d/InputEventTest.scala	109
member-shape	../sge/sge/src/test/scala/sge/scenes/scene2d/InputEventTest.scala	110
member-shape	../sge/sge/src/test/scala/sge/scenes/scene2d/InputEventTest.scala	111
member-shape	../sge/sge/src/test/scala/sge/scenes/scene2d/InputEventTest.scala	124
member-shape	../sge/sge/src/test/scala/sge/scenes/scene2d/InputEventTest.scala	131
member-shape	../sge/sge/src/test/scala/sge/scenes/scene2d/InputEventTest.scala	138
member-shape	../sge/sge/src/test/scala/sge/scenes/scene2d/InputEventTest.scala	147
member-shape	../sge/sge/src/test/scala/sge/scenes/scene2d/InputEventTest.scala	158
member-shape	../sge/sge/src/test/scala/sge/scenes/scene2d/InputEventTest.scala	160
member-shape	../sge/sge/src/test/scala/sge/scenes/scene2d/InputEventTest.scala	162
member-shape	../sge/sge/src/test/scala/sge/scenes/scene2d/InputEventTest.scala	164
member-shape	../sge/sge/src/test/scala/sge/scenes/scene2d/InputEventTest.scala	168
member-shape	../sge/sge/src/test/scala/sge/scenes/scene2d/InputEventTest.scala	169
member-shape	../sge/sge/src/test/scala/sge/scenes/scene2d/InputEventTest.scala	170
member-shape	../sge/sge/src/test/scala/sge/scenes/scene2d/Scene2DTest.scala	23
member-shape	../sge/sge/src/test/scala/sge/scenes/scene2d/Scene2DTest.scala	24
member-shape	../sge/sge/src/test/scala/sge/scenes/scene2d/Scene2DTest.scala	26
member-shape	../sge/sge/src/test/scala/sge/scenes/scene2d/Scene2DTest.scala	42
member-shape	../sge/sge/src/test/scala/sge/scenes/scene2d/Scene2DTest.scala	43
member-shape	../sge/sge/src/test/scala/sge/scenes/scene2d/Scene2DTest.scala	51
member-shape	../sge/sge/src/test/scala/sge/scenes/scene2d/Scene2DTest.scala	52
member-shape	../sge/sge/src/test/scala/sge/scenes/scene2d/Scene2DTest.scala	60
member-shape	../sge/sge/src/test/scala/sge/scenes/scene2d/Scene2DTest.scala	91
member-shape	../sge/sge/src/test/scala/sge/scenes/scene2d/actions/ActionsCharacterizationTest.scala	315
member-shape	../sge/sge/src/test/scala/sge/scenes/scene2d/actions/ActionsCharacterizationTest.scala	316
member-shape	../sge/sge/src/test/scala/sge/scenes/scene2d/actions/ActionsCharacterizationTest.scala	325
opaque-time-pixels	../sge/sge/src/test/scala/sge/scenes/scene2d/actions/ActionsCharacterizationTest.scala	343
nullable	../sge/sge/src/test/scala/sge/scenes/scene2d/actions/ActionsCharacterizationTest.scala	344
nullable	../sge/sge/src/test/scala/sge/scenes/scene2d/actions/ActionsCharacterizationTest.scala	345
member-shape	../sge/sge/src/test/scala/sge/scenes/scene2d/actions/ActionsCharacterizationTest.scala	349
member-shape	../sge/sge/src/test/scala/sge/scenes/scene2d/actions/ActionsCharacterizationTest.scala	350
type-shape	../sge/sge/src/test/scala/sge/scenes/scene2d/actions/ActionsCharacterizationTest.scala	355
type-shape	../sge/sge/src/test/scala/sge/scenes/scene2d/actions/ActionsCharacterizationTest.scala	357
member-shape	../sge/sge/src/test/scala/sge/scenes/scene2d/actions/ActionsSpatialBehaviourSuite.scala	206
member-shape	../sge/sge/src/test/scala/sge/scenes/scene2d/actions/ActionsSpatialBehaviourSuite.scala	207
member-shape	../sge/sge/src/test/scala/sge/scenes/scene2d/actions/ActionsSpatialBehaviourSuite.scala	218
member-shape	../sge/sge/src/test/scala/sge/scenes/scene2d/actions/ActionsSpatialBehaviourSuite.scala	219
nullable	../sge/sge/src/test/scala/sge/scenes/scene2d/ui/ButtonBackgroundFallthroughRedSuite.scala	34
member-shape	../sge/sge/src/test/scala/sge/scenes/scene2d/ui/ButtonBackgroundFallthroughRedSuite.scala	54
member-shape	../sge/sge/src/test/scala/sge/scenes/scene2d/ui/ButtonBackgroundFallthroughRedSuite.scala	55
member-shape	../sge/sge/src/test/scala/sge/scenes/scene2d/ui/ButtonTest.scala	32
member-shape	../sge/sge/src/test/scala/sge/scenes/scene2d/ui/TableCellTest.scala	22
nullable	../sge/sge/src/test/scala/sge/scenes/scene2d/ui/TableCellTest.scala	29
member-shape	../sge/sge/src/test/scala/sge/scenes/scene2d/ui/TableCellTest.scala	30
assertion-mismatch	../sge/sge/src/test/scala/sge/scenes/scene2d/ui/TableCellTest.scala	32
nullable	../sge/sge/src/test/scala/sge/scenes/scene2d/ui/TableCellTest.scala	38
member-shape	../sge/sge/src/test/scala/sge/scenes/scene2d/ui/TableCellTest.scala	39
member-shape	../sge/sge/src/test/scala/sge/scenes/scene2d/ui/TableCellTest.scala	47
nullable	../sge/sge/src/test/scala/sge/scenes/scene2d/ui/TableCellTest.scala	57
member-shape	../sge/sge/src/test/scala/sge/scenes/scene2d/ui/TableCellTest.scala	58
nullable	../sge/sge/src/test/scala/sge/scenes/scene2d/ui/TableCellTest.scala	68
nullable	../sge/sge/src/test/scala/sge/scenes/scene2d/ui/TableCellTest.scala	70
member-shape	../sge/sge/src/test/scala/sge/scenes/scene2d/ui/TableCellTest.scala	74
nullable	../sge/sge/src/test/scala/sge/scenes/scene2d/ui/TableCellTest.scala	80
nullable	../sge/sge/src/test/scala/sge/scenes/scene2d/ui/TableCellTest.scala	81
nullable	../sge/sge/src/test/scala/sge/scenes/scene2d/ui/TableCellTest.scala	83
nullable	../sge/sge/src/test/scala/sge/scenes/scene2d/ui/TableCellTest.scala	101
member-shape	../sge/sge/src/test/scala/sge/scenes/scene2d/ui/TableCellTest.scala	104
nullable	../sge/sge/src/test/scala/sge/scenes/scene2d/ui/TableCellTest.scala	110
nullable	../sge/sge/src/test/scala/sge/scenes/scene2d/ui/TableCellTest.scala	123
nullable	../sge/sge/src/test/scala/sge/scenes/scene2d/ui/TableCellTest.scala	124
member-shape	../sge/sge/src/test/scala/sge/scenes/scene2d/ui/TableCellTest.scala	127
type-shape	../sge/sge/src/test/scala/sge/scenes/scene2d/ui/TableCellTest.scala	140
member-shape	../sge/sge/src/test/scala/sge/scenes/scene2d/ui/TableCellTest.scala	141
member-shape	../sge/sge/src/test/scala/sge/scenes/scene2d/ui/TableCellTest.scala	152
member-shape	../sge/sge/src/test/scala/sge/scenes/scene2d/ui/TableCellTest.scala	154
member-shape	../sge/sge/src/test/scala/sge/scenes/scene2d/ui/TableCellTest.scala	165
other	../sge/sge/src/test/scala/sge/scenes/scene2d/ui/TableCellTest.scala	181
other	../sge/sge/src/test/scala/sge/scenes/scene2d/ui/TableCellTest.scala	182
other	../sge/sge/src/test/scala/sge/scenes/scene2d/ui/TableCellTest.scala	183
other	../sge/sge/src/test/scala/sge/scenes/scene2d/ui/TableCellTest.scala	184
member-shape	../sge/sge/src/test/scala/sge/scenes/scene2d/ui/TableCellTest.scala	208
nullable	../sge/sge/src/test/scala/sge/scenes/scene2d/ui/TableCellTest.scala	224
nullable	../sge/sge/src/test/scala/sge/scenes/scene2d/ui/TableCellTest.scala	237
nullable	../sge/sge/src/test/scala/sge/scenes/scene2d/ui/TableCellTest.scala	246
nullable	../sge/sge/src/test/scala/sge/scenes/scene2d/ui/TableCellTest.scala	256
nullable	../sge/sge/src/test/scala/sge/scenes/scene2d/ui/TableCellTest.scala	270
nullable	../sge/sge/src/test/scala/sge/scenes/scene2d/ui/TableCellTest.scala	279
nullable	../sge/sge/src/test/scala/sge/scenes/scene2d/ui/TableCellTest.scala	288
nullable	../sge/sge/src/test/scala/sge/scenes/scene2d/ui/TableCellTest.scala	301
nullable	../sge/sge/src/test/scala/sge/scenes/scene2d/ui/TableCellTest.scala	312
nullable	../sge/sge/src/test/scala/sge/scenes/scene2d/ui/TableCellTest.scala	323
nullable	../sge/sge/src/test/scala/sge/scenes/scene2d/ui/TableCellTest.scala	336
nullable	../sge/sge/src/test/scala/sge/scenes/scene2d/ui/TableCellTest.scala	347
nullable	../sge/sge/src/test/scala/sge/scenes/scene2d/ui/TableCellTest.scala	360
assertion-mismatch	../sge/sge/src/test/scala/sge/scenes/scene2d/ui/TableCellTest.scala	362
assertion-mismatch	../sge/sge/src/test/scala/sge/scenes/scene2d/ui/TableCellTest.scala	363
nullable	../sge/sge/src/test/scala/sge/scenes/scene2d/ui/TableCellTest.scala	369
assertion-mismatch	../sge/sge/src/test/scala/sge/scenes/scene2d/ui/TableCellTest.scala	371
assertion-mismatch	../sge/sge/src/test/scala/sge/scenes/scene2d/ui/TableCellTest.scala	372
nullable	../sge/sge/src/test/scala/sge/scenes/scene2d/ui/TableCellTest.scala	382
assertion-mismatch	../sge/sge/src/test/scala/sge/scenes/scene2d/ui/TableCellTest.scala	384
assertion-mismatch	../sge/sge/src/test/scala/sge/scenes/scene2d/ui/TableCellTest.scala	385
nullable	../sge/sge/src/test/scala/sge/scenes/scene2d/ui/TableCellTest.scala	395
assertion-mismatch	../sge/sge/src/test/scala/sge/scenes/scene2d/ui/TableCellTest.scala	397
assertion-mismatch	../sge/sge/src/test/scala/sge/scenes/scene2d/ui/TableCellTest.scala	398
assertion-mismatch	../sge/sge/src/test/scala/sge/scenes/scene2d/ui/TableCellTest.scala	399
assertion-mismatch	../sge/sge/src/test/scala/sge/scenes/scene2d/ui/TableCellTest.scala	400
nullable	../sge/sge/src/test/scala/sge/scenes/scene2d/ui/TableCellTest.scala	410
assertion-mismatch	../sge/sge/src/test/scala/sge/scenes/scene2d/ui/TableCellTest.scala	412
nullable	../sge/sge/src/test/scala/sge/scenes/scene2d/ui/TableCellTest.scala	422
assertion-mismatch	../sge/sge/src/test/scala/sge/scenes/scene2d/ui/TableCellTest.scala	424
nullable	../sge/sge/src/test/scala/sge/scenes/scene2d/ui/TableCellTest.scala	430
assertion-mismatch	../sge/sge/src/test/scala/sge/scenes/scene2d/ui/TableCellTest.scala	432
nullable	../sge/sge/src/test/scala/sge/scenes/scene2d/ui/TableCellTest.scala	438
nullable	../sge/sge/src/test/scala/sge/scenes/scene2d/ui/TableCellTest.scala	446
nullable	../sge/sge/src/test/scala/sge/scenes/scene2d/ui/TableCellTest.scala	458
assertion-mismatch	../sge/sge/src/test/scala/sge/scenes/scene2d/ui/TableCellTest.scala	460
assertion-mismatch	../sge/sge/src/test/scala/sge/scenes/scene2d/ui/TableCellTest.scala	461
nullable	../sge/sge/src/test/scala/sge/scenes/scene2d/ui/TableCellTest.scala	473
assertion-mismatch	../sge/sge/src/test/scala/sge/scenes/scene2d/ui/TableCellTest.scala	475
nullable	../sge/sge/src/test/scala/sge/scenes/scene2d/ui/TableCellTest.scala	482
nullable	../sge/sge/src/test/scala/sge/scenes/scene2d/ui/TableCellTest.scala	494
nullable	../sge/sge/src/test/scala/sge/scenes/scene2d/ui/TableCellTest.scala	509
assertion-mismatch	../sge/sge/src/test/scala/sge/scenes/scene2d/ui/TableCellTest.scala	511
opaque-key-button	../sge/sge/src/test/scala/sge/scenes/scene2d/utils/ArraySelectionValueEqualitySuite.scala	27
opaque-key-button	../sge/sge/src/test/scala/sge/scenes/scene2d/utils/ClickListenerTest.scala	7
opaque-key-button	../sge/sge/src/test/scala/sge/scenes/scene2d/utils/ClickListenerTest.scala	21
opaque-key-button	../sge/sge/src/test/scala/sge/scenes/scene2d/utils/ClickListenerTest.scala	27
opaque-key-button	../sge/sge/src/test/scala/sge/scenes/scene2d/utils/ClickListenerTest.scala	33
opaque-key-button	../sge/sge/src/test/scala/sge/scenes/scene2d/utils/ClickListenerTest.scala	34
member-shape	../sge/sge/src/test/scala/sge/scenes/scene2d/utils/ClickListenerTest.scala	55
opaque-key-button	../sge/sge/src/test/scala/sge/scenes/scene2d/utils/ClickListenerTest.scala	60
opaque-key-button	../sge/sge/src/test/scala/sge/scenes/scene2d/utils/ClickListenerTest.scala	75
opaque-key-button	../sge/sge/src/test/scala/sge/scenes/scene2d/utils/ClickListenerTest.scala	92
opaque-key-button	../sge/sge/src/test/scala/sge/scenes/scene2d/utils/ClickListenerTest.scala	96
opaque-key-button	../sge/sge/src/test/scala/sge/scenes/scene2d/utils/ClickListenerTest.scala	105
opaque-key-button	../sge/sge/src/test/scala/sge/scenes/scene2d/utils/ClickListenerTest.scala	106
opaque-key-button	../sge/sge/src/test/scala/sge/scenes/scene2d/utils/ClickListenerTest.scala	111
opaque-key-button	../sge/sge/src/test/scala/sge/scenes/scene2d/utils/ClickListenerTest.scala	121
opaque-key-button	../sge/sge/src/test/scala/sge/scenes/scene2d/utils/ClickListenerTest.scala	140
opaque-key-button	../sge/sge/src/test/scala/sge/scenes/scene2d/utils/ClickListenerTest.scala	143
opaque-key-button	../sge/sge/src/test/scala/sge/scenes/scene2d/utils/ClickListenerTest.scala	146
opaque-key-button	../sge/sge/src/test/scala/sge/scenes/scene2d/utils/ClickListenerTest.scala	153
opaque-key-button	../sge/sge/src/test/scala/sge/scenes/scene2d/utils/ClickListenerTest.scala	154
opaque-key-button	../sge/sge/src/test/scala/sge/scenes/scene2d/utils/ClickListenerTest.scala	202
opaque-key-button	../sge/sge/src/test/scala/sge/scenes/scene2d/utils/ClickListenerTest.scala	234
opaque-key-button	../sge/sge/src/test/scala/sge/scenes/scene2d/utils/ClickListenerTest.scala	235
opaque-key-button	../sge/sge/src/test/scala/sge/scenes/scene2d/utils/SelectionChooseRedSuite.scala	32
member-shape	../sge/sge/src/test/scala/sge/scenes/scene2d/utils/SelectionChooseRedSuite.scala	140
member-shape	../sge/sge/src/test/scala/sge/scenes/scene2d/utils/SelectionSetIdentityRedSuite.scala	51
member-shape	../sge/sge/src/test/scala/sge/scenes/scene2d/utils/SelectionSetIdentityRedSuite.scala	57
member-shape	../sge/sge/src/test/scala/sge/scenes/scene2d/utils/SelectionTest.scala	22
member-shape	../sge/sge/src/test/scala/sge/scenes/scene2d/utils/SelectionTest.scala	162
member-shape	../sge/sge/src/test/scala/sge/scenes/scene2d/utils/SelectionTest.scala	172
member-shape	../sge/sge/src/test/scala/sge/scenes/scene2d/utils/SelectionTest.scala	241
member-shape	../sge/sge/src/test/scala/sge/scenes/scene2d/utils/SelectionTest.scala	297
member-shape	../sge/sge/src/test/scala/sge/scenes/scene2d/utils/SelectionTest.scala	324
assertion-mismatch	../sge/sge/src/test/scala/sge/scenes/scene2d/utils/SelectionTest.scala	326
assertion-mismatch	../sge/sge/src/test/scala/sge/scenes/scene2d/utils/SelectionTest.scala	327
arity	../sge/sge/src/test/scala/sge/scenes/scene2d/utils/SelectionTest.scala	340
member-shape	../sge/sge/src/test/scala/sge/utils/BinaryHeapTest.scala	56
context	../sge/sge/src/test/scala/sge/utils/PerformanceCounterTest.scala	11
context	../sge/sge/src/test/scala/sge/utils/PerformanceCounterTest.scala	17
assertion-mismatch	../sge/sge/src/test/scala/sge/utils/PerformanceCounterTest.scala	23
context	../sge/sge/src/test/scala/sge/utils/PerformanceCounterTest.scala	27
context	../sge/sge/src/test/scala/sge/utils/PerformanceCounterTest.scala	35
context	../sge/sge/src/test/scala/sge/utils/PerformanceCounterTest.scala	47
context	../sge/sge/src/test/scala/sge/utils/PerformanceCounterTest.scala	58
context	../sge/sge/src/test/scala/sge/utils/PerformanceCounterTest.scala	66
context	../sge/sge/src/test/scala/sge/utils/PerformanceCounterTest.scala	73
assertion-mismatch	../sge/sge/src/test/scala/sge/utils/PerformanceCounterTest.scala	80
context	../sge/sge/src/test/scala/sge/utils/PerformanceCounterTest.scala	84
context	../sge/sge/src/test/scala/sge/utils/PerformanceCounterTest.scala	96
context	../sge/sge/src/test/scala/sge/utils/PerformanceCounterTest.scala	107
assertion-mismatch	../sge/sge/src/test/scala/sge/utils/PerformanceCounterTest.scala	136
context	../sge/sge/src/test/scala/sge/utils/PerformanceCounterTest.scala	137
type-shape	../sge/sge/src/test/scala/sge/utils/PoolManagerTest.scala	20
type-shape	../sge/sge/src/test/scala/sge/utils/PoolManagerTest.scala	28
type-shape	../sge/sge/src/test/scala/sge/utils/PoolManagerTest.scala	37
type-shape	../sge/sge/src/test/scala/sge/utils/PoolManagerTest.scala	49
member-shape	../sge/sge/src/test/scala/sge/utils/PoolManagerTest.scala	52
member-shape	../sge/sge/src/test/scala/sge/utils/PoolManagerTest.scala	53
member-shape	../sge/sge/src/test/scala/sge/utils/PoolManagerTest.scala	56
member-shape	../sge/sge/src/test/scala/sge/utils/PoolManagerTest.scala	57
type-shape	../sge/sge/src/test/scala/sge/utils/PoolManagerTest.scala	62
member-shape	../sge/sge/src/test/scala/sge/utils/PoolManagerTest.scala	65
member-shape	../sge/sge/src/test/scala/sge/utils/PoolManagerTest.scala	70
type-shape	../sge/sge/src/test/scala/sge/utils/PoolManagerTest.scala	75
type-shape	../sge/sge/src/test/scala/sge/utils/PoolManagerTest.scala	77
member-shape	../sge/sge/src/test/scala/sge/utils/PoolManagerTest.scala	90
type-shape	../sge/sge/src/test/scala/sge/utils/PoolManagerTest.scala	96
type-shape	../sge/sge/src/test/scala/sge/utils/PoolManagerTest.scala	102
nullable	../sge/sge/src/test/scala/sge/utils/PoolManagerTest.scala	107
member-shape	../sge/sge/src/test/scala/sge/utils/StreamUtilsTest.scala	133
member-shape	../sge/sge/src/test/scala/sge/utils/StreamUtilsTest.scala	142
member-shape	../sge/sge/src/test/scala/sge/utils/StreamUtilsTest.scala	148
assertion-mismatch	../sge/sge/src/test/scala/sge/utils/StreamUtilsTest.scala	149
assertion-mismatch	../sge/sge/src/test/scala/sge/utils/StreamUtilsTest.scala	150
assertion-mismatch	../sge/sge/src/test/scala/sge/utils/StreamUtilsTest.scala	151
assertion-mismatch	../sge/sge/src/test/scala/sge/utils/StreamUtilsTest.scala	152
android	../sge/sge/src/test/scalajvm/sge/AndroidAudioAdapterTest.scala	9
android	../sge/sge/src/test/scalajvm/sge/AndroidAudioAssetFdRedSuite.scala	34
android	../sge/sge/src/test/scalajvm/sge/AndroidAudioAssetFdRedSuite.scala	34
filetype	../sge/sge/src/test/scalajvm/sge/DesktopApplicationConfigTest.scala	8
filetype	../sge/sge/src/test/scalajvm/sge/DesktopApplicationConfigTest.scala	44
filetype	../sge/sge/src/test/scalajvm/sge/DesktopApplicationConfigTest.scala	96
filetype	../sge/sge/src/test/scalajvm/sge/DesktopApplicationConfigTest.scala	98
member-shape	../sge/sge/src/test/scalajvm/sge/DesktopClipboardTest.scala	41
member-shape	../sge/sge/src/test/scalajvm/sge/DesktopClipboardTest.scala	87
member-shape	../sge/sge/src/test/scalajvm/sge/HeadlessApplicationTest.scala	104
net	../sge/sge/src/test/scalajvm/sge/HeadlessApplicationTest.scala	143
net	../sge/sge/src/test/scalajvm/sge/HeadlessApplicationTest.scala	144
filetype	../sge/sge/src/test/scalajvm/sge/assets/AssetLoaderSmokeTest.scala	7
filetype	../sge/sge/src/test/scalajvm/sge/assets/AssetLoaderSmokeTest.scala	25
filetype	../sge/sge/src/test/scalajvm/sge/assets/AssetLoaderSmokeTest.scala	25
filetype	../sge/sge/src/test/scalajvm/sge/assets/AssetLoaderSmokeTest.scala	41
filetype	../sge/sge/src/test/scalajvm/sge/assets/AssetLoaderSmokeTest.scala	41
filetype	../sge/sge/src/test/scalajvm/sge/assets/AssetLoaderSmokeTest.scala	43
member-shape	../sge/sge/src/test/scalajvm/sge/assets/AssetLoaderSmokeTest.scala	78
member-shape	../sge/sge/src/test/scalajvm/sge/assets/AssetLoaderSmokeTest.scala	81
member-shape	../sge/sge/src/test/scalajvm/sge/assets/AssetLoaderSmokeTest.scala	85
nullable	../sge/sge/src/test/scalajvm/sge/assets/AssetLoaderSmokeTest.scala	103
member-shape	../sge/sge/src/test/scalajvm/sge/assets/AssetLoaderSmokeTest.scala	271
nullable	../sge/sge/src/test/scalajvm/sge/assets/AssetLoaderSmokeTest.scala	280
filetype	../sge/sge/src/test/scalajvm/sge/assets/AssetManagerAsyncISS561Test.scala	24
filetype	../sge/sge/src/test/scalajvm/sge/assets/AssetManagerAsyncISS561Test.scala	40
filetype	../sge/sge/src/test/scalajvm/sge/assets/AssetManagerAsyncISS561Test.scala	40
context	../sge/sge/src/test/scalajvm/sge/assets/AssetManagerAsyncISS561Test.scala	71
context	../sge/sge/src/test/scalajvm/sge/assets/AssetManagerAsyncISS561Test.scala	163
context	../sge/sge/src/test/scalajvm/sge/assets/AssetManagerAsyncISS561Test.scala	205
assertion-mismatch	../sge/sge/src/test/scalajvm/sge/assets/AssetManagerAsyncISS561Test.scala	245
context	../sge/sge/src/test/scalajvm/sge/assets/AssetManagerAsyncISS561Test.scala	252
assertion-mismatch	../sge/sge/src/test/scalajvm/sge/assets/AssetManagerAsyncISS561Test.scala	276
context	../sge/sge/src/test/scalajvm/sge/assets/AssetManagerAsyncISS561Test.scala	283
context	../sge/sge/src/test/scalajvm/sge/assets/AssetManagerAsyncISS561Test.scala	315
nullable	../sge/sge/src/test/scalajvm/sge/assets/AssetManagerAsyncISS561Test.scala	368
filetype	../sge/sge/src/test/scalajvm/sge/assets/AssetManagerDescriptorRoutingIss830CoverageSuite.scala	31
filetype	../sge/sge/src/test/scalajvm/sge/assets/AssetManagerDescriptorRoutingIss830CoverageSuite.scala	40
filetype	../sge/sge/src/test/scalajvm/sge/assets/AssetManagerDescriptorRoutingIss830CoverageSuite.scala	40
nullable	../sge/sge/src/test/scalajvm/sge/assets/AssetManagerDescriptorRoutingIss830CoverageSuite.scala	62
filetype	../sge/sge/src/test/scalajvm/sge/assets/AssetManagerErrorCatchIss734RedSuite.scala	36
filetype	../sge/sge/src/test/scalajvm/sge/assets/AssetManagerErrorCatchIss734RedSuite.scala	49
filetype	../sge/sge/src/test/scalajvm/sge/assets/AssetManagerErrorCatchIss734RedSuite.scala	49
filetype	../sge/sge/src/test/scalajvm/sge/assets/AssetManagerLoggerIss733Suite.scala	28
filetype	../sge/sge/src/test/scalajvm/sge/assets/AssetManagerLoggerIss733Suite.scala	34
filetype	../sge/sge/src/test/scalajvm/sge/assets/AssetManagerLoggerIss733Suite.scala	34
filetype	../sge/sge/src/test/scalajvm/sge/assets/AssetManagerUnitTest.scala	12
filetype	../sge/sge/src/test/scalajvm/sge/assets/AssetManagerUnitTest.scala	29
filetype	../sge/sge/src/test/scalajvm/sge/assets/AssetManagerUnitTest.scala	29
member-shape	../sge/sge/src/test/scalajvm/sge/assets/AssetManagerUnitTest.scala	64
member-shape	../sge/sge/src/test/scalajvm/sge/assets/AssetManagerUnitTest.scala	156
nullable	../sge/sge/src/test/scalajvm/sge/assets/AssetManagerUnitTest.scala	159
filetype	../sge/sge/src/test/scalajvm/sge/assets/loaders/FileHandleResolverTest.scala	10
filetype	../sge/sge/src/test/scalajvm/sge/assets/loaders/FileHandleResolverTest.scala	19
filetype	../sge/sge/src/test/scalajvm/sge/assets/loaders/FileHandleResolverTest.scala	19
member-shape	../sge/sge/src/test/scalajvm/sge/assets/loaders/FileHandleResolverTest.scala	24
assertion-mismatch	../sge/sge/src/test/scalajvm/sge/assets/loaders/FileHandleResolverTest.scala	26
member-shape	../sge/sge/src/test/scalajvm/sge/assets/loaders/FileHandleResolverTest.scala	31
assertion-mismatch	../sge/sge/src/test/scalajvm/sge/assets/loaders/FileHandleResolverTest.scala	33
member-shape	../sge/sge/src/test/scalajvm/sge/assets/loaders/FileHandleResolverTest.scala	39
assertion-mismatch	../sge/sge/src/test/scalajvm/sge/assets/loaders/FileHandleResolverTest.scala	40
assertion-mismatch	../sge/sge/src/test/scalajvm/sge/assets/loaders/FileHandleResolverTest.scala	43
assertion-mismatch	../sge/sge/src/test/scalajvm/sge/assets/loaders/FileHandleResolverTest.scala	46
member-shape	../sge/sge/src/test/scalajvm/sge/assets/loaders/FileHandleResolverTest.scala	56
member-shape	../sge/sge/src/test/scalajvm/sge/assets/loaders/FileHandleResolverTest.scala	57
member-shape	../sge/sge/src/test/scalajvm/sge/assets/loaders/FileHandleResolverTest.scala	58
member-shape	../sge/sge/src/test/scalajvm/sge/assets/loaders/FileHandleResolverTest.scala	63
member-shape	../sge/sge/src/test/scalajvm/sge/assets/loaders/FileHandleResolverTest.scala	64
filetype	../sge/sge/src/test/scalajvm/sge/audio/MiniaudioEngineInstanceRegistryIss810RedSuite.scala	33
filetype	../sge/sge/src/test/scalajvm/sge/audio/MiniaudioEngineInstanceRegistryIss810RedSuite.scala	108
filetype	../sge/sge/src/test/scalajvm/sge/audio/MiniaudioEngineInstanceRegistryIss810RedSuite.scala	108
filetype	../sge/sge/src/test/scalajvm/sge/audio/MiniaudioEngineInstanceRegistryIss810RedSuite.scala	116
filetype	../sge/sge/src/test/scalajvm/sge/audio/MiniaudioEngineInstanceRegistryIss810RedSuite.scala	116
filetype	../sge/sge/src/test/scalajvm/sge/audio/MiniaudioEngineSoundFormatIss772RedSuite.scala	18
filetype	../sge/sge/src/test/scalajvm/sge/audio/MiniaudioEngineSoundFormatIss772RedSuite.scala	58
filetype	../sge/sge/src/test/scalajvm/sge/audio/MiniaudioEngineSoundFormatIss772RedSuite.scala	58
filetype	../sge/sge/src/test/scalajvm/sge/audio/MiniaudioMusicOnCompleteIss760RedSuite.scala	29
filetype	../sge/sge/src/test/scalajvm/sge/audio/MiniaudioMusicOnCompleteIss760RedSuite.scala	99
filetype	../sge/sge/src/test/scalajvm/sge/audio/MiniaudioMusicOnCompleteIss760RedSuite.scala	99
member-shape	../sge/sge/src/test/scalajvm/sge/audio/MiniaudioMusicOnCompleteIss760RedSuite.scala	106
member-shape	../sge/sge/src/test/scalajvm/sge/audio/MiniaudioMusicOnCompleteIss760RedSuite.scala	117
filetype	../sge/sge/src/test/scalajvm/sge/audio/MiniaudioSoundFormatFallbackWaveDTest.scala	16
filetype	../sge/sge/src/test/scalajvm/sge/audio/MiniaudioSoundFormatFallbackWaveDTest.scala	55
filetype	../sge/sge/src/test/scalajvm/sge/audio/MiniaudioSoundFormatFallbackWaveDTest.scala	55
filetype	../sge/sge/src/test/scalajvm/sge/audio/MusicDurationIss781RedSuite.scala	18
filetype	../sge/sge/src/test/scalajvm/sge/audio/MusicDurationIss781RedSuite.scala	26
filetype	../sge/sge/src/test/scalajvm/sge/audio/MusicDurationIss781RedSuite.scala	26
member-shape	../sge/sge/src/test/scalajvm/sge/audio/MusicDurationIss781RedSuite.scala	31
filetype	../sge/sge/src/test/scalajvm/sge/audio/WavInputStreamTest.scala	79
filetype	../sge/sge/src/test/scalajvm/sge/audio/WavInputStreamTest.scala	79
filetype	../sge/sge/src/test/scalajvm/sge/audio/WavInputStreamTest.scala	95
filetype	../sge/sge/src/test/scalajvm/sge/audio/WavInputStreamTest.scala	95
filetype	../sge/sge/src/test/scalajvm/sge/audio/WavInputStreamTest.scala	110
filetype	../sge/sge/src/test/scalajvm/sge/audio/WavInputStreamTest.scala	110
filetype	../sge/sge/src/test/scalajvm/sge/audio/WavInputStreamTest.scala	127
filetype	../sge/sge/src/test/scalajvm/sge/audio/WavInputStreamTest.scala	127
filetype	../sge/sge/src/test/scalajvm/sge/audio/WavInputStreamTest.scala	142
filetype	../sge/sge/src/test/scalajvm/sge/audio/WavInputStreamTest.scala	142
filetype	../sge/sge/src/test/scalajvm/sge/audio/WavInputStreamTest.scala	157
filetype	../sge/sge/src/test/scalajvm/sge/audio/WavInputStreamTest.scala	157
filetype	../sge/sge/src/test/scalajvm/sge/audio/WavInputStreamTest.scala	174
filetype	../sge/sge/src/test/scalajvm/sge/audio/WavInputStreamTest.scala	174
android	../sge/sge/src/test/scalajvm/sge/files/AndroidFileHandleTest.scala	10
android	../sge/sge/src/test/scalajvm/sge/files/AndroidFileHandleTest.scala	46
android	../sge/sge/src/test/scalajvm/sge/files/AndroidFileHandleTest.scala	46
android	../sge/sge/src/test/scalajvm/sge/files/AndroidFileHandleTest.scala	49
android	../sge/sge/src/test/scalajvm/sge/files/AndroidFileHandleTest.scala	50
android	../sge/sge/src/test/scalajvm/sge/files/AndroidFileHandleTest.scala	54
android	../sge/sge/src/test/scalajvm/sge/files/AndroidFileHandleTest.scala	54
android	../sge/sge/src/test/scalajvm/sge/files/AndroidFileHandleTest.scala	62
android	../sge/sge/src/test/scalajvm/sge/files/AndroidFileHandleTest.scala	62
android	../sge/sge/src/test/scalajvm/sge/files/AndroidFileHandleTest.scala	65
android	../sge/sge/src/test/scalajvm/sge/files/AndroidFileHandleTest.scala	66
android	../sge/sge/src/test/scalajvm/sge/files/AndroidFileHandleTest.scala	70
android	../sge/sge/src/test/scalajvm/sge/files/AndroidFileHandleTest.scala	70
android	../sge/sge/src/test/scalajvm/sge/files/AndroidFileHandleTest.scala	79
android	../sge/sge/src/test/scalajvm/sge/files/AndroidFileHandleTest.scala	79
android	../sge/sge/src/test/scalajvm/sge/files/AndroidFileHandleTest.scala	82
android	../sge/sge/src/test/scalajvm/sge/files/AndroidFileHandleTest.scala	86
android	../sge/sge/src/test/scalajvm/sge/files/AndroidFileHandleTest.scala	86
android	../sge/sge/src/test/scalajvm/sge/files/AndroidFileHandleTest.scala	88
android	../sge/sge/src/test/scalajvm/sge/files/AndroidFileHandleTest.scala	92
android	../sge/sge/src/test/scalajvm/sge/files/AndroidFileHandleTest.scala	92
android	../sge/sge/src/test/scalajvm/sge/files/AndroidFileHandleTest.scala	94
android	../sge/sge/src/test/scalajvm/sge/files/AndroidFileHandleTest.scala	102
android	../sge/sge/src/test/scalajvm/sge/files/AndroidFileHandleTest.scala	102
android	../sge/sge/src/test/scalajvm/sge/files/AndroidFileHandleTest.scala	104
android	../sge/sge/src/test/scalajvm/sge/files/AndroidFileHandleTest.scala	108
android	../sge/sge/src/test/scalajvm/sge/files/AndroidFileHandleTest.scala	108
android	../sge/sge/src/test/scalajvm/sge/files/AndroidFileHandleTest.scala	118
android	../sge/sge/src/test/scalajvm/sge/files/AndroidFileHandleTest.scala	118
android	../sge/sge/src/test/scalajvm/sge/files/AndroidFileHandleTest.scala	126
android	../sge/sge/src/test/scalajvm/sge/files/AndroidFileHandleTest.scala	126
android	../sge/sge/src/test/scalajvm/sge/files/AndroidFileHandleTest.scala	136
android	../sge/sge/src/test/scalajvm/sge/files/AndroidFileHandleTest.scala	136
android	../sge/sge/src/test/scalajvm/sge/files/AndroidFileHandleTest.scala	137
android	../sge/sge/src/test/scalajvm/sge/files/AndroidFileHandleTest.scala	141
android	../sge/sge/src/test/scalajvm/sge/files/AndroidFileHandleTest.scala	141
android	../sge/sge/src/test/scalajvm/sge/files/AndroidFileHandleTest.scala	149
android	../sge/sge/src/test/scalajvm/sge/files/AndroidFileHandleTest.scala	149
android	../sge/sge/src/test/scalajvm/sge/files/AndroidFileHandleTest.scala	150
android	../sge/sge/src/test/scalajvm/sge/files/AndroidFileHandleTest.scala	155
android	../sge/sge/src/test/scalajvm/sge/files/AndroidFileHandleTest.scala	155
android	../sge/sge/src/test/scalajvm/sge/files/AndroidFileHandleTest.scala	156
android	../sge/sge/src/test/scalajvm/sge/files/AndroidFileHandleTest.scala	160
android	../sge/sge/src/test/scalajvm/sge/files/AndroidFileHandleTest.scala	160
android	../sge/sge/src/test/scalajvm/sge/files/AndroidFileHandleTest.scala	169
android	../sge/sge/src/test/scalajvm/sge/files/AndroidFileHandleTest.scala	169
android	../sge/sge/src/test/scalajvm/sge/files/AndroidFileHandleTest.scala	170
android	../sge/sge/src/test/scalajvm/sge/files/AndroidFileHandleTest.scala	174
android	../sge/sge/src/test/scalajvm/sge/files/AndroidFileHandleTest.scala	174
android	../sge/sge/src/test/scalajvm/sge/files/AndroidFileHandleTest.scala	175
android	../sge/sge/src/test/scalajvm/sge/files/AndroidFileHandleTest.scala	182
android	../sge/sge/src/test/scalajvm/sge/files/AndroidFileHandleTest.scala	182
android	../sge/sge/src/test/scalajvm/sge/files/AndroidFileHandleTest.scala	183
android	../sge/sge/src/test/scalajvm/sge/files/AndroidFileHandleTest.scala	187
android	../sge/sge/src/test/scalajvm/sge/files/AndroidFileHandleTest.scala	187
android	../sge/sge/src/test/scalajvm/sge/files/AndroidFileHandleTest.scala	188
android	../sge/sge/src/test/scalajvm/sge/files/AndroidFileHandleTest.scala	192
android	../sge/sge/src/test/scalajvm/sge/files/AndroidFileHandleTest.scala	192
android	../sge/sge/src/test/scalajvm/sge/files/AndroidFileHandleTest.scala	193
android	../sge/sge/src/test/scalajvm/sge/files/AndroidFileHandleTest.scala	199
android	../sge/sge/src/test/scalajvm/sge/files/AndroidFileHandleTest.scala	201
filetype	../sge/sge/src/test/scalajvm/sge/files/DesktopFileHandleTest.scala	18
assertion-mismatch	../sge/sge/src/test/scalajvm/sge/files/DesktopFileHandleTest.scala	21
filetype	../sge/sge/src/test/scalajvm/sge/files/DesktopFileHandleTest.scala	25
filetype	../sge/sge/src/test/scalajvm/sge/files/DesktopFileHandleTest.scala	33
assertion-mismatch	../sge/sge/src/test/scalajvm/sge/files/DesktopFileHandleTest.scala	36
filetype	../sge/sge/src/test/scalajvm/sge/files/DesktopFileHandleTest.scala	40
filetype	../sge/sge/src/test/scalajvm/sge/files/DesktopFileHandleTest.scala	49
filetype	../sge/sge/src/test/scalajvm/sge/files/DesktopFileHandleTest.scala	55
assertion-mismatch	../sge/sge/src/test/scalajvm/sge/files/DesktopFileHandleTest.scala	58
filetype	../sge/sge/src/test/scalajvm/sge/files/DesktopFileHandleTest.scala	62
assertion-mismatch	../sge/sge/src/test/scalajvm/sge/files/DesktopFileHandleTest.scala	64
filetype	../sge/sge/src/test/scalajvm/sge/files/DesktopFileHandleTest.scala	70
assertion-mismatch	../sge/sge/src/test/scalajvm/sge/files/DesktopFileHandleTest.scala	71
filetype	../sge/sge/src/test/scalajvm/sge/files/DesktopFileHandleTest.scala	75
assertion-mismatch	../sge/sge/src/test/scalajvm/sge/files/DesktopFileHandleTest.scala	76
filetype	../sge/sge/src/test/scalajvm/sge/files/DesktopFileHandleTest.scala	80
assertion-mismatch	../sge/sge/src/test/scalajvm/sge/files/DesktopFileHandleTest.scala	81
filetype	../sge/sge/src/test/scalajvm/sge/files/DesktopFileHandleTest.scala	85
assertion-mismatch	../sge/sge/src/test/scalajvm/sge/files/DesktopFileHandleTest.scala	86
filetype	../sge/sge/src/test/scalajvm/sge/files/DesktopFileHandleTest.scala	94
assertion-mismatch	../sge/sge/src/test/scalajvm/sge/files/DesktopFileHandleTest.scala	101
assertion-mismatch	../sge/sge/src/test/scalajvm/sge/files/DesktopFileHandleTest.scala	102
assertion-mismatch	../sge/sge/src/test/scalajvm/sge/files/DesktopFileHandleTest.scala	103
filetype	../sge/sge/src/test/scalajvm/sge/files/DesktopFileHandleTest.scala	108
assertion-mismatch	../sge/sge/src/test/scalajvm/sge/files/DesktopFileHandleTest.scala	110
other	../sge/sge/src/test/scalajvm/sge/files/DesktopFilesTest.scala	13
assertion-mismatch	../sge/sge/src/test/scalajvm/sge/files/DesktopFilesTest.scala	18
assertion-mismatch	../sge/sge/src/test/scalajvm/sge/files/DesktopFilesTest.scala	26
filetype	../sge/sge/src/test/scalajvm/sge/files/DesktopFilesTest.scala	41
filetype	../sge/sge/src/test/scalajvm/sge/files/DesktopFilesTest.scala	47
filetype	../sge/sge/src/test/scalajvm/sge/files/DesktopFilesTest.scala	52
filetype	../sge/sge/src/test/scalajvm/sge/files/DesktopFilesTest.scala	57
filetype	../sge/sge/src/test/scalajvm/sge/files/DesktopFilesTest.scala	62
filetype	../sge/sge/src/test/scalajvm/sge/files/DesktopFilesTest.scala	67
type-shape	../sge/sge/src/test/scalajvm/sge/files/DesktopPreferencesTest.scala	103
filetype	../sge/sge/src/test/scalajvm/sge/files/DesktopPreferencesTest.scala	126
android	../sge/sge/src/test/scalajvm/sge/graphics/AndroidGL20AdapterTest.scala	10
android	../sge/sge/src/test/scalajvm/sge/graphics/AndroidGL20AdapterTest.scala	192
android	../sge/sge/src/test/scalajvm/sge/graphics/AndroidGL20AdapterTest.scala	200
android	../sge/sge/src/test/scalajvm/sge/graphics/AndroidGL20AdapterTest.scala	208
android	../sge/sge/src/test/scalajvm/sge/graphics/AndroidGL20AdapterTest.scala	216
android	../sge/sge/src/test/scalajvm/sge/graphics/AndroidGL20AdapterTest.scala	224
android	../sge/sge/src/test/scalajvm/sge/graphics/AndroidGL20AdapterTest.scala	232
android	../sge/sge/src/test/scalajvm/sge/graphics/AndroidGL20AdapterTest.scala	241
android	../sge/sge/src/test/scalajvm/sge/graphics/AndroidGL20AdapterTest.scala	249
android	../sge/sge/src/test/scalajvm/sge/graphics/AndroidGL20AdapterTest.scala	257
android	../sge/sge/src/test/scalajvm/sge/graphics/AndroidGL20AdapterTest.scala	258
android	../sge/sge/src/test/scalajvm/sge/graphics/AndroidGL20AdapterTest.scala	259
android	../sge/sge/src/test/scalajvm/sge/graphics/AndroidGL20AdapterTest.scala	260
net	../sge/sge/src/test/scalajvm/sge/graphics/DownloadPixmapRedSuite.scala	55
net	../sge/sge/src/test/scalajvm/sge/graphics/DownloadPixmapRedSuite.scala	63
net	../sge/sge/src/test/scalajvm/sge/graphics/DownloadPixmapRedSuite.scala	103
net	../sge/sge/src/test/scalajvm/sge/graphics/DownloadPixmapRedSuite.scala	143
net	../sge/sge/src/test/scalajvm/sge/graphics/DownloadPixmapRedSuite.scala	144
member-shape	../sge/sge/src/test/scalajvm/sge/graphics/GL20OpaqueTypeCoverageTest.scala	22
android	../sge/sge/src/test/scalajvm/sge/graphics/GL20OpaqueTypeCoverageTest.scala	210
android	../sge/sge/src/test/scalajvm/sge/graphics/GL20OpaqueTypeCoverageTest.scala	218
android	../sge/sge/src/test/scalajvm/sge/graphics/GL20OpaqueTypeCoverageTest.scala	226
android	../sge/sge/src/test/scalajvm/sge/graphics/GL20OpaqueTypeCoverageTest.scala	237
android	../sge/sge/src/test/scalajvm/sge/graphics/GL20OpaqueTypeCoverageTest.scala	245
android	../sge/sge/src/test/scalajvm/sge/graphics/GL20OpaqueTypeCoverageTest.scala	253
android	../sge/sge/src/test/scalajvm/sge/graphics/GL20OpaqueTypeCoverageTest.scala	261
android	../sge/sge/src/test/scalajvm/sge/graphics/GL20OpaqueTypeCoverageTest.scala	280
android	../sge/sge/src/test/scalajvm/sge/graphics/GL20OpaqueTypeCoverageTest.scala	288
android	../sge/sge/src/test/scalajvm/sge/graphics/GL20OpaqueTypeCoverageTest.scala	296
android	../sge/sge/src/test/scalajvm/sge/graphics/GL20OpaqueTypeCoverageTest.scala	309
android	../sge/sge/src/test/scalajvm/sge/graphics/GL20OpaqueTypeCoverageTest.scala	317
android	../sge/sge/src/test/scalajvm/sge/graphics/GL20OpaqueTypeCoverageTest.scala	326
android	../sge/sge/src/test/scalajvm/sge/graphics/GL20OpaqueTypeCoverageTest.scala	337
android	../sge/sge/src/test/scalajvm/sge/graphics/GL20OpaqueTypeCoverageTest.scala	346
android	../sge/sge/src/test/scalajvm/sge/graphics/GL20OpaqueTypeCoverageTest.scala	354
android	../sge/sge/src/test/scalajvm/sge/graphics/GL20OpaqueTypeCoverageTest.scala	363
android	../sge/sge/src/test/scalajvm/sge/graphics/GL20OpaqueTypeCoverageTest.scala	371
android	../sge/sge/src/test/scalajvm/sge/graphics/GL20OpaqueTypeCoverageTest.scala	390
android	../sge/sge/src/test/scalajvm/sge/graphics/GL20OpaqueTypeCoverageTest.scala	399
android	../sge/sge/src/test/scalajvm/sge/graphics/GL20OpaqueTypeCoverageTest.scala	408
android	../sge/sge/src/test/scalajvm/sge/graphics/GL20OpaqueTypeCoverageTest.scala	417
android	../sge/sge/src/test/scalajvm/sge/graphics/GL20OpaqueTypeCoverageTest.scala	431
android	../sge/sge/src/test/scalajvm/sge/graphics/GL20OpaqueTypeCoverageTest.scala	449
android	../sge/sge/src/test/scalajvm/sge/graphics/GL20OpaqueTypeCoverageTest.scala	458
android	../sge/sge/src/test/scalajvm/sge/graphics/GL20OpaqueTypeCoverageTest.scala	468
android	../sge/sge/src/test/scalajvm/sge/graphics/GL20OpaqueTypeCoverageTest.scala	490
android	../sge/sge/src/test/scalajvm/sge/graphics/GL20OpaqueTypeCoverageTest.scala	498
android	../sge/sge/src/test/scalajvm/sge/graphics/GL20OpaqueTypeCoverageTest.scala	505
android	../sge/sge/src/test/scalajvm/sge/graphics/GL20OpaqueTypeCoverageTest.scala	513
android	../sge/sge/src/test/scalajvm/sge/graphics/GL20OpaqueTypeCoverageTest.scala	520
android	../sge/sge/src/test/scalajvm/sge/graphics/GL20OpaqueTypeCoverageTest.scala	528
android	../sge/sge/src/test/scalajvm/sge/graphics/GL20OpaqueTypeCoverageTest.scala	541
android	../sge/sge/src/test/scalajvm/sge/graphics/GL20OpaqueTypeCoverageTest.scala	549
android	../sge/sge/src/test/scalajvm/sge/graphics/GL20OpaqueTypeCoverageTest.scala	558
android	../sge/sge/src/test/scalajvm/sge/graphics/GL20OpaqueTypeCoverageTest.scala	581
android	../sge/sge/src/test/scalajvm/sge/graphics/GL20OpaqueTypeCoverageTest.scala	590
android	../sge/sge/src/test/scalajvm/sge/graphics/GL20OpaqueTypeCoverageTest.scala	599
android	../sge/sge/src/test/scalajvm/sge/graphics/GL20OpaqueTypeCoverageTest.scala	621
android	../sge/sge/src/test/scalajvm/sge/graphics/GL20OpaqueTypeCoverageTest.scala	629
android	../sge/sge/src/test/scalajvm/sge/graphics/GL20OpaqueTypeCoverageTest.scala	636
android	../sge/sge/src/test/scalajvm/sge/graphics/GL20OpaqueTypeCoverageTest.scala	648
member-shape	../sge/sge/src/test/scalajvm/sge/graphics/GL30OpaqueTypeCoverageTest.scala	18
android	../sge/sge/src/test/scalajvm/sge/graphics/GL30OpaqueTypeCoverageTest.scala	414
android	../sge/sge/src/test/scalajvm/sge/graphics/GL30OpaqueTypeCoverageTest.scala	426
android	../sge/sge/src/test/scalajvm/sge/graphics/GL30OpaqueTypeCoverageTest.scala	438
android	../sge/sge/src/test/scalajvm/sge/graphics/GL30OpaqueTypeCoverageTest.scala	450
android	../sge/sge/src/test/scalajvm/sge/graphics/GL30OpaqueTypeCoverageTest.scala	462
android	../sge/sge/src/test/scalajvm/sge/graphics/GL30OpaqueTypeCoverageTest.scala	474
android	../sge/sge/src/test/scalajvm/sge/graphics/GL30OpaqueTypeCoverageTest.scala	486
android	../sge/sge/src/test/scalajvm/sge/graphics/GL30OpaqueTypeCoverageTest.scala	498
android	../sge/sge/src/test/scalajvm/sge/graphics/GL30OpaqueTypeCoverageTest.scala	510
android	../sge/sge/src/test/scalajvm/sge/graphics/GL30OpaqueTypeCoverageTest.scala	522
android	../sge/sge/src/test/scalajvm/sge/graphics/GL30OpaqueTypeCoverageTest.scala	534
android	../sge/sge/src/test/scalajvm/sge/graphics/GL30OpaqueTypeCoverageTest.scala	546
android	../sge/sge/src/test/scalajvm/sge/graphics/GL30OpaqueTypeCoverageTest.scala	558
android	../sge/sge/src/test/scalajvm/sge/graphics/GL30OpaqueTypeCoverageTest.scala	570
android	../sge/sge/src/test/scalajvm/sge/graphics/GL30OpaqueTypeCoverageTest.scala	582
android	../sge/sge/src/test/scalajvm/sge/graphics/GL30OpaqueTypeCoverageTest.scala	594
android	../sge/sge/src/test/scalajvm/sge/graphics/GL30OpaqueTypeCoverageTest.scala	606
android	../sge/sge/src/test/scalajvm/sge/graphics/GL30OpaqueTypeCoverageTest.scala	618
android	../sge/sge/src/test/scalajvm/sge/graphics/GL30OpaqueTypeCoverageTest.scala	630
android	../sge/sge/src/test/scalajvm/sge/graphics/GL30OpaqueTypeCoverageTest.scala	642
android	../sge/sge/src/test/scalajvm/sge/graphics/GL30OpaqueTypeCoverageTest.scala	654
android	../sge/sge/src/test/scalajvm/sge/graphics/GL30OpaqueTypeCoverageTest.scala	667
type-shape	../sge/sge/src/test/scalajvm/sge/graphics/MeshISS561Suite.scala	151
member-shape	../sge/sge/src/test/scalajvm/sge/graphics/g2d/AlignApiBoundaryIss770RedSuite.scala	57
member-shape	../sge/sge/src/test/scalajvm/sge/graphics/g2d/BitmapFontCacheDefaultAlignRedSuite.scala	62
member-shape	../sge/sge/src/test/scalajvm/sge/graphics/g2d/BitmapFontCacheRedSuite.scala	51
member-shape	../sge/sge/src/test/scalajvm/sge/graphics/g2d/BitmapFontCacheRedSuite.scala	59
member-shape	../sge/sge/src/test/scalajvm/sge/graphics/g2d/BitmapFontCacheRedSuite.scala	102
filetype	../sge/sge/src/test/scalajvm/sge/graphics/g2d/BitmapFontPagesIss732Suite.scala	43
filetype	../sge/sge/src/test/scalajvm/sge/graphics/g2d/BitmapFontPagesIss732Suite.scala	50
filetype	../sge/sge/src/test/scalajvm/sge/graphics/g2d/BitmapFontPagesIss732Suite.scala	60
filetype	../sge/sge/src/test/scalajvm/sge/graphics/g2d/BitmapFontPagesIss732Suite.scala	83
filetype	../sge/sge/src/test/scalajvm/sge/graphics/g2d/BitmapFontPagesIss732Suite.scala	83
nullable	../sge/sge/src/test/scalajvm/sge/graphics/g2d/BitmapFontPagesIss732Suite.scala	109
filetype	../sge/sge/src/test/scalajvm/sge/graphics/g2d/BitmapFontPagesIss732Suite.scala	150
filetype	../sge/sge/src/test/scalajvm/sge/graphics/g2d/BitmapFontRegionsAndGlyphMetricIss734RedSuite.scala	85
member-shape	../sge/sge/src/test/scalajvm/sge/graphics/g2d/BitmapFontRegionsAndGlyphMetricIss734RedSuite.scala	103
member-shape	../sge/sge/src/test/scalajvm/sge/graphics/g2d/BitmapFontRegionsAndGlyphMetricIss734RedSuite.scala	148
member-shape	../sge/sge/src/test/scalajvm/sge/graphics/g2d/GlyphLayoutAlignRedSuite.scala	63
member-shape	../sge/sge/src/test/scalajvm/sge/graphics/g2d/GlyphLayoutAlignRedSuite.scala	71
other	../sge/sge/src/test/scalajvm/sge/graphics/g2d/GlyphLayoutAlignRedSuite.scala	84
member-shape	../sge/sge/src/test/scalajvm/sge/graphics/g2d/GlyphLayoutConcurrentSetTextRedSuite.scala	71
member-shape	../sge/sge/src/test/scalajvm/sge/graphics/g2d/GlyphLayoutConcurrentSetTextRedSuite.scala	89
member-shape	../sge/sge/src/test/scalajvm/sge/graphics/g2d/GlyphLayoutConcurrentSetTextRedSuite.scala	178
member-shape	../sge/sge/src/test/scalajvm/sge/graphics/g2d/GlyphLayoutRedSuite.scala	46
member-shape	../sge/sge/src/test/scalajvm/sge/graphics/g2d/GlyphLayoutRedSuite.scala	53
member-shape	../sge/sge/src/test/scalajvm/sge/graphics/g2d/GlyphLayoutRedSuite.scala	76
nullable	../sge/sge/src/test/scalajvm/sge/graphics/g2d/GlyphLayoutRedSuite.scala	79
nullable	../sge/sge/src/test/scalajvm/sge/graphics/g3d/ModelInstanceCopyNodesIss734RedSuite.scala	78
member-shape	../sge/sge/src/test/scalajvm/sge/graphics/g3d/decals/DecalSortRebindRedSuite.scala	181
context	../sge/sge/src/test/scalajvm/sge/graphics/g3d/loader/ObjLoaderFanRedSuite.scala	78
particles	../sge/sge/src/test/scalajvm/sge/graphics/g3d/particles/ParticleEffectIoRedSuite.scala	94
particles	../sge/sge/src/test/scalajvm/sge/graphics/g3d/particles/ParticleEffectIoRedSuite.scala	122
particles	../sge/sge/src/test/scalajvm/sge/graphics/g3d/particles/ParticleEffectIoRedSuite.scala	143
particles	../sge/sge/src/test/scalajvm/sge/graphics/g3d/particles/ParticleEffectIoRedSuite.scala	144
particles	../sge/sge/src/test/scalajvm/sge/graphics/g3d/particles/ParticleEffectIoRedSuite.scala	178
particles	../sge/sge/src/test/scalajvm/sge/graphics/g3d/particles/ParticleEffectIoRedSuite.scala	263
member-shape	../sge/sge/src/test/scalajvm/sge/graphics/glutils/FrameBufferISS561Suite.scala	193
tiled	../sge/sge/src/test/scalajvm/sge/maps/tiled/TiledMapFileLoadingSuite.scala	41
tiled	../sge/sge/src/test/scalajvm/sge/maps/tiled/TiledMapFileLoadingSuite.scala	116
tiled	../sge/sge/src/test/scalajvm/sge/maps/tiled/TiledMapFileLoadingSuite.scala	166
tiled	../sge/sge/src/test/scalajvm/sge/maps/tiled/TiledMapFileLoadingSuite.scala	167
tiled	../sge/sge/src/test/scalajvm/sge/maps/tiled/TiledMapFileLoadingSuite.scala	168
tiled	../sge/sge/src/test/scalajvm/sge/maps/tiled/TiledMapFileLoadingSuite.scala	169
tiled	../sge/sge/src/test/scalajvm/sge/maps/tiled/TiledMapFileLoadingSuite.scala	170
tiled	../sge/sge/src/test/scalajvm/sge/maps/tiled/TiledMapFileLoadingSuite.scala	181
tiled	../sge/sge/src/test/scalajvm/sge/maps/tiled/TiledMapFileLoadingSuite.scala	184
tiled	../sge/sge/src/test/scalajvm/sge/maps/tiled/TiledMapFileLoadingSuite.scala	228
tiled	../sge/sge/src/test/scalajvm/sge/maps/tiled/TiledMapFileLoadingSuite.scala	229
tiled	../sge/sge/src/test/scalajvm/sge/maps/tiled/TiledMapFileLoadingSuite.scala	230
tiled	../sge/sge/src/test/scalajvm/sge/maps/tiled/TiledMapFileLoadingSuite.scala	231
tiled	../sge/sge/src/test/scalajvm/sge/maps/tiled/TiledMapFileLoadingSuite.scala	232
tiled	../sge/sge/src/test/scalajvm/sge/maps/tiled/TiledMapFileLoadingSuite.scala	243
tiled	../sge/sge/src/test/scalajvm/sge/maps/tiled/TiledMapFileLoadingSuite.scala	246
member-shape	../sge/sge/src/test/scalajvm/sge/math/collision/BoundingBoxIntersectsIss734RedSuite.scala	48
member-shape	../sge/sge/src/test/scalajvm/sge/math/collision/BoundingBoxIntersectsIss734RedSuite.scala	57
net	../sge/sge/src/test/scalajvm/sge/net/HttpBinaryBodyRedSuite.scala	53
net	../sge/sge/src/test/scalajvm/sge/net/HttpBinaryBodyRedSuite.scala	81
net	../sge/sge/src/test/scalajvm/sge/net/HttpBinaryBodyRedSuite.scala	90
net	../sge/sge/src/test/scalajvm/sge/net/HttpBinaryBodyRedSuite.scala	90
net	../sge/sge/src/test/scalajvm/sge/net/NetJavaSocketTest.scala	22
net	../sge/sge/src/test/scalajvm/sge/net/NetJavaSocketTest.scala	31
net	../sge/sge/src/test/scalajvm/sge/net/NetJavaSocketTest.scala	92
net	../sge/sge/src/test/scalajvm/sge/net/SgeHttpClientDoubleFreeRedSuite.scala	25
net	../sge/sge/src/test/scalajvm/sge/net/SgeHttpClientDoubleFreeRedSuite.scala	25
net	../sge/sge/src/test/scalajvm/sge/net/SgeHttpClientDoubleFreeRedSuite.scala	26
net	../sge/sge/src/test/scalajvm/sge/net/SgeHttpClientDoubleFreeRedSuite.scala	26
net	../sge/sge/src/test/scalajvm/sge/net/SgeHttpClientDoubleFreeRedSuite.scala	27
net	../sge/sge/src/test/scalajvm/sge/net/SgeHttpClientDoubleFreeRedSuite.scala	27
net	../sge/sge/src/test/scalajvm/sge/net/SgeHttpClientDoubleFreeRedSuite.scala	28
net	../sge/sge/src/test/scalajvm/sge/net/SgeHttpClientDoubleFreeRedSuite.scala	32
net	../sge/sge/src/test/scalajvm/sge/net/SgeHttpClientDoubleFreeRedSuite.scala	33
net	../sge/sge/src/test/scalajvm/sge/net/SgeHttpClientDoubleFreeRedSuite.scala	33
net	../sge/sge/src/test/scalajvm/sge/net/SgeHttpClientDoubleFreeRedSuite.scala	35
net	../sge/sge/src/test/scalajvm/sge/net/SgeHttpClientDoubleFreeRedSuite.scala	35
net	../sge/sge/src/test/scalajvm/sge/net/SgeHttpClientDoubleFreeRedSuite.scala	36
net	../sge/sge/src/test/scalajvm/sge/net/SgeHttpClientDoubleFreeRedSuite.scala	60
net	../sge/sge/src/test/scalajvm/sge/net/SgeHttpClientDoubleFreeRedSuite.scala	60
net	../sge/sge/src/test/scalajvm/sge/net/SgeHttpClientDoubleFreeRedSuite.scala	83
net	../sge/sge/src/test/scalajvm/sge/net/SgeHttpClientDoubleFreeRedSuite.scala	83
net	../sge/sge/src/test/scalajvm/sge/net/SgeHttpClientDoubleFreeRedSuite.scala	85
net	../sge/sge/src/test/scalajvm/sge/net/SgeHttpClientDoubleFreeRedSuite.scala	165
net	../sge/sge/src/test/scalajvm/sge/net/SgeHttpClientTest.scala	15
net	../sge/sge/src/test/scalajvm/sge/net/SgeHttpClientTest.scala	15
net	../sge/sge/src/test/scalajvm/sge/net/SgeHttpClientTest.scala	16
net	../sge/sge/src/test/scalajvm/sge/net/SgeHttpClientTest.scala	16
net	../sge/sge/src/test/scalajvm/sge/net/SgeHttpClientTest.scala	17
net	../sge/sge/src/test/scalajvm/sge/net/SgeHttpClientTest.scala	17
net	../sge/sge/src/test/scalajvm/sge/net/SgeHttpClientTest.scala	18
net	../sge/sge/src/test/scalajvm/sge/net/SgeHttpClientTest.scala	22
net	../sge/sge/src/test/scalajvm/sge/net/SgeHttpClientTest.scala	23
net	../sge/sge/src/test/scalajvm/sge/net/SgeHttpClientTest.scala	24
net	../sge/sge/src/test/scalajvm/sge/net/SgeHttpClientTest.scala	27
net	../sge/sge/src/test/scalajvm/sge/net/SgeHttpClientTest.scala	27
net	../sge/sge/src/test/scalajvm/sge/net/SgeHttpClientTest.scala	29
net	../sge/sge/src/test/scalajvm/sge/net/SgeHttpClientTest.scala	38
net	../sge/sge/src/test/scalajvm/sge/net/SgeHttpClientTest.scala	38
net	../sge/sge/src/test/scalajvm/sge/net/SgeHttpClientTest.scala	42
net	../sge/sge/src/test/scalajvm/sge/net/SgeHttpClientTest.scala	44
net	../sge/sge/src/test/scalajvm/sge/net/SgeHttpClientTest.scala	51
net	../sge/sge/src/test/scalajvm/sge/net/SgeHttpClientTest.scala	82
net	../sge/sge/src/test/scalajvm/sge/net/SgeHttpClientTest.scala	107
net	../sge/sge/src/test/scalajvm/sge/net/SgeHttpClientTest.scala	120
net	../sge/sge/src/test/scalajvm/sge/net/SgeHttpClientTest.scala	131
net	../sge/sge/src/test/scalajvm/sge/net/SgeHttpClientTest.scala	151
android	../sge/sge/src/test/scalajvm/sge/platform/AndroidMouseHandlerTest.scala	9
android	../sge/sge/src/test/scalajvm/sge/platform/AndroidMouseHandlerTest.scala	47
android	../sge/sge/src/test/scalajvm/sge/platform/AndroidMouseHandlerTest.scala	48
android	../sge/sge/src/test/scalajvm/sge/platform/AndroidMouseHandlerTest.scala	49
android	../sge/sge/src/test/scalajvm/sge/platform/AndroidMouseHandlerTest.scala	50
android	../sge/sge/src/test/scalajvm/sge/platform/AndroidMouseHandlerTest.scala	51
android	../sge/sge/src/test/scalajvm/sge/platform/AndroidMouseHandlerTest.scala	52
android	../sge/sge/src/test/scalajvm/sge/platform/AndroidMouseHandlerTest.scala	53
android	../sge/sge/src/test/scalajvm/sge/platform/AndroidMouseHandlerTest.scala	54
android	../sge/sge/src/test/scalajvm/sge/platform/AndroidMouseHandlerTest.scala	55
android	../sge/sge/src/test/scalajvm/sge/platform/AndroidMouseHandlerTest.scala	87
android	../sge/sge/src/test/scalajvm/sge/platform/AndroidMouseHandlerTest.scala	110
android	../sge/sge/src/test/scalajvm/sge/platform/AndroidMouseHandlerTest.scala	148
android	../sge/sge/src/test/scalajvm/sge/platform/AndroidTouchHandlerTest.scala	9
android	../sge/sge/src/test/scalajvm/sge/platform/AndroidTouchHandlerTest.scala	51
android	../sge/sge/src/test/scalajvm/sge/platform/AndroidTouchHandlerTest.scala	52
android	../sge/sge/src/test/scalajvm/sge/platform/AndroidTouchHandlerTest.scala	53
android	../sge/sge/src/test/scalajvm/sge/platform/AndroidTouchHandlerTest.scala	54
android	../sge/sge/src/test/scalajvm/sge/platform/AndroidTouchHandlerTest.scala	55
android	../sge/sge/src/test/scalajvm/sge/platform/AndroidTouchHandlerTest.scala	56
android	../sge/sge/src/test/scalajvm/sge/platform/AndroidTouchHandlerTest.scala	57
android	../sge/sge/src/test/scalajvm/sge/platform/AndroidTouchHandlerTest.scala	58
android	../sge/sge/src/test/scalajvm/sge/platform/AndroidTouchHandlerTest.scala	59
android	../sge/sge/src/test/scalajvm/sge/platform/AndroidTouchHandlerTest.scala	112
android	../sge/sge/src/test/scalajvm/sge/platform/DefaultAndroidInputStateTest.scala	14
android	../sge/sge/src/test/scalajvm/sge/platform/DefaultAndroidInputStateTest.scala	16
android	../sge/sge/src/test/scalajvm/sge/platform/DefaultAndroidInputStateTest.scala	18
android	../sge/sge/src/test/scalajvm/sge/platform/DefaultAndroidInputStateTest.scala	19
android	../sge/sge/src/test/scalajvm/sge/platform/DefaultAndroidInputStateTest.scala	20
android	../sge/sge/src/test/scalajvm/sge/platform/DefaultAndroidInputStateTest.scala	21
android	../sge/sge/src/test/scalajvm/sge/platform/DefaultAndroidInputStateTest.scala	27
android	../sge/sge/src/test/scalajvm/sge/platform/DefaultAndroidInputStateTest.scala	36
android	../sge/sge/src/test/scalajvm/sge/platform/DefaultAndroidInputStateTest.scala	37
android	../sge/sge/src/test/scalajvm/sge/platform/DefaultAndroidInputStateTest.scala	38
android	../sge/sge/src/test/scalajvm/sge/platform/DefaultAndroidInputStateTest.scala	39
android	../sge/sge/src/test/scalajvm/sge/platform/DefaultAndroidInputStateTest.scala	40
android	../sge/sge/src/test/scalajvm/sge/platform/DefaultAndroidInputStateTest.scala	41
android	../sge/sge/src/test/scalajvm/sge/platform/DefaultAndroidInputStateTest.scala	42
android	../sge/sge/src/test/scalajvm/sge/platform/DefaultAndroidInputStateTest.scala	46
android	../sge/sge/src/test/scalajvm/sge/platform/DefaultAndroidInputStateTest.scala	47
android	../sge/sge/src/test/scalajvm/sge/platform/DefaultAndroidInputStateTest.scala	48
android	../sge/sge/src/test/scalajvm/sge/platform/DefaultAndroidInputStateTest.scala	49
android	../sge/sge/src/test/scalajvm/sge/platform/DefaultAndroidInputStateTest.scala	50
android	../sge/sge/src/test/scalajvm/sge/platform/DefaultAndroidInputStateTest.scala	52
android	../sge/sge/src/test/scalajvm/sge/platform/DefaultAndroidInputStateTest.scala	56
android	../sge/sge/src/test/scalajvm/sge/platform/DefaultAndroidInputStateTest.scala	65
android	../sge/sge/src/test/scalajvm/sge/platform/DefaultAndroidInputStateTest.scala	76
android	../sge/sge/src/test/scalajvm/sge/platform/DefaultAndroidInputStateTest.scala	78
android	../sge/sge/src/test/scalajvm/sge/platform/DefaultAndroidInputStateTest.scala	79
android	../sge/sge/src/test/scalajvm/sge/platform/DefaultAndroidInputStateTest.scala	83
android	../sge/sge/src/test/scalajvm/sge/platform/DefaultAndroidInputStateTest.scala	94
android	../sge/sge/src/test/scalajvm/sge/platform/DefaultAndroidInputStateTest.scala	95
android	../sge/sge/src/test/scalajvm/sge/platform/DefaultAndroidInputStateTest.scala	98
android	../sge/sge/src/test/scalajvm/sge/platform/DefaultAndroidInputStateTest.scala	99
android	../sge/sge/src/test/scalajvm/sge/platform/DefaultAndroidInputStateTest.scala	103
android	../sge/sge/src/test/scalajvm/sge/platform/DefaultAndroidInputStateTest.scala	105
android	../sge/sge/src/test/scalajvm/sge/platform/DefaultAndroidInputStateTest.scala	109
android	../sge/sge/src/test/scalajvm/sge/platform/DefaultAndroidInputStateTest.scala	115
android	../sge/sge/src/test/scalajvm/sge/platform/DefaultAndroidInputStateTest.scala	123
android	../sge/sge/src/test/scalajvm/sge/platform/DefaultAndroidInputStateTest.scala	129
android	../sge/sge/src/test/scalajvm/sge/platform/DefaultAndroidInputStateTest.scala	147
android	../sge/sge/src/test/scalajvm/sge/platform/DefaultAndroidInputStateTest.scala	162
android	../sge/sge/src/test/scalajvm/sge/platform/DefaultAndroidInputStateTest.scala	174
android	../sge/sge/src/test/scalajvm/sge/platform/DefaultAndroidInputStateTest.scala	175
android	../sge/sge/src/test/scalajvm/sge/platform/DefaultAndroidInputStateTest.scala	176
android	../sge/sge/src/test/scalajvm/sge/platform/DefaultAndroidInputStateTest.scala	177
android	../sge/sge/src/test/scalajvm/sge/platform/DefaultAndroidInputStateTest.scala	178
android	../sge/sge/src/test/scalajvm/sge/platform/DefaultAndroidInputStateTest.scala	179
android	../sge/sge/src/test/scalajvm/sge/platform/DefaultAndroidInputStateTest.scala	185
member-shape	../sge/sge/src/test/scalajvm/sge/scenes/scene2d/StageDrawDebugIss704Suite.scala	134
member-shape	../sge/sge/src/test/scalajvm/sge/scenes/scene2d/StageDrawDebugIss704Suite.scala	138
member-shape	../sge/sge/src/test/scalajvm/sge/scenes/scene2d/StageDrawDebugIss704Suite.scala	147
member-shape	../sge/sge/src/test/scalajvm/sge/scenes/scene2d/StageDrawDebugIss704Suite.scala	162
member-shape	../sge/sge/src/test/scalajvm/sge/scenes/scene2d/StageDrawDebugIss704Suite.scala	169
member-shape	../sge/sge/src/test/scalajvm/sge/scenes/scene2d/StageDrawDebugIss704Suite.scala	191
member-shape	../sge/sge/src/test/scalajvm/sge/scenes/scene2d/StageDrawDebugIss704Suite.scala	195
member-shape	../sge/sge/src/test/scalajvm/sge/scenes/scene2d/StageDrawDebugIss704Suite.scala	210
member-shape	../sge/sge/src/test/scalajvm/sge/scenes/scene2d/ui/LabelFontScaleRedSuite.scala	38
member-shape	../sge/sge/src/test/scalajvm/sge/scenes/scene2d/ui/LabelFontScaleRedSuite.scala	66
member-shape	../sge/sge/src/test/scalajvm/sge/scenes/scene2d/ui/LabelFontScaleRedSuite.scala	104
member-shape	../sge/sge/src/test/scalajvm/sge/scenes/scene2d/ui/LabelFontScaleRedSuite.scala	126
member-shape	../sge/sge/src/test/scalajvm/sge/scenes/scene2d/ui/LabelFontScaleRedSuite.scala	129
filetype	../sge/sge/src/test/scalajvm/sge/scenes/scene2d/ui/SkinJsonStyleLoadingRedTest.scala	51
filetype	../sge/sge/src/test/scalajvm/sge/scenes/scene2d/ui/SkinJsonStyleLoadingRedTest.scala	68
filetype	../sge/sge/src/test/scalajvm/sge/scenes/scene2d/ui/SkinJsonStyleLoadingRedTest.scala	68
logging	../sge/sge/src/test/scalajvm/sge/utils/LoggerBehavioralIss741Suite.scala	40
logging	../sge/sge/src/test/scalajvm/sge/utils/LoggerBehavioralIss741Suite.scala	41
logging	../sge/sge/src/test/scalajvm/sge/utils/LoggerBehavioralIss741Suite.scala	42
logging	../sge/sge/src/test/scalajvm/sge/utils/LoggerBehavioralIss741Suite.scala	43
logging	../sge/sge/src/test/scalajvm/sge/utils/LoggerBehavioralIss741Suite.scala	43
logging	../sge/sge/src/test/scalajvm/sge/utils/LoggerBehavioralIss741Suite.scala	43
logging	../sge/sge/src/test/scalajvm/sge/utils/LoggerBehavioralIss741Suite.scala	48
context	../sge/sge/src/test/scalajvm/sge/utils/LoggerBehavioralIss741Suite.scala	50
logging	../sge/sge/src/test/scalajvm/sge/utils/LoggerBehavioralIss741Suite.scala	54
logging	../sge/sge/src/test/scalajvm/sge/utils/LoggerBehavioralIss741Suite.scala	88
opaque-key-button	../sge/sge/src/test/scalajvm/sge/utils/MkArrayOpaqueTest.scala	11
opaque-key-button	../sge/sge/src/test/scalajvm/sge/utils/MkArrayOpaqueTest.scala	11
member-shape	../sge/sge/src/test/scalajvm/sge/utils/MkArrayOpaqueTest.scala	12
member-shape	../sge/sge/src/test/scalajvm/sge/utils/MkArrayOpaqueTest.scala	16
member-shape	../sge/sge/src/test/scalajvm/sge/utils/MkArrayOpaqueTest.scala	24
member-shape	../sge/sge/src/test/scalajvm/sge/utils/MkArrayOpaqueTest.scala	27
member-shape	../sge/sge/src/test/scalajvm/sge/utils/MkArrayOpaqueTest.scala	28
member-shape	../sge/sge/src/test/scalajvm/sge/utils/MkArrayOpaqueTest.scala	29
member-shape	../sge/sge/src/test/scalajvm/sge/utils/MkArrayOpaqueTest.scala	32
member-shape	../sge/sge/src/test/scalajvm/sge/utils/MkArrayOpaqueTest.scala	35
member-shape	../sge/sge/src/test/scalajvm/sge/utils/MkArrayOpaqueTest.scala	35
member-shape	../sge/sge/src/test/scalajvm/sge/utils/MkArrayOpaqueTest.scala	35
opaque-key-button	../sge/sge/src/test/scalajvm/sge/utils/MkArrayOpaqueTest.scala	53
opaque-key-button	../sge/sge/src/test/scalajvm/sge/utils/MkArrayOpaqueTest.scala	54
member-shape	../sge/sge/src/test/scalajvm/sge/utils/MkArrayOpaqueTest.scala	56
member-shape	../sge/sge/src/test/scalajvm/sge/utils/MkArrayOpaqueTest.scala	58
member-shape	../sge/sge/src/test/scalajvm/sge/utils/MkArrayOpaqueTest.scala	59
member-shape	../sge/sge/src/test/scalajvm/sge/utils/MkArrayOpaqueTest.scala	60
member-shape	../sge/sge/src/test/scalajvm/sge/utils/MkArrayOpaqueTest.scala	61
member-shape	../sge/sge/src/test/scalajvm/sge/utils/MkArrayOpaqueTest.scala	62
member-shape	../sge/sge/src/test/scalajvm/sge/utils/MkArrayOpaqueTest.scala	63
member-shape	../sge/sge/src/test/scalajvm/sge/utils/MkArrayOpaqueTest.scala	81
member-shape	../sge/sge/src/test/scalajvm/sge/utils/MkArrayOpaqueTest.scala	82
member-shape	../sge/sge/src/test/scalajvm/sge/utils/MkArrayOpaqueTest.scala	83
member-shape	../sge/sge/src/test/scalajvm/sge/utils/MkArrayOpaqueTest.scala	87
opaque-key-button	../sge/sge/src/test/scalajvm/sge/utils/MkArrayOpaqueTest.scala	98
type-shape	../sge/sge/src/test/scalajvm/sge/utils/PoolManagerConcurrencyIss803Suite.scala	42
other	../sge/sge/src/test/scalajvm/sge/utils/PoolManagerConcurrencyIss803Suite.scala	42
type-shape	../sge/sge/src/test/scalajvm/sge/utils/PoolManagerConcurrencyIss803Suite.scala	43
other	../sge/sge/src/test/scalajvm/sge/utils/PoolManagerConcurrencyIss803Suite.scala	43
type-shape	../sge/sge/src/test/scalajvm/sge/utils/PoolManagerConcurrencyIss803Suite.scala	44
other	../sge/sge/src/test/scalajvm/sge/utils/PoolManagerConcurrencyIss803Suite.scala	44
type-shape	../sge/sge/src/test/scalajvm/sge/utils/PoolManagerConcurrencyIss803Suite.scala	45
other	../sge/sge/src/test/scalajvm/sge/utils/PoolManagerConcurrencyIss803Suite.scala	45
type-shape	../sge/sge/src/test/scalajvm/sge/utils/PoolManagerConcurrencyIss803Suite.scala	46
other	../sge/sge/src/test/scalajvm/sge/utils/PoolManagerConcurrencyIss803Suite.scala	46
type-shape	../sge/sge/src/test/scalajvm/sge/utils/PoolManagerConcurrencyIss803Suite.scala	47
other	../sge/sge/src/test/scalajvm/sge/utils/PoolManagerConcurrencyIss803Suite.scala	47
type-shape	../sge/sge/src/test/scalajvm/sge/utils/PoolManagerConcurrencyIss803Suite.scala	48
other	../sge/sge/src/test/scalajvm/sge/utils/PoolManagerConcurrencyIss803Suite.scala	48
type-shape	../sge/sge/src/test/scalajvm/sge/utils/PoolManagerConcurrencyIss803Suite.scala	49
other	../sge/sge/src/test/scalajvm/sge/utils/PoolManagerConcurrencyIss803Suite.scala	49
type-shape	../sge/sge/src/test/scalajvm/sge/utils/PoolManagerConcurrencyIss803Suite.scala	50
other	../sge/sge/src/test/scalajvm/sge/utils/PoolManagerConcurrencyIss803Suite.scala	50
type-shape	../sge/sge/src/test/scalajvm/sge/utils/PoolManagerConcurrencyIss803Suite.scala	51
other	../sge/sge/src/test/scalajvm/sge/utils/PoolManagerConcurrencyIss803Suite.scala	51
type-shape	../sge/sge/src/test/scalajvm/sge/utils/PoolManagerConcurrencyIss803Suite.scala	52
other	../sge/sge/src/test/scalajvm/sge/utils/PoolManagerConcurrencyIss803Suite.scala	52
type-shape	../sge/sge/src/test/scalajvm/sge/utils/PoolManagerConcurrencyIss803Suite.scala	53
other	../sge/sge/src/test/scalajvm/sge/utils/PoolManagerConcurrencyIss803Suite.scala	53
type-shape	../sge/sge/src/test/scalajvm/sge/utils/PoolManagerConcurrencyIss803Suite.scala	54
other	../sge/sge/src/test/scalajvm/sge/utils/PoolManagerConcurrencyIss803Suite.scala	54
type-shape	../sge/sge/src/test/scalajvm/sge/utils/PoolManagerConcurrencyIss803Suite.scala	55
other	../sge/sge/src/test/scalajvm/sge/utils/PoolManagerConcurrencyIss803Suite.scala	55
type-shape	../sge/sge/src/test/scalajvm/sge/utils/PoolManagerConcurrencyIss803Suite.scala	56
other	../sge/sge/src/test/scalajvm/sge/utils/PoolManagerConcurrencyIss803Suite.scala	56
type-shape	../sge/sge/src/test/scalajvm/sge/utils/PoolManagerConcurrencyIss803Suite.scala	57
other	../sge/sge/src/test/scalajvm/sge/utils/PoolManagerConcurrencyIss803Suite.scala	57
type-shape	../sge/sge/src/test/scalajvm/sge/utils/PoolManagerConcurrencyIss803Suite.scala	58
other	../sge/sge/src/test/scalajvm/sge/utils/PoolManagerConcurrencyIss803Suite.scala	58
type-shape	../sge/sge/src/test/scalajvm/sge/utils/PoolManagerConcurrencyIss803Suite.scala	59
other	../sge/sge/src/test/scalajvm/sge/utils/PoolManagerConcurrencyIss803Suite.scala	59
type-shape	../sge/sge/src/test/scalajvm/sge/utils/PoolManagerConcurrencyIss803Suite.scala	60
other	../sge/sge/src/test/scalajvm/sge/utils/PoolManagerConcurrencyIss803Suite.scala	60
type-shape	../sge/sge/src/test/scalajvm/sge/utils/PoolManagerConcurrencyIss803Suite.scala	61
other	../sge/sge/src/test/scalajvm/sge/utils/PoolManagerConcurrencyIss803Suite.scala	61
member-shape	../sge/sge/src/test/scalajvm/sge/utils/TimerWakeupRedSuite.scala	134
opaque-time-pixels	../sge/sge/src/test/scalajvm/sge/utils/TimerWakeupRedSuite.scala	147
member-shape	../sge/sge/src/test/scalajvm/sge/utils/TimerWakeupRedSuite.scala	190
member-shape	../sge/sge/src/test/scalajvm/sge/utils/TimerWakeupRedSuite.scala	194
member-shape	../sge/sge/src/test/scalajvm/sge/utils/TimerWakeupRedSuite.scala	228
member-shape	../sge/sge/src/test/scalajvm/sge/utils/XmlReaderTest.scala	29
member-shape	../sge/sge/src/test/scalajvm/sge/utils/XmlReaderTest.scala	64
member-shape	../sge/sge/src/test/scalajvm/sge/utils/XmlReaderTest.scala	72
nullable	../sge/sge/src/test/scalajvm/sge/utils/XmlReaderTest.scala	86
nullable	../sge/sge/src/test/scalajvm/sge/utils/XmlReaderTest.scala	185
member-shape	../sge/sge/src/test/scalajvm/sge/utils/XmlReaderTest.scala	211
nullable	../sge/sge/src/test/scalajvm/sge/utils/XmlReaderTest.scala	217
member-shape	../sge/sge/src/test/scalajvm/sge/utils/XmlReaderTest.scala	221
nullable	../sge/sge/src/test/scalajvm/sge/utils/XmlReaderTest.scala	226
nullable	../sge/sge/src/test/scalajvm/sge/utils/XmlReaderTest.scala	227
nullable	../sge/sge/src/test/scalajvm/sge/utils/XmlReaderTest.scala	255
member-shape	../sge/sge/src/test/scalajvm/sge/utils/XmlReaderTest.scala	337
member-shape	../sge/sge/src/test/scalajvm/sge/utils/XmlReaderTest.scala	338
opaque-time-pixels	/Users/dev/Workspaces/kubuszok/balticporter/ported/sge-l0/src_managed/main/scala/sge/DefaultDesktopInput.scala	238
opaque-time-pixels	/Users/dev/Workspaces/kubuszok/balticporter/ported/sge-l0/src_managed/main/scala/sge/DefaultDesktopInput.scala	242
opaque-time-pixels	/Users/dev/Workspaces/kubuszok/balticporter/ported/sge-l0/src_managed/main/scala/sge/DefaultDesktopInput.scala	246
opaque-time-pixels	/Users/dev/Workspaces/kubuszok/balticporter/ported/sge-l0/src_managed/main/scala/sge/DefaultDesktopInput.scala	250
opaque-time-pixels	/Users/dev/Workspaces/kubuszok/balticporter/ported/sge-l0/src_managed/main/scala/sge/noop/NoopInput.scala	55
opaque-time-pixels	/Users/dev/Workspaces/kubuszok/balticporter/ported/sge-l0/src_managed/main/scala/sge/noop/NoopInput.scala	59
opaque-time-pixels	/Users/dev/Workspaces/kubuszok/balticporter/ported/sge-l0/src_managed/main/scala/sge/noop/NoopInput.scala	63
opaque-time-pixels	/Users/dev/Workspaces/kubuszok/balticporter/ported/sge-l0/src_managed/main/scala/sge/noop/NoopInput.scala	67
android	../sge/sge/src/test/scalajvm/sge/SgeAndroidDriverRedSuite.scala	47
android	../sge/sge/src/test/scalajvm/sge/AndroidInputTest.scala	10
android	../sge/sge/src/test/scalajvm/sge/AndroidInputKeyQueueRedSuite.scala	22
android	../sge/sge/src/test/scalajvm/sge/AndroidGraphicsTest.scala	9
android	../sge/sge/src/test/scalajvm/sge/AndroidAudioAssetFdRedSuite.scala	35
android	../sge/sge/src/test/scalajvm/sge/AndroidAudioAdapterTest.scala	10
particles	../sge/sge/src/test/scala/sge/graphics/g3d/particles/ParticleEffectCodecsSerializationErrorIss814RedSuite.scala	30
member-shape	../sge/sge/src/test/scala/sge/GameScreenTest.scala	43
member-shape	../sge/sge/src/test/scala/sge/GameScreenTest.scala	50
member-shape	../sge/sge/src/test/scala/sge/GameScreenTest.scala	51
member-shape	../sge/sge/src/test/scala/sge/GameScreenTest.scala	126
opaque-key-button	../sge/sge/src/test/scala/sge/InputEventQueueIss566GateSuite.scala	48
opaque-key-button	../sge/sge/src/test/scala/sge/InputEventQueueIss566GateSuite.scala	48
opaque-key-button	../sge/sge/src/test/scala/sge/InputEventQueueIss566GateSuite.scala	59
opaque-key-button	../sge/sge/src/test/scala/sge/InputEventQueueIss566GateSuite.scala	60
opaque-key-button	../sge/sge/src/test/scala/sge/InputEventQueueIss566GateSuite.scala	62
opaque-key-button	../sge/sge/src/test/scala/sge/InputEventQueueIss566GateSuite.scala	65
opaque-key-button	../sge/sge/src/test/scala/sge/InputEventQueueIss566GateSuite.scala	94
opaque-time-pixels	../sge/sge/src/test/scala/sge/InputEventQueueIss566GateSuite.scala	95
opaque-key-button	../sge/sge/src/test/scala/sge/InputEventQueueIss566GateSuite.scala	110
opaque-time-pixels	../sge/sge/src/test/scala/sge/InputEventQueueIss566GateSuite.scala	111
filetype	../sge/sge/src/test/scala/sge/SgeTestFixture.scala	47
net	../sge/sge/src/test/scala/sge/SgeTestFixture.scala	61
net	../sge/sge/src/test/scala/sge/SgeTestFixture.scala	61
member-shape	../sge/sge/src/test/scala/sge/audio/AudioUtilsTest.scala	17
member-shape	../sge/sge/src/test/scala/sge/audio/AudioUtilsTest.scala	25
member-shape	../sge/sge/src/test/scala/sge/audio/AudioUtilsTest.scala	33
member-shape	../sge/sge/src/test/scala/sge/audio/AudioUtilsTest.scala	41
member-shape	../sge/sge/src/test/scala/sge/audio/AudioUtilsTest.scala	57
member-shape	../sge/sge/src/test/scala/sge/graphics/g2d/AnimationTest.scala	24
member-shape	../sge/sge/src/test/scala/sge/graphics/g2d/AnimationTest.scala	28
member-shape	../sge/sge/src/test/scala/sge/graphics/g2d/AnimationTest.scala	32
member-shape	../sge/sge/src/test/scala/sge/graphics/g2d/AnimationTest.scala	36
member-shape	../sge/sge/src/test/scala/sge/graphics/g2d/AnimationTest.scala	40
member-shape	../sge/sge/src/test/scala/sge/graphics/g2d/AnimationTest.scala	44
member-shape	../sge/sge/src/test/scala/sge/graphics/g2d/AnimationTest.scala	48
member-shape	../sge/sge/src/test/scala/sge/graphics/g2d/AnimationTest.scala	52
member-shape	../sge/sge/src/test/scala/sge/graphics/g2d/AnimationTest.scala	56
member-shape	../sge/sge/src/test/scala/sge/graphics/g2d/AnimationTest.scala	60
type-shape	../sge/sge/src/test/scala/sge/graphics/g2d/AnimationTest.scala	66
assertion-mismatch	../sge/sge/src/test/scala/sge/graphics/g2d/AnimationTest.scala	68
member-shape	../sge/sge/src/test/scala/sge/graphics/g2d/AnimationTest.scala	93
particles	../sge/sge/src/test/scala/sge/graphics/g2d/ParticleEmitterValueTest.scala	17
particles	../sge/sge/src/test/scala/sge/graphics/g2d/ParticleEmitterValueTest.scala	23
particles	../sge/sge/src/test/scala/sge/graphics/g2d/ParticleEmitterValueTest.scala	29
particles	../sge/sge/src/test/scala/sge/graphics/g2d/ParticleEmitterValueTest.scala	36
particles	../sge/sge/src/test/scala/sge/graphics/g2d/ParticleEmitterValueTest.scala	274
particles	../sge/sge/src/test/scala/sge/graphics/g2d/ParticleEmitterValueTest.scala	281
particles	../sge/sge/src/test/scala/sge/graphics/g2d/ParticleEmitterValueTest.scala	286
particles	../sge/sge/src/test/scala/sge/graphics/g2d/ParticleEmitterValueTest.scala	291
member-shape	../sge/sge/src/test/scala/sge/graphics/g2d/TextureAtlasDataTest.scala	20
member-shape	../sge/sge/src/test/scala/sge/graphics/g2d/TextureAtlasDataTest.scala	27
member-shape	../sge/sge/src/test/scala/sge/graphics/g2d/TextureAtlasDataTest.scala	36
member-shape	../sge/sge/src/test/scala/sge/graphics/g2d/TextureAtlasDataTest.scala	57
member-shape	../sge/sge/src/test/scala/sge/graphics/g2d/TextureAtlasDataTest.scala	78
filetype	../sge/sge/src/test/scala/sge/graphics/g3d/loader/ObjLoaderResolverIss847RedSuite.scala	57
filetype	../sge/sge/src/test/scala/sge/graphics/g3d/loader/ObjLoaderResolverIss847RedSuite.scala	66
filetype	../sge/sge/src/test/scala/sge/graphics/g3d/loader/ObjLoaderResolverIss847RedSuite.scala	66
particles	../sge/sge/src/test/scala/sge/graphics/g3d/particles/ParticleEffectCodecsSerializationErrorIss814RedSuite.scala	51
particles	../sge/sge/src/test/scala/sge/graphics/g3d/particles/ParticleEffectCodecsSerializationErrorIss814RedSuite.scala	59
particles	../sge/sge/src/test/scala/sge/graphics/g3d/particles/ParticleShaderScreenWidthRedSuite.scala	40
particles	../sge/sge/src/test/scala/sge/graphics/g3d/particles/ParticleShaderScreenWidthRedSuite.scala	67
particles	../sge/sge/src/test/scala/sge/graphics/g3d/particles/ParticleShaderScreenWidthRedSuite.scala	85
particles	../sge/sge/src/test/scala/sge/graphics/g3d/particles/SaveDataCodecSuite.scala	72
particles	../sge/sge/src/test/scala/sge/graphics/g3d/particles/SaveDataCodecSuite.scala	73
particles	../sge/sge/src/test/scala/sge/graphics/g3d/particles/SaveDataCodecSuite.scala	100
particles	../sge/sge/src/test/scala/sge/graphics/g3d/particles/SaveDataCodecSuite.scala	108
particles	../sge/sge/src/test/scala/sge/graphics/g3d/particles/SaveDataCodecSuite.scala	115
particles	../sge/sge/src/test/scala/sge/graphics/g3d/particles/SaveDataCodecSuite.scala	122
particles	../sge/sge/src/test/scala/sge/graphics/g3d/particles/SaveDataCodecSuite.scala	123
particles	../sge/sge/src/test/scala/sge/graphics/g3d/particles/SaveDataCodecSuite.scala	128
particles	../sge/sge/src/test/scala/sge/graphics/g3d/particles/SaveDataCodecSuite.scala	129
particles	../sge/sge/src/test/scala/sge/graphics/g3d/particles/SaveDataCodecSuite.scala	133
particles	../sge/sge/src/test/scala/sge/graphics/g3d/particles/SaveDataCodecSuite.scala	137
particles	../sge/sge/src/test/scala/sge/graphics/g3d/particles/SaveDataCodecSuite.scala	141
particles	../sge/sge/src/test/scala/sge/graphics/g3d/particles/SaveDataCodecSuite.scala	147
particles	../sge/sge/src/test/scala/sge/graphics/g3d/particles/SaveDataCodecSuite.scala	153
particles	../sge/sge/src/test/scala/sge/graphics/g3d/particles/SaveDataCodecSuite.scala	161
particles	../sge/sge/src/test/scala/sge/graphics/g3d/particles/SaveDataCodecSuite.scala	165
particles	../sge/sge/src/test/scala/sge/graphics/g3d/particles/SaveDataCodecSuite.scala	174
particles	../sge/sge/src/test/scala/sge/graphics/g3d/particles/SaveDataCodecSuite.scala	179
particles	../sge/sge/src/test/scala/sge/graphics/g3d/particles/SaveDataCodecSuite.scala	183
particles	../sge/sge/src/test/scala/sge/graphics/g3d/particles/SaveDataCodecSuite.scala	193
particles	../sge/sge/src/test/scala/sge/graphics/g3d/particles/SaveDataCodecSuite.scala	206
particles	../sge/sge/src/test/scala/sge/graphics/g3d/particles/SaveDataCodecSuite.scala	213
particles	../sge/sge/src/test/scala/sge/graphics/g3d/particles/SaveDataCodecSuite.scala	217
particles	../sge/sge/src/test/scala/sge/graphics/g3d/particles/SaveDataCodecSuite.scala	221
particles	../sge/sge/src/test/scala/sge/graphics/g3d/particles/SaveDataCodecSuite.scala	225
arity	../sge/sge/src/test/scala/sge/graphics/glutils/GLFrameBufferIss572Suite.scala	54
type-shape	../sge/sge/src/test/scala/sge/graphics/glutils/VertexArrayIss561Suite.scala	21
nullable	../sge/sge/src/test/scala/sge/graphics/glutils/VertexBufferObjectIss561Suite.scala	84
context	../sge/sge/src/test/scala/sge/graphics/glutils/VertexBufferObjectIss561Suite.scala	98
context	../sge/sge/src/test/scala/sge/graphics/glutils/VertexBufferObjectIss561Suite.scala	118
context	../sge/sge/src/test/scala/sge/graphics/glutils/VertexBufferObjectIss561Suite.scala	156
context	../sge/sge/src/test/scala/sge/graphics/glutils/VertexBufferObjectIss561Suite.scala	183
context	../sge/sge/src/test/scala/sge/graphics/glutils/VertexBufferObjectIss561Suite.scala	212
context	../sge/sge/src/test/scala/sge/graphics/glutils/VertexBufferObjectIss561Suite.scala	229
context	../sge/sge/src/test/scala/sge/graphics/glutils/VertexBufferObjectIss561Suite.scala	259
context	../sge/sge/src/test/scala/sge/graphics/profiling/GLProfilerBehaviorIss725Suite.scala	45
context	../sge/sge/src/test/scala/sge/graphics/profiling/GLProfilerBehaviorIss725Suite.scala	51
context	../sge/sge/src/test/scala/sge/graphics/profiling/GLProfilerBehaviorIss725Suite.scala	69
context	../sge/sge/src/test/scala/sge/graphics/profiling/GLProfilerBehaviorIss725Suite.scala	83
context	../sge/sge/src/test/scala/sge/graphics/profiling/GLProfilerBehaviorIss725Suite.scala	99
context	../sge/sge/src/test/scala/sge/graphics/profiling/GLProfilerBehaviorIss725Suite.scala	116
context	../sge/sge/src/test/scala/sge/graphics/profiling/GLProfilerBehaviorIss725Suite.scala	142
context	../sge/sge/src/test/scala/sge/graphics/profiling/GLProfilerCharacterizationSuite.scala	30
assertion-mismatch	../sge/sge/src/test/scala/sge/graphics/profiling/GLProfilerCharacterizationSuite.scala	38
context	../sge/sge/src/test/scala/sge/graphics/profiling/GLProfilerCharacterizationSuite.scala	44
context	../sge/sge/src/test/scala/sge/graphics/profiling/GLProfilerCharacterizationSuite.scala	52
context	../sge/sge/src/test/scala/sge/graphics/profiling/GLProfilerCharacterizationSuite.scala	67
context	../sge/sge/src/test/scala/sge/graphics/profiling/GLProfilerCharacterizationSuite.scala	81
context	../sge/sge/src/test/scala/sge/graphics/profiling/GLProfilerCharacterizationSuite.scala	94
context	../sge/sge/src/test/scala/sge/graphics/profiling/GLProfilerCharacterizationSuite.scala	107
context	../sge/sge/src/test/scala/sge/graphics/profiling/GLProfilerCharacterizationSuite.scala	117
context	../sge/sge/src/test/scala/sge/graphics/profiling/GLProfilerCharacterizationSuite.scala	135
context	../sge/sge/src/test/scala/sge/graphics/profiling/GLProfilerCharacterizationSuite.scala	146
assertion-mismatch	../sge/sge/src/test/scala/sge/graphics/profiling/GLProfilerCharacterizationSuite.scala	153
context	../sge/sge/src/test/scala/sge/graphics/profiling/GLProfilerCharacterizationSuite.scala	168
context	../sge/sge/src/test/scala/sge/graphics/profiling/GLProfilerCharacterizationSuite.scala	175
context	../sge/sge/src/test/scala/sge/graphics/profiling/GLProfilerCharacterizationSuite.scala	188
context	../sge/sge/src/test/scala/sge/graphics/profiling/GLProfilerGL30BehaviorIss863Suite.scala	68
context	../sge/sge/src/test/scala/sge/graphics/profiling/GLProfilerGL30BehaviorIss863Suite.scala	79
context	../sge/sge/src/test/scala/sge/graphics/profiling/GLProfilerGL30BehaviorIss863Suite.scala	88
context	../sge/sge/src/test/scala/sge/graphics/profiling/GLProfilerGL30BehaviorIss863Suite.scala	96
context	../sge/sge/src/test/scala/sge/graphics/profiling/GLProfilerGL30BehaviorIss863Suite.scala	162
context	../sge/sge/src/test/scala/sge/graphics/profiling/GLProfilerGL30BehaviorIss863Suite.scala	174
context	../sge/sge/src/test/scala/sge/graphics/profiling/GLProfilerGL30BehaviorIss863Suite.scala	198
opaque-key-button	../sge/sge/src/test/scala/sge/input/GestureDetectorTest.scala	11
member-shape	../sge/sge/src/test/scala/sge/input/GestureDetectorTest.scala	18
opaque-key-button	../sge/sge/src/test/scala/sge/input/GestureDetectorTest.scala	24
opaque-key-button	../sge/sge/src/test/scala/sge/input/GestureDetectorTest.scala	46
opaque-key-button	../sge/sge/src/test/scala/sge/input/GestureDetectorTest.scala	50
opaque-key-button	../sge/sge/src/test/scala/sge/input/GestureDetectorTest.scala	58
opaque-key-button	../sge/sge/src/test/scala/sge/input/GestureDetectorTest.scala	66
member-shape	../sge/sge/src/test/scala/sge/input/GestureDetectorTest.scala	124
member-shape	../sge/sge/src/test/scala/sge/input/GestureDetectorTest.scala	135
opaque-time-pixels	../sge/sge/src/test/scala/sge/input/GestureDetectorTest.scala	154
member-shape	../sge/sge/src/test/scala/sge/input/GestureDetectorTest.scala	186
opaque-key-button	../sge/sge/src/test/scala/sge/input/InputMultiplexerTest.scala	9
opaque-key-button	../sge/sge/src/test/scala/sge/input/InputMultiplexerTest.scala	9
opaque-key-button	../sge/sge/src/test/scala/sge/input/InputMultiplexerTest.scala	21
opaque-key-button	../sge/sge/src/test/scala/sge/input/InputMultiplexerTest.scala	21
opaque-key-button	../sge/sge/src/test/scala/sge/input/InputMultiplexerTest.scala	23
opaque-key-button	../sge/sge/src/test/scala/sge/input/InputMultiplexerTest.scala	24
opaque-key-button	../sge/sge/src/test/scala/sge/input/InputMultiplexerTest.scala	26
opaque-key-button	../sge/sge/src/test/scala/sge/input/InputMultiplexerTest.scala	27
opaque-key-button	../sge/sge/src/test/scala/sge/input/InputMultiplexerTest.scala	28
opaque-key-button	../sge/sge/src/test/scala/sge/input/InputMultiplexerTest.scala	36
opaque-time-pixels	../sge/sge/src/test/scala/sge/input/InputMultiplexerTest.scala	37
type-shape	../sge/sge/src/test/scala/sge/input/InputMultiplexerTest.scala	44
opaque-key-button	../sge/sge/src/test/scala/sge/input/InputMultiplexerTest.scala	49
type-shape	../sge/sge/src/test/scala/sge/input/InputMultiplexerTest.scala	55
type-shape	../sge/sge/src/test/scala/sge/input/InputMultiplexerTest.scala	67
arity	../sge/sge/src/test/scala/sge/input/InputMultiplexerTest.scala	82
arity	../sge/sge/src/test/scala/sge/input/InputMultiplexerTest.scala	85
opaque-key-button	../sge/sge/src/test/scala/sge/input/InputMultiplexerTest.scala	87
type-shape	../sge/sge/src/test/scala/sge/input/InputMultiplexerTest.scala	94
assertion-mismatch	../sge/sge/src/test/scala/sge/input/InputMultiplexerTest.scala	95
assertion-mismatch	../sge/sge/src/test/scala/sge/input/InputMultiplexerTest.scala	97
type-shape	../sge/sge/src/test/scala/sge/input/InputMultiplexerTest.scala	103
type-shape	../sge/sge/src/test/scala/sge/input/InputMultiplexerTest.scala	112
tiled	../sge/sge/src/test/scala/sge/maps/MapPropertiesTest.scala	27
tiled	../sge/sge/src/test/scala/sge/maps/MapPropertiesTest.scala	34
tiled	../sge/sge/src/test/scala/sge/maps/MapPropertiesTest.scala	41
tiled	../sge/sge/src/test/scala/sge/maps/MapPropertiesTest.scala	46
tiled	../sge/sge/src/test/scala/sge/maps/tiled/TiledProjectJsonTest.scala	24
tiled	../sge/sge/src/test/scala/sge/maps/tiled/TiledProjectJsonTest.scala	25
tiled	../sge/sge/src/test/scala/sge/maps/tiled/TiledProjectJsonTest.scala	26
tiled	../sge/sge/src/test/scala/sge/maps/tiled/TiledProjectJsonTest.scala	57
tiled	../sge/sge/src/test/scala/sge/maps/tiled/TiledProjectJsonTest.scala	92
tiled	../sge/sge/src/test/scala/sge/maps/tiled/TiledProjectJsonTest.scala	113
tiled	../sge/sge/src/test/scala/sge/maps/tiled/TiledProjectJsonTest.scala	135
tiled	../sge/sge/src/test/scala/sge/maps/tiled/TiledProjectJsonTest.scala	155
tiled	../sge/sge/src/test/scala/sge/maps/tiled/TiledProjectJsonTest.scala	164
tiled	../sge/sge/src/test/scala/sge/maps/tiled/TiledProjectJsonTest.scala	180
tiled	../sge/sge/src/test/scala/sge/maps/tiled/TmjJsonTest.scala	14
tiled	../sge/sge/src/test/scala/sge/maps/tiled/TmjJsonTest.scala	21
tiled	../sge/sge/src/test/scala/sge/maps/tiled/TmjJsonTest.scala	24
tiled	../sge/sge/src/test/scala/sge/maps/tiled/TmjJsonTest.scala	27
tiled	../sge/sge/src/test/scala/sge/maps/tiled/TmjJsonTest.scala	31
tiled	../sge/sge/src/test/scala/sge/maps/tiled/TmjJsonTest.scala	32
tiled	../sge/sge/src/test/scala/sge/maps/tiled/TmjJsonTest.scala	60
tiled	../sge/sge/src/test/scala/sge/maps/tiled/TmjJsonTest.scala	90
tiled	../sge/sge/src/test/scala/sge/maps/tiled/TmjJsonTest.scala	114
tiled	../sge/sge/src/test/scala/sge/maps/tiled/TmjJsonTest.scala	132
tiled	../sge/sge/src/test/scala/sge/maps/tiled/TmjJsonTest.scala	133
tiled	../sge/sge/src/test/scala/sge/maps/tiled/TmjJsonTest.scala	134
tiled	../sge/sge/src/test/scala/sge/maps/tiled/TmjJsonTest.scala	159
tiled	../sge/sge/src/test/scala/sge/maps/tiled/TmjJsonTest.scala	184
tiled	../sge/sge/src/test/scala/sge/maps/tiled/TmjJsonTest.scala	208
tiled	../sge/sge/src/test/scala/sge/maps/tiled/TmjJsonTest.scala	227
tiled	../sge/sge/src/test/scala/sge/maps/tiled/TmjJsonTest.scala	249
tiled	../sge/sge/src/test/scala/sge/maps/tiled/TmjJsonTest.scala	281
tiled	../sge/sge/src/test/scala/sge/maps/tiled/TmjJsonTest.scala	306
tiled	../sge/sge/src/test/scala/sge/maps/tiled/TmjJsonTest.scala	315
tiled	../sge/sge/src/test/scala/sge/maps/tiled/TmjJsonTest.scala	325
tiled	../sge/sge/src/test/scala/sge/maps/tiled/TmjJsonTest.scala	327
tiled	../sge/sge/src/test/scala/sge/maps/tiled/TmjJsonTest.scala	328
tiled	../sge/sge/src/test/scala/sge/maps/tiled/TmjJsonTest.scala	330
tiled	../sge/sge/src/test/scala/sge/maps/tiled/TmjJsonTest.scala	331
tiled	../sge/sge/src/test/scala/sge/maps/tiled/TmjJsonTest.scala	337
tiled	../sge/sge/src/test/scala/sge/maps/tiled/TmjJsonTest.scala	338
tiled	../sge/sge/src/test/scala/sge/maps/tiled/TmjJsonTest.scala	344
tiled	../sge/sge/src/test/scala/sge/maps/tiled/TmjJsonTest.scala	379
tiled	../sge/sge/src/test/scala/sge/maps/tiled/TmjJsonTest.scala	382
tiled	../sge/sge/src/test/scala/sge/maps/tiled/TmjJsonTest.scala	414
tiled	../sge/sge/src/test/scala/sge/maps/tiled/TmjJsonTest.scala	432
tiled	../sge/sge/src/test/scala/sge/maps/tiled/TmjJsonTest.scala	442
tiled	../sge/sge/src/test/scala/sge/maps/tiled/TmjJsonTest.scala	444
tiled	../sge/sge/src/test/scala/sge/maps/tiled/TmjJsonTest.scala	454
tiled	../sge/sge/src/test/scala/sge/maps/tiled/TmjJsonTest.scala	455
tiled	../sge/sge/src/test/scala/sge/maps/tiled/TmjJsonTest.scala	480
tiled	../sge/sge/src/test/scala/sge/maps/tiled/TmjJsonTest.scala	486
tiled	../sge/sge/src/test/scala/sge/maps/tiled/TmjJsonTest.scala	501
tiled	../sge/sge/src/test/scala/sge/maps/tiled/TmjJsonTest.scala	523
tiled	../sge/sge/src/test/scala/sge/maps/tiled/TmjTileIdsCsvRedSuite.scala	40
tiled	../sge/sge/src/test/scala/sge/maps/tiled/TmjTileIdsCsvRedSuite.scala	41
tiled	../sge/sge/src/test/scala/sge/maps/tiled/TmjTileIdsCsvRedSuite.scala	44
tiled	../sge/sge/src/test/scala/sge/maps/tiled/TmjTileIdsCsvRedSuite.scala	47
tiled	../sge/sge/src/test/scala/sge/maps/tiled/TmjTileIdsCsvRedSuite.scala	75
member-shape	../sge/sge/src/test/scala/sge/math/Affine2Test.scala	43
arity	../sge/sge/src/test/scala/sge/math/Affine2Test.scala	44
arity	../sge/sge/src/test/scala/sge/math/Affine2Test.scala	86
member-shape	../sge/sge/src/test/scala/sge/math/Bresenham2Test.scala	9
member-shape	../sge/sge/src/test/scala/sge/math/Bresenham2Test.scala	19
member-shape	../sge/sge/src/test/scala/sge/math/Bresenham2Test.scala	27
member-shape	../sge/sge/src/test/scala/sge/math/Bresenham2Test.scala	35
member-shape	../sge/sge/src/test/scala/sge/math/Bresenham2Test.scala	43
member-shape	../sge/sge/src/test/scala/sge/math/Bresenham2Test.scala	59
member-shape	../sge/sge/src/test/scala/sge/math/Bresenham2Test.scala	73
arity	../sge/sge/src/test/scala/sge/math/CatmullRomSplineTest.scala	47
arity	../sge/sge/src/test/scala/sge/math/CatmullRomSplineTest.scala	47
type-shape	../sge/sge/src/test/scala/sge/math/CircumCircleRedSuite.scala	107
type-shape	../sge/sge/src/test/scala/sge/math/CircumCircleRedSuite.scala	116
type-shape	../sge/sge/src/test/scala/sge/math/CircumCircleRedSuite.scala	128
type-shape	../sge/sge/src/test/scala/sge/math/CircumCircleRedSuite.scala	132
type-shape	../sge/sge/src/test/scala/sge/math/ConvexHullTest.scala	44
type-shape	../sge/sge/src/test/scala/sge/math/ConvexHullTest.scala	45
type-shape	../sge/sge/src/test/scala/sge/math/ConvexHullTest.scala	46
type-shape	../sge/sge/src/test/scala/sge/math/ConvexHullTest.scala	47
type-shape	../sge/sge/src/test/scala/sge/math/ConvexHullTest.scala	49
type-shape	../sge/sge/src/test/scala/sge/math/ConvexHullTest.scala	50
type-shape	../sge/sge/src/test/scala/sge/math/ConvexHullTest.scala	51
type-shape	../sge/sge/src/test/scala/sge/math/ConvexHullTest.scala	52
arity	../sge/sge/src/test/scala/sge/math/CumulativeDistributionTest.scala	15
arity	../sge/sge/src/test/scala/sge/math/CumulativeDistributionTest.scala	22
arity	../sge/sge/src/test/scala/sge/math/CumulativeDistributionTest.scala	35
arity	../sge/sge/src/test/scala/sge/math/CumulativeDistributionTest.scala	39
arity	../sge/sge/src/test/scala/sge/math/CumulativeDistributionTest.scala	113
arity	../sge/sge/src/test/scala/sge/math/CumulativeDistributionTest.scala	122
member-shape	../sge/sge/src/test/scala/sge/math/GeometryTest.scala	94
arity	../sge/sge/src/test/scala/sge/math/GeometryTest.scala	103
member-shape	../sge/sge/src/test/scala/sge/math/GeometryTest.scala	164
nullable	../sge/sge/src/test/scala/sge/math/IntersectorTest.scala	114
nullable	../sge/sge/src/test/scala/sge/math/IntersectorTest.scala	117
nullable	../sge/sge/src/test/scala/sge/math/IntersectorTest.scala	120
nullable	../sge/sge/src/test/scala/sge/math/IntersectorTest.scala	123
nullable	../sge/sge/src/test/scala/sge/math/IntersectorTest.scala	127
nullable	../sge/sge/src/test/scala/sge/math/IntersectorTest.scala	135
nullable	../sge/sge/src/test/scala/sge/math/IntersectorTest.scala	143
member-shape	../sge/sge/src/test/scala/sge/math/IntersectorTest.scala	256
member-shape	../sge/sge/src/test/scala/sge/math/IntersectorTest.scala	257
member-shape	../sge/sge/src/test/scala/sge/math/IntersectorTest.scala	258
member-shape	../sge/sge/src/test/scala/sge/math/IntersectorTest.scala	259
type-shape	../sge/sge/src/test/scala/sge/math/IntersectorTest.scala	323
type-shape	../sge/sge/src/test/scala/sge/math/IntersectorTest.scala	333
type-shape	../sge/sge/src/test/scala/sge/math/IntersectorTest.scala	342
type-shape	../sge/sge/src/test/scala/sge/math/IntersectorTest.scala	343
member-shape	../sge/sge/src/test/scala/sge/math/Matrix3Test.scala	84
member-shape	../sge/sge/src/test/scala/sge/math/Matrix3Test.scala	92
member-shape	../sge/sge/src/test/scala/sge/math/Matrix3Test.scala	100
member-shape	../sge/sge/src/test/scala/sge/math/Matrix3Test.scala	110
member-shape	../sge/sge/src/test/scala/sge/math/Matrix3Test.scala	117
member-shape	../sge/sge/src/test/scala/sge/math/Matrix3Test.scala	148
member-shape	../sge/sge/src/test/scala/sge/math/Matrix4Test.scala	71
member-shape	../sge/sge/src/test/scala/sge/math/Matrix4Test.scala	82
member-shape	../sge/sge/src/test/scala/sge/math/Matrix4Test.scala	126
member-shape	../sge/sge/src/test/scala/sge/math/Matrix4Test.scala	166
member-shape	../sge/sge/src/test/scala/sge/math/Matrix4Test.scala	169
member-shape	../sge/sge/src/test/scala/sge/math/OctreeTest.scala	41
member-shape	../sge/sge/src/test/scala/sge/math/OctreeTest.scala	48
type-shape	../sge/sge/src/test/scala/sge/math/OctreeTest.scala	51
type-shape	../sge/sge/src/test/scala/sge/math/OctreeTest.scala	59
other	../sge/sge/src/test/scala/sge/math/QuaternionTest.scala	32
arity	../sge/sge/src/test/scala/sge/math/QuaternionTest.scala	171
arity	../sge/sge/src/test/scala/sge/math/QuaternionTest.scala	173
member-shape	../sge/sge/src/test/scala/sge/math/QuaternionTest.scala	258
arity	../sge/sge/src/test/scala/sge/math/QuaternionTest.scala	280
arity	../sge/sge/src/test/scala/sge/math/QuaternionTest.scala	282
member-shape	../sge/sge/src/test/scala/sge/math/TransformTest.scala	78
type-shape	../sge/sge/src/test/scala/sge/math/TriangulatorIndicesRedSuite.scala	66
type-shape	../sge/sge/src/test/scala/sge/math/TriangulatorIndicesRedSuite.scala	91
type-shape	../sge/sge/src/test/scala/sge/math/TriangulatorIndicesRedSuite.scala	107
type-shape	../sge/sge/src/test/scala/sge/math/TriangulatorIndicesRedSuite.scala	116
member-shape	../sge/sge/src/test/scala/sge/math/Vector3RotTest.scala	98
member-shape	../sge/sge/src/test/scala/sge/math/Vector3RotTest.scala	104
member-shape	../sge/sge/src/test/scala/sge/math/Vector3RotTest.scala	111
member-shape	../sge/sge/src/test/scala/sge/math/VectorArithmeticTest.scala	35
member-shape	../sge/sge/src/test/scala/sge/math/VectorArithmeticTest.scala	41
member-shape	../sge/sge/src/test/scala/sge/math/VectorArithmeticTest.scala	66
arity	../sge/sge/src/test/scala/sge/math/VectorArithmeticTest.scala	71
arity	../sge/sge/src/test/scala/sge/math/VectorArithmeticTest.scala	76
arity	../sge/sge/src/test/scala/sge/math/VectorArithmeticTest.scala	82
arity	../sge/sge/src/test/scala/sge/math/VectorArithmeticTest.scala	129
arity	../sge/sge/src/test/scala/sge/math/VectorArithmeticTest.scala	135
arity	../sge/sge/src/test/scala/sge/math/VectorArithmeticTest.scala	141
arity	../sge/sge/src/test/scala/sge/math/VectorArithmeticTest.scala	147
arity	../sge/sge/src/test/scala/sge/math/VectorArithmeticTest.scala	153
type-shape	../sge/sge/src/test/scala/sge/math/VectorArithmeticTest.scala	188
member-shape	../sge/sge/src/test/scala/sge/math/VectorArithmeticTest.scala	189
type-shape	../sge/sge/src/test/scala/sge/math/VectorArithmeticTest.scala	193
type-shape	../sge/sge/src/test/scala/sge/math/VectorArithmeticTest.scala	194
member-shape	../sge/sge/src/test/scala/sge/math/VectorArithmeticTest.scala	195
member-shape	../sge/sge/src/test/scala/sge/math/VectorArithmeticTest.scala	199
member-shape	../sge/sge/src/test/scala/sge/math/VectorArithmeticTest.scala	199
member-shape	../sge/sge/src/test/scala/sge/math/VectorArithmeticTest.scala	206
member-shape	../sge/sge/src/test/scala/sge/math/VectorArithmeticTest.scala	206
member-shape	../sge/sge/src/test/scala/sge/math/VectorArithmeticTest.scala	212
member-shape	../sge/sge/src/test/scala/sge/math/VectorArithmeticTest.scala	212
member-shape	../sge/sge/src/test/scala/sge/math/VectorArithmeticTest.scala	225
member-shape	../sge/sge/src/test/scala/sge/math/VectorArithmeticTest.scala	235
member-shape	../sge/sge/src/test/scala/sge/math/VectorArithmeticTest.scala	241
member-shape	../sge/sge/src/test/scala/sge/math/VectorArithmeticTest.scala	257
member-shape	../sge/sge/src/test/scala/sge/math/VectorArithmeticTest.scala	264
member-shape	../sge/sge/src/test/scala/sge/math/VectorArithmeticTest.scala	265
arity	../sge/sge/src/test/scala/sge/math/VectorArithmeticTest.scala	271
arity	../sge/sge/src/test/scala/sge/math/VectorArithmeticTest.scala	277
arity	../sge/sge/src/test/scala/sge/math/VectorArithmeticTest.scala	314
arity	../sge/sge/src/test/scala/sge/math/VectorArithmeticTest.scala	320
type-shape	../sge/sge/src/test/scala/sge/math/VectorArithmeticTest.scala	324
member-shape	../sge/sge/src/test/scala/sge/math/VectorArithmeticTest.scala	325
type-shape	../sge/sge/src/test/scala/sge/math/VectorArithmeticTest.scala	329
member-shape	../sge/sge/src/test/scala/sge/math/VectorArithmeticTest.scala	330
member-shape	../sge/sge/src/test/scala/sge/math/VectorArithmeticTest.scala	334
member-shape	../sge/sge/src/test/scala/sge/math/VectorArithmeticTest.scala	334
member-shape	../sge/sge/src/test/scala/sge/math/VectorArithmeticTest.scala	358
arity	../sge/sge/src/test/scala/sge/math/VectorArithmeticTest.scala	372
arity	../sge/sge/src/test/scala/sge/math/VectorArithmeticTest.scala	378
member-shape	../sge/sge/src/test/scala/sge/math/VectorArithmeticTest.scala	394
member-shape	../sge/sge/src/test/scala/sge/math/VectorArithmeticTest.scala	395
member-shape	../sge/sge/src/test/scala/sge/math/VectorArithmeticTest.scala	396
arity	../sge/sge/src/test/scala/sge/math/VectorArithmeticTest.scala	405
arity	../sge/sge/src/test/scala/sge/math/VectorArithmeticTest.scala	412
member-shape	../sge/sge/src/test/scala/sge/math/VectorArithmeticTest.scala	419
member-shape	../sge/sge/src/test/scala/sge/math/VectorArithmeticTest.scala	420
member-shape	../sge/sge/src/test/scala/sge/math/VectorArithmeticTest.scala	421
arity	../sge/sge/src/test/scala/sge/math/VectorArithmeticTest.scala	430
arity	../sge/sge/src/test/scala/sge/math/VectorArithmeticTest.scala	437
net	../sge/sge/src/test/scala/sge/net/SgeHttpRequestTest.scala	15
net	../sge/sge/src/test/scala/sge/net/SgeHttpRequestTest.scala	16
net	../sge/sge/src/test/scala/sge/net/SgeHttpRequestTest.scala	25
net	../sge/sge/src/test/scala/sge/net/SgeHttpRequestTest.scala	35
net	../sge/sge/src/test/scala/sge/net/SgeHttpRequestTest.scala	37
net	../sge/sge/src/test/scala/sge/net/SgeHttpRequestTest.scala	43
net	../sge/sge/src/test/scala/sge/net/SgeHttpRequestTest.scala	50
net	../sge/sge/src/test/scala/sge/net/SgeHttpRequestTest.scala	54
net	../sge/sge/src/test/scala/sge/net/SgeHttpRequestTest.scala	55
net	../sge/sge/src/test/scala/sge/net/SgeHttpRequestTest.scala	59
net	../sge/sge/src/test/scala/sge/net/SgeHttpRequestTest.scala	71
net	../sge/sge/src/test/scala/sge/net/SgeHttpRequestTest.scala	81
net	../sge/sge/src/test/scala/sge/net/SgeHttpRequestTest.scala	81
net	../sge/sge/src/test/scala/sge/net/SgeHttpRequestTest.scala	85
net	../sge/sge/src/test/scala/sge/net/SgeHttpRequestTest.scala	92
net	../sge/sge/src/test/scala/sge/net/SgeHttpRequestTest.scala	97
net	../sge/sge/src/test/scala/sge/net/SgeHttpRequestTest.scala	98
net	../sge/sge/src/test/scala/sge/net/SgeHttpResponseTest.scala	13
net	../sge/sge/src/test/scala/sge/net/SgeHttpResponseTest.scala	13
net	../sge/sge/src/test/scala/sge/net/SgeHttpResponseTest.scala	14
net	../sge/sge/src/test/scala/sge/net/SgeHttpResponseTest.scala	14
net	../sge/sge/src/test/scala/sge/net/SgeHttpResponseTest.scala	15
net	../sge/sge/src/test/scala/sge/net/SgeHttpResponseTest.scala	15
net	../sge/sge/src/test/scala/sge/net/SgeHttpResponseTest.scala	16
net	../sge/sge/src/test/scala/sge/net/SgeHttpResponseTest.scala	22
net	../sge/sge/src/test/scala/sge/net/SgeHttpResponseTest.scala	23
net	../sge/sge/src/test/scala/sge/net/SgeHttpResponseTest.scala	24
net	../sge/sge/src/test/scala/sge/net/SgeHttpResponseTest.scala	26
net	../sge/sge/src/test/scala/sge/net/SgeHttpResponseTest.scala	32
net	../sge/sge/src/test/scala/sge/net/SgeHttpResponseTest.scala	74
net	../sge/sge/src/test/scala/sge/net/SgeHttpResponseTest.scala	89
net	../sge/sge/src/test/scala/sge/net/SgeHttpResponseTest.scala	90
net	../sge/sge/src/test/scala/sge/net/SgeHttpResponseTest.scala	91
net	../sge/sge/src/test/scala/sge/net/SgeHttpResponseTest.scala	95
net	../sge/sge/src/test/scala/sge/net/SgeHttpResponseTest.scala	96
member-shape	../sge/sge/src/test/scala/sge/noop/NoopAudioTest.scala	29
member-shape	../sge/sge/src/test/scala/sge/noop/NoopAudioTest.scala	89
member-shape	../sge/sge/src/test/scala/sge/noop/NoopGL32.scala	718
member-shape	../sge/sge/src/test/scala/sge/noop/NoopGraphicsTest.scala	31
member-shape	../sge/sge/src/test/scala/sge/noop/NoopGraphicsTest.scala	49
member-shape	../sge/sge/src/test/scala/sge/noop/NoopGraphicsTest.scala	50
member-shape	../sge/sge/src/test/scala/sge/noop/NoopGraphicsTest.scala	51
member-shape	../sge/sge/src/test/scala/sge/noop/NoopGraphicsTest.scala	52
member-shape	../sge/sge/src/test/scala/sge/noop/NoopGraphicsTest.scala	53
member-shape	../sge/sge/src/test/scala/sge/noop/NoopGraphicsTest.scala	54
member-shape	../sge/sge/src/test/scala/sge/noop/NoopGraphicsTest.scala	94
opaque-key-button	../sge/sge/src/test/scala/sge/noop/NoopInputTest.scala	7
opaque-key-button	../sge/sge/src/test/scala/sge/noop/NoopInputTest.scala	7
arity	../sge/sge/src/test/scala/sge/noop/NoopInputTest.scala	16
arity	../sge/sge/src/test/scala/sge/noop/NoopInputTest.scala	18
arity	../sge/sge/src/test/scala/sge/noop/NoopInputTest.scala	20
arity	../sge/sge/src/test/scala/sge/noop/NoopInputTest.scala	22
opaque-key-button	../sge/sge/src/test/scala/sge/noop/NoopInputTest.scala	40
opaque-key-button	../sge/sge/src/test/scala/sge/noop/NoopInputTest.scala	41
opaque-key-button	../sge/sge/src/test/scala/sge/noop/NoopInputTest.scala	42
opaque-key-button	../sge/sge/src/test/scala/sge/noop/NoopInputTest.scala	43
arity	../sge/sge/src/test/scala/sge/noop/NoopInputTest.scala	45
assertion-mismatch	../sge/sge/src/test/scala/sge/noop/NoopInputTest.scala	56
opaque-key-button	../sge/sge/src/test/scala/sge/noop/NoopInputTest.scala	64
member-shape	../sge/sge/src/test/scala/sge/noop/NoopInputTest.scala	66
opaque-key-button	../sge/sge/src/test/scala/sge/noop/NoopInputTest.scala	88
opaque-key-button	../sge/sge/src/test/scala/sge/noop/NoopInputTest.scala	89
member-shape	../sge/sge/src/test/scala/sge/scenes/scene2d/ActionTest.scala	66
member-shape	../sge/sge/src/test/scala/sge/scenes/scene2d/ActionTest.scala	153
member-shape	../sge/sge/src/test/scala/sge/scenes/scene2d/ActorPropertyHookRedSuite.scala	44
member-shape	../sge/sge/src/test/scala/sge/scenes/scene2d/ActorPropertyHookRedSuite.scala	51
member-shape	../sge/sge/src/test/scala/sge/scenes/scene2d/ActorPropertyHookRedSuite.scala	62
member-shape	../sge/sge/src/test/scala/sge/scenes/scene2d/ActorPropertyHookRedSuite.scala	63
member-shape	../sge/sge/src/test/scala/sge/scenes/scene2d/ActorPropertyHookRedSuite.scala	65
member-shape	../sge/sge/src/test/scala/sge/scenes/scene2d/ActorPropertyHookRedSuite.scala	66
member-shape	../sge/sge/src/test/scala/sge/scenes/scene2d/ActorPropertyHookRedSuite.scala	77
member-shape	../sge/sge/src/test/scala/sge/scenes/scene2d/ActorPropertyHookRedSuite.scala	80
member-shape	../sge/sge/src/test/scala/sge/scenes/scene2d/ActorPropertyHookRedSuite.scala	91
member-shape	../sge/sge/src/test/scala/sge/scenes/scene2d/EventPropagationTest.scala	179
nullable	../sge/sge/src/test/scala/sge/scenes/scene2d/EventPropagationTest.scala	200
opaque-key-button	../sge/sge/src/test/scala/sge/scenes/scene2d/InputEventTest.scala	6
opaque-key-button	../sge/sge/src/test/scala/sge/scenes/scene2d/InputEventTest.scala	6
opaque-key-button	../sge/sge/src/test/scala/sge/scenes/scene2d/InputEventTest.scala	25
opaque-key-button	../sge/sge/src/test/scala/sge/scenes/scene2d/InputEventTest.scala	26
opaque-key-button	../sge/sge/src/test/scala/sge/scenes/scene2d/InputEventTest.scala	42
opaque-key-button	../sge/sge/src/test/scala/sge/scenes/scene2d/InputEventTest.scala	43
opaque-key-button	../sge/sge/src/test/scala/sge/scenes/scene2d/InputEventTest.scala	55
opaque-key-button	../sge/sge/src/test/scala/sge/scenes/scene2d/InputEventTest.scala	56
member-shape	../sge/sge/src/test/scala/sge/scenes/scene2d/InputEventTest.scala	85
member-shape	../sge/sge/src/test/scala/sge/scenes/scene2d/InputEventTest.scala	86
opaque-key-button	../sge/sge/src/test/scala/sge/scenes/scene2d/InputEventTest.scala	98
opaque-key-button	../sge/sge/src/test/scala/sge/scenes/scene2d/InputEventTest.scala	105
member-shape	../sge/sge/src/test/scala/sge/scenes/scene2d/InputEventTest.scala	107
member-shape	../sge/sge/src/test/scala/sge/scenes/scene2d/InputEventTest.scala	109
member-shape	../sge/sge/src/test/scala/sge/scenes/scene2d/InputEventTest.scala	110
member-shape	../sge/sge/src/test/scala/sge/scenes/scene2d/InputEventTest.scala	111
member-shape	../sge/sge/src/test/scala/sge/scenes/scene2d/InputEventTest.scala	124
member-shape	../sge/sge/src/test/scala/sge/scenes/scene2d/InputEventTest.scala	131
member-shape	../sge/sge/src/test/scala/sge/scenes/scene2d/InputEventTest.scala	138
member-shape	../sge/sge/src/test/scala/sge/scenes/scene2d/InputEventTest.scala	147
member-shape	../sge/sge/src/test/scala/sge/scenes/scene2d/InputEventTest.scala	158
member-shape	../sge/sge/src/test/scala/sge/scenes/scene2d/InputEventTest.scala	160
member-shape	../sge/sge/src/test/scala/sge/scenes/scene2d/InputEventTest.scala	162
member-shape	../sge/sge/src/test/scala/sge/scenes/scene2d/InputEventTest.scala	164
member-shape	../sge/sge/src/test/scala/sge/scenes/scene2d/InputEventTest.scala	168
member-shape	../sge/sge/src/test/scala/sge/scenes/scene2d/InputEventTest.scala	169
member-shape	../sge/sge/src/test/scala/sge/scenes/scene2d/InputEventTest.scala	170
member-shape	../sge/sge/src/test/scala/sge/scenes/scene2d/Scene2DTest.scala	23
member-shape	../sge/sge/src/test/scala/sge/scenes/scene2d/Scene2DTest.scala	24
member-shape	../sge/sge/src/test/scala/sge/scenes/scene2d/Scene2DTest.scala	26
member-shape	../sge/sge/src/test/scala/sge/scenes/scene2d/Scene2DTest.scala	42
member-shape	../sge/sge/src/test/scala/sge/scenes/scene2d/Scene2DTest.scala	43
member-shape	../sge/sge/src/test/scala/sge/scenes/scene2d/Scene2DTest.scala	51
member-shape	../sge/sge/src/test/scala/sge/scenes/scene2d/Scene2DTest.scala	52
member-shape	../sge/sge/src/test/scala/sge/scenes/scene2d/Scene2DTest.scala	60
member-shape	../sge/sge/src/test/scala/sge/scenes/scene2d/Scene2DTest.scala	91
member-shape	../sge/sge/src/test/scala/sge/scenes/scene2d/actions/ActionsCharacterizationTest.scala	315
member-shape	../sge/sge/src/test/scala/sge/scenes/scene2d/actions/ActionsCharacterizationTest.scala	316
member-shape	../sge/sge/src/test/scala/sge/scenes/scene2d/actions/ActionsCharacterizationTest.scala	325
opaque-time-pixels	../sge/sge/src/test/scala/sge/scenes/scene2d/actions/ActionsCharacterizationTest.scala	343
nullable	../sge/sge/src/test/scala/sge/scenes/scene2d/actions/ActionsCharacterizationTest.scala	344
nullable	../sge/sge/src/test/scala/sge/scenes/scene2d/actions/ActionsCharacterizationTest.scala	345
member-shape	../sge/sge/src/test/scala/sge/scenes/scene2d/actions/ActionsCharacterizationTest.scala	349
member-shape	../sge/sge/src/test/scala/sge/scenes/scene2d/actions/ActionsCharacterizationTest.scala	350
type-shape	../sge/sge/src/test/scala/sge/scenes/scene2d/actions/ActionsCharacterizationTest.scala	355
type-shape	../sge/sge/src/test/scala/sge/scenes/scene2d/actions/ActionsCharacterizationTest.scala	357
member-shape	../sge/sge/src/test/scala/sge/scenes/scene2d/actions/ActionsSpatialBehaviourSuite.scala	206
member-shape	../sge/sge/src/test/scala/sge/scenes/scene2d/actions/ActionsSpatialBehaviourSuite.scala	207
member-shape	../sge/sge/src/test/scala/sge/scenes/scene2d/actions/ActionsSpatialBehaviourSuite.scala	218
member-shape	../sge/sge/src/test/scala/sge/scenes/scene2d/actions/ActionsSpatialBehaviourSuite.scala	219
nullable	../sge/sge/src/test/scala/sge/scenes/scene2d/ui/ButtonBackgroundFallthroughRedSuite.scala	34
member-shape	../sge/sge/src/test/scala/sge/scenes/scene2d/ui/ButtonBackgroundFallthroughRedSuite.scala	54
member-shape	../sge/sge/src/test/scala/sge/scenes/scene2d/ui/ButtonBackgroundFallthroughRedSuite.scala	55
member-shape	../sge/sge/src/test/scala/sge/scenes/scene2d/ui/ButtonTest.scala	32
member-shape	../sge/sge/src/test/scala/sge/scenes/scene2d/ui/TableCellTest.scala	22
nullable	../sge/sge/src/test/scala/sge/scenes/scene2d/ui/TableCellTest.scala	29
member-shape	../sge/sge/src/test/scala/sge/scenes/scene2d/ui/TableCellTest.scala	30
assertion-mismatch	../sge/sge/src/test/scala/sge/scenes/scene2d/ui/TableCellTest.scala	32
nullable	../sge/sge/src/test/scala/sge/scenes/scene2d/ui/TableCellTest.scala	38
member-shape	../sge/sge/src/test/scala/sge/scenes/scene2d/ui/TableCellTest.scala	39
member-shape	../sge/sge/src/test/scala/sge/scenes/scene2d/ui/TableCellTest.scala	47
nullable	../sge/sge/src/test/scala/sge/scenes/scene2d/ui/TableCellTest.scala	57
member-shape	../sge/sge/src/test/scala/sge/scenes/scene2d/ui/TableCellTest.scala	58
nullable	../sge/sge/src/test/scala/sge/scenes/scene2d/ui/TableCellTest.scala	68
nullable	../sge/sge/src/test/scala/sge/scenes/scene2d/ui/TableCellTest.scala	70
member-shape	../sge/sge/src/test/scala/sge/scenes/scene2d/ui/TableCellTest.scala	74
nullable	../sge/sge/src/test/scala/sge/scenes/scene2d/ui/TableCellTest.scala	80
nullable	../sge/sge/src/test/scala/sge/scenes/scene2d/ui/TableCellTest.scala	81
nullable	../sge/sge/src/test/scala/sge/scenes/scene2d/ui/TableCellTest.scala	83
nullable	../sge/sge/src/test/scala/sge/scenes/scene2d/ui/TableCellTest.scala	101
member-shape	../sge/sge/src/test/scala/sge/scenes/scene2d/ui/TableCellTest.scala	104
nullable	../sge/sge/src/test/scala/sge/scenes/scene2d/ui/TableCellTest.scala	110
nullable	../sge/sge/src/test/scala/sge/scenes/scene2d/ui/TableCellTest.scala	123
nullable	../sge/sge/src/test/scala/sge/scenes/scene2d/ui/TableCellTest.scala	124
member-shape	../sge/sge/src/test/scala/sge/scenes/scene2d/ui/TableCellTest.scala	127
type-shape	../sge/sge/src/test/scala/sge/scenes/scene2d/ui/TableCellTest.scala	140
member-shape	../sge/sge/src/test/scala/sge/scenes/scene2d/ui/TableCellTest.scala	141
member-shape	../sge/sge/src/test/scala/sge/scenes/scene2d/ui/TableCellTest.scala	152
member-shape	../sge/sge/src/test/scala/sge/scenes/scene2d/ui/TableCellTest.scala	154
member-shape	../sge/sge/src/test/scala/sge/scenes/scene2d/ui/TableCellTest.scala	165
other	../sge/sge/src/test/scala/sge/scenes/scene2d/ui/TableCellTest.scala	181
other	../sge/sge/src/test/scala/sge/scenes/scene2d/ui/TableCellTest.scala	182
other	../sge/sge/src/test/scala/sge/scenes/scene2d/ui/TableCellTest.scala	183
other	../sge/sge/src/test/scala/sge/scenes/scene2d/ui/TableCellTest.scala	184
member-shape	../sge/sge/src/test/scala/sge/scenes/scene2d/ui/TableCellTest.scala	208
nullable	../sge/sge/src/test/scala/sge/scenes/scene2d/ui/TableCellTest.scala	224
nullable	../sge/sge/src/test/scala/sge/scenes/scene2d/ui/TableCellTest.scala	237
nullable	../sge/sge/src/test/scala/sge/scenes/scene2d/ui/TableCellTest.scala	246
nullable	../sge/sge/src/test/scala/sge/scenes/scene2d/ui/TableCellTest.scala	256
nullable	../sge/sge/src/test/scala/sge/scenes/scene2d/ui/TableCellTest.scala	270
nullable	../sge/sge/src/test/scala/sge/scenes/scene2d/ui/TableCellTest.scala	279
nullable	../sge/sge/src/test/scala/sge/scenes/scene2d/ui/TableCellTest.scala	288
nullable	../sge/sge/src/test/scala/sge/scenes/scene2d/ui/TableCellTest.scala	301
nullable	../sge/sge/src/test/scala/sge/scenes/scene2d/ui/TableCellTest.scala	312
nullable	../sge/sge/src/test/scala/sge/scenes/scene2d/ui/TableCellTest.scala	323
nullable	../sge/sge/src/test/scala/sge/scenes/scene2d/ui/TableCellTest.scala	336
nullable	../sge/sge/src/test/scala/sge/scenes/scene2d/ui/TableCellTest.scala	347
nullable	../sge/sge/src/test/scala/sge/scenes/scene2d/ui/TableCellTest.scala	360
assertion-mismatch	../sge/sge/src/test/scala/sge/scenes/scene2d/ui/TableCellTest.scala	362
assertion-mismatch	../sge/sge/src/test/scala/sge/scenes/scene2d/ui/TableCellTest.scala	363
nullable	../sge/sge/src/test/scala/sge/scenes/scene2d/ui/TableCellTest.scala	369
assertion-mismatch	../sge/sge/src/test/scala/sge/scenes/scene2d/ui/TableCellTest.scala	371
assertion-mismatch	../sge/sge/src/test/scala/sge/scenes/scene2d/ui/TableCellTest.scala	372
nullable	../sge/sge/src/test/scala/sge/scenes/scene2d/ui/TableCellTest.scala	382
assertion-mismatch	../sge/sge/src/test/scala/sge/scenes/scene2d/ui/TableCellTest.scala	384
assertion-mismatch	../sge/sge/src/test/scala/sge/scenes/scene2d/ui/TableCellTest.scala	385
nullable	../sge/sge/src/test/scala/sge/scenes/scene2d/ui/TableCellTest.scala	395
assertion-mismatch	../sge/sge/src/test/scala/sge/scenes/scene2d/ui/TableCellTest.scala	397
assertion-mismatch	../sge/sge/src/test/scala/sge/scenes/scene2d/ui/TableCellTest.scala	398
assertion-mismatch	../sge/sge/src/test/scala/sge/scenes/scene2d/ui/TableCellTest.scala	399
assertion-mismatch	../sge/sge/src/test/scala/sge/scenes/scene2d/ui/TableCellTest.scala	400
nullable	../sge/sge/src/test/scala/sge/scenes/scene2d/ui/TableCellTest.scala	410
assertion-mismatch	../sge/sge/src/test/scala/sge/scenes/scene2d/ui/TableCellTest.scala	412
nullable	../sge/sge/src/test/scala/sge/scenes/scene2d/ui/TableCellTest.scala	422
assertion-mismatch	../sge/sge/src/test/scala/sge/scenes/scene2d/ui/TableCellTest.scala	424
nullable	../sge/sge/src/test/scala/sge/scenes/scene2d/ui/TableCellTest.scala	430
assertion-mismatch	../sge/sge/src/test/scala/sge/scenes/scene2d/ui/TableCellTest.scala	432
nullable	../sge/sge/src/test/scala/sge/scenes/scene2d/ui/TableCellTest.scala	438
nullable	../sge/sge/src/test/scala/sge/scenes/scene2d/ui/TableCellTest.scala	446
nullable	../sge/sge/src/test/scala/sge/scenes/scene2d/ui/TableCellTest.scala	458
assertion-mismatch	../sge/sge/src/test/scala/sge/scenes/scene2d/ui/TableCellTest.scala	460
assertion-mismatch	../sge/sge/src/test/scala/sge/scenes/scene2d/ui/TableCellTest.scala	461
nullable	../sge/sge/src/test/scala/sge/scenes/scene2d/ui/TableCellTest.scala	473
assertion-mismatch	../sge/sge/src/test/scala/sge/scenes/scene2d/ui/TableCellTest.scala	475
nullable	../sge/sge/src/test/scala/sge/scenes/scene2d/ui/TableCellTest.scala	482
nullable	../sge/sge/src/test/scala/sge/scenes/scene2d/ui/TableCellTest.scala	494
nullable	../sge/sge/src/test/scala/sge/scenes/scene2d/ui/TableCellTest.scala	509
assertion-mismatch	../sge/sge/src/test/scala/sge/scenes/scene2d/ui/TableCellTest.scala	511
opaque-key-button	../sge/sge/src/test/scala/sge/scenes/scene2d/utils/ArraySelectionValueEqualitySuite.scala	27
opaque-key-button	../sge/sge/src/test/scala/sge/scenes/scene2d/utils/ClickListenerTest.scala	7
opaque-key-button	../sge/sge/src/test/scala/sge/scenes/scene2d/utils/ClickListenerTest.scala	21
opaque-key-button	../sge/sge/src/test/scala/sge/scenes/scene2d/utils/ClickListenerTest.scala	27
opaque-key-button	../sge/sge/src/test/scala/sge/scenes/scene2d/utils/ClickListenerTest.scala	33
opaque-key-button	../sge/sge/src/test/scala/sge/scenes/scene2d/utils/ClickListenerTest.scala	34
member-shape	../sge/sge/src/test/scala/sge/scenes/scene2d/utils/ClickListenerTest.scala	55
opaque-key-button	../sge/sge/src/test/scala/sge/scenes/scene2d/utils/ClickListenerTest.scala	60
opaque-key-button	../sge/sge/src/test/scala/sge/scenes/scene2d/utils/ClickListenerTest.scala	75
opaque-key-button	../sge/sge/src/test/scala/sge/scenes/scene2d/utils/ClickListenerTest.scala	92
opaque-key-button	../sge/sge/src/test/scala/sge/scenes/scene2d/utils/ClickListenerTest.scala	96
opaque-key-button	../sge/sge/src/test/scala/sge/scenes/scene2d/utils/ClickListenerTest.scala	105
opaque-key-button	../sge/sge/src/test/scala/sge/scenes/scene2d/utils/ClickListenerTest.scala	106
opaque-key-button	../sge/sge/src/test/scala/sge/scenes/scene2d/utils/ClickListenerTest.scala	111
opaque-key-button	../sge/sge/src/test/scala/sge/scenes/scene2d/utils/ClickListenerTest.scala	121
opaque-key-button	../sge/sge/src/test/scala/sge/scenes/scene2d/utils/ClickListenerTest.scala	140
opaque-key-button	../sge/sge/src/test/scala/sge/scenes/scene2d/utils/ClickListenerTest.scala	143
opaque-key-button	../sge/sge/src/test/scala/sge/scenes/scene2d/utils/ClickListenerTest.scala	146
opaque-key-button	../sge/sge/src/test/scala/sge/scenes/scene2d/utils/ClickListenerTest.scala	153
opaque-key-button	../sge/sge/src/test/scala/sge/scenes/scene2d/utils/ClickListenerTest.scala	154
opaque-key-button	../sge/sge/src/test/scala/sge/scenes/scene2d/utils/ClickListenerTest.scala	202
opaque-key-button	../sge/sge/src/test/scala/sge/scenes/scene2d/utils/ClickListenerTest.scala	234
opaque-key-button	../sge/sge/src/test/scala/sge/scenes/scene2d/utils/ClickListenerTest.scala	235
opaque-key-button	../sge/sge/src/test/scala/sge/scenes/scene2d/utils/SelectionChooseRedSuite.scala	32
member-shape	../sge/sge/src/test/scala/sge/scenes/scene2d/utils/SelectionChooseRedSuite.scala	140
member-shape	../sge/sge/src/test/scala/sge/scenes/scene2d/utils/SelectionSetIdentityRedSuite.scala	51
member-shape	../sge/sge/src/test/scala/sge/scenes/scene2d/utils/SelectionSetIdentityRedSuite.scala	57
member-shape	../sge/sge/src/test/scala/sge/scenes/scene2d/utils/SelectionTest.scala	22
member-shape	../sge/sge/src/test/scala/sge/scenes/scene2d/utils/SelectionTest.scala	162
member-shape	../sge/sge/src/test/scala/sge/scenes/scene2d/utils/SelectionTest.scala	172
member-shape	../sge/sge/src/test/scala/sge/scenes/scene2d/utils/SelectionTest.scala	241
member-shape	../sge/sge/src/test/scala/sge/scenes/scene2d/utils/SelectionTest.scala	297
member-shape	../sge/sge/src/test/scala/sge/scenes/scene2d/utils/SelectionTest.scala	324
assertion-mismatch	../sge/sge/src/test/scala/sge/scenes/scene2d/utils/SelectionTest.scala	326
assertion-mismatch	../sge/sge/src/test/scala/sge/scenes/scene2d/utils/SelectionTest.scala	327
arity	../sge/sge/src/test/scala/sge/scenes/scene2d/utils/SelectionTest.scala	340
member-shape	../sge/sge/src/test/scala/sge/utils/BinaryHeapTest.scala	56
context	../sge/sge/src/test/scala/sge/utils/PerformanceCounterTest.scala	11
context	../sge/sge/src/test/scala/sge/utils/PerformanceCounterTest.scala	17
assertion-mismatch	../sge/sge/src/test/scala/sge/utils/PerformanceCounterTest.scala	23
context	../sge/sge/src/test/scala/sge/utils/PerformanceCounterTest.scala	27
context	../sge/sge/src/test/scala/sge/utils/PerformanceCounterTest.scala	35
context	../sge/sge/src/test/scala/sge/utils/PerformanceCounterTest.scala	47
context	../sge/sge/src/test/scala/sge/utils/PerformanceCounterTest.scala	58
context	../sge/sge/src/test/scala/sge/utils/PerformanceCounterTest.scala	66
context	../sge/sge/src/test/scala/sge/utils/PerformanceCounterTest.scala	73
assertion-mismatch	../sge/sge/src/test/scala/sge/utils/PerformanceCounterTest.scala	80
context	../sge/sge/src/test/scala/sge/utils/PerformanceCounterTest.scala	84
context	../sge/sge/src/test/scala/sge/utils/PerformanceCounterTest.scala	96
context	../sge/sge/src/test/scala/sge/utils/PerformanceCounterTest.scala	107
assertion-mismatch	../sge/sge/src/test/scala/sge/utils/PerformanceCounterTest.scala	136
context	../sge/sge/src/test/scala/sge/utils/PerformanceCounterTest.scala	137
type-shape	../sge/sge/src/test/scala/sge/utils/PoolManagerTest.scala	20
type-shape	../sge/sge/src/test/scala/sge/utils/PoolManagerTest.scala	28
type-shape	../sge/sge/src/test/scala/sge/utils/PoolManagerTest.scala	37
type-shape	../sge/sge/src/test/scala/sge/utils/PoolManagerTest.scala	49
member-shape	../sge/sge/src/test/scala/sge/utils/PoolManagerTest.scala	52
member-shape	../sge/sge/src/test/scala/sge/utils/PoolManagerTest.scala	53
member-shape	../sge/sge/src/test/scala/sge/utils/PoolManagerTest.scala	56
member-shape	../sge/sge/src/test/scala/sge/utils/PoolManagerTest.scala	57
type-shape	../sge/sge/src/test/scala/sge/utils/PoolManagerTest.scala	62
member-shape	../sge/sge/src/test/scala/sge/utils/PoolManagerTest.scala	65
member-shape	../sge/sge/src/test/scala/sge/utils/PoolManagerTest.scala	70
type-shape	../sge/sge/src/test/scala/sge/utils/PoolManagerTest.scala	75
type-shape	../sge/sge/src/test/scala/sge/utils/PoolManagerTest.scala	77
member-shape	../sge/sge/src/test/scala/sge/utils/PoolManagerTest.scala	90
type-shape	../sge/sge/src/test/scala/sge/utils/PoolManagerTest.scala	96
type-shape	../sge/sge/src/test/scala/sge/utils/PoolManagerTest.scala	102
nullable	../sge/sge/src/test/scala/sge/utils/PoolManagerTest.scala	107
member-shape	../sge/sge/src/test/scala/sge/utils/StreamUtilsTest.scala	133
member-shape	../sge/sge/src/test/scala/sge/utils/StreamUtilsTest.scala	142
member-shape	../sge/sge/src/test/scala/sge/utils/StreamUtilsTest.scala	148
assertion-mismatch	../sge/sge/src/test/scala/sge/utils/StreamUtilsTest.scala	149
assertion-mismatch	../sge/sge/src/test/scala/sge/utils/StreamUtilsTest.scala	150
assertion-mismatch	../sge/sge/src/test/scala/sge/utils/StreamUtilsTest.scala	151
assertion-mismatch	../sge/sge/src/test/scala/sge/utils/StreamUtilsTest.scala	152
android	../sge/sge/src/test/scalajvm/sge/AndroidAudioAdapterTest.scala	9
android	../sge/sge/src/test/scalajvm/sge/AndroidAudioAssetFdRedSuite.scala	34
android	../sge/sge/src/test/scalajvm/sge/AndroidAudioAssetFdRedSuite.scala	34
filetype	../sge/sge/src/test/scalajvm/sge/DesktopApplicationConfigTest.scala	8
filetype	../sge/sge/src/test/scalajvm/sge/DesktopApplicationConfigTest.scala	44
filetype	../sge/sge/src/test/scalajvm/sge/DesktopApplicationConfigTest.scala	96
filetype	../sge/sge/src/test/scalajvm/sge/DesktopApplicationConfigTest.scala	98
member-shape	../sge/sge/src/test/scalajvm/sge/DesktopClipboardTest.scala	41
member-shape	../sge/sge/src/test/scalajvm/sge/DesktopClipboardTest.scala	87
member-shape	../sge/sge/src/test/scalajvm/sge/HeadlessApplicationTest.scala	104
net	../sge/sge/src/test/scalajvm/sge/HeadlessApplicationTest.scala	143
net	../sge/sge/src/test/scalajvm/sge/HeadlessApplicationTest.scala	144
filetype	../sge/sge/src/test/scalajvm/sge/assets/AssetLoaderSmokeTest.scala	7
filetype	../sge/sge/src/test/scalajvm/sge/assets/AssetLoaderSmokeTest.scala	25
filetype	../sge/sge/src/test/scalajvm/sge/assets/AssetLoaderSmokeTest.scala	25
filetype	../sge/sge/src/test/scalajvm/sge/assets/AssetLoaderSmokeTest.scala	41
filetype	../sge/sge/src/test/scalajvm/sge/assets/AssetLoaderSmokeTest.scala	41
filetype	../sge/sge/src/test/scalajvm/sge/assets/AssetLoaderSmokeTest.scala	43
member-shape	../sge/sge/src/test/scalajvm/sge/assets/AssetLoaderSmokeTest.scala	78
member-shape	../sge/sge/src/test/scalajvm/sge/assets/AssetLoaderSmokeTest.scala	81
member-shape	../sge/sge/src/test/scalajvm/sge/assets/AssetLoaderSmokeTest.scala	85
nullable	../sge/sge/src/test/scalajvm/sge/assets/AssetLoaderSmokeTest.scala	103
member-shape	../sge/sge/src/test/scalajvm/sge/assets/AssetLoaderSmokeTest.scala	271
nullable	../sge/sge/src/test/scalajvm/sge/assets/AssetLoaderSmokeTest.scala	280
nullable	../sge/sge/src/test/scalajvm/sge/assets/AssetLoaderSmokeTest.scala	297
filetype	../sge/sge/src/test/scalajvm/sge/assets/AssetManagerAsyncISS561Test.scala	24
filetype	../sge/sge/src/test/scalajvm/sge/assets/AssetManagerAsyncISS561Test.scala	40
filetype	../sge/sge/src/test/scalajvm/sge/assets/AssetManagerAsyncISS561Test.scala	40
context	../sge/sge/src/test/scalajvm/sge/assets/AssetManagerAsyncISS561Test.scala	71
context	../sge/sge/src/test/scalajvm/sge/assets/AssetManagerAsyncISS561Test.scala	163
context	../sge/sge/src/test/scalajvm/sge/assets/AssetManagerAsyncISS561Test.scala	205
assertion-mismatch	../sge/sge/src/test/scalajvm/sge/assets/AssetManagerAsyncISS561Test.scala	245
context	../sge/sge/src/test/scalajvm/sge/assets/AssetManagerAsyncISS561Test.scala	252
assertion-mismatch	../sge/sge/src/test/scalajvm/sge/assets/AssetManagerAsyncISS561Test.scala	276
context	../sge/sge/src/test/scalajvm/sge/assets/AssetManagerAsyncISS561Test.scala	283
context	../sge/sge/src/test/scalajvm/sge/assets/AssetManagerAsyncISS561Test.scala	315
nullable	../sge/sge/src/test/scalajvm/sge/assets/AssetManagerAsyncISS561Test.scala	368
filetype	../sge/sge/src/test/scalajvm/sge/assets/AssetManagerDescriptorRoutingIss830CoverageSuite.scala	31
filetype	../sge/sge/src/test/scalajvm/sge/assets/AssetManagerDescriptorRoutingIss830CoverageSuite.scala	40
filetype	../sge/sge/src/test/scalajvm/sge/assets/AssetManagerDescriptorRoutingIss830CoverageSuite.scala	40
nullable	../sge/sge/src/test/scalajvm/sge/assets/AssetManagerDescriptorRoutingIss830CoverageSuite.scala	62
filetype	../sge/sge/src/test/scalajvm/sge/assets/AssetManagerErrorCatchIss734RedSuite.scala	36
filetype	../sge/sge/src/test/scalajvm/sge/assets/AssetManagerErrorCatchIss734RedSuite.scala	49
filetype	../sge/sge/src/test/scalajvm/sge/assets/AssetManagerErrorCatchIss734RedSuite.scala	49
filetype	../sge/sge/src/test/scalajvm/sge/assets/AssetManagerLoggerIss733Suite.scala	28
filetype	../sge/sge/src/test/scalajvm/sge/assets/AssetManagerLoggerIss733Suite.scala	34
filetype	../sge/sge/src/test/scalajvm/sge/assets/AssetManagerLoggerIss733Suite.scala	34
filetype	../sge/sge/src/test/scalajvm/sge/assets/AssetManagerUnitTest.scala	12
filetype	../sge/sge/src/test/scalajvm/sge/assets/AssetManagerUnitTest.scala	29
filetype	../sge/sge/src/test/scalajvm/sge/assets/AssetManagerUnitTest.scala	29
member-shape	../sge/sge/src/test/scalajvm/sge/assets/AssetManagerUnitTest.scala	64
member-shape	../sge/sge/src/test/scalajvm/sge/assets/AssetManagerUnitTest.scala	156
nullable	../sge/sge/src/test/scalajvm/sge/assets/AssetManagerUnitTest.scala	159
filetype	../sge/sge/src/test/scalajvm/sge/assets/loaders/FileHandleResolverTest.scala	10
filetype	../sge/sge/src/test/scalajvm/sge/assets/loaders/FileHandleResolverTest.scala	19
filetype	../sge/sge/src/test/scalajvm/sge/assets/loaders/FileHandleResolverTest.scala	19
member-shape	../sge/sge/src/test/scalajvm/sge/assets/loaders/FileHandleResolverTest.scala	24
assertion-mismatch	../sge/sge/src/test/scalajvm/sge/assets/loaders/FileHandleResolverTest.scala	26
member-shape	../sge/sge/src/test/scalajvm/sge/assets/loaders/FileHandleResolverTest.scala	31
assertion-mismatch	../sge/sge/src/test/scalajvm/sge/assets/loaders/FileHandleResolverTest.scala	33
member-shape	../sge/sge/src/test/scalajvm/sge/assets/loaders/FileHandleResolverTest.scala	39
assertion-mismatch	../sge/sge/src/test/scalajvm/sge/assets/loaders/FileHandleResolverTest.scala	40
assertion-mismatch	../sge/sge/src/test/scalajvm/sge/assets/loaders/FileHandleResolverTest.scala	43
assertion-mismatch	../sge/sge/src/test/scalajvm/sge/assets/loaders/FileHandleResolverTest.scala	46
member-shape	../sge/sge/src/test/scalajvm/sge/assets/loaders/FileHandleResolverTest.scala	56
member-shape	../sge/sge/src/test/scalajvm/sge/assets/loaders/FileHandleResolverTest.scala	57
member-shape	../sge/sge/src/test/scalajvm/sge/assets/loaders/FileHandleResolverTest.scala	58
member-shape	../sge/sge/src/test/scalajvm/sge/assets/loaders/FileHandleResolverTest.scala	63
member-shape	../sge/sge/src/test/scalajvm/sge/assets/loaders/FileHandleResolverTest.scala	64
filetype	../sge/sge/src/test/scalajvm/sge/audio/MiniaudioEngineInstanceRegistryIss810RedSuite.scala	33
filetype	../sge/sge/src/test/scalajvm/sge/audio/MiniaudioEngineInstanceRegistryIss810RedSuite.scala	108
filetype	../sge/sge/src/test/scalajvm/sge/audio/MiniaudioEngineInstanceRegistryIss810RedSuite.scala	108
filetype	../sge/sge/src/test/scalajvm/sge/audio/MiniaudioEngineInstanceRegistryIss810RedSuite.scala	116
filetype	../sge/sge/src/test/scalajvm/sge/audio/MiniaudioEngineInstanceRegistryIss810RedSuite.scala	116
filetype	../sge/sge/src/test/scalajvm/sge/audio/MiniaudioEngineSoundFormatIss772RedSuite.scala	18
filetype	../sge/sge/src/test/scalajvm/sge/audio/MiniaudioEngineSoundFormatIss772RedSuite.scala	58
filetype	../sge/sge/src/test/scalajvm/sge/audio/MiniaudioEngineSoundFormatIss772RedSuite.scala	58
filetype	../sge/sge/src/test/scalajvm/sge/audio/MiniaudioMusicOnCompleteIss760RedSuite.scala	29
filetype	../sge/sge/src/test/scalajvm/sge/audio/MiniaudioMusicOnCompleteIss760RedSuite.scala	99
filetype	../sge/sge/src/test/scalajvm/sge/audio/MiniaudioMusicOnCompleteIss760RedSuite.scala	99
member-shape	../sge/sge/src/test/scalajvm/sge/audio/MiniaudioMusicOnCompleteIss760RedSuite.scala	106
member-shape	../sge/sge/src/test/scalajvm/sge/audio/MiniaudioMusicOnCompleteIss760RedSuite.scala	117
filetype	../sge/sge/src/test/scalajvm/sge/audio/MiniaudioSoundFormatFallbackWaveDTest.scala	16
filetype	../sge/sge/src/test/scalajvm/sge/audio/MiniaudioSoundFormatFallbackWaveDTest.scala	55
filetype	../sge/sge/src/test/scalajvm/sge/audio/MiniaudioSoundFormatFallbackWaveDTest.scala	55
filetype	../sge/sge/src/test/scalajvm/sge/audio/MusicDurationIss781RedSuite.scala	18
filetype	../sge/sge/src/test/scalajvm/sge/audio/MusicDurationIss781RedSuite.scala	26
filetype	../sge/sge/src/test/scalajvm/sge/audio/MusicDurationIss781RedSuite.scala	26
member-shape	../sge/sge/src/test/scalajvm/sge/audio/MusicDurationIss781RedSuite.scala	31
filetype	../sge/sge/src/test/scalajvm/sge/audio/WavInputStreamTest.scala	79
filetype	../sge/sge/src/test/scalajvm/sge/audio/WavInputStreamTest.scala	79
filetype	../sge/sge/src/test/scalajvm/sge/audio/WavInputStreamTest.scala	95
filetype	../sge/sge/src/test/scalajvm/sge/audio/WavInputStreamTest.scala	95
filetype	../sge/sge/src/test/scalajvm/sge/audio/WavInputStreamTest.scala	110
filetype	../sge/sge/src/test/scalajvm/sge/audio/WavInputStreamTest.scala	110
filetype	../sge/sge/src/test/scalajvm/sge/audio/WavInputStreamTest.scala	127
filetype	../sge/sge/src/test/scalajvm/sge/audio/WavInputStreamTest.scala	127
filetype	../sge/sge/src/test/scalajvm/sge/audio/WavInputStreamTest.scala	142
filetype	../sge/sge/src/test/scalajvm/sge/audio/WavInputStreamTest.scala	142
filetype	../sge/sge/src/test/scalajvm/sge/audio/WavInputStreamTest.scala	157
filetype	../sge/sge/src/test/scalajvm/sge/audio/WavInputStreamTest.scala	157
filetype	../sge/sge/src/test/scalajvm/sge/audio/WavInputStreamTest.scala	174
filetype	../sge/sge/src/test/scalajvm/sge/audio/WavInputStreamTest.scala	174
android	../sge/sge/src/test/scalajvm/sge/files/AndroidFileHandleTest.scala	10
android	../sge/sge/src/test/scalajvm/sge/files/AndroidFileHandleTest.scala	46
android	../sge/sge/src/test/scalajvm/sge/files/AndroidFileHandleTest.scala	46
android	../sge/sge/src/test/scalajvm/sge/files/AndroidFileHandleTest.scala	49
android	../sge/sge/src/test/scalajvm/sge/files/AndroidFileHandleTest.scala	50
android	../sge/sge/src/test/scalajvm/sge/files/AndroidFileHandleTest.scala	54
android	../sge/sge/src/test/scalajvm/sge/files/AndroidFileHandleTest.scala	54
android	../sge/sge/src/test/scalajvm/sge/files/AndroidFileHandleTest.scala	62
android	../sge/sge/src/test/scalajvm/sge/files/AndroidFileHandleTest.scala	62
android	../sge/sge/src/test/scalajvm/sge/files/AndroidFileHandleTest.scala	65
android	../sge/sge/src/test/scalajvm/sge/files/AndroidFileHandleTest.scala	66
android	../sge/sge/src/test/scalajvm/sge/files/AndroidFileHandleTest.scala	70
android	../sge/sge/src/test/scalajvm/sge/files/AndroidFileHandleTest.scala	70
android	../sge/sge/src/test/scalajvm/sge/files/AndroidFileHandleTest.scala	79
android	../sge/sge/src/test/scalajvm/sge/files/AndroidFileHandleTest.scala	79
android	../sge/sge/src/test/scalajvm/sge/files/AndroidFileHandleTest.scala	82
android	../sge/sge/src/test/scalajvm/sge/files/AndroidFileHandleTest.scala	86
android	../sge/sge/src/test/scalajvm/sge/files/AndroidFileHandleTest.scala	86
android	../sge/sge/src/test/scalajvm/sge/files/AndroidFileHandleTest.scala	88
android	../sge/sge/src/test/scalajvm/sge/files/AndroidFileHandleTest.scala	92
android	../sge/sge/src/test/scalajvm/sge/files/AndroidFileHandleTest.scala	92
android	../sge/sge/src/test/scalajvm/sge/files/AndroidFileHandleTest.scala	94
android	../sge/sge/src/test/scalajvm/sge/files/AndroidFileHandleTest.scala	102
android	../sge/sge/src/test/scalajvm/sge/files/AndroidFileHandleTest.scala	102
android	../sge/sge/src/test/scalajvm/sge/files/AndroidFileHandleTest.scala	104
android	../sge/sge/src/test/scalajvm/sge/files/AndroidFileHandleTest.scala	108
android	../sge/sge/src/test/scalajvm/sge/files/AndroidFileHandleTest.scala	108
android	../sge/sge/src/test/scalajvm/sge/files/AndroidFileHandleTest.scala	118
android	../sge/sge/src/test/scalajvm/sge/files/AndroidFileHandleTest.scala	118
android	../sge/sge/src/test/scalajvm/sge/files/AndroidFileHandleTest.scala	126
android	../sge/sge/src/test/scalajvm/sge/files/AndroidFileHandleTest.scala	126
android	../sge/sge/src/test/scalajvm/sge/files/AndroidFileHandleTest.scala	136
android	../sge/sge/src/test/scalajvm/sge/files/AndroidFileHandleTest.scala	136
android	../sge/sge/src/test/scalajvm/sge/files/AndroidFileHandleTest.scala	137
android	../sge/sge/src/test/scalajvm/sge/files/AndroidFileHandleTest.scala	141
android	../sge/sge/src/test/scalajvm/sge/files/AndroidFileHandleTest.scala	141
android	../sge/sge/src/test/scalajvm/sge/files/AndroidFileHandleTest.scala	149
android	../sge/sge/src/test/scalajvm/sge/files/AndroidFileHandleTest.scala	149
android	../sge/sge/src/test/scalajvm/sge/files/AndroidFileHandleTest.scala	150
android	../sge/sge/src/test/scalajvm/sge/files/AndroidFileHandleTest.scala	155
android	../sge/sge/src/test/scalajvm/sge/files/AndroidFileHandleTest.scala	155
android	../sge/sge/src/test/scalajvm/sge/files/AndroidFileHandleTest.scala	156
android	../sge/sge/src/test/scalajvm/sge/files/AndroidFileHandleTest.scala	160
android	../sge/sge/src/test/scalajvm/sge/files/AndroidFileHandleTest.scala	160
android	../sge/sge/src/test/scalajvm/sge/files/AndroidFileHandleTest.scala	169
android	../sge/sge/src/test/scalajvm/sge/files/AndroidFileHandleTest.scala	169
android	../sge/sge/src/test/scalajvm/sge/files/AndroidFileHandleTest.scala	170
android	../sge/sge/src/test/scalajvm/sge/files/AndroidFileHandleTest.scala	174
android	../sge/sge/src/test/scalajvm/sge/files/AndroidFileHandleTest.scala	174
android	../sge/sge/src/test/scalajvm/sge/files/AndroidFileHandleTest.scala	175
android	../sge/sge/src/test/scalajvm/sge/files/AndroidFileHandleTest.scala	182
android	../sge/sge/src/test/scalajvm/sge/files/AndroidFileHandleTest.scala	182
android	../sge/sge/src/test/scalajvm/sge/files/AndroidFileHandleTest.scala	183
android	../sge/sge/src/test/scalajvm/sge/files/AndroidFileHandleTest.scala	187
android	../sge/sge/src/test/scalajvm/sge/files/AndroidFileHandleTest.scala	187
android	../sge/sge/src/test/scalajvm/sge/files/AndroidFileHandleTest.scala	188
android	../sge/sge/src/test/scalajvm/sge/files/AndroidFileHandleTest.scala	192
android	../sge/sge/src/test/scalajvm/sge/files/AndroidFileHandleTest.scala	192
android	../sge/sge/src/test/scalajvm/sge/files/AndroidFileHandleTest.scala	193
android	../sge/sge/src/test/scalajvm/sge/files/AndroidFileHandleTest.scala	199
android	../sge/sge/src/test/scalajvm/sge/files/AndroidFileHandleTest.scala	201
filetype	../sge/sge/src/test/scalajvm/sge/files/DesktopFileHandleTest.scala	18
assertion-mismatch	../sge/sge/src/test/scalajvm/sge/files/DesktopFileHandleTest.scala	21
filetype	../sge/sge/src/test/scalajvm/sge/files/DesktopFileHandleTest.scala	25
filetype	../sge/sge/src/test/scalajvm/sge/files/DesktopFileHandleTest.scala	33
assertion-mismatch	../sge/sge/src/test/scalajvm/sge/files/DesktopFileHandleTest.scala	36
filetype	../sge/sge/src/test/scalajvm/sge/files/DesktopFileHandleTest.scala	40
filetype	../sge/sge/src/test/scalajvm/sge/files/DesktopFileHandleTest.scala	49
filetype	../sge/sge/src/test/scalajvm/sge/files/DesktopFileHandleTest.scala	55
assertion-mismatch	../sge/sge/src/test/scalajvm/sge/files/DesktopFileHandleTest.scala	58
filetype	../sge/sge/src/test/scalajvm/sge/files/DesktopFileHandleTest.scala	62
assertion-mismatch	../sge/sge/src/test/scalajvm/sge/files/DesktopFileHandleTest.scala	64
filetype	../sge/sge/src/test/scalajvm/sge/files/DesktopFileHandleTest.scala	70
assertion-mismatch	../sge/sge/src/test/scalajvm/sge/files/DesktopFileHandleTest.scala	71
filetype	../sge/sge/src/test/scalajvm/sge/files/DesktopFileHandleTest.scala	75
assertion-mismatch	../sge/sge/src/test/scalajvm/sge/files/DesktopFileHandleTest.scala	76
filetype	../sge/sge/src/test/scalajvm/sge/files/DesktopFileHandleTest.scala	80
assertion-mismatch	../sge/sge/src/test/scalajvm/sge/files/DesktopFileHandleTest.scala	81
filetype	../sge/sge/src/test/scalajvm/sge/files/DesktopFileHandleTest.scala	85
assertion-mismatch	../sge/sge/src/test/scalajvm/sge/files/DesktopFileHandleTest.scala	86
filetype	../sge/sge/src/test/scalajvm/sge/files/DesktopFileHandleTest.scala	94
assertion-mismatch	../sge/sge/src/test/scalajvm/sge/files/DesktopFileHandleTest.scala	101
assertion-mismatch	../sge/sge/src/test/scalajvm/sge/files/DesktopFileHandleTest.scala	102
assertion-mismatch	../sge/sge/src/test/scalajvm/sge/files/DesktopFileHandleTest.scala	103
filetype	../sge/sge/src/test/scalajvm/sge/files/DesktopFileHandleTest.scala	108
assertion-mismatch	../sge/sge/src/test/scalajvm/sge/files/DesktopFileHandleTest.scala	110
other	../sge/sge/src/test/scalajvm/sge/files/DesktopFilesTest.scala	13
assertion-mismatch	../sge/sge/src/test/scalajvm/sge/files/DesktopFilesTest.scala	18
assertion-mismatch	../sge/sge/src/test/scalajvm/sge/files/DesktopFilesTest.scala	26
filetype	../sge/sge/src/test/scalajvm/sge/files/DesktopFilesTest.scala	41
filetype	../sge/sge/src/test/scalajvm/sge/files/DesktopFilesTest.scala	47
filetype	../sge/sge/src/test/scalajvm/sge/files/DesktopFilesTest.scala	52
filetype	../sge/sge/src/test/scalajvm/sge/files/DesktopFilesTest.scala	57
filetype	../sge/sge/src/test/scalajvm/sge/files/DesktopFilesTest.scala	62
filetype	../sge/sge/src/test/scalajvm/sge/files/DesktopFilesTest.scala	67
type-shape	../sge/sge/src/test/scalajvm/sge/files/DesktopPreferencesTest.scala	103
filetype	../sge/sge/src/test/scalajvm/sge/files/DesktopPreferencesTest.scala	126
android	../sge/sge/src/test/scalajvm/sge/graphics/AndroidGL20AdapterTest.scala	10
android	../sge/sge/src/test/scalajvm/sge/graphics/AndroidGL20AdapterTest.scala	192
android	../sge/sge/src/test/scalajvm/sge/graphics/AndroidGL20AdapterTest.scala	200
android	../sge/sge/src/test/scalajvm/sge/graphics/AndroidGL20AdapterTest.scala	208
android	../sge/sge/src/test/scalajvm/sge/graphics/AndroidGL20AdapterTest.scala	216
android	../sge/sge/src/test/scalajvm/sge/graphics/AndroidGL20AdapterTest.scala	224
android	../sge/sge/src/test/scalajvm/sge/graphics/AndroidGL20AdapterTest.scala	232
android	../sge/sge/src/test/scalajvm/sge/graphics/AndroidGL20AdapterTest.scala	241
android	../sge/sge/src/test/scalajvm/sge/graphics/AndroidGL20AdapterTest.scala	249
android	../sge/sge/src/test/scalajvm/sge/graphics/AndroidGL20AdapterTest.scala	257
android	../sge/sge/src/test/scalajvm/sge/graphics/AndroidGL20AdapterTest.scala	258
android	../sge/sge/src/test/scalajvm/sge/graphics/AndroidGL20AdapterTest.scala	259
android	../sge/sge/src/test/scalajvm/sge/graphics/AndroidGL20AdapterTest.scala	260
net	../sge/sge/src/test/scalajvm/sge/graphics/DownloadPixmapRedSuite.scala	55
net	../sge/sge/src/test/scalajvm/sge/graphics/DownloadPixmapRedSuite.scala	63
net	../sge/sge/src/test/scalajvm/sge/graphics/DownloadPixmapRedSuite.scala	103
net	../sge/sge/src/test/scalajvm/sge/graphics/DownloadPixmapRedSuite.scala	143
net	../sge/sge/src/test/scalajvm/sge/graphics/DownloadPixmapRedSuite.scala	144
member-shape	../sge/sge/src/test/scalajvm/sge/graphics/GL20OpaqueTypeCoverageTest.scala	22
android	../sge/sge/src/test/scalajvm/sge/graphics/GL20OpaqueTypeCoverageTest.scala	210
android	../sge/sge/src/test/scalajvm/sge/graphics/GL20OpaqueTypeCoverageTest.scala	218
android	../sge/sge/src/test/scalajvm/sge/graphics/GL20OpaqueTypeCoverageTest.scala	226
android	../sge/sge/src/test/scalajvm/sge/graphics/GL20OpaqueTypeCoverageTest.scala	237
android	../sge/sge/src/test/scalajvm/sge/graphics/GL20OpaqueTypeCoverageTest.scala	245
android	../sge/sge/src/test/scalajvm/sge/graphics/GL20OpaqueTypeCoverageTest.scala	253
android	../sge/sge/src/test/scalajvm/sge/graphics/GL20OpaqueTypeCoverageTest.scala	261
android	../sge/sge/src/test/scalajvm/sge/graphics/GL20OpaqueTypeCoverageTest.scala	280
android	../sge/sge/src/test/scalajvm/sge/graphics/GL20OpaqueTypeCoverageTest.scala	288
android	../sge/sge/src/test/scalajvm/sge/graphics/GL20OpaqueTypeCoverageTest.scala	296
android	../sge/sge/src/test/scalajvm/sge/graphics/GL20OpaqueTypeCoverageTest.scala	309
android	../sge/sge/src/test/scalajvm/sge/graphics/GL20OpaqueTypeCoverageTest.scala	317
android	../sge/sge/src/test/scalajvm/sge/graphics/GL20OpaqueTypeCoverageTest.scala	326
android	../sge/sge/src/test/scalajvm/sge/graphics/GL20OpaqueTypeCoverageTest.scala	337
android	../sge/sge/src/test/scalajvm/sge/graphics/GL20OpaqueTypeCoverageTest.scala	346
android	../sge/sge/src/test/scalajvm/sge/graphics/GL20OpaqueTypeCoverageTest.scala	354
android	../sge/sge/src/test/scalajvm/sge/graphics/GL20OpaqueTypeCoverageTest.scala	363
android	../sge/sge/src/test/scalajvm/sge/graphics/GL20OpaqueTypeCoverageTest.scala	371
android	../sge/sge/src/test/scalajvm/sge/graphics/GL20OpaqueTypeCoverageTest.scala	390
android	../sge/sge/src/test/scalajvm/sge/graphics/GL20OpaqueTypeCoverageTest.scala	399
android	../sge/sge/src/test/scalajvm/sge/graphics/GL20OpaqueTypeCoverageTest.scala	408
android	../sge/sge/src/test/scalajvm/sge/graphics/GL20OpaqueTypeCoverageTest.scala	417
android	../sge/sge/src/test/scalajvm/sge/graphics/GL20OpaqueTypeCoverageTest.scala	431
android	../sge/sge/src/test/scalajvm/sge/graphics/GL20OpaqueTypeCoverageTest.scala	449
android	../sge/sge/src/test/scalajvm/sge/graphics/GL20OpaqueTypeCoverageTest.scala	458
android	../sge/sge/src/test/scalajvm/sge/graphics/GL20OpaqueTypeCoverageTest.scala	468
android	../sge/sge/src/test/scalajvm/sge/graphics/GL20OpaqueTypeCoverageTest.scala	490
android	../sge/sge/src/test/scalajvm/sge/graphics/GL20OpaqueTypeCoverageTest.scala	498
android	../sge/sge/src/test/scalajvm/sge/graphics/GL20OpaqueTypeCoverageTest.scala	505
android	../sge/sge/src/test/scalajvm/sge/graphics/GL20OpaqueTypeCoverageTest.scala	513
android	../sge/sge/src/test/scalajvm/sge/graphics/GL20OpaqueTypeCoverageTest.scala	520
android	../sge/sge/src/test/scalajvm/sge/graphics/GL20OpaqueTypeCoverageTest.scala	528
android	../sge/sge/src/test/scalajvm/sge/graphics/GL20OpaqueTypeCoverageTest.scala	541
android	../sge/sge/src/test/scalajvm/sge/graphics/GL20OpaqueTypeCoverageTest.scala	549
android	../sge/sge/src/test/scalajvm/sge/graphics/GL20OpaqueTypeCoverageTest.scala	558
android	../sge/sge/src/test/scalajvm/sge/graphics/GL20OpaqueTypeCoverageTest.scala	581
android	../sge/sge/src/test/scalajvm/sge/graphics/GL20OpaqueTypeCoverageTest.scala	590
android	../sge/sge/src/test/scalajvm/sge/graphics/GL20OpaqueTypeCoverageTest.scala	599
android	../sge/sge/src/test/scalajvm/sge/graphics/GL20OpaqueTypeCoverageTest.scala	621
android	../sge/sge/src/test/scalajvm/sge/graphics/GL20OpaqueTypeCoverageTest.scala	629
android	../sge/sge/src/test/scalajvm/sge/graphics/GL20OpaqueTypeCoverageTest.scala	636
android	../sge/sge/src/test/scalajvm/sge/graphics/GL20OpaqueTypeCoverageTest.scala	648
member-shape	../sge/sge/src/test/scalajvm/sge/graphics/GL30OpaqueTypeCoverageTest.scala	18
android	../sge/sge/src/test/scalajvm/sge/graphics/GL30OpaqueTypeCoverageTest.scala	414
android	../sge/sge/src/test/scalajvm/sge/graphics/GL30OpaqueTypeCoverageTest.scala	426
android	../sge/sge/src/test/scalajvm/sge/graphics/GL30OpaqueTypeCoverageTest.scala	438
android	../sge/sge/src/test/scalajvm/sge/graphics/GL30OpaqueTypeCoverageTest.scala	450
android	../sge/sge/src/test/scalajvm/sge/graphics/GL30OpaqueTypeCoverageTest.scala	462
android	../sge/sge/src/test/scalajvm/sge/graphics/GL30OpaqueTypeCoverageTest.scala	474
android	../sge/sge/src/test/scalajvm/sge/graphics/GL30OpaqueTypeCoverageTest.scala	486
android	../sge/sge/src/test/scalajvm/sge/graphics/GL30OpaqueTypeCoverageTest.scala	498
android	../sge/sge/src/test/scalajvm/sge/graphics/GL30OpaqueTypeCoverageTest.scala	510
android	../sge/sge/src/test/scalajvm/sge/graphics/GL30OpaqueTypeCoverageTest.scala	522
android	../sge/sge/src/test/scalajvm/sge/graphics/GL30OpaqueTypeCoverageTest.scala	534
android	../sge/sge/src/test/scalajvm/sge/graphics/GL30OpaqueTypeCoverageTest.scala	546
android	../sge/sge/src/test/scalajvm/sge/graphics/GL30OpaqueTypeCoverageTest.scala	558
android	../sge/sge/src/test/scalajvm/sge/graphics/GL30OpaqueTypeCoverageTest.scala	570
android	../sge/sge/src/test/scalajvm/sge/graphics/GL30OpaqueTypeCoverageTest.scala	582
android	../sge/sge/src/test/scalajvm/sge/graphics/GL30OpaqueTypeCoverageTest.scala	594
android	../sge/sge/src/test/scalajvm/sge/graphics/GL30OpaqueTypeCoverageTest.scala	606
android	../sge/sge/src/test/scalajvm/sge/graphics/GL30OpaqueTypeCoverageTest.scala	618
android	../sge/sge/src/test/scalajvm/sge/graphics/GL30OpaqueTypeCoverageTest.scala	630
android	../sge/sge/src/test/scalajvm/sge/graphics/GL30OpaqueTypeCoverageTest.scala	642
android	../sge/sge/src/test/scalajvm/sge/graphics/GL30OpaqueTypeCoverageTest.scala	654
android	../sge/sge/src/test/scalajvm/sge/graphics/GL30OpaqueTypeCoverageTest.scala	667
type-shape	../sge/sge/src/test/scalajvm/sge/graphics/MeshISS561Suite.scala	151
member-shape	../sge/sge/src/test/scalajvm/sge/graphics/g2d/AlignApiBoundaryIss770RedSuite.scala	57
member-shape	../sge/sge/src/test/scalajvm/sge/graphics/g2d/BitmapFontCacheDefaultAlignRedSuite.scala	62
member-shape	../sge/sge/src/test/scalajvm/sge/graphics/g2d/BitmapFontCacheRedSuite.scala	51
member-shape	../sge/sge/src/test/scalajvm/sge/graphics/g2d/BitmapFontCacheRedSuite.scala	59
member-shape	../sge/sge/src/test/scalajvm/sge/graphics/g2d/BitmapFontCacheRedSuite.scala	102
filetype	../sge/sge/src/test/scalajvm/sge/graphics/g2d/BitmapFontPagesIss732Suite.scala	43
filetype	../sge/sge/src/test/scalajvm/sge/graphics/g2d/BitmapFontPagesIss732Suite.scala	50
filetype	../sge/sge/src/test/scalajvm/sge/graphics/g2d/BitmapFontPagesIss732Suite.scala	60
filetype	../sge/sge/src/test/scalajvm/sge/graphics/g2d/BitmapFontPagesIss732Suite.scala	83
filetype	../sge/sge/src/test/scalajvm/sge/graphics/g2d/BitmapFontPagesIss732Suite.scala	83
nullable	../sge/sge/src/test/scalajvm/sge/graphics/g2d/BitmapFontPagesIss732Suite.scala	109
filetype	../sge/sge/src/test/scalajvm/sge/graphics/g2d/BitmapFontPagesIss732Suite.scala	150
filetype	../sge/sge/src/test/scalajvm/sge/graphics/g2d/BitmapFontRegionsAndGlyphMetricIss734RedSuite.scala	85
member-shape	../sge/sge/src/test/scalajvm/sge/graphics/g2d/BitmapFontRegionsAndGlyphMetricIss734RedSuite.scala	103
member-shape	../sge/sge/src/test/scalajvm/sge/graphics/g2d/BitmapFontRegionsAndGlyphMetricIss734RedSuite.scala	148
member-shape	../sge/sge/src/test/scalajvm/sge/graphics/g2d/GlyphLayoutAlignRedSuite.scala	63
member-shape	../sge/sge/src/test/scalajvm/sge/graphics/g2d/GlyphLayoutAlignRedSuite.scala	71
other	../sge/sge/src/test/scalajvm/sge/graphics/g2d/GlyphLayoutAlignRedSuite.scala	84
member-shape	../sge/sge/src/test/scalajvm/sge/graphics/g2d/GlyphLayoutConcurrentSetTextRedSuite.scala	71
member-shape	../sge/sge/src/test/scalajvm/sge/graphics/g2d/GlyphLayoutConcurrentSetTextRedSuite.scala	89
member-shape	../sge/sge/src/test/scalajvm/sge/graphics/g2d/GlyphLayoutConcurrentSetTextRedSuite.scala	178
member-shape	../sge/sge/src/test/scalajvm/sge/graphics/g2d/GlyphLayoutRedSuite.scala	46
member-shape	../sge/sge/src/test/scalajvm/sge/graphics/g2d/GlyphLayoutRedSuite.scala	53
member-shape	../sge/sge/src/test/scalajvm/sge/graphics/g2d/GlyphLayoutRedSuite.scala	76
nullable	../sge/sge/src/test/scalajvm/sge/graphics/g2d/GlyphLayoutRedSuite.scala	79
nullable	../sge/sge/src/test/scalajvm/sge/graphics/g3d/ModelInstanceCopyNodesIss734RedSuite.scala	78
member-shape	../sge/sge/src/test/scalajvm/sge/graphics/g3d/decals/DecalSortRebindRedSuite.scala	181
context	../sge/sge/src/test/scalajvm/sge/graphics/g3d/loader/ObjLoaderFanRedSuite.scala	78
particles	../sge/sge/src/test/scalajvm/sge/graphics/g3d/particles/ParticleEffectIoRedSuite.scala	94
particles	../sge/sge/src/test/scalajvm/sge/graphics/g3d/particles/ParticleEffectIoRedSuite.scala	122
particles	../sge/sge/src/test/scalajvm/sge/graphics/g3d/particles/ParticleEffectIoRedSuite.scala	143
particles	../sge/sge/src/test/scalajvm/sge/graphics/g3d/particles/ParticleEffectIoRedSuite.scala	144
particles	../sge/sge/src/test/scalajvm/sge/graphics/g3d/particles/ParticleEffectIoRedSuite.scala	178
particles	../sge/sge/src/test/scalajvm/sge/graphics/g3d/particles/ParticleEffectIoRedSuite.scala	263
member-shape	../sge/sge/src/test/scalajvm/sge/graphics/glutils/FrameBufferISS561Suite.scala	193
tiled	../sge/sge/src/test/scalajvm/sge/maps/tiled/TiledMapFileLoadingSuite.scala	41
tiled	../sge/sge/src/test/scalajvm/sge/maps/tiled/TiledMapFileLoadingSuite.scala	116
tiled	../sge/sge/src/test/scalajvm/sge/maps/tiled/TiledMapFileLoadingSuite.scala	166
tiled	../sge/sge/src/test/scalajvm/sge/maps/tiled/TiledMapFileLoadingSuite.scala	167
tiled	../sge/sge/src/test/scalajvm/sge/maps/tiled/TiledMapFileLoadingSuite.scala	168
tiled	../sge/sge/src/test/scalajvm/sge/maps/tiled/TiledMapFileLoadingSuite.scala	169
tiled	../sge/sge/src/test/scalajvm/sge/maps/tiled/TiledMapFileLoadingSuite.scala	170
tiled	../sge/sge/src/test/scalajvm/sge/maps/tiled/TiledMapFileLoadingSuite.scala	181
tiled	../sge/sge/src/test/scalajvm/sge/maps/tiled/TiledMapFileLoadingSuite.scala	184
tiled	../sge/sge/src/test/scalajvm/sge/maps/tiled/TiledMapFileLoadingSuite.scala	228
tiled	../sge/sge/src/test/scalajvm/sge/maps/tiled/TiledMapFileLoadingSuite.scala	229
tiled	../sge/sge/src/test/scalajvm/sge/maps/tiled/TiledMapFileLoadingSuite.scala	230
tiled	../sge/sge/src/test/scalajvm/sge/maps/tiled/TiledMapFileLoadingSuite.scala	231
tiled	../sge/sge/src/test/scalajvm/sge/maps/tiled/TiledMapFileLoadingSuite.scala	232
tiled	../sge/sge/src/test/scalajvm/sge/maps/tiled/TiledMapFileLoadingSuite.scala	243
tiled	../sge/sge/src/test/scalajvm/sge/maps/tiled/TiledMapFileLoadingSuite.scala	246
member-shape	../sge/sge/src/test/scalajvm/sge/math/collision/BoundingBoxIntersectsIss734RedSuite.scala	48
member-shape	../sge/sge/src/test/scalajvm/sge/math/collision/BoundingBoxIntersectsIss734RedSuite.scala	57
net	../sge/sge/src/test/scalajvm/sge/net/HttpBinaryBodyRedSuite.scala	53
net	../sge/sge/src/test/scalajvm/sge/net/HttpBinaryBodyRedSuite.scala	81
net	../sge/sge/src/test/scalajvm/sge/net/HttpBinaryBodyRedSuite.scala	90
net	../sge/sge/src/test/scalajvm/sge/net/HttpBinaryBodyRedSuite.scala	90
net	../sge/sge/src/test/scalajvm/sge/net/NetJavaSocketTest.scala	22
net	../sge/sge/src/test/scalajvm/sge/net/NetJavaSocketTest.scala	31
net	../sge/sge/src/test/scalajvm/sge/net/NetJavaSocketTest.scala	92
net	../sge/sge/src/test/scalajvm/sge/net/SgeHttpClientDoubleFreeRedSuite.scala	25
net	../sge/sge/src/test/scalajvm/sge/net/SgeHttpClientDoubleFreeRedSuite.scala	25
net	../sge/sge/src/test/scalajvm/sge/net/SgeHttpClientDoubleFreeRedSuite.scala	26
net	../sge/sge/src/test/scalajvm/sge/net/SgeHttpClientDoubleFreeRedSuite.scala	26
net	../sge/sge/src/test/scalajvm/sge/net/SgeHttpClientDoubleFreeRedSuite.scala	27
net	../sge/sge/src/test/scalajvm/sge/net/SgeHttpClientDoubleFreeRedSuite.scala	27
net	../sge/sge/src/test/scalajvm/sge/net/SgeHttpClientDoubleFreeRedSuite.scala	28
net	../sge/sge/src/test/scalajvm/sge/net/SgeHttpClientDoubleFreeRedSuite.scala	32
net	../sge/sge/src/test/scalajvm/sge/net/SgeHttpClientDoubleFreeRedSuite.scala	33
net	../sge/sge/src/test/scalajvm/sge/net/SgeHttpClientDoubleFreeRedSuite.scala	33
net	../sge/sge/src/test/scalajvm/sge/net/SgeHttpClientDoubleFreeRedSuite.scala	35
net	../sge/sge/src/test/scalajvm/sge/net/SgeHttpClientDoubleFreeRedSuite.scala	35
net	../sge/sge/src/test/scalajvm/sge/net/SgeHttpClientDoubleFreeRedSuite.scala	36
net	../sge/sge/src/test/scalajvm/sge/net/SgeHttpClientDoubleFreeRedSuite.scala	60
net	../sge/sge/src/test/scalajvm/sge/net/SgeHttpClientDoubleFreeRedSuite.scala	60
net	../sge/sge/src/test/scalajvm/sge/net/SgeHttpClientDoubleFreeRedSuite.scala	83
net	../sge/sge/src/test/scalajvm/sge/net/SgeHttpClientDoubleFreeRedSuite.scala	83
net	../sge/sge/src/test/scalajvm/sge/net/SgeHttpClientDoubleFreeRedSuite.scala	85
net	../sge/sge/src/test/scalajvm/sge/net/SgeHttpClientDoubleFreeRedSuite.scala	165
net	../sge/sge/src/test/scalajvm/sge/net/SgeHttpClientTest.scala	15
net	../sge/sge/src/test/scalajvm/sge/net/SgeHttpClientTest.scala	15
net	../sge/sge/src/test/scalajvm/sge/net/SgeHttpClientTest.scala	16
net	../sge/sge/src/test/scalajvm/sge/net/SgeHttpClientTest.scala	16
net	../sge/sge/src/test/scalajvm/sge/net/SgeHttpClientTest.scala	17
net	../sge/sge/src/test/scalajvm/sge/net/SgeHttpClientTest.scala	17
net	../sge/sge/src/test/scalajvm/sge/net/SgeHttpClientTest.scala	18
net	../sge/sge/src/test/scalajvm/sge/net/SgeHttpClientTest.scala	22
net	../sge/sge/src/test/scalajvm/sge/net/SgeHttpClientTest.scala	23
net	../sge/sge/src/test/scalajvm/sge/net/SgeHttpClientTest.scala	24
net	../sge/sge/src/test/scalajvm/sge/net/SgeHttpClientTest.scala	27
net	../sge/sge/src/test/scalajvm/sge/net/SgeHttpClientTest.scala	27
net	../sge/sge/src/test/scalajvm/sge/net/SgeHttpClientTest.scala	29
net	../sge/sge/src/test/scalajvm/sge/net/SgeHttpClientTest.scala	38
net	../sge/sge/src/test/scalajvm/sge/net/SgeHttpClientTest.scala	38
net	../sge/sge/src/test/scalajvm/sge/net/SgeHttpClientTest.scala	42
net	../sge/sge/src/test/scalajvm/sge/net/SgeHttpClientTest.scala	44
net	../sge/sge/src/test/scalajvm/sge/net/SgeHttpClientTest.scala	51
net	../sge/sge/src/test/scalajvm/sge/net/SgeHttpClientTest.scala	82
net	../sge/sge/src/test/scalajvm/sge/net/SgeHttpClientTest.scala	107
net	../sge/sge/src/test/scalajvm/sge/net/SgeHttpClientTest.scala	120
net	../sge/sge/src/test/scalajvm/sge/net/SgeHttpClientTest.scala	131
net	../sge/sge/src/test/scalajvm/sge/net/SgeHttpClientTest.scala	151
android	../sge/sge/src/test/scalajvm/sge/platform/AndroidMouseHandlerTest.scala	9
android	../sge/sge/src/test/scalajvm/sge/platform/AndroidMouseHandlerTest.scala	47
android	../sge/sge/src/test/scalajvm/sge/platform/AndroidMouseHandlerTest.scala	48
android	../sge/sge/src/test/scalajvm/sge/platform/AndroidMouseHandlerTest.scala	49
android	../sge/sge/src/test/scalajvm/sge/platform/AndroidMouseHandlerTest.scala	50
android	../sge/sge/src/test/scalajvm/sge/platform/AndroidMouseHandlerTest.scala	51
android	../sge/sge/src/test/scalajvm/sge/platform/AndroidMouseHandlerTest.scala	52
android	../sge/sge/src/test/scalajvm/sge/platform/AndroidMouseHandlerTest.scala	53
android	../sge/sge/src/test/scalajvm/sge/platform/AndroidMouseHandlerTest.scala	54
android	../sge/sge/src/test/scalajvm/sge/platform/AndroidMouseHandlerTest.scala	55
android	../sge/sge/src/test/scalajvm/sge/platform/AndroidMouseHandlerTest.scala	87
android	../sge/sge/src/test/scalajvm/sge/platform/AndroidMouseHandlerTest.scala	110
android	../sge/sge/src/test/scalajvm/sge/platform/AndroidMouseHandlerTest.scala	148
android	../sge/sge/src/test/scalajvm/sge/platform/AndroidTouchHandlerTest.scala	9
android	../sge/sge/src/test/scalajvm/sge/platform/AndroidTouchHandlerTest.scala	51
android	../sge/sge/src/test/scalajvm/sge/platform/AndroidTouchHandlerTest.scala	52
android	../sge/sge/src/test/scalajvm/sge/platform/AndroidTouchHandlerTest.scala	53
android	../sge/sge/src/test/scalajvm/sge/platform/AndroidTouchHandlerTest.scala	54
android	../sge/sge/src/test/scalajvm/sge/platform/AndroidTouchHandlerTest.scala	55
android	../sge/sge/src/test/scalajvm/sge/platform/AndroidTouchHandlerTest.scala	56
android	../sge/sge/src/test/scalajvm/sge/platform/AndroidTouchHandlerTest.scala	57
android	../sge/sge/src/test/scalajvm/sge/platform/AndroidTouchHandlerTest.scala	58
android	../sge/sge/src/test/scalajvm/sge/platform/AndroidTouchHandlerTest.scala	59
android	../sge/sge/src/test/scalajvm/sge/platform/AndroidTouchHandlerTest.scala	112
android	../sge/sge/src/test/scalajvm/sge/platform/DefaultAndroidInputStateTest.scala	14
android	../sge/sge/src/test/scalajvm/sge/platform/DefaultAndroidInputStateTest.scala	16
android	../sge/sge/src/test/scalajvm/sge/platform/DefaultAndroidInputStateTest.scala	18
android	../sge/sge/src/test/scalajvm/sge/platform/DefaultAndroidInputStateTest.scala	19
android	../sge/sge/src/test/scalajvm/sge/platform/DefaultAndroidInputStateTest.scala	20
android	../sge/sge/src/test/scalajvm/sge/platform/DefaultAndroidInputStateTest.scala	21
android	../sge/sge/src/test/scalajvm/sge/platform/DefaultAndroidInputStateTest.scala	27
android	../sge/sge/src/test/scalajvm/sge/platform/DefaultAndroidInputStateTest.scala	36
android	../sge/sge/src/test/scalajvm/sge/platform/DefaultAndroidInputStateTest.scala	37
android	../sge/sge/src/test/scalajvm/sge/platform/DefaultAndroidInputStateTest.scala	38
android	../sge/sge/src/test/scalajvm/sge/platform/DefaultAndroidInputStateTest.scala	39
android	../sge/sge/src/test/scalajvm/sge/platform/DefaultAndroidInputStateTest.scala	40
android	../sge/sge/src/test/scalajvm/sge/platform/DefaultAndroidInputStateTest.scala	41
android	../sge/sge/src/test/scalajvm/sge/platform/DefaultAndroidInputStateTest.scala	42
android	../sge/sge/src/test/scalajvm/sge/platform/DefaultAndroidInputStateTest.scala	46
android	../sge/sge/src/test/scalajvm/sge/platform/DefaultAndroidInputStateTest.scala	47
android	../sge/sge/src/test/scalajvm/sge/platform/DefaultAndroidInputStateTest.scala	48
android	../sge/sge/src/test/scalajvm/sge/platform/DefaultAndroidInputStateTest.scala	49
android	../sge/sge/src/test/scalajvm/sge/platform/DefaultAndroidInputStateTest.scala	50
android	../sge/sge/src/test/scalajvm/sge/platform/DefaultAndroidInputStateTest.scala	52
android	../sge/sge/src/test/scalajvm/sge/platform/DefaultAndroidInputStateTest.scala	56
android	../sge/sge/src/test/scalajvm/sge/platform/DefaultAndroidInputStateTest.scala	65
android	../sge/sge/src/test/scalajvm/sge/platform/DefaultAndroidInputStateTest.scala	76
android	../sge/sge/src/test/scalajvm/sge/platform/DefaultAndroidInputStateTest.scala	78
android	../sge/sge/src/test/scalajvm/sge/platform/DefaultAndroidInputStateTest.scala	79
android	../sge/sge/src/test/scalajvm/sge/platform/DefaultAndroidInputStateTest.scala	83
android	../sge/sge/src/test/scalajvm/sge/platform/DefaultAndroidInputStateTest.scala	94
android	../sge/sge/src/test/scalajvm/sge/platform/DefaultAndroidInputStateTest.scala	95
android	../sge/sge/src/test/scalajvm/sge/platform/DefaultAndroidInputStateTest.scala	98
android	../sge/sge/src/test/scalajvm/sge/platform/DefaultAndroidInputStateTest.scala	99
android	../sge/sge/src/test/scalajvm/sge/platform/DefaultAndroidInputStateTest.scala	103
android	../sge/sge/src/test/scalajvm/sge/platform/DefaultAndroidInputStateTest.scala	105
android	../sge/sge/src/test/scalajvm/sge/platform/DefaultAndroidInputStateTest.scala	109
android	../sge/sge/src/test/scalajvm/sge/platform/DefaultAndroidInputStateTest.scala	115
android	../sge/sge/src/test/scalajvm/sge/platform/DefaultAndroidInputStateTest.scala	123
android	../sge/sge/src/test/scalajvm/sge/platform/DefaultAndroidInputStateTest.scala	129
android	../sge/sge/src/test/scalajvm/sge/platform/DefaultAndroidInputStateTest.scala	147
android	../sge/sge/src/test/scalajvm/sge/platform/DefaultAndroidInputStateTest.scala	162
android	../sge/sge/src/test/scalajvm/sge/platform/DefaultAndroidInputStateTest.scala	174
android	../sge/sge/src/test/scalajvm/sge/platform/DefaultAndroidInputStateTest.scala	175
android	../sge/sge/src/test/scalajvm/sge/platform/DefaultAndroidInputStateTest.scala	176
android	../sge/sge/src/test/scalajvm/sge/platform/DefaultAndroidInputStateTest.scala	177
android	../sge/sge/src/test/scalajvm/sge/platform/DefaultAndroidInputStateTest.scala	178
android	../sge/sge/src/test/scalajvm/sge/platform/DefaultAndroidInputStateTest.scala	179
android	../sge/sge/src/test/scalajvm/sge/platform/DefaultAndroidInputStateTest.scala	185
member-shape	../sge/sge/src/test/scalajvm/sge/scenes/scene2d/StageDrawDebugIss704Suite.scala	134
member-shape	../sge/sge/src/test/scalajvm/sge/scenes/scene2d/StageDrawDebugIss704Suite.scala	138
member-shape	../sge/sge/src/test/scalajvm/sge/scenes/scene2d/StageDrawDebugIss704Suite.scala	147
member-shape	../sge/sge/src/test/scalajvm/sge/scenes/scene2d/StageDrawDebugIss704Suite.scala	162
member-shape	../sge/sge/src/test/scalajvm/sge/scenes/scene2d/StageDrawDebugIss704Suite.scala	169
member-shape	../sge/sge/src/test/scalajvm/sge/scenes/scene2d/StageDrawDebugIss704Suite.scala	191
member-shape	../sge/sge/src/test/scalajvm/sge/scenes/scene2d/StageDrawDebugIss704Suite.scala	195
member-shape	../sge/sge/src/test/scalajvm/sge/scenes/scene2d/StageDrawDebugIss704Suite.scala	210
member-shape	../sge/sge/src/test/scalajvm/sge/scenes/scene2d/ui/LabelFontScaleRedSuite.scala	38
member-shape	../sge/sge/src/test/scalajvm/sge/scenes/scene2d/ui/LabelFontScaleRedSuite.scala	66
member-shape	../sge/sge/src/test/scalajvm/sge/scenes/scene2d/ui/LabelFontScaleRedSuite.scala	104
member-shape	../sge/sge/src/test/scalajvm/sge/scenes/scene2d/ui/LabelFontScaleRedSuite.scala	126
member-shape	../sge/sge/src/test/scalajvm/sge/scenes/scene2d/ui/LabelFontScaleRedSuite.scala	129
filetype	../sge/sge/src/test/scalajvm/sge/scenes/scene2d/ui/SkinJsonStyleLoadingRedTest.scala	51
filetype	../sge/sge/src/test/scalajvm/sge/scenes/scene2d/ui/SkinJsonStyleLoadingRedTest.scala	68
filetype	../sge/sge/src/test/scalajvm/sge/scenes/scene2d/ui/SkinJsonStyleLoadingRedTest.scala	68
logging	../sge/sge/src/test/scalajvm/sge/utils/LoggerBehavioralIss741Suite.scala	40
logging	../sge/sge/src/test/scalajvm/sge/utils/LoggerBehavioralIss741Suite.scala	41
logging	../sge/sge/src/test/scalajvm/sge/utils/LoggerBehavioralIss741Suite.scala	42
logging	../sge/sge/src/test/scalajvm/sge/utils/LoggerBehavioralIss741Suite.scala	43
logging	../sge/sge/src/test/scalajvm/sge/utils/LoggerBehavioralIss741Suite.scala	43
logging	../sge/sge/src/test/scalajvm/sge/utils/LoggerBehavioralIss741Suite.scala	43
logging	../sge/sge/src/test/scalajvm/sge/utils/LoggerBehavioralIss741Suite.scala	48
context	../sge/sge/src/test/scalajvm/sge/utils/LoggerBehavioralIss741Suite.scala	50
logging	../sge/sge/src/test/scalajvm/sge/utils/LoggerBehavioralIss741Suite.scala	54
logging	../sge/sge/src/test/scalajvm/sge/utils/LoggerBehavioralIss741Suite.scala	88
opaque-key-button	../sge/sge/src/test/scalajvm/sge/utils/MkArrayOpaqueTest.scala	11
opaque-key-button	../sge/sge/src/test/scalajvm/sge/utils/MkArrayOpaqueTest.scala	11
member-shape	../sge/sge/src/test/scalajvm/sge/utils/MkArrayOpaqueTest.scala	12
member-shape	../sge/sge/src/test/scalajvm/sge/utils/MkArrayOpaqueTest.scala	16
member-shape	../sge/sge/src/test/scalajvm/sge/utils/MkArrayOpaqueTest.scala	24
member-shape	../sge/sge/src/test/scalajvm/sge/utils/MkArrayOpaqueTest.scala	27
member-shape	../sge/sge/src/test/scalajvm/sge/utils/MkArrayOpaqueTest.scala	28
member-shape	../sge/sge/src/test/scalajvm/sge/utils/MkArrayOpaqueTest.scala	29
member-shape	../sge/sge/src/test/scalajvm/sge/utils/MkArrayOpaqueTest.scala	32
member-shape	../sge/sge/src/test/scalajvm/sge/utils/MkArrayOpaqueTest.scala	35
member-shape	../sge/sge/src/test/scalajvm/sge/utils/MkArrayOpaqueTest.scala	35
member-shape	../sge/sge/src/test/scalajvm/sge/utils/MkArrayOpaqueTest.scala	35
opaque-key-button	../sge/sge/src/test/scalajvm/sge/utils/MkArrayOpaqueTest.scala	53
opaque-key-button	../sge/sge/src/test/scalajvm/sge/utils/MkArrayOpaqueTest.scala	54
member-shape	../sge/sge/src/test/scalajvm/sge/utils/MkArrayOpaqueTest.scala	56
member-shape	../sge/sge/src/test/scalajvm/sge/utils/MkArrayOpaqueTest.scala	58
member-shape	../sge/sge/src/test/scalajvm/sge/utils/MkArrayOpaqueTest.scala	59
member-shape	../sge/sge/src/test/scalajvm/sge/utils/MkArrayOpaqueTest.scala	60
member-shape	../sge/sge/src/test/scalajvm/sge/utils/MkArrayOpaqueTest.scala	61
member-shape	../sge/sge/src/test/scalajvm/sge/utils/MkArrayOpaqueTest.scala	62
member-shape	../sge/sge/src/test/scalajvm/sge/utils/MkArrayOpaqueTest.scala	63
member-shape	../sge/sge/src/test/scalajvm/sge/utils/MkArrayOpaqueTest.scala	81
member-shape	../sge/sge/src/test/scalajvm/sge/utils/MkArrayOpaqueTest.scala	82
member-shape	../sge/sge/src/test/scalajvm/sge/utils/MkArrayOpaqueTest.scala	83
member-shape	../sge/sge/src/test/scalajvm/sge/utils/MkArrayOpaqueTest.scala	87
opaque-key-button	../sge/sge/src/test/scalajvm/sge/utils/MkArrayOpaqueTest.scala	98
type-shape	../sge/sge/src/test/scalajvm/sge/utils/PoolManagerConcurrencyIss803Suite.scala	42
other	../sge/sge/src/test/scalajvm/sge/utils/PoolManagerConcurrencyIss803Suite.scala	42
type-shape	../sge/sge/src/test/scalajvm/sge/utils/PoolManagerConcurrencyIss803Suite.scala	43
other	../sge/sge/src/test/scalajvm/sge/utils/PoolManagerConcurrencyIss803Suite.scala	43
type-shape	../sge/sge/src/test/scalajvm/sge/utils/PoolManagerConcurrencyIss803Suite.scala	44
other	../sge/sge/src/test/scalajvm/sge/utils/PoolManagerConcurrencyIss803Suite.scala	44
type-shape	../sge/sge/src/test/scalajvm/sge/utils/PoolManagerConcurrencyIss803Suite.scala	45
other	../sge/sge/src/test/scalajvm/sge/utils/PoolManagerConcurrencyIss803Suite.scala	45
type-shape	../sge/sge/src/test/scalajvm/sge/utils/PoolManagerConcurrencyIss803Suite.scala	46
other	../sge/sge/src/test/scalajvm/sge/utils/PoolManagerConcurrencyIss803Suite.scala	46
type-shape	../sge/sge/src/test/scalajvm/sge/utils/PoolManagerConcurrencyIss803Suite.scala	47
other	../sge/sge/src/test/scalajvm/sge/utils/PoolManagerConcurrencyIss803Suite.scala	47
type-shape	../sge/sge/src/test/scalajvm/sge/utils/PoolManagerConcurrencyIss803Suite.scala	48
other	../sge/sge/src/test/scalajvm/sge/utils/PoolManagerConcurrencyIss803Suite.scala	48
type-shape	../sge/sge/src/test/scalajvm/sge/utils/PoolManagerConcurrencyIss803Suite.scala	49
other	../sge/sge/src/test/scalajvm/sge/utils/PoolManagerConcurrencyIss803Suite.scala	49
type-shape	../sge/sge/src/test/scalajvm/sge/utils/PoolManagerConcurrencyIss803Suite.scala	50
other	../sge/sge/src/test/scalajvm/sge/utils/PoolManagerConcurrencyIss803Suite.scala	50
type-shape	../sge/sge/src/test/scalajvm/sge/utils/PoolManagerConcurrencyIss803Suite.scala	51
other	../sge/sge/src/test/scalajvm/sge/utils/PoolManagerConcurrencyIss803Suite.scala	51
type-shape	../sge/sge/src/test/scalajvm/sge/utils/PoolManagerConcurrencyIss803Suite.scala	52
other	../sge/sge/src/test/scalajvm/sge/utils/PoolManagerConcurrencyIss803Suite.scala	52
type-shape	../sge/sge/src/test/scalajvm/sge/utils/PoolManagerConcurrencyIss803Suite.scala	53
other	../sge/sge/src/test/scalajvm/sge/utils/PoolManagerConcurrencyIss803Suite.scala	53
type-shape	../sge/sge/src/test/scalajvm/sge/utils/PoolManagerConcurrencyIss803Suite.scala	54
other	../sge/sge/src/test/scalajvm/sge/utils/PoolManagerConcurrencyIss803Suite.scala	54
type-shape	../sge/sge/src/test/scalajvm/sge/utils/PoolManagerConcurrencyIss803Suite.scala	55
other	../sge/sge/src/test/scalajvm/sge/utils/PoolManagerConcurrencyIss803Suite.scala	55
type-shape	../sge/sge/src/test/scalajvm/sge/utils/PoolManagerConcurrencyIss803Suite.scala	56
other	../sge/sge/src/test/scalajvm/sge/utils/PoolManagerConcurrencyIss803Suite.scala	56
type-shape	../sge/sge/src/test/scalajvm/sge/utils/PoolManagerConcurrencyIss803Suite.scala	57
other	../sge/sge/src/test/scalajvm/sge/utils/PoolManagerConcurrencyIss803Suite.scala	57
type-shape	../sge/sge/src/test/scalajvm/sge/utils/PoolManagerConcurrencyIss803Suite.scala	58
other	../sge/sge/src/test/scalajvm/sge/utils/PoolManagerConcurrencyIss803Suite.scala	58
type-shape	../sge/sge/src/test/scalajvm/sge/utils/PoolManagerConcurrencyIss803Suite.scala	59
other	../sge/sge/src/test/scalajvm/sge/utils/PoolManagerConcurrencyIss803Suite.scala	59
type-shape	../sge/sge/src/test/scalajvm/sge/utils/PoolManagerConcurrencyIss803Suite.scala	60
other	../sge/sge/src/test/scalajvm/sge/utils/PoolManagerConcurrencyIss803Suite.scala	60
type-shape	../sge/sge/src/test/scalajvm/sge/utils/PoolManagerConcurrencyIss803Suite.scala	61
other	../sge/sge/src/test/scalajvm/sge/utils/PoolManagerConcurrencyIss803Suite.scala	61
member-shape	../sge/sge/src/test/scalajvm/sge/utils/TimerWakeupRedSuite.scala	134
opaque-time-pixels	../sge/sge/src/test/scalajvm/sge/utils/TimerWakeupRedSuite.scala	147
opaque-time-pixels	../sge/sge/src/test/scalajvm/sge/utils/TimerWakeupRedSuite.scala	171
member-shape	../sge/sge/src/test/scalajvm/sge/utils/TimerWakeupRedSuite.scala	190
member-shape	../sge/sge/src/test/scalajvm/sge/utils/TimerWakeupRedSuite.scala	194
member-shape	../sge/sge/src/test/scalajvm/sge/utils/TimerWakeupRedSuite.scala	228
member-shape	../sge/sge/src/test/scalajvm/sge/utils/XmlReaderTest.scala	29
member-shape	../sge/sge/src/test/scalajvm/sge/utils/XmlReaderTest.scala	64
member-shape	../sge/sge/src/test/scalajvm/sge/utils/XmlReaderTest.scala	72
nullable	../sge/sge/src/test/scalajvm/sge/utils/XmlReaderTest.scala	86
nullable	../sge/sge/src/test/scalajvm/sge/utils/XmlReaderTest.scala	185
member-shape	../sge/sge/src/test/scalajvm/sge/utils/XmlReaderTest.scala	211
nullable	../sge/sge/src/test/scalajvm/sge/utils/XmlReaderTest.scala	217
member-shape	../sge/sge/src/test/scalajvm/sge/utils/XmlReaderTest.scala	221
nullable	../sge/sge/src/test/scalajvm/sge/utils/XmlReaderTest.scala	226
nullable	../sge/sge/src/test/scalajvm/sge/utils/XmlReaderTest.scala	227
nullable	../sge/sge/src/test/scalajvm/sge/utils/XmlReaderTest.scala	255
member-shape	../sge/sge/src/test/scalajvm/sge/utils/XmlReaderTest.scala	337
member-shape	../sge/sge/src/test/scalajvm/sge/utils/XmlReaderTest.scala	338
