#id	check	kind	owner	path	line	detail
49c384ea5c97	base-surface	unanswered	sge.scenes.scene2d.ui.Table#obtainCell (replayed into sge.visui.widget.toast.ToastTable)		0	sge emitted this member `private` and this run does not write its declaration, so the constructor replay that reaches it cannot be widened; the replay is refused and the `super(args)` it expressed is counted as an omission  [base: sge]  [§1(a) ENGINE, in the BASE: only sge can widen a member it emits, and it cannot know a future dependent will replay one. The divergence is counted by `omissions`; hand-write the constructor in this module if the behaviour is needed]
f9e1ed96c990	base-surface	unanswered	sge.scenes.scene2d.ui.Tree#initialize (replayed into sge.visui.widget.VisTree)		0	sge emitted this member `private` and this run does not write its declaration, so the constructor replay that reaches it cannot be widened; the replay is refused and the `super(args)` it expressed is counted as an omission  [base: sge]  [§1(a) ENGINE, in the BASE: only sge can widen a member it emits, and it cannot know a future dependent will replay one. The divergence is counted by `omissions`; hand-write the constructor in this module if the behaviour is needed]
c88d8f0afdfc	catalog(consulted)	reached	JS-C01	../../../../../libgdx/gdx/src/com/badlogic/gdx/Input.java	634	lowering CtInvocation/Expression — consulted 32603, fired 4029, declarations 0: a Java `static` is INHERITED by every subclass; a Scala companion inherits nothing
a0d9ee929eda	catalog(consulted)	reached	JS-C02	../../../../../libgdx/gdx/src/com/badlogic/gdx/graphics/g3d/particles/influencers/DynamicsInfluencer.java	205	lowering CtInvocation/Expression + lowering CtFieldRead/Expression + lowering CtFieldWrite/Expression — consulted 90044, fired 76, declarations 0: interface constants are inherited through `implements`
d2306deb61dc	catalog(consulted)	reached	JS-C03	com/kotcrab/vis/ui/layout/DragPane.java	43	rendering ClassDef — consulted 281, fired 34, declarations 0: static HIDING is resolved by the STATIC type of the qualifier
d6a443cf8f3a	catalog(consulted)	reached	JS-C04	-	0	phase field-shadowing — consulted 0, fired 0, declarations 31: a subclass field SHADOWS a superclass field — two storage cells, not one
f0f2b3f33ccc	catalog(consulted)	reached	JS-C05	../../../../../libgdx/gdx/src/com/badlogic/gdx/AbstractGraphics.java	14	lowering CtFieldRead/Expression + lowering CtFieldWrite/Expression — consulted 57441, fired 10899, declarations 0: a static nested constant reached through a SUBCLASS's name, and `import static`
e29988a8155a	catalog(consulted)	reached	JS-C06	-	0	rendering Apply — consulted 8747, fired 0, declarations 0: `anInstance.staticMethod()` evaluates the receiver FOR ITS SIDE EFFECTS and discards it
4c42805fb743	catalog(consulted)	reached	JS-C07	com/kotcrab/vis/ui/Locales.java	36	rendering ClassDef — consulted 281, fired 102, declarations 0: JLS's class-initialisation TRIGGER list vs Scala's uniform accessor trigger
8b1b76a94f22	catalog(consulted)	reached	JS-C08	com/kotcrab/vis/ui/VisUI.java	33	rendering ValDef — consulted 1769, fired 35, declarations 0: a CONSTANT VARIABLE is inlined, so reading it never triggers class initialisation
0519e6b04b72	catalog(consulted)	reached	JS-C09	com/kotcrab/vis/ui/VisUI.java	32	rendering ClassDef — consulted 281, fired 20, declarations 0: several `static { }` blocks and static field initialisers run in ONE textual order
ffb92a99cc17	catalog(consulted)	reached	JS-C10	-	0	rendering ClassDef — consulted 281, fired 0, declarations 0: circular class initialisation delivers DEFAULT values on the same thread
9387f861e3a3	catalog(consulted)	reached	JS-C13	com/kotcrab/vis/ui/FocusManager.java	29	rendering ClassDef — consulted 281, fired 208, declarations 0: JLS 12.5's instance-creation sequence, whole
7c9f65f16c7d	catalog(consulted)	reached	JS-C14	com/kotcrab/vis/ui/util/FloatDigitsOnlyFilter.java	26	rendering ClassDef — consulted 281, fired 49, declarations 0: the superclass constructor runs before this class's field initialisers
8bbd6adeb860	catalog(consulted)	reached	JS-C16	com/kotcrab/vis/ui/widget/Draggable.java	109	rendering DefDef — consulted 2129, fired 1, declarations 0: instance initialiser blocks
0d5d737f25e7	catalog(consulted)	reached	JS-C17	-	0	lowering CtNewClass/Expression — consulted 4547, fired 0, declarations 0: double-brace initialisation is an anonymous subclass plus an instance initialiser
7361069f10fb	catalog(consulted)	reached	JS-C18	-	0	rendering ClassDef — consulted 281, fired 0, declarations 0: field initialisers and instance-init blocks are ONE step-4 sequence in textual order, not two buckets
476d4f135633	catalog(consulted)	reached	JS-C19	com/kotcrab/vis/ui/Sizes.java	25	rendering ClassDef — consulted 281, fired 104, declarations 0: `this(...)` / `super(...)` in a secondary constructor — Scala's secondary constructors cannot call `super`
f222ddd05d10	catalog(consulted)	reached	JS-C20	com/kotcrab/vis/ui/Sizes.java	25	rendering ClassDef — consulted 281, fired 39, declarations 0: the implicit `super()` and the default constructor
c4e6848a96b4	catalog(consulted)	reached	JS-C21	com/kotcrab/vis/ui/Sizes.java	25	rendering ClassDef — consulted 281, fired 104, declarations 0: constructor overload resolution, against Scala's textual-anteriority rule
4628b2eeb71e	catalog(consulted)	reached	JS-C22	com/kotcrab/vis/ui/building/TableBuilder.java	109	rendering Apply — consulted 8747, fired 169, declarations 0: Java's THREE-PHASE applicability (strict, then loose, then varargs) has no Scala counterpart
74ad7487abe1	catalog(consulted)	reached	JS-C23	com/kotcrab/vis/ui/building/utilities/CellWidget.java	123	rendering Apply — consulted 8747, fired 127, declarations 0: most-specific tie-break: Scala prefers a NON-GENERIC alternative and Java does not
5c18db0b5e8e	catalog(consulted)	reached	JS-C25	com/kotcrab/vis/ui/Locales.java	157	rendering DefDef — consulted 2129, fired 577, declarations 0: `override` is mandatory in Scala and absent in Java
684f0c79153d	catalog(consulted)	reached	JS-C29	com/kotcrab/vis/ui/VisUI.java	38	rendering-type TypeRef — consulted 9704, fired 1029, declarations 0: a static NESTED class and an INNER class are different types, and only one is path-dependent
dd8f44530e17	catalog(consulted)	reached	JS-C31	../../../../../libgdx/gdx/src/com/badlogic/gdx/graphics/Cubemap.java	252	lowering CtNewClass/Expression — consulted 4547, fired 304, declarations 0: anonymous class construction and capture
a8d3410e6e97	catalog(consulted)	reached	JS-C33	com/kotcrab/vis/ui/Locales.java	142	rendering ClassDef — consulted 281, fired 21, declarations 0: the interface default-method diamond is resolved by JLS's two rules, not by trait linearization
3ec6755d3157	catalog(consulted)	reached	JS-C34	com/kotcrab/vis/ui/building/CenteredTableBuilder.java	31	rendering ClassDef — consulted 281, fired 106, declarations 0: interface statics are not inherited AT ALL, not even by an implementor
1f855d6984c0	catalog(consulted)	reached	JS-C36	com/kotcrab/vis/ui/layout/DragPane.java	680	rendering ValDef — consulted 1769, fired 4, declarations 0: an interface field is implicitly `public static final`
e52b789fbf12	catalog(consulted)	reached	JS-C37	com/kotcrab/vis/ui/Locales.java	142	rendering ClassDef — consulted 281, fired 22, declarations 0: `name()`, `values()` and `valueOf` are SYNTHESISED on every Java enum
87759a2b0f49	catalog(consulted)	reached	JS-C38	com/kotcrab/vis/ui/Locales.java	142	rendering ClassDef — consulted 281, fired 5, declarations 0: a promoted enum constructor parameter IS a member, and `name` collides with `Enum.name()`
150c9c0ba6ee	catalog(consulted)	reached	JS-C39	com/kotcrab/vis/ui/Locales.java	142	rendering ClassDef — consulted 281, fired 22, declarations 0: `ordinal()` is part of every Java enum's surface, mentioned or not
8e0319f66d04	catalog(consulted)	reached	JS-C40	com/kotcrab/vis/ui/building/utilities/layouts/TableLayout.java	33	rendering ClassDef — consulted 281, fired 2, declarations 0: enum constants with PER-CONSTANT class bodies
bc636c5135ee	catalog(consulted)	reached	JS-C43	-	0	rendering ClassDef — consulted 281, fired 0, declarations 0: Java `record`
c7f4e5728472	catalog(consulted)	reached	JS-C44	com/kotcrab/vis/ui/building/utilities/layouts/TableLayout.java	33	rendering ClassDef — consulted 281, fired 2, declarations 0: `sealed` / `non-sealed` / `permits`
76d539f8cb9d	catalog(consulted)	reached	JS-C45	com/kotcrab/vis/ui/Locales.java	142	rendering ValDef — consulted 1769, fired 139, declarations 0: a `final` field's JMM safe-publication guarantee
c4152467b427	catalog(consulted)	reached	JS-C46	-	0	phase member-clash — consulted 0, fired 0, declarations 244: Java has TWO name namespaces and Scala has one
e9011f25651d	catalog(consulted)	reached	JS-C47	com/kotcrab/vis/ui/util/adapter/AbstractListAdapter.java	248	rendering ClassDef + rendering DefDef + rendering ValDef — consulted 4179, fired 91, declarations 0: package-private becomes `private[pkg]`
16f9f9bc7eb6	catalog(consulted)	reached	JS-C48	com/kotcrab/vis/ui/building/CenteredTableBuilder.java	52	rendering ClassDef + rendering DefDef + rendering ValDef — consulted 4179, fired 194, declarations 0: Java's `protected` also grants SAME-PACKAGE access, and accessibility is an input to overload resolution
bb7c76347816	catalog(consulted)	reached	JS-C49	com/kotcrab/vis/ui/Locales.java	142	rendering ClassDef + rendering DefDef + rendering ValDef — consulted 4179, fired 75, declarations 0: Java's `private` reaches the whole enclosing TOP-LEVEL class; Scala's reaches only the template
bfc0aca32a2a	catalog(consulted)	reached	JS-C50	com/kotcrab/vis/ui/util/adapter/AbstractListAdapter.java	248	rendering ClassDef + rendering DefDef + rendering ValDef — consulted 4179, fired 91, declarations 0: Java's default access is package-private and Scala's is public — INVERTED
383790d08886	catalog(consulted)	reached	JS-C51	-	0	rendering ClassDef — consulted 281, fired 0, declarations 0: a `return` in a CONSTRUCTOR body, whose promotion puts it in the class body
f1a0abf2af7f	catalog(consulted)	reached	JS-E01	../../../../../libgdx/gdx/src/com/badlogic/gdx/Net.java	229	lowering CtBinaryOperator/Expression — consulted 31192, fired 662, declarations 0: `==`/`!=` are REFERENCE identity in Java; Scala's `==` calls `equals`
1428dfa4df73	catalog(consulted)	reached	JS-E02	../../../../../libgdx/gdx/src/com/badlogic/gdx/InputEventQueue.java	51	lowering CtUnaryOperator/Expression — consulted 2810, fired 735, declarations 0: postfix/prefix `++`/`--` USED AS A VALUE yields the value before the update — the VALUE only; the operand's single evaluation is JS-E17
c3847b84a598	catalog(consulted)	reached	JS-E03	../../../../../libgdx/gdx/src/com/badlogic/gdx/graphics/g2d/BitmapFont.java	750	lowering CtOperatorAssignment/Statement — consulted 1786, fired 36, declarations 0: compound assignment NARROWS implicitly to the left-hand type — STATEMENT position; the lvalue's single evaluation is JS-E17
91b03ee1d129	catalog(consulted)	reached	JS-E04	-	0	lowering CtOperatorAssignment/Expression — consulted 6, fired 0, declarations 0: compound assignment NARROWS implicitly to the left-hand type — EXPRESSION position; the lvalue's single evaluation is JS-E17
542408a3f5e3	catalog(consulted)	reached	JS-E05	../../../../../libgdx/gdx/src/com/badlogic/gdx/AbstractGraphics.java	14	lowering CtConditional/Expression — consulted 888, fired 888, declarations 0: the conditional operator's type is computed, not the syntactic lub of its branches
7efb138e5b2f	catalog(consulted)	reached	JS-E06	-	0	rendering Typed — consulted 212, fired 0, declarations 0: a primitive cast is a CONVERSION in Java and an assertion in Scala once a phase has retyped the value
0e3532b6b151	catalog(consulted)	reached	JS-E14	../../../../../libgdx/gdx/src/com/badlogic/gdx/Graphics.java	79	lowering CtBinaryOperator/Expression — consulted 31192, fired 23, declarations 0: string concatenation with a NON-`String` left operand
a57beca33e43	catalog(consulted)	reached	JS-E15	../../../../../libgdx/gdx/src/com/badlogic/gdx/assets/AssetManager.java	668	lowering CtAssignment/Expression — consulted 220, fired 220, declarations 0: an assignment IS an expression, with the assigned value
ecc69d3bd32e	catalog(consulted)	reached	JS-G01	<synthetic>	0	lowering-type CtWildcardReference + rendering-type TypeBounds — consulted 1377, fired 729, declarations 0: use-site wildcards, with the matching bound grammar
302fe7952f5c	catalog(consulted)	reached	JS-G03	-	0	lowering-type CtWildcardReference — consulted 1295, fired 0, declarations 0: `? super Object` has exactly one inhabitant
b5961f98a3a0	catalog(consulted)	reached	JS-G04	-	0	rendering ForEach — consulted 86, fired 0, declarations 0: a captured wildcard on ITERATION has no nameable type
c193ba21353b	catalog(consulted)	reached	JS-G05	-	0	rendering ClassDef — consulted 281, fired 0, declarations 0: a wildcard in an `extends` clause takes the parameter's DECLARED bound
b44adc035c9a	catalog(consulted)	reached	JS-G06	-	0	phase raw-parent-alignment — consulted 0, fired 0, declarations 26: a de-wildcarded raw PARENT and its overrides must agree
66c0f7eaed6a	catalog(consulted)	reached	JS-G07	<synthetic>	0	lowering-type CtTypeReference — consulted 438346, fired 5364, declarations 0: a RAW type erases the REFERENCE's generics, not the class's
58eb8d030591	catalog(consulted)	reached	JS-G08	<synthetic>	0	lowering-type CtTypeReference — consulted 438346, fired 1230, declarations 0: the same raw Java type renders DIFFERENTLY per scope, and correctly so
1784985202af	catalog(consulted)	reached	JS-G09	../../../../../libgdx/gdx/src/com/badlogic/gdx/InputMultiplexer.java	26	lowering CtInvocation/Expression + lowering CtConstructorCall/Expression + lowering CtNewClass/Expression + lowering CtNewArray/Expression + lowering CtLocalVariable/Statement + lowering CtField/Declaration + lowering CtAssignment/Either + lowering CtReturn/Statement — consulted 80519, fired 1284, declarations 0: UNCHECKED CONVERSION at a raw type is legal in Java and is not in Scala
6c82ed53ca17	catalog(consulted)	reached	JS-G10	../../../../../libgdx/gdx/src/com/badlogic/gdx/scenes/scene2d/ui/SelectBox.java	67	lowering CtNewClass/Expression — consulted 4547, fired 4, declarations 0: a RAW anonymous class WITH a body
9d1674801908	catalog(consulted)	reached	JS-G11	com/kotcrab/vis/ui/Locales.java	142	rendering ClassDef — consulted 281, fired 22, declarations 0: a partially-nameable F-BOUNDED raw fill
6bc6befa3f1c	catalog(consulted)	reached	JS-G12	<synthetic>	0	lowering-type CtTypeParameterReference + rendering-type TypeRef — consulted 22099, fired 656, declarations 0: a diamond's inference variable has NO NAMEABLE type
9365ecb15a00	catalog(consulted)	reached	JS-G13	../../../../../libgdx/gdx/src/com/badlogic/gdx/InputMultiplexer.java	32	lowering CtInvocation/Expression + lowering CtConstructorCall/Expression + lowering CtNewClass/Expression + lowering CtNewArray/Expression + lowering CtLocalVariable/Statement + lowering CtField/Declaration + lowering CtAssignment/Either + lowering CtReturn/Statement — consulted 80519, fired 198, declarations 0: Java arrays are COVARIANT, with a runtime `ArrayStoreException`; Scala's are invariant
c97fb08f9ef7	catalog(consulted)	reached	JS-G14	../../../../../libgdx/gdx/src/com/badlogic/gdx/graphics/g3d/loader/ObjLoader.java	150	lowering CtInvocation/Expression + lowering CtConstructorCall/Expression + lowering CtNewClass/Expression + lowering CtNewArray/Expression + lowering CtLocalVariable/Statement + lowering CtField/Declaration + lowering CtAssignment/Either + lowering CtReturn/Statement — consulted 80519, fired 124, declarations 0: a primitive at a generic slot boxes to the WRAPPER, not to the formal
32c522b2ae62	catalog(consulted)	reached	JS-G15	../../../../../libgdx/gdx/src/com/badlogic/gdx/utils/IntMap.java	98	lowering CtNewArray/Expression — consulted 471, fired 19, declarations 0: GENERIC ARRAY CREATION is illegal in Java, so only the cast idiom reaches the engine
a3b0dad46d4c	catalog(consulted)	reached	JS-G17	com/kotcrab/vis/ui/building/utilities/Alignment.java	96	rendering ArrayLength + rendering MethodRef — consulted 21, fired 21, declarations 0: `.length`, an array's `Class` object, and `T[]::new`
5b2684810a0f	catalog(consulted)	reached	JS-G18	../../../../../libgdx/gdx/src/com/badlogic/gdx/Input.java	284	lowering CtInvocation/Expression + lowering CtConstructorCall/Expression + lowering CtNewClass/Expression — consulted 37150, fired 4743, declarations 0: under `noClasspath` a REFERENCE erases and a DECLARATION does not
a6918dfaca69	catalog(consulted)	reached	JS-G21	com/kotcrab/vis/ui/layout/DragPane.java	78	rendering InstanceOf — consulted 70, fired 70, declarations 0: `instanceof` is restricted to REIFIABLE types, and SE16 added a pattern binding
ef0bee0235a6	catalog(consulted)	reached	JS-G22	../../../../../libgdx/gdx/src/com/badlogic/gdx/assets/AssetLoadingTask.java	75	lowering CtInvocation/Expression — consulted 32603, fired 93, declarations 0: a raw member access through an ERASED RECEIVER types the CALL, not just the receiver
cad66763cb2c	catalog(consulted)	reached	JS-G29	../../../../../libgdx/gdx/src/com/badlogic/gdx/assets/AssetLoadingTask.java	126	lowering CtInvocation/Expression — consulted 32603, fired 898, declarations 0: diamond inference in the ordinary case
ac0290b3a998	catalog(consulted)	reached	JS-G30	../../../../../libgdx/gdx/src/com/badlogic/gdx/assets/AssetManager.java	136	lowering CtInvocation/Expression — consulted 32603, fired 62, declarations 0: an UNCONSTRAINED method type parameter: Java infers its BOUND and Scala infers `Nothing`
4697f47923dc	catalog(consulted)	reached	JS-G31	../../../../../libgdx/gdx/src/com/badlogic/gdx/graphics/g2d/GlyphLayout.java	48	lowering CtInvocation/Expression — consulted 37150, fired 123, declarations 0: a POLY EXPRESSION must never be cast as a whole
083335c5cf58	catalog(consulted)	reached	JS-G32	../../../../../libgdx/gdx/src/com/badlogic/gdx/Input.java	635	lowering CtInvocation/Expression + lowering CtConstructorCall/Expression + lowering CtNewClass/Expression — consulted 37150, fired 1657, declarations 0: a callee's OWN type variables never resolve at the caller
a6a37a9ef383	catalog(consulted)	reached	JS-G34	-	0	rendering Typed — consulted 212, fired 0, declarations 0: a Java INTERSECTION in a cast becomes Scala's `&`
9e6c3aacde44	catalog(consulted)	reached	JS-G35	com/kotcrab/vis/ui/widget/VisTree.java	34	rendering ClassDef + rendering DefDef — consulted 2410, fired 1, declarations 0: Scala CHECKS an F-bound where javac does not
18c155d48800	catalog(consulted)	reached	JS-G37	../../../../../libgdx/gdx/src/com/badlogic/gdx/graphics/g2d/BitmapFont.java	144	lowering CtInvocation/Expression + lowering CtConstructorCall/Expression + lowering CtNewClass/Expression — consulted 37150, fired 29, declarations 0: `T...` is an `Array[T]`, materialised at the port's OWN call sites
e505642ee0e9	catalog(consulted)	reached	JS-G38	../../../../../libgdx/gdx/src/com/badlogic/gdx/InputMultiplexer.java	32	lowering CtInvocation/Expression + lowering CtConstructorCall/Expression + lowering CtNewClass/Expression — consulted 37150, fired 86, declarations 0: a vararg slot ALREADY holding an array must not be re-packed — and neither a primitive array nor an under-dimensioned one forwards
811a7ef506ab	catalog(consulted)	reached	JS-G39	../../../../../libgdx/gdx/src/com/badlogic/gdx/utils/Json.java	201	lowering CtInvocation/Expression + lowering CtConstructorCall/Expression + lowering CtNewClass/Expression + rendering Apply — consulted 45897, fired 28, declarations 0: an EXTERNAL callee's `T...` is read by scalac as a REPEATED parameter
d7f3cf571566	catalog(consulted)	reached	JS-G40	../../../../../libgdx/gdx/src/com/badlogic/gdx/utils/Json.java	201	lowering CtInvocation/Expression + lowering CtConstructorCall/Expression + lowering CtNewClass/Expression + rendering Spread — consulted 37150, fired 8, declarations 0: the COMPOSITION of JS-G38 and JS-G39 — an array forwarded through an external vararg slot
82b48e41ce1f	catalog(consulted)	reached	JS-G41	com/kotcrab/vis/ui/util/adapter/ArrayAdapter.java	79	rendering DefDef — consulted 2129, fired 1, declarations 0: `@SafeVarargs` and heap pollution
c8460dc5db3a	catalog(consulted)	reached	JS-G42	../../../../../libgdx/gdx/src/com/badlogic/gdx/InputMultiplexer.java	32	lowering CtInvocation/Expression + lowering CtConstructorCall/Expression + lowering CtNewClass/Expression — consulted 37150, fired 32, declarations 0: a generic vararg's COMPONENT element type has four layered sources
3733af2b2dde	catalog(consulted)	reached	JS-G43	../../../../../libgdx/gdx/src/com/badlogic/gdx/graphics/g2d/GlyphLayout.java	48	lowering CtExecutableReferenceExpression/Expression + rendering MethodRef — consulted 124, fired 124, declarations 0: METHOD REFERENCES are five forms sharing one syntax — static, unbound, bound, constructor, array constructor
ded49dd1d5a7	catalog(consulted)	reached	JS-G48	-	0	phase collections — consulted 0, fired 0, declarations 5: a REIFIED type occurrence asks about a RUNTIME OBJECT, so a retyping moves the question and not the answer
a4c7703f1390	catalog(consulted)	reached	JS-G49	-	0	lowering-type CtTypeParameterReference — consulted 12395, fired 0, declarations 0: an UNCHECKED override: java lets a method's ERASURE be a SUBSIGNATURE of a generic one
83d43d1be2ed	catalog(consulted)	reached	JS-S01	com/kotcrab/vis/ui/util/OsUtils.java	96	rendering While + rendering For + rendering ForEach + rendering DoWhile — consulted 149, fired 24, declarations 0: an unlabelled `break`/`continue` binds LEXICALLY to the innermost enclosing loop or switch
2847e4991732	catalog(consulted)	reached	JS-S02	com/kotcrab/vis/ui/widget/VisTextField.java	1115	rendering Labeled — consulted 2, fired 2, declarations 0: a LABEL sits on any statement, not only on a loop
b1dde87fa1d0	catalog(consulted)	reached	JS-S03	-	0	rendering While + rendering For + rendering ForEach + rendering DoWhile — consulted 149, fired 0, declarations 0: a `boundary` the emitter INTERPOSES steals the enclosing loop's un-annotated jumps
16b3499fe3fa	catalog(consulted)	reached	JS-S04	../../../../../libgdx/gdx/src/com/badlogic/gdx/files/FileHandle.java	555	lowering CtSwitch/Statement — consulted 155, fired 17, declarations 0: switch FALLTHROUGH runs the next case's statements
8ee49937737a	catalog(consulted)	reached	JS-S05	../../../../../libgdx/gdx/src/com/badlogic/gdx/files/FileHandle.java	555	lowering CtSwitch/Statement — consulted 155, fired 102, declarations 0: a `switch` with no `default` FALLS OUT; a `match` with no `case _` throws
c00d7573a127	catalog(consulted)	reached	JS-S06	-	0	rendering Match — consulted 10, fired 0, declarations 0: an unlabelled `break` in the MIDDLE of a case ends the CASE
b1750e52fbb0	catalog(consulted)	reached	JS-S07	../../../../../libgdx/gdx/src/com/badlogic/gdx/InputEventQueue.java	53	lowering CtSwitch/Statement — consulted 155, fired 108, declarations 0: only an UNLABELLED trailing `break` terminates a case; a labelled one leaves the LOOP
ec34f61abffc	catalog(consulted)	reached	JS-S08	com/kotcrab/vis/ui/util/dialog/Dialogs.java	396	rendering Match — consulted 10, fired 7, declarations 0: a `null` selector throws NPE IMPLICITLY — a classic switch has no `case null` to opt out with
a0c33b2cb4b9	catalog(consulted)	reached	JS-S10	-	0	lowering CtSwitch/Statement + lowering CtSwitchExpression/Expression — consulted 155, fired 0, declarations 0: pattern and record switch, with sealed exhaustiveness
02d73c50652a	catalog(consulted)	reached	JS-S11	-	0	rendering Try — consulted 18, fired 0, declarations 0: a translated CATCH swallows a translated JUMP — `boundary.Break` is a `RuntimeException`
67326cd4e764	catalog(consulted)	reached	JS-S12	com/kotcrab/vis/ui/util/async/AsyncTask.java	133	rendering Try — consulted 18, fired 1, declarations 0: a `finally` completing abruptly DISCARDS the try's own abrupt completion
c85ebb7f3b8c	catalog(consulted)	reached	JS-S13	-	0	rendering Try — consulted 18, fired 0, declarations 0: try-with-resources closes on ANY completion, in reverse order, before this try's own catch
9017416b0385	catalog(consulted)	reached	JS-S14	../../../../../libgdx/gdx/src/com/badlogic/gdx/Version.java	38	lowering CtTry/Statement — consulted 229, fired 199, declarations 0: multi-catch `A | B`
64683201789c	catalog(consulted)	reached	JS-S15	com/kotcrab/vis/ui/building/GridTableBuilder.java	59	rendering ForEach — consulted 86, fired 86, declarations 0: the enhanced-for expression is evaluated ONCE, and arrays and `Iterable` differ
5ff1d1b9460f	catalog(consulted)	reached	JS-S16	com/kotcrab/vis/ui/widget/file/FileTypeFilter.java	95	rendering ForEach — consulted 86, fired 1, declarations 0: the enhanced-for BINDING may be reassigned in the body, and may be declared at a supertype
f07270cd6f5e	catalog(consulted)	reached	JS-S17	com/kotcrab/vis/ui/building/CenteredTableBuilder.java	56	rendering For — consulted 47, fired 46, declarations 0: the classic `for`'s UPDATE runs on `continue`, and its `ForInit` scopes to the loop
c82afa38a1c4	catalog(consulted)	reached	JS-S18	../../../../../libgdx/gdx/src/com/badlogic/gdx/graphics/g2d/BitmapFont.java	842	lowering CtDo/Statement + rendering DoWhile — consulted 46, fired 46, declarations 0: `do`-`while` — Scala 3 removed it
4f9f96ff7016	catalog(consulted)	reached	JS-S19	com/kotcrab/vis/ui/FocusManager.java	30	rendering ValDef — consulted 1769, fired 638, declarations 0: definite assignment for LOCALS — Java rejects a read before assignment
621ca07a850c	catalog(consulted)	reached	JS-S21	com/kotcrab/vis/ui/widget/file/FileChooser.java	260	rendering Lambda — consulted 23, fired 8, declarations 0: `return` inside a lambda body returns from the LAMBDA, not from the method
46b42f675885	catalog(consulted)	reached	JS-S22	../../../../../libgdx/gdx/src/com/badlogic/gdx/InputEventQueue.java	41	lowering CtSynchronized/Statement — consulted 52, fired 52, declarations 0: `synchronized` as a statement
35288fa7b3e3	catalog(consulted)	reached	JS-S25	-	0	rendering DefDef — consulted 2129, fired 0, declarations 0: Java REJECTS unreachable code and Scala allows it — composed with `break`
9c22be7f2f32	catalog(uncited)	handled	JS-C01	-	0	UNCITED — a companion object has no inheritance relation to its class's parents (JLS side: JLS 8.2, 8.4.8): a Java `static` is INHERITED by every subclass; a Scala companion inherits nothing
3047600ceab7	catalog(uncited)	handled	JS-C02	-	0	UNCITED — as JS-C01, through the interface edge (JLS side: JLS 9.3, 8.1.5): interface constants are inherited through `implements`
c16eaa596e70	catalog(uncited)	handled	JS-C03	-	0	UNCITED — a companion re-export must not merge a redeclaration away (JLS side: JLS 8.4.8.2): static HIDING is resolved by the STATIC type of the qualifier
e6043578ce6b	catalog(uncited)	handled	JS-C04	-	0	UNCITED — a same-named Scala member is an OVERRIDE, virtually dispatched (JLS side: JLS 8.3, 6.4.1): a subclass field SHADOWS a superclass field — two storage cells, not one
86b74f79634f	catalog(uncited)	handled	JS-C05	-	0	UNCITED — fully-qualified emission removes the question (JLS side: JLS 6.5.6, 7.5.3): a static nested constant reached through a SUBCLASS's name, and `import static`
2974cd95acc0	catalog(uncited)	handled	JS-C06	-	0	UNCITED — a companion call has no receiver slot to put the expression in (JLS side: JLS 15.12.4.1): `anInstance.staticMethod()` evaluates the receiver FOR ITS SIDE EFFECTS and discards it
4f45994343df	catalog(uncited)	handled	JS-C08	-	0	UNCITED — `inline val` is the image; a typed `val` triggers the initialiser (JLS side: JLS 4.12.4, 13.1): a CONSTANT VARIABLE is inlined, so reading it never triggers class initialisation
aaa662dea242	catalog(uncited)	handled	JS-C09	-	0	UNCITED — an object body is one sequence, so the order has to survive the frontend (JLS side: JLS 12.4.2): several `static { }` blocks and static field initialisers run in ONE textual order
8ba79dfd3e53	catalog(uncited)	handled	JS-C14	-	0	UNCITED — the same order, once a primary constructor exists to host it (JLS side: JLS 12.5): the superclass constructor runs before this class's field initialisers
02f8becc671a	catalog(uncited)	handled	JS-C16	-	0	UNCITED — a statement in the class body is the image (JLS side: JLS 8.6): instance initialiser blocks
0a2cd2c7c4e4	catalog(uncited)	handled	JS-C18	-	0	UNCITED — the same sequence, which a frontend that groups by NODE KIND has already lost (JLS side: JLS 12.5): field initialisers and instance-init blocks are ONE step-4 sequence in textual order, not two buckets
d0d12b068c78	catalog(uncited)	handled	JS-C19	-	0	UNCITED — only a primary constructor may call the superclass constructor (JLS side: JLS 8.8.7.1): `this(...)` / `super(...)` in a secondary constructor — Scala's secondary constructors cannot call `super`
4d00dc03e31e	catalog(uncited)	handled	JS-C20	-	0	UNCITED — a Scala class always has a primary constructor (JLS side: JLS 8.8.7, 8.8.9): the implicit `super()` and the default constructor
4d6d05b50ca8	catalog(uncited)	handled	JS-C25	-	0	UNCITED — an override without the modifier is an error (JLS side: JLS 8.4.8.1): `override` is mandatory in Scala and absent in Java
977ba26281ed	catalog(uncited)	handled	JS-C29	-	0	UNCITED — `Outer#Inner` is the type projection; `outer.Inner` is the path-dependent type (JLS side: JLS 8.1.3): a static NESTED class and an INNER class are different types, and only one is path-dependent
198cdb711811	catalog(uncited)	handled	JS-C30	-	0	UNCITED — Scala has a direct counterpart; only the capture wiring is missing (JLS side: JLS 14.3): method-LOCAL named classes
00424df3de72	catalog(uncited)	handled	JS-C31	-	0	UNCITED — the same construct, with a synthesised name (JLS side: JLS 15.9.5): anonymous class construction and capture
f546fdbb040c	catalog(uncited)	handled	JS-C34	-	0	UNCITED — a corollary of JS-C01 at the interface edge (JLS side: JLS 8.4.8, 9.3): interface statics are not inherited AT ALL, not even by an implementor
ebfa8edb083a	catalog(uncited)	handled	JS-C36	-	0	UNCITED — a corollary of JS-C01, JS-C02 and JS-C08 (JLS side: JLS 9.3): an interface field is implicitly `public static final`
e29f2e7f69a9	catalog(uncited)	handled	JS-C37	-	0	UNCITED — a Scala 3 `enum` has a different, non-identical surface: it inherits `name()` from `java.lang.Enum` and its desugaring supplies `values`/`valueOf`, but `values` is PARENLESS where java writes `values()` (JLS side: JLS 8.9.3): `name()`, `values()` and `valueOf` are SYNTHESISED on every Java enum
5669b52f1725	catalog(uncited)	handled	JS-C38	-	0	UNCITED — a constructor parameter becomes a class member (JLS side: JLS 8.9.2): a promoted enum constructor parameter IS a member, and `name` collides with `Enum.name()`
8d3678233c95	catalog(uncited)	handled	JS-C39	-	0	UNCITED — nothing supplies it unless it is emitted (JLS side: JLS 8.9.3): `ordinal()` is part of every Java enum's surface, mentioned or not
e5904b642252	catalog(uncited)	handled	JS-C45	-	0	UNCITED — a `val` carries the same guarantee (JLS side: JLS 17.5): a `final` field's JMM safe-publication guarantee
e17fc42e19ae	catalog(uncited)	handled	JS-C46	-	0	UNCITED — one namespace, resolved innermost-first (JLS side: JLS 6.5): Java has TWO name namespaces and Scala has one
a3ec5cfa1317	catalog(uncited)	handled	JS-C47	-	0	UNCITED — a qualified `private` is the image (JLS side: JLS 6.6.1): package-private becomes `private[pkg]`
82c8c3f34227	catalog(uncited)	handled	JS-C48	-	0	UNCITED — Scala's `protected` grants no package access (JLS side: JLS 6.6.2, 15.12.1): Java's `protected` also grants SAME-PACKAGE access, and accessibility is an input to overload resolution
96a65a55af95	catalog(uncited)	handled	JS-C49	-	0	UNCITED — a qualified `private[TopLevel]` is the image (JLS side: JLS 6.6.1): Java's `private` reaches the whole enclosing TOP-LEVEL class; Scala's reaches only the template
09ba489df46e	catalog(uncited)	handled	JS-C50	-	0	UNCITED — emitting nothing means public, which is the wrong default (JLS side: JLS 6.6.1): Java's default access is package-private and Scala's is public — INVERTED
301231c6a335	catalog(uncited)	handled	JS-C51	-	0	UNCITED — a scala class body is not a method, so `return` is rejected outright (JLS side: JLS 14.17, 8.8.7): a `return` in a CONSTRUCTOR body, whose promotion puts it in the class body
c3a88d5d57d5	catalog(uncited)	handled	JS-E02	-	0	UNCITED — Scala has no increment operator; `x += 1` has type `Unit` (JLS side: JLS 15.14.2, 15.15.1): postfix/prefix `++`/`--` USED AS A VALUE yields the value before the update — the VALUE only; the operand's single evaluation is JS-E17
35e8bdb7bea4	catalog(uncited)	handled	JS-E05	-	0	UNCITED — an `if` expression types as the lub of its branches (JLS side: JLS 15.25.2): the conditional operator's type is computed, not the syntactic lub of its branches
4621dd1cc77f	catalog(uncited)	handled	JS-E14	-	0	UNCITED — `+` on a non-`String` left operand is that type's own `+` (JLS side: JLS 15.18.1): string concatenation with a NON-`String` left operand
13ea96c7898b	catalog(uncited)	handled	JS-G01	-	0	UNCITED — `?` with `<:`/`>:` bounds (JLS side: JLS 4.5.1): use-site wildcards, with the matching bound grammar
cc4aa3708886	catalog(uncited)	handled	JS-G03	-	0	UNCITED — the corresponding Scala bound is not the same set (JLS side: JLS 4.5.1): `? super Object` has exactly one inhabitant
ce54f52fc24d	catalog(uncited)	handled	JS-G04	-	0	UNCITED — the capture cannot be written, so an alias plus a widening cast is the image (JLS side: JLS 5.1.10, 14.14.2): a captured wildcard on ITERATION has no nameable type
239a622020c9	catalog(uncited)	handled	JS-G05	-	0	UNCITED — no wildcard is legal in a parent, so the bound has to be filled (JLS side: JLS 4.5.1, 8.1.4): a wildcard in an `extends` clause takes the parameter's DECLARED bound
671d9e12a408	catalog(uncited)	handled	JS-G06	-	0	UNCITED — an override is checked against the parent as emitted (JLS side: JLS 4.8, 8.4.8.1): a de-wildcarded raw PARENT and its overrides must agree
b9ed2336e33b	catalog(uncited)	handled	JS-G07	-	0	UNCITED — `[?]` everywhere is the only fill that round-trips across an override (JLS side: JLS 4.8): a RAW type erases the REFERENCE's generics, not the class's
78e531d9d040	catalog(uncited)	handled	JS-G08	-	0	UNCITED — the rendering depends on whether the scope is an override (JLS side: JLS 4.8): the same raw Java type renders DIFFERENTLY per scope, and correctly so
a059b1d2b6bb	catalog(uncited)	handled	JS-G09	-	0	UNCITED — an explicit cast is the image (JLS side: JLS 5.1.9): UNCHECKED CONVERSION at a raw type is legal in Java and is not in Scala
ac8d477920fa	catalog(uncited)	handled	JS-G12	-	0	UNCITED — the marker must never be printed (JLS side: JLS 15.9.1, 18): a diamond's inference variable has NO NAMEABLE type
cb60a8255fcd	catalog(uncited)	handled	JS-G13	-	0	UNCITED — `Array[T]` is invariant, so a cast is needed at the use (JLS side: JLS 4.10.3, 10.10): Java arrays are COVARIANT, with a runtime `ArrayStoreException`; Scala's are invariant
0cde26b00cef	catalog(uncited)	handled	JS-G15	-	0	UNCITED — the same restriction, reached through JS-G13's generality (JLS side: JLS 15.10.1): GENERIC ARRAY CREATION is illegal in Java, so only the cast idiom reaches the engine
8e8bf19fb753	catalog(uncited)	handled	JS-G17	-	0	UNCITED — `.length` is a method and the array constructor reference is a lambda (JLS side: JLS 10.7, 15.13): `.length`, an array's `Class` object, and `T[]::new`
a8b012018b9c	catalog(uncited)	handled	JS-G18	-	0	UNCITED — a producer/consumer erasure conflict the frontend has to resolve (JLS side: JLS 4.6): under `noClasspath` a REFERENCE erases and a DECLARATION does not
097007e1109e	catalog(uncited)	handled	JS-G22	-	0	UNCITED — the receiver view and the member's type through it must be produced together (JLS side: JLS 4.8): a raw member access through an ERASED RECEIVER types the CALL, not just the receiver
b9b2f192761b	catalog(uncited)	handled	JS-G29	-	0	UNCITED — Scala infers the same arguments where they are determined (JLS side: JLS 15.9.1): diamond inference in the ordinary case
1587c7edf556	catalog(uncited)	handled	JS-G30	-	0	UNCITED — an unconstrained inference variable resolves to the lower bound (JLS side: JLS 18.1.3): an UNCONSTRAINED method type parameter: Java infers its BOUND and Scala infers `Nothing`
c6a03c1fe7db	catalog(uncited)	handled	JS-G31	-	0	UNCITED — no Scala 3 reference page located; the SAM-conversion behaviour is probed, not cited (JLS side: JLS 15.2): a POLY EXPRESSION must never be cast as a whole
835fcc8d210c	catalog(uncited)	handled	JS-G32	-	0	UNCITED — the callee's variables are not in scope at the call site (JLS side: JLS 18.5.1): a callee's OWN type variables never resolve at the caller
4ec1ed5b5c8a	catalog(uncited)	handled	JS-G33	-	0	UNCITED — no Scala 3 reference page located for the eligibility rule (JLS side: JLS 9.8, 15.27.3): SAM conversion eligibility
9c80181f29bf	catalog(uncited)	handled	JS-G34	-	0	UNCITED — `A & B` is the image (JLS side: JLS 4.9, 15.16): a Java INTERSECTION in a cast becomes Scala's `&`
b983cac13b87	catalog(uncited)	handled	JS-G35	-	0	UNCITED — the bound is checked at every use, so a naive erasure is rejected (JLS side: JLS 4.4): Scala CHECKS an F-bound where javac does not
a0165a369d1e	catalog(uncited)	handled	JS-G37	-	0	UNCITED — a declared vararg becomes an array parameter, so callers must pack (JLS side: JLS 8.4.1, 15.12.4.2): `T...` is an `Array[T]`, materialised at the port's OWN call sites
0fe21c846504	catalog(uncited)	handled	JS-G38	-	0	UNCITED — ASSIGNABILITY to the parameter's array type decides, never `is an array`: a primitive array is assignable to nothing but its own, and at a `T[]...` slot a one-dimensional argument is assignable to the COMPONENT only (JLS side: JLS 15.12.4.2): a vararg slot ALREADY holding an array must not be re-packed — and neither a primitive array nor an under-dimensioned one forwards
1a207f77540c	catalog(uncited)	handled	JS-G39	-	0	UNCITED — a class file's `T...` is a repeated parameter, so a bare array conforms as ONE element (JLS side: JLS 15.12.4.2): an EXTERNAL callee's `T...` is read by scalac as a REPEATED parameter
924371cff7ae	catalog(uncited)	handled	JS-G40	-	0	UNCITED — only a spec over the composition finds it (JLS side: JLS 15.12.4.2): the COMPOSITION of JS-G38 and JS-G39 — an array forwarded through an external vararg slot
f8943e1b9286	catalog(uncited)	handled	JS-G42	-	0	UNCITED — the DECLARATION is the source that is correct in all four (JLS side: JLS 15.12.4.2, 18): a generic vararg's COMPONENT element type has four layered sources
f19ad35b5053	catalog(uncited)	handled	JS-G43	-	0	UNCITED — each form is a different lambda, and `Flags.isStatic` is the discriminator (JLS side: JLS 15.13): METHOD REFERENCES are five forms sharing one syntax — static, unbound, bound, constructor, array constructor
0ba9aa82c787	catalog(uncited)	handled	JS-G49	-	0	UNCITED — scala has no subsignature rule; a method with no type parameters cannot override one with them (JLS side: JLS 8.4.2, 8.4.8.1): an UNCHECKED override: java lets a method's ERASURE be a SUBSIGNATURE of a generic one
864970b851e2	catalog(uncited)	handled	JS-S01	-	0	UNCITED — `boundary`/`break` resolve the innermost `Label` in implicit scope (JLS side: JLS 14.15, 14.16): an unlabelled `break`/`continue` binds LEXICALLY to the innermost enclosing loop or switch
baa652a5468f	catalog(uncited)	handled	JS-S02	-	0	UNCITED — Scala has no labelled statement; a named `boundary` is the image (JLS side: JLS 14.7): a LABEL sits on any statement, not only on a loop
151125719bb7	catalog(uncited)	handled	JS-S03	-	0	UNCITED — `boundary.break` with no `using` resolves the innermost `Label` (JLS side: JLS 14.15): a `boundary` the emitter INTERPOSES steals the enclosing loop's un-annotated jumps
275c52696dbc	catalog(uncited)	handled	JS-S04	-	0	UNCITED — a `match` arm never falls through (JLS side: JLS 14.11.3): switch FALLTHROUGH runs the next case's statements
992f43fbf6e0	catalog(uncited)	handled	JS-S05	-	0	UNCITED — an unmatched `match` throws `MatchError` (JLS side: JLS 14.11.3): a `switch` with no `default` FALLS OUT; a `match` with no `case _` throws
cf8f90e23ba9	catalog(uncited)	handled	JS-S06	-	0	UNCITED — a `match` arm cannot be left early (JLS side: JLS 14.15): an unlabelled `break` in the MIDDLE of a case ends the CASE
7f10e6c09f25	catalog(uncited)	handled	JS-S07	-	0	UNCITED — no counterpart; the two must be told apart before stripping (JLS side: JLS 14.15): only an UNLABELLED trailing `break` terminates a case; a labelled one leaves the LOOP
97b9cfa9f5c3	catalog(uncited)	handled	JS-S08	-	0	UNCITED — `null` matches no literal pattern and reaches the last arm (JLS side: JLS 14.11.2): a `null` selector throws NPE IMPLICITLY — a classic switch has no `case null` to opt out with
0f3c40f5f2f7	catalog(uncited)	handled	JS-S09	-	0	UNCITED — a `match` is already an expression, so the image exists (JLS side: JLS 15.28, 14.21): switch EXPRESSIONS and `yield`
430dd93f51a8	catalog(uncited)	handled	JS-S11	-	0	UNCITED — `scala.util.boundary.Break` extends `RuntimeException` (JLS side: JLS 14.15, 14.20): a translated CATCH swallows a translated JUMP — `boundary.Break` is a `RuntimeException`
ddb00ef3eec4	catalog(uncited)	handled	JS-S13	-	0	UNCITED — no counterpart statement; `Using` is not one (it is a lambda) (JLS side: JLS 14.20.3): try-with-resources closes on ANY completion, in reverse order, before this try's own catch
60e97f8ed28b	catalog(uncited)	handled	JS-S14	-	0	UNCITED — a union type in the pattern (JLS side: JLS 14.20): multi-catch `A | B`
974224a3c2de	catalog(uncited)	handled	JS-S15	-	0	UNCITED — the same, by construction of the emitted loop (JLS side: JLS 14.14.2): the enhanced-for expression is evaluated ONCE, and arrays and `Iterable` differ
a36f6e8ee774	catalog(uncited)	handled	JS-S16	-	0	UNCITED — a `for` binding is a `val` (JLS side: JLS 14.14.2): the enhanced-for BINDING may be reassigned in the body, and may be declared at a supertype
98ba228d9f2d	catalog(uncited)	handled	JS-S17	-	0	UNCITED — `while` has no update clause, so it has to be placed (JLS side: JLS 14.14.1): the classic `for`'s UPDATE runs on `continue`, and its `ForInit` scopes to the loop
d461084a2020	catalog(uncited)	handled	JS-S18	-	0	UNCITED — Scala 3 has no `do`-`while`; `while ({ body; cond }) ()` is the image (JLS side: JLS 14.13): `do`-`while` — Scala 3 removed it
62291c7fd294	catalog(uncited)	handled	JS-S21	-	0	UNCITED — a `return` in a Scala lambda is a non-local return from the enclosing method (JLS side: JLS 15.27.2): `return` inside a lambda body returns from the LAMBDA, not from the method
bd6e520e2d23	catalog(uncited)	handled	JS-S22	-	0	UNCITED — `.synchronized`, with the same monitor bytecode (JLS side: JLS 14.19): `synchronized` as a statement
1c3b367e92aa	catalog(uncited)	handled	JS-S25	-	0	UNCITED — Scala has no unreachable-statement rule (JLS side: JLS 14.21): Java REJECTS unreachable code and Scala allows it — composed with `break`
1c32968f82ee	catalog(uncited)	non-diff	JS-C11	-	0	UNCITED — the same JVM mechanism (JLS side: JLS 12.4.2): a superclass is initialised before its subclass
420f8947e9ff	catalog(uncited)	non-diff	JS-C15	-	0	UNCITED — the identical hazard (JLS side: JLS 12.5): a virtual call from a constructor sees UNINITIALISED subclass state
7f39b3ac3114	catalog(uncited)	non-diff	JS-C27	-	0	UNCITED — the same rule (JLS side: JLS 8.4.8.3): covariant return types
fcfdede1771b	catalog(uncited)	non-diff	JS-C28	-	0	UNCITED — a source-to-source port never sees one (JLS side: JLS 13.1): bridge methods
ba28de187562	catalog(uncited)	non-diff	JS-C32	-	0	UNCITED — Scala captures a `var` too, so it is a superset (JLS side: JLS 4.12.4): a captured local must be EFFECTIVELY FINAL in Java
5636d9e7c1a1	catalog(uncited)	non-diff	JS-C35	-	0	UNCITED — a private trait member is the image (JLS side: JLS 9.4): interface `private` methods
56c451bc112c	catalog(uncited)	non-diff	JS-E08	-	0	UNCITED — the same distinction exists, with the same bytecode (JLS side: JLS 15.22.2): `&`/`|`/`^` on `boolean` are non-short-circuit and `&&`/`||` are not
261cc8583230	catalog(uncited)	non-diff	JS-E09	-	0	UNCITED — the shift operators mask identically on the JVM (JLS side: JLS 15.19): a shift distance is masked to the operand's width
74252df3bd41	catalog(uncited)	non-diff	JS-E10	-	0	UNCITED — shared JVM instructions (JLS side: JLS 15.17): integer division and remainder, and the floating-point edge cases
e05a70ecb428	catalog(uncited)	non-diff	JS-E11	-	0	UNCITED — the same evaluation order (JLS side: JLS 15.26.1, 10.4): an array store evaluates its operands before the bounds check
c4f2f43a2b59	catalog(uncited)	non-diff	JS-E12	-	0	UNCITED — the same order (JLS side: JLS 15.12.4.1, 15.12.4.4): the receiver's null check happens after the arguments are evaluated
8faf04024f4b	catalog(uncited)	non-diff	JS-G19	-	0	UNCITED — the same erasure, and javac already rejected the clash (JLS side: JLS 4.6, 8.4.2): post-erasure overload clash
d6776d4b162e	catalog(uncited)	non-diff	JS-G24	-	0	UNCITED — the same unboxing, through the same wrapper method (JLS side: JLS 5.1.8): unboxing `null` throws NPE
a5bf97900dd8	catalog(uncited)	non-diff	JS-G28	-	0	UNCITED — `Predef.Integer2int` applies where Java unboxed (JLS side: JLS 5.1.7): the `Int`/`Integer` boundary, and scalac's own boxing
548e67ff7aa6	catalog(uncited)	non-diff	JS-S20	-	0	UNCITED — Scala permits the shadowing Java rejects (JLS side: JLS 14.4.3): redeclaring a local in a nested block
7d8932747dbf	catalog(uncited)	non-diff	JS-S24	-	0	UNCITED — the same `athrow` (JLS side: JLS 14.18): `throw null`
7e52b616aeb9	catalog(uncited)	open	JS-C12	-	0	UNCITED — Scala reads the field's default rather than rejecting (JLS side: JLS 8.3.3): a FORWARD REFERENCE to a later field is a Java compile error and a silent default read in Scala
737cb70cfc1e	catalog(uncited)	open	JS-G02	-	0	UNCITED — Scala captures per use, so the two uses are unrelated (JLS side: JLS 5.1.10): CAPTURE CONVERSION relates two uses of one wildcard in a single expression
848f3c3cb684	catalog(uncited)	open	JS-G16	-	0	UNCITED — `Array[T]` construction requires a `ClassTag[T]` in scope (JLS side: JLS 15.10.1): Scala's `Array[T]` needs a `ClassTag` to be CONSTRUCTED
7fcce12e4d53	catalog(uncited)	open	JS-G36	-	0	UNCITED — an override's own bounds must match the parent's, not be re-derived (JLS side: JLS 8.4.4, 8.4.2): an override's TYPE-PARAMETER BOUNDS must be copied from the parent
2a69d596b86d	catalog(uncited)	open	JS-S23	-	0	UNCITED — Scala's `assert` runs unless elided at COMPILE time by `-Xelide-below` (JLS side: JLS 14.10): `assert` is enabled at RUN TIME by `-ea` and OFF by default, so the condition is not evaluated
da9fdd090960	catalog(uncited)	partial	JS-C07	-	0	UNCITED — a Scala object initialises on first access to any member (JLS side: JLS 12.4.1): JLS's class-initialisation TRIGGER list vs Scala's uniform accessor trigger
46945079273e	catalog(uncited)	partial	JS-C10	-	0	UNCITED — a scala module in a MUTUAL cycle has no MODULE$ yet, and throws (JLS side: JLS 12.4.2): circular class initialisation delivers DEFAULT values on the same thread
3eb95dacff41	catalog(uncited)	partial	JS-C13	-	0	UNCITED — a Scala class body IS its constructor, so the sequence is an emission order (JLS side: JLS 12.5): JLS 12.5's instance-creation sequence, whole
b6cd5a2dc738	catalog(uncited)	partial	JS-C17	-	0	UNCITED — the anonymous class carries its captures the same way (JLS side: JLS 8.6, 15.9.5): double-brace initialisation is an anonymous subclass plus an instance initialiser
d905aea93fab	catalog(uncited)	partial	JS-C21	-	0	UNCITED — an overload defined later in the file is not visible to an earlier one (JLS side: JLS 8.8.8, 15.9.3): constructor overload resolution, against Scala's textual-anteriority rule
e1fb5d56403a	catalog(uncited)	partial	JS-C22	-	0	UNCITED — Scala resolves in one phase, with implicit conversions and defaults in scope (JLS side: JLS 15.12.2): Java's THREE-PHASE applicability (strict, then loose, then varargs) has no Scala counterpart
333708aa11b1	catalog(uncited)	partial	JS-C23	-	0	UNCITED — the relative-weight rule prefers the non-polymorphic alternative (JLS side: JLS 15.12.2.5): most-specific tie-break: Scala prefers a NON-GENERIC alternative and Java does not
ae5cfa19d12e	catalog(uncited)	partial	JS-C33	-	0	UNCITED — linearization picks the last mixin, which is not Java's answer (JLS side: JLS 9.4.1): the interface default-method diamond is resolved by JLS's two rules, not by trait linearization
a340c7c8bf95	catalog(uncited)	partial	JS-C40	-	0	UNCITED — an anonymous subclass per constant (JLS side: JLS 8.9.1): enum constants with PER-CONSTANT class bodies
261c9cf8e01e	catalog(uncited)	partial	JS-C43	-	0	UNCITED — a case class differs in accessor naming, in three facets of `toString`, in `hashCode`, in float equality and in what its extractor reads (JLS side: JLS 8.10): Java `record`
81408e8bc1b8	catalog(uncited)	partial	JS-C44	-	0	UNCITED — Scala has no `non-sealed` and no explicit `permits`; `sealed` restricts extension to the declaring FILE (JLS side: JLS 8.1.1.2, 9.1.1.4): `sealed` / `non-sealed` / `permits`
cc2a0541da83	catalog(uncited)	partial	JS-E06	-	0	UNCITED — `asInstanceOf` converts at a statically primitive type and checks otherwise (JLS side: JLS 5.5): a primitive cast is a CONVERSION in Java and an assertion in Scala once a phase has retyped the value
fd095324d8b5	catalog(uncited)	partial	JS-E07	-	0	UNCITED — weak conformance does not apply at a type-parameter slot (JLS side: JLS 5.6.2): binary numeric promotion does not reach a GENERIC call boundary
5825ef13bc59	catalog(uncited)	partial	JS-G14	-	0	UNCITED — the target type of the boxing is the wrapper class (JLS side: JLS 5.1.7, 5.3): a primitive at a generic slot boxes to the WRAPPER, not to the formal
6b82c730de56	catalog(uncited)	partial	JS-G20	-	0	UNCITED — the JLS timing is automatic; the retyping interaction is not (JLS side: JLS 5.5, 5.1.9): an unchecked cast's TIMING — a cast that only becomes impossible AFTER a retyping
9a63f98ef44f	catalog(uncited)	partial	JS-G21	-	0	UNCITED — Scala patterns bind, but the binding's SCOPE has no image (JLS side: JLS 4.7, 15.20.2): `instanceof` is restricted to REIFIABLE types, and SE16 added a pattern binding
e445206dd30c	catalog(uncited)	partial	JS-G41	-	0	UNCITED — no `@SafeVarargs` and no unchecked-vararg warning exist, so the unsoundness is carried over unmarked (JLS side: JLS 9.6.4.7, 4.12.2): `@SafeVarargs` and heap pollution
37f11477a37d	catalog(uncited)	partial	JS-S10	-	0	UNCITED — a scala typed pattern is the image of one half and a constructor pattern over JS-C43's derived extractor is the image of the other (JLS side: JLS 14.11.1, 14.30): pattern and record switch, with sealed exhaustiveness
c04d5171b5d5	catalog(uncited)	partial	JS-S12	-	0	UNCITED — the same rule; what is missing is a test of it (JLS side: JLS 14.20.2): a `finally` completing abruptly DISCARDS the try's own abrupt completion
e99b4ca06c8d	catalog(uncited)	partial	JS-S19	-	0	UNCITED — Scala requires an initialiser instead, so the analysis has no image (JLS side: JLS 16): definite assignment for LOCALS — Java rejects a read before assignment
3aec4136cd71	catalog(uncited)	refused	JS-G10	-	0	UNCITED — no faithful Scala image exists (JLS side: JLS 4.8, 15.9.5): a RAW anonymous class WITH a body
61dcbf0d631c	catalog(uncited)	refused	JS-G11	-	0	UNCITED — a genuine expressiveness limit; four closing attempts measured worse (JLS side: JLS 4.5, 4.8): a partially-nameable F-BOUNDED raw fill
98173e954588	catalog(undischarged)	declared open	JS-C12	com/kotcrab/vis/ui/FocusManager.java	30	ValDef/Either lowered 1769 time(s) without consulting it — a FORWARD REFERENCE to a later field is a Java compile error and a silent default read in Scala
0b7e8a4b9afa	catalog(undischarged)	declared open	JS-E17	../../../../../libgdx/gdx/src/com/badlogic/gdx/InputEventQueue.java	55	CtOperatorAssignment/Statement lowered 1792 time(s) without consulting it — a compound assignment and `++`/`--` evaluate the LVALUE ONCE — its array reference, its index, its target
9f8e2dd729da	catalog(undischarged)	declared open	JS-G02	<synthetic>	0	CtWildcardReference/Either lowered 1295 time(s) without consulting it — CAPTURE CONVERSION relates two uses of one wildcard in a single expression
9915714d7245	catalog(undischarged)	declared open	JS-G16	com/kotcrab/vis/ui/Locales.java	168	NewArray/Either lowered 22 time(s) without consulting it — Scala's `Array[T]` needs a `ClassTag` to be CONSTRUCTED
c31eaea59ec6	catalog(undischarged)	declared open	JS-G36	com/kotcrab/vis/ui/FocusManager.java	37	DefDef/Either lowered 2129 time(s) without consulting it — an override's TYPE-PARAMETER BOUNDS must be copied from the parent
17de2f733972	catalog(unmechanised)	partial	JS-G20	-	0	the row is per-phase DISCIPLINE across every retyping phase rather than one mechanism, so there is no dispatch and no single phase that could own the citation; what measures it is the `collection-retarget` lane (`RetargetBoundaryCheck`), which runs beside the obligation log and not through it: an unchecked cast's TIMING — a cast that only becomes impossible AFTER a retyping
6c4d695fa9eb	catalog(unreached)	handled	JS-C30	-	0	never reached by this port — SpoonTir.stmtArm's CtClass arm -> SpoonTir.classDef with the enclosing EXECUTABLE as owner and SpoonTir.localName for java's source name; the anonymous-class body wiring reused verbatim for captures and for `this`; StandardTraversal.allClassDefs, which is what every whole-program pass walks to reach it at all: method-LOCAL named classes
598b3ef5cbfd	catalog(unreached)	handled	JS-C42	-	0	never reached by this port — CollectionsTransform.typeMap sends both to balticporter.runtime.JavaEnumMap/JavaEnumSet, which order by ordinal; JavaEnumCollectionsSpec asserts the order against an insertion order that would expose a stdlib map: `EnumMap`/`EnumSet` GUARANTEE declaration-order iteration
8230f0326cf9	catalog(unreached)	handled	JS-G33	-	0	never reached by this port — TirEmitter.samAscribed: SAM conversion eligibility
0b212b837e2a	catalog(unreached)	handled	JS-S09	-	0	never reached by this port — SpoonTir.switchExpr — no fall-out arm, since the JLS makes a switch expression exhaustive; `yield` peeled at the tail and carried as Tree.Yield elsewhere, which TirEmitter.matchStr wraps in a value-carrying arm boundary: switch EXPRESSIONS and `yield`
899ecbae6578	catalog(unreached)	open	JS-C12	-	0	never reached by this port — nothing detects it; order preservation is the only mitigation, and TirEmitter.orderBody's `forward reference` note is about promoted LOCALS: a FORWARD REFERENCE to a later field is a Java compile error and a silent default read in Scala
f32a5ad99295	catalog(unreached)	open	JS-E17	-	0	never reached by this port — SpoonTir.stmtArm's CtOperatorAssignment and CtUnaryOperator arms, and exprArm's twins — each translates the lvalue once and USES the translation twice: a compound assignment and `++`/`--` evaluate the LVALUE ONCE — its array reference, its index, its target
44fa26dac023	catalog(unreached)	open	JS-G02	-	0	never reached by this port — no rewrite exists; the fix is local (bind to a named local) and none is synthesised: CAPTURE CONVERSION relates two uses of one wildcard in a single expression
8a5797530e5d	catalog(unreached)	open	JS-G16	-	0	never reached by this port — TirEmitter's Tree.NewArray arm is where the construction is written and where the tag would have to be; RewriteTrace's scaladoc names this as the canonical hand-built rewrite, and nothing synthesises it. LATENT rather than dormant: java forbids `new T[n]`, and the one path that MINTS a NewArray (SpoonTir.varargPack) resolves a concrete element type first: Scala's `Array[T]` needs a `ClassTag` to be CONSTRUCTED
5b2447d63d6a	catalog(unreached)	open	JS-G36	-	0	never reached by this port — no symbol copies parent bounds; SpoonTir.erasureOfFormal is per-declaration: an override's TYPE-PARAMETER BOUNDS must be copied from the parent
4f1a6f635368	catalog(unreached)	open	JS-S23	-	0	never reached by this port — SpoonTir's CtAssert -> Tir.Tree.Assert -> TirEmitter's unconditional `assert(...)`; no decision, no note, no check: `assert` is enabled at RUN TIME by `-ea` and OFF by default, so the condition is not evaluated
e81d70943de3	catalog(unreached)	partial	JS-E07	-	0	never reached by this port — TestFrameworkTransform.promote: binary numeric promotion does not reach a GENERIC call boundary
a7dd037f7340	collection-boundary	OpaqueEgress	@4#equals(java.lang.Object)	com/kotcrab/vis/ui/building/utilities/Nullables.java	58	argument (external callee, java.lang.Object formal): java.lang.Object#equals: Found a value this port may have retyped / Required java's own representation, IF this callee reads it
1fecc71f1440	collection-boundary	OpaqueEgress	@51681#invoke(java.lang.Object,java.lang.Object[])	com/kotcrab/vis/ui/widget/file/FileUtils.java	175	argument (external callee, java.lang.Object formal): java.lang.reflect.Method#invoke: Found a value this port may have retyped / Required java's own representation, IF this callee reads it
20e7aa555216	context-seam	captured-context	com.kotcrab.vis.ui.building.utilities.layouts.TableLayout#HORIZONTAL#convertToActor	com/kotcrab/vis/ui/building/utilities/layouts/TableLayout.java	45	the read is inside a lexically nested body whose own signature could not change, so the context is captured from the enclosing declaration's clause [key=com.badlogic.gdx.Gdx]
a8b00d3b6b4b	context-seam	captured-context	com.kotcrab.vis.ui.building.utilities.layouts.TableLayout#VERTICAL#convertToActor	com/kotcrab/vis/ui/building/utilities/layouts/TableLayout.java	38	the read is inside a lexically nested body whose own signature could not change, so the context is captured from the enclosing declaration's clause [key=com.badlogic.gdx.Gdx]
b78cfabc78fe	context-seam	captured-context	com.kotcrab.vis.ui.util.async.AsyncTaskProgressDialog$165#failed	com/kotcrab/vis/ui/util/async/AsyncTaskProgressDialog.java	74	the read is inside a lexically nested body whose own signature could not change, so the context is captured from the enclosing declaration's clause [key=com.badlogic.gdx.Gdx]
cd3d338a87cd	context-seam	captured-context	com.kotcrab.vis.ui.util.dialog.Dialogs$DetailsDialog$174#changed	com/kotcrab/vis/ui/util/dialog/Dialogs.java	463	the read is inside a lexically nested body whose own signature could not change, so the context is captured from the enclosing declaration's clause [key=com.badlogic.gdx.Gdx]
a2aca4b27a11	context-seam	captured-context	com.kotcrab.vis.ui.widget.LinkLabel$177#clicked	com/kotcrab/vis/ui/widget/LinkLabel.java	104	the read is inside a lexically nested body whose own signature could not change, so the context is captured from the enclosing declaration's clause [key=com.badlogic.gdx.Gdx]
3e00c0d5205a	context-seam	captured-context	com.kotcrab.vis.ui.widget.LinkLabel$177#enter	com/kotcrab/vis/ui/widget/LinkLabel.java	113	the read is inside a lexically nested body whose own signature could not change, so the context is captured from the enclosing declaration's clause [key=com.badlogic.gdx.Gdx]
36c600619549	context-seam	captured-context	com.kotcrab.vis.ui.widget.LinkLabel$177#exit	com/kotcrab/vis/ui/widget/LinkLabel.java	119	the read is inside a lexically nested body whose own signature could not change, so the context is captured from the enclosing declaration's clause [key=com.badlogic.gdx.Gdx]
8b28638446d1	context-seam	captured-context	com.kotcrab.vis.ui.widget.VisTextField$201#enter	com/kotcrab/vis/ui/widget/VisTextField.java	152	the read is inside a lexically nested body whose own signature could not change, so the context is captured from the enclosing declaration's clause [key=com.badlogic.gdx.Gdx]
4e2073b8f368	context-seam	captured-context	com.kotcrab.vis.ui.widget.VisTextField$201#exit	com/kotcrab/vis/ui/widget/VisTextField.java	160	the read is inside a lexically nested body whose own signature could not change, so the context is captured from the enclosing declaration's clause [key=com.badlogic.gdx.Gdx]
d7451492ed55	context-seam	captured-context	com.kotcrab.vis.ui.widget.color.internal.ColorInputField$221#keyTyped	com/kotcrab/vis/ui/widget/color/internal/ColorInputField.java	59	the read is inside a lexically nested body whose own signature could not change, so the context is captured from the enclosing declaration's clause [key=com.badlogic.gdx.Gdx]
d7451492ed55/2	context-seam	captured-context	com.kotcrab.vis.ui.widget.color.internal.ColorInputField$221#keyTyped	com/kotcrab/vis/ui/widget/color/internal/ColorInputField.java	60	the read is inside a lexically nested body whose own signature could not change, so the context is captured from the enclosing declaration's clause [key=com.badlogic.gdx.Gdx]
b45642bb06d2	context-seam	captured-context	com.kotcrab.vis.ui.widget.file.FileChooser$234#touchDown	com/kotcrab/vis/ui/widget/file/FileChooser.java	413	the read is inside a lexically nested body whose own signature could not change, so the context is captured from the enclosing declaration's clause [key=com.badlogic.gdx.Gdx]
dd2a9e102706	context-seam	captured-context	com.kotcrab.vis.ui.widget.file.FileChooser$241#changed	com/kotcrab/vis/ui/widget/file/FileChooser.java	562	the read is inside a lexically nested body whose own signature could not change, so the context is captured from the enclosing declaration's clause [key=com.badlogic.gdx.Gdx]
e318667f0d08	context-seam	captured-context	com.kotcrab.vis.ui.widget.file.FileChooser$244#keyDown	com/kotcrab/vis/ui/widget/file/FileChooser.java	638	the read is inside a lexically nested body whose own signature could not change, so the context is captured from the enclosing declaration's clause [key=com.badlogic.gdx.Gdx]
13bdcfe8f85d	context-seam	captured-context	com.kotcrab.vis.ui.widget.file.FileChooser$244#keyTyped	com/kotcrab/vis/ui/widget/file/FileChooser.java	654	the read is inside a lexically nested body whose own signature could not change, so the context is captured from the enclosing declaration's clause [key=com.badlogic.gdx.Gdx]
b3cb877ebe7e	context-seam	captured-context	com.kotcrab.vis.ui.widget.file.FileChooser$251#finished	com/kotcrab/vis/ui/widget/file/FileChooser.java	1506	the read is inside a lexically nested body whose own signature could not change, so the context is captured from the enclosing declaration's clause [key=com.badlogic.gdx.Gdx]
b3cb877ebe7e/2	context-seam	captured-context	com.kotcrab.vis.ui.widget.file.FileChooser$251#finished	com/kotcrab/vis/ui/widget/file/FileChooser.java	1512	the read is inside a lexically nested body whose own signature could not change, so the context is captured from the enclosing declaration's clause [key=com.badlogic.gdx.Gdx]
b3cb877ebe7e/3	context-seam	captured-context	com.kotcrab.vis.ui.widget.file.FileChooser$251#finished	com/kotcrab/vis/ui/widget/file/FileChooser.java	1520	the read is inside a lexically nested body whose own signature could not change, so the context is captured from the enclosing declaration's clause [key=com.badlogic.gdx.Gdx]
af37c8953187	context-seam	captured-context	com.kotcrab.vis.ui.widget.file.FileChooser$252#yes	com/kotcrab/vis/ui/widget/file/FileChooser.java	1534	the read is inside a lexically nested body whose own signature could not change, so the context is captured from the enclosing declaration's clause [key=com.badlogic.gdx.Gdx]
af37c8953187/2	context-seam	captured-context	com.kotcrab.vis.ui.widget.file.FileChooser$252#yes	com/kotcrab/vis/ui/widget/file/FileChooser.java	1537	the read is inside a lexically nested body whose own signature could not change, so the context is captured from the enclosing declaration's clause [key=com.badlogic.gdx.Gdx]
2f4df6948c77	context-seam	captured-context	com.kotcrab.vis.ui.widget.file.FileChooser$ShortcutItem$260#clicked	com/kotcrab/vis/ui/widget/file/FileChooser.java	2119	the read is inside a lexically nested body whose own signature could not change, so the context is captured from the enclosing declaration's clause [key=com.badlogic.gdx.Gdx]
42513443c10e	context-seam	captured-context	com.kotcrab.vis.ui.widget.file.internal.FilePopupMenu$277#clicked	com/kotcrab/vis/ui/widget/file/internal/FilePopupMenu.java	87	the read is inside a lexically nested body whose own signature could not change, so the context is captured from the enclosing declaration's clause [key=com.badlogic.gdx.Gdx]
2ef2d3199bfe	context-seam	captured-context	com.kotcrab.vis.ui.widget.file.internal.FileSuggestionPopup$281#changed	com/kotcrab/vis/ui/widget/file/internal/FileSuggestionPopup.java	59	the read is inside a lexically nested body whose own signature could not change, so the context is captured from the enclosing declaration's clause [key=com.badlogic.gdx.Gdx]
3c0ca4bcf851	context-seam	captured-context	com.kotcrab.vis.ui.widget.tabbedpane.TabbedPane$TabButtonTable$301#enter	com/kotcrab/vis/ui/widget/tabbedpane/TabbedPane.java	664	the read is inside a lexically nested body whose own signature could not change, so the context is captured from the enclosing declaration's clause [key=com.badlogic.gdx.Gdx]
3f8227936a02	context-seam	captured-context	com.kotcrab.vis.ui.widget.tabbedpane.TabbedPane$TabButtonTable$301#touchDown	com/kotcrab/vis/ui/widget/tabbedpane/TabbedPane.java	630	the read is inside a lexically nested body whose own signature could not change, so the context is captured from the enclosing declaration's clause [key=com.badlogic.gdx.Gdx]
6010e8383c4a	context-seam	captured-context	file	com/kotcrab/vis/ui/widget/file/FileChooser.java	323	the read is inside a lexically nested body whose own signature could not change, so the context is captured from the enclosing declaration's clause [key=com.badlogic.gdx.Gdx]
44518c3cfef8	context-seam	captured-context	gdxFile	com/kotcrab/vis/ui/widget/file/FileChooser.java	2087	the read is inside a lexically nested body whose own signature could not change, so the context is captured from the enclosing declaration's clause [key=com.badlogic.gdx.Gdx]
a70a79986682	context-seam	captured-context	item	com/kotcrab/vis/ui/widget/file/FileChooser.java	852	the read is inside a lexically nested body whose own signature could not change, so the context is captured from the enclosing declaration's clause [key=com.badlogic.gdx.Gdx]
3c2372058e43	context-seam	frozen-component	com.kotcrab.vis.ui.building.utilities.layouts.TableLayout#grid	com/kotcrab/vis/ui/building/utilities/layouts/TableLayout.java	66	not threaded: the component reaches 1 declaration(s) this program does not parse and cannot move: java.lang.Enum#grid [key=com.badlogic.gdx.Gdx]
ba8a2d2b880d	context-seam	self-supplied	com.kotcrab.vis.ui.Locales$CommonText	com/kotcrab/vis/ui/Locales.java	142	not threaded: the port declared this type framework-instantiated, so it takes the context from a `given` member of its own rather than from a constructor parameter no reflective instantiation could supply [key=com.kotcrab.vis.ui.Locales$CommonText]
a5b5c2ca36d9	context-seam	self-supplied	com.kotcrab.vis.ui.VisUI$SkinScale	com/kotcrab/vis/ui/VisUI.java	42	not threaded: the port declared this type framework-instantiated, so it takes the context from a `given` member of its own rather than from a constructor parameter no reflective instantiation could supply [key=com.kotcrab.vis.ui.VisUI$SkinScale]
8ab5944b38d7	context-seam	self-supplied	com.kotcrab.vis.ui.building.utilities.layouts.TableLayout	com/kotcrab/vis/ui/building/utilities/layouts/TableLayout.java	33	not threaded: the port declared this type framework-instantiated, so it takes the context from a `given` member of its own rather than from a constructor parameter no reflective instantiation could supply [key=com.kotcrab.vis.ui.building.utilities.layouts.TableLayout]
85212498893f	context-seam	self-supplied	com.kotcrab.vis.ui.util.dialog.Dialogs$Text	com/kotcrab/vis/ui/util/dialog/Dialogs.java	577	not threaded: the port declared this type framework-instantiated, so it takes the context from a `given` member of its own rather than from a constructor parameter no reflective instantiation could supply [key=com.kotcrab.vis.ui.util.dialog.Dialogs$Text]
dba2b49853e8	context-seam	self-supplied	com.kotcrab.vis.ui.widget.ButtonBar$ButtonType	com/kotcrab/vis/ui/widget/ButtonBar.java	154	not threaded: the port declared this type framework-instantiated, so it takes the context from a `given` member of its own rather than from a constructor parameter no reflective instantiation could supply [key=com.kotcrab.vis.ui.widget.ButtonBar$ButtonType]
8796064818a4	context-seam	self-supplied	com.kotcrab.vis.ui.widget.color.internal.ColorPickerText	com/kotcrab/vis/ui/widget/color/internal/ColorPickerText.java	28	not threaded: the port declared this type framework-instantiated, so it takes the context from a `given` member of its own rather than from a constructor parameter no reflective instantiation could supply [key=com.kotcrab.vis.ui.widget.color.internal.ColorPickerText]
e85d90977001	context-seam	self-supplied	com.kotcrab.vis.ui.widget.file.internal.FileChooserText	com/kotcrab/vis/ui/widget/file/internal/FileChooserText.java	28	not threaded: the port declared this type framework-instantiated, so it takes the context from a `given` member of its own rather than from a constructor parameter no reflective instantiation could supply [key=com.kotcrab.vis.ui.widget.file.internal.FileChooserText]
f7c426e34d7c	context-seam	self-supplied	com.kotcrab.vis.ui.widget.tabbedpane.TabbedPane$Text	com/kotcrab/vis/ui/widget/tabbedpane/TabbedPane.java	737	not threaded: the port declared this type framework-instantiated, so it takes the context from a `given` member of its own rather than from a constructor parameter no reflective instantiation could supply [key=com.kotcrab.vis.ui.widget.tabbedpane.TabbedPane$Text]
1b9ae3a996a4	context-seam	unconstructed-thread	com.kotcrab.vis.ui.widget.color.ColorPicker	com/kotcrab/vis/ui/widget/color/ColorPicker.java	43	threaded, and NOTHING IN THIS PROGRAM CONSTRUCTS IT, while it extends `java.lang.AutoCloseable` which this program does not declare — the shape a framework instantiates. A reflective construction cannot supply the clause this class now takes; if that is what builds it, add a `selfSupplied` entry naming the expression that yields the context [key=com.badlogic.gdx.Gdx]
10d53776765c	context-seam	unsuppliable-use	com.kotcrab.vis.ui.widget.Draggable#BLOCKER	com/kotcrab/vis/ui/widget/Draggable.java	77	this declaration CONSTRUCTS `com.badlogic.gdx.scenes.scene2d.Actor`, which now takes a context, and a static field's initialiser runs at class initialisation, before anything could pass it a context — so the emitted code has no given in scope at this line [key=com.badlogic.gdx.Gdx]
95ca6ff01f4c	dependency-coverage	java.lang.ref.WeakReference	it	com/kotcrab/vis/ui/widget/file/internal/FileChooserWinService.java	151	Tycon — ScalaJs needs org.scala-js:::scalajs-weakreferences:1.0.0. This port declares 0 dependency/ies and no `verdictOverrides` entry for JS-P31: removed from Scala.js's core javalib in 1.6.0 — its maintainers took OUT a stub that silently held STRONG references rather than leave a wrong-but-compiling one, which is CLAUDE.md §3's argument made by a platform team about their own stdlib. The opt-in artifact implements it over ECMAScript 2021's WeakRef; Scala Native's is GC-integrated with a dedicated handler thread
b5b561758020	dependency-coverage	java.lang.ref.WeakReference	sge.visui.widget.file.internal.FileChooserWinService$ListenerSet#add	com/kotcrab/vis/ui/widget/file/internal/FileChooserWinService.java	147	Tycon — ScalaJs needs org.scala-js:::scalajs-weakreferences:1.0.0. This port declares 0 dependency/ies and no `verdictOverrides` entry for JS-P31: removed from Scala.js's core javalib in 1.6.0 — its maintainers took OUT a stub that silently held STRONG references rather than leave a wrong-but-compiling one, which is CLAUDE.md §3's argument made by a platform team about their own stdlib. The opt-in artifact implements it over ECMAScript 2021's WeakRef; Scala Native's is GC-integrated with a dedicated handler thread
bf539b9158f0	dependency-coverage	java.lang.ref.WeakReference	sge.visui.widget.file.internal.FileChooserWinService$ListenerSet#list	com/kotcrab/vis/ui/widget/file/internal/FileChooserWinService.java	144	Tycon — ScalaJs needs org.scala-js:::scalajs-weakreferences:1.0.0. This port declares 0 dependency/ies and no `verdictOverrides` entry for JS-P31: removed from Scala.js's core javalib in 1.6.0 — its maintainers took OUT a stub that silently held STRONG references rather than leave a wrong-but-compiling one, which is CLAUDE.md §3's argument made by a platform team about their own stdlib. The opt-in artifact implements it over ECMAScript 2021's WeakRef; Scala Native's is GC-integrated with a dedicated handler thread
bf539b9158f0/2	dependency-coverage	java.lang.ref.WeakReference	sge.visui.widget.file.internal.FileChooserWinService$ListenerSet#list	com/kotcrab/vis/ui/widget/file/internal/FileChooserWinService.java	144	Tycon — ScalaJs needs org.scala-js:::scalajs-weakreferences:1.0.0. This port declares 0 dependency/ies and no `verdictOverrides` entry for JS-P31: removed from Scala.js's core javalib in 1.6.0 — its maintainers took OUT a stub that silently held STRONG references rather than leave a wrong-but-compiling one, which is CLAUDE.md §3's argument made by a platform team about their own stdlib. The opt-in artifact implements it over ECMAScript 2021's WeakRef; Scala Native's is GC-integrated with a dedicated handler thread
bf0e2a642568	dependency-coverage	java.text.DecimalFormat	sge.visui.widget.file.FileUtils#readableFileSize	com/kotcrab/vis/ui/widget/file/FileUtils.java	80	Instantiate — ScalaJs needs io.github.cquiroz:::scala-java-locales:1.5.4; ScalaNative needs io.github.cquiroz:::scala-java-locales:1.5.4. This port declares 0 dependency/ies and no `verdictOverrides` entry for JS-L66: an ext-dummies placeholder with almost no surface on Scala.js and absent on Native; the artifact covers the family, setRoundingMode included
7f8bcc43732d	dependency-coverage	java.text.SimpleDateFormat	sge.visui.widget.file.FileChooser#dateFormat	com/kotcrab/vis/ui/widget/file/FileChooser.java	106	Instantiate — ScalaJs needs io.github.cquiroz:::scala-java-locales:1.5.4; ScalaNative needs io.github.cquiroz:::scala-java-locales:1.5.4. This port declares 0 dependency/ies and no `verdictOverrides` entry for JS-L67: an ext-dummies placeholder on Scala.js and absent on Native
431bb7294049	dependency-coverage	java.text.SimpleDateFormat	sge.visui.widget.file.FileChooser#dateFormat	com/kotcrab/vis/ui/widget/file/FileChooser.java	106	MemberType — ScalaJs needs io.github.cquiroz:::scala-java-locales:1.5.4; ScalaNative needs io.github.cquiroz:::scala-java-locales:1.5.4. This port declares 0 dependency/ies and no `verdictOverrides` entry for JS-L67: an ext-dummies placeholder on Scala.js and absent on Native
81a4b4b05628	dependency-coverage	java.util.Locale	?#locale	com/kotcrab/vis/ui/Locales.java	133	MemberType — ScalaJs needs io.github.cquiroz:::scala-java-locales:1.5.4; ScalaNative needs io.github.cquiroz:::scala-java-locales:1.5.4. This port declares 0 dependency/ies and no `verdictOverrides` entry for JS-L65: the same unpublished-stub story on Scala.js (its default is ROOT) and absent on Native. The replacement is CLDR-backed at a NEWER CLDR than the JDK's, so locale-derived STRINGS can differ from the JVM's even where the API matches
8ff46aebd6e4	dependency-coverage	java.util.Locale	sge.visui.Locales#locale	com/kotcrab/vis/ui/Locales.java	37	Instantiate — ScalaJs needs io.github.cquiroz:::scala-java-locales:1.5.4; ScalaNative needs io.github.cquiroz:::scala-java-locales:1.5.4. This port declares 0 dependency/ies and no `verdictOverrides` entry for JS-L65: the same unpublished-stub story on Scala.js (its default is ROOT) and absent on Native. The replacement is CLDR-backed at a NEWER CLDR than the JDK's, so locale-derived STRINGS can differ from the JVM's even where the API matches
2aee800d1d30	dependency-coverage	java.util.Locale	sge.visui.Locales#locale	com/kotcrab/vis/ui/Locales.java	37	MemberType — ScalaJs needs io.github.cquiroz:::scala-java-locales:1.5.4; ScalaNative needs io.github.cquiroz:::scala-java-locales:1.5.4. This port declares 0 dependency/ies and no `verdictOverrides` entry for JS-L65: the same unpublished-stub story on Scala.js (its default is ROOT) and absent on Native. The replacement is CLDR-backed at a NEWER CLDR than the JDK's, so locale-derived STRINGS can differ from the JVM's even where the API matches
725f3def36d5	dependency-coverage(all)	java.lang.ref.WeakReference	it	com/kotcrab/vis/ui/widget/file/internal/FileChooserWinService.java	151	Tycon — ScalaJs needs org.scala-js:::scalajs-weakreferences:1.0.0. This port declares 0 dependency/ies and no `verdictOverrides` entry for JS-P31: removed from Scala.js's core javalib in 1.6.0 — its maintainers took OUT a stub that silently held STRONG references rather than leave a wrong-but-compiling one, which is CLAUDE.md §3's argument made by a platform team about their own stdlib. The opt-in artifact implements it over ECMAScript 2021's WeakRef; Scala Native's is GC-integrated with a dedicated handler thread
ddd2197f78c7	dependency-coverage(all)	java.lang.ref.WeakReference	sge.visui.widget.file.internal.FileChooserWinService$ListenerSet#add	com/kotcrab/vis/ui/widget/file/internal/FileChooserWinService.java	147	Tycon — ScalaJs needs org.scala-js:::scalajs-weakreferences:1.0.0. This port declares 0 dependency/ies and no `verdictOverrides` entry for JS-P31: removed from Scala.js's core javalib in 1.6.0 — its maintainers took OUT a stub that silently held STRONG references rather than leave a wrong-but-compiling one, which is CLAUDE.md §3's argument made by a platform team about their own stdlib. The opt-in artifact implements it over ECMAScript 2021's WeakRef; Scala Native's is GC-integrated with a dedicated handler thread
c31feb06925e	dependency-coverage(all)	java.lang.ref.WeakReference	sge.visui.widget.file.internal.FileChooserWinService$ListenerSet#list	com/kotcrab/vis/ui/widget/file/internal/FileChooserWinService.java	144	Tycon — ScalaJs needs org.scala-js:::scalajs-weakreferences:1.0.0. This port declares 0 dependency/ies and no `verdictOverrides` entry for JS-P31: removed from Scala.js's core javalib in 1.6.0 — its maintainers took OUT a stub that silently held STRONG references rather than leave a wrong-but-compiling one, which is CLAUDE.md §3's argument made by a platform team about their own stdlib. The opt-in artifact implements it over ECMAScript 2021's WeakRef; Scala Native's is GC-integrated with a dedicated handler thread
c31feb06925e/2	dependency-coverage(all)	java.lang.ref.WeakReference	sge.visui.widget.file.internal.FileChooserWinService$ListenerSet#list	com/kotcrab/vis/ui/widget/file/internal/FileChooserWinService.java	144	Tycon — ScalaJs needs org.scala-js:::scalajs-weakreferences:1.0.0. This port declares 0 dependency/ies and no `verdictOverrides` entry for JS-P31: removed from Scala.js's core javalib in 1.6.0 — its maintainers took OUT a stub that silently held STRONG references rather than leave a wrong-but-compiling one, which is CLAUDE.md §3's argument made by a platform team about their own stdlib. The opt-in artifact implements it over ECMAScript 2021's WeakRef; Scala Native's is GC-integrated with a dedicated handler thread
b764f77f7a67	dependency-coverage(all)	java.text.DecimalFormat	sge.visui.widget.file.FileUtils#readableFileSize	com/kotcrab/vis/ui/widget/file/FileUtils.java	80	Instantiate — ScalaJs needs io.github.cquiroz:::scala-java-locales:1.5.4; ScalaNative needs io.github.cquiroz:::scala-java-locales:1.5.4. This port declares 0 dependency/ies and no `verdictOverrides` entry for JS-L66: an ext-dummies placeholder with almost no surface on Scala.js and absent on Native; the artifact covers the family, setRoundingMode included
2fc96cd69aae	dependency-coverage(all)	java.text.SimpleDateFormat	sge.visui.widget.file.FileChooser#dateFormat	com/kotcrab/vis/ui/widget/file/FileChooser.java	106	Instantiate — ScalaJs needs io.github.cquiroz:::scala-java-locales:1.5.4; ScalaNative needs io.github.cquiroz:::scala-java-locales:1.5.4. This port declares 0 dependency/ies and no `verdictOverrides` entry for JS-L67: an ext-dummies placeholder on Scala.js and absent on Native
fa1c7a76eb90	dependency-coverage(all)	java.text.SimpleDateFormat	sge.visui.widget.file.FileChooser#dateFormat	com/kotcrab/vis/ui/widget/file/FileChooser.java	106	MemberType — ScalaJs needs io.github.cquiroz:::scala-java-locales:1.5.4; ScalaNative needs io.github.cquiroz:::scala-java-locales:1.5.4. This port declares 0 dependency/ies and no `verdictOverrides` entry for JS-L67: an ext-dummies placeholder on Scala.js and absent on Native
4dc0f3e56db1	dependency-coverage(all)	java.util.Locale	?#locale	../../../../../libgdx/gdx/src/com/badlogic/gdx/assets/loaders/I18NBundleLoader.java	92	MemberType — ScalaJs needs io.github.cquiroz:::scala-java-locales:1.5.4; ScalaNative needs io.github.cquiroz:::scala-java-locales:1.5.4. This port declares 0 dependency/ies and no `verdictOverrides` entry for JS-L65: the same unpublished-stub story on Scala.js (its default is ROOT) and absent on Native. The replacement is CLDR-backed at a NEWER CLDR than the JDK's, so locale-derived STRINGS can differ from the JVM's even where the API matches
4e580ad3112d	dependency-coverage(all)	java.util.Locale	?#locale	com/kotcrab/vis/ui/Locales.java	133	MemberType — ScalaJs needs io.github.cquiroz:::scala-java-locales:1.5.4; ScalaNative needs io.github.cquiroz:::scala-java-locales:1.5.4. This port declares 0 dependency/ies and no `verdictOverrides` entry for JS-L65: the same unpublished-stub story on Scala.js (its default is ROOT) and absent on Native. The replacement is CLDR-backed at a NEWER CLDR than the JDK's, so locale-derived STRINGS can differ from the JVM's even where the API matches
5965a5f77db0	dependency-coverage(all)	java.util.Locale	@1340#createBundle(com.badlogic.gdx.files.FileHandle,java.util.Locale)#locale	../../../../../libgdx/gdx/src/com/badlogic/gdx/utils/I18NBundle.java	130	MemberType — ScalaJs needs io.github.cquiroz:::scala-java-locales:1.5.4; ScalaNative needs io.github.cquiroz:::scala-java-locales:1.5.4. This port declares 0 dependency/ies and no `verdictOverrides` entry for JS-L65: the same unpublished-stub story on Scala.js (its default is ROOT) and absent on Native. The replacement is CLDR-backed at a NEWER CLDR than the JDK's, so locale-derived STRINGS can differ from the JVM's even where the API matches
55d38e56db99	dependency-coverage(all)	java.util.Locale	@1340#createBundle(com.badlogic.gdx.files.FileHandle,java.util.Locale,java.lang.String)#locale	../../../../../libgdx/gdx/src/com/badlogic/gdx/utils/I18NBundle.java	154	MemberType — ScalaJs needs io.github.cquiroz:::scala-java-locales:1.5.4; ScalaNative needs io.github.cquiroz:::scala-java-locales:1.5.4. This port declares 0 dependency/ies and no `verdictOverrides` entry for JS-L65: the same unpublished-stub story on Scala.js (its default is ROOT) and absent on Native. The replacement is CLDR-backed at a NEWER CLDR than the JDK's, so locale-derived STRINGS can differ from the JVM's even where the API matches
e25ffb6a091c	dependency-coverage(all)	java.util.Locale	@1340#createBundleImpl(com.badlogic.gdx.files.FileHandle,java.util.Locale,java.lang.String)#locale	../../../../../libgdx/gdx/src/com/badlogic/gdx/utils/I18NBundle.java	158	MemberType — ScalaJs needs io.github.cquiroz:::scala-java-locales:1.5.4; ScalaNative needs io.github.cquiroz:::scala-java-locales:1.5.4. This port declares 0 dependency/ies and no `verdictOverrides` entry for JS-L65: the same unpublished-stub story on Scala.js (its default is ROOT) and absent on Native. The replacement is CLDR-backed at a NEWER CLDR than the JDK's, so locale-derived STRINGS can differ from the JVM's even where the API matches
45d299f11b50	dependency-coverage(all)	java.util.Locale	@1340#getCandidateLocales(java.util.Locale)#locale	../../../../../libgdx/gdx/src/com/badlogic/gdx/utils/I18NBundle.java	257	MemberType — ScalaJs needs io.github.cquiroz:::scala-java-locales:1.5.4; ScalaNative needs io.github.cquiroz:::scala-java-locales:1.5.4. This port declares 0 dependency/ies and no `verdictOverrides` entry for JS-L65: the same unpublished-stub story on Scala.js (its default is ROOT) and absent on Native. The replacement is CLDR-backed at a NEWER CLDR than the JDK's, so locale-derived STRINGS can differ from the JVM's even where the API matches
6faf8ba4907e	dependency-coverage(all)	java.util.Locale	@1340#getFallbackLocale(java.util.Locale)#locale	../../../../../libgdx/gdx/src/com/badlogic/gdx/utils/I18NBundle.java	289	MemberType — ScalaJs needs io.github.cquiroz:::scala-java-locales:1.5.4; ScalaNative needs io.github.cquiroz:::scala-java-locales:1.5.4. This port declares 0 dependency/ies and no `verdictOverrides` entry for JS-L65: the same unpublished-stub story on Scala.js (its default is ROOT) and absent on Native. The replacement is CLDR-backed at a NEWER CLDR than the JDK's, so locale-derived STRINGS can differ from the JVM's even where the API matches
fdd78b2a74ec	dependency-coverage(all)	java.util.Locale	@1340#loadBundle(com.badlogic.gdx.files.FileHandle,java.lang.String,java.util.Locale)#targetLocale	../../../../../libgdx/gdx/src/com/badlogic/gdx/utils/I18NBundle.java	316	MemberType — ScalaJs needs io.github.cquiroz:::scala-java-locales:1.5.4; ScalaNative needs io.github.cquiroz:::scala-java-locales:1.5.4. This port declares 0 dependency/ies and no `verdictOverrides` entry for JS-L65: the same unpublished-stub story on Scala.js (its default is ROOT) and absent on Native. The replacement is CLDR-backed at a NEWER CLDR than the JDK's, so locale-derived STRINGS can differ from the JVM's even where the API matches
70ff9459418e	dependency-coverage(all)	java.util.Locale	@1340#loadBundleChain(com.badlogic.gdx.files.FileHandle,java.lang.String,java.util.List,int,com.badlogic.gdx.utils.I18NBundle)#candidateLocales	../../../../../libgdx/gdx/src/com/badlogic/gdx/utils/I18NBundle.java	294	TypeArg — ScalaJs needs io.github.cquiroz:::scala-java-locales:1.5.4; ScalaNative needs io.github.cquiroz:::scala-java-locales:1.5.4. This port declares 0 dependency/ies and no `verdictOverrides` entry for JS-L65: the same unpublished-stub story on Scala.js (its default is ROOT) and absent on Native. The replacement is CLDR-backed at a NEWER CLDR than the JDK's, so locale-derived STRINGS can differ from the JVM's even where the API matches
759fa01b0310	dependency-coverage(all)	java.util.Locale	@1340#setLocale(java.util.Locale)#locale	../../../../../libgdx/gdx/src/com/badlogic/gdx/utils/I18NBundle.java	412	MemberType — ScalaJs needs io.github.cquiroz:::scala-java-locales:1.5.4; ScalaNative needs io.github.cquiroz:::scala-java-locales:1.5.4. This port declares 0 dependency/ies and no `verdictOverrides` entry for JS-L65: the same unpublished-stub story on Scala.js (its default is ROOT) and absent on Native. The replacement is CLDR-backed at a NEWER CLDR than the JDK's, so locale-derived STRINGS can differ from the JVM's even where the API matches
1a13e1e0a850	dependency-coverage(all)	java.util.Locale	@1340#toFileHandle(com.badlogic.gdx.files.FileHandle,java.util.Locale)#locale	../../../../../libgdx/gdx/src/com/badlogic/gdx/utils/I18NBundle.java	380	MemberType — ScalaJs needs io.github.cquiroz:::scala-java-locales:1.5.4; ScalaNative needs io.github.cquiroz:::scala-java-locales:1.5.4. This port declares 0 dependency/ies and no `verdictOverrides` entry for JS-L65: the same unpublished-stub story on Scala.js (its default is ROOT) and absent on Native. The replacement is CLDR-backed at a NEWER CLDR than the JDK's, so locale-derived STRINGS can differ from the JVM's even where the API matches
8b212c21782c	dependency-coverage(all)	java.util.Locale	@1750#<init>(java.util.Locale,java.lang.String)#locale	../../../../../libgdx/gdx/src/com/badlogic/gdx/assets/loaders/I18NBundleLoader.java	96	MemberType — ScalaJs needs io.github.cquiroz:::scala-java-locales:1.5.4; ScalaNative needs io.github.cquiroz:::scala-java-locales:1.5.4. This port declares 0 dependency/ies and no `verdictOverrides` entry for JS-L65: the same unpublished-stub story on Scala.js (its default is ROOT) and absent on Native. The replacement is CLDR-backed at a NEWER CLDR than the JDK's, so locale-derived STRINGS can differ from the JVM's even where the API matches
154e9cb37cf7	dependency-coverage(all)	java.util.Locale	@44428#<init>(java.util.Locale,boolean)#locale	../../../../../libgdx/gdx/src/com/badlogic/gdx/utils/TextFormatter.java	30	MemberType — ScalaJs needs io.github.cquiroz:::scala-java-locales:1.5.4; ScalaNative needs io.github.cquiroz:::scala-java-locales:1.5.4. This port declares 0 dependency/ies and no `verdictOverrides` entry for JS-L65: the same unpublished-stub story on Scala.js (its default is ROOT) and absent on Native. The replacement is CLDR-backed at a NEWER CLDR than the JDK's, so locale-derived STRINGS can differ from the JVM's even where the API matches
478586f164cf	dependency-coverage(all)	java.util.Locale	bundleLocale	../../../../../libgdx/gdx/src/com/badlogic/gdx/utils/I18NBundle.java	173	MemberType — ScalaJs needs io.github.cquiroz:::scala-java-locales:1.5.4; ScalaNative needs io.github.cquiroz:::scala-java-locales:1.5.4. This port declares 0 dependency/ies and no `verdictOverrides` entry for JS-L65: the same unpublished-stub story on Scala.js (its default is ROOT) and absent on Native. The replacement is CLDR-backed at a NEWER CLDR than the JDK's, so locale-derived STRINGS can differ from the JVM's even where the API matches
a2ed03838618	dependency-coverage(all)	java.util.Locale	candidateLocales	../../../../../libgdx/gdx/src/com/badlogic/gdx/utils/I18NBundle.java	166	TypeArg — ScalaJs needs io.github.cquiroz:::scala-java-locales:1.5.4; ScalaNative needs io.github.cquiroz:::scala-java-locales:1.5.4. This port declares 0 dependency/ies and no `verdictOverrides` entry for JS-L65: the same unpublished-stub story on Scala.js (its default is ROOT) and absent on Native. The replacement is CLDR-backed at a NEWER CLDR than the JDK's, so locale-derived STRINGS can differ from the JVM's even where the API matches
a1c689fb277b	dependency-coverage(all)	java.util.Locale	defaultLocale	../../../../../libgdx/gdx/src/com/badlogic/gdx/utils/I18NBundle.java	290	MemberType — ScalaJs needs io.github.cquiroz:::scala-java-locales:1.5.4; ScalaNative needs io.github.cquiroz:::scala-java-locales:1.5.4. This port declares 0 dependency/ies and no `verdictOverrides` entry for JS-L65: the same unpublished-stub story on Scala.js (its default is ROOT) and absent on Native. The replacement is CLDR-backed at a NEWER CLDR than the JDK's, so locale-derived STRINGS can differ from the JVM's even where the API matches
5df71deac245	dependency-coverage(all)	java.util.Locale	defaultLocale	../../../../../libgdx/gdx/src/com/badlogic/gdx/utils/I18NBundle.java	290	TermRef — ScalaJs needs io.github.cquiroz:::scala-java-locales:1.5.4; ScalaNative needs io.github.cquiroz:::scala-java-locales:1.5.4. This port declares 0 dependency/ies and no `verdictOverrides` entry for JS-L65: the same unpublished-stub story on Scala.js (its default is ROOT) and absent on Native. The replacement is CLDR-backed at a NEWER CLDR than the JDK's, so locale-derived STRINGS can differ from the JVM's even where the API matches
f08b3b591bef	dependency-coverage(all)	java.util.Locale	isBaseBundle	../../../../../libgdx/gdx/src/com/badlogic/gdx/utils/I18NBundle.java	174	TermRef — ScalaJs needs io.github.cquiroz:::scala-java-locales:1.5.4; ScalaNative needs io.github.cquiroz:::scala-java-locales:1.5.4. This port declares 0 dependency/ies and no `verdictOverrides` entry for JS-L65: the same unpublished-stub story on Scala.js (its default is ROOT) and absent on Native. The replacement is CLDR-backed at a NEWER CLDR than the JDK's, so locale-derived STRINGS can differ from the JVM's even where the API matches
5697dd1a6474	dependency-coverage(all)	java.util.Locale	locale	../../../../../libgdx/gdx/src/com/badlogic/gdx/assets/loaders/I18NBundleLoader.java	56	MemberType — ScalaJs needs io.github.cquiroz:::scala-java-locales:1.5.4; ScalaNative needs io.github.cquiroz:::scala-java-locales:1.5.4. This port declares 0 dependency/ies and no `verdictOverrides` entry for JS-L65: the same unpublished-stub story on Scala.js (its default is ROOT) and absent on Native. The replacement is CLDR-backed at a NEWER CLDR than the JDK's, so locale-derived STRINGS can differ from the JVM's even where the API matches
7482f5b19e49	dependency-coverage(all)	java.util.Locale	locales	../../../../../libgdx/gdx/src/com/badlogic/gdx/utils/I18NBundle.java	262	TypeArg — ScalaJs needs io.github.cquiroz:::scala-java-locales:1.5.4; ScalaNative needs io.github.cquiroz:::scala-java-locales:1.5.4. This port declares 0 dependency/ies and no `verdictOverrides` entry for JS-L65: the same unpublished-stub story on Scala.js (its default is ROOT) and absent on Native. The replacement is CLDR-backed at a NEWER CLDR than the JDK's, so locale-derived STRINGS can differ from the JVM's even where the API matches
7482f5b19e49/2	dependency-coverage(all)	java.util.Locale	locales	../../../../../libgdx/gdx/src/com/badlogic/gdx/utils/I18NBundle.java	262	TypeArg — ScalaJs needs io.github.cquiroz:::scala-java-locales:1.5.4; ScalaNative needs io.github.cquiroz:::scala-java-locales:1.5.4. This port declares 0 dependency/ies and no `verdictOverrides` entry for JS-L65: the same unpublished-stub story on Scala.js (its default is ROOT) and absent on Native. The replacement is CLDR-backed at a NEWER CLDR than the JDK's, so locale-derived STRINGS can differ from the JVM's even where the API matches
cd5d46292924	dependency-coverage(all)	java.util.Locale	sge.assets.loaders.I18NBundleLoader#loadAsync	../../../../../libgdx/gdx/src/com/badlogic/gdx/assets/loaders/I18NBundleLoader.java	59	TermRef — ScalaJs needs io.github.cquiroz:::scala-java-locales:1.5.4; ScalaNative needs io.github.cquiroz:::scala-java-locales:1.5.4. This port declares 0 dependency/ies and no `verdictOverrides` entry for JS-L65: the same unpublished-stub story on Scala.js (its default is ROOT) and absent on Native. The replacement is CLDR-backed at a NEWER CLDR than the JDK's, so locale-derived STRINGS can differ from the JVM's even where the API matches
cd5d46292924/2	dependency-coverage(all)	java.util.Locale	sge.assets.loaders.I18NBundleLoader#loadAsync	../../../../../libgdx/gdx/src/com/badlogic/gdx/assets/loaders/I18NBundleLoader.java	62	TermRef — ScalaJs needs io.github.cquiroz:::scala-java-locales:1.5.4; ScalaNative needs io.github.cquiroz:::scala-java-locales:1.5.4. This port declares 0 dependency/ies and no `verdictOverrides` entry for JS-L65: the same unpublished-stub story on Scala.js (its default is ROOT) and absent on Native. The replacement is CLDR-backed at a NEWER CLDR than the JDK's, so locale-derived STRINGS can differ from the JVM's even where the API matches
6084129efc15	dependency-coverage(all)	java.util.Locale	sge.assets.loaders.I18NBundleLoader$I18NBundleParameter#locale	../../../../../libgdx/gdx/src/com/badlogic/gdx/assets/loaders/I18NBundleLoader.java	85	MemberType — ScalaJs needs io.github.cquiroz:::scala-java-locales:1.5.4; ScalaNative needs io.github.cquiroz:::scala-java-locales:1.5.4. This port declares 0 dependency/ies and no `verdictOverrides` entry for JS-L65: the same unpublished-stub story on Scala.js (its default is ROOT) and absent on Native. The replacement is CLDR-backed at a NEWER CLDR than the JDK's, so locale-derived STRINGS can differ from the JVM's even where the API matches
a39cbd0e6abe	dependency-coverage(all)	java.util.Locale	sge.utils.I18NBundle#createBundle	../../../../../libgdx/gdx/src/com/badlogic/gdx/utils/I18NBundle.java	119	TermRef — ScalaJs needs io.github.cquiroz:::scala-java-locales:1.5.4; ScalaNative needs io.github.cquiroz:::scala-java-locales:1.5.4. This port declares 0 dependency/ies and no `verdictOverrides` entry for JS-L65: the same unpublished-stub story on Scala.js (its default is ROOT) and absent on Native. The replacement is CLDR-backed at a NEWER CLDR than the JDK's, so locale-derived STRINGS can differ from the JVM's even where the API matches
a39cbd0e6abe/2	dependency-coverage(all)	java.util.Locale	sge.utils.I18NBundle#createBundle	../../../../../libgdx/gdx/src/com/badlogic/gdx/utils/I18NBundle.java	142	TermRef — ScalaJs needs io.github.cquiroz:::scala-java-locales:1.5.4; ScalaNative needs io.github.cquiroz:::scala-java-locales:1.5.4. This port declares 0 dependency/ies and no `verdictOverrides` entry for JS-L65: the same unpublished-stub story on Scala.js (its default is ROOT) and absent on Native. The replacement is CLDR-backed at a NEWER CLDR than the JDK's, so locale-derived STRINGS can differ from the JVM's even where the API matches
cd09c99ec609	dependency-coverage(all)	java.util.Locale	sge.utils.I18NBundle#getCandidateLocales	../../../../../libgdx/gdx/src/com/badlogic/gdx/utils/I18NBundle.java	257	TypeArg — ScalaJs needs io.github.cquiroz:::scala-java-locales:1.5.4; ScalaNative needs io.github.cquiroz:::scala-java-locales:1.5.4. This port declares 0 dependency/ies and no `verdictOverrides` entry for JS-L65: the same unpublished-stub story on Scala.js (its default is ROOT) and absent on Native. The replacement is CLDR-backed at a NEWER CLDR than the JDK's, so locale-derived STRINGS can differ from the JVM's even where the API matches
d3e38dbb24ed	dependency-coverage(all)	java.util.Locale	sge.utils.I18NBundle#getCandidateLocales	../../../../../libgdx/gdx/src/com/badlogic/gdx/utils/I18NBundle.java	267	Instantiate — ScalaJs needs io.github.cquiroz:::scala-java-locales:1.5.4; ScalaNative needs io.github.cquiroz:::scala-java-locales:1.5.4. This port declares 0 dependency/ies and no `verdictOverrides` entry for JS-L65: the same unpublished-stub story on Scala.js (its default is ROOT) and absent on Native. The replacement is CLDR-backed at a NEWER CLDR than the JDK's, so locale-derived STRINGS can differ from the JVM's even where the API matches
d3e38dbb24ed/2	dependency-coverage(all)	java.util.Locale	sge.utils.I18NBundle#getCandidateLocales	../../../../../libgdx/gdx/src/com/badlogic/gdx/utils/I18NBundle.java	270	Instantiate — ScalaJs needs io.github.cquiroz:::scala-java-locales:1.5.4; ScalaNative needs io.github.cquiroz:::scala-java-locales:1.5.4. This port declares 0 dependency/ies and no `verdictOverrides` entry for JS-L65: the same unpublished-stub story on Scala.js (its default is ROOT) and absent on Native. The replacement is CLDR-backed at a NEWER CLDR than the JDK's, so locale-derived STRINGS can differ from the JVM's even where the API matches
a7552398d8e6	dependency-coverage(all)	java.util.Locale	sge.utils.I18NBundle#getCandidateLocales	../../../../../libgdx/gdx/src/com/badlogic/gdx/utils/I18NBundle.java	272	TermRef — ScalaJs needs io.github.cquiroz:::scala-java-locales:1.5.4; ScalaNative needs io.github.cquiroz:::scala-java-locales:1.5.4. This port declares 0 dependency/ies and no `verdictOverrides` entry for JS-L65: the same unpublished-stub story on Scala.js (its default is ROOT) and absent on Native. The replacement is CLDR-backed at a NEWER CLDR than the JDK's, so locale-derived STRINGS can differ from the JVM's even where the API matches
3ee5323f6623	dependency-coverage(all)	java.util.Locale	sge.utils.I18NBundle#getFallbackLocale	../../../../../libgdx/gdx/src/com/badlogic/gdx/utils/I18NBundle.java	289	MemberType — ScalaJs needs io.github.cquiroz:::scala-java-locales:1.5.4; ScalaNative needs io.github.cquiroz:::scala-java-locales:1.5.4. This port declares 0 dependency/ies and no `verdictOverrides` entry for JS-L65: the same unpublished-stub story on Scala.js (its default is ROOT) and absent on Native. The replacement is CLDR-backed at a NEWER CLDR than the JDK's, so locale-derived STRINGS can differ from the JVM's even where the API matches
77db626413e1	dependency-coverage(all)	java.util.Locale	sge.utils.I18NBundle#getFallbackLocale	../../../../../libgdx/gdx/src/com/badlogic/gdx/utils/I18NBundle.java	291	TypeRefPos — ScalaJs needs io.github.cquiroz:::scala-java-locales:1.5.4; ScalaNative needs io.github.cquiroz:::scala-java-locales:1.5.4. This port declares 0 dependency/ies and no `verdictOverrides` entry for JS-L65: the same unpublished-stub story on Scala.js (its default is ROOT) and absent on Native. The replacement is CLDR-backed at a NEWER CLDR than the JDK's, so locale-derived STRINGS can differ from the JVM's even where the API matches
4554b2ff3d4a	dependency-coverage(all)	java.util.Locale	sge.utils.I18NBundle#getLocale	../../../../../libgdx/gdx/src/com/badlogic/gdx/utils/I18NBundle.java	405	MemberType — ScalaJs needs io.github.cquiroz:::scala-java-locales:1.5.4; ScalaNative needs io.github.cquiroz:::scala-java-locales:1.5.4. This port declares 0 dependency/ies and no `verdictOverrides` entry for JS-L65: the same unpublished-stub story on Scala.js (its default is ROOT) and absent on Native. The replacement is CLDR-backed at a NEWER CLDR than the JDK's, so locale-derived STRINGS can differ from the JVM's even where the API matches
e24828bb8565	dependency-coverage(all)	java.util.Locale	sge.utils.I18NBundle#loadBundleChain	../../../../../libgdx/gdx/src/com/badlogic/gdx/utils/I18NBundle.java	301	TermRef — ScalaJs needs io.github.cquiroz:::scala-java-locales:1.5.4; ScalaNative needs io.github.cquiroz:::scala-java-locales:1.5.4. This port declares 0 dependency/ies and no `verdictOverrides` entry for JS-L65: the same unpublished-stub story on Scala.js (its default is ROOT) and absent on Native. The replacement is CLDR-backed at a NEWER CLDR than the JDK's, so locale-derived STRINGS can differ from the JVM's even where the API matches
04f7fd9b856d	dependency-coverage(all)	java.util.Locale	sge.utils.I18NBundle#locale	../../../../../libgdx/gdx/src/com/badlogic/gdx/utils/I18NBundle.java	77	MemberType — ScalaJs needs io.github.cquiroz:::scala-java-locales:1.5.4; ScalaNative needs io.github.cquiroz:::scala-java-locales:1.5.4. This port declares 0 dependency/ies and no `verdictOverrides` entry for JS-L65: the same unpublished-stub story on Scala.js (its default is ROOT) and absent on Native. The replacement is CLDR-backed at a NEWER CLDR than the JDK's, so locale-derived STRINGS can differ from the JVM's even where the API matches
341cf999471a	dependency-coverage(all)	java.util.Locale	sge.utils.I18NBundle#toFileHandle	../../../../../libgdx/gdx/src/com/badlogic/gdx/utils/I18NBundle.java	382	TermRef — ScalaJs needs io.github.cquiroz:::scala-java-locales:1.5.4; ScalaNative needs io.github.cquiroz:::scala-java-locales:1.5.4. This port declares 0 dependency/ies and no `verdictOverrides` entry for JS-L65: the same unpublished-stub story on Scala.js (its default is ROOT) and absent on Native. The replacement is CLDR-backed at a NEWER CLDR than the JDK's, so locale-derived STRINGS can differ from the JVM's even where the API matches
be2b0d184bbf	dependency-coverage(all)	java.util.Locale	sge.visui.Locales#locale	com/kotcrab/vis/ui/Locales.java	37	Instantiate — ScalaJs needs io.github.cquiroz:::scala-java-locales:1.5.4; ScalaNative needs io.github.cquiroz:::scala-java-locales:1.5.4. This port declares 0 dependency/ies and no `verdictOverrides` entry for JS-L65: the same unpublished-stub story on Scala.js (its default is ROOT) and absent on Native. The replacement is CLDR-backed at a NEWER CLDR than the JDK's, so locale-derived STRINGS can differ from the JVM's even where the API matches
a39e8c07d6a1	dependency-coverage(all)	java.util.Locale	sge.visui.Locales#locale	com/kotcrab/vis/ui/Locales.java	37	MemberType — ScalaJs needs io.github.cquiroz:::scala-java-locales:1.5.4; ScalaNative needs io.github.cquiroz:::scala-java-locales:1.5.4. This port declares 0 dependency/ies and no `verdictOverrides` entry for JS-L65: the same unpublished-stub story on Scala.js (its default is ROOT) and absent on Native. The replacement is CLDR-backed at a NEWER CLDR than the JDK's, so locale-derived STRINGS can differ from the JVM's even where the API matches
8af847765223	dependency-coverage(all)	java.util.Locale	targetLocale	../../../../../libgdx/gdx/src/com/badlogic/gdx/utils/I18NBundle.java	163	MemberType — ScalaJs needs io.github.cquiroz:::scala-java-locales:1.5.4; ScalaNative needs io.github.cquiroz:::scala-java-locales:1.5.4. This port declares 0 dependency/ies and no `verdictOverrides` entry for JS-L65: the same unpublished-stub story on Scala.js (its default is ROOT) and absent on Native. The replacement is CLDR-backed at a NEWER CLDR than the JDK's, so locale-derived STRINGS can differ from the JVM's even where the API matches
8af847765223/2	dependency-coverage(all)	java.util.Locale	targetLocale	../../../../../libgdx/gdx/src/com/badlogic/gdx/utils/I18NBundle.java	296	MemberType — ScalaJs needs io.github.cquiroz:::scala-java-locales:1.5.4; ScalaNative needs io.github.cquiroz:::scala-java-locales:1.5.4. This port declares 0 dependency/ies and no `verdictOverrides` entry for JS-L65: the same unpublished-stub story on Scala.js (its default is ROOT) and absent on Native. The replacement is CLDR-backed at a NEWER CLDR than the JDK's, so locale-derived STRINGS can differ from the JVM's even where the API matches
7e7702b841f5	heap-pollution	Unacknowledged	sge.visui.util.adapter.ArrayAdapter#addAll	com/kotcrab/vis/ui/util/adapter/ArrayAdapter.java	79	vararg `array` has component `sge.visui.util.adapter.ArrayAdapter$$ItemT`, which JLS 4.7 does not make reifiable: java WARNED here and the author did not annotate it, and scala has neither the warning nor the annotation — the unsoundness crosses unmarked
e6782a3d5421	idiom(converted)	SamLambda	com.kotcrab.vis.ui.util.async.AsyncTask#execute	com/kotcrab/vis/ui/util/async/AsyncTask.java	47	kind=SamLambda — anonymous `java.lang.Runnable` -> lambda
f91257dc8bb8	idiom(converted)	SamLambda	com.kotcrab.vis.ui.util.async.AsyncTask#executeInBackground	com/kotcrab/vis/ui/util/async/AsyncTask.java	62	kind=SamLambda — anonymous `java.lang.Runnable` -> lambda
ee52dcb62576	idiom(converted)	SamLambda	com.kotcrab.vis.ui.util.async.AsyncTask#executeOnGdx	com/kotcrab/vis/ui/util/async/AsyncTask.java	130	kind=SamLambda — anonymous `java.lang.Runnable` -> lambda
edb3b5cadafe	idiom(converted)	SamLambda	com.kotcrab.vis.ui.util.async.AsyncTask#failed	com/kotcrab/vis/ui/util/async/AsyncTask.java	89	kind=SamLambda — anonymous `java.lang.Runnable` -> lambda
1a0e20b13d67	idiom(converted)	SamLambda	com.kotcrab.vis.ui.util.async.AsyncTask#setMessage	com/kotcrab/vis/ui/util/async/AsyncTask.java	111	kind=SamLambda — anonymous `java.lang.Runnable` -> lambda
f9e91d2d0e70	idiom(converted)	SamLambda	com.kotcrab.vis.ui.util.async.AsyncTask#setProgressPercent	com/kotcrab/vis/ui/util/async/AsyncTask.java	100	kind=SamLambda — anonymous `java.lang.Runnable` -> lambda
cc31eb32ee5e	idiom(converted)	SamLambda	com.kotcrab.vis.ui.util.dialog.Dialogs$DetailsDialog#setDetailsVisible	com/kotcrab/vis/ui/util/dialog/Dialogs.java	522	kind=SamLambda — anonymous `java.lang.Runnable` -> lambda
d483a0769412	idiom(converted)	SamLambda	com.kotcrab.vis.ui.widget.color.internal.ColorChannelWidget#<init>	com/kotcrab/vis/ui/widget/color/internal/ColorChannelWidget.java	64	kind=SamLambda — anonymous `com.kotcrab.vis.ui.widget.color.internal.ColorInputField$ColorInputFieldListener` -> lambda
c34e6ef06b63	idiom(converted)	SamLambda	com.kotcrab.vis.ui.widget.file.FileChooser#createToolbar	com/kotcrab/vis/ui/widget/file/FileChooser.java	300	kind=SamLambda — anonymous `com.kotcrab.vis.ui.widget.PopupMenu$PopupMenuListener` -> lambda
fab3bf6b645d	idiom(converted)	SamLambda	com.kotcrab.vis.ui.widget.file.FileChooser#createViewModePopupMenu	com/kotcrab/vis/ui/widget/file/FileChooser.java	413	kind=SamLambda — anonymous `java.lang.Runnable` -> lambda
31dcd9353ab2	idiom(converted)	SamLambda	com.kotcrab.vis.ui.widget.file.FileChooser#init	com/kotcrab/vis/ui/widget/file/FileChooser.java	258	kind=SamLambda — anonymous `com.kotcrab.vis.ui.widget.PopupMenu$PopupMenuListener` -> lambda
81f327fd71c0	idiom(converted)	SamLambda	com.kotcrab.vis.ui.widget.file.FileChooser#rebuildFileList	com/kotcrab/vis/ui/widget/file/FileChooser.java	892	kind=SamLambda — anonymous `java.lang.Runnable` -> lambda
81f327fd71c0/2	idiom(converted)	SamLambda	com.kotcrab.vis.ui.widget.file.FileChooser#rebuildFileList	com/kotcrab/vis/ui/widget/file/FileChooser.java	896	kind=SamLambda — anonymous `java.lang.Runnable` -> lambda
81f327fd71c0/3	idiom(converted)	SamLambda	com.kotcrab.vis.ui.widget.file.FileChooser#rebuildFileList	com/kotcrab/vis/ui/widget/file/FileChooser.java	913	kind=SamLambda — anonymous `java.lang.Runnable` -> lambda
3c7f9d2acad9	idiom(converted)	SamLambda	com.kotcrab.vis.ui.widget.file.internal.DirsSuggestionPopup#createDirSuggestions	com/kotcrab/vis/ui/widget/file/internal/DirsSuggestionPopup.java	60	kind=SamLambda — anonymous `java.lang.Runnable` -> lambda
3c7f9d2acad9/2	idiom(converted)	SamLambda	com.kotcrab.vis.ui.widget.file.internal.DirsSuggestionPopup#createDirSuggestions	com/kotcrab/vis/ui/widget/file/internal/DirsSuggestionPopup.java	76	kind=SamLambda — anonymous `java.lang.Runnable` -> lambda
b11f09771682	idiom(converted)	SamLambda	com.kotcrab.vis.ui.widget.file.internal.DriveCheckerService#processResults	com/kotcrab/vis/ui/widget/file/internal/DriveCheckerService.java	69	kind=SamLambda — anonymous `java.lang.Runnable` -> lambda
0b24587af25c	idiom(converted)	SamLambda	com.kotcrab.vis.ui.widget.file.internal.DriveCheckerService#processRoot	com/kotcrab/vis/ui/widget/file/internal/DriveCheckerService.java	60	kind=SamLambda — anonymous `java.lang.Runnable` -> lambda
e0358043893c	idiom(converted)	SamLambda	com.kotcrab.vis.ui.widget.file.internal.FileChooserWinService#processResult	com/kotcrab/vis/ui/widget/file/internal/FileChooserWinService.java	86	kind=SamLambda — anonymous `java.lang.Runnable` -> lambda
42f497165554	idiom(converted)	SamLambda	com.kotcrab.vis.ui.widget.file.internal.FileChooserWinService#processRoot	com/kotcrab/vis/ui/widget/file/internal/FileChooserWinService.java	77	kind=SamLambda — anonymous `java.lang.Runnable` -> lambda
6b5ec2022de4	idiom(converted)	SamLambda	com.kotcrab.vis.ui.widget.spinner.ArraySpinnerModel#bind	com/kotcrab/vis/ui/widget/spinner/ArraySpinnerModel.java	61	kind=SamLambda — anonymous `com.kotcrab.vis.ui.util.InputValidator` -> lambda
53b9b89ada97	idiom(converted)	SamLambda	com.kotcrab.vis.ui.widget.spinner.FloatSpinnerModel#setScale	com/kotcrab/vis/ui/widget/spinner/FloatSpinnerModel.java	154	kind=SamLambda — anonymous `com.kotcrab.vis.ui.util.InputValidator` -> lambda
83a69bd1a4f8	idiom(converted)	SamLambda	com.kotcrab.vis.ui.widget.spinner.SimpleFloatSpinnerModel#setPrecision	com/kotcrab/vis/ui/widget/spinner/SimpleFloatSpinnerModel.java	154	kind=SamLambda — anonymous `com.kotcrab.vis.ui.util.InputValidator` -> lambda
60da4ef2b8d2	idiom(refused)	NarrowedReturn	com.kotcrab.vis.ui.building.TableBuilder#append	com/kotcrab/vis/ui/building/TableBuilder.java	113	kind=NarrowedReturn guard=SelfTyped — a method that answers `this`; the declared return type is ALREADY the declaring class, so `this.type` buys precision only at a call on a SUBCLASS — real, but small, and it is the bucket that makes a blanket narrowing mostly churn
9b7a4e79a228	idiom(refused)	NarrowedReturn	com.kotcrab.vis.ui.building.TableBuilder#row	com/kotcrab/vis/ui/building/TableBuilder.java	213	kind=NarrowedReturn guard=SelfTyped — a method that answers `this`; the declared return type is ALREADY the declaring class, so `this.type` buys precision only at a call on a SUBCLASS — real, but small, and it is the bucket that makes a blanket narrowing mostly churn
9a86ccbe4b81	idiom(refused)	NarrowedReturn	com.kotcrab.vis.ui.building.TableBuilder#setTablePadding	com/kotcrab/vis/ui/building/TableBuilder.java	94	kind=NarrowedReturn guard=SelfTyped — a method that answers `this`; the declared return type is ALREADY the declaring class, so `this.type` buys precision only at a call on a SUBCLASS — real, but small, and it is the bucket that makes a blanket narrowing mostly churn
515524513c33	idiom(refused)	NarrowedReturn	com.kotcrab.vis.ui.building.utilities.CellWidget$CellWidgetBuilder#align	com/kotcrab/vis/ui/building/utilities/CellWidget.java	251	kind=NarrowedReturn guard=SelfTyped — a method that answers `this`; the declared return type is ALREADY the declaring class, so `this.type` buys precision only at a call on a SUBCLASS — real, but small, and it is the bucket that makes a blanket narrowing mostly churn
faa57c4a05f3	idiom(refused)	NarrowedReturn	com.kotcrab.vis.ui.building.utilities.CellWidget$CellWidgetBuilder#expandX	com/kotcrab/vis/ui/building/utilities/CellWidget.java	224	kind=NarrowedReturn guard=SelfTyped — a method that answers `this`; the declared return type is ALREADY the declaring class, so `this.type` buys precision only at a call on a SUBCLASS — real, but small, and it is the bucket that makes a blanket narrowing mostly churn
5f3ac89375cf	idiom(refused)	NarrowedReturn	com.kotcrab.vis.ui.building.utilities.CellWidget$CellWidgetBuilder#expandY	com/kotcrab/vis/ui/building/utilities/CellWidget.java	230	kind=NarrowedReturn guard=SelfTyped — a method that answers `this`; the declared return type is ALREADY the declaring class, so `this.type` buys precision only at a call on a SUBCLASS — real, but small, and it is the bucket that makes a blanket narrowing mostly churn
41740312bab9	idiom(refused)	NarrowedReturn	com.kotcrab.vis.ui.building.utilities.CellWidget$CellWidgetBuilder#fillX	com/kotcrab/vis/ui/building/utilities/CellWidget.java	236	kind=NarrowedReturn guard=SelfTyped — a method that answers `this`; the declared return type is ALREADY the declaring class, so `this.type` buys precision only at a call on a SUBCLASS — real, but small, and it is the bucket that makes a blanket narrowing mostly churn
f8d119bedeaf	idiom(refused)	NarrowedReturn	com.kotcrab.vis.ui.building.utilities.CellWidget$CellWidgetBuilder#fillY	com/kotcrab/vis/ui/building/utilities/CellWidget.java	242	kind=NarrowedReturn guard=SelfTyped — a method that answers `this`; the declared return type is ALREADY the declaring class, so `this.type` buys precision only at a call on a SUBCLASS — real, but small, and it is the bucket that makes a blanket narrowing mostly churn
fe6788c55125	idiom(refused)	NarrowedReturn	com.kotcrab.vis.ui.building.utilities.CellWidget$CellWidgetBuilder#height	com/kotcrab/vis/ui/building/utilities/CellWidget.java	263	kind=NarrowedReturn guard=SelfTyped — a method that answers `this`; the declared return type is ALREADY the declaring class, so `this.type` buys precision only at a call on a SUBCLASS — real, but small, and it is the bucket that makes a blanket narrowing mostly churn
a722be2ed247	idiom(refused)	NarrowedReturn	com.kotcrab.vis.ui.building.utilities.CellWidget$CellWidgetBuilder#minHeight	com/kotcrab/vis/ui/building/utilities/CellWidget.java	281	kind=NarrowedReturn guard=SelfTyped — a method that answers `this`; the declared return type is ALREADY the declaring class, so `this.type` buys precision only at a call on a SUBCLASS — real, but small, and it is the bucket that makes a blanket narrowing mostly churn
948c5b9af61e	idiom(refused)	NarrowedReturn	com.kotcrab.vis.ui.building.utilities.CellWidget$CellWidgetBuilder#minWidth	com/kotcrab/vis/ui/building/utilities/CellWidget.java	272	kind=NarrowedReturn guard=SelfTyped — a method that answers `this`; the declared return type is ALREADY the declaring class, so `this.type` buys precision only at a call on a SUBCLASS — real, but small, and it is the bucket that makes a blanket narrowing mostly churn
c68bef46b87f	idiom(refused)	NarrowedReturn	com.kotcrab.vis.ui.building.utilities.CellWidget$CellWidgetBuilder#padding	com/kotcrab/vis/ui/building/utilities/CellWidget.java	209	kind=NarrowedReturn guard=SelfTyped — a method that answers `this`; the declared return type is ALREADY the declaring class, so `this.type` buys precision only at a call on a SUBCLASS — real, but small, and it is the bucket that makes a blanket narrowing mostly churn
a6b9cd6ae52e	idiom(refused)	NarrowedReturn	com.kotcrab.vis.ui.building.utilities.CellWidget$CellWidgetBuilder#useSpacing	com/kotcrab/vis/ui/building/utilities/CellWidget.java	218	kind=NarrowedReturn guard=SelfTyped — a method that answers `this`; the declared return type is ALREADY the declaring class, so `this.type` buys precision only at a call on a SUBCLASS — real, but small, and it is the bucket that makes a blanket narrowing mostly churn
b6e7fe68613d	idiom(refused)	NarrowedReturn	com.kotcrab.vis.ui.building.utilities.CellWidget$CellWidgetBuilder#widget	com/kotcrab/vis/ui/building/utilities/CellWidget.java	203	kind=NarrowedReturn guard=SelfTyped — a method that answers `this`; the declared return type is ALREADY the declaring class, so `this.type` buys precision only at a call on a SUBCLASS — real, but small, and it is the bucket that makes a blanket narrowing mostly churn
e12907c7d986	idiom(refused)	NarrowedReturn	com.kotcrab.vis.ui.building.utilities.CellWidget$CellWidgetBuilder#width	com/kotcrab/vis/ui/building/utilities/CellWidget.java	257	kind=NarrowedReturn guard=SelfTyped — a method that answers `this`; the declared return type is ALREADY the declaring class, so `this.type` buys precision only at a call on a SUBCLASS — real, but small, and it is the bucket that makes a blanket narrowing mostly churn
b36aa78b79f9	idiom(refused)	NarrowedReturn	com.kotcrab.vis.ui.util.dialog.Dialogs$InputDialog#addValidatableFieldListener	com/kotcrab/vis/ui/util/dialog/Dialogs.java	307	kind=NarrowedReturn guard=SelfTyped — a method that answers `this`; the declared return type is ALREADY the declaring class, so `this.type` buys precision only at a call on a SUBCLASS — real, but small, and it is the bucket that makes a blanket narrowing mostly churn
7a85c00da093	idiom(refused)	NarrowedReturn	com.kotcrab.vis.ui.util.dialog.Dialogs$InputDialog#setText	com/kotcrab/vis/ui/util/dialog/Dialogs.java	297	kind=NarrowedReturn guard=SelfTyped — a method that answers `this`; the declared return type is ALREADY the declaring class, so `this.type` buys precision only at a call on a SUBCLASS — real, but small, and it is the bucket that makes a blanket narrowing mostly churn
9a99b68a37ad	idiom(refused)	NarrowedReturn	com.kotcrab.vis.ui.util.dialog.Dialogs$OptionDialog#setCancelButtonText	com/kotcrab/vis/ui/util/dialog/Dialogs.java	430	kind=NarrowedReturn guard=SelfTyped — a method that answers `this`; the declared return type is ALREADY the declaring class, so `this.type` buys precision only at a call on a SUBCLASS — real, but small, and it is the bucket that makes a blanket narrowing mostly churn
509f8bab74de	idiom(refused)	NarrowedReturn	com.kotcrab.vis.ui.util.dialog.Dialogs$OptionDialog#setNoButtonText	com/kotcrab/vis/ui/util/dialog/Dialogs.java	418	kind=NarrowedReturn guard=SelfTyped — a method that answers `this`; the declared return type is ALREADY the declaring class, so `this.type` buys precision only at a call on a SUBCLASS — real, but small, and it is the bucket that makes a blanket narrowing mostly churn
f7df51575c4a	idiom(refused)	NarrowedReturn	com.kotcrab.vis.ui.util.dialog.Dialogs$OptionDialog#setYesButtonText	com/kotcrab/vis/ui/util/dialog/Dialogs.java	424	kind=NarrowedReturn guard=SelfTyped — a method that answers `this`; the declared return type is ALREADY the declaring class, so `this.type` buys precision only at a call on a SUBCLASS — real, but small, and it is the bucket that makes a blanket narrowing mostly churn
9e40960a597e	idiom(refused)	NarrowedReturn	com.kotcrab.vis.ui.util.form.FormInputValidator#hideErrorOnEmptyInput	com/kotcrab/vis/ui/util/form/FormInputValidator.java	59	kind=NarrowedReturn guard=SelfTyped — a method that answers `this`; the declared return type is ALREADY the declaring class, so `this.type` buys precision only at a call on a SUBCLASS — real, but small, and it is the bucket that makes a blanket narrowing mostly churn
c7de33827103	idiom(refused)	NarrowedReturn	com.kotcrab.vis.ui.widget.MenuItem#setShortcut	com/kotcrab/vis/ui/widget/MenuItem.java	320	kind=NarrowedReturn guard=SelfTyped — a method that answers `this`; the declared return type is ALREADY the declaring class, so `this.type` buys precision only at a call on a SUBCLASS — real, but small, and it is the bucket that makes a blanket narrowing mostly churn
c7de33827103/2	idiom(refused)	NarrowedReturn	com.kotcrab.vis.ui.widget.MenuItem#setShortcut	com/kotcrab/vis/ui/widget/MenuItem.java	336	kind=NarrowedReturn guard=SelfTyped — a method that answers `this`; the declared return type is ALREADY the declaring class, so `this.type` buys precision only at a call on a SUBCLASS — real, but small, and it is the bucket that makes a blanket narrowing mostly churn
efc9ff901689	idiom(refused)	NarrowedReturn	com.kotcrab.vis.ui.widget.MultiSplitPane#hit	com/kotcrab/vis/ui/widget/MultiSplitPane.java	313	kind=NarrowedReturn guard=NotAlwaysThis — a method that answers `this`; PERMANENT: this method answers `this` on one path and something else on another, so `this.type` would be a lie
d10984f542cd	idiom(refused)	NarrowedReturn	com.kotcrab.vis.ui.widget.PopupMenu#getRootMenu	com/kotcrab/vis/ui/widget/PopupMenu.java	171	kind=NarrowedReturn guard=NotAlwaysThis — a method that answers `this`; PERMANENT: this method answers `this` on one path and something else on another, so `this.type` would be a lie
dc2e85b5c8d7	idiom(refused)	NarrowedReturn	com.kotcrab.vis.ui.widget.Tooltip#fadeIn	com/kotcrab/vis/ui/widget/Tooltip.java	180	kind=NarrowedReturn guard=AncestorTyped — a method that answers `this`; the declared return type is a STRICT ANCESTOR, so every chained call currently needs a downcast that `this.type` would remove — this is the bucket a narrowing wave is FOR
714ae6693930	idiom(refused)	NarrowedReturn	com.kotcrab.vis.ui.widget.Tooltip$Builder#style	com/kotcrab/vis/ui/widget/Tooltip.java	347	kind=NarrowedReturn guard=SelfTyped — a method that answers `this`; the declared return type is ALREADY the declaring class, so `this.type` buys precision only at a call on a SUBCLASS — real, but small, and it is the bucket that makes a blanket narrowing mostly churn
de9af2e27523	idiom(refused)	NarrowedReturn	com.kotcrab.vis.ui.widget.Tooltip$Builder#target	com/kotcrab/vis/ui/widget/Tooltip.java	338	kind=NarrowedReturn guard=SelfTyped — a method that answers `this`; the declared return type is ALREADY the declaring class, so `this.type` buys precision only at a call on a SUBCLASS — real, but small, and it is the bucket that makes a blanket narrowing mostly churn
a1d948dab9e1	idiom(refused)	NarrowedReturn	com.kotcrab.vis.ui.widget.Tooltip$Builder#width	com/kotcrab/vis/ui/widget/Tooltip.java	353	kind=NarrowedReturn guard=SelfTyped — a method that answers `this`; the declared return type is ALREADY the declaring class, so `this.type` buys precision only at a call on a SUBCLASS — real, but small, and it is the bucket that makes a blanket narrowing mostly churn
c19665b42d0f	idiom(refused)	NarrowedReturn	com.kotcrab.vis.ui.widget.VisDialog#button	com/kotcrab/vis/ui/widget/VisDialog.java	196	kind=NarrowedReturn guard=SelfTyped — a method that answers `this`; the declared return type is ALREADY the declaring class, so `this.type` buys precision only at a call on a SUBCLASS — real, but small, and it is the bucket that makes a blanket narrowing mostly churn
817123ba784c	idiom(refused)	NarrowedReturn	com.kotcrab.vis.ui.widget.VisDialog#key	com/kotcrab/vis/ui/widget/VisDialog.java	268	kind=NarrowedReturn guard=NotAlwaysThis — a method that answers `this`; PERMANENT: this method answers `this` on one path and something else on another, so `this.type` would be a lie
2464097ac920	idiom(refused)	NarrowedReturn	com.kotcrab.vis.ui.widget.VisDialog#show	com/kotcrab/vis/ui/widget/VisDialog.java	203	kind=NarrowedReturn guard=SelfTyped — a method that answers `this`; the declared return type is ALREADY the declaring class, so `this.type` buys precision only at a call on a SUBCLASS — real, but small, and it is the bucket that makes a blanket narrowing mostly churn
2464097ac920/2	idiom(refused)	NarrowedReturn	com.kotcrab.vis.ui.widget.VisDialog#show	com/kotcrab/vis/ui/widget/VisDialog.java	225	kind=NarrowedReturn guard=SelfTyped — a method that answers `this`; the declared return type is ALREADY the declaring class, so `this.type` buys precision only at a call on a SUBCLASS — real, but small, and it is the bucket that makes a blanket narrowing mostly churn
bf1cdcec126e	idiom(refused)	NarrowedReturn	com.kotcrab.vis.ui.widget.VisDialog#text	com/kotcrab/vis/ui/widget/VisDialog.java	156	kind=NarrowedReturn guard=SelfTyped — a method that answers `this`; the declared return type is ALREADY the declaring class, so `this.type` buys precision only at a call on a SUBCLASS — real, but small, and it is the bucket that makes a blanket narrowing mostly churn
92cf35618f0a	idiom(refused)	NarrowedReturn	com.kotcrab.vis.ui.widget.VisSplitPane#hit	com/kotcrab/vis/ui/widget/VisSplitPane.java	319	kind=NarrowedReturn guard=NotAlwaysThis — a method that answers `this`; PERMANENT: this method answers `this` on one path and something else on another, so `this.type` would be a lie
682313f45bf0	idiom(refused)	NarrowedReturn	com.kotcrab.vis.ui.widget.VisWindow#fadeIn	com/kotcrab/vis/ui/widget/VisWindow.java	140	kind=NarrowedReturn guard=SelfTyped — a method that answers `this`; the declared return type is ALREADY the declaring class, so `this.type` buys precision only at a call on a SUBCLASS — real, but small, and it is the bucket that makes a blanket narrowing mostly churn
315db8396dc8	idiom(refused)	SamLambda	com.kotcrab.vis.ui.util.ToastManager#show	com/kotcrab/vis/ui/util/ToastManager.java	141	kind=SamLambda guard=NotSam — anonymous `com.badlogic.gdx.utils.Timer$Task`; PERMANENT and correct: java's own SAM rule (JLS 9.8) does not admit this type, so there is no lambda to write
da22ecf0a849	idiom(refused)	SamLambda	com.kotcrab.vis.ui.util.async.AsyncTaskProgressDialog#<init>	com/kotcrab/vis/ui/util/async/AsyncTaskProgressDialog.java	56	kind=SamLambda guard=NotSam — anonymous `com.kotcrab.vis.ui.util.async.AsyncTaskListener`; PERMANENT and correct: java's own SAM rule (JLS 9.8) does not admit this type, so there is no lambda to write
0886baeafcb2	idiom(refused)	SamLambda	com.kotcrab.vis.ui.util.dialog.Dialogs#showOKDialog	com/kotcrab/vis/ui/util/dialog/Dialogs.java	60	kind=SamLambda guard=NotSam — anonymous `com.badlogic.gdx.scenes.scene2d.InputListener`; PERMANENT and correct: java's own SAM rule (JLS 9.8) does not admit this type, so there is no lambda to write
42f791063415	idiom(refused)	SamLambda	com.kotcrab.vis.ui.util.dialog.Dialogs$DetailsDialog#<init>	com/kotcrab/vis/ui/util/dialog/Dialogs.java	460	kind=SamLambda guard=NotSam — anonymous `com.badlogic.gdx.scenes.scene2d.utils.ChangeListener`; PERMANENT and correct: java's own SAM rule (JLS 9.8) does not admit this type, so there is no lambda to write
5d0cca703510	idiom(refused)	SamLambda	com.kotcrab.vis.ui.util.dialog.Dialogs$InputDialog#addListeners	com/kotcrab/vis/ui/util/dialog/Dialogs.java	322	kind=SamLambda guard=NotSam — anonymous `com.badlogic.gdx.scenes.scene2d.utils.ChangeListener`; PERMANENT and correct: java's own SAM rule (JLS 9.8) does not admit this type, so there is no lambda to write
5d0cca703510/2	idiom(refused)	SamLambda	com.kotcrab.vis.ui.util.dialog.Dialogs$InputDialog#addListeners	com/kotcrab/vis/ui/util/dialog/Dialogs.java	330	kind=SamLambda guard=NotSam — anonymous `com.badlogic.gdx.scenes.scene2d.utils.ChangeListener`; PERMANENT and correct: java's own SAM rule (JLS 9.8) does not admit this type, so there is no lambda to write
d1914f251190	idiom(refused)	SamLambda	com.kotcrab.vis.ui.util.dialog.Dialogs$InputDialog#addListeners	com/kotcrab/vis/ui/util/dialog/Dialogs.java	337	kind=SamLambda guard=NotSam — anonymous `com.badlogic.gdx.scenes.scene2d.InputListener`; PERMANENT and correct: java's own SAM rule (JLS 9.8) does not admit this type, so there is no lambda to write
938c8b925238	idiom(refused)	SamLambda	com.kotcrab.vis.ui.util.dialog.Dialogs$InputDialog#addValidatableFieldListener	com/kotcrab/vis/ui/util/dialog/Dialogs.java	308	kind=SamLambda guard=NotSam — anonymous `com.badlogic.gdx.scenes.scene2d.utils.ChangeListener`; PERMANENT and correct: java's own SAM rule (JLS 9.8) does not admit this type, so there is no lambda to write
7b6c10d579f8	idiom(refused)	SamLambda	com.kotcrab.vis.ui.util.dialog.Dialogs$OptionDialog#<init>	com/kotcrab/vis/ui/util/dialog/Dialogs.java	372	kind=SamLambda guard=NotSam — anonymous `com.badlogic.gdx.scenes.scene2d.utils.ChangeListener`; PERMANENT and correct: java's own SAM rule (JLS 9.8) does not admit this type, so there is no lambda to write
7b6c10d579f8/2	idiom(refused)	SamLambda	com.kotcrab.vis.ui.util.dialog.Dialogs$OptionDialog#<init>	com/kotcrab/vis/ui/util/dialog/Dialogs.java	380	kind=SamLambda guard=NotSam — anonymous `com.badlogic.gdx.scenes.scene2d.utils.ChangeListener`; PERMANENT and correct: java's own SAM rule (JLS 9.8) does not admit this type, so there is no lambda to write
7b6c10d579f8/3	idiom(refused)	SamLambda	com.kotcrab.vis.ui.util.dialog.Dialogs$OptionDialog#<init>	com/kotcrab/vis/ui/util/dialog/Dialogs.java	388	kind=SamLambda guard=NotSam — anonymous `com.badlogic.gdx.scenes.scene2d.utils.ChangeListener`; PERMANENT and correct: java's own SAM rule (JLS 9.8) does not admit this type, so there is no lambda to write
b57a171a1354	idiom(refused)	SamLambda	com.kotcrab.vis.ui.widget.Draggable#<clinit>	com/kotcrab/vis/ui/widget/Draggable.java	111	kind=SamLambda guard=NotSam — anonymous `com.badlogic.gdx.scenes.scene2d.InputListener`; PERMANENT and correct: java's own SAM rule (JLS 9.8) does not admit this type, so there is no lambda to write
44f95573327d	idiom(refused)	SamLambda	com.kotcrab.vis.ui.widget.LinkLabel#init	com/kotcrab/vis/ui/widget/LinkLabel.java	98	kind=SamLambda guard=NotSam — anonymous `com.badlogic.gdx.scenes.scene2d.utils.ClickListener`; PERMANENT and correct: java's own SAM rule (JLS 9.8) does not admit this type, so there is no lambda to write
46bccfa25c03	idiom(refused)	SamLambda	com.kotcrab.vis.ui.widget.Menu#<init>	com/kotcrab/vis/ui/widget/Menu.java	55	kind=SamLambda guard=NotSam — anonymous `com.badlogic.gdx.scenes.scene2d.InputListener`; PERMANENT and correct: java's own SAM rule (JLS 9.8) does not admit this type, so there is no lambda to write
0134fb5ce2d9	idiom(refused)	SamLambda	com.kotcrab.vis.ui.widget.MenuBar#<init>	com/kotcrab/vis/ui/widget/MenuBar.java	48	kind=SamLambda guard=NotSam — anonymous `com.kotcrab.vis.ui.widget.VisTable`; PERMANENT and correct: java's own SAM rule (JLS 9.8) does not admit this type, so there is no lambda to write
e0e831426766	idiom(refused)	SamLambda	com.kotcrab.vis.ui.widget.MenuItem#init	com/kotcrab/vis/ui/widget/MenuItem.java	142	kind=SamLambda guard=NotSam — anonymous `com.badlogic.gdx.scenes.scene2d.utils.ChangeListener`; PERMANENT and correct: java's own SAM rule (JLS 9.8) does not admit this type, so there is no lambda to write
36d376cf7731	idiom(refused)	SamLambda	com.kotcrab.vis.ui.widget.MenuItem#init	com/kotcrab/vis/ui/widget/MenuItem.java	151	kind=SamLambda guard=NotSam — anonymous `com.badlogic.gdx.scenes.scene2d.InputListener`; PERMANENT and correct: java's own SAM rule (JLS 9.8) does not admit this type, so there is no lambda to write
582d3c55bd33	idiom(refused)	SamLambda	com.kotcrab.vis.ui.widget.MultiSplitPane#initialize	com/kotcrab/vis/ui/widget/MultiSplitPane.java	80	kind=SamLambda guard=NotSam — anonymous `com.kotcrab.vis.ui.widget.internal.SplitPaneCursorManager`; PERMANENT and correct: java's own SAM rule (JLS 9.8) does not admit this type, so there is no lambda to write
e79102908f87	idiom(refused)	SamLambda	com.kotcrab.vis.ui.widget.MultiSplitPane#initialize	com/kotcrab/vis/ui/widget/MultiSplitPane.java	95	kind=SamLambda guard=NotSam — anonymous `com.badlogic.gdx.scenes.scene2d.InputListener`; PERMANENT and correct: java's own SAM rule (JLS 9.8) does not admit this type, so there is no lambda to write
f9a14734ae67	idiom(refused)	SamLambda	com.kotcrab.vis.ui.widget.PopupMenu#createListeners	com/kotcrab/vis/ui/widget/PopupMenu.java	100	kind=SamLambda guard=NotSam — anonymous `com.badlogic.gdx.scenes.scene2d.InputListener`; PERMANENT and correct: java's own SAM rule (JLS 9.8) does not admit this type, so there is no lambda to write
f9a14734ae67/2	idiom(refused)	SamLambda	com.kotcrab.vis.ui.widget.PopupMenu#createListeners	com/kotcrab/vis/ui/widget/PopupMenu.java	139	kind=SamLambda guard=NotSam — anonymous `com.badlogic.gdx.scenes.scene2d.InputListener`; PERMANENT and correct: java's own SAM rule (JLS 9.8) does not admit this type, so there is no lambda to write
a6a8af6e44c7	idiom(refused)	SamLambda	com.kotcrab.vis.ui.widget.PopupMenu#createListeners	com/kotcrab/vis/ui/widget/PopupMenu.java	163	kind=SamLambda guard=NotSam — anonymous `com.badlogic.gdx.scenes.scene2d.utils.ChangeListener`; PERMANENT and correct: java's own SAM rule (JLS 9.8) does not admit this type, so there is no lambda to write
3df5f9b48ec3	idiom(refused)	SamLambda	com.kotcrab.vis.ui.widget.PopupMenu#getDefaultInputListener	com/kotcrab/vis/ui/widget/PopupMenu.java	260	kind=SamLambda guard=NotSam — anonymous `com.badlogic.gdx.scenes.scene2d.InputListener`; PERMANENT and correct: java's own SAM rule (JLS 9.8) does not admit this type, so there is no lambda to write
d3e5b9a8ef3e	idiom(refused)	SamLambda	com.kotcrab.vis.ui.widget.Tooltip#init	com/kotcrab/vis/ui/widget/Tooltip.java	115	kind=SamLambda guard=NotSam — anonymous `com.badlogic.gdx.scenes.scene2d.InputListener`; PERMANENT and correct: java's own SAM rule (JLS 9.8) does not admit this type, so there is no lambda to write
c8cf819eddcd	idiom(refused)	SamLambda	com.kotcrab.vis.ui.widget.VisCheckBox#<init>	com/kotcrab/vis/ui/widget/VisCheckBox.java	83	kind=SamLambda guard=NotSam — anonymous `com.badlogic.gdx.scenes.scene2d.InputListener`; PERMANENT and correct: java's own SAM rule (JLS 9.8) does not admit this type, so there is no lambda to write
3a1323657d52	idiom(refused)	SamLambda	com.kotcrab.vis.ui.widget.VisDialog#ignoreTouchDown	com/kotcrab/vis/ui/widget/VisDialog.java	51	kind=SamLambda guard=NotSam — anonymous `com.badlogic.gdx.scenes.scene2d.InputListener`; PERMANENT and correct: java's own SAM rule (JLS 9.8) does not admit this type, so there is no lambda to write
d3f19e85e902	idiom(refused)	SamLambda	com.kotcrab.vis.ui.widget.VisDialog#initialize	com/kotcrab/vis/ui/widget/VisDialog.java	92	kind=SamLambda guard=NotSam — anonymous `com.badlogic.gdx.scenes.scene2d.utils.ChangeListener`; PERMANENT and correct: java's own SAM rule (JLS 9.8) does not admit this type, so there is no lambda to write
8232adba8048	idiom(refused)	SamLambda	com.kotcrab.vis.ui.widget.VisDialog#initialize	com/kotcrab/vis/ui/widget/VisDialog.java	104	kind=SamLambda guard=NotSam — anonymous `com.badlogic.gdx.scenes.scene2d.utils.FocusListener`; PERMANENT and correct: java's own SAM rule (JLS 9.8) does not admit this type, so there is no lambda to write
02d4d1b550c8	idiom(refused)	SamLambda	com.kotcrab.vis.ui.widget.VisDialog#key	com/kotcrab/vis/ui/widget/VisDialog.java	269	kind=SamLambda guard=NotSam — anonymous `com.badlogic.gdx.scenes.scene2d.InputListener`; PERMANENT and correct: java's own SAM rule (JLS 9.8) does not admit this type, so there is no lambda to write
6204de6191d0	idiom(refused)	SamLambda	com.kotcrab.vis.ui.widget.VisImageButton#init	com/kotcrab/vis/ui/widget/VisImageButton.java	96	kind=SamLambda guard=NotSam — anonymous `com.badlogic.gdx.scenes.scene2d.InputListener`; PERMANENT and correct: java's own SAM rule (JLS 9.8) does not admit this type, so there is no lambda to write
33581187488d	idiom(refused)	SamLambda	com.kotcrab.vis.ui.widget.VisImageTextButton#init	com/kotcrab/vis/ui/widget/VisImageTextButton.java	106	kind=SamLambda guard=NotSam — anonymous `com.badlogic.gdx.scenes.scene2d.InputListener`; PERMANENT and correct: java's own SAM rule (JLS 9.8) does not admit this type, so there is no lambda to write
6ed4524b34ac	idiom(refused)	SamLambda	com.kotcrab.vis.ui.widget.VisList#init	com/kotcrab/vis/ui/widget/VisList.java	49	kind=SamLambda guard=NotSam — anonymous `com.badlogic.gdx.scenes.scene2d.InputListener`; PERMANENT and correct: java's own SAM rule (JLS 9.8) does not admit this type, so there is no lambda to write
71776d12457c	idiom(refused)	SamLambda	com.kotcrab.vis.ui.widget.VisSelectBox#init	com/kotcrab/vis/ui/widget/VisSelectBox.java	48	kind=SamLambda guard=NotSam — anonymous `com.badlogic.gdx.scenes.scene2d.InputListener`; PERMANENT and correct: java's own SAM rule (JLS 9.8) does not admit this type, so there is no lambda to write
08089995f459	idiom(refused)	SamLambda	com.kotcrab.vis.ui.widget.VisSplitPane#initialize	com/kotcrab/vis/ui/widget/VisSplitPane.java	96	kind=SamLambda guard=NotSam — anonymous `com.kotcrab.vis.ui.widget.internal.SplitPaneCursorManager`; PERMANENT and correct: java's own SAM rule (JLS 9.8) does not admit this type, so there is no lambda to write
b2d43bd16515	idiom(refused)	SamLambda	com.kotcrab.vis.ui.widget.VisSplitPane#initialize	com/kotcrab/vis/ui/widget/VisSplitPane.java	108	kind=SamLambda guard=NotSam — anonymous `com.badlogic.gdx.scenes.scene2d.InputListener`; PERMANENT and correct: java's own SAM rule (JLS 9.8) does not admit this type, so there is no lambda to write
58885c951cb2	idiom(refused)	SamLambda	com.kotcrab.vis.ui.widget.VisTextButton#init	com/kotcrab/vis/ui/widget/VisTextButton.java	76	kind=SamLambda guard=NotSam — anonymous `com.badlogic.gdx.scenes.scene2d.InputListener`; PERMANENT and correct: java's own SAM rule (JLS 9.8) does not admit this type, so there is no lambda to write
eb9b7d2f7e1c	idiom(refused)	SamLambda	com.kotcrab.vis.ui.widget.VisTextField#initialize	com/kotcrab/vis/ui/widget/VisTextField.java	147	kind=SamLambda guard=NotSam — anonymous `com.badlogic.gdx.scenes.scene2d.utils.ClickListener`; PERMANENT and correct: java's own SAM rule (JLS 9.8) does not admit this type, so there is no lambda to write
d6c9bb79be66	idiom(refused)	SamLambda	com.kotcrab.vis.ui.widget.VisTree#init	com/kotcrab/vis/ui/widget/VisTree.java	51	kind=SamLambda guard=NotSam — anonymous `com.badlogic.gdx.scenes.scene2d.InputListener`; PERMANENT and correct: java's own SAM rule (JLS 9.8) does not admit this type, so there is no lambda to write
54e11e794972	idiom(refused)	SamLambda	com.kotcrab.vis.ui.widget.VisWindow#addCloseButton	com/kotcrab/vis/ui/widget/VisWindow.java	175	kind=SamLambda guard=NotSam — anonymous `com.badlogic.gdx.scenes.scene2d.utils.ChangeListener`; PERMANENT and correct: java's own SAM rule (JLS 9.8) does not admit this type, so there is no lambda to write
f1fb337f54a5	idiom(refused)	SamLambda	com.kotcrab.vis.ui.widget.VisWindow#addCloseButton	com/kotcrab/vis/ui/widget/VisWindow.java	181	kind=SamLambda guard=NotSam — anonymous `com.badlogic.gdx.scenes.scene2d.utils.ClickListener`; PERMANENT and correct: java's own SAM rule (JLS 9.8) does not admit this type, so there is no lambda to write
fc3d81007e96	idiom(refused)	SamLambda	com.kotcrab.vis.ui.widget.VisWindow#closeOnEscape	com/kotcrab/vis/ui/widget/VisWindow.java	198	kind=SamLambda guard=NotSam — anonymous `com.badlogic.gdx.scenes.scene2d.InputListener`; PERMANENT and correct: java's own SAM rule (JLS 9.8) does not admit this type, so there is no lambda to write
8595b5ec1eba	idiom(refused)	SamLambda	com.kotcrab.vis.ui.widget.VisWindow#fadeOut	com/kotcrab/vis/ui/widget/VisWindow.java	127	kind=SamLambda guard=NotSam — anonymous `com.badlogic.gdx.scenes.scene2d.Action`; PERMANENT and correct: java's own SAM rule (JLS 9.8) does not admit this type, so there is no lambda to write
8a8063388290	idiom(refused)	SamLambda	com.kotcrab.vis.ui.widget.color.BasicColorPicker#createColorsPreviewTable	com/kotcrab/vis/ui/widget/color/BasicColorPicker.java	171	kind=SamLambda guard=NotSam — anonymous `com.badlogic.gdx.scenes.scene2d.utils.ClickListener`; PERMANENT and correct: java's own SAM rule (JLS 9.8) does not admit this type, so there is no lambda to write
713c4e958fb7	idiom(refused)	SamLambda	com.kotcrab.vis.ui.widget.color.BasicColorPicker#createHexTable	com/kotcrab/vis/ui/widget/color/BasicColorPicker.java	189	kind=SamLambda guard=NonCapturing — anonymous `com.kotcrab.vis.ui.widget.VisTextField$TextFieldFilter`; PERMANENT, and licensed by the SPECIFICATION'S SILENCE rather than by any measurement: JVMS 5.4.3.6 and the `LambdaMetafactory` contract leave a lambda's instance identity UNSPECIFIED in both directions, so a non-capturing lambda MAY be the same object at two evaluations while `new I(){…}` never is. A library that removes a listener by identity, keys an `IdentityHashMap` or synchronises on the instance would then differ, with a green compile and no moved count
40527057e08e	idiom(refused)	SamLambda	com.kotcrab.vis.ui.widget.color.BasicColorPicker#createHexTable	com/kotcrab/vis/ui/widget/color/BasicColorPicker.java	196	kind=SamLambda guard=NotSam — anonymous `com.badlogic.gdx.scenes.scene2d.utils.ChangeListener`; PERMANENT and correct: java's own SAM rule (JLS 9.8) does not admit this type, so there is no lambda to write
020bdad5c56d	idiom(refused)	SamLambda	com.kotcrab.vis.ui.widget.color.ColorPicker#createListeners	com/kotcrab/vis/ui/widget/color/ColorPicker.java	108	kind=SamLambda guard=NotSam — anonymous `com.badlogic.gdx.scenes.scene2d.utils.ChangeListener`; PERMANENT and correct: java's own SAM rule (JLS 9.8) does not admit this type, so there is no lambda to write
020bdad5c56d/2	idiom(refused)	SamLambda	com.kotcrab.vis.ui.widget.color.ColorPicker#createListeners	com/kotcrab/vis/ui/widget/color/ColorPicker.java	115	kind=SamLambda guard=NotSam — anonymous `com.badlogic.gdx.scenes.scene2d.utils.ChangeListener`; PERMANENT and correct: java's own SAM rule (JLS 9.8) does not admit this type, so there is no lambda to write
020bdad5c56d/3	idiom(refused)	SamLambda	com.kotcrab.vis.ui.widget.color.ColorPicker#createListeners	com/kotcrab/vis/ui/widget/color/ColorPicker.java	124	kind=SamLambda guard=NotSam — anonymous `com.badlogic.gdx.scenes.scene2d.utils.ChangeListener`; PERMANENT and correct: java's own SAM rule (JLS 9.8) does not admit this type, so there is no lambda to write
6589834570c9	idiom(refused)	SamLambda	com.kotcrab.vis.ui.widget.color.ExtendedColorPicker#createColorWidgets	com/kotcrab/vis/ui/widget/color/ExtendedColorPicker.java	99	kind=SamLambda guard=NotSam — anonymous `com.kotcrab.vis.ui.widget.color.BasicColorPicker$PickerChangeListener`; PERMANENT and correct: java's own SAM rule (JLS 9.8) does not admit this type, so there is no lambda to write
6589834570c9/2	idiom(refused)	SamLambda	com.kotcrab.vis.ui.widget.color.ExtendedColorPicker#createColorWidgets	com/kotcrab/vis/ui/widget/color/ExtendedColorPicker.java	107	kind=SamLambda guard=NotSam — anonymous `com.kotcrab.vis.ui.widget.color.BasicColorPicker$PickerChangeListener`; PERMANENT and correct: java's own SAM rule (JLS 9.8) does not admit this type, so there is no lambda to write
332e1c5e3751	idiom(refused)	SamLambda	com.kotcrab.vis.ui.widget.color.ExtendedColorPicker#createColorWidgets	com/kotcrab/vis/ui/widget/color/ExtendedColorPicker.java	114	kind=SamLambda guard=NotSam — anonymous `com.kotcrab.vis.ui.widget.color.ExtendedColorPicker$HsvChannelBarListener`; PERMANENT and correct: java's own SAM rule (JLS 9.8) does not admit this type, so there is no lambda to write
332e1c5e3751/2	idiom(refused)	SamLambda	com.kotcrab.vis.ui.widget.color.ExtendedColorPicker#createColorWidgets	com/kotcrab/vis/ui/widget/color/ExtendedColorPicker.java	121	kind=SamLambda guard=NotSam — anonymous `com.kotcrab.vis.ui.widget.color.ExtendedColorPicker$HsvChannelBarListener`; PERMANENT and correct: java's own SAM rule (JLS 9.8) does not admit this type, so there is no lambda to write
eb8622ceb679	idiom(refused)	SamLambda	com.kotcrab.vis.ui.widget.color.internal.ChannelBar#<init>	com/kotcrab/vis/ui/widget/color/internal/ChannelBar.java	67	kind=SamLambda guard=NotSam — anonymous `com.badlogic.gdx.scenes.scene2d.InputListener`; PERMANENT and correct: java's own SAM rule (JLS 9.8) does not admit this type, so there is no lambda to write
021e0893d9fd	idiom(refused)	SamLambda	com.kotcrab.vis.ui.widget.color.internal.ColorChannelWidget#<init>	com/kotcrab/vis/ui/widget/color/internal/ColorChannelWidget.java	54	kind=SamLambda guard=NotSam — anonymous `com.badlogic.gdx.scenes.scene2d.utils.ChangeListener`; PERMANENT and correct: java's own SAM rule (JLS 9.8) does not admit this type, so there is no lambda to write
43dfe09a1438	idiom(refused)	SamLambda	com.kotcrab.vis.ui.widget.color.internal.ColorInputField#<init>	com/kotcrab/vis/ui/widget/color/internal/ColorInputField.java	47	kind=SamLambda guard=NotSam — anonymous `com.badlogic.gdx.scenes.scene2d.utils.ChangeListener`; PERMANENT and correct: java's own SAM rule (JLS 9.8) does not admit this type, so there is no lambda to write
dd4eca8c4343	idiom(refused)	SamLambda	com.kotcrab.vis.ui.widget.color.internal.ColorInputField#<init>	com/kotcrab/vis/ui/widget/color/internal/ColorInputField.java	55	kind=SamLambda guard=NotSam — anonymous `com.badlogic.gdx.scenes.scene2d.InputListener`; PERMANENT and correct: java's own SAM rule (JLS 9.8) does not admit this type, so there is no lambda to write
3ab0fc92d851	idiom(refused)	SamLambda	com.kotcrab.vis.ui.widget.color.internal.ColorInputField#<init>	com/kotcrab/vis/ui/widget/color/internal/ColorInputField.java	68	kind=SamLambda guard=NotSam — anonymous `com.badlogic.gdx.scenes.scene2d.utils.FocusListener`; PERMANENT and correct: java's own SAM rule (JLS 9.8) does not admit this type, so there is no lambda to write
59ac7502eb0d	idiom(refused)	SamLambda	com.kotcrab.vis.ui.widget.color.internal.Palette#<init>	com/kotcrab/vis/ui/widget/color/internal/Palette.java	57	kind=SamLambda guard=NotSam — anonymous `com.badlogic.gdx.scenes.scene2d.InputListener`; PERMANENT and correct: java's own SAM rule (JLS 9.8) does not admit this type, so there is no lambda to write
afab64fa762b	idiom(refused)	SamLambda	com.kotcrab.vis.ui.widget.color.internal.VerticalChannelBar#<init>	com/kotcrab/vis/ui/widget/color/internal/VerticalChannelBar.java	51	kind=SamLambda guard=NotSam — anonymous `com.badlogic.gdx.scenes.scene2d.InputListener`; PERMANENT and correct: java's own SAM rule (JLS 9.8) does not admit this type, so there is no lambda to write
33b333d6cf1d	idiom(refused)	SamLambda	com.kotcrab.vis.ui.widget.file.FileChooser#createBottomButtons	com/kotcrab/vis/ui/widget/file/FileChooser.java	607	kind=SamLambda guard=NotSam — anonymous `com.badlogic.gdx.scenes.scene2d.utils.ChangeListener`; PERMANENT and correct: java's own SAM rule (JLS 9.8) does not admit this type, so there is no lambda to write
33b333d6cf1d/2	idiom(refused)	SamLambda	com.kotcrab.vis.ui.widget.file.FileChooser#createBottomButtons	com/kotcrab/vis/ui/widget/file/FileChooser.java	615	kind=SamLambda guard=NotSam — anonymous `com.badlogic.gdx.scenes.scene2d.utils.ChangeListener`; PERMANENT and correct: java's own SAM rule (JLS 9.8) does not admit this type, so there is no lambda to write
ae0cb6318da5	idiom(refused)	SamLambda	com.kotcrab.vis.ui.widget.file.FileChooser#createCenterContentPanel	com/kotcrab/vis/ui/widget/file/FileChooser.java	469	kind=SamLambda guard=NotSam — anonymous `com.kotcrab.vis.ui.widget.VisSplitPane`; PERMANENT and correct: java's own SAM rule (JLS 9.8) does not admit this type, so there is no lambda to write
a9e7b8292906	idiom(refused)	SamLambda	com.kotcrab.vis.ui.widget.file.FileChooser#createCenterContentPanel	com/kotcrab/vis/ui/widget/file/FileChooser.java	484	kind=SamLambda guard=NotSam — anonymous `com.badlogic.gdx.scenes.scene2d.InputListener`; PERMANENT and correct: java's own SAM rule (JLS 9.8) does not admit this type, so there is no lambda to write
b42a55f40984	idiom(refused)	SamLambda	com.kotcrab.vis.ui.widget.file.FileChooser#createFileTextBox	com/kotcrab/vis/ui/widget/file/FileChooser.java	527	kind=SamLambda guard=NotSam — anonymous `com.badlogic.gdx.scenes.scene2d.utils.ChangeListener`; PERMANENT and correct: java's own SAM rule (JLS 9.8) does not admit this type, so there is no lambda to write
00ab0317605b	idiom(refused)	SamLambda	com.kotcrab.vis.ui.widget.file.FileChooser#createFileTextBox	com/kotcrab/vis/ui/widget/file/FileChooser.java	544	kind=SamLambda guard=NotSam — anonymous `com.badlogic.gdx.scenes.scene2d.InputListener`; PERMANENT and correct: java's own SAM rule (JLS 9.8) does not admit this type, so there is no lambda to write
b42a55f40984/2	idiom(refused)	SamLambda	com.kotcrab.vis.ui.widget.file.FileChooser#createFileTextBox	com/kotcrab/vis/ui/widget/file/FileChooser.java	554	kind=SamLambda guard=NotSam — anonymous `com.badlogic.gdx.scenes.scene2d.utils.ChangeListener`; PERMANENT and correct: java's own SAM rule (JLS 9.8) does not admit this type, so there is no lambda to write
936f7deca030	idiom(refused)	SamLambda	com.kotcrab.vis.ui.widget.file.FileChooser#createListeners	com/kotcrab/vis/ui/widget/file/FileChooser.java	635	kind=SamLambda guard=NotSam — anonymous `com.badlogic.gdx.scenes.scene2d.InputListener`; PERMANENT and correct: java's own SAM rule (JLS 9.8) does not admit this type, so there is no lambda to write
49c98b92b167	idiom(refused)	SamLambda	com.kotcrab.vis.ui.widget.file.FileChooser#createToolbar	com/kotcrab/vis/ui/widget/file/FileChooser.java	308	kind=SamLambda guard=NotSam — anonymous `com.badlogic.gdx.scenes.scene2d.InputListener`; PERMANENT and correct: java's own SAM rule (JLS 9.8) does not admit this type, so there is no lambda to write
b85bcb0395f1	idiom(refused)	SamLambda	com.kotcrab.vis.ui.widget.file.FileChooser#createToolbar	com/kotcrab/vis/ui/widget/file/FileChooser.java	339	kind=SamLambda guard=NotSam — anonymous `com.badlogic.gdx.scenes.scene2d.utils.FocusListener`; PERMANENT and correct: java's own SAM rule (JLS 9.8) does not admit this type, so there is no lambda to write
1f8dbb7e61f9	idiom(refused)	SamLambda	com.kotcrab.vis.ui.widget.file.FileChooser#createToolbar	com/kotcrab/vis/ui/widget/file/FileChooser.java	348	kind=SamLambda guard=NotSam — anonymous `com.badlogic.gdx.scenes.scene2d.utils.ChangeListener`; PERMANENT and correct: java's own SAM rule (JLS 9.8) does not admit this type, so there is no lambda to write
1f8dbb7e61f9/2	idiom(refused)	SamLambda	com.kotcrab.vis.ui.widget.file.FileChooser#createToolbar	com/kotcrab/vis/ui/widget/file/FileChooser.java	371	kind=SamLambda guard=NotSam — anonymous `com.badlogic.gdx.scenes.scene2d.utils.ChangeListener`; PERMANENT and correct: java's own SAM rule (JLS 9.8) does not admit this type, so there is no lambda to write
1f8dbb7e61f9/3	idiom(refused)	SamLambda	com.kotcrab.vis.ui.widget.file.FileChooser#createToolbar	com/kotcrab/vis/ui/widget/file/FileChooser.java	384	kind=SamLambda guard=NotSam — anonymous `com.badlogic.gdx.scenes.scene2d.utils.ChangeListener`; PERMANENT and correct: java's own SAM rule (JLS 9.8) does not admit this type, so there is no lambda to write
1f8dbb7e61f9/4	idiom(refused)	SamLambda	com.kotcrab.vis.ui.widget.file.FileChooser#createToolbar	com/kotcrab/vis/ui/widget/file/FileChooser.java	395	kind=SamLambda guard=NotSam — anonymous `com.badlogic.gdx.scenes.scene2d.utils.ChangeListener`; PERMANENT and correct: java's own SAM rule (JLS 9.8) does not admit this type, so there is no lambda to write
292b12bd0c87	idiom(refused)	SamLambda	com.kotcrab.vis.ui.widget.file.FileChooser#createViewModePopupMenu	com/kotcrab/vis/ui/widget/file/FileChooser.java	407	kind=SamLambda guard=NotSam — anonymous `com.badlogic.gdx.scenes.scene2d.InputListener`; PERMANENT and correct: java's own SAM rule (JLS 9.8) does not admit this type, so there is no lambda to write
a308da66d0b6	idiom(refused)	SamLambda	com.kotcrab.vis.ui.widget.file.FileChooser#init	com/kotcrab/vis/ui/widget/file/FileChooser.java	245	kind=SamLambda guard=NotSam — anonymous `com.kotcrab.vis.ui.widget.file.internal.FilePopupMenu$FilePopupMenuCallback`; PERMANENT and correct: java's own SAM rule (JLS 9.8) does not admit this type, so there is no lambda to write
d6ef4c0cb7e8	idiom(refused)	SamLambda	com.kotcrab.vis.ui.widget.file.FileChooser#rebuildFileRootsCache	com/kotcrab/vis/ui/widget/file/FileChooser.java	844	kind=SamLambda guard=SelfReference — anonymous `com.kotcrab.vis.ui.widget.file.internal.DriveCheckerService$DriveCheckerListener`; PERMANENT: `this`/`super` inside a java anonymous class names the ANON INSTANCE and inside a scala lambda names the ENCLOSING class — the conversion would compile and mean something else (§4.4)
df26ee72a676	idiom(refused)	SamLambda	com.kotcrab.vis.ui.widget.file.FileChooser#rebuildViewModePopupMenu	com/kotcrab/vis/ui/widget/file/FileChooser.java	428	kind=SamLambda guard=NotSam — anonymous `com.badlogic.gdx.scenes.scene2d.utils.ChangeListener`; PERMANENT and correct: java's own SAM rule (JLS 9.8) does not admit this type, so there is no lambda to write
3345723e34e9	idiom(refused)	SamLambda	com.kotcrab.vis.ui.widget.file.FileChooser#showFileDeleteDialog	com/kotcrab/vis/ui/widget/file/FileChooser.java	1528	kind=SamLambda guard=NotSam — anonymous `com.kotcrab.vis.ui.util.dialog.OptionDialogAdapter`; PERMANENT and correct: java's own SAM rule (JLS 9.8) does not admit this type, so there is no lambda to write
d6e7edd50560	idiom(refused)	SamLambda	com.kotcrab.vis.ui.widget.file.FileChooser#showNewDirectoryDialog	com/kotcrab/vis/ui/widget/file/FileChooser.java	1502	kind=SamLambda guard=NotSam — anonymous `com.kotcrab.vis.ui.util.dialog.InputDialogAdapter`; PERMANENT and correct: java's own SAM rule (JLS 9.8) does not admit this type, so there is no lambda to write
5420debdbbe0	idiom(refused)	SamLambda	com.kotcrab.vis.ui.widget.file.FileChooser#showOverwriteQuestion	com/kotcrab/vis/ui/widget/file/FileChooser.java	810	kind=SamLambda guard=NotSam — anonymous `com.kotcrab.vis.ui.util.dialog.OptionDialogAdapter`; PERMANENT and correct: java's own SAM rule (JLS 9.8) does not admit this type, so there is no lambda to write
4e7b3d5488ee	idiom(refused)	SamLambda	com.kotcrab.vis.ui.widget.file.FileChooser#startFileWatcher	com/kotcrab/vis/ui/widget/file/FileChooser.java	1448	kind=SamLambda guard=BodyNotSingle — anonymous `java.lang.Runnable`; PERMANENT: a scala lambda is one expression and has no place for a field, an instance initialiser, a helper method or a nested type. The anonymous class is the faithful form
ef83292aa924	idiom(refused)	SamLambda	com.kotcrab.vis.ui.widget.file.FileChooser$FileItem#<init>	com/kotcrab/vis/ui/widget/file/FileChooser.java	1857	kind=SamLambda guard=NotSam — anonymous `com.badlogic.gdx.scenes.scene2d.ui.Value`; PERMANENT and correct: java's own SAM rule (JLS 9.8) does not admit this type, so there is no lambda to write
bf1316e8400a	idiom(refused)	SamLambda	com.kotcrab.vis.ui.widget.file.FileChooser$FileItem#addListeners	com/kotcrab/vis/ui/widget/file/FileChooser.java	1880	kind=SamLambda guard=NotSam — anonymous `com.badlogic.gdx.scenes.scene2d.InputListener`; PERMANENT and correct: java's own SAM rule (JLS 9.8) does not admit this type, so there is no lambda to write
4ff6ae839430	idiom(refused)	SamLambda	com.kotcrab.vis.ui.widget.file.FileChooser$FileItem#addListeners	com/kotcrab/vis/ui/widget/file/FileChooser.java	1907	kind=SamLambda guard=NotSam — anonymous `com.badlogic.gdx.scenes.scene2d.utils.ClickListener`; PERMANENT and correct: java's own SAM rule (JLS 9.8) does not admit this type, so there is no lambda to write
bf1316e8400a/2	idiom(refused)	SamLambda	com.kotcrab.vis.ui.widget.file.FileChooser$FileItem#addListeners	com/kotcrab/vis/ui/widget/file/FileChooser.java	1930	kind=SamLambda guard=NotSam — anonymous `com.badlogic.gdx.scenes.scene2d.InputListener`; PERMANENT and correct: java's own SAM rule (JLS 9.8) does not admit this type, so there is no lambda to write
b2bc72fb741e	idiom(refused)	SamLambda	com.kotcrab.vis.ui.widget.file.FileChooser$FileItem#addListeners	com/kotcrab/vis/ui/widget/file/FileChooser.java	1937	kind=SamLambda guard=NotSam — anonymous `com.badlogic.gdx.scenes.scene2d.utils.ChangeListener`; PERMANENT and correct: java's own SAM rule (JLS 9.8) does not admit this type, so there is no lambda to write
21b18e8a4e75	idiom(refused)	SamLambda	com.kotcrab.vis.ui.widget.file.FileChooser$ShortcutItem#<init>	com/kotcrab/vis/ui/widget/file/FileChooser.java	2057	kind=SamLambda guard=NotSam — anonymous `com.badlogic.gdx.scenes.scene2d.ui.Value`; PERMANENT and correct: java's own SAM rule (JLS 9.8) does not admit this type, so there is no lambda to write
d71d085b04a7	idiom(refused)	SamLambda	com.kotcrab.vis.ui.widget.file.FileChooser$ShortcutItem#addListener	com/kotcrab/vis/ui/widget/file/FileChooser.java	2068	kind=SamLambda guard=NotSam — anonymous `com.badlogic.gdx.scenes.scene2d.InputListener`; PERMANENT and correct: java's own SAM rule (JLS 9.8) does not admit this type, so there is no lambda to write
8d89b149452a	idiom(refused)	SamLambda	com.kotcrab.vis.ui.widget.file.FileChooser$ShortcutItem#addListener	com/kotcrab/vis/ui/widget/file/FileChooser.java	2097	kind=SamLambda guard=NotSam — anonymous `com.badlogic.gdx.scenes.scene2d.utils.ClickListener`; PERMANENT and correct: java's own SAM rule (JLS 9.8) does not admit this type, so there is no lambda to write
f81b8cf78c00	idiom(refused)	SamLambda	com.kotcrab.vis.ui.widget.file.FileUtils#FILE_MODIFIED_DATE_COMPARATOR	com/kotcrab/vis/ui/widget/file/FileUtils.java	48	kind=SamLambda guard=NonCapturing — anonymous `java.util.Comparator`; PERMANENT, and licensed by the SPECIFICATION'S SILENCE rather than by any measurement: JVMS 5.4.3.6 and the `LambdaMetafactory` contract leave a lambda's instance identity UNSPECIFIED in both directions, so a non-capturing lambda MAY be the same object at two evaluations while `new I(){…}` never is. A library that removes a listener by identity, keys an `IdentityHashMap` or synchronises on the instance would then differ, with a green compile and no moved count
a760259fa48b	idiom(refused)	SamLambda	com.kotcrab.vis.ui.widget.file.FileUtils#FILE_NAME_COMPARATOR	com/kotcrab/vis/ui/widget/file/FileUtils.java	40	kind=SamLambda guard=NonCapturing — anonymous `java.util.Comparator`; PERMANENT, and licensed by the SPECIFICATION'S SILENCE rather than by any measurement: JVMS 5.4.3.6 and the `LambdaMetafactory` contract leave a lambda's instance identity UNSPECIFIED in both directions, so a non-capturing lambda MAY be the same object at two evaluations while `new I(){…}` never is. A library that removes a listener by identity, keys an `IdentityHashMap` or synchronises on the instance would then differ, with a green compile and no moved count
428d9dcd4c6a	idiom(refused)	SamLambda	com.kotcrab.vis.ui.widget.file.FileUtils#FILE_SIZE_COMPARATOR	com/kotcrab/vis/ui/widget/file/FileUtils.java	58	kind=SamLambda guard=NonCapturing — anonymous `java.util.Comparator`; PERMANENT, and licensed by the SPECIFICATION'S SILENCE rather than by any measurement: JVMS 5.4.3.6 and the `LambdaMetafactory` contract leave a lambda's instance identity UNSPECIFIED in both directions, so a non-capturing lambda MAY be the same object at two evaluations while `new I(){…}` never is. A library that removes a listener by identity, keys an `IdentityHashMap` or synchronises on the instance would then differ, with a green compile and no moved count
8a890cfc363e	idiom(refused)	SamLambda	com.kotcrab.vis.ui.widget.file.internal.DirsSuggestionPopup#createDirSuggestions	com/kotcrab/vis/ui/widget/file/internal/DirsSuggestionPopup.java	93	kind=SamLambda guard=NotSam — anonymous `com.badlogic.gdx.scenes.scene2d.utils.ChangeListener`; PERMANENT and correct: java's own SAM rule (JLS 9.8) does not admit this type, so there is no lambda to write
994d477871ba	idiom(refused)	SamLambda	com.kotcrab.vis.ui.widget.file.internal.DirsSuggestionPopup#createRecentDirSuggestions	com/kotcrab/vis/ui/widget/file/internal/DirsSuggestionPopup.java	142	kind=SamLambda guard=NotSam — anonymous `com.badlogic.gdx.scenes.scene2d.utils.ChangeListener`; PERMANENT and correct: java's own SAM rule (JLS 9.8) does not admit this type, so there is no lambda to write
e9030d8bda59	idiom(refused)	SamLambda	com.kotcrab.vis.ui.widget.file.internal.FileHistoryManager#<init>	com/kotcrab/vis/ui/widget/file/internal/FileHistoryManager.java	64	kind=SamLambda guard=NotSam — anonymous `com.badlogic.gdx.scenes.scene2d.utils.ChangeListener`; PERMANENT and correct: java's own SAM rule (JLS 9.8) does not admit this type, so there is no lambda to write
e9030d8bda59/2	idiom(refused)	SamLambda	com.kotcrab.vis.ui.widget.file.internal.FileHistoryManager#<init>	com/kotcrab/vis/ui/widget/file/internal/FileHistoryManager.java	71	kind=SamLambda guard=NotSam — anonymous `com.badlogic.gdx.scenes.scene2d.utils.ChangeListener`; PERMANENT and correct: java's own SAM rule (JLS 9.8) does not admit this type, so there is no lambda to write
44a278e30e12	idiom(refused)	SamLambda	com.kotcrab.vis.ui.widget.file.internal.FileHistoryManager#getDefaultClickListener	com/kotcrab/vis/ui/widget/file/internal/FileHistoryManager.java	80	kind=SamLambda guard=NotSam — anonymous `com.badlogic.gdx.scenes.scene2d.utils.ClickListener`; PERMANENT and correct: java's own SAM rule (JLS 9.8) does not admit this type, so there is no lambda to write
4c54596a2574	idiom(refused)	SamLambda	com.kotcrab.vis.ui.widget.file.internal.FilePopupMenu#<init>	com/kotcrab/vis/ui/widget/file/internal/FilePopupMenu.java	69	kind=SamLambda guard=NotSam — anonymous `com.badlogic.gdx.scenes.scene2d.utils.ClickListener`; PERMANENT and correct: java's own SAM rule (JLS 9.8) does not admit this type, so there is no lambda to write
4c54596a2574/2	idiom(refused)	SamLambda	com.kotcrab.vis.ui.widget.file.internal.FilePopupMenu#<init>	com/kotcrab/vis/ui/widget/file/internal/FilePopupMenu.java	76	kind=SamLambda guard=NotSam — anonymous `com.badlogic.gdx.scenes.scene2d.utils.ClickListener`; PERMANENT and correct: java's own SAM rule (JLS 9.8) does not admit this type, so there is no lambda to write
4c54596a2574/3	idiom(refused)	SamLambda	com.kotcrab.vis.ui.widget.file.internal.FilePopupMenu#<init>	com/kotcrab/vis/ui/widget/file/internal/FilePopupMenu.java	83	kind=SamLambda guard=NotSam — anonymous `com.badlogic.gdx.scenes.scene2d.utils.ClickListener`; PERMANENT and correct: java's own SAM rule (JLS 9.8) does not admit this type, so there is no lambda to write
302b638c867d	idiom(refused)	SamLambda	com.kotcrab.vis.ui.widget.file.internal.FilePopupMenu#<init>	com/kotcrab/vis/ui/widget/file/internal/FilePopupMenu.java	94	kind=SamLambda guard=NotSam — anonymous `com.badlogic.gdx.scenes.scene2d.utils.ChangeListener`; PERMANENT and correct: java's own SAM rule (JLS 9.8) does not admit this type, so there is no lambda to write
4c54596a2574/4	idiom(refused)	SamLambda	com.kotcrab.vis.ui.widget.file.internal.FilePopupMenu#<init>	com/kotcrab/vis/ui/widget/file/internal/FilePopupMenu.java	101	kind=SamLambda guard=NotSam — anonymous `com.badlogic.gdx.scenes.scene2d.utils.ClickListener`; PERMANENT and correct: java's own SAM rule (JLS 9.8) does not admit this type, so there is no lambda to write
4c54596a2574/5	idiom(refused)	SamLambda	com.kotcrab.vis.ui.widget.file.internal.FilePopupMenu#<init>	com/kotcrab/vis/ui/widget/file/internal/FilePopupMenu.java	108	kind=SamLambda guard=NotSam — anonymous `com.badlogic.gdx.scenes.scene2d.utils.ClickListener`; PERMANENT and correct: java's own SAM rule (JLS 9.8) does not admit this type, so there is no lambda to write
d3a4af6a0d9d	idiom(refused)	SamLambda	com.kotcrab.vis.ui.widget.file.internal.FileSuggestionPopup#createSuggestions	com/kotcrab/vis/ui/widget/file/internal/FileSuggestionPopup.java	56	kind=SamLambda guard=NotSam — anonymous `com.badlogic.gdx.scenes.scene2d.utils.ChangeListener`; PERMANENT and correct: java's own SAM rule (JLS 9.8) does not admit this type, so there is no lambda to write
d3a4af6a0d9d/2	idiom(refused)	SamLambda	com.kotcrab.vis.ui.widget.file.internal.FileSuggestionPopup#createSuggestions	com/kotcrab/vis/ui/widget/file/internal/FileSuggestionPopup.java	78	kind=SamLambda guard=NotSam — anonymous `com.badlogic.gdx.scenes.scene2d.utils.ChangeListener`; PERMANENT and correct: java's own SAM rule (JLS 9.8) does not admit this type, so there is no lambda to write
844b7574a889	idiom(refused)	SamLambda	com.kotcrab.vis.ui.widget.file.internal.SortingPopupMenu#<init>	com/kotcrab/vis/ui/widget/file/internal/SortingPopupMenu.java	51	kind=SamLambda guard=NotSam — anonymous `com.badlogic.gdx.scenes.scene2d.utils.ChangeListener`; PERMANENT and correct: java's own SAM rule (JLS 9.8) does not admit this type, so there is no lambda to write
844b7574a889/2	idiom(refused)	SamLambda	com.kotcrab.vis.ui.widget.file.internal.SortingPopupMenu#<init>	com/kotcrab/vis/ui/widget/file/internal/SortingPopupMenu.java	57	kind=SamLambda guard=NotSam — anonymous `com.badlogic.gdx.scenes.scene2d.utils.ChangeListener`; PERMANENT and correct: java's own SAM rule (JLS 9.8) does not admit this type, so there is no lambda to write
844b7574a889/3	idiom(refused)	SamLambda	com.kotcrab.vis.ui.widget.file.internal.SortingPopupMenu#<init>	com/kotcrab/vis/ui/widget/file/internal/SortingPopupMenu.java	63	kind=SamLambda guard=NotSam — anonymous `com.badlogic.gdx.scenes.scene2d.utils.ChangeListener`; PERMANENT and correct: java's own SAM rule (JLS 9.8) does not admit this type, so there is no lambda to write
844b7574a889/4	idiom(refused)	SamLambda	com.kotcrab.vis.ui.widget.file.internal.SortingPopupMenu#<init>	com/kotcrab/vis/ui/widget/file/internal/SortingPopupMenu.java	72	kind=SamLambda guard=NotSam — anonymous `com.badlogic.gdx.scenes.scene2d.utils.ChangeListener`; PERMANENT and correct: java's own SAM rule (JLS 9.8) does not admit this type, so there is no lambda to write
844b7574a889/5	idiom(refused)	SamLambda	com.kotcrab.vis.ui.widget.file.internal.SortingPopupMenu#<init>	com/kotcrab/vis/ui/widget/file/internal/SortingPopupMenu.java	78	kind=SamLambda guard=NotSam — anonymous `com.badlogic.gdx.scenes.scene2d.utils.ChangeListener`; PERMANENT and correct: java's own SAM rule (JLS 9.8) does not admit this type, so there is no lambda to write
6e8a88a2091c	idiom(refused)	SamLambda	com.kotcrab.vis.ui.widget.spinner.Spinner#addButtonsListeners	com/kotcrab/vis/ui/widget/spinner/Spinner.java	115	kind=SamLambda guard=NotSam — anonymous `com.badlogic.gdx.scenes.scene2d.utils.ChangeListener`; PERMANENT and correct: java's own SAM rule (JLS 9.8) does not admit this type, so there is no lambda to write
6e8a88a2091c/2	idiom(refused)	SamLambda	com.kotcrab.vis.ui.widget.spinner.Spinner#addButtonsListeners	com/kotcrab/vis/ui/widget/spinner/Spinner.java	124	kind=SamLambda guard=NotSam — anonymous `com.badlogic.gdx.scenes.scene2d.utils.ChangeListener`; PERMANENT and correct: java's own SAM rule (JLS 9.8) does not admit this type, so there is no lambda to write
62317e97f615	idiom(refused)	SamLambda	com.kotcrab.vis.ui.widget.spinner.Spinner#addTextFieldListeners	com/kotcrab/vis/ui/widget/spinner/Spinner.java	138	kind=SamLambda guard=NotSam — anonymous `com.badlogic.gdx.scenes.scene2d.utils.ChangeListener`; PERMANENT and correct: java's own SAM rule (JLS 9.8) does not admit this type, so there is no lambda to write
c4e9ddccf621	idiom(refused)	SamLambda	com.kotcrab.vis.ui.widget.spinner.Spinner#addTextFieldListeners	com/kotcrab/vis/ui/widget/spinner/Spinner.java	149	kind=SamLambda guard=NotSam — anonymous `com.badlogic.gdx.scenes.scene2d.utils.FocusListener`; PERMANENT and correct: java's own SAM rule (JLS 9.8) does not admit this type, so there is no lambda to write
54a38d015e73	idiom(refused)	SamLambda	com.kotcrab.vis.ui.widget.spinner.Spinner#addTextFieldListeners	com/kotcrab/vis/ui/widget/spinner/Spinner.java	161	kind=SamLambda guard=NotSam — anonymous `com.badlogic.gdx.scenes.scene2d.InputListener`; PERMANENT and correct: java's own SAM rule (JLS 9.8) does not admit this type, so there is no lambda to write
ca3bc5c9f9d1	idiom(refused)	SamLambda	com.kotcrab.vis.ui.widget.spinner.Spinner#createTextField	com/kotcrab/vis/ui/widget/spinner/Spinner.java	96	kind=SamLambda guard=NotSam — anonymous `com.kotcrab.vis.ui.widget.VisValidatableTextField`; PERMANENT and correct: java's own SAM rule (JLS 9.8) does not admit this type, so there is no lambda to write
3b84f0b229e1	idiom(refused)	SamLambda	com.kotcrab.vis.ui.widget.tabbedpane.TabbedPane#configureDragPane	com/kotcrab/vis/ui/widget/tabbedpane/TabbedPane.java	159	kind=SamLambda guard=NotSam — anonymous `com.kotcrab.vis.ui.layout.DragPane$DefaultDragListener`; PERMANENT and correct: java's own SAM rule (JLS 9.8) does not admit this type, so there is no lambda to write
bae9acfc302e	idiom(refused)	SamLambda	com.kotcrab.vis.ui.widget.tabbedpane.TabbedPane#remove	com/kotcrab/vis/ui/widget/tabbedpane/TabbedPane.java	354	kind=SamLambda guard=NotSam — anonymous `com.kotcrab.vis.ui.util.dialog.OptionDialogAdapter`; PERMANENT and correct: java's own SAM rule (JLS 9.8) does not admit this type, so there is no lambda to write
7fe6e411f96a	idiom(refused)	SamLambda	com.kotcrab.vis.ui.widget.tabbedpane.TabbedPane$TabButtonTable#<init>	com/kotcrab/vis/ui/widget/tabbedpane/TabbedPane.java	581	kind=SamLambda guard=NotSam — anonymous `com.kotcrab.vis.ui.widget.VisTextButton`; PERMANENT and correct: java's own SAM rule (JLS 9.8) does not admit this type, so there is no lambda to write
46159897d2df	idiom(refused)	SamLambda	com.kotcrab.vis.ui.widget.tabbedpane.TabbedPane$TabButtonTable#addListeners	com/kotcrab/vis/ui/widget/tabbedpane/TabbedPane.java	613	kind=SamLambda guard=NotSam — anonymous `com.badlogic.gdx.scenes.scene2d.utils.ChangeListener`; PERMANENT and correct: java's own SAM rule (JLS 9.8) does not admit this type, so there is no lambda to write
fefe8ae7f6bb	idiom(refused)	SamLambda	com.kotcrab.vis.ui.widget.tabbedpane.TabbedPane$TabButtonTable#addListeners	com/kotcrab/vis/ui/widget/tabbedpane/TabbedPane.java	620	kind=SamLambda guard=NotSam — anonymous `com.badlogic.gdx.scenes.scene2d.InputListener`; PERMANENT and correct: java's own SAM rule (JLS 9.8) does not admit this type, so there is no lambda to write
46159897d2df/2	idiom(refused)	SamLambda	com.kotcrab.vis.ui.widget.tabbedpane.TabbedPane$TabButtonTable#addListeners	com/kotcrab/vis/ui/widget/tabbedpane/TabbedPane.java	688	kind=SamLambda guard=NotSam — anonymous `com.badlogic.gdx.scenes.scene2d.utils.ChangeListener`; PERMANENT and correct: java's own SAM rule (JLS 9.8) does not admit this type, so there is no lambda to write
0f883a2284a3	idiom(refused)	SamLambda	com.kotcrab.vis.ui.widget.toast.Toast#createMainTable	com/kotcrab/vis/ui/widget/toast/Toast.java	77	kind=SamLambda guard=NotSam — anonymous `com.badlogic.gdx.scenes.scene2d.utils.ChangeListener`; PERMANENT and correct: java's own SAM rule (JLS 9.8) does not admit this type, so there is no lambda to write
f6e3f0469e5d	idiom(refused)	SamLambda	com.kotcrab.vis.ui.widget.toast.Toast#fadeOut	com/kotcrab/vis/ui/widget/toast/Toast.java	94	kind=SamLambda guard=NotSam — anonymous `com.badlogic.gdx.scenes.scene2d.Action`; PERMANENT and correct: java's own SAM rule (JLS 9.8) does not admit this type, so there is no lambda to write
69273f574d85	jdk-surface	unhandled	java.util.ArrayList#clear()	com/kotcrab/vis/ui/util/adapter/ArrayListAdapter.java	95	java.util.ArrayList#clear() — retyped to scala.collection.mutable.ArrayBuffer, no rewrite (1 site(s))
a46a7517ff81	jdk-surface	unhandled	java.util.ArrayList#indexOf(Object)	com/kotcrab/vis/ui/util/adapter/ArrayListAdapter.java	50	java.util.ArrayList#indexOf(Object) — retyped to scala.collection.mutable.ArrayBuffer, no rewrite (1 site(s))
51245b46e575	jdk-surface	unhandled	java.util.Arrays#equals(Object[],Object[])	com/kotcrab/vis/ui/widget/file/FileChooser.java	1464	java.util.Arrays#equals(Object[],Object[]) — retyped to java.util.Arrays, no rewrite (2 site(s))
09a1e5bf02ac	nullability-boundary	UncoercibleSeam	scala.<op>#eq	com/kotcrab/vis/ui/layout/DragPane.java	259	a wrapped argument reaches a callee whose signature this program does not have — a class file could not be read for this symbol, so there is no formal to coerce against
d3f9dfc41b17	nullability-boundary	UnwritableFormal	T	com/kotcrab/vis/ui/layout/DragPane.java	143	the formal this argument would be ascribed to names a type variable that is not in scope where the call stands, so no ascription can be written — the argument is left as it is
2f522deebbe9	omissions	annotation dropped	sge.visui.widget.VisDialog#values	<synthetic>	0	java.lang.SuppressWarnings
92c0635a5ab7	omissions	enum emitted without its java.lang.Enum supertype	sge.visui.Locales$CommonText	com/kotcrab/vis/ui/Locales.java	142	`name` collides with a member java.lang.Enum declares final (or with the scala 3 enum's own companion) — emitted as a sealed abstract class, which is not a `java.lang.Enum`, so no `<E extends Enum<E>>` bound, `EnumSet`, `EnumMap` or `Comparable<E>` accepts it
3928d923f052	omissions	enum emitted without its java.lang.Enum supertype	sge.visui.building.utilities.layouts.TableLayout	com/kotcrab/vis/ui/building/utilities/layouts/TableLayout.java	33	constant(s) VERTICAL, HORIZONTAL carry a class body, which a scala 3 enum case cannot — emitted as a sealed abstract class, which is not a `java.lang.Enum`, so no `<E extends Enum<E>>` bound, `EnumSet`, `EnumMap` or `Comparable<E>` accepts it
242cf97f80db	omissions	enum emitted without its java.lang.Enum supertype	sge.visui.layout.DragPane$DefaultDragListener$DefaultPolicy	com/kotcrab/vis/ui/layout/DragPane.java	655	constant(s) ALLOW_REMOVAL, KEEP_CHILDREN carry a class body, which a scala 3 enum case cannot — emitted as a sealed abstract class, which is not a `java.lang.Enum`, so no `<E extends Enum<E>>` bound, `EnumSet`, `EnumMap` or `Comparable<E>` accepts it
460f6d163240	omissions	enum emitted without its java.lang.Enum supertype	sge.visui.util.dialog.Dialogs$Text	com/kotcrab/vis/ui/util/dialog/Dialogs.java	577	`name` collides with a member java.lang.Enum declares final (or with the scala 3 enum's own companion) — emitted as a sealed abstract class, which is not a `java.lang.Enum`, so no `<E extends Enum<E>>` bound, `EnumSet`, `EnumMap` or `Comparable<E>` accepts it
848bee57d408	omissions	enum emitted without its java.lang.Enum supertype	sge.visui.widget.color.internal.ColorPickerText	com/kotcrab/vis/ui/widget/color/internal/ColorPickerText.java	28	`name` collides with a member java.lang.Enum declares final (or with the scala 3 enum's own companion) — emitted as a sealed abstract class, which is not a `java.lang.Enum`, so no `<E extends Enum<E>>` bound, `EnumSet`, `EnumMap` or `Comparable<E>` accepts it
be5780d8485a	omissions	enum emitted without its java.lang.Enum supertype	sge.visui.widget.file.internal.FileChooserText	com/kotcrab/vis/ui/widget/file/internal/FileChooserText.java	28	`name` collides with a member java.lang.Enum declares final (or with the scala 3 enum's own companion) — emitted as a sealed abstract class, which is not a `java.lang.Enum`, so no `<E extends Enum<E>>` bound, `EnumSet`, `EnumMap` or `Comparable<E>` accepts it
85aeacc027d1	omissions	enum emitted without its java.lang.Enum supertype	sge.visui.widget.tabbedpane.TabbedPane$Text	com/kotcrab/vis/ui/widget/tabbedpane/TabbedPane.java	737	`name` collides with a member java.lang.Enum declares final (or with the scala 3 enum's own companion) — emitted as a sealed abstract class, which is not a `java.lang.Enum`, so no `<E extends Enum<E>>` bound, `EnumSet`, `EnumMap` or `Comparable<E>` accepts it
0069fcca1281	omissions	nilary constructor dropped	sge.visui.widget.PopupMenu	com/kotcrab/vis/ui/widget/PopupMenu.java	64	its delegation passed 1 argument(s); scala's implicit nilary primary runs nothing, so `new C()` no longer performs it
c7376abcd287	omissions	promoted constructor body runs on every path	sge.visui.building.TableBuilder	com/kotcrab/vis/ui/building/TableBuilder.java	52	3 statement(s) of the promoted constructor also run here; java ran them only on its own path
c7376abcd287/2	omissions	promoted constructor body runs on every path	sge.visui.building.TableBuilder	com/kotcrab/vis/ui/building/TableBuilder.java	56	3 statement(s) of the promoted constructor also run here; java ran them only on its own path
c7376abcd287/3	omissions	promoted constructor body runs on every path	sge.visui.building.TableBuilder	com/kotcrab/vis/ui/building/TableBuilder.java	61	3 statement(s) of the promoted constructor also run here; java ran them only on its own path
5ab01b54066d	omissions	promoted constructor body runs on every path	sge.visui.widget.VisTextField	com/kotcrab/vis/ui/widget/VisTextField.java	129	5 statement(s) of the promoted constructor also run here; java ran them only on its own path
5ab01b54066d/2	omissions	promoted constructor body runs on every path	sge.visui.widget.VisTextField	com/kotcrab/vis/ui/widget/VisTextField.java	133	5 statement(s) of the promoted constructor also run here; java ran them only on its own path
5ab01b54066d/3	omissions	promoted constructor body runs on every path	sge.visui.widget.VisTextField	com/kotcrab/vis/ui/widget/VisTextField.java	137	5 statement(s) of the promoted constructor also run here; java ran them only on its own path
72aa9d36a79a	omissions	promoted constructor body runs on every path	sge.visui.widget.VisValidatableTextField	com/kotcrab/vis/ui/widget/VisValidatableTextField.java	59	1 statement(s) of the promoted constructor also run here; java ran them only on its own path
72aa9d36a79a/2	omissions	promoted constructor body runs on every path	sge.visui.widget.VisValidatableTextField	com/kotcrab/vis/ui/widget/VisValidatableTextField.java	65	1 statement(s) of the promoted constructor also run here; java ran them only on its own path
72aa9d36a79a/3	omissions	promoted constructor body runs on every path	sge.visui.widget.VisValidatableTextField	com/kotcrab/vis/ui/widget/VisValidatableTextField.java	73	1 statement(s) of the promoted constructor also run here; java ran them only on its own path
72aa9d36a79a/4	omissions	promoted constructor body runs on every path	sge.visui.widget.VisValidatableTextField	com/kotcrab/vis/ui/widget/VisValidatableTextField.java	80	1 statement(s) of the promoted constructor also run here; java ran them only on its own path
0840b6f09022	omissions	super(args) dropped	sge.visui.widget.HighlightTextArea	com/kotcrab/vis/ui/widget/HighlightTextArea.java	54	1 argument(s) discarded
4481ce74a48e	omissions	super(args) dropped	sge.visui.widget.HighlightTextArea	com/kotcrab/vis/ui/widget/HighlightTextArea.java	59	2 argument(s) discarded
4481ce74a48e/2	omissions	super(args) dropped	sge.visui.widget.HighlightTextArea	com/kotcrab/vis/ui/widget/HighlightTextArea.java	64	2 argument(s) discarded
b5ca7cbbc32c	omissions	super(args) dropped	sge.visui.widget.ScrollableTextArea	com/kotcrab/vis/ui/widget/ScrollableTextArea.java	40	2 argument(s) discarded
b5ca7cbbc32c/2	omissions	super(args) dropped	sge.visui.widget.ScrollableTextArea	com/kotcrab/vis/ui/widget/ScrollableTextArea.java	44	2 argument(s) discarded
b5ca7cbbc32c/3	omissions	super(args) dropped	sge.visui.widget.ScrollableTextArea	com/kotcrab/vis/ui/widget/ScrollableTextArea.java	48	2 argument(s) discarded
073179f5ab09	omissions	super(args) dropped	sge.visui.widget.VisDialog	com/kotcrab/vis/ui/widget/VisDialog.java	59	1 argument(s) discarded
60e6d95482e4	omissions	super(args) dropped	sge.visui.widget.VisDialog	com/kotcrab/vis/ui/widget/VisDialog.java	66	2 argument(s) discarded
60e6d95482e4/2	omissions	super(args) dropped	sge.visui.widget.VisDialog	com/kotcrab/vis/ui/widget/VisDialog.java	73	2 argument(s) discarded
745cb529d75f	omissions	super(args) dropped	sge.visui.widget.VisImage	com/kotcrab/vis/ui/widget/VisImage.java	38	1 argument(s) discarded
745cb529d75f/2	omissions	super(args) dropped	sge.visui.widget.VisImage	com/kotcrab/vis/ui/widget/VisImage.java	42	1 argument(s) discarded
745cb529d75f/3	omissions	super(args) dropped	sge.visui.widget.VisImage	com/kotcrab/vis/ui/widget/VisImage.java	46	1 argument(s) discarded
53f8b906433e	omissions	super(args) dropped	sge.visui.widget.VisImage	com/kotcrab/vis/ui/widget/VisImage.java	50	2 argument(s) discarded
53f8b906433e/2	omissions	super(args) dropped	sge.visui.widget.VisImage	com/kotcrab/vis/ui/widget/VisImage.java	54	2 argument(s) discarded
745cb529d75f/4	omissions	super(args) dropped	sge.visui.widget.VisImage	com/kotcrab/vis/ui/widget/VisImage.java	58	1 argument(s) discarded
53f8b906433e/3	omissions	super(args) dropped	sge.visui.widget.VisImage	com/kotcrab/vis/ui/widget/VisImage.java	62	2 argument(s) discarded
a3fb7eb9bcb3	omissions	super(args) dropped	sge.visui.widget.VisImage	com/kotcrab/vis/ui/widget/VisImage.java	66	3 argument(s) discarded
b9565926a37c	omissions	super(args) dropped	sge.visui.widget.VisLabel	com/kotcrab/vis/ui/widget/VisLabel.java	33	2 argument(s) discarded
b9565926a37c/2	omissions	super(args) dropped	sge.visui.widget.VisLabel	com/kotcrab/vis/ui/widget/VisLabel.java	43	2 argument(s) discarded
b9565926a37c/3	omissions	super(args) dropped	sge.visui.widget.VisLabel	com/kotcrab/vis/ui/widget/VisLabel.java	47	2 argument(s) discarded
71aea58a2c24	omissions	super(args) dropped	sge.visui.widget.VisLabel	com/kotcrab/vis/ui/widget/VisLabel.java	51	3 argument(s) discarded
ac4860672c66	omissions	super(args) dropped	sge.visui.widget.VisLabel	com/kotcrab/vis/ui/widget/VisLabel.java	55	4 argument(s) discarded
ac4860672c66/2	omissions	super(args) dropped	sge.visui.widget.VisLabel	com/kotcrab/vis/ui/widget/VisLabel.java	59	4 argument(s) discarded
a87baa6f12d6	omissions	super(args) dropped	sge.visui.widget.VisList	com/kotcrab/vis/ui/widget/VisList.java	38	2 argument(s) discarded
d40e1cf6b686	omissions	super(args) dropped	sge.visui.widget.VisList	com/kotcrab/vis/ui/widget/VisList.java	43	1 argument(s) discarded
38168fb31897	omissions	super(args) dropped	sge.visui.widget.VisScrollPane	com/kotcrab/vis/ui/widget/VisScrollPane.java	29	2 argument(s) discarded
0525006b1364	omissions	super(args) dropped	sge.visui.widget.VisScrollPane	com/kotcrab/vis/ui/widget/VisScrollPane.java	33	3 argument(s) discarded
0525006b1364/2	omissions	super(args) dropped	sge.visui.widget.VisScrollPane	com/kotcrab/vis/ui/widget/VisScrollPane.java	37	3 argument(s) discarded
c0ddd1bdaafc	omissions	super(args) dropped	sge.visui.widget.VisSelectBox	com/kotcrab/vis/ui/widget/VisSelectBox.java	32	1 argument(s) discarded
ae0e4a487100	omissions	super(args) dropped	sge.visui.widget.VisSelectBox	com/kotcrab/vis/ui/widget/VisSelectBox.java	37	2 argument(s) discarded
f4376e7b89e2	omissions	super(args) dropped	sge.visui.widget.VisSlider	com/kotcrab/vis/ui/widget/VisSlider.java	28	5 argument(s) discarded
e4f3998a22b2	omissions	super(args) dropped	sge.visui.widget.VisSlider	com/kotcrab/vis/ui/widget/VisSlider.java	32	6 argument(s) discarded
f4376e7b89e2/2	omissions	super(args) dropped	sge.visui.widget.VisSlider	com/kotcrab/vis/ui/widget/VisSlider.java	36	5 argument(s) discarded
dd14ec8f4ea5	omissions	super(args) dropped	sge.visui.widget.VisTextArea	com/kotcrab/vis/ui/widget/VisTextArea.java	72	2 argument(s) discarded
dd14ec8f4ea5/2	omissions	super(args) dropped	sge.visui.widget.VisTextArea	com/kotcrab/vis/ui/widget/VisTextArea.java	76	2 argument(s) discarded
aa721472b16f	omissions	super(args) dropped	sge.visui.widget.VisTextArea	com/kotcrab/vis/ui/widget/VisTextArea.java	80	1 argument(s) discarded
647642d46c28	omissions	super(args) dropped	sge.visui.widget.VisTree	com/kotcrab/vis/ui/widget/VisTree.java	35	2 argument(s) discarded
49f5ef86dc68	omissions	super(args) dropped	sge.visui.widget.VisTree	com/kotcrab/vis/ui/widget/VisTree.java	45	1 argument(s) discarded
ffddbb5b0ce1	omissions	super(args) dropped	sge.visui.widget.VisValidatableTextField	com/kotcrab/vis/ui/widget/VisValidatableTextField.java	44	1 argument(s) discarded
3fd844d5897c	omissions	super(args) dropped	sge.visui.widget.VisValidatableTextField	com/kotcrab/vis/ui/widget/VisValidatableTextField.java	49	2 argument(s) discarded
3fd844d5897c/2	omissions	super(args) dropped	sge.visui.widget.VisValidatableTextField	com/kotcrab/vis/ui/widget/VisValidatableTextField.java	54	2 argument(s) discarded
23785eb3e4a4	omissions	super(args) dropped	sge.visui.widget.VisWindow	com/kotcrab/vis/ui/widget/VisWindow.java	51	3 argument(s) discarded
23785eb3e4a4/2	omissions	super(args) dropped	sge.visui.widget.VisWindow	com/kotcrab/vis/ui/widget/VisWindow.java	56	3 argument(s) discarded
a53d189a484a	omissions	super(args) dropped	sge.visui.widget.VisWindow	com/kotcrab/vis/ui/widget/VisWindow.java	61	2 argument(s) discarded
06a5e3529ff3	omissions	super(args) dropped	sge.visui.widget.toast.ToastTable	com/kotcrab/vis/ui/widget/toast/ToastTable.java	34	1 argument(s) discarded
5606df436b9b	overload-risk	BoxingPhaseSpan	sge.utils.CharArray	com/kotcrab/vis/ui/util/dialog/Dialogs.java	207	call to `append/1` has 14 applicable candidates spanning java's resolution phases (BoxingPhaseSpan): (java.lang.CharSequence), (java.lang.Object), (java.lang.String), (java.lang.StringBuffer), (java.lang.StringBuilder), (java.nio.CharBuffer), (scala.Array), (scala.Boolean), (scala.Char), (scala.Double), (scala.Float), (scala.Int), (scala.Long), (sge.utils.CharArray) — javac bound one and scala resolves in a single phase, so the port may name the other with no error on either side
5606df436b9b/2	overload-risk	BoxingPhaseSpan	sge.utils.CharArray	com/kotcrab/vis/ui/util/dialog/Dialogs.java	208	call to `append/1` has 14 applicable candidates spanning java's resolution phases (BoxingPhaseSpan): (java.lang.CharSequence), (java.lang.Object), (java.lang.String), (java.lang.StringBuffer), (java.lang.StringBuilder), (java.nio.CharBuffer), (scala.Array), (scala.Boolean), (scala.Char), (scala.Double), (scala.Float), (scala.Int), (scala.Long), (sge.utils.CharArray) — javac bound one and scala resolves in a single phase, so the port may name the other with no error on either side
5606df436b9b/3	overload-risk	BoxingPhaseSpan	sge.utils.CharArray	com/kotcrab/vis/ui/util/dialog/Dialogs.java	212	call to `append/1` has 14 applicable candidates spanning java's resolution phases (BoxingPhaseSpan): (java.lang.CharSequence), (java.lang.Object), (java.lang.String), (java.lang.StringBuffer), (java.lang.StringBuilder), (java.nio.CharBuffer), (scala.Array), (scala.Boolean), (scala.Char), (scala.Double), (scala.Float), (scala.Int), (scala.Long), (sge.utils.CharArray) — javac bound one and scala resolves in a single phase, so the port may name the other with no error on either side
5606df436b9b/4	overload-risk	BoxingPhaseSpan	sge.utils.CharArray	com/kotcrab/vis/ui/util/dialog/Dialogs.java	213	call to `append/1` has 14 applicable candidates spanning java's resolution phases (BoxingPhaseSpan): (java.lang.CharSequence), (java.lang.Object), (java.lang.String), (java.lang.StringBuffer), (java.lang.StringBuilder), (java.nio.CharBuffer), (scala.Array), (scala.Boolean), (scala.Char), (scala.Double), (scala.Float), (scala.Int), (scala.Long), (sge.utils.CharArray) — javac bound one and scala resolves in a single phase, so the port may name the other with no error on either side
5606df436b9b/5	overload-risk	BoxingPhaseSpan	sge.utils.CharArray	com/kotcrab/vis/ui/util/dialog/Dialogs.java	217	call to `append/1` has 14 applicable candidates spanning java's resolution phases (BoxingPhaseSpan): (java.lang.CharSequence), (java.lang.Object), (java.lang.String), (java.lang.StringBuffer), (java.lang.StringBuilder), (java.nio.CharBuffer), (scala.Array), (scala.Boolean), (scala.Char), (scala.Double), (scala.Float), (scala.Int), (scala.Long), (sge.utils.CharArray) — javac bound one and scala resolves in a single phase, so the port may name the other with no error on either side
19bfb6415fc5	overload-risk	GenericTieBreak	sge.scenes.scene2d.ui.Table	com/kotcrab/vis/ui/building/utilities/CellWidget.java	123	call to `add/1` has 3 applicable candidates spanning java's resolution phases (GenericTieBreak): (java.lang.CharSequence), (scala.Array)…, <generic>(@34442#add(T)$$T) — javac bound one and scala resolves in a single phase, so the port may name the other with no error on either side
a26b58d884a7	overload-risk	GenericTieBreak	sge.scenes.scene2d.ui.Table	com/kotcrab/vis/ui/util/dialog/Dialogs.java	477	call to `add/1` has 3 applicable candidates spanning java's resolution phases (GenericTieBreak): (java.lang.CharSequence), (scala.Array)…, <generic>(@34442#add(T)$$T) — javac bound one and scala resolves in a single phase, so the port may name the other with no error on either side
574fa80c3d95	overload-risk	GenericTieBreak	sge.scenes.scene2d.ui.Table	com/kotcrab/vis/ui/widget/MenuBar.java	57	call to `add/1` has 3 applicable candidates spanning java's resolution phases (GenericTieBreak): (java.lang.CharSequence), (scala.Array)…, <generic>(@34442#add(T)$$T) — javac bound one and scala resolves in a single phase, so the port may name the other with no error on either side
574fa80c3d95/2	overload-risk	GenericTieBreak	sge.scenes.scene2d.ui.Table	com/kotcrab/vis/ui/widget/MenuBar.java	64	call to `add/1` has 3 applicable candidates spanning java's resolution phases (GenericTieBreak): (java.lang.CharSequence), (scala.Array)…, <generic>(@34442#add(T)$$T) — javac bound one and scala resolves in a single phase, so the port may name the other with no error on either side
574fa80c3d95/3	overload-risk	GenericTieBreak	sge.scenes.scene2d.ui.Table	com/kotcrab/vis/ui/widget/MenuBar.java	87	call to `add/1` has 3 applicable candidates spanning java's resolution phases (GenericTieBreak): (java.lang.CharSequence), (scala.Array)…, <generic>(@34442#add(T)$$T) — javac bound one and scala resolves in a single phase, so the port may name the other with no error on either side
77fc735a5a1b	overload-risk	GenericTieBreak	sge.scenes.scene2d.ui.Table	com/kotcrab/vis/ui/widget/PopupMenu.java	231	call to `add/1` has 3 applicable candidates spanning java's resolution phases (GenericTieBreak): (java.lang.CharSequence), (scala.Array)…, <generic>(@34442#add(T)$$T) — javac bound one and scala resolves in a single phase, so the port may name the other with no error on either side
77fc735a5a1b/2	overload-risk	GenericTieBreak	sge.scenes.scene2d.ui.Table	com/kotcrab/vis/ui/widget/PopupMenu.java	235	call to `add/1` has 3 applicable candidates spanning java's resolution phases (GenericTieBreak): (java.lang.CharSequence), (scala.Array)…, <generic>(@34442#add(T)$$T) — javac bound one and scala resolves in a single phase, so the port may name the other with no error on either side
8dab1ec7fe20	overload-risk	GenericTieBreak	sge.scenes.scene2d.ui.Table	com/kotcrab/vis/ui/widget/VisDialog.java	157	call to `add/1` has 3 applicable candidates spanning java's resolution phases (GenericTieBreak): (java.lang.CharSequence), (scala.Array)…, <generic>(@34442#add(T)$$T) — javac bound one and scala resolves in a single phase, so the port may name the other with no error on either side
8dab1ec7fe20/2	overload-risk	GenericTieBreak	sge.scenes.scene2d.ui.Table	com/kotcrab/vis/ui/widget/VisDialog.java	197	call to `add/1` has 3 applicable candidates spanning java's resolution phases (GenericTieBreak): (java.lang.CharSequence), (scala.Array)…, <generic>(@34442#add(T)$$T) — javac bound one and scala resolves in a single phase, so the port may name the other with no error on either side
7e0fe36f5773	overload-risk	GenericTieBreak	sge.scenes.scene2d.ui.Table	com/kotcrab/vis/ui/widget/VisWindow.java	174	call to `add/1` has 3 applicable candidates spanning java's resolution phases (GenericTieBreak): (java.lang.CharSequence), (scala.Array)…, <generic>(@34442#add(T)$$T) — javac bound one and scala resolves in a single phase, so the port may name the other with no error on either side
fec51eb2bdeb	overload-risk	GenericTieBreak	sge.scenes.scene2d.ui.Table	com/kotcrab/vis/ui/widget/toast/Toast.java	84	call to `add/1` has 3 applicable candidates spanning java's resolution phases (GenericTieBreak): (java.lang.CharSequence), (scala.Array)…, <generic>(@34442#add(T)$$T) — javac bound one and scala resolves in a single phase, so the port may name the other with no error on either side
fec51eb2bdeb/2	overload-risk	GenericTieBreak	sge.scenes.scene2d.ui.Table	com/kotcrab/vis/ui/widget/toast/Toast.java	85	call to `add/1` has 3 applicable candidates spanning java's resolution phases (GenericTieBreak): (java.lang.CharSequence), (scala.Array)…, <generic>(@34442#add(T)$$T) — javac bound one and scala resolves in a single phase, so the port may name the other with no error on either side
f10b57c5be49	overload-risk	GenericTieBreak	sge.visui.building.utilities.CellWidget	com/kotcrab/vis/ui/building/utilities/layouts/GridTableLayout.java	45	call to `wrap/1` has 2 applicable candidates spanning java's resolution phases (GenericTieBreak): (scala.Array)…, <generic>(@52213#wrap(Widget)$$Widget) — javac bound one and scala resolves in a single phase, so the port may name the other with no error on either side
120dff0f1295	overload-risk	GenericTieBreak	sge.visui.building.utilities.CellWidget	com/kotcrab/vis/ui/building/utilities/layouts/TableLayout.java	51	call to `wrap/1` has 2 applicable candidates spanning java's resolution phases (GenericTieBreak): (scala.Array)…, <generic>(@52213#wrap(Widget)$$Widget) — javac bound one and scala resolves in a single phase, so the port may name the other with no error on either side
d60c0f8aa73d	overload-risk	GenericTieBreak	sge.visui.util.async.AsyncTaskProgressDialog	com/kotcrab/vis/ui/util/async/AsyncTaskProgressDialog.java	53	call to `add/1` has 3 applicable candidates spanning java's resolution phases (GenericTieBreak): (java.lang.CharSequence), (scala.Array)…, <generic>(@34442#add(T)$$T) — javac bound one and scala resolves in a single phase, so the port may name the other with no error on either side
d60c0f8aa73d/2	overload-risk	GenericTieBreak	sge.visui.util.async.AsyncTaskProgressDialog	com/kotcrab/vis/ui/util/async/AsyncTaskProgressDialog.java	54	call to `add/1` has 3 applicable candidates spanning java's resolution phases (GenericTieBreak): (java.lang.CharSequence), (scala.Array)…, <generic>(@34442#add(T)$$T) — javac bound one and scala resolves in a single phase, so the port may name the other with no error on either side
5cfe0d27762b	overload-risk	GenericTieBreak	sge.visui.util.dialog.Dialogs$InputDialog	com/kotcrab/vis/ui/util/dialog/Dialogs.java	264	call to `add/1` has 3 applicable candidates spanning java's resolution phases (GenericTieBreak): (java.lang.CharSequence), (scala.Array)…, <generic>(@34442#add(T)$$T) — javac bound one and scala resolves in a single phase, so the port may name the other with no error on either side
5cfe0d27762b/2	overload-risk	GenericTieBreak	sge.visui.util.dialog.Dialogs$InputDialog	com/kotcrab/vis/ui/util/dialog/Dialogs.java	266	call to `add/1` has 3 applicable candidates spanning java's resolution phases (GenericTieBreak): (java.lang.CharSequence), (scala.Array)…, <generic>(@34442#add(T)$$T) — javac bound one and scala resolves in a single phase, so the port may name the other with no error on either side
fdfdf8ca78b9	overload-risk	GenericTieBreak	sge.visui.util.dialog.Dialogs$OptionDialog	com/kotcrab/vis/ui/util/dialog/Dialogs.java	364	call to `add/1` has 3 applicable candidates spanning java's resolution phases (GenericTieBreak): (java.lang.CharSequence), (scala.Array)…, <generic>(@34442#add(T)$$T) — javac bound one and scala resolves in a single phase, so the port may name the other with no error on either side
fdfdf8ca78b9/2	overload-risk	GenericTieBreak	sge.visui.util.dialog.Dialogs$OptionDialog	com/kotcrab/vis/ui/util/dialog/Dialogs.java	412	call to `add/1` has 3 applicable candidates spanning java's resolution phases (GenericTieBreak): (java.lang.CharSequence), (scala.Array)…, <generic>(@34442#add(T)$$T) — javac bound one and scala resolves in a single phase, so the port may name the other with no error on either side
39e9e0750638	overload-risk	GenericTieBreak	sge.visui.widget.ListView$ListViewTable	com/kotcrab/vis/ui/widget/ListView.java	73	call to `add/1` has 3 applicable candidates spanning java's resolution phases (GenericTieBreak): (java.lang.CharSequence), (scala.Array)…, <generic>(@34442#add(T)$$T) — javac bound one and scala resolves in a single phase, so the port may name the other with no error on either side
c02b624d8a09	overload-risk	GenericTieBreak	sge.visui.widget.MenuItem	com/kotcrab/vis/ui/widget/MenuItem.java	129	call to `add/1` has 3 applicable candidates spanning java's resolution phases (GenericTieBreak): (java.lang.CharSequence), (scala.Array)…, <generic>(@34442#add(T)$$T) — javac bound one and scala resolves in a single phase, so the port may name the other with no error on either side
c02b624d8a09/2	overload-risk	GenericTieBreak	sge.visui.widget.MenuItem	com/kotcrab/vis/ui/widget/MenuItem.java	133	call to `add/1` has 3 applicable candidates spanning java's resolution phases (GenericTieBreak): (java.lang.CharSequence), (scala.Array)…, <generic>(@34442#add(T)$$T) — javac bound one and scala resolves in a single phase, so the port may name the other with no error on either side
c02b624d8a09/3	overload-risk	GenericTieBreak	sge.visui.widget.MenuItem	com/kotcrab/vis/ui/widget/MenuItem.java	135	call to `add/1` has 3 applicable candidates spanning java's resolution phases (GenericTieBreak): (java.lang.CharSequence), (scala.Array)…, <generic>(@34442#add(T)$$T) — javac bound one and scala resolves in a single phase, so the port may name the other with no error on either side
c02b624d8a09/4	overload-risk	GenericTieBreak	sge.visui.widget.MenuItem	com/kotcrab/vis/ui/widget/MenuItem.java	138	call to `add/1` has 3 applicable candidates spanning java's resolution phases (GenericTieBreak): (java.lang.CharSequence), (scala.Array)…, <generic>(@34442#add(T)$$T) — javac bound one and scala resolves in a single phase, so the port may name the other with no error on either side
b4feb798e463	overload-risk	GenericTieBreak	sge.visui.widget.PopupMenu	com/kotcrab/vis/ui/widget/PopupMenu.java	242	call to `add/1` has 4 applicable candidates spanning java's resolution phases (GenericTieBreak): (java.lang.CharSequence), (scala.Array)…, <generic>(@34442#add(T)$$T), <generic>(lowlevel.Nullable) — javac bound one and scala resolves in a single phase, so the port may name the other with no error on either side
26a8476eebea	overload-risk	GenericTieBreak	sge.visui.widget.Tooltip	com/kotcrab/vis/ui/widget/Tooltip.java	110	call to `add/1` has 3 applicable candidates spanning java's resolution phases (GenericTieBreak): (java.lang.CharSequence), (scala.Array)…, <generic>(@34442#add(T)$$T) — javac bound one and scala resolves in a single phase, so the port may name the other with no error on either side
984929f9b717	overload-risk	GenericTieBreak	sge.visui.widget.VisCheckBox	com/kotcrab/vis/ui/widget/VisCheckBox.java	77	call to `add/1` has 3 applicable candidates spanning java's resolution phases (GenericTieBreak): (java.lang.CharSequence), (scala.Array)…, <generic>(@34442#add(T)$$T) — javac bound one and scala resolves in a single phase, so the port may name the other with no error on either side
984929f9b717/2	overload-risk	GenericTieBreak	sge.visui.widget.VisCheckBox	com/kotcrab/vis/ui/widget/VisCheckBox.java	79	call to `add/1` has 3 applicable candidates spanning java's resolution phases (GenericTieBreak): (java.lang.CharSequence), (scala.Array)…, <generic>(@34442#add(T)$$T) — javac bound one and scala resolves in a single phase, so the port may name the other with no error on either side
69e0e9f6ea96	overload-risk	GenericTieBreak	sge.visui.widget.VisDialog	com/kotcrab/vis/ui/widget/VisDialog.java	85	call to `add/1` has 3 applicable candidates spanning java's resolution phases (GenericTieBreak): (java.lang.CharSequence), (scala.Array)…, <generic>(@34442#add(T)$$T) — javac bound one and scala resolves in a single phase, so the port may name the other with no error on either side
69e0e9f6ea96/2	overload-risk	GenericTieBreak	sge.visui.widget.VisDialog	com/kotcrab/vis/ui/widget/VisDialog.java	87	call to `add/1` has 3 applicable candidates spanning java's resolution phases (GenericTieBreak): (java.lang.CharSequence), (scala.Array)…, <generic>(@34442#add(T)$$T) — javac bound one and scala resolves in a single phase, so the port may name the other with no error on either side
3aae4efba68f	overload-risk	GenericTieBreak	sge.visui.widget.VisImageButton	com/kotcrab/vis/ui/widget/VisImageButton.java	93	call to `add/1` has 3 applicable candidates spanning java's resolution phases (GenericTieBreak): (java.lang.CharSequence), (scala.Array)…, <generic>(@34442#add(T)$$T) — javac bound one and scala resolves in a single phase, so the port may name the other with no error on either side
d7b52417523a	overload-risk	GenericTieBreak	sge.visui.widget.VisImageTextButton	com/kotcrab/vis/ui/widget/VisImageTextButton.java	118	call to `add/1` has 3 applicable candidates spanning java's resolution phases (GenericTieBreak): (java.lang.CharSequence), (scala.Array)…, <generic>(@34442#add(T)$$T) — javac bound one and scala resolves in a single phase, so the port may name the other with no error on either side
d7b52417523a/2	overload-risk	GenericTieBreak	sge.visui.widget.VisImageTextButton	com/kotcrab/vis/ui/widget/VisImageTextButton.java	119	call to `add/1` has 3 applicable candidates spanning java's resolution phases (GenericTieBreak): (java.lang.CharSequence), (scala.Array)…, <generic>(@34442#add(T)$$T) — javac bound one and scala resolves in a single phase, so the port may name the other with no error on either side
d7b52417523a/3	overload-risk	GenericTieBreak	sge.visui.widget.VisImageTextButton	com/kotcrab/vis/ui/widget/VisImageTextButton.java	122	call to `add/1` has 3 applicable candidates spanning java's resolution phases (GenericTieBreak): (java.lang.CharSequence), (scala.Array)…, <generic>(@34442#add(T)$$T) — javac bound one and scala resolves in a single phase, so the port may name the other with no error on either side
d7b52417523a/4	overload-risk	GenericTieBreak	sge.visui.widget.VisImageTextButton	com/kotcrab/vis/ui/widget/VisImageTextButton.java	123	call to `add/1` has 3 applicable candidates spanning java's resolution phases (GenericTieBreak): (java.lang.CharSequence), (scala.Array)…, <generic>(@34442#add(T)$$T) — javac bound one and scala resolves in a single phase, so the port may name the other with no error on either side
d7b52417523a/5	overload-risk	GenericTieBreak	sge.visui.widget.VisImageTextButton	com/kotcrab/vis/ui/widget/VisImageTextButton.java	126	call to `add/1` has 3 applicable candidates spanning java's resolution phases (GenericTieBreak): (java.lang.CharSequence), (scala.Array)…, <generic>(@34442#add(T)$$T) — javac bound one and scala resolves in a single phase, so the port may name the other with no error on either side
d7b52417523a/6	overload-risk	GenericTieBreak	sge.visui.widget.VisImageTextButton	com/kotcrab/vis/ui/widget/VisImageTextButton.java	128	call to `add/1` has 3 applicable candidates spanning java's resolution phases (GenericTieBreak): (java.lang.CharSequence), (scala.Array)…, <generic>(@34442#add(T)$$T) — javac bound one and scala resolves in a single phase, so the port may name the other with no error on either side
d7b52417523a/7	overload-risk	GenericTieBreak	sge.visui.widget.VisImageTextButton	com/kotcrab/vis/ui/widget/VisImageTextButton.java	131	call to `add/1` has 3 applicable candidates spanning java's resolution phases (GenericTieBreak): (java.lang.CharSequence), (scala.Array)…, <generic>(@34442#add(T)$$T) — javac bound one and scala resolves in a single phase, so the port may name the other with no error on either side
d7b52417523a/8	overload-risk	GenericTieBreak	sge.visui.widget.VisImageTextButton	com/kotcrab/vis/ui/widget/VisImageTextButton.java	133	call to `add/1` has 3 applicable candidates spanning java's resolution phases (GenericTieBreak): (java.lang.CharSequence), (scala.Array)…, <generic>(@34442#add(T)$$T) — javac bound one and scala resolves in a single phase, so the port may name the other with no error on either side
b6f18be23c46	overload-risk	GenericTieBreak	sge.visui.widget.VisTable	com/kotcrab/vis/ui/util/ToastManager.java	83	call to `add/1` has 3 applicable candidates spanning java's resolution phases (GenericTieBreak): (java.lang.CharSequence), (scala.Array)…, <generic>(@34442#add(T)$$T) — javac bound one and scala resolves in a single phase, so the port may name the other with no error on either side
6993955de1ed	overload-risk	GenericTieBreak	sge.visui.widget.VisTable	com/kotcrab/vis/ui/util/adapter/AbstractListAdapter.java	71	call to `add/1` has 3 applicable candidates spanning java's resolution phases (GenericTieBreak): (java.lang.CharSequence), (scala.Array)…, <generic>(@34442#add(T)$$T) — javac bound one and scala resolves in a single phase, so the port may name the other with no error on either side
a5ad36ce7268	overload-risk	GenericTieBreak	sge.visui.widget.VisTable	com/kotcrab/vis/ui/util/adapter/SimpleListAdapter.java	51	call to `add/1` has 3 applicable candidates spanning java's resolution phases (GenericTieBreak): (java.lang.CharSequence), (scala.Array)…, <generic>(@34442#add(T)$$T) — javac bound one and scala resolves in a single phase, so the port may name the other with no error on either side
f671a8ffb26c	overload-risk	GenericTieBreak	sge.visui.widget.VisTable	com/kotcrab/vis/ui/util/dialog/Dialogs.java	260	call to `add/1` has 3 applicable candidates spanning java's resolution phases (GenericTieBreak): (java.lang.CharSequence), (scala.Array)…, <generic>(@34442#add(T)$$T) — javac bound one and scala resolves in a single phase, so the port may name the other with no error on either side
f671a8ffb26c/2	overload-risk	GenericTieBreak	sge.visui.widget.VisTable	com/kotcrab/vis/ui/util/dialog/Dialogs.java	262	call to `add/1` has 3 applicable candidates spanning java's resolution phases (GenericTieBreak): (java.lang.CharSequence), (scala.Array)…, <generic>(@34442#add(T)$$T) — javac bound one and scala resolves in a single phase, so the port may name the other with no error on either side
f671a8ffb26c/3	overload-risk	GenericTieBreak	sge.visui.widget.VisTable	com/kotcrab/vis/ui/util/dialog/Dialogs.java	468	call to `add/1` has 3 applicable candidates spanning java's resolution phases (GenericTieBreak): (java.lang.CharSequence), (scala.Array)…, <generic>(@34442#add(T)$$T) — javac bound one and scala resolves in a single phase, so the port may name the other with no error on either side
f671a8ffb26c/4	overload-risk	GenericTieBreak	sge.visui.widget.VisTable	com/kotcrab/vis/ui/util/dialog/Dialogs.java	469	call to `add/1` has 3 applicable candidates spanning java's resolution phases (GenericTieBreak): (java.lang.CharSequence), (scala.Array)…, <generic>(@34442#add(T)$$T) — javac bound one and scala resolves in a single phase, so the port may name the other with no error on either side
f671a8ffb26c/5	overload-risk	GenericTieBreak	sge.visui.widget.VisTable	com/kotcrab/vis/ui/util/dialog/Dialogs.java	473	call to `add/1` has 3 applicable candidates spanning java's resolution phases (GenericTieBreak): (java.lang.CharSequence), (scala.Array)…, <generic>(@34442#add(T)$$T) — javac bound one and scala resolves in a single phase, so the port may name the other with no error on either side
f671a8ffb26c/6	overload-risk	GenericTieBreak	sge.visui.widget.VisTable	com/kotcrab/vis/ui/util/dialog/Dialogs.java	474	call to `add/1` has 3 applicable candidates spanning java's resolution phases (GenericTieBreak): (java.lang.CharSequence), (scala.Array)…, <generic>(@34442#add(T)$$T) — javac bound one and scala resolves in a single phase, so the port may name the other with no error on either side
23c4c6f9b17d	overload-risk	GenericTieBreak	sge.visui.widget.VisTable	com/kotcrab/vis/ui/widget/ButtonBar.java	145	call to `add/1` has 3 applicable candidates spanning java's resolution phases (GenericTieBreak): (java.lang.CharSequence), (scala.Array)…, <generic>(@34442#add(T)$$T) — javac bound one and scala resolves in a single phase, so the port may name the other with no error on either side
28b96120923a	overload-risk	GenericTieBreak	sge.visui.widget.VisTable	com/kotcrab/vis/ui/widget/ListView.java	87	call to `add/1` has 3 applicable candidates spanning java's resolution phases (GenericTieBreak): (java.lang.CharSequence), (scala.Array)…, <generic>(@34442#add(T)$$T) — javac bound one and scala resolves in a single phase, so the port may name the other with no error on either side
28b96120923a/2	overload-risk	GenericTieBreak	sge.visui.widget.VisTable	com/kotcrab/vis/ui/widget/ListView.java	96	call to `add/1` has 3 applicable candidates spanning java's resolution phases (GenericTieBreak): (java.lang.CharSequence), (scala.Array)…, <generic>(@34442#add(T)$$T) — javac bound one and scala resolves in a single phase, so the port may name the other with no error on either side
28b96120923a/3	overload-risk	GenericTieBreak	sge.visui.widget.VisTable	com/kotcrab/vis/ui/widget/ListView.java	100	call to `add/1` has 3 applicable candidates spanning java's resolution phases (GenericTieBreak): (java.lang.CharSequence), (scala.Array)…, <generic>(@34442#add(T)$$T) — javac bound one and scala resolves in a single phase, so the port may name the other with no error on either side
e6de26135d4e	overload-risk	GenericTieBreak	sge.visui.widget.VisTable	com/kotcrab/vis/ui/widget/VisTable.java	46	call to `add/1` has 3 applicable candidates spanning java's resolution phases (GenericTieBreak): (java.lang.CharSequence), (scala.Array)…, <generic>(@34442#add(T)$$T) — javac bound one and scala resolves in a single phase, so the port may name the other with no error on either side
65dfd31c6722	overload-risk	GenericTieBreak	sge.visui.widget.VisTable	com/kotcrab/vis/ui/widget/color/BasicColorPicker.java	146	call to `add/1` has 3 applicable candidates spanning java's resolution phases (GenericTieBreak): (java.lang.CharSequence), (scala.Array)…, <generic>(@34442#add(T)$$T) — javac bound one and scala resolves in a single phase, so the port may name the other with no error on either side
65dfd31c6722/2	overload-risk	GenericTieBreak	sge.visui.widget.VisTable	com/kotcrab/vis/ui/widget/color/BasicColorPicker.java	147	call to `add/1` has 3 applicable candidates spanning java's resolution phases (GenericTieBreak): (java.lang.CharSequence), (scala.Array)…, <generic>(@34442#add(T)$$T) — javac bound one and scala resolves in a single phase, so the port may name the other with no error on either side
65dfd31c6722/3	overload-risk	GenericTieBreak	sge.visui.widget.VisTable	com/kotcrab/vis/ui/widget/color/BasicColorPicker.java	151	call to `add/1` has 3 applicable candidates spanning java's resolution phases (GenericTieBreak): (java.lang.CharSequence), (scala.Array)…, <generic>(@34442#add(T)$$T) — javac bound one and scala resolves in a single phase, so the port may name the other with no error on either side
65dfd31c6722/4	overload-risk	GenericTieBreak	sge.visui.widget.VisTable	com/kotcrab/vis/ui/widget/color/BasicColorPicker.java	156	call to `add/1` has 3 applicable candidates spanning java's resolution phases (GenericTieBreak): (java.lang.CharSequence), (scala.Array)…, <generic>(@34442#add(T)$$T) — javac bound one and scala resolves in a single phase, so the port may name the other with no error on either side
65dfd31c6722/5	overload-risk	GenericTieBreak	sge.visui.widget.VisTable	com/kotcrab/vis/ui/widget/color/BasicColorPicker.java	162	call to `add/1` has 3 applicable candidates spanning java's resolution phases (GenericTieBreak): (java.lang.CharSequence), (scala.Array)…, <generic>(@34442#add(T)$$T) — javac bound one and scala resolves in a single phase, so the port may name the other with no error on either side
65dfd31c6722/6	overload-risk	GenericTieBreak	sge.visui.widget.VisTable	com/kotcrab/vis/ui/widget/color/BasicColorPicker.java	164	call to `add/1` has 3 applicable candidates spanning java's resolution phases (GenericTieBreak): (java.lang.CharSequence), (scala.Array)…, <generic>(@34442#add(T)$$T) — javac bound one and scala resolves in a single phase, so the port may name the other with no error on either side
65dfd31c6722/7	overload-risk	GenericTieBreak	sge.visui.widget.VisTable	com/kotcrab/vis/ui/widget/color/BasicColorPicker.java	165	call to `add/1` has 3 applicable candidates spanning java's resolution phases (GenericTieBreak): (java.lang.CharSequence), (scala.Array)…, <generic>(@34442#add(T)$$T) — javac bound one and scala resolves in a single phase, so the port may name the other with no error on either side
65dfd31c6722/8	overload-risk	GenericTieBreak	sge.visui.widget.VisTable	com/kotcrab/vis/ui/widget/color/BasicColorPicker.java	183	call to `add/1` has 3 applicable candidates spanning java's resolution phases (GenericTieBreak): (java.lang.CharSequence), (scala.Array)…, <generic>(@34442#add(T)$$T) — javac bound one and scala resolves in a single phase, so the port may name the other with no error on either side
65dfd31c6722/9	overload-risk	GenericTieBreak	sge.visui.widget.VisTable	com/kotcrab/vis/ui/widget/color/BasicColorPicker.java	184	call to `add/1` has 3 applicable candidates spanning java's resolution phases (GenericTieBreak): (java.lang.CharSequence), (scala.Array)…, <generic>(@34442#add(T)$$T) — javac bound one and scala resolves in a single phase, so the port may name the other with no error on either side
67fce0d79955	overload-risk	GenericTieBreak	sge.visui.widget.VisTable	com/kotcrab/vis/ui/widget/color/ExtendedColorPicker.java	78	call to `add/1` has 3 applicable candidates spanning java's resolution phases (GenericTieBreak): (java.lang.CharSequence), (scala.Array)…, <generic>(@34442#add(T)$$T) — javac bound one and scala resolves in a single phase, so the port may name the other with no error on either side
67fce0d79955/2	overload-risk	GenericTieBreak	sge.visui.widget.VisTable	com/kotcrab/vis/ui/widget/color/ExtendedColorPicker.java	79	call to `add/1` has 3 applicable candidates spanning java's resolution phases (GenericTieBreak): (java.lang.CharSequence), (scala.Array)…, <generic>(@34442#add(T)$$T) — javac bound one and scala resolves in a single phase, so the port may name the other with no error on either side
67fce0d79955/3	overload-risk	GenericTieBreak	sge.visui.widget.VisTable	com/kotcrab/vis/ui/widget/color/ExtendedColorPicker.java	80	call to `add/1` has 3 applicable candidates spanning java's resolution phases (GenericTieBreak): (java.lang.CharSequence), (scala.Array)…, <generic>(@34442#add(T)$$T) — javac bound one and scala resolves in a single phase, so the port may name the other with no error on either side
67fce0d79955/4	overload-risk	GenericTieBreak	sge.visui.widget.VisTable	com/kotcrab/vis/ui/widget/color/ExtendedColorPicker.java	85	call to `add/1` has 3 applicable candidates spanning java's resolution phases (GenericTieBreak): (java.lang.CharSequence), (scala.Array)…, <generic>(@34442#add(T)$$T) — javac bound one and scala resolves in a single phase, so the port may name the other with no error on either side
67fce0d79955/5	overload-risk	GenericTieBreak	sge.visui.widget.VisTable	com/kotcrab/vis/ui/widget/color/ExtendedColorPicker.java	86	call to `add/1` has 3 applicable candidates spanning java's resolution phases (GenericTieBreak): (java.lang.CharSequence), (scala.Array)…, <generic>(@34442#add(T)$$T) — javac bound one and scala resolves in a single phase, so the port may name the other with no error on either side
67fce0d79955/6	overload-risk	GenericTieBreak	sge.visui.widget.VisTable	com/kotcrab/vis/ui/widget/color/ExtendedColorPicker.java	87	call to `add/1` has 3 applicable candidates spanning java's resolution phases (GenericTieBreak): (java.lang.CharSequence), (scala.Array)…, <generic>(@34442#add(T)$$T) — javac bound one and scala resolves in a single phase, so the port may name the other with no error on either side
67fce0d79955/7	overload-risk	GenericTieBreak	sge.visui.widget.VisTable	com/kotcrab/vis/ui/widget/color/ExtendedColorPicker.java	92	call to `add/1` has 3 applicable candidates spanning java's resolution phases (GenericTieBreak): (java.lang.CharSequence), (scala.Array)…, <generic>(@34442#add(T)$$T) — javac bound one and scala resolves in a single phase, so the port may name the other with no error on either side
9fa74ad6cacc	overload-risk	GenericTieBreak	sge.visui.widget.VisTable	com/kotcrab/vis/ui/widget/file/FileChooser.java	363	call to `add/1` has 3 applicable candidates spanning java's resolution phases (GenericTieBreak): (java.lang.CharSequence), (scala.Array)…, <generic>(@34442#add(T)$$T) — javac bound one and scala resolves in a single phase, so the port may name the other with no error on either side
9fa74ad6cacc/2	overload-risk	GenericTieBreak	sge.visui.widget.VisTable	com/kotcrab/vis/ui/widget/file/FileChooser.java	364	call to `add/1` has 3 applicable candidates spanning java's resolution phases (GenericTieBreak): (java.lang.CharSequence), (scala.Array)…, <generic>(@34442#add(T)$$T) — javac bound one and scala resolves in a single phase, so the port may name the other with no error on either side
9fa74ad6cacc/3	overload-risk	GenericTieBreak	sge.visui.widget.VisTable	com/kotcrab/vis/ui/widget/file/FileChooser.java	365	call to `add/1` has 3 applicable candidates spanning java's resolution phases (GenericTieBreak): (java.lang.CharSequence), (scala.Array)…, <generic>(@34442#add(T)$$T) — javac bound one and scala resolves in a single phase, so the port may name the other with no error on either side
9fa74ad6cacc/4	overload-risk	GenericTieBreak	sge.visui.widget.VisTable	com/kotcrab/vis/ui/widget/file/FileChooser.java	366	call to `add/1` has 3 applicable candidates spanning java's resolution phases (GenericTieBreak): (java.lang.CharSequence), (scala.Array)…, <generic>(@34442#add(T)$$T) — javac bound one and scala resolves in a single phase, so the port may name the other with no error on either side
9fa74ad6cacc/5	overload-risk	GenericTieBreak	sge.visui.widget.VisTable	com/kotcrab/vis/ui/widget/file/FileChooser.java	367	call to `add/1` has 3 applicable candidates spanning java's resolution phases (GenericTieBreak): (java.lang.CharSequence), (scala.Array)…, <generic>(@34442#add(T)$$T) — javac bound one and scala resolves in a single phase, so the port may name the other with no error on either side
9fa74ad6cacc/6	overload-risk	GenericTieBreak	sge.visui.widget.VisTable	com/kotcrab/vis/ui/widget/file/FileChooser.java	368	call to `add/1` has 3 applicable candidates spanning java's resolution phases (GenericTieBreak): (java.lang.CharSequence), (scala.Array)…, <generic>(@34442#add(T)$$T) — javac bound one and scala resolves in a single phase, so the port may name the other with no error on either side
9fa74ad6cacc/7	overload-risk	GenericTieBreak	sge.visui.widget.VisTable	com/kotcrab/vis/ui/widget/file/FileChooser.java	369	call to `add/1` has 3 applicable candidates spanning java's resolution phases (GenericTieBreak): (java.lang.CharSequence), (scala.Array)…, <generic>(@34442#add(T)$$T) — javac bound one and scala resolves in a single phase, so the port may name the other with no error on either side
9fa74ad6cacc/8	overload-risk	GenericTieBreak	sge.visui.widget.VisTable	com/kotcrab/vis/ui/widget/file/FileChooser.java	459	call to `add/1` has 3 applicable candidates spanning java's resolution phases (GenericTieBreak): (java.lang.CharSequence), (scala.Array)…, <generic>(@34442#add(T)$$T) — javac bound one and scala resolves in a single phase, so the port may name the other with no error on either side
9fa74ad6cacc/9	overload-risk	GenericTieBreak	sge.visui.widget.VisTable	com/kotcrab/vis/ui/widget/file/FileChooser.java	460	call to `add/1` has 3 applicable candidates spanning java's resolution phases (GenericTieBreak): (java.lang.CharSequence), (scala.Array)…, <generic>(@34442#add(T)$$T) — javac bound one and scala resolves in a single phase, so the port may name the other with no error on either side
9fa74ad6cacc/10	overload-risk	GenericTieBreak	sge.visui.widget.VisTable	com/kotcrab/vis/ui/widget/file/FileChooser.java	467	call to `add/1` has 3 applicable candidates spanning java's resolution phases (GenericTieBreak): (java.lang.CharSequence), (scala.Array)…, <generic>(@34442#add(T)$$T) — javac bound one and scala resolves in a single phase, so the port may name the other with no error on either side
9fa74ad6cacc/11	overload-risk	GenericTieBreak	sge.visui.widget.VisTable	com/kotcrab/vis/ui/widget/file/FileChooser.java	536	call to `add/1` has 3 applicable candidates spanning java's resolution phases (GenericTieBreak): (java.lang.CharSequence), (scala.Array)…, <generic>(@34442#add(T)$$T) — javac bound one and scala resolves in a single phase, so the port may name the other with no error on either side
9fa74ad6cacc/12	overload-risk	GenericTieBreak	sge.visui.widget.VisTable	com/kotcrab/vis/ui/widget/file/FileChooser.java	537	call to `add/1` has 3 applicable candidates spanning java's resolution phases (GenericTieBreak): (java.lang.CharSequence), (scala.Array)…, <generic>(@34442#add(T)$$T) — javac bound one and scala resolves in a single phase, so the port may name the other with no error on either side
9fa74ad6cacc/13	overload-risk	GenericTieBreak	sge.visui.widget.VisTable	com/kotcrab/vis/ui/widget/file/FileChooser.java	539	call to `add/1` has 3 applicable candidates spanning java's resolution phases (GenericTieBreak): (java.lang.CharSequence), (scala.Array)…, <generic>(@34442#add(T)$$T) — javac bound one and scala resolves in a single phase, so the port may name the other with no error on either side
9fa74ad6cacc/14	overload-risk	GenericTieBreak	sge.visui.widget.VisTable	com/kotcrab/vis/ui/widget/file/FileChooser.java	541	call to `add/1` has 3 applicable candidates spanning java's resolution phases (GenericTieBreak): (java.lang.CharSequence), (scala.Array)…, <generic>(@34442#add(T)$$T) — javac bound one and scala resolves in a single phase, so the port may name the other with no error on either side
9fa74ad6cacc/15	overload-risk	GenericTieBreak	sge.visui.widget.VisTable	com/kotcrab/vis/ui/widget/file/FileChooser.java	605	call to `add/1` has 3 applicable candidates spanning java's resolution phases (GenericTieBreak): (java.lang.CharSequence), (scala.Array)…, <generic>(@34442#add(T)$$T) — javac bound one and scala resolves in a single phase, so the port may name the other with no error on either side
9fa74ad6cacc/16	overload-risk	GenericTieBreak	sge.visui.widget.VisTable	com/kotcrab/vis/ui/widget/file/FileChooser.java	821	call to `add/1` has 3 applicable candidates spanning java's resolution phases (GenericTieBreak): (java.lang.CharSequence), (scala.Array)…, <generic>(@34442#add(T)$$T) — javac bound one and scala resolves in a single phase, so the port may name the other with no error on either side
9fa74ad6cacc/17	overload-risk	GenericTieBreak	sge.visui.widget.VisTable	com/kotcrab/vis/ui/widget/file/FileChooser.java	826	call to `add/1` has 3 applicable candidates spanning java's resolution phases (GenericTieBreak): (java.lang.CharSequence), (scala.Array)…, <generic>(@34442#add(T)$$T) — javac bound one and scala resolves in a single phase, so the port may name the other with no error on either side
9fa74ad6cacc/18	overload-risk	GenericTieBreak	sge.visui.widget.VisTable	com/kotcrab/vis/ui/widget/file/FileChooser.java	830	call to `add/1` has 3 applicable candidates spanning java's resolution phases (GenericTieBreak): (java.lang.CharSequence), (scala.Array)…, <generic>(@34442#add(T)$$T) — javac bound one and scala resolves in a single phase, so the port may name the other with no error on either side
d445828c638d	overload-risk	GenericTieBreak	sge.visui.widget.VisTable	com/kotcrab/vis/ui/widget/file/internal/FileHistoryManager.java	61	call to `add/1` has 3 applicable candidates spanning java's resolution phases (GenericTieBreak): (java.lang.CharSequence), (scala.Array)…, <generic>(@34442#add(T)$$T) — javac bound one and scala resolves in a single phase, so the port may name the other with no error on either side
d445828c638d/2	overload-risk	GenericTieBreak	sge.visui.widget.VisTable	com/kotcrab/vis/ui/widget/file/internal/FileHistoryManager.java	62	call to `add/1` has 3 applicable candidates spanning java's resolution phases (GenericTieBreak): (java.lang.CharSequence), (scala.Array)…, <generic>(@34442#add(T)$$T) — javac bound one and scala resolves in a single phase, so the port may name the other with no error on either side
70b8503d344a	overload-risk	GenericTieBreak	sge.visui.widget.VisTable	com/kotcrab/vis/ui/widget/file/internal/FileListAdapter.java	63	call to `add/1` has 3 applicable candidates spanning java's resolution phases (GenericTieBreak): (java.lang.CharSequence), (scala.Array)…, <generic>(@34442#add(T)$$T) — javac bound one and scala resolves in a single phase, so the port may name the other with no error on either side
70b8503d344a/2	overload-risk	GenericTieBreak	sge.visui.widget.VisTable	com/kotcrab/vis/ui/widget/file/internal/FileListAdapter.java	69	call to `add/1` has 3 applicable candidates spanning java's resolution phases (GenericTieBreak): (java.lang.CharSequence), (scala.Array)…, <generic>(@34442#add(T)$$T) — javac bound one and scala resolves in a single phase, so the port may name the other with no error on either side
868a4086b989	overload-risk	GenericTieBreak	sge.visui.widget.VisTable	com/kotcrab/vis/ui/widget/spinner/Spinner.java	81	call to `add/1` has 3 applicable candidates spanning java's resolution phases (GenericTieBreak): (java.lang.CharSequence), (scala.Array)…, <generic>(@34442#add(T)$$T) — javac bound one and scala resolves in a single phase, so the port may name the other with no error on either side
868a4086b989/2	overload-risk	GenericTieBreak	sge.visui.widget.VisTable	com/kotcrab/vis/ui/widget/spinner/Spinner.java	82	call to `add/1` has 3 applicable candidates spanning java's resolution phases (GenericTieBreak): (java.lang.CharSequence), (scala.Array)…, <generic>(@34442#add(T)$$T) — javac bound one and scala resolves in a single phase, so the port may name the other with no error on either side
37bf8f0db20e	overload-risk	GenericTieBreak	sge.visui.widget.VisTable	com/kotcrab/vis/ui/widget/toast/MessageToast.java	47	call to `add/1` has 3 applicable candidates spanning java's resolution phases (GenericTieBreak): (java.lang.CharSequence), (scala.Array)…, <generic>(@34442#add(T)$$T) — javac bound one and scala resolves in a single phase, so the port may name the other with no error on either side
173296df23ea	overload-risk	GenericTieBreak	sge.visui.widget.color.BasicColorPicker	com/kotcrab/vis/ui/widget/color/BasicColorPicker.java	141	call to `add/1` has 3 applicable candidates spanning java's resolution phases (GenericTieBreak): (java.lang.CharSequence), (scala.Array)…, <generic>(@34442#add(T)$$T) — javac bound one and scala resolves in a single phase, so the port may name the other with no error on either side
cabc21b8b119	overload-risk	GenericTieBreak	sge.visui.widget.color.ColorPicker	com/kotcrab/vis/ui/widget/color/ColorPicker.java	88	call to `add/1` has 3 applicable candidates spanning java's resolution phases (GenericTieBreak): (java.lang.CharSequence), (scala.Array)…, <generic>(@34442#add(T)$$T) — javac bound one and scala resolves in a single phase, so the port may name the other with no error on either side
cabc21b8b119/2	overload-risk	GenericTieBreak	sge.visui.widget.color.ColorPicker	com/kotcrab/vis/ui/widget/color/ColorPicker.java	90	call to `add/1` has 3 applicable candidates spanning java's resolution phases (GenericTieBreak): (java.lang.CharSequence), (scala.Array)…, <generic>(@34442#add(T)$$T) — javac bound one and scala resolves in a single phase, so the port may name the other with no error on either side
d9d76bd9ad74	overload-risk	GenericTieBreak	sge.visui.widget.color.ExtendedColorPicker	com/kotcrab/vis/ui/widget/color/ExtendedColorPicker.java	94	call to `add/1` has 3 applicable candidates spanning java's resolution phases (GenericTieBreak): (java.lang.CharSequence), (scala.Array)…, <generic>(@34442#add(T)$$T) — javac bound one and scala resolves in a single phase, so the port may name the other with no error on either side
fcac73d2ce17	overload-risk	GenericTieBreak	sge.visui.widget.color.internal.ColorChannelWidget	com/kotcrab/vis/ui/widget/color/internal/ColorChannelWidget.java	63	call to `add/1` has 3 applicable candidates spanning java's resolution phases (GenericTieBreak): (java.lang.CharSequence), (scala.Array)…, <generic>(@34442#add(T)$$T) — javac bound one and scala resolves in a single phase, so the port may name the other with no error on either side
fcac73d2ce17/2	overload-risk	GenericTieBreak	sge.visui.widget.color.internal.ColorChannelWidget	com/kotcrab/vis/ui/widget/color/internal/ColorChannelWidget.java	64	call to `add/1` has 3 applicable candidates spanning java's resolution phases (GenericTieBreak): (java.lang.CharSequence), (scala.Array)…, <generic>(@34442#add(T)$$T) — javac bound one and scala resolves in a single phase, so the port may name the other with no error on either side
fcac73d2ce17/3	overload-risk	GenericTieBreak	sge.visui.widget.color.internal.ColorChannelWidget	com/kotcrab/vis/ui/widget/color/internal/ColorChannelWidget.java	72	call to `add/1` has 3 applicable candidates spanning java's resolution phases (GenericTieBreak): (java.lang.CharSequence), (scala.Array)…, <generic>(@34442#add(T)$$T) — javac bound one and scala resolves in a single phase, so the port may name the other with no error on either side
d6baf842975e	overload-risk	GenericTieBreak	sge.visui.widget.file.FileChooser	com/kotcrab/vis/ui/widget/file/FileChooser.java	291	call to `add/1` has 3 applicable candidates spanning java's resolution phases (GenericTieBreak): (java.lang.CharSequence), (scala.Array)…, <generic>(@34442#add(T)$$T) — javac bound one and scala resolves in a single phase, so the port may name the other with no error on either side
d6baf842975e/2	overload-risk	GenericTieBreak	sge.visui.widget.file.FileChooser	com/kotcrab/vis/ui/widget/file/FileChooser.java	481	call to `add/1` has 3 applicable candidates spanning java's resolution phases (GenericTieBreak): (java.lang.CharSequence), (scala.Array)…, <generic>(@34442#add(T)$$T) — javac bound one and scala resolves in a single phase, so the port may name the other with no error on either side
d6baf842975e/3	overload-risk	GenericTieBreak	sge.visui.widget.file.FileChooser	com/kotcrab/vis/ui/widget/file/FileChooser.java	567	call to `add/1` has 3 applicable candidates spanning java's resolution phases (GenericTieBreak): (java.lang.CharSequence), (scala.Array)…, <generic>(@34442#add(T)$$T) — javac bound one and scala resolves in a single phase, so the port may name the other with no error on either side
d6baf842975e/4	overload-risk	GenericTieBreak	sge.visui.widget.file.FileChooser	com/kotcrab/vis/ui/widget/file/FileChooser.java	599	call to `add/1` has 3 applicable candidates spanning java's resolution phases (GenericTieBreak): (java.lang.CharSequence), (scala.Array)…, <generic>(@34442#add(T)$$T) — javac bound one and scala resolves in a single phase, so the port may name the other with no error on either side
3b59bd70a80f	overload-risk	GenericTieBreak	sge.visui.widget.file.FileChooser$FileItem	com/kotcrab/vis/ui/widget/file/FileChooser.java	1839	call to `add/1` has 3 applicable candidates spanning java's resolution phases (GenericTieBreak): (java.lang.CharSequence), (scala.Array)…, <generic>(@34442#add(T)$$T) — javac bound one and scala resolves in a single phase, so the port may name the other with no error on either side
3b59bd70a80f/2	overload-risk	GenericTieBreak	sge.visui.widget.file.FileChooser$FileItem	com/kotcrab/vis/ui/widget/file/FileChooser.java	1840	call to `add/1` has 3 applicable candidates spanning java's resolution phases (GenericTieBreak): (java.lang.CharSequence), (scala.Array)…, <generic>(@34442#add(T)$$T) — javac bound one and scala resolves in a single phase, so the port may name the other with no error on either side
3b59bd70a80f/3	overload-risk	GenericTieBreak	sge.visui.widget.file.FileChooser$FileItem	com/kotcrab/vis/ui/widget/file/FileChooser.java	1842	call to `add/1` has 3 applicable candidates spanning java's resolution phases (GenericTieBreak): (java.lang.CharSequence), (scala.Array)…, <generic>(@34442#add(T)$$T) — javac bound one and scala resolves in a single phase, so the port may name the other with no error on either side
3b59bd70a80f/4	overload-risk	GenericTieBreak	sge.visui.widget.file.FileChooser$FileItem	com/kotcrab/vis/ui/widget/file/FileChooser.java	1843	call to `add/1` has 3 applicable candidates spanning java's resolution phases (GenericTieBreak): (java.lang.CharSequence), (scala.Array)…, <generic>(@34442#add(T)$$T) — javac bound one and scala resolves in a single phase, so the port may name the other with no error on either side
3b59bd70a80f/5	overload-risk	GenericTieBreak	sge.visui.widget.file.FileChooser$FileItem	com/kotcrab/vis/ui/widget/file/FileChooser.java	1846	call to `add/1` has 3 applicable candidates spanning java's resolution phases (GenericTieBreak): (java.lang.CharSequence), (scala.Array)…, <generic>(@34442#add(T)$$T) — javac bound one and scala resolves in a single phase, so the port may name the other with no error on either side
3b59bd70a80f/6	overload-risk	GenericTieBreak	sge.visui.widget.file.FileChooser$FileItem	com/kotcrab/vis/ui/widget/file/FileChooser.java	1847	call to `add/1` has 3 applicable candidates spanning java's resolution phases (GenericTieBreak): (java.lang.CharSequence), (scala.Array)…, <generic>(@34442#add(T)$$T) — javac bound one and scala resolves in a single phase, so the port may name the other with no error on either side
3b59bd70a80f/7	overload-risk	GenericTieBreak	sge.visui.widget.file.FileChooser$FileItem	com/kotcrab/vis/ui/widget/file/FileChooser.java	1848	call to `add/1` has 3 applicable candidates spanning java's resolution phases (GenericTieBreak): (java.lang.CharSequence), (scala.Array)…, <generic>(@34442#add(T)$$T) — javac bound one and scala resolves in a single phase, so the port may name the other with no error on either side
3b59bd70a80f/8	overload-risk	GenericTieBreak	sge.visui.widget.file.FileChooser$FileItem	com/kotcrab/vis/ui/widget/file/FileChooser.java	1856	call to `add/1` has 3 applicable candidates spanning java's resolution phases (GenericTieBreak): (java.lang.CharSequence), (scala.Array)…, <generic>(@34442#add(T)$$T) — javac bound one and scala resolves in a single phase, so the port may name the other with no error on either side
3b59bd70a80f/9	overload-risk	GenericTieBreak	sge.visui.widget.file.FileChooser$FileItem	com/kotcrab/vis/ui/widget/file/FileChooser.java	1857	call to `add/1` has 3 applicable candidates spanning java's resolution phases (GenericTieBreak): (java.lang.CharSequence), (scala.Array)…, <generic>(@34442#add(T)$$T) — javac bound one and scala resolves in a single phase, so the port may name the other with no error on either side
0dcf6a1cdc64	overload-risk	GenericTieBreak	sge.visui.widget.file.FileChooser$ShortcutItem	com/kotcrab/vis/ui/widget/file/FileChooser.java	2055	call to `add/1` has 3 applicable candidates spanning java's resolution phases (GenericTieBreak): (java.lang.CharSequence), (scala.Array)…, <generic>(@34442#add(T)$$T) — javac bound one and scala resolves in a single phase, so the port may name the other with no error on either side
0dcf6a1cdc64/2	overload-risk	GenericTieBreak	sge.visui.widget.file.FileChooser$ShortcutItem	com/kotcrab/vis/ui/widget/file/FileChooser.java	2056	call to `add/1` has 3 applicable candidates spanning java's resolution phases (GenericTieBreak): (java.lang.CharSequence), (scala.Array)…, <generic>(@34442#add(T)$$T) — javac bound one and scala resolves in a single phase, so the port may name the other with no error on either side
d97fcd08f701	overload-risk	GenericTieBreak	sge.visui.widget.spinner.Spinner	com/kotcrab/vis/ui/widget/spinner/Spinner.java	84	call to `add/1` has 3 applicable candidates spanning java's resolution phases (GenericTieBreak): (java.lang.CharSequence), (scala.Array)…, <generic>(@34442#add(T)$$T) — javac bound one and scala resolves in a single phase, so the port may name the other with no error on either side
d97fcd08f701/2	overload-risk	GenericTieBreak	sge.visui.widget.spinner.Spinner	com/kotcrab/vis/ui/widget/spinner/Spinner.java	87	call to `add/1` has 3 applicable candidates spanning java's resolution phases (GenericTieBreak): (java.lang.CharSequence), (scala.Array)…, <generic>(@34442#add(T)$$T) — javac bound one and scala resolves in a single phase, so the port may name the other with no error on either side
d97fcd08f701/3	overload-risk	GenericTieBreak	sge.visui.widget.spinner.Spinner	com/kotcrab/vis/ui/widget/spinner/Spinner.java	88	call to `add/1` has 3 applicable candidates spanning java's resolution phases (GenericTieBreak): (java.lang.CharSequence), (scala.Array)…, <generic>(@34442#add(T)$$T) — javac bound one and scala resolves in a single phase, so the port may name the other with no error on either side
5862aa0d4254	overload-risk	GenericTieBreak	sge.visui.widget.tabbedpane.TabbedPane$TabButtonTable	com/kotcrab/vis/ui/widget/tabbedpane/TabbedPane.java	606	call to `add/1` has 3 applicable candidates spanning java's resolution phases (GenericTieBreak): (java.lang.CharSequence), (scala.Array)…, <generic>(@34442#add(T)$$T) — javac bound one and scala resolves in a single phase, so the port may name the other with no error on either side
5862aa0d4254/2	overload-risk	GenericTieBreak	sge.visui.widget.tabbedpane.TabbedPane$TabButtonTable	com/kotcrab/vis/ui/widget/tabbedpane/TabbedPane.java	608	call to `add/1` has 3 applicable candidates spanning java's resolution phases (GenericTieBreak): (java.lang.CharSequence), (scala.Array)…, <generic>(@34442#add(T)$$T) — javac bound one and scala resolves in a single phase, so the port may name the other with no error on either side
bd7485d5c9e1	overload-risk	GenericTieBreak	sge.visui.widget.tabbedpane.TabbedPane$TabbedPaneTable	com/kotcrab/vis/ui/widget/tabbedpane/TabbedPane.java	121	call to `add/1` has 3 applicable candidates spanning java's resolution phases (GenericTieBreak): (java.lang.CharSequence), (scala.Array)…, <generic>(@34442#add(T)$$T) — javac bound one and scala resolves in a single phase, so the port may name the other with no error on either side
bd7485d5c9e1/2	overload-risk	GenericTieBreak	sge.visui.widget.tabbedpane.TabbedPane$TabbedPaneTable	com/kotcrab/vis/ui/widget/tabbedpane/TabbedPane.java	133	call to `add/1` has 3 applicable candidates spanning java's resolution phases (GenericTieBreak): (java.lang.CharSequence), (scala.Array)…, <generic>(@34442#add(T)$$T) — javac bound one and scala resolves in a single phase, so the port may name the other with no error on either side
bd7485d5c9e1/3	overload-risk	GenericTieBreak	sge.visui.widget.tabbedpane.TabbedPane$TabbedPaneTable	com/kotcrab/vis/ui/widget/tabbedpane/TabbedPane.java	136	call to `add/1` has 3 applicable candidates spanning java's resolution phases (GenericTieBreak): (java.lang.CharSequence), (scala.Array)…, <generic>(@34442#add(T)$$T) — javac bound one and scala resolves in a single phase, so the port may name the other with no error on either side
997ef2006929	overload-risk	GenericTieBreak	sge.visui.widget.toast.MessageToast	com/kotcrab/vis/ui/widget/toast/MessageToast.java	34	call to `add/1` has 3 applicable candidates spanning java's resolution phases (GenericTieBreak): (java.lang.CharSequence), (scala.Array)…, <generic>(@34442#add(T)$$T) — javac bound one and scala resolves in a single phase, so the port may name the other with no error on either side
997ef2006929/2	overload-risk	GenericTieBreak	sge.visui.widget.toast.MessageToast	com/kotcrab/vis/ui/widget/toast/MessageToast.java	35	call to `add/1` has 3 applicable candidates spanning java's resolution phases (GenericTieBreak): (java.lang.CharSequence), (scala.Array)…, <generic>(@34442#add(T)$$T) — javac bound one and scala resolves in a single phase, so the port may name the other with no error on either side
5035c3456231	overload-risk	VarargPhaseSpan	sge.scenes.scene2d.actions.Actions	com/kotcrab/vis/ui/widget/Draggable.java	439	call to `sequence/2` has 2 applicable candidates spanning java's resolution phases (VarargPhaseSpan): (scala.Array)…, (sge.scenes.scene2d.Action, sge.scenes.scene2d.Action) — javac bound one and scala resolves in a single phase, so the port may name the other with no error on either side
cbdd7a84f42e	overload-risk	VarargPhaseSpan	sge.scenes.scene2d.actions.Actions	com/kotcrab/vis/ui/widget/Tooltip.java	126	call to `sequence/1` has 2 applicable candidates spanning java's resolution phases (VarargPhaseSpan): (scala.Array)…, (sge.scenes.scene2d.Action) — javac bound one and scala resolves in a single phase, so the port may name the other with no error on either side
c463f355f984	overload-risk	VarargPhaseSpan	sge.scenes.scene2d.actions.Actions	com/kotcrab/vis/ui/widget/Tooltip.java	177	call to `sequence/2` has 2 applicable candidates spanning java's resolution phases (VarargPhaseSpan): (scala.Array)…, (sge.scenes.scene2d.Action, sge.scenes.scene2d.Action) — javac bound one and scala resolves in a single phase, so the port may name the other with no error on either side
cbdd7a84f42e/2	overload-risk	VarargPhaseSpan	sge.scenes.scene2d.actions.Actions	com/kotcrab/vis/ui/widget/Tooltip.java	183	call to `sequence/1` has 2 applicable candidates spanning java's resolution phases (VarargPhaseSpan): (scala.Array)…, (sge.scenes.scene2d.Action) — javac bound one and scala resolves in a single phase, so the port may name the other with no error on either side
7e5d79bd6a30	overload-risk	VarargPhaseSpan	sge.scenes.scene2d.actions.Actions	com/kotcrab/vis/ui/widget/VisDialog.java	226	call to `sequence/2` has 2 applicable candidates spanning java's resolution phases (VarargPhaseSpan): (scala.Array)…, (sge.scenes.scene2d.Action, sge.scenes.scene2d.Action) — javac bound one and scala resolves in a single phase, so the port may name the other with no error on either side
3ba63b4e9ff8	overload-risk	VarargPhaseSpan	sge.scenes.scene2d.actions.Actions	com/kotcrab/vis/ui/widget/VisDialog.java	246	call to `sequence/3` has 2 applicable candidates spanning java's resolution phases (VarargPhaseSpan): (scala.Array)…, (sge.scenes.scene2d.Action, sge.scenes.scene2d.Action, sge.scenes.scene2d.Action) — javac bound one and scala resolves in a single phase, so the port may name the other with no error on either side
3ba63b4e9ff8/2	overload-risk	VarargPhaseSpan	sge.scenes.scene2d.actions.Actions	com/kotcrab/vis/ui/widget/VisDialog.java	256	call to `sequence/3` has 2 applicable candidates spanning java's resolution phases (VarargPhaseSpan): (scala.Array)…, (sge.scenes.scene2d.Action, sge.scenes.scene2d.Action, sge.scenes.scene2d.Action) — javac bound one and scala resolves in a single phase, so the port may name the other with no error on either side
9034d7b6bf95	overload-risk	VarargPhaseSpan	sge.scenes.scene2d.actions.Actions	com/kotcrab/vis/ui/widget/VisWindow.java	127	call to `sequence/2` has 2 applicable candidates spanning java's resolution phases (VarargPhaseSpan): (scala.Array)…, (sge.scenes.scene2d.Action, sge.scenes.scene2d.Action) — javac bound one and scala resolves in a single phase, so the port may name the other with no error on either side
3984ff0ad6f5	overload-risk	VarargPhaseSpan	sge.scenes.scene2d.actions.Actions	com/kotcrab/vis/ui/widget/file/internal/DirsSuggestionPopup.java	57	call to `sequence/1` has 2 applicable candidates spanning java's resolution phases (VarargPhaseSpan): (scala.Array)…, (sge.scenes.scene2d.Action) — javac bound one and scala resolves in a single phase, so the port may name the other with no error on either side
da4949c231d5	overload-risk	VarargPhaseSpan	sge.scenes.scene2d.actions.Actions	com/kotcrab/vis/ui/widget/toast/Toast.java	94	call to `sequence/2` has 2 applicable candidates spanning java's resolution phases (VarargPhaseSpan): (scala.Array)…, (sge.scenes.scene2d.Action, sge.scenes.scene2d.Action) — javac bound one and scala resolves in a single phase, so the port may name the other with no error on either side
9af175c2912d	overload-risk	VarargPhaseSpan	sge.scenes.scene2d.ui.ButtonGroup	com/kotcrab/vis/ui/widget/tabbedpane/TabbedPane.java	110	call to `<init>/0` has 2 applicable candidates spanning java's resolution phases (VarargPhaseSpan): (), (scala.Array)… — javac bound one and scala resolves in a single phase, so the port may name the other with no error on either side
c2e6e45feedb	overload-risk	VarargPhaseSpan	sge.scenes.scene2d.ui.ButtonGroup	com/kotcrab/vis/ui/widget/tabbedpane/TabbedPane.java	259	call to `add/1` has 2 applicable candidates spanning java's resolution phases (VarargPhaseSpan): (scala.Array)…, (sge.scenes.scene2d.ui.ButtonGroup$$T) — javac bound one and scala resolves in a single phase, so the port may name the other with no error on either side
02b0323f497f	overload-risk	VarargPhaseSpan	sge.scenes.scene2d.ui.ButtonGroup	com/kotcrab/vis/ui/widget/tabbedpane/TabbedPane.java	382	call to `remove/1` has 2 applicable candidates spanning java's resolution phases (VarargPhaseSpan): (scala.Array)…, (sge.scenes.scene2d.ui.ButtonGroup$$T) — javac bound one and scala resolves in a single phase, so the port may name the other with no error on either side
835c4d50e2f9	overload-risk	VarargPhaseSpan	sge.scenes.scene2d.ui.Table	com/kotcrab/vis/ui/building/utilities/CellWidget.java	123	call to `add/1` has 3 applicable candidates spanning java's resolution phases (VarargPhaseSpan): (java.lang.CharSequence), (scala.Array)…, <generic>(@34442#add(T)$$T) — javac bound one and scala resolves in a single phase, so the port may name the other with no error on either side
1921f46df3af	overload-risk	VarargPhaseSpan	sge.scenes.scene2d.ui.Table	com/kotcrab/vis/ui/util/dialog/Dialogs.java	477	call to `add/1` has 3 applicable candidates spanning java's resolution phases (VarargPhaseSpan): (java.lang.CharSequence), (scala.Array)…, <generic>(@34442#add(T)$$T) — javac bound one and scala resolves in a single phase, so the port may name the other with no error on either side
794e1276f799	overload-risk	VarargPhaseSpan	sge.scenes.scene2d.ui.Table	com/kotcrab/vis/ui/widget/MenuBar.java	57	call to `add/1` has 3 applicable candidates spanning java's resolution phases (VarargPhaseSpan): (java.lang.CharSequence), (scala.Array)…, <generic>(@34442#add(T)$$T) — javac bound one and scala resolves in a single phase, so the port may name the other with no error on either side
794e1276f799/2	overload-risk	VarargPhaseSpan	sge.scenes.scene2d.ui.Table	com/kotcrab/vis/ui/widget/MenuBar.java	64	call to `add/1` has 3 applicable candidates spanning java's resolution phases (VarargPhaseSpan): (java.lang.CharSequence), (scala.Array)…, <generic>(@34442#add(T)$$T) — javac bound one and scala resolves in a single phase, so the port may name the other with no error on either side
794e1276f799/3	overload-risk	VarargPhaseSpan	sge.scenes.scene2d.ui.Table	com/kotcrab/vis/ui/widget/MenuBar.java	87	call to `add/1` has 3 applicable candidates spanning java's resolution phases (VarargPhaseSpan): (java.lang.CharSequence), (scala.Array)…, <generic>(@34442#add(T)$$T) — javac bound one and scala resolves in a single phase, so the port may name the other with no error on either side
2df0df433056	overload-risk	VarargPhaseSpan	sge.scenes.scene2d.ui.Table	com/kotcrab/vis/ui/widget/PopupMenu.java	231	call to `add/1` has 3 applicable candidates spanning java's resolution phases (VarargPhaseSpan): (java.lang.CharSequence), (scala.Array)…, <generic>(@34442#add(T)$$T) — javac bound one and scala resolves in a single phase, so the port may name the other with no error on either side
2df0df433056/2	overload-risk	VarargPhaseSpan	sge.scenes.scene2d.ui.Table	com/kotcrab/vis/ui/widget/PopupMenu.java	235	call to `add/1` has 3 applicable candidates spanning java's resolution phases (VarargPhaseSpan): (java.lang.CharSequence), (scala.Array)…, <generic>(@34442#add(T)$$T) — javac bound one and scala resolves in a single phase, so the port may name the other with no error on either side
a1e85b45e1d1	overload-risk	VarargPhaseSpan	sge.scenes.scene2d.ui.Table	com/kotcrab/vis/ui/widget/VisDialog.java	157	call to `add/1` has 3 applicable candidates spanning java's resolution phases (VarargPhaseSpan): (java.lang.CharSequence), (scala.Array)…, <generic>(@34442#add(T)$$T) — javac bound one and scala resolves in a single phase, so the port may name the other with no error on either side
a1e85b45e1d1/2	overload-risk	VarargPhaseSpan	sge.scenes.scene2d.ui.Table	com/kotcrab/vis/ui/widget/VisDialog.java	197	call to `add/1` has 3 applicable candidates spanning java's resolution phases (VarargPhaseSpan): (java.lang.CharSequence), (scala.Array)…, <generic>(@34442#add(T)$$T) — javac bound one and scala resolves in a single phase, so the port may name the other with no error on either side
6ab90fa4b0f0	overload-risk	VarargPhaseSpan	sge.scenes.scene2d.ui.Table	com/kotcrab/vis/ui/widget/VisWindow.java	174	call to `add/1` has 3 applicable candidates spanning java's resolution phases (VarargPhaseSpan): (java.lang.CharSequence), (scala.Array)…, <generic>(@34442#add(T)$$T) — javac bound one and scala resolves in a single phase, so the port may name the other with no error on either side
6cfceca23261	overload-risk	VarargPhaseSpan	sge.scenes.scene2d.ui.Table	com/kotcrab/vis/ui/widget/toast/Toast.java	84	call to `add/1` has 3 applicable candidates spanning java's resolution phases (VarargPhaseSpan): (java.lang.CharSequence), (scala.Array)…, <generic>(@34442#add(T)$$T) — javac bound one and scala resolves in a single phase, so the port may name the other with no error on either side
6cfceca23261/2	overload-risk	VarargPhaseSpan	sge.scenes.scene2d.ui.Table	com/kotcrab/vis/ui/widget/toast/Toast.java	85	call to `add/1` has 3 applicable candidates spanning java's resolution phases (VarargPhaseSpan): (java.lang.CharSequence), (scala.Array)…, <generic>(@34442#add(T)$$T) — javac bound one and scala resolves in a single phase, so the port may name the other with no error on either side
3cd031ef154e	overload-risk	VarargPhaseSpan	sge.utils.Array	com/kotcrab/vis/ui/util/adapter/ArrayAdapter.java	70	call to `addAll/1` has 2 applicable candidates spanning java's resolution phases (VarargPhaseSpan): (scala.Array)…, (sge.utils.Array) — javac bound one and scala resolves in a single phase, so the port may name the other with no error on either side
0b39cbc6fad1	overload-risk	VarargPhaseSpan	sge.utils.Array	com/kotcrab/vis/ui/util/adapter/ArrayAdapter.java	75	call to `addAll/3` has 3 applicable candidates spanning java's resolution phases (VarargPhaseSpan): (scala.Array)…, (scala.Array, scala.Int, scala.Int), (sge.utils.Array, scala.Int, scala.Int) — javac bound one and scala resolves in a single phase, so the port may name the other with no error on either side
3cd031ef154e/2	overload-risk	VarargPhaseSpan	sge.utils.Array	com/kotcrab/vis/ui/util/adapter/ArrayAdapter.java	80	call to `addAll/1` has 2 applicable candidates spanning java's resolution phases (VarargPhaseSpan): (scala.Array)…, (sge.utils.Array) — javac bound one and scala resolves in a single phase, so the port may name the other with no error on either side
0b39cbc6fad1/2	overload-risk	VarargPhaseSpan	sge.utils.Array	com/kotcrab/vis/ui/util/adapter/ArrayAdapter.java	85	call to `addAll/3` has 3 applicable candidates spanning java's resolution phases (VarargPhaseSpan): (scala.Array)…, (scala.Array, scala.Int, scala.Int), (sge.utils.Array, scala.Int, scala.Int) — javac bound one and scala resolves in a single phase, so the port may name the other with no error on either side
3101f27713ca	overload-risk	VarargPhaseSpan	sge.utils.Array	com/kotcrab/vis/ui/widget/file/FileChooser.java	936	call to `addAll/1` has 2 applicable candidates spanning java's resolution phases (VarargPhaseSpan): (scala.Array)…, (sge.utils.Array) — javac bound one and scala resolves in a single phase, so the port may name the other with no error on either side
29dd2f8a66e8	overload-risk	VarargPhaseSpan	sge.utils.Array	com/kotcrab/vis/ui/widget/file/FileUtils.java	131	call to `addAll/1` has 2 applicable candidates spanning java's resolution phases (VarargPhaseSpan): (scala.Array)…, (sge.utils.Array) — javac bound one and scala resolves in a single phase, so the port may name the other with no error on either side
672223fd4f6d	overload-risk	VarargPhaseSpan	sge.utils.Array	com/kotcrab/vis/ui/widget/spinner/ArraySpinnerModel.java	54	call to `addAll/1` has 2 applicable candidates spanning java's resolution phases (VarargPhaseSpan): (scala.Array)…, (sge.utils.Array) — javac bound one and scala resolves in a single phase, so the port may name the other with no error on either side
672223fd4f6d/2	overload-risk	VarargPhaseSpan	sge.utils.Array	com/kotcrab/vis/ui/widget/spinner/ArraySpinnerModel.java	145	call to `addAll/1` has 2 applicable candidates spanning java's resolution phases (VarargPhaseSpan): (scala.Array)…, (sge.utils.Array) — javac bound one and scala resolves in a single phase, so the port may name the other with no error on either side
3f4f3f59a2a7	overload-risk	VarargPhaseSpan	sge.visui.building.TableBuilder	com/kotcrab/vis/ui/building/TableBuilder.java	109	call to `append/1` has 8 applicable candidates spanning java's resolution phases (VarargPhaseSpan): (scala.Array)…, (scala.Array)…, (sge.scenes.scene2d.Actor), (sge.visui.building.utilities.CellWidget$CellWidgetBuilder, scala.Array)…, (sge.visui.building.utilities.CellWidget$CellWidgetBuilder, scala.Array)…, (sge.visui.building.utilities.CellWidget), (sge.visui.building.utilities.layouts.ActorLayout, scala.Array)…, (sge.visui.building.utilities.layouts.ActorLayout, scala.Array)… — javac bound one and scala resolves in a single phase, so the port may name the other with no error on either side
3f4f3f59a2a7/2	overload-risk	VarargPhaseSpan	sge.visui.building.TableBuilder	com/kotcrab/vis/ui/building/TableBuilder.java	140	call to `append/1` has 8 applicable candidates spanning java's resolution phases (VarargPhaseSpan): (scala.Array)…, (scala.Array)…, (sge.scenes.scene2d.Actor), (sge.visui.building.utilities.CellWidget$CellWidgetBuilder, scala.Array)…, (sge.visui.building.utilities.CellWidget$CellWidgetBuilder, scala.Array)…, (sge.visui.building.utilities.CellWidget), (sge.visui.building.utilities.layouts.ActorLayout, scala.Array)…, (sge.visui.building.utilities.layouts.ActorLayout, scala.Array)… — javac bound one and scala resolves in a single phase, so the port may name the other with no error on either side
3f4f3f59a2a7/3	overload-risk	VarargPhaseSpan	sge.visui.building.TableBuilder	com/kotcrab/vis/ui/building/TableBuilder.java	153	call to `append/1` has 8 applicable candidates spanning java's resolution phases (VarargPhaseSpan): (scala.Array)…, (scala.Array)…, (sge.scenes.scene2d.Actor), (sge.visui.building.utilities.CellWidget$CellWidgetBuilder, scala.Array)…, (sge.visui.building.utilities.CellWidget$CellWidgetBuilder, scala.Array)…, (sge.visui.building.utilities.CellWidget), (sge.visui.building.utilities.layouts.ActorLayout, scala.Array)…, (sge.visui.building.utilities.layouts.ActorLayout, scala.Array)… — javac bound one and scala resolves in a single phase, so the port may name the other with no error on either side
3f4f3f59a2a7/4	overload-risk	VarargPhaseSpan	sge.visui.building.TableBuilder	com/kotcrab/vis/ui/building/TableBuilder.java	184	call to `append/1` has 8 applicable candidates spanning java's resolution phases (VarargPhaseSpan): (scala.Array)…, (scala.Array)…, (sge.scenes.scene2d.Actor), (sge.visui.building.utilities.CellWidget$CellWidgetBuilder, scala.Array)…, (sge.visui.building.utilities.CellWidget$CellWidgetBuilder, scala.Array)…, (sge.visui.building.utilities.CellWidget), (sge.visui.building.utilities.layouts.ActorLayout, scala.Array)…, (sge.visui.building.utilities.layouts.ActorLayout, scala.Array)… — javac bound one and scala resolves in a single phase, so the port may name the other with no error on either side
3f4f3f59a2a7/5	overload-risk	VarargPhaseSpan	sge.visui.building.TableBuilder	com/kotcrab/vis/ui/building/TableBuilder.java	198	call to `append/1` has 8 applicable candidates spanning java's resolution phases (VarargPhaseSpan): (scala.Array)…, (scala.Array)…, (sge.scenes.scene2d.Actor), (sge.visui.building.utilities.CellWidget$CellWidgetBuilder, scala.Array)…, (sge.visui.building.utilities.CellWidget$CellWidgetBuilder, scala.Array)…, (sge.visui.building.utilities.CellWidget), (sge.visui.building.utilities.layouts.ActorLayout, scala.Array)…, (sge.visui.building.utilities.layouts.ActorLayout, scala.Array)… — javac bound one and scala resolves in a single phase, so the port may name the other with no error on either side
3f4f3f59a2a7/6	overload-risk	VarargPhaseSpan	sge.visui.building.TableBuilder	com/kotcrab/vis/ui/building/TableBuilder.java	206	call to `append/1` has 8 applicable candidates spanning java's resolution phases (VarargPhaseSpan): (scala.Array)…, (scala.Array)…, (sge.scenes.scene2d.Actor), (sge.visui.building.utilities.CellWidget$CellWidgetBuilder, scala.Array)…, (sge.visui.building.utilities.CellWidget$CellWidgetBuilder, scala.Array)…, (sge.visui.building.utilities.CellWidget), (sge.visui.building.utilities.layouts.ActorLayout, scala.Array)…, (sge.visui.building.utilities.layouts.ActorLayout, scala.Array)… — javac bound one and scala resolves in a single phase, so the port may name the other with no error on either side
b6e7cea2ffd3	overload-risk	VarargPhaseSpan	sge.visui.building.TableBuilder	com/kotcrab/vis/ui/building/utilities/layouts/TableLayout.java	60	call to `append/1` has 8 applicable candidates spanning java's resolution phases (VarargPhaseSpan): (scala.Array)…, (scala.Array)…, (sge.scenes.scene2d.Actor), (sge.visui.building.utilities.CellWidget$CellWidgetBuilder, scala.Array)…, (sge.visui.building.utilities.CellWidget$CellWidgetBuilder, scala.Array)…, (sge.visui.building.utilities.CellWidget), (sge.visui.building.utilities.layouts.ActorLayout, scala.Array)…, (sge.visui.building.utilities.layouts.ActorLayout, scala.Array)… — javac bound one and scala resolves in a single phase, so the port may name the other with no error on either side
9757e37a5bfb	overload-risk	VarargPhaseSpan	sge.visui.building.utilities.CellWidget	com/kotcrab/vis/ui/building/utilities/layouts/GridTableLayout.java	45	call to `wrap/1` has 2 applicable candidates spanning java's resolution phases (VarargPhaseSpan): (scala.Array)…, <generic>(@52213#wrap(Widget)$$Widget) — javac bound one and scala resolves in a single phase, so the port may name the other with no error on either side
b5ca596d2bbd	overload-risk	VarargPhaseSpan	sge.visui.building.utilities.CellWidget	com/kotcrab/vis/ui/building/utilities/layouts/TableLayout.java	51	call to `wrap/1` has 2 applicable candidates spanning java's resolution phases (VarargPhaseSpan): (scala.Array)…, <generic>(@52213#wrap(Widget)$$Widget) — javac bound one and scala resolves in a single phase, so the port may name the other with no error on either side
f9f354a4310d	overload-risk	VarargPhaseSpan	sge.visui.util.async.AsyncTaskProgressDialog	com/kotcrab/vis/ui/util/async/AsyncTaskProgressDialog.java	53	call to `add/1` has 3 applicable candidates spanning java's resolution phases (VarargPhaseSpan): (java.lang.CharSequence), (scala.Array)…, <generic>(@34442#add(T)$$T) — javac bound one and scala resolves in a single phase, so the port may name the other with no error on either side
f9f354a4310d/2	overload-risk	VarargPhaseSpan	sge.visui.util.async.AsyncTaskProgressDialog	com/kotcrab/vis/ui/util/async/AsyncTaskProgressDialog.java	54	call to `add/1` has 3 applicable candidates spanning java's resolution phases (VarargPhaseSpan): (java.lang.CharSequence), (scala.Array)…, <generic>(@34442#add(T)$$T) — javac bound one and scala resolves in a single phase, so the port may name the other with no error on either side
9b6fb44b496f	overload-risk	VarargPhaseSpan	sge.visui.util.dialog.Dialogs$InputDialog	com/kotcrab/vis/ui/util/dialog/Dialogs.java	264	call to `add/1` has 3 applicable candidates spanning java's resolution phases (VarargPhaseSpan): (java.lang.CharSequence), (scala.Array)…, <generic>(@34442#add(T)$$T) — javac bound one and scala resolves in a single phase, so the port may name the other with no error on either side
9b6fb44b496f/2	overload-risk	VarargPhaseSpan	sge.visui.util.dialog.Dialogs$InputDialog	com/kotcrab/vis/ui/util/dialog/Dialogs.java	266	call to `add/1` has 3 applicable candidates spanning java's resolution phases (VarargPhaseSpan): (java.lang.CharSequence), (scala.Array)…, <generic>(@34442#add(T)$$T) — javac bound one and scala resolves in a single phase, so the port may name the other with no error on either side
d7dc26e55ced	overload-risk	VarargPhaseSpan	sge.visui.util.dialog.Dialogs$OptionDialog	com/kotcrab/vis/ui/util/dialog/Dialogs.java	364	call to `add/1` has 3 applicable candidates spanning java's resolution phases (VarargPhaseSpan): (java.lang.CharSequence), (scala.Array)…, <generic>(@34442#add(T)$$T) — javac bound one and scala resolves in a single phase, so the port may name the other with no error on either side
d7dc26e55ced/2	overload-risk	VarargPhaseSpan	sge.visui.util.dialog.Dialogs$OptionDialog	com/kotcrab/vis/ui/util/dialog/Dialogs.java	412	call to `add/1` has 3 applicable candidates spanning java's resolution phases (VarargPhaseSpan): (java.lang.CharSequence), (scala.Array)…, <generic>(@34442#add(T)$$T) — javac bound one and scala resolves in a single phase, so the port may name the other with no error on either side
5a093eb2dc35	overload-risk	VarargPhaseSpan	sge.visui.widget.ListView$ListViewTable	com/kotcrab/vis/ui/widget/ListView.java	73	call to `add/1` has 3 applicable candidates spanning java's resolution phases (VarargPhaseSpan): (java.lang.CharSequence), (scala.Array)…, <generic>(@34442#add(T)$$T) — javac bound one and scala resolves in a single phase, so the port may name the other with no error on either side
1fd885424c28	overload-risk	VarargPhaseSpan	sge.visui.widget.MenuItem	com/kotcrab/vis/ui/widget/MenuItem.java	129	call to `add/1` has 3 applicable candidates spanning java's resolution phases (VarargPhaseSpan): (java.lang.CharSequence), (scala.Array)…, <generic>(@34442#add(T)$$T) — javac bound one and scala resolves in a single phase, so the port may name the other with no error on either side
1fd885424c28/2	overload-risk	VarargPhaseSpan	sge.visui.widget.MenuItem	com/kotcrab/vis/ui/widget/MenuItem.java	133	call to `add/1` has 3 applicable candidates spanning java's resolution phases (VarargPhaseSpan): (java.lang.CharSequence), (scala.Array)…, <generic>(@34442#add(T)$$T) — javac bound one and scala resolves in a single phase, so the port may name the other with no error on either side
1fd885424c28/3	overload-risk	VarargPhaseSpan	sge.visui.widget.MenuItem	com/kotcrab/vis/ui/widget/MenuItem.java	135	call to `add/1` has 3 applicable candidates spanning java's resolution phases (VarargPhaseSpan): (java.lang.CharSequence), (scala.Array)…, <generic>(@34442#add(T)$$T) — javac bound one and scala resolves in a single phase, so the port may name the other with no error on either side
1fd885424c28/4	overload-risk	VarargPhaseSpan	sge.visui.widget.MenuItem	com/kotcrab/vis/ui/widget/MenuItem.java	138	call to `add/1` has 3 applicable candidates spanning java's resolution phases (VarargPhaseSpan): (java.lang.CharSequence), (scala.Array)…, <generic>(@34442#add(T)$$T) — javac bound one and scala resolves in a single phase, so the port may name the other with no error on either side
43c8133cf4ed	overload-risk	VarargPhaseSpan	sge.visui.widget.MenuItem	com/kotcrab/vis/ui/widget/MenuItem.java	307	call to `setShortcut/1` has 3 applicable candidates spanning java's resolution phases (VarargPhaseSpan): (java.lang.String), (scala.Array)…, (scala.Int) — javac bound one and scala resolves in a single phase, so the port may name the other with no error on either side
9d16a4c072c0	overload-risk	VarargPhaseSpan	sge.visui.widget.MultiSplitPane	com/kotcrab/vis/ui/widget/MultiSplitPane.java	324	call to `setWidgets/1` has 2 applicable candidates spanning java's resolution phases (VarargPhaseSpan): (balticporter.runtime.JavaIterable), (scala.Array)… — javac bound one and scala resolves in a single phase, so the port may name the other with no error on either side
54bf3cfe2550	overload-risk	VarargPhaseSpan	sge.visui.widget.PopupMenu	com/kotcrab/vis/ui/widget/PopupMenu.java	242	call to `add/1` has 4 applicable candidates spanning java's resolution phases (VarargPhaseSpan): (java.lang.CharSequence), (scala.Array)…, <generic>(@34442#add(T)$$T), <generic>(lowlevel.Nullable) — javac bound one and scala resolves in a single phase, so the port may name the other with no error on either side
ae57dd060acd	overload-risk	VarargPhaseSpan	sge.visui.widget.Tooltip	com/kotcrab/vis/ui/widget/Tooltip.java	110	call to `add/1` has 3 applicable candidates spanning java's resolution phases (VarargPhaseSpan): (java.lang.CharSequence), (scala.Array)…, <generic>(@34442#add(T)$$T) — javac bound one and scala resolves in a single phase, so the port may name the other with no error on either side
cb91062199fa	overload-risk	VarargPhaseSpan	sge.visui.widget.VisCheckBox	com/kotcrab/vis/ui/widget/VisCheckBox.java	77	call to `add/1` has 3 applicable candidates spanning java's resolution phases (VarargPhaseSpan): (java.lang.CharSequence), (scala.Array)…, <generic>(@34442#add(T)$$T) — javac bound one and scala resolves in a single phase, so the port may name the other with no error on either side
cb91062199fa/2	overload-risk	VarargPhaseSpan	sge.visui.widget.VisCheckBox	com/kotcrab/vis/ui/widget/VisCheckBox.java	79	call to `add/1` has 3 applicable candidates spanning java's resolution phases (VarargPhaseSpan): (java.lang.CharSequence), (scala.Array)…, <generic>(@34442#add(T)$$T) — javac bound one and scala resolves in a single phase, so the port may name the other with no error on either side
06e30866557f	overload-risk	VarargPhaseSpan	sge.visui.widget.VisDialog	com/kotcrab/vis/ui/widget/VisDialog.java	85	call to `add/1` has 3 applicable candidates spanning java's resolution phases (VarargPhaseSpan): (java.lang.CharSequence), (scala.Array)…, <generic>(@34442#add(T)$$T) — javac bound one and scala resolves in a single phase, so the port may name the other with no error on either side
06e30866557f/2	overload-risk	VarargPhaseSpan	sge.visui.widget.VisDialog	com/kotcrab/vis/ui/widget/VisDialog.java	87	call to `add/1` has 3 applicable candidates spanning java's resolution phases (VarargPhaseSpan): (java.lang.CharSequence), (scala.Array)…, <generic>(@34442#add(T)$$T) — javac bound one and scala resolves in a single phase, so the port may name the other with no error on either side
3c84f798ec47	overload-risk	VarargPhaseSpan	sge.visui.widget.VisImageButton	com/kotcrab/vis/ui/widget/VisImageButton.java	93	call to `add/1` has 3 applicable candidates spanning java's resolution phases (VarargPhaseSpan): (java.lang.CharSequence), (scala.Array)…, <generic>(@34442#add(T)$$T) — javac bound one and scala resolves in a single phase, so the port may name the other with no error on either side
940ab40d6893	overload-risk	VarargPhaseSpan	sge.visui.widget.VisImageTextButton	com/kotcrab/vis/ui/widget/VisImageTextButton.java	118	call to `add/1` has 3 applicable candidates spanning java's resolution phases (VarargPhaseSpan): (java.lang.CharSequence), (scala.Array)…, <generic>(@34442#add(T)$$T) — javac bound one and scala resolves in a single phase, so the port may name the other with no error on either side
940ab40d6893/2	overload-risk	VarargPhaseSpan	sge.visui.widget.VisImageTextButton	com/kotcrab/vis/ui/widget/VisImageTextButton.java	119	call to `add/1` has 3 applicable candidates spanning java's resolution phases (VarargPhaseSpan): (java.lang.CharSequence), (scala.Array)…, <generic>(@34442#add(T)$$T) — javac bound one and scala resolves in a single phase, so the port may name the other with no error on either side
940ab40d6893/3	overload-risk	VarargPhaseSpan	sge.visui.widget.VisImageTextButton	com/kotcrab/vis/ui/widget/VisImageTextButton.java	122	call to `add/1` has 3 applicable candidates spanning java's resolution phases (VarargPhaseSpan): (java.lang.CharSequence), (scala.Array)…, <generic>(@34442#add(T)$$T) — javac bound one and scala resolves in a single phase, so the port may name the other with no error on either side
940ab40d6893/4	overload-risk	VarargPhaseSpan	sge.visui.widget.VisImageTextButton	com/kotcrab/vis/ui/widget/VisImageTextButton.java	123	call to `add/1` has 3 applicable candidates spanning java's resolution phases (VarargPhaseSpan): (java.lang.CharSequence), (scala.Array)…, <generic>(@34442#add(T)$$T) — javac bound one and scala resolves in a single phase, so the port may name the other with no error on either side
940ab40d6893/5	overload-risk	VarargPhaseSpan	sge.visui.widget.VisImageTextButton	com/kotcrab/vis/ui/widget/VisImageTextButton.java	126	call to `add/1` has 3 applicable candidates spanning java's resolution phases (VarargPhaseSpan): (java.lang.CharSequence), (scala.Array)…, <generic>(@34442#add(T)$$T) — javac bound one and scala resolves in a single phase, so the port may name the other with no error on either side
940ab40d6893/6	overload-risk	VarargPhaseSpan	sge.visui.widget.VisImageTextButton	com/kotcrab/vis/ui/widget/VisImageTextButton.java	128	call to `add/1` has 3 applicable candidates spanning java's resolution phases (VarargPhaseSpan): (java.lang.CharSequence), (scala.Array)…, <generic>(@34442#add(T)$$T) — javac bound one and scala resolves in a single phase, so the port may name the other with no error on either side
940ab40d6893/7	overload-risk	VarargPhaseSpan	sge.visui.widget.VisImageTextButton	com/kotcrab/vis/ui/widget/VisImageTextButton.java	131	call to `add/1` has 3 applicable candidates spanning java's resolution phases (VarargPhaseSpan): (java.lang.CharSequence), (scala.Array)…, <generic>(@34442#add(T)$$T) — javac bound one and scala resolves in a single phase, so the port may name the other with no error on either side
940ab40d6893/8	overload-risk	VarargPhaseSpan	sge.visui.widget.VisImageTextButton	com/kotcrab/vis/ui/widget/VisImageTextButton.java	133	call to `add/1` has 3 applicable candidates spanning java's resolution phases (VarargPhaseSpan): (java.lang.CharSequence), (scala.Array)…, <generic>(@34442#add(T)$$T) — javac bound one and scala resolves in a single phase, so the port may name the other with no error on either side
cbf38b68d5ea	overload-risk	VarargPhaseSpan	sge.visui.widget.VisSelectBox	com/kotcrab/vis/ui/widget/file/FileChooser.java	589	call to `setItems/1` has 2 applicable candidates spanning java's resolution phases (VarargPhaseSpan): (scala.Array)…, (sge.utils.Array) — javac bound one and scala resolves in a single phase, so the port may name the other with no error on either side
328375ad8b17	overload-risk	VarargPhaseSpan	sge.visui.widget.VisTable	com/kotcrab/vis/ui/util/ToastManager.java	83	call to `add/1` has 3 applicable candidates spanning java's resolution phases (VarargPhaseSpan): (java.lang.CharSequence), (scala.Array)…, <generic>(@34442#add(T)$$T) — javac bound one and scala resolves in a single phase, so the port may name the other with no error on either side
934b34d0fd35	overload-risk	VarargPhaseSpan	sge.visui.widget.VisTable	com/kotcrab/vis/ui/util/adapter/AbstractListAdapter.java	71	call to `add/1` has 3 applicable candidates spanning java's resolution phases (VarargPhaseSpan): (java.lang.CharSequence), (scala.Array)…, <generic>(@34442#add(T)$$T) — javac bound one and scala resolves in a single phase, so the port may name the other with no error on either side
896446357234	overload-risk	VarargPhaseSpan	sge.visui.widget.VisTable	com/kotcrab/vis/ui/util/adapter/SimpleListAdapter.java	51	call to `add/1` has 3 applicable candidates spanning java's resolution phases (VarargPhaseSpan): (java.lang.CharSequence), (scala.Array)…, <generic>(@34442#add(T)$$T) — javac bound one and scala resolves in a single phase, so the port may name the other with no error on either side
ca0b460ec3e7	overload-risk	VarargPhaseSpan	sge.visui.widget.VisTable	com/kotcrab/vis/ui/util/dialog/Dialogs.java	260	call to `add/1` has 3 applicable candidates spanning java's resolution phases (VarargPhaseSpan): (java.lang.CharSequence), (scala.Array)…, <generic>(@34442#add(T)$$T) — javac bound one and scala resolves in a single phase, so the port may name the other with no error on either side
ca0b460ec3e7/2	overload-risk	VarargPhaseSpan	sge.visui.widget.VisTable	com/kotcrab/vis/ui/util/dialog/Dialogs.java	262	call to `add/1` has 3 applicable candidates spanning java's resolution phases (VarargPhaseSpan): (java.lang.CharSequence), (scala.Array)…, <generic>(@34442#add(T)$$T) — javac bound one and scala resolves in a single phase, so the port may name the other with no error on either side
ca0b460ec3e7/3	overload-risk	VarargPhaseSpan	sge.visui.widget.VisTable	com/kotcrab/vis/ui/util/dialog/Dialogs.java	468	call to `add/1` has 3 applicable candidates spanning java's resolution phases (VarargPhaseSpan): (java.lang.CharSequence), (scala.Array)…, <generic>(@34442#add(T)$$T) — javac bound one and scala resolves in a single phase, so the port may name the other with no error on either side
ca0b460ec3e7/4	overload-risk	VarargPhaseSpan	sge.visui.widget.VisTable	com/kotcrab/vis/ui/util/dialog/Dialogs.java	469	call to `add/1` has 3 applicable candidates spanning java's resolution phases (VarargPhaseSpan): (java.lang.CharSequence), (scala.Array)…, <generic>(@34442#add(T)$$T) — javac bound one and scala resolves in a single phase, so the port may name the other with no error on either side
ca0b460ec3e7/5	overload-risk	VarargPhaseSpan	sge.visui.widget.VisTable	com/kotcrab/vis/ui/util/dialog/Dialogs.java	473	call to `add/1` has 3 applicable candidates spanning java's resolution phases (VarargPhaseSpan): (java.lang.CharSequence), (scala.Array)…, <generic>(@34442#add(T)$$T) — javac bound one and scala resolves in a single phase, so the port may name the other with no error on either side
ca0b460ec3e7/6	overload-risk	VarargPhaseSpan	sge.visui.widget.VisTable	com/kotcrab/vis/ui/util/dialog/Dialogs.java	474	call to `add/1` has 3 applicable candidates spanning java's resolution phases (VarargPhaseSpan): (java.lang.CharSequence), (scala.Array)…, <generic>(@34442#add(T)$$T) — javac bound one and scala resolves in a single phase, so the port may name the other with no error on either side
bd1f6250aa3d	overload-risk	VarargPhaseSpan	sge.visui.widget.VisTable	com/kotcrab/vis/ui/widget/ButtonBar.java	138	call to `add/0` has 2 applicable candidates spanning java's resolution phases (VarargPhaseSpan): (), (scala.Array)… — javac bound one and scala resolves in a single phase, so the port may name the other with no error on either side
966df686d423	overload-risk	VarargPhaseSpan	sge.visui.widget.VisTable	com/kotcrab/vis/ui/widget/ButtonBar.java	145	call to `add/1` has 3 applicable candidates spanning java's resolution phases (VarargPhaseSpan): (java.lang.CharSequence), (scala.Array)…, <generic>(@34442#add(T)$$T) — javac bound one and scala resolves in a single phase, so the port may name the other with no error on either side
14601c032c59	overload-risk	VarargPhaseSpan	sge.visui.widget.VisTable	com/kotcrab/vis/ui/widget/ListView.java	87	call to `add/1` has 3 applicable candidates spanning java's resolution phases (VarargPhaseSpan): (java.lang.CharSequence), (scala.Array)…, <generic>(@34442#add(T)$$T) — javac bound one and scala resolves in a single phase, so the port may name the other with no error on either side
14601c032c59/2	overload-risk	VarargPhaseSpan	sge.visui.widget.VisTable	com/kotcrab/vis/ui/widget/ListView.java	96	call to `add/1` has 3 applicable candidates spanning java's resolution phases (VarargPhaseSpan): (java.lang.CharSequence), (scala.Array)…, <generic>(@34442#add(T)$$T) — javac bound one and scala resolves in a single phase, so the port may name the other with no error on either side
14601c032c59/3	overload-risk	VarargPhaseSpan	sge.visui.widget.VisTable	com/kotcrab/vis/ui/widget/ListView.java	100	call to `add/1` has 3 applicable candidates spanning java's resolution phases (VarargPhaseSpan): (java.lang.CharSequence), (scala.Array)…, <generic>(@34442#add(T)$$T) — javac bound one and scala resolves in a single phase, so the port may name the other with no error on either side
3803d4728fc3	overload-risk	VarargPhaseSpan	sge.visui.widget.VisTable	com/kotcrab/vis/ui/widget/VisTable.java	46	call to `add/1` has 3 applicable candidates spanning java's resolution phases (VarargPhaseSpan): (java.lang.CharSequence), (scala.Array)…, <generic>(@34442#add(T)$$T) — javac bound one and scala resolves in a single phase, so the port may name the other with no error on either side
2c1eccbaa602	overload-risk	VarargPhaseSpan	sge.visui.widget.VisTable	com/kotcrab/vis/ui/widget/color/BasicColorPicker.java	146	call to `add/1` has 3 applicable candidates spanning java's resolution phases (VarargPhaseSpan): (java.lang.CharSequence), (scala.Array)…, <generic>(@34442#add(T)$$T) — javac bound one and scala resolves in a single phase, so the port may name the other with no error on either side
2c1eccbaa602/2	overload-risk	VarargPhaseSpan	sge.visui.widget.VisTable	com/kotcrab/vis/ui/widget/color/BasicColorPicker.java	147	call to `add/1` has 3 applicable candidates spanning java's resolution phases (VarargPhaseSpan): (java.lang.CharSequence), (scala.Array)…, <generic>(@34442#add(T)$$T) — javac bound one and scala resolves in a single phase, so the port may name the other with no error on either side
2c1eccbaa602/3	overload-risk	VarargPhaseSpan	sge.visui.widget.VisTable	com/kotcrab/vis/ui/widget/color/BasicColorPicker.java	151	call to `add/1` has 3 applicable candidates spanning java's resolution phases (VarargPhaseSpan): (java.lang.CharSequence), (scala.Array)…, <generic>(@34442#add(T)$$T) — javac bound one and scala resolves in a single phase, so the port may name the other with no error on either side
2c1eccbaa602/4	overload-risk	VarargPhaseSpan	sge.visui.widget.VisTable	com/kotcrab/vis/ui/widget/color/BasicColorPicker.java	156	call to `add/1` has 3 applicable candidates spanning java's resolution phases (VarargPhaseSpan): (java.lang.CharSequence), (scala.Array)…, <generic>(@34442#add(T)$$T) — javac bound one and scala resolves in a single phase, so the port may name the other with no error on either side
2c1eccbaa602/5	overload-risk	VarargPhaseSpan	sge.visui.widget.VisTable	com/kotcrab/vis/ui/widget/color/BasicColorPicker.java	162	call to `add/1` has 3 applicable candidates spanning java's resolution phases (VarargPhaseSpan): (java.lang.CharSequence), (scala.Array)…, <generic>(@34442#add(T)$$T) — javac bound one and scala resolves in a single phase, so the port may name the other with no error on either side
2c1eccbaa602/6	overload-risk	VarargPhaseSpan	sge.visui.widget.VisTable	com/kotcrab/vis/ui/widget/color/BasicColorPicker.java	164	call to `add/1` has 3 applicable candidates spanning java's resolution phases (VarargPhaseSpan): (java.lang.CharSequence), (scala.Array)…, <generic>(@34442#add(T)$$T) — javac bound one and scala resolves in a single phase, so the port may name the other with no error on either side
2c1eccbaa602/7	overload-risk	VarargPhaseSpan	sge.visui.widget.VisTable	com/kotcrab/vis/ui/widget/color/BasicColorPicker.java	165	call to `add/1` has 3 applicable candidates spanning java's resolution phases (VarargPhaseSpan): (java.lang.CharSequence), (scala.Array)…, <generic>(@34442#add(T)$$T) — javac bound one and scala resolves in a single phase, so the port may name the other with no error on either side
2c1eccbaa602/8	overload-risk	VarargPhaseSpan	sge.visui.widget.VisTable	com/kotcrab/vis/ui/widget/color/BasicColorPicker.java	183	call to `add/1` has 3 applicable candidates spanning java's resolution phases (VarargPhaseSpan): (java.lang.CharSequence), (scala.Array)…, <generic>(@34442#add(T)$$T) — javac bound one and scala resolves in a single phase, so the port may name the other with no error on either side
2c1eccbaa602/9	overload-risk	VarargPhaseSpan	sge.visui.widget.VisTable	com/kotcrab/vis/ui/widget/color/BasicColorPicker.java	184	call to `add/1` has 3 applicable candidates spanning java's resolution phases (VarargPhaseSpan): (java.lang.CharSequence), (scala.Array)…, <generic>(@34442#add(T)$$T) — javac bound one and scala resolves in a single phase, so the port may name the other with no error on either side
ec43094e0b2c	overload-risk	VarargPhaseSpan	sge.visui.widget.VisTable	com/kotcrab/vis/ui/widget/color/ExtendedColorPicker.java	78	call to `add/1` has 3 applicable candidates spanning java's resolution phases (VarargPhaseSpan): (java.lang.CharSequence), (scala.Array)…, <generic>(@34442#add(T)$$T) — javac bound one and scala resolves in a single phase, so the port may name the other with no error on either side
ec43094e0b2c/2	overload-risk	VarargPhaseSpan	sge.visui.widget.VisTable	com/kotcrab/vis/ui/widget/color/ExtendedColorPicker.java	79	call to `add/1` has 3 applicable candidates spanning java's resolution phases (VarargPhaseSpan): (java.lang.CharSequence), (scala.Array)…, <generic>(@34442#add(T)$$T) — javac bound one and scala resolves in a single phase, so the port may name the other with no error on either side
ec43094e0b2c/3	overload-risk	VarargPhaseSpan	sge.visui.widget.VisTable	com/kotcrab/vis/ui/widget/color/ExtendedColorPicker.java	80	call to `add/1` has 3 applicable candidates spanning java's resolution phases (VarargPhaseSpan): (java.lang.CharSequence), (scala.Array)…, <generic>(@34442#add(T)$$T) — javac bound one and scala resolves in a single phase, so the port may name the other with no error on either side
b5af63bed7b5	overload-risk	VarargPhaseSpan	sge.visui.widget.VisTable	com/kotcrab/vis/ui/widget/color/ExtendedColorPicker.java	82	call to `add/0` has 2 applicable candidates spanning java's resolution phases (VarargPhaseSpan): (), (scala.Array)… — javac bound one and scala resolves in a single phase, so the port may name the other with no error on either side
ec43094e0b2c/4	overload-risk	VarargPhaseSpan	sge.visui.widget.VisTable	com/kotcrab/vis/ui/widget/color/ExtendedColorPicker.java	85	call to `add/1` has 3 applicable candidates spanning java's resolution phases (VarargPhaseSpan): (java.lang.CharSequence), (scala.Array)…, <generic>(@34442#add(T)$$T) — javac bound one and scala resolves in a single phase, so the port may name the other with no error on either side
ec43094e0b2c/5	overload-risk	VarargPhaseSpan	sge.visui.widget.VisTable	com/kotcrab/vis/ui/widget/color/ExtendedColorPicker.java	86	call to `add/1` has 3 applicable candidates spanning java's resolution phases (VarargPhaseSpan): (java.lang.CharSequence), (scala.Array)…, <generic>(@34442#add(T)$$T) — javac bound one and scala resolves in a single phase, so the port may name the other with no error on either side
ec43094e0b2c/6	overload-risk	VarargPhaseSpan	sge.visui.widget.VisTable	com/kotcrab/vis/ui/widget/color/ExtendedColorPicker.java	87	call to `add/1` has 3 applicable candidates spanning java's resolution phases (VarargPhaseSpan): (java.lang.CharSequence), (scala.Array)…, <generic>(@34442#add(T)$$T) — javac bound one and scala resolves in a single phase, so the port may name the other with no error on either side
b5af63bed7b5/2	overload-risk	VarargPhaseSpan	sge.visui.widget.VisTable	com/kotcrab/vis/ui/widget/color/ExtendedColorPicker.java	89	call to `add/0` has 2 applicable candidates spanning java's resolution phases (VarargPhaseSpan): (), (scala.Array)… — javac bound one and scala resolves in a single phase, so the port may name the other with no error on either side
ec43094e0b2c/7	overload-risk	VarargPhaseSpan	sge.visui.widget.VisTable	com/kotcrab/vis/ui/widget/color/ExtendedColorPicker.java	92	call to `add/1` has 3 applicable candidates spanning java's resolution phases (VarargPhaseSpan): (java.lang.CharSequence), (scala.Array)…, <generic>(@34442#add(T)$$T) — javac bound one and scala resolves in a single phase, so the port may name the other with no error on either side
7b82aef99d22	overload-risk	VarargPhaseSpan	sge.visui.widget.VisTable	com/kotcrab/vis/ui/widget/file/FileChooser.java	363	call to `add/1` has 3 applicable candidates spanning java's resolution phases (VarargPhaseSpan): (java.lang.CharSequence), (scala.Array)…, <generic>(@34442#add(T)$$T) — javac bound one and scala resolves in a single phase, so the port may name the other with no error on either side
7b82aef99d22/2	overload-risk	VarargPhaseSpan	sge.visui.widget.VisTable	com/kotcrab/vis/ui/widget/file/FileChooser.java	364	call to `add/1` has 3 applicable candidates spanning java's resolution phases (VarargPhaseSpan): (java.lang.CharSequence), (scala.Array)…, <generic>(@34442#add(T)$$T) — javac bound one and scala resolves in a single phase, so the port may name the other with no error on either side
7b82aef99d22/3	overload-risk	VarargPhaseSpan	sge.visui.widget.VisTable	com/kotcrab/vis/ui/widget/file/FileChooser.java	365	call to `add/1` has 3 applicable candidates spanning java's resolution phases (VarargPhaseSpan): (java.lang.CharSequence), (scala.Array)…, <generic>(@34442#add(T)$$T) — javac bound one and scala resolves in a single phase, so the port may name the other with no error on either side
7b82aef99d22/4	overload-risk	VarargPhaseSpan	sge.visui.widget.VisTable	com/kotcrab/vis/ui/widget/file/FileChooser.java	366	call to `add/1` has 3 applicable candidates spanning java's resolution phases (VarargPhaseSpan): (java.lang.CharSequence), (scala.Array)…, <generic>(@34442#add(T)$$T) — javac bound one and scala resolves in a single phase, so the port may name the other with no error on either side
7b82aef99d22/5	overload-risk	VarargPhaseSpan	sge.visui.widget.VisTable	com/kotcrab/vis/ui/widget/file/FileChooser.java	367	call to `add/1` has 3 applicable candidates spanning java's resolution phases (VarargPhaseSpan): (java.lang.CharSequence), (scala.Array)…, <generic>(@34442#add(T)$$T) — javac bound one and scala resolves in a single phase, so the port may name the other with no error on either side
7b82aef99d22/6	overload-risk	VarargPhaseSpan	sge.visui.widget.VisTable	com/kotcrab/vis/ui/widget/file/FileChooser.java	368	call to `add/1` has 3 applicable candidates spanning java's resolution phases (VarargPhaseSpan): (java.lang.CharSequence), (scala.Array)…, <generic>(@34442#add(T)$$T) — javac bound one and scala resolves in a single phase, so the port may name the other with no error on either side
7b82aef99d22/7	overload-risk	VarargPhaseSpan	sge.visui.widget.VisTable	com/kotcrab/vis/ui/widget/file/FileChooser.java	369	call to `add/1` has 3 applicable candidates spanning java's resolution phases (VarargPhaseSpan): (java.lang.CharSequence), (scala.Array)…, <generic>(@34442#add(T)$$T) — javac bound one and scala resolves in a single phase, so the port may name the other with no error on either side
7b82aef99d22/8	overload-risk	VarargPhaseSpan	sge.visui.widget.VisTable	com/kotcrab/vis/ui/widget/file/FileChooser.java	459	call to `add/1` has 3 applicable candidates spanning java's resolution phases (VarargPhaseSpan): (java.lang.CharSequence), (scala.Array)…, <generic>(@34442#add(T)$$T) — javac bound one and scala resolves in a single phase, so the port may name the other with no error on either side
7b82aef99d22/9	overload-risk	VarargPhaseSpan	sge.visui.widget.VisTable	com/kotcrab/vis/ui/widget/file/FileChooser.java	460	call to `add/1` has 3 applicable candidates spanning java's resolution phases (VarargPhaseSpan): (java.lang.CharSequence), (scala.Array)…, <generic>(@34442#add(T)$$T) — javac bound one and scala resolves in a single phase, so the port may name the other with no error on either side
7b82aef99d22/10	overload-risk	VarargPhaseSpan	sge.visui.widget.VisTable	com/kotcrab/vis/ui/widget/file/FileChooser.java	467	call to `add/1` has 3 applicable candidates spanning java's resolution phases (VarargPhaseSpan): (java.lang.CharSequence), (scala.Array)…, <generic>(@34442#add(T)$$T) — javac bound one and scala resolves in a single phase, so the port may name the other with no error on either side
7b82aef99d22/11	overload-risk	VarargPhaseSpan	sge.visui.widget.VisTable	com/kotcrab/vis/ui/widget/file/FileChooser.java	536	call to `add/1` has 3 applicable candidates spanning java's resolution phases (VarargPhaseSpan): (java.lang.CharSequence), (scala.Array)…, <generic>(@34442#add(T)$$T) — javac bound one and scala resolves in a single phase, so the port may name the other with no error on either side
7b82aef99d22/12	overload-risk	VarargPhaseSpan	sge.visui.widget.VisTable	com/kotcrab/vis/ui/widget/file/FileChooser.java	537	call to `add/1` has 3 applicable candidates spanning java's resolution phases (VarargPhaseSpan): (java.lang.CharSequence), (scala.Array)…, <generic>(@34442#add(T)$$T) — javac bound one and scala resolves in a single phase, so the port may name the other with no error on either side
7b82aef99d22/13	overload-risk	VarargPhaseSpan	sge.visui.widget.VisTable	com/kotcrab/vis/ui/widget/file/FileChooser.java	539	call to `add/1` has 3 applicable candidates spanning java's resolution phases (VarargPhaseSpan): (java.lang.CharSequence), (scala.Array)…, <generic>(@34442#add(T)$$T) — javac bound one and scala resolves in a single phase, so the port may name the other with no error on either side
7b82aef99d22/14	overload-risk	VarargPhaseSpan	sge.visui.widget.VisTable	com/kotcrab/vis/ui/widget/file/FileChooser.java	541	call to `add/1` has 3 applicable candidates spanning java's resolution phases (VarargPhaseSpan): (java.lang.CharSequence), (scala.Array)…, <generic>(@34442#add(T)$$T) — javac bound one and scala resolves in a single phase, so the port may name the other with no error on either side
7b82aef99d22/15	overload-risk	VarargPhaseSpan	sge.visui.widget.VisTable	com/kotcrab/vis/ui/widget/file/FileChooser.java	605	call to `add/1` has 3 applicable candidates spanning java's resolution phases (VarargPhaseSpan): (java.lang.CharSequence), (scala.Array)…, <generic>(@34442#add(T)$$T) — javac bound one and scala resolves in a single phase, so the port may name the other with no error on either side
7b82aef99d22/16	overload-risk	VarargPhaseSpan	sge.visui.widget.VisTable	com/kotcrab/vis/ui/widget/file/FileChooser.java	821	call to `add/1` has 3 applicable candidates spanning java's resolution phases (VarargPhaseSpan): (java.lang.CharSequence), (scala.Array)…, <generic>(@34442#add(T)$$T) — javac bound one and scala resolves in a single phase, so the port may name the other with no error on either side
7b82aef99d22/17	overload-risk	VarargPhaseSpan	sge.visui.widget.VisTable	com/kotcrab/vis/ui/widget/file/FileChooser.java	826	call to `add/1` has 3 applicable candidates spanning java's resolution phases (VarargPhaseSpan): (java.lang.CharSequence), (scala.Array)…, <generic>(@34442#add(T)$$T) — javac bound one and scala resolves in a single phase, so the port may name the other with no error on either side
7b82aef99d22/18	overload-risk	VarargPhaseSpan	sge.visui.widget.VisTable	com/kotcrab/vis/ui/widget/file/FileChooser.java	830	call to `add/1` has 3 applicable candidates spanning java's resolution phases (VarargPhaseSpan): (java.lang.CharSequence), (scala.Array)…, <generic>(@34442#add(T)$$T) — javac bound one and scala resolves in a single phase, so the port may name the other with no error on either side
3e0ed54c446d	overload-risk	VarargPhaseSpan	sge.visui.widget.VisTable	com/kotcrab/vis/ui/widget/file/internal/FileHistoryManager.java	61	call to `add/1` has 3 applicable candidates spanning java's resolution phases (VarargPhaseSpan): (java.lang.CharSequence), (scala.Array)…, <generic>(@34442#add(T)$$T) — javac bound one and scala resolves in a single phase, so the port may name the other with no error on either side
3e0ed54c446d/2	overload-risk	VarargPhaseSpan	sge.visui.widget.VisTable	com/kotcrab/vis/ui/widget/file/internal/FileHistoryManager.java	62	call to `add/1` has 3 applicable candidates spanning java's resolution phases (VarargPhaseSpan): (java.lang.CharSequence), (scala.Array)…, <generic>(@34442#add(T)$$T) — javac bound one and scala resolves in a single phase, so the port may name the other with no error on either side
3b7012b58ba6	overload-risk	VarargPhaseSpan	sge.visui.widget.VisTable	com/kotcrab/vis/ui/widget/file/internal/FileListAdapter.java	63	call to `add/1` has 3 applicable candidates spanning java's resolution phases (VarargPhaseSpan): (java.lang.CharSequence), (scala.Array)…, <generic>(@34442#add(T)$$T) — javac bound one and scala resolves in a single phase, so the port may name the other with no error on either side
3b7012b58ba6/2	overload-risk	VarargPhaseSpan	sge.visui.widget.VisTable	com/kotcrab/vis/ui/widget/file/internal/FileListAdapter.java	69	call to `add/1` has 3 applicable candidates spanning java's resolution phases (VarargPhaseSpan): (java.lang.CharSequence), (scala.Array)…, <generic>(@34442#add(T)$$T) — javac bound one and scala resolves in a single phase, so the port may name the other with no error on either side
3f04d9d0f353	overload-risk	VarargPhaseSpan	sge.visui.widget.VisTable	com/kotcrab/vis/ui/widget/spinner/Spinner.java	81	call to `add/1` has 3 applicable candidates spanning java's resolution phases (VarargPhaseSpan): (java.lang.CharSequence), (scala.Array)…, <generic>(@34442#add(T)$$T) — javac bound one and scala resolves in a single phase, so the port may name the other with no error on either side
3f04d9d0f353/2	overload-risk	VarargPhaseSpan	sge.visui.widget.VisTable	com/kotcrab/vis/ui/widget/spinner/Spinner.java	82	call to `add/1` has 3 applicable candidates spanning java's resolution phases (VarargPhaseSpan): (java.lang.CharSequence), (scala.Array)…, <generic>(@34442#add(T)$$T) — javac bound one and scala resolves in a single phase, so the port may name the other with no error on either side
979107f9ed61	overload-risk	VarargPhaseSpan	sge.visui.widget.VisTable	com/kotcrab/vis/ui/widget/toast/MessageToast.java	47	call to `add/1` has 3 applicable candidates spanning java's resolution phases (VarargPhaseSpan): (java.lang.CharSequence), (scala.Array)…, <generic>(@34442#add(T)$$T) — javac bound one and scala resolves in a single phase, so the port may name the other with no error on either side
5cbcd13d8d1c	overload-risk	VarargPhaseSpan	sge.visui.widget.color.BasicColorPicker	com/kotcrab/vis/ui/widget/color/BasicColorPicker.java	141	call to `add/1` has 3 applicable candidates spanning java's resolution phases (VarargPhaseSpan): (java.lang.CharSequence), (scala.Array)…, <generic>(@34442#add(T)$$T) — javac bound one and scala resolves in a single phase, so the port may name the other with no error on either side
6a2a789c7bac	overload-risk	VarargPhaseSpan	sge.visui.widget.color.ColorPicker	com/kotcrab/vis/ui/widget/color/ColorPicker.java	88	call to `add/1` has 3 applicable candidates spanning java's resolution phases (VarargPhaseSpan): (java.lang.CharSequence), (scala.Array)…, <generic>(@34442#add(T)$$T) — javac bound one and scala resolves in a single phase, so the port may name the other with no error on either side
6a2a789c7bac/2	overload-risk	VarargPhaseSpan	sge.visui.widget.color.ColorPicker	com/kotcrab/vis/ui/widget/color/ColorPicker.java	90	call to `add/1` has 3 applicable candidates spanning java's resolution phases (VarargPhaseSpan): (java.lang.CharSequence), (scala.Array)…, <generic>(@34442#add(T)$$T) — javac bound one and scala resolves in a single phase, so the port may name the other with no error on either side
bf3b861deece	overload-risk	VarargPhaseSpan	sge.visui.widget.color.ExtendedColorPicker	com/kotcrab/vis/ui/widget/color/ExtendedColorPicker.java	94	call to `add/1` has 3 applicable candidates spanning java's resolution phases (VarargPhaseSpan): (java.lang.CharSequence), (scala.Array)…, <generic>(@34442#add(T)$$T) — javac bound one and scala resolves in a single phase, so the port may name the other with no error on either side
9840be6f996d	overload-risk	VarargPhaseSpan	sge.visui.widget.color.internal.ColorChannelWidget	com/kotcrab/vis/ui/widget/color/internal/ColorChannelWidget.java	63	call to `add/1` has 3 applicable candidates spanning java's resolution phases (VarargPhaseSpan): (java.lang.CharSequence), (scala.Array)…, <generic>(@34442#add(T)$$T) — javac bound one and scala resolves in a single phase, so the port may name the other with no error on either side
9840be6f996d/2	overload-risk	VarargPhaseSpan	sge.visui.widget.color.internal.ColorChannelWidget	com/kotcrab/vis/ui/widget/color/internal/ColorChannelWidget.java	64	call to `add/1` has 3 applicable candidates spanning java's resolution phases (VarargPhaseSpan): (java.lang.CharSequence), (scala.Array)…, <generic>(@34442#add(T)$$T) — javac bound one and scala resolves in a single phase, so the port may name the other with no error on either side
9840be6f996d/3	overload-risk	VarargPhaseSpan	sge.visui.widget.color.internal.ColorChannelWidget	com/kotcrab/vis/ui/widget/color/internal/ColorChannelWidget.java	72	call to `add/1` has 3 applicable candidates spanning java's resolution phases (VarargPhaseSpan): (java.lang.CharSequence), (scala.Array)…, <generic>(@34442#add(T)$$T) — javac bound one and scala resolves in a single phase, so the port may name the other with no error on either side
d67e8a09801f	overload-risk	VarargPhaseSpan	sge.visui.widget.file.FileChooser	com/kotcrab/vis/ui/widget/file/FileChooser.java	291	call to `add/1` has 3 applicable candidates spanning java's resolution phases (VarargPhaseSpan): (java.lang.CharSequence), (scala.Array)…, <generic>(@34442#add(T)$$T) — javac bound one and scala resolves in a single phase, so the port may name the other with no error on either side
d67e8a09801f/2	overload-risk	VarargPhaseSpan	sge.visui.widget.file.FileChooser	com/kotcrab/vis/ui/widget/file/FileChooser.java	481	call to `add/1` has 3 applicable candidates spanning java's resolution phases (VarargPhaseSpan): (java.lang.CharSequence), (scala.Array)…, <generic>(@34442#add(T)$$T) — javac bound one and scala resolves in a single phase, so the port may name the other with no error on either side
d67e8a09801f/3	overload-risk	VarargPhaseSpan	sge.visui.widget.file.FileChooser	com/kotcrab/vis/ui/widget/file/FileChooser.java	567	call to `add/1` has 3 applicable candidates spanning java's resolution phases (VarargPhaseSpan): (java.lang.CharSequence), (scala.Array)…, <generic>(@34442#add(T)$$T) — javac bound one and scala resolves in a single phase, so the port may name the other with no error on either side
d67e8a09801f/4	overload-risk	VarargPhaseSpan	sge.visui.widget.file.FileChooser	com/kotcrab/vis/ui/widget/file/FileChooser.java	599	call to `add/1` has 3 applicable candidates spanning java's resolution phases (VarargPhaseSpan): (java.lang.CharSequence), (scala.Array)…, <generic>(@34442#add(T)$$T) — javac bound one and scala resolves in a single phase, so the port may name the other with no error on either side
ac653ad88e1c	overload-risk	VarargPhaseSpan	sge.visui.widget.file.FileChooser$FileItem	com/kotcrab/vis/ui/widget/file/FileChooser.java	1839	call to `add/1` has 3 applicable candidates spanning java's resolution phases (VarargPhaseSpan): (java.lang.CharSequence), (scala.Array)…, <generic>(@34442#add(T)$$T) — javac bound one and scala resolves in a single phase, so the port may name the other with no error on either side
ac653ad88e1c/2	overload-risk	VarargPhaseSpan	sge.visui.widget.file.FileChooser$FileItem	com/kotcrab/vis/ui/widget/file/FileChooser.java	1840	call to `add/1` has 3 applicable candidates spanning java's resolution phases (VarargPhaseSpan): (java.lang.CharSequence), (scala.Array)…, <generic>(@34442#add(T)$$T) — javac bound one and scala resolves in a single phase, so the port may name the other with no error on either side
ac653ad88e1c/3	overload-risk	VarargPhaseSpan	sge.visui.widget.file.FileChooser$FileItem	com/kotcrab/vis/ui/widget/file/FileChooser.java	1842	call to `add/1` has 3 applicable candidates spanning java's resolution phases (VarargPhaseSpan): (java.lang.CharSequence), (scala.Array)…, <generic>(@34442#add(T)$$T) — javac bound one and scala resolves in a single phase, so the port may name the other with no error on either side
ac653ad88e1c/4	overload-risk	VarargPhaseSpan	sge.visui.widget.file.FileChooser$FileItem	com/kotcrab/vis/ui/widget/file/FileChooser.java	1843	call to `add/1` has 3 applicable candidates spanning java's resolution phases (VarargPhaseSpan): (java.lang.CharSequence), (scala.Array)…, <generic>(@34442#add(T)$$T) — javac bound one and scala resolves in a single phase, so the port may name the other with no error on either side
ac653ad88e1c/5	overload-risk	VarargPhaseSpan	sge.visui.widget.file.FileChooser$FileItem	com/kotcrab/vis/ui/widget/file/FileChooser.java	1846	call to `add/1` has 3 applicable candidates spanning java's resolution phases (VarargPhaseSpan): (java.lang.CharSequence), (scala.Array)…, <generic>(@34442#add(T)$$T) — javac bound one and scala resolves in a single phase, so the port may name the other with no error on either side
ac653ad88e1c/6	overload-risk	VarargPhaseSpan	sge.visui.widget.file.FileChooser$FileItem	com/kotcrab/vis/ui/widget/file/FileChooser.java	1847	call to `add/1` has 3 applicable candidates spanning java's resolution phases (VarargPhaseSpan): (java.lang.CharSequence), (scala.Array)…, <generic>(@34442#add(T)$$T) — javac bound one and scala resolves in a single phase, so the port may name the other with no error on either side
ac653ad88e1c/7	overload-risk	VarargPhaseSpan	sge.visui.widget.file.FileChooser$FileItem	com/kotcrab/vis/ui/widget/file/FileChooser.java	1848	call to `add/1` has 3 applicable candidates spanning java's resolution phases (VarargPhaseSpan): (java.lang.CharSequence), (scala.Array)…, <generic>(@34442#add(T)$$T) — javac bound one and scala resolves in a single phase, so the port may name the other with no error on either side
ac653ad88e1c/8	overload-risk	VarargPhaseSpan	sge.visui.widget.file.FileChooser$FileItem	com/kotcrab/vis/ui/widget/file/FileChooser.java	1856	call to `add/1` has 3 applicable candidates spanning java's resolution phases (VarargPhaseSpan): (java.lang.CharSequence), (scala.Array)…, <generic>(@34442#add(T)$$T) — javac bound one and scala resolves in a single phase, so the port may name the other with no error on either side
ac653ad88e1c/9	overload-risk	VarargPhaseSpan	sge.visui.widget.file.FileChooser$FileItem	com/kotcrab/vis/ui/widget/file/FileChooser.java	1857	call to `add/1` has 3 applicable candidates spanning java's resolution phases (VarargPhaseSpan): (java.lang.CharSequence), (scala.Array)…, <generic>(@34442#add(T)$$T) — javac bound one and scala resolves in a single phase, so the port may name the other with no error on either side
58bd1efc9e5e	overload-risk	VarargPhaseSpan	sge.visui.widget.file.FileChooser$ShortcutItem	com/kotcrab/vis/ui/widget/file/FileChooser.java	2055	call to `add/1` has 3 applicable candidates spanning java's resolution phases (VarargPhaseSpan): (java.lang.CharSequence), (scala.Array)…, <generic>(@34442#add(T)$$T) — javac bound one and scala resolves in a single phase, so the port may name the other with no error on either side
58bd1efc9e5e/2	overload-risk	VarargPhaseSpan	sge.visui.widget.file.FileChooser$ShortcutItem	com/kotcrab/vis/ui/widget/file/FileChooser.java	2056	call to `add/1` has 3 applicable candidates spanning java's resolution phases (VarargPhaseSpan): (java.lang.CharSequence), (scala.Array)…, <generic>(@34442#add(T)$$T) — javac bound one and scala resolves in a single phase, so the port may name the other with no error on either side
ec77ad711014	overload-risk	VarargPhaseSpan	sge.visui.widget.file.FileTypeFilter$Rule	com/kotcrab/vis/ui/widget/file/FileChooser.java	585	call to `<init>/1` has 2 applicable candidates spanning java's resolution phases (VarargPhaseSpan): (java.lang.String), (java.lang.String, scala.Array)… — javac bound one and scala resolves in a single phase, so the port may name the other with no error on either side
e4c94062a2f4	overload-risk	VarargPhaseSpan	sge.visui.widget.spinner.Spinner	com/kotcrab/vis/ui/widget/spinner/Spinner.java	84	call to `add/1` has 3 applicable candidates spanning java's resolution phases (VarargPhaseSpan): (java.lang.CharSequence), (scala.Array)…, <generic>(@34442#add(T)$$T) — javac bound one and scala resolves in a single phase, so the port may name the other with no error on either side
e4c94062a2f4/2	overload-risk	VarargPhaseSpan	sge.visui.widget.spinner.Spinner	com/kotcrab/vis/ui/widget/spinner/Spinner.java	87	call to `add/1` has 3 applicable candidates spanning java's resolution phases (VarargPhaseSpan): (java.lang.CharSequence), (scala.Array)…, <generic>(@34442#add(T)$$T) — javac bound one and scala resolves in a single phase, so the port may name the other with no error on either side
e4c94062a2f4/3	overload-risk	VarargPhaseSpan	sge.visui.widget.spinner.Spinner	com/kotcrab/vis/ui/widget/spinner/Spinner.java	88	call to `add/1` has 3 applicable candidates spanning java's resolution phases (VarargPhaseSpan): (java.lang.CharSequence), (scala.Array)…, <generic>(@34442#add(T)$$T) — javac bound one and scala resolves in a single phase, so the port may name the other with no error on either side
37d2c57f431f	overload-risk	VarargPhaseSpan	sge.visui.widget.tabbedpane.TabbedPane$TabButtonTable	com/kotcrab/vis/ui/widget/tabbedpane/TabbedPane.java	606	call to `add/1` has 3 applicable candidates spanning java's resolution phases (VarargPhaseSpan): (java.lang.CharSequence), (scala.Array)…, <generic>(@34442#add(T)$$T) — javac bound one and scala resolves in a single phase, so the port may name the other with no error on either side
37d2c57f431f/2	overload-risk	VarargPhaseSpan	sge.visui.widget.tabbedpane.TabbedPane$TabButtonTable	com/kotcrab/vis/ui/widget/tabbedpane/TabbedPane.java	608	call to `add/1` has 3 applicable candidates spanning java's resolution phases (VarargPhaseSpan): (java.lang.CharSequence), (scala.Array)…, <generic>(@34442#add(T)$$T) — javac bound one and scala resolves in a single phase, so the port may name the other with no error on either side
ac8eda515bd7	overload-risk	VarargPhaseSpan	sge.visui.widget.tabbedpane.TabbedPane$TabbedPaneTable	com/kotcrab/vis/ui/widget/tabbedpane/TabbedPane.java	121	call to `add/1` has 3 applicable candidates spanning java's resolution phases (VarargPhaseSpan): (java.lang.CharSequence), (scala.Array)…, <generic>(@34442#add(T)$$T) — javac bound one and scala resolves in a single phase, so the port may name the other with no error on either side
ac8eda515bd7/2	overload-risk	VarargPhaseSpan	sge.visui.widget.tabbedpane.TabbedPane$TabbedPaneTable	com/kotcrab/vis/ui/widget/tabbedpane/TabbedPane.java	133	call to `add/1` has 3 applicable candidates spanning java's resolution phases (VarargPhaseSpan): (java.lang.CharSequence), (scala.Array)…, <generic>(@34442#add(T)$$T) — javac bound one and scala resolves in a single phase, so the port may name the other with no error on either side
ac8eda515bd7/3	overload-risk	VarargPhaseSpan	sge.visui.widget.tabbedpane.TabbedPane$TabbedPaneTable	com/kotcrab/vis/ui/widget/tabbedpane/TabbedPane.java	136	call to `add/1` has 3 applicable candidates spanning java's resolution phases (VarargPhaseSpan): (java.lang.CharSequence), (scala.Array)…, <generic>(@34442#add(T)$$T) — javac bound one and scala resolves in a single phase, so the port may name the other with no error on either side
16a6fce969f9	overload-risk	VarargPhaseSpan	sge.visui.widget.tabbedpane.TabbedPane$TabbedPaneTable	com/kotcrab/vis/ui/widget/tabbedpane/TabbedPane.java	141	call to `add/0` has 2 applicable candidates spanning java's resolution phases (VarargPhaseSpan): (), (scala.Array)… — javac bound one and scala resolves in a single phase, so the port may name the other with no error on either side
16a6fce969f9/2	overload-risk	VarargPhaseSpan	sge.visui.widget.tabbedpane.TabbedPane$TabbedPaneTable	com/kotcrab/vis/ui/widget/tabbedpane/TabbedPane.java	143	call to `add/0` has 2 applicable candidates spanning java's resolution phases (VarargPhaseSpan): (), (scala.Array)… — javac bound one and scala resolves in a single phase, so the port may name the other with no error on either side
69e47351331f	overload-risk	VarargPhaseSpan	sge.visui.widget.toast.MessageToast	com/kotcrab/vis/ui/widget/toast/MessageToast.java	34	call to `add/1` has 3 applicable candidates spanning java's resolution phases (VarargPhaseSpan): (java.lang.CharSequence), (scala.Array)…, <generic>(@34442#add(T)$$T) — javac bound one and scala resolves in a single phase, so the port may name the other with no error on either side
69e47351331f/2	overload-risk	VarargPhaseSpan	sge.visui.widget.toast.MessageToast	com/kotcrab/vis/ui/widget/toast/MessageToast.java	35	call to `add/1` has 3 applicable candidates spanning java's resolution phases (VarargPhaseSpan): (java.lang.CharSequence), (scala.Array)…, <generic>(@34442#add(T)$$T) — javac bound one and scala resolves in a single phase, so the port may name the other with no error on either side
e8c01df97e84	portability(all)	java.lang.Class#forName	desktopClass	com/kotcrab/vis/ui/widget/file/FileUtils.java	171	Call — runtime class lookup by name is JVM-only
9771786a5dcd	portability(all)	java.lang.Class#forName	sge.utils.reflect.ClassReflection#forName	../../../../../libgdx/gdx/src/com/badlogic/gdx/utils/reflect/ClassReflection.java	28	Call — runtime class lookup by name is JVM-only
19b05abaace7	portability(all)	java.lang.Class#forName	shellFolderClass	com/kotcrab/vis/ui/widget/file/internal/FileChooserWinService.java	61	Call — runtime class lookup by name is JVM-only
e6baaaed2411	portability(all)	java.lang.Class#getConstructor	sge.utils.reflect.ClassReflection#getConstructor	../../../../../libgdx/gdx/src/com/badlogic/gdx/utils/reflect/ClassReflection.java	122	Call — reflective member access is JVM-only
a65db0df1d2b	portability(all)	java.lang.Class#getDeclaredConstructor	sge.utils.reflect.ClassReflection#getDeclaredConstructor	../../../../../libgdx/gdx/src/com/badlogic/gdx/utils/reflect/ClassReflection.java	135	Call — reflective member access is JVM-only
5fd5afefecd1	portability(all)	java.lang.Class#getDeclaredField	sge.utils.reflect.ClassReflection#getDeclaredField	../../../../../libgdx/gdx/src/com/badlogic/gdx/utils/reflect/ClassReflection.java	226	Call — reflective member access is JVM-only
ba1317b22dd1	portability(all)	java.lang.Class#getDeclaredFields	fields	../../../../../libgdx/gdx/src/com/badlogic/gdx/utils/reflect/ClassReflection.java	215	Call — reflective member access is JVM-only
49e6d5b0198a	portability(all)	java.lang.Class#getDeclaredMethod	sge.utils.reflect.ClassReflection#getDeclaredMethod	../../../../../libgdx/gdx/src/com/badlogic/gdx/utils/reflect/ClassReflection.java	184	Call — reflective member access is JVM-only
51f8657065bb	portability(all)	java.lang.Class#getDeclaredMethods	methods	../../../../../libgdx/gdx/src/com/badlogic/gdx/utils/reflect/ClassReflection.java	172	Call — reflective member access is JVM-only
3daa402f83f0	portability(all)	java.lang.Class#getField	sge.utils.reflect.ClassReflection#getField	../../../../../libgdx/gdx/src/com/badlogic/gdx/utils/reflect/ClassReflection.java	205	Call — reflective member access is JVM-only
8ca661495ce0	portability(all)	java.lang.Class#getFields	fields	../../../../../libgdx/gdx/src/com/badlogic/gdx/utils/reflect/ClassReflection.java	194	Call — reflective member access is JVM-only
e5fc9f8d91cc	portability(all)	java.lang.Class#getMethod	desktop	com/kotcrab/vis/ui/widget/file/FileUtils.java	172	Call — reflective member access is JVM-only
6468f4b9f9d6	portability(all)	java.lang.Class#getMethod	sge.utils.reflect.ClassReflection#getMethod	../../../../../libgdx/gdx/src/com/badlogic/gdx/utils/reflect/ClassReflection.java	162	Call — reflective member access is JVM-only
7d1ead1aaa06	portability(all)	java.lang.Class#getMethod	sge.visui.widget.file.FileUtils#showDirInExplorer	com/kotcrab/vis/ui/widget/file/FileUtils.java	175	Call — reflective member access is JVM-only
7d1ead1aaa06/2	portability(all)	java.lang.Class#getMethod	sge.visui.widget.file.FileUtils#showDirInExplorer	com/kotcrab/vis/ui/widget/file/FileUtils.java	183	Call — reflective member access is JVM-only
50f90bd02855	portability(all)	java.lang.Class#getMethod	sge.visui.widget.file.internal.FileChooserWinService#<init>	com/kotcrab/vis/ui/widget/file/internal/FileChooserWinService.java	62	Call — reflective member access is JVM-only
50f90bd02855/2	portability(all)	java.lang.Class#getMethod	sge.visui.widget.file.internal.FileChooserWinService#<init>	com/kotcrab/vis/ui/widget/file/internal/FileChooserWinService.java	63	Call — reflective member access is JVM-only
156ba5d3c65d	portability(all)	java.lang.Class#getMethods	methods	../../../../../libgdx/gdx/src/com/badlogic/gdx/utils/reflect/ClassReflection.java	150	Call — reflective member access is JVM-only
903a51a3ba06	portability(all)	java.lang.Class#newInstance	sge.utils.reflect.ClassReflection#newInstance	../../../../../libgdx/gdx/src/com/badlogic/gdx/utils/reflect/ClassReflection.java	93	Call — reflective instantiation is JVM-only
71d042891043	portability(all)	java.lang.System#getProperty	sge.visui.util.OsUtils#OS	com/kotcrab/vis/ui/util/OsUtils.java	29	Call — Scala.js answers getProperty from a LINK-TIME-configured properties table, never the live host's — it works, with values the build decides, which is a caveat to read rather than a call to remove; Scala Native has the real thing
7829485f8ab1	portability(all)	java.lang.System#getProperty	sge.visui.widget.file.FileChooser#getDefaultStartingDirectory	com/kotcrab/vis/ui/widget/file/FileChooser.java	1200	Call — Scala.js answers getProperty from a LINK-TIME-configured properties table, never the live host's — it works, with values the build decides, which is a caveat to read rather than a call to remove; Scala Native has the real thing
2907b84a3d63	portability(all)	java.lang.System#getProperty	userHome	com/kotcrab/vis/ui/widget/file/FileChooser.java	625	Call — Scala.js answers getProperty from a LINK-TIME-configured properties table, never the live host's — it works, with values the build decides, which is a caveat to read rather than a call to remove; Scala Native has the real thing
50d147a60fdf	portability(all)	java.lang.System#getProperty	userName	com/kotcrab/vis/ui/widget/file/FileChooser.java	626	Call — Scala.js answers getProperty from a LINK-TIME-configured properties table, never the live host's — it works, with values the build decides, which is a caveat to read rather than a call to remove; Scala Native has the real thing
1fc41decc91b	portability(all)	java.lang.Thread	sge.net.NetJavaImpl$87#newThread	../../../../../libgdx/gdx/src/com/badlogic/gdx/net/NetJavaImpl.java	143	MemberType — Scala.js's Thread is a private-constructor singleton — getId is hardcoded, run() is empty and currentThread() is always the same instance, so `new Thread(r)` does not even compile there; Scala Native has real OS threads
25714a50d0fc	portability(all)	java.lang.Thread	sge.utils.PauseableThread	../../../../../libgdx/gdx/src/com/badlogic/gdx/utils/PauseableThread.java	23	Extends — Scala.js's Thread is a private-constructor singleton — getId is hardcoded, run() is empty and currentThread() is always the same instance, so `new Thread(r)` does not even compile there; Scala Native has real OS threads
08c4b987a20c	portability(all)	java.lang.Thread	sge.utils.async.AsyncExecutor#<init>	../../../../../libgdx/gdx/src/com/badlogic/gdx/utils/async/AsyncExecutor.java	46	TypeRefPos — Scala.js's Thread is a private-constructor singleton — getId is hardcoded, run() is empty and currentThread() is always the same instance, so `new Thread(r)` does not even compile there; Scala Native has real OS threads
f942a4cb62f2	portability(all)	java.lang.Thread	sge.utils.async.ThreadUtils#yield	../../../../../libgdx/gdx/src/com/badlogic/gdx/utils/async/ThreadUtils.java	23	TermRef — Scala.js's Thread is a private-constructor singleton — getId is hardcoded, run() is empty and currentThread() is always the same instance, so `new Thread(r)` does not even compile there; Scala Native has real OS threads
06565625f386	portability(all)	java.lang.Thread	sge.visui.util.async.AsyncTask#execute	com/kotcrab/vis/ui/util/async/AsyncTask.java	47	Instantiate — Scala.js's Thread is a private-constructor singleton — getId is hardcoded, run() is empty and currentThread() is always the same instance, so `new Thread(r)` does not even compile there; Scala Native has real OS threads
12c80eb89faa	portability(all)	java.lang.Thread	sge.visui.widget.file.FileChooser#fileWatcherThread	com/kotcrab/vis/ui/widget/file/FileChooser.java	127	MemberType — Scala.js's Thread is a private-constructor singleton — getId is hardcoded, run() is empty and currentThread() is always the same instance, so `new Thread(r)` does not even compile there; Scala Native has real OS threads
3f6eb5ab7ea6	portability(all)	java.lang.Thread	sge.visui.widget.file.FileChooser#rebuildFileList	com/kotcrab/vis/ui/widget/file/FileChooser.java	906	TermRef — Scala.js's Thread is a private-constructor singleton — getId is hardcoded, run() is empty and currentThread() is always the same instance, so `new Thread(r)` does not even compile there; Scala Native has real OS threads
3f6eb5ab7ea6/2	portability(all)	java.lang.Thread	sge.visui.widget.file.FileChooser#rebuildFileList	com/kotcrab/vis/ui/widget/file/FileChooser.java	912	TermRef — Scala.js's Thread is a private-constructor singleton — getId is hardcoded, run() is empty and currentThread() is always the same instance, so `new Thread(r)` does not even compile there; Scala Native has real OS threads
f06340215b80	portability(all)	java.lang.Thread	sge.visui.widget.file.FileChooser#startFileWatcher	com/kotcrab/vis/ui/widget/file/FileChooser.java	1448	Instantiate — Scala.js's Thread is a private-constructor singleton — getId is hardcoded, run() is empty and currentThread() is always the same instance, so `new Thread(r)` does not even compile there; Scala Native has real OS threads
2125d8fd4d0e	portability(all)	java.lang.Thread	sge.visui.widget.file.FileChooser$250#run	com/kotcrab/vis/ui/widget/file/FileChooser.java	1484	TermRef — Scala.js's Thread is a private-constructor singleton — getId is hardcoded, run() is empty and currentThread() is always the same instance, so `new Thread(r)` does not even compile there; Scala Native has real OS threads
486cae0450c2	portability(all)	java.lang.Thread	sge.visui.widget.file.internal.DirsSuggestionPopup#createDirSuggestions	com/kotcrab/vis/ui/widget/file/internal/DirsSuggestionPopup.java	75	TermRef — Scala.js's Thread is a private-constructor singleton — getId is hardcoded, run() is empty and currentThread() is always the same instance, so `new Thread(r)` does not even compile there; Scala Native has real OS threads
8bf1436091fc	portability(all)	java.lang.Thread	sge.visui.widget.file.internal.ServiceThreadFactory#newThread	com/kotcrab/vis/ui/widget/file/internal/ServiceThreadFactory.java	34	MemberType — Scala.js's Thread is a private-constructor singleton — getId is hardcoded, run() is empty and currentThread() is always the same instance, so `new Thread(r)` does not even compile there; Scala Native has real OS threads
ec6f69f77adb	portability(all)	java.lang.Thread	stack	../../../../../libgdx/gdx/src/com/badlogic/gdx/graphics/profiling/GLErrorListener.java	41	TermRef — Scala.js's Thread is a private-constructor singleton — getId is hardcoded, run() is empty and currentThread() is always the same instance, so `new Thread(r)` does not even compile there; Scala Native has real OS threads
6816852296d8	portability(all)	java.lang.Thread	thread	../../../../../libgdx/gdx/src/com/badlogic/gdx/input/RemoteInput.java	230	Instantiate — Scala.js's Thread is a private-constructor singleton — getId is hardcoded, run() is empty and currentThread() is always the same instance, so `new Thread(r)` does not even compile there; Scala Native has real OS threads
24590acbb7fd	portability(all)	java.lang.Thread	thread	../../../../../libgdx/gdx/src/com/badlogic/gdx/input/RemoteInput.java	230	MemberType — Scala.js's Thread is a private-constructor singleton — getId is hardcoded, run() is empty and currentThread() is always the same instance, so `new Thread(r)` does not even compile there; Scala Native has real OS threads
f9c5e43a9d71	portability(all)	java.lang.Thread	thread	../../../../../libgdx/gdx/src/com/badlogic/gdx/net/NetJavaImpl.java	144	Instantiate — Scala.js's Thread is a private-constructor singleton — getId is hardcoded, run() is empty and currentThread() is always the same instance, so `new Thread(r)` does not even compile there; Scala Native has real OS threads
b4dcc3fcec83	portability(all)	java.lang.Thread	thread	../../../../../libgdx/gdx/src/com/badlogic/gdx/net/NetJavaImpl.java	144	MemberType — Scala.js's Thread is a private-constructor singleton — getId is hardcoded, run() is empty and currentThread() is always the same instance, so `new Thread(r)` does not even compile there; Scala Native has real OS threads
6e04ad628bcb	portability(all)	java.lang.Thread	thread	../../../../../libgdx/gdx/src/com/badlogic/gdx/utils/Timer.java	282	Instantiate — Scala.js's Thread is a private-constructor singleton — getId is hardcoded, run() is empty and currentThread() is always the same instance, so `new Thread(r)` does not even compile there; Scala Native has real OS threads
dc433b85c85f	portability(all)	java.lang.Thread	thread	../../../../../libgdx/gdx/src/com/badlogic/gdx/utils/Timer.java	282	MemberType — Scala.js's Thread is a private-constructor singleton — getId is hardcoded, run() is empty and currentThread() is always the same instance, so `new Thread(r)` does not even compile there; Scala Native has real OS threads
ed08758cbfcb	portability(all)	java.lang.Thread	thread	../../../../../libgdx/gdx/src/com/badlogic/gdx/utils/async/AsyncExecutor.java	47	Instantiate — Scala.js's Thread is a private-constructor singleton — getId is hardcoded, run() is empty and currentThread() is always the same instance, so `new Thread(r)` does not even compile there; Scala Native has real OS threads
7647ee49f1f1	portability(all)	java.lang.Thread	thread	../../../../../libgdx/gdx/src/com/badlogic/gdx/utils/async/AsyncExecutor.java	47	MemberType — Scala.js's Thread is a private-constructor singleton — getId is hardcoded, run() is empty and currentThread() is always the same instance, so `new Thread(r)` does not even compile there; Scala Native has real OS threads
aa4756182b8f	portability(all)	java.lang.Thread	thread	com/kotcrab/vis/ui/widget/file/internal/ServiceThreadFactory.java	35	MemberType — Scala.js's Thread is a private-constructor singleton — getId is hardcoded, run() is empty and currentThread() is always the same instance, so `new Thread(r)` does not even compile there; Scala Native has real OS threads
ac081cbb4b3b	portability(all)	java.lang.reflect.Array	sge.utils.reflect.ArrayReflection#get	../../../../../libgdx/gdx/src/com/badlogic/gdx/utils/reflect/ArrayReflection.java	35	TermRef — runtime reflection does not exist on Scala.js / Native
0783b93a3d93	portability(all)	java.lang.reflect.Array	sge.utils.reflect.ArrayReflection#getLength	../../../../../libgdx/gdx/src/com/badlogic/gdx/utils/reflect/ArrayReflection.java	30	TermRef — runtime reflection does not exist on Scala.js / Native
7ee7cda659d0	portability(all)	java.lang.reflect.Array	sge.utils.reflect.ArrayReflection#newInstance	../../../../../libgdx/gdx/src/com/badlogic/gdx/utils/reflect/ArrayReflection.java	25	TermRef — runtime reflection does not exist on Scala.js / Native
1cd1e761e9f2	portability(all)	java.lang.reflect.Array	sge.utils.reflect.ArrayReflection#set	../../../../../libgdx/gdx/src/com/badlogic/gdx/utils/reflect/ArrayReflection.java	40	TermRef — runtime reflection does not exist on Scala.js / Native
254e18576154	portability(all)	java.lang.reflect.Constructor	@45985#<init>(java.lang.reflect.Constructor)#constructor	../../../../../libgdx/gdx/src/com/badlogic/gdx/utils/reflect/Constructor.java	27	Tycon — runtime reflection does not exist on Scala.js / Native
05df512ce614	portability(all)	java.lang.reflect.Constructor	constructors	../../../../../libgdx/gdx/src/com/badlogic/gdx/utils/reflect/ClassReflection.java	110	Tycon — runtime reflection does not exist on Scala.js / Native
50ff21c6a97a	portability(all)	java.lang.reflect.Constructor	sge.utils.reflect.ClassReflection#getConstructor	../../../../../libgdx/gdx/src/com/badlogic/gdx/utils/reflect/ClassReflection.java	122	Tycon — runtime reflection does not exist on Scala.js / Native
bcdacc4e9f55	portability(all)	java.lang.reflect.Constructor	sge.utils.reflect.ClassReflection#getConstructors	../../../../../libgdx/gdx/src/com/badlogic/gdx/utils/reflect/ClassReflection.java	113	Tycon — runtime reflection does not exist on Scala.js / Native
a72cd9a89ffe	portability(all)	java.lang.reflect.Constructor	sge.utils.reflect.ClassReflection#getDeclaredConstructor	../../../../../libgdx/gdx/src/com/badlogic/gdx/utils/reflect/ClassReflection.java	135	Tycon — runtime reflection does not exist on Scala.js / Native
79dc266ff38d	portability(all)	java.lang.reflect.Constructor	sge.utils.reflect.Constructor#<init>	../../../../../libgdx/gdx/src/com/badlogic/gdx/utils/reflect/Constructor.java	28	Tycon — runtime reflection does not exist on Scala.js / Native
dd514f850088	portability(all)	java.lang.reflect.Constructor	sge.utils.reflect.Constructor#constructor	../../../../../libgdx/gdx/src/com/badlogic/gdx/utils/reflect/Constructor.java	25	Tycon — runtime reflection does not exist on Scala.js / Native
72311acbfd1f	portability(all)	java.lang.reflect.Field	@45519#<init>(java.lang.reflect.Field)#field	../../../../../libgdx/gdx/src/com/badlogic/gdx/utils/reflect/Field.java	30	MemberType — runtime reflection does not exist on Scala.js / Native
b81fb76010cb	portability(all)	java.lang.reflect.Field	fields	../../../../../libgdx/gdx/src/com/badlogic/gdx/utils/reflect/ClassReflection.java	194	TypeArg — runtime reflection does not exist on Scala.js / Native
b81fb76010cb/2	portability(all)	java.lang.reflect.Field	fields	../../../../../libgdx/gdx/src/com/badlogic/gdx/utils/reflect/ClassReflection.java	215	TypeArg — runtime reflection does not exist on Scala.js / Native
3b5d44beba23	portability(all)	java.lang.reflect.Field	sge.utils.reflect.Field#field	../../../../../libgdx/gdx/src/com/badlogic/gdx/utils/reflect/Field.java	28	MemberType — runtime reflection does not exist on Scala.js / Native
1f01f533b17c	portability(all)	java.lang.reflect.GenericArrayType	componentType	../../../../../libgdx/gdx/src/com/badlogic/gdx/utils/reflect/Field.java	115	TypeRefPos — runtime reflection does not exist on Scala.js / Native
dab2b7810b40	portability(all)	java.lang.reflect.GenericArrayType	sge.utils.reflect.Field#getElementType	../../../../../libgdx/gdx/src/com/badlogic/gdx/utils/reflect/Field.java	114	TypeRefPos — runtime reflection does not exist on Scala.js / Native
1017e8bf43c2	portability(all)	java.lang.reflect.InvocationTargetException	e	../../../../../libgdx/gdx/src/com/badlogic/gdx/utils/reflect/Constructor.java	61	MemberType — runtime reflection does not exist on Scala.js / Native
9b3fd253d2f0	portability(all)	java.lang.reflect.InvocationTargetException	e	../../../../../libgdx/gdx/src/com/badlogic/gdx/utils/reflect/Method.java	113	MemberType — runtime reflection does not exist on Scala.js / Native
3d8302388b71	portability(all)	java.lang.reflect.InvocationTargetException	e	com/kotcrab/vis/ui/widget/file/FileUtils.java	176	MemberType — runtime reflection does not exist on Scala.js / Native
0091af0a76a9	portability(all)	java.lang.reflect.InvocationTargetException	e	com/kotcrab/vis/ui/widget/file/internal/FileChooserWinService.java	126	MemberType — runtime reflection does not exist on Scala.js / Native
d54c4e8cb1ac	portability(all)	java.lang.reflect.InvocationTargetException	sge.visui.widget.file.FileUtils#showDirInExplorer	com/kotcrab/vis/ui/widget/file/FileUtils.java	180	TypeRefPos — runtime reflection does not exist on Scala.js / Native
b462de81e353	portability(all)	java.lang.reflect.Method	@51680#<init>(java.lang.reflect.Method)#method	../../../../../libgdx/gdx/src/com/badlogic/gdx/utils/reflect/Method.java	28	MemberType — runtime reflection does not exist on Scala.js / Native
b1b9d857ae3c	portability(all)	java.lang.reflect.Method	methods	../../../../../libgdx/gdx/src/com/badlogic/gdx/utils/reflect/ClassReflection.java	150	TypeArg — runtime reflection does not exist on Scala.js / Native
b1b9d857ae3c/2	portability(all)	java.lang.reflect.Method	methods	../../../../../libgdx/gdx/src/com/badlogic/gdx/utils/reflect/ClassReflection.java	172	TypeArg — runtime reflection does not exist on Scala.js / Native
3e6e53b4f3d5	portability(all)	java.lang.reflect.Method	sge.utils.reflect.Method#method	../../../../../libgdx/gdx/src/com/badlogic/gdx/utils/reflect/Method.java	26	MemberType — runtime reflection does not exist on Scala.js / Native
45c4e703dbec	portability(all)	java.lang.reflect.Method	sge.visui.widget.file.internal.FileChooserWinService#getShellFolderDisplayNameMethod	com/kotcrab/vis/ui/widget/file/internal/FileChooserWinService.java	48	MemberType — runtime reflection does not exist on Scala.js / Native
02254e827459	portability(all)	java.lang.reflect.Method	sge.visui.widget.file.internal.FileChooserWinService#getShellFolderMethod	com/kotcrab/vis/ui/widget/file/internal/FileChooserWinService.java	47	MemberType — runtime reflection does not exist on Scala.js / Native
3e27f30bcdd9	portability(all)	java.lang.reflect.Modifier	sge.utils.reflect.ClassReflection#isAbstract	../../../../../libgdx/gdx/src/com/badlogic/gdx/utils/reflect/ClassReflection.java	87	TermRef — runtime reflection does not exist on Scala.js / Native
8a9714f4287d	portability(all)	java.lang.reflect.Modifier	sge.utils.reflect.ClassReflection#isStaticClass	../../../../../libgdx/gdx/src/com/badlogic/gdx/utils/reflect/ClassReflection.java	57	TermRef — runtime reflection does not exist on Scala.js / Native
0049f504f2c9	portability(all)	java.lang.reflect.Modifier	sge.utils.reflect.Field#isFinal	../../../../../libgdx/gdx/src/com/badlogic/gdx/utils/reflect/Field.java	64	TermRef — runtime reflection does not exist on Scala.js / Native
77a2d247a165	portability(all)	java.lang.reflect.Modifier	sge.utils.reflect.Field#isPrivate	../../../../../libgdx/gdx/src/com/badlogic/gdx/utils/reflect/Field.java	69	TermRef — runtime reflection does not exist on Scala.js / Native
d9e617ccab69	portability(all)	java.lang.reflect.Modifier	sge.utils.reflect.Field#isProtected	../../../../../libgdx/gdx/src/com/badlogic/gdx/utils/reflect/Field.java	74	TermRef — runtime reflection does not exist on Scala.js / Native
0a898d733e7b	portability(all)	java.lang.reflect.Modifier	sge.utils.reflect.Field#isPublic	../../../../../libgdx/gdx/src/com/badlogic/gdx/utils/reflect/Field.java	79	TermRef — runtime reflection does not exist on Scala.js / Native
4fdc2b12aa5a	portability(all)	java.lang.reflect.Modifier	sge.utils.reflect.Field#isStatic	../../../../../libgdx/gdx/src/com/badlogic/gdx/utils/reflect/Field.java	84	TermRef — runtime reflection does not exist on Scala.js / Native
5d09abe77975	portability(all)	java.lang.reflect.Modifier	sge.utils.reflect.Field#isTransient	../../../../../libgdx/gdx/src/com/badlogic/gdx/utils/reflect/Field.java	89	TermRef — runtime reflection does not exist on Scala.js / Native
9cd6e5652f83	portability(all)	java.lang.reflect.Modifier	sge.utils.reflect.Field#isVolatile	../../../../../libgdx/gdx/src/com/badlogic/gdx/utils/reflect/Field.java	94	TermRef — runtime reflection does not exist on Scala.js / Native
3bf1eee1aeab	portability(all)	java.lang.reflect.Modifier	sge.utils.reflect.Method#isAbstract	../../../../../libgdx/gdx/src/com/badlogic/gdx/utils/reflect/Method.java	62	TermRef — runtime reflection does not exist on Scala.js / Native
511a0602e4ee	portability(all)	java.lang.reflect.Modifier	sge.utils.reflect.Method#isFinal	../../../../../libgdx/gdx/src/com/badlogic/gdx/utils/reflect/Method.java	72	TermRef — runtime reflection does not exist on Scala.js / Native
b0d871abe3ad	portability(all)	java.lang.reflect.Modifier	sge.utils.reflect.Method#isNative	../../../../../libgdx/gdx/src/com/badlogic/gdx/utils/reflect/Method.java	92	TermRef — runtime reflection does not exist on Scala.js / Native
ae9e05736243	portability(all)	java.lang.reflect.Modifier	sge.utils.reflect.Method#isPrivate	../../../../../libgdx/gdx/src/com/badlogic/gdx/utils/reflect/Method.java	77	TermRef — runtime reflection does not exist on Scala.js / Native
d0fe8c663517	portability(all)	java.lang.reflect.Modifier	sge.utils.reflect.Method#isProtected	../../../../../libgdx/gdx/src/com/badlogic/gdx/utils/reflect/Method.java	82	TermRef — runtime reflection does not exist on Scala.js / Native
153739f87577	portability(all)	java.lang.reflect.Modifier	sge.utils.reflect.Method#isPublic	../../../../../libgdx/gdx/src/com/badlogic/gdx/utils/reflect/Method.java	87	TermRef — runtime reflection does not exist on Scala.js / Native
2caabc062844	portability(all)	java.lang.reflect.Modifier	sge.utils.reflect.Method#isStatic	../../../../../libgdx/gdx/src/com/badlogic/gdx/utils/reflect/Method.java	97	TermRef — runtime reflection does not exist on Scala.js / Native
800bf888679f	portability(all)	java.lang.reflect.ParameterizedType	actualTypes	../../../../../libgdx/gdx/src/com/badlogic/gdx/utils/reflect/Field.java	107	TypeRefPos — runtime reflection does not exist on Scala.js / Native
1820d402d5fa	portability(all)	java.lang.reflect.ParameterizedType	sge.utils.reflect.Field#getElementType	../../../../../libgdx/gdx/src/com/badlogic/gdx/utils/reflect/Field.java	106	TypeRefPos — runtime reflection does not exist on Scala.js / Native
1820d402d5fa/2	portability(all)	java.lang.reflect.ParameterizedType	sge.utils.reflect.Field#getElementType	../../../../../libgdx/gdx/src/com/badlogic/gdx/utils/reflect/Field.java	112	TypeRefPos — runtime reflection does not exist on Scala.js / Native
1820d402d5fa/3	portability(all)	java.lang.reflect.ParameterizedType	sge.utils.reflect.Field#getElementType	../../../../../libgdx/gdx/src/com/badlogic/gdx/utils/reflect/Field.java	113	TypeRefPos — runtime reflection does not exist on Scala.js / Native
ff89743eef9c	portability(all)	java.lang.reflect.Type	actualType	../../../../../libgdx/gdx/src/com/badlogic/gdx/utils/reflect/Field.java	109	MemberType — runtime reflection does not exist on Scala.js / Native
b2b4a90f8b9c	portability(all)	java.lang.reflect.Type	actualTypes	../../../../../libgdx/gdx/src/com/badlogic/gdx/utils/reflect/Field.java	107	TypeArg — runtime reflection does not exist on Scala.js / Native
e3b019dfd17f	portability(all)	java.lang.reflect.Type	componentType	../../../../../libgdx/gdx/src/com/badlogic/gdx/utils/reflect/Field.java	115	MemberType — runtime reflection does not exist on Scala.js / Native
22aa94ca3df1	portability(all)	java.lang.reflect.Type	genericType	../../../../../libgdx/gdx/src/com/badlogic/gdx/utils/reflect/Field.java	105	MemberType — runtime reflection does not exist on Scala.js / Native
b89033a9b62a	portability(all)	java.net.HttpURLConnection	@33492#putIntoConnectionsAndListeners(com.badlogic.gdx.Net$HttpRequest,com.badlogic.gdx.Net$HttpResponseListener,java.net.HttpURLConnection)#connection	../../../../../libgdx/gdx/src/com/badlogic/gdx/net/NetJavaImpl.java	285	MemberType — networking is JVM-only on Scala.js — a browser has no raw sockets, and fetch/XHR is the JS-native equivalent; Scala Native implements the family, IPv6 included
efdffefe2cf7	portability(all)	java.net.HttpURLConnection	@33568#<init>(java.net.HttpURLConnection)#connection	../../../../../libgdx/gdx/src/com/badlogic/gdx/net/NetJavaImpl.java	53	MemberType — networking is JVM-only on Scala.js — a browser has no raw sockets, and fetch/XHR is the JS-native equivalent; Scala Native implements the family, IPv6 included
34aefdf4728d	portability(all)	java.net.HttpURLConnection	connection	../../../../../libgdx/gdx/src/com/badlogic/gdx/net/NetJavaImpl.java	179	MemberType — networking is JVM-only on Scala.js — a browser has no raw sockets, and fetch/XHR is the JS-native equivalent; Scala Native implements the family, IPv6 included
6da8f2167f4f	portability(all)	java.net.HttpURLConnection	connection	../../../../../libgdx/gdx/src/com/badlogic/gdx/net/NetJavaImpl.java	179	TypeRefPos — networking is JVM-only on Scala.js — a browser has no raw sockets, and fetch/XHR is the JS-native equivalent; Scala Native implements the family, IPv6 included
0a27265beb7f	portability(all)	java.net.HttpURLConnection	sge.net.NetJavaImpl#<init>	../../../../../libgdx/gdx/src/com/badlogic/gdx/net/NetJavaImpl.java	150	TypeArg — networking is JVM-only on Scala.js — a browser has no raw sockets, and fetch/XHR is the JS-native equivalent; Scala Native implements the family, IPv6 included
001d223b48ea	portability(all)	java.net.HttpURLConnection	sge.net.NetJavaImpl#connections	../../../../../libgdx/gdx/src/com/badlogic/gdx/net/NetJavaImpl.java	128	TypeArg — networking is JVM-only on Scala.js — a browser has no raw sockets, and fetch/XHR is the JS-native equivalent; Scala Native implements the family, IPv6 included
88e1aec8384e	portability(all)	java.net.HttpURLConnection	sge.net.NetJavaImpl#sendHttpRequest	../../../../../libgdx/gdx/src/com/badlogic/gdx/net/NetJavaImpl.java	183	TermRef — networking is JVM-only on Scala.js — a browser has no raw sockets, and fetch/XHR is the JS-native equivalent; Scala Native implements the family, IPv6 included
61893b74191a	portability(all)	java.net.HttpURLConnection	sge.net.NetJavaImpl$HttpClientResponse#connection	../../../../../libgdx/gdx/src/com/badlogic/gdx/net/NetJavaImpl.java	50	MemberType — networking is JVM-only on Scala.js — a browser has no raw sockets, and fetch/XHR is the JS-native equivalent; Scala Native implements the family, IPv6 included
70109275d129	portability(all)	java.net.InetAddress	allByName	../../../../../libgdx/gdx/src/com/badlogic/gdx/input/RemoteInput.java	233	TermRef — networking is JVM-only on Scala.js — a browser has no raw sockets, and fetch/XHR is the JS-native equivalent; Scala Native implements the family, IPv6 included
70109275d129/2	portability(all)	java.net.InetAddress	allByName	../../../../../libgdx/gdx/src/com/badlogic/gdx/input/RemoteInput.java	233	TermRef — networking is JVM-only on Scala.js — a browser has no raw sockets, and fetch/XHR is the JS-native equivalent; Scala Native implements the family, IPv6 included
327d1ac30df0	portability(all)	java.net.InetAddress	allByName	../../../../../libgdx/gdx/src/com/badlogic/gdx/input/RemoteInput.java	233	TypeArg — networking is JVM-only on Scala.js — a browser has no raw sockets, and fetch/XHR is the JS-native equivalent; Scala Native implements the family, IPv6 included
d9b40910747c	portability(all)	java.net.InetSocketAddress	address	../../../../../libgdx/gdx/src/com/badlogic/gdx/net/NetJavaServerSocketImpl.java	54	MemberType — networking is JVM-only on Scala.js — a browser has no raw sockets, and fetch/XHR is the JS-native equivalent; Scala Native implements the family, IPv6 included
25a7e020a3c4	portability(all)	java.net.InetSocketAddress	address	../../../../../libgdx/gdx/src/com/badlogic/gdx/net/NetJavaSocketImpl.java	41	Instantiate — networking is JVM-only on Scala.js — a browser has no raw sockets, and fetch/XHR is the JS-native equivalent; Scala Native implements the family, IPv6 included
7bd9a0d6f064	portability(all)	java.net.InetSocketAddress	address	../../../../../libgdx/gdx/src/com/badlogic/gdx/net/NetJavaSocketImpl.java	41	MemberType — networking is JVM-only on Scala.js — a browser has no raw sockets, and fetch/XHR is the JS-native equivalent; Scala Native implements the family, IPv6 included
edfb8e98d839	portability(all)	java.net.InetSocketAddress	sge.net.NetJavaServerSocketImpl#<init>	../../../../../libgdx/gdx/src/com/badlogic/gdx/net/NetJavaServerSocketImpl.java	56	Instantiate — networking is JVM-only on Scala.js — a browser has no raw sockets, and fetch/XHR is the JS-native equivalent; Scala Native implements the family, IPv6 included
edfb8e98d839/2	portability(all)	java.net.InetSocketAddress	sge.net.NetJavaServerSocketImpl#<init>	../../../../../libgdx/gdx/src/com/badlogic/gdx/net/NetJavaServerSocketImpl.java	58	Instantiate — networking is JVM-only on Scala.js — a browser has no raw sockets, and fetch/XHR is the JS-native equivalent; Scala Native implements the family, IPv6 included
57f6ec2f53fb	portability(all)	java.net.ServerSocket	sge.input.RemoteInput#<init>	../../../../../libgdx/gdx/src/com/badlogic/gdx/input/RemoteInput.java	229	Instantiate — networking is JVM-only on Scala.js — a browser has no raw sockets, and fetch/XHR is the JS-native equivalent; Scala Native implements the family, IPv6 included
cdec51f6546d	portability(all)	java.net.ServerSocket	sge.input.RemoteInput#serverSocket	../../../../../libgdx/gdx/src/com/badlogic/gdx/input/RemoteInput.java	190	MemberType — networking is JVM-only on Scala.js — a browser has no raw sockets, and fetch/XHR is the JS-native equivalent; Scala Native implements the family, IPv6 included
93b3b4d78dcc	portability(all)	java.net.ServerSocket	sge.net.NetJavaServerSocketImpl#<init>	../../../../../libgdx/gdx/src/com/badlogic/gdx/net/NetJavaServerSocketImpl.java	44	Instantiate — networking is JVM-only on Scala.js — a browser has no raw sockets, and fetch/XHR is the JS-native equivalent; Scala Native implements the family, IPv6 included
760cad7dfd1f	portability(all)	java.net.ServerSocket	sge.net.NetJavaServerSocketImpl#server	../../../../../libgdx/gdx/src/com/badlogic/gdx/net/NetJavaServerSocketImpl.java	32	MemberType — networking is JVM-only on Scala.js — a browser has no raw sockets, and fetch/XHR is the JS-native equivalent; Scala Native implements the family, IPv6 included
d99d9ecb0708	portability(all)	java.net.Socket	@33649#<init>(java.net.Socket,com.badlogic.gdx.net.SocketHints)#socket	../../../../../libgdx/gdx/src/com/badlogic/gdx/net/NetJavaSocketImpl.java	52	MemberType — networking is JVM-only on Scala.js — a browser has no raw sockets, and fetch/XHR is the JS-native equivalent; Scala Native implements the family, IPv6 included
554bc1e69e76	portability(all)	java.net.Socket	sge.net.NetJavaSocketImpl#<init>	../../../../../libgdx/gdx/src/com/badlogic/gdx/net/NetJavaSocketImpl.java	37	Instantiate — networking is JVM-only on Scala.js — a browser has no raw sockets, and fetch/XHR is the JS-native equivalent; Scala Native implements the family, IPv6 included
838101bb3ebc	portability(all)	java.net.Socket	sge.net.NetJavaSocketImpl#socket	../../../../../libgdx/gdx/src/com/badlogic/gdx/net/NetJavaSocketImpl.java	32	MemberType — networking is JVM-only on Scala.js — a browser has no raw sockets, and fetch/XHR is the JS-native equivalent; Scala Native implements the family, IPv6 included
ba79d404a1a6	portability(all)	java.net.Socket	socket	../../../../../libgdx/gdx/src/com/badlogic/gdx/input/RemoteInput.java	251	MemberType — networking is JVM-only on Scala.js — a browser has no raw sockets, and fetch/XHR is the JS-native equivalent; Scala Native implements the family, IPv6 included
8bce67918799	portability(all)	java.net.Socket	socket	../../../../../libgdx/gdx/src/com/badlogic/gdx/input/RemoteSender.java	49	Instantiate — networking is JVM-only on Scala.js — a browser has no raw sockets, and fetch/XHR is the JS-native equivalent; Scala Native implements the family, IPv6 included
d7284b03a247	portability(all)	java.net.Socket	socket	../../../../../libgdx/gdx/src/com/badlogic/gdx/input/RemoteSender.java	49	MemberType — networking is JVM-only on Scala.js — a browser has no raw sockets, and fetch/XHR is the JS-native equivalent; Scala Native implements the family, IPv6 included
e11c69b3afb6	portability(all)	java.net.URL	sge.net.NetJavaImpl#sendHttpRequest	../../../../../libgdx/gdx/src/com/badlogic/gdx/net/NetJavaImpl.java	174	Instantiate — networking is JVM-only on Scala.js — a browser has no raw sockets, and fetch/XHR is the JS-native equivalent; Scala Native implements the family, IPv6 included
e11c69b3afb6/2	portability(all)	java.net.URL	sge.net.NetJavaImpl#sendHttpRequest	../../../../../libgdx/gdx/src/com/badlogic/gdx/net/NetJavaImpl.java	176	Instantiate — networking is JVM-only on Scala.js — a browser has no raw sockets, and fetch/XHR is the JS-native equivalent; Scala Native implements the family, IPv6 included
1358d6463664	portability(all)	java.net.URL	url	../../../../../libgdx/gdx/src/com/badlogic/gdx/net/NetJavaImpl.java	163	MemberType — networking is JVM-only on Scala.js — a browser has no raw sockets, and fetch/XHR is the JS-native equivalent; Scala Native implements the family, IPv6 included
f680154aba1d	portability(all)	java.net.URLEncoder	sge.net.HttpParametersUtils#encode	../../../../../libgdx/gdx/src/com/badlogic/gdx/net/HttpParametersUtils.java	54	TermRef — networking is JVM-only on Scala.js — a browser has no raw sockets, and fetch/XHR is the JS-native equivalent; Scala Native implements the family, IPv6 included
4a02b55b444f	portability(all)	java.nio.channels.FileChannel	fileChannel	../../../../../libgdx/gdx/src/com/badlogic/gdx/files/FileHandle.java	281	MemberType — the java.nio.channels package does not exist in the Scala.js javalib; Scala Native has real FileChannel/FileLock (its SOCKET channels are a separate rule)
8753a2bd7845	portability(all)	java.nio.channels.FileChannel$MapMode	@178#map(java.nio.channels.FileChannel$MapMode)#mode	../../../../../libgdx/gdx/src/com/badlogic/gdx/files/FileHandle.java	275	MemberType — the java.nio.channels package does not exist in the Scala.js javalib; Scala Native has real FileChannel/FileLock (its SOCKET channels are a separate rule)
9a32faf60dce	portability(all)	java.nio.channels.FileChannel$MapMode	sge.files.FileHandle#map	../../../../../libgdx/gdx/src/com/badlogic/gdx/files/FileHandle.java	269	TermRef — the java.nio.channels package does not exist in the Scala.js javalib; Scala Native has real FileChannel/FileLock (its SOCKET channels are a separate rule)
9a32faf60dce/2	portability(all)	java.nio.channels.FileChannel$MapMode	sge.files.FileHandle#map	../../../../../libgdx/gdx/src/com/badlogic/gdx/files/FileHandle.java	280	TermRef — the java.nio.channels package does not exist in the Scala.js javalib; Scala Native has real FileChannel/FileLock (its SOCKET channels are a separate rule)
5a028c427438	portability(all)	java.text.MessageFormat	sge.utils.TextFormatter#<init>	../../../../../libgdx/gdx/src/com/badlogic/gdx/utils/TextFormatter.java	32	Instantiate — no implementation anywhere surveyed — not in either core javalib, not in the locales artifact. The only path is a hand-written shim over the format subset one library actually uses, which is §1(c) knowledge about that library
7e496dc73ff1	portability(all)	java.text.MessageFormat	sge.utils.TextFormatter#messageFormat	../../../../../libgdx/gdx/src/com/badlogic/gdx/utils/TextFormatter.java	27	MemberType — no implementation anywhere surveyed — not in either core javalib, not in the locales artifact. The only path is a hand-written shim over the format subset one library actually uses, which is §1(c) knowledge about that library
c275b8624d5a	portability(all)	java.util.concurrent.Callable	sge.utils.async.AsyncExecutor#submit	../../../../../libgdx/gdx/src/com/badlogic/gdx/utils/async/AsyncExecutor.java	61	Tycon — Scala.js is single-threaded and ships no ExecutorService family — the reference port's answer is one concurrency trait with a per-backend implementation; Scala Native has the JSR-166 ports for real
5fb2f7264a0f	portability(all)	java.util.concurrent.CountDownLatch	latch	com/kotcrab/vis/ui/util/async/AsyncTask.java	126	Instantiate — Scala.js is single-threaded and ships no ExecutorService family — the reference port's answer is one concurrency trait with a per-backend implementation; Scala Native has the JSR-166 ports for real
c68473a99e7b	portability(all)	java.util.concurrent.CountDownLatch	latch	com/kotcrab/vis/ui/util/async/AsyncTask.java	126	MemberType — Scala.js is single-threaded and ships no ExecutorService family — the reference port's answer is one concurrency trait with a per-backend implementation; Scala Native has the JSR-166 ports for real
8acbcb314fc6	portability(all)	java.util.concurrent.ExecutionException	ex	../../../../../libgdx/gdx/src/com/badlogic/gdx/utils/async/AsyncResult.java	45	MemberType — Scala.js is single-threaded and ships no ExecutorService family — the reference port's answer is one concurrency trait with a per-backend implementation; Scala Native has the JSR-166 ports for real
b38c49f6e828	portability(all)	java.util.concurrent.ExecutorService	sge.utils.async.AsyncExecutor#executor	../../../../../libgdx/gdx/src/com/badlogic/gdx/utils/async/AsyncExecutor.java	33	MemberType — Scala.js is single-threaded and ships no ExecutorService family — the reference port's answer is one concurrency trait with a per-backend implementation; Scala Native has the JSR-166 ports for real
e90a31f51dad	portability(all)	java.util.concurrent.ExecutorService	sge.visui.widget.file.FileChooser#listDirExecutor	com/kotcrab/vis/ui/widget/file/FileChooser.java	102	MemberType — Scala.js is single-threaded and ships no ExecutorService family — the reference port's answer is one concurrency trait with a per-backend implementation; Scala Native has the JSR-166 ports for real
0c76a3c03d49	portability(all)	java.util.concurrent.ExecutorService	sge.visui.widget.file.internal.DirsSuggestionPopup#listDirExecutor	com/kotcrab/vis/ui/widget/file/internal/DirsSuggestionPopup.java	38	MemberType — Scala.js is single-threaded and ships no ExecutorService family — the reference port's answer is one concurrency trait with a per-backend implementation; Scala Native has the JSR-166 ports for real
4f8a3d3ca5fd	portability(all)	java.util.concurrent.ExecutorService	sge.visui.widget.file.internal.DriveCheckerService#pool	com/kotcrab/vis/ui/widget/file/internal/DriveCheckerService.java	36	MemberType — Scala.js is single-threaded and ships no ExecutorService family — the reference port's answer is one concurrency trait with a per-backend implementation; Scala Native has the JSR-166 ports for real
67ea804a7899	portability(all)	java.util.concurrent.ExecutorService	sge.visui.widget.file.internal.FileChooserWinService#pool	com/kotcrab/vis/ui/widget/file/internal/FileChooserWinService.java	44	MemberType — Scala.js is single-threaded and ships no ExecutorService family — the reference port's answer is one concurrency trait with a per-backend implementation; Scala Native has the JSR-166 ports for real
fb7cea7f6ba3	portability(all)	java.util.concurrent.Executors	sge.utils.async.AsyncExecutor#<init>	../../../../../libgdx/gdx/src/com/badlogic/gdx/utils/async/AsyncExecutor.java	44	TermRef — Scala.js is single-threaded and ships no ExecutorService family — the reference port's answer is one concurrency trait with a per-backend implementation; Scala Native has the JSR-166 ports for real
fb519b1163d7	portability(all)	java.util.concurrent.Executors	sge.visui.widget.file.FileChooser#listDirExecutor	com/kotcrab/vis/ui/widget/file/FileChooser.java	102	TermRef — Scala.js is single-threaded and ships no ExecutorService family — the reference port's answer is one concurrency trait with a per-backend implementation; Scala Native has the JSR-166 ports for real
312db0def9e4	portability(all)	java.util.concurrent.Executors	sge.visui.widget.file.internal.DirsSuggestionPopup#listDirExecutor	com/kotcrab/vis/ui/widget/file/internal/DirsSuggestionPopup.java	38	TermRef — Scala.js is single-threaded and ships no ExecutorService family — the reference port's answer is one concurrency trait with a per-backend implementation; Scala Native has the JSR-166 ports for real
b09f5ebe7d2b	portability(all)	java.util.concurrent.Executors	sge.visui.widget.file.internal.DriveCheckerService#<init>	com/kotcrab/vis/ui/widget/file/internal/DriveCheckerService.java	50	TermRef — Scala.js is single-threaded and ships no ExecutorService family — the reference port's answer is one concurrency trait with a per-backend implementation; Scala Native has the JSR-166 ports for real
7ea135310c21	portability(all)	java.util.concurrent.Executors	sge.visui.widget.file.internal.FileChooserWinService#<init>	com/kotcrab/vis/ui/widget/file/internal/FileChooserWinService.java	58	TermRef — Scala.js is single-threaded and ships no ExecutorService family — the reference port's answer is one concurrency trait with a per-backend implementation; Scala Native has the JSR-166 ports for real
5ceb76a6a91c	portability(all)	java.util.concurrent.Executors	thread	com/kotcrab/vis/ui/widget/file/internal/ServiceThreadFactory.java	35	TermRef — Scala.js is single-threaded and ships no ExecutorService family — the reference port's answer is one concurrency trait with a per-backend implementation; Scala Native has the JSR-166 ports for real
1cd010378657	portability(all)	java.util.concurrent.Future	@1228#<init>(java.util.concurrent.Future)#future	../../../../../libgdx/gdx/src/com/badlogic/gdx/utils/async/AsyncResult.java	29	Tycon — Scala.js is single-threaded and ships no ExecutorService family — the reference port's answer is one concurrency trait with a per-backend implementation; Scala Native has the JSR-166 ports for real
5f6d3acb80a2	portability(all)	java.util.concurrent.Future	sge.net.NetJavaImpl#<init>	../../../../../libgdx/gdx/src/com/badlogic/gdx/net/NetJavaImpl.java	152	Tycon — Scala.js is single-threaded and ships no ExecutorService family — the reference port's answer is one concurrency trait with a per-backend implementation; Scala Native has the JSR-166 ports for real
f697547cf5be	portability(all)	java.util.concurrent.Future	sge.net.NetJavaImpl#tasks	../../../../../libgdx/gdx/src/com/badlogic/gdx/net/NetJavaImpl.java	130	Tycon — Scala.js is single-threaded and ships no ExecutorService family — the reference port's answer is one concurrency trait with a per-backend implementation; Scala Native has the JSR-166 ports for real
d80d9098af52	portability(all)	java.util.concurrent.Future	sge.utils.async.AsyncResult#future	../../../../../libgdx/gdx/src/com/badlogic/gdx/utils/async/AsyncResult.java	27	Tycon — Scala.js is single-threaded and ships no ExecutorService family — the reference port's answer is one concurrency trait with a per-backend implementation; Scala Native has the JSR-166 ports for real
fa7b06937c16	portability(all)	java.util.concurrent.Future	sge.visui.widget.file.FileChooser#listDirFuture	com/kotcrab/vis/ui/widget/file/FileChooser.java	103	Tycon — Scala.js is single-threaded and ships no ExecutorService family — the reference port's answer is one concurrency trait with a per-backend implementation; Scala Native has the JSR-166 ports for real
e690cb07b668	portability(all)	java.util.concurrent.Future	sge.visui.widget.file.internal.DirsSuggestionPopup#listDirFuture	com/kotcrab/vis/ui/widget/file/internal/DirsSuggestionPopup.java	39	Tycon — Scala.js is single-threaded and ships no ExecutorService family — the reference port's answer is one concurrency trait with a per-backend implementation; Scala Native has the JSR-166 ports for real
fd915842dde4	portability(all)	java.util.concurrent.Future	task	../../../../../libgdx/gdx/src/com/badlogic/gdx/net/NetJavaImpl.java	271	Tycon — Scala.js is single-threaded and ships no ExecutorService family — the reference port's answer is one concurrency trait with a per-backend implementation; Scala Native has the JSR-166 ports for real
1958fc861f4a	portability(all)	java.util.concurrent.LinkedBlockingQueue	sge.net.NetJavaImpl#<init>	../../../../../libgdx/gdx/src/com/badlogic/gdx/net/NetJavaImpl.java	139	Tycon — Scala.js is single-threaded and ships no ExecutorService family — the reference port's answer is one concurrency trait with a per-backend implementation; Scala Native has the JSR-166 ports for real
2a516769dcea	portability(all)	java.util.concurrent.SynchronousQueue	sge.net.NetJavaImpl#<init>	../../../../../libgdx/gdx/src/com/badlogic/gdx/net/NetJavaImpl.java	139	Tycon — Scala.js is single-threaded and ships no ExecutorService family — the reference port's answer is one concurrency trait with a per-backend implementation; Scala Native has the JSR-166 ports for real
741c1cce3414	portability(all)	java.util.concurrent.ThreadFactory	sge.net.NetJavaImpl#<init>	../../../../../libgdx/gdx/src/com/badlogic/gdx/net/NetJavaImpl.java	139	Instantiate — Scala.js is single-threaded and ships no ExecutorService family — the reference port's answer is one concurrency trait with a per-backend implementation; Scala Native has the JSR-166 ports for real
303a76eb15d3	portability(all)	java.util.concurrent.ThreadFactory	sge.utils.async.AsyncExecutor#<init>	../../../../../libgdx/gdx/src/com/badlogic/gdx/utils/async/AsyncExecutor.java	44	TypeRefPos — Scala.js is single-threaded and ships no ExecutorService family — the reference port's answer is one concurrency trait with a per-backend implementation; Scala Native has the JSR-166 ports for real
51f0b55aa560	portability(all)	java.util.concurrent.ThreadFactory	sge.visui.widget.file.internal.ServiceThreadFactory	com/kotcrab/vis/ui/widget/file/internal/ServiceThreadFactory.java	24	Extends — Scala.js is single-threaded and ships no ExecutorService family — the reference port's answer is one concurrency trait with a per-backend implementation; Scala Native has the JSR-166 ports for real
477041fccae0	portability(all)	java.util.concurrent.ThreadPoolExecutor	sge.net.NetJavaImpl#<init>	../../../../../libgdx/gdx/src/com/badlogic/gdx/net/NetJavaImpl.java	138	Instantiate — Scala.js is single-threaded and ships no ExecutorService family — the reference port's answer is one concurrency trait with a per-backend implementation; Scala Native has the JSR-166 ports for real
f19a2ac93250	portability(all)	java.util.concurrent.ThreadPoolExecutor	sge.net.NetJavaImpl#executorService	../../../../../libgdx/gdx/src/com/badlogic/gdx/net/NetJavaImpl.java	127	MemberType — Scala.js is single-threaded and ships no ExecutorService family — the reference port's answer is one concurrency trait with a per-backend implementation; Scala Native has the JSR-166 ports for real
a5f246d8ea8a	portability(all)	java.util.concurrent.TimeUnit	sge.net.NetJavaImpl#<init>	../../../../../libgdx/gdx/src/com/badlogic/gdx/net/NetJavaImpl.java	138	TermRef — Scala.js is single-threaded and ships no ExecutorService family — the reference port's answer is one concurrency trait with a per-backend implementation; Scala Native has the JSR-166 ports for real
00cebbd6de6d	portability(all)	java.util.concurrent.TimeUnit	sge.utils.async.AsyncExecutor#close	../../../../../libgdx/gdx/src/com/badlogic/gdx/utils/async/AsyncExecutor.java	75	TermRef — Scala.js is single-threaded and ships no ExecutorService family — the reference port's answer is one concurrency trait with a per-backend implementation; Scala Native has the JSR-166 ports for real
4d210dddcda1	portability(all)	java.util.concurrent.atomic.AtomicBoolean	sge.visui.widget.file.FileChooser#sortingOrderAscending	com/kotcrab/vis/ui/widget/file/FileChooser.java	90	Instantiate — Scala.js is single-threaded and ships no ExecutorService family — the reference port's answer is one concurrency trait with a per-backend implementation; Scala Native has the JSR-166 ports for real
94fa6e0178fd	portability(all)	java.util.concurrent.atomic.AtomicBoolean	sge.visui.widget.file.FileChooser#sortingOrderAscending	com/kotcrab/vis/ui/widget/file/FileChooser.java	90	MemberType — Scala.js is single-threaded and ships no ExecutorService family — the reference port's answer is one concurrency trait with a per-backend implementation; Scala Native has the JSR-166 ports for real
30687c53065f	portability(all)	java.util.concurrent.atomic.AtomicInteger	sge.net.NetJavaImpl$87#threadID	../../../../../libgdx/gdx/src/com/badlogic/gdx/net/NetJavaImpl.java	140	Instantiate — Scala.js is single-threaded and ships no ExecutorService family — the reference port's answer is one concurrency trait with a per-backend implementation; Scala Native has the JSR-166 ports for real
03b46c809351	portability(all)	java.util.concurrent.atomic.AtomicInteger	sge.net.NetJavaImpl$87#threadID	../../../../../libgdx/gdx/src/com/badlogic/gdx/net/NetJavaImpl.java	140	MemberType — Scala.js is single-threaded and ships no ExecutorService family — the reference port's answer is one concurrency trait with a per-backend implementation; Scala Native has the JSR-166 ports for real
dbc899bdeac3	portability(all)	java.util.concurrent.atomic.AtomicInteger	sge.utils.AtomicQueue#readIndex	../../../../../libgdx/gdx/src/com/badlogic/gdx/utils/AtomicQueue.java	33	Instantiate — Scala.js is single-threaded and ships no ExecutorService family — the reference port's answer is one concurrency trait with a per-backend implementation; Scala Native has the JSR-166 ports for real
320efdc96254	portability(all)	java.util.concurrent.atomic.AtomicInteger	sge.utils.AtomicQueue#readIndex	../../../../../libgdx/gdx/src/com/badlogic/gdx/utils/AtomicQueue.java	33	MemberType — Scala.js is single-threaded and ships no ExecutorService family — the reference port's answer is one concurrency trait with a per-backend implementation; Scala Native has the JSR-166 ports for real
8828ee7e8d29	portability(all)	java.util.concurrent.atomic.AtomicInteger	sge.utils.AtomicQueue#writeIndex	../../../../../libgdx/gdx/src/com/badlogic/gdx/utils/AtomicQueue.java	32	Instantiate — Scala.js is single-threaded and ships no ExecutorService family — the reference port's answer is one concurrency trait with a per-backend implementation; Scala Native has the JSR-166 ports for real
b403d3bfc11d	portability(all)	java.util.concurrent.atomic.AtomicInteger	sge.utils.AtomicQueue#writeIndex	../../../../../libgdx/gdx/src/com/badlogic/gdx/utils/AtomicQueue.java	32	MemberType — Scala.js is single-threaded and ships no ExecutorService family — the reference port's answer is one concurrency trait with a per-backend implementation; Scala Native has the JSR-166 ports for real
4fdbd0187a3e	portability(all)	java.util.concurrent.atomic.AtomicLong	sge.visui.widget.file.internal.ServiceThreadFactory#count	com/kotcrab/vis/ui/widget/file/internal/ServiceThreadFactory.java	25	Instantiate — Scala.js is single-threaded and ships no ExecutorService family — the reference port's answer is one concurrency trait with a per-backend implementation; Scala Native has the JSR-166 ports for real
d19e4d08475d	portability(all)	java.util.concurrent.atomic.AtomicLong	sge.visui.widget.file.internal.ServiceThreadFactory#count	com/kotcrab/vis/ui/widget/file/internal/ServiceThreadFactory.java	25	MemberType — Scala.js is single-threaded and ships no ExecutorService family — the reference port's answer is one concurrency trait with a per-backend implementation; Scala Native has the JSR-166 ports for real
197a3b02eef8	portability(all)	java.util.concurrent.atomic.AtomicReference	exceptionAt	com/kotcrab/vis/ui/util/async/AsyncTask.java	128	Tycon — Scala.js is single-threaded and ships no ExecutorService family — the reference port's answer is one concurrency trait with a per-backend implementation; Scala Native has the JSR-166 ports for real
197a3b02eef8/2	portability(all)	java.util.concurrent.atomic.AtomicReference	exceptionAt	com/kotcrab/vis/ui/util/async/AsyncTask.java	128	Tycon — Scala.js is single-threaded and ships no ExecutorService family — the reference port's answer is one concurrency trait with a per-backend implementation; Scala Native has the JSR-166 ports for real
4ad41e0f8b2c	portability(all)	java.util.concurrent.atomic.AtomicReference	sge.visui.widget.file.FileChooser#sorting	com/kotcrab/vis/ui/widget/file/FileChooser.java	89	Tycon — Scala.js is single-threaded and ships no ExecutorService family — the reference port's answer is one concurrency trait with a per-backend implementation; Scala Native has the JSR-166 ports for real
4ad41e0f8b2c/2	portability(all)	java.util.concurrent.atomic.AtomicReference	sge.visui.widget.file.FileChooser#sorting	com/kotcrab/vis/ui/widget/file/FileChooser.java	89	Tycon — Scala.js is single-threaded and ships no ExecutorService family — the reference port's answer is one concurrency trait with a per-backend implementation; Scala Native has the JSR-166 ports for real
1384af54774e	portability(all)	java.util.concurrent.atomic.AtomicReferenceArray	sge.utils.AtomicQueue#<init>	../../../../../libgdx/gdx/src/com/badlogic/gdx/utils/AtomicQueue.java	37	Tycon — Scala.js is single-threaded and ships no ExecutorService family — the reference port's answer is one concurrency trait with a per-backend implementation; Scala Native has the JSR-166 ports for real
1384af54774e/2	portability(all)	java.util.concurrent.atomic.AtomicReferenceArray	sge.utils.AtomicQueue#<init>	../../../../../libgdx/gdx/src/com/badlogic/gdx/utils/AtomicQueue.java	37	Tycon — Scala.js is single-threaded and ships no ExecutorService family — the reference port's answer is one concurrency trait with a per-backend implementation; Scala Native has the JSR-166 ports for real
78106338806d	portability(all)	java.util.concurrent.atomic.AtomicReferenceArray	sge.utils.AtomicQueue#queue	../../../../../libgdx/gdx/src/com/badlogic/gdx/utils/AtomicQueue.java	34	Tycon — Scala.js is single-threaded and ships no ExecutorService family — the reference port's answer is one concurrency trait with a per-backend implementation; Scala Native has the JSR-166 ports for real
27c342a61d74	portability(all)	java.util.zip.CRC32	@6470#<init>(java.io.ByteArrayOutputStream,java.util.zip.CRC32)#crc	../../../../../libgdx/gdx/src/com/badlogic/gdx/graphics/PixmapIO.java	333	MemberType — no zlib in a browser without a JS dependency; Scala Native implements the family and recently bug-fixed it for UTF-8
58b672076d8e	portability(all)	java.util.zip.CRC32	sge.graphics.PixmapIO$PNG$ChunkBuffer#<init>	../../../../../libgdx/gdx/src/com/badlogic/gdx/graphics/PixmapIO.java	330	Instantiate — no zlib in a browser without a JS dependency; Scala Native implements the family and recently bug-fixed it for UTF-8
047021ce2f6f	portability(all)	java.util.zip.CRC32	sge.graphics.PixmapIO$PNG$ChunkBuffer#crc	../../../../../libgdx/gdx/src/com/badlogic/gdx/graphics/PixmapIO.java	327	MemberType — no zlib in a browser without a JS dependency; Scala Native implements the family and recently bug-fixed it for UTF-8
d401eeaee290	portability(all)	java.util.zip.CheckedOutputStream	sge.graphics.PixmapIO$PNG$ChunkBuffer#<init>	../../../../../libgdx/gdx/src/com/badlogic/gdx/graphics/PixmapIO.java	334	Instantiate — no zlib in a browser without a JS dependency; Scala Native implements the family and recently bug-fixed it for UTF-8
0c08124e4f94	portability(all)	java.util.zip.Deflater	sge.graphics.PixmapIO#writePNG	../../../../../libgdx/gdx/src/com/badlogic/gdx/graphics/PixmapIO.java	80	TermRef — no zlib in a browser without a JS dependency; Scala Native implements the family and recently bug-fixed it for UTF-8
4b951bebbbca	portability(all)	java.util.zip.Deflater	sge.graphics.PixmapIO$PNG#<init>	../../../../../libgdx/gdx/src/com/badlogic/gdx/graphics/PixmapIO.java	205	Instantiate — no zlib in a browser without a JS dependency; Scala Native implements the family and recently bug-fixed it for UTF-8
c5a3ee633514	portability(all)	java.util.zip.Deflater	sge.graphics.PixmapIO$PNG#deflater	../../../../../libgdx/gdx/src/com/badlogic/gdx/graphics/PixmapIO.java	194	MemberType — no zlib in a browser without a JS dependency; Scala Native implements the family and recently bug-fixed it for UTF-8
47186d490669	portability(all)	java.util.zip.DeflaterOutputStream	deflaterOutput	../../../../../libgdx/gdx/src/com/badlogic/gdx/graphics/PixmapIO.java	229	Instantiate — no zlib in a browser without a JS dependency; Scala Native implements the family and recently bug-fixed it for UTF-8
607fc6e6466c	portability(all)	java.util.zip.DeflaterOutputStream	deflaterOutput	../../../../../libgdx/gdx/src/com/badlogic/gdx/graphics/PixmapIO.java	229	MemberType — no zlib in a browser without a JS dependency; Scala Native implements the family and recently bug-fixed it for UTF-8
659b84c31099	portability(all)	java.util.zip.DeflaterOutputStream	deflaterOutputStream	../../../../../libgdx/gdx/src/com/badlogic/gdx/graphics/PixmapIO.java	93	Instantiate — no zlib in a browser without a JS dependency; Scala Native implements the family and recently bug-fixed it for UTF-8
87a9ffb0aa7f	portability(all)	java.util.zip.DeflaterOutputStream	deflaterOutputStream	../../../../../libgdx/gdx/src/com/badlogic/gdx/graphics/PixmapIO.java	93	MemberType — no zlib in a browser without a JS dependency; Scala Native implements the family and recently bug-fixed it for UTF-8
2147f03cc313	portability(all)	java.util.zip.GZIPInputStream	sge.graphics.glutils.ETC1$ETC1Data#<init>	../../../../../libgdx/gdx/src/com/badlogic/gdx/graphics/glutils/ETC1.java	67	Instantiate — no zlib in a browser without a JS dependency; Scala Native implements the family and recently bug-fixed it for UTF-8
1de6731147af	portability(all)	java.util.zip.GZIPInputStream	sge.graphics.glutils.KTXTextureData#prepare	../../../../../libgdx/gdx/src/com/badlogic/gdx/graphics/glutils/KTXTextureData.java	82	Instantiate — no zlib in a browser without a JS dependency; Scala Native implements the family and recently bug-fixed it for UTF-8
f66c28631668	portability(all)	java.util.zip.GZIPInputStream	sge.maps.tiled.BaseTmjMapLoader#getTileIds	../../../../../libgdx/gdx/src/com/badlogic/gdx/maps/tiled/BaseTmjMapLoader.java	657	Instantiate — no zlib in a browser without a JS dependency; Scala Native implements the family and recently bug-fixed it for UTF-8
cf52d5b9d592	portability(all)	java.util.zip.GZIPInputStream	sge.maps.tiled.BaseTmxMapLoader#getTileIds	../../../../../libgdx/gdx/src/com/badlogic/gdx/maps/tiled/BaseTmxMapLoader.java	703	Instantiate — no zlib in a browser without a JS dependency; Scala Native implements the family and recently bug-fixed it for UTF-8
b28819d111e3	portability(all)	java.util.zip.GZIPOutputStream	sge.graphics.glutils.ETC1$ETC1Data#write	../../../../../libgdx/gdx/src/com/badlogic/gdx/graphics/glutils/ETC1.java	109	Instantiate — no zlib in a browser without a JS dependency; Scala Native implements the family and recently bug-fixed it for UTF-8
6482cb6cc967	portability(all)	java.util.zip.InflaterInputStream	sge.graphics.PixmapIO$CIM#read	../../../../../libgdx/gdx/src/com/badlogic/gdx/graphics/PixmapIO.java	129	Instantiate — no zlib in a browser without a JS dependency; Scala Native implements the family and recently bug-fixed it for UTF-8
600f85b88a88	portability(all)	java.util.zip.InflaterInputStream	sge.maps.tiled.BaseTmjMapLoader#getTileIds	../../../../../libgdx/gdx/src/com/badlogic/gdx/maps/tiled/BaseTmjMapLoader.java	659	Instantiate — no zlib in a browser without a JS dependency; Scala Native implements the family and recently bug-fixed it for UTF-8
471114dd5072	portability(all)	java.util.zip.InflaterInputStream	sge.maps.tiled.BaseTmxMapLoader#getTileIds	../../../../../libgdx/gdx/src/com/badlogic/gdx/maps/tiled/BaseTmxMapLoader.java	705	Instantiate — no zlib in a browser without a JS dependency; Scala Native implements the family and recently bug-fixed it for UTF-8
8f3a2281ece2	portability(emitted)	java.lang.Class#forName	desktopClass	com/kotcrab/vis/ui/widget/file/FileUtils.java	171	Call — runtime class lookup by name is JVM-only
268cd7e44031	portability(emitted)	java.lang.Class#forName	shellFolderClass	com/kotcrab/vis/ui/widget/file/internal/FileChooserWinService.java	61	Call — runtime class lookup by name is JVM-only
41a8e83069a5	portability(emitted)	java.lang.Class#getMethod	desktop	com/kotcrab/vis/ui/widget/file/FileUtils.java	172	Call — reflective member access is JVM-only
fd358aba1672	portability(emitted)	java.lang.Class#getMethod	sge.visui.widget.file.FileUtils#showDirInExplorer	com/kotcrab/vis/ui/widget/file/FileUtils.java	175	Call — reflective member access is JVM-only
fd358aba1672/2	portability(emitted)	java.lang.Class#getMethod	sge.visui.widget.file.FileUtils#showDirInExplorer	com/kotcrab/vis/ui/widget/file/FileUtils.java	183	Call — reflective member access is JVM-only
86c69483a3a7	portability(emitted)	java.lang.Class#getMethod	sge.visui.widget.file.internal.FileChooserWinService#<init>	com/kotcrab/vis/ui/widget/file/internal/FileChooserWinService.java	62	Call — reflective member access is JVM-only
86c69483a3a7/2	portability(emitted)	java.lang.Class#getMethod	sge.visui.widget.file.internal.FileChooserWinService#<init>	com/kotcrab/vis/ui/widget/file/internal/FileChooserWinService.java	63	Call — reflective member access is JVM-only
58e05d1b456e	portability(emitted)	java.lang.System#getProperty	sge.visui.util.OsUtils#OS	com/kotcrab/vis/ui/util/OsUtils.java	29	Call — Scala.js answers getProperty from a LINK-TIME-configured properties table, never the live host's — it works, with values the build decides, which is a caveat to read rather than a call to remove; Scala Native has the real thing
c3a7f15d1fec	portability(emitted)	java.lang.System#getProperty	sge.visui.widget.file.FileChooser#getDefaultStartingDirectory	com/kotcrab/vis/ui/widget/file/FileChooser.java	1200	Call — Scala.js answers getProperty from a LINK-TIME-configured properties table, never the live host's — it works, with values the build decides, which is a caveat to read rather than a call to remove; Scala Native has the real thing
f8fd313937a7	portability(emitted)	java.lang.System#getProperty	userHome	com/kotcrab/vis/ui/widget/file/FileChooser.java	625	Call — Scala.js answers getProperty from a LINK-TIME-configured properties table, never the live host's — it works, with values the build decides, which is a caveat to read rather than a call to remove; Scala Native has the real thing
0ea4da88288d	portability(emitted)	java.lang.System#getProperty	userName	com/kotcrab/vis/ui/widget/file/FileChooser.java	626	Call — Scala.js answers getProperty from a LINK-TIME-configured properties table, never the live host's — it works, with values the build decides, which is a caveat to read rather than a call to remove; Scala Native has the real thing
9cadfa6f51ee	portability(emitted)	java.lang.Thread	sge.visui.util.async.AsyncTask#execute	com/kotcrab/vis/ui/util/async/AsyncTask.java	47	Instantiate — Scala.js's Thread is a private-constructor singleton — getId is hardcoded, run() is empty and currentThread() is always the same instance, so `new Thread(r)` does not even compile there; Scala Native has real OS threads
65133630bcf9	portability(emitted)	java.lang.Thread	sge.visui.widget.file.FileChooser#fileWatcherThread	com/kotcrab/vis/ui/widget/file/FileChooser.java	127	MemberType — Scala.js's Thread is a private-constructor singleton — getId is hardcoded, run() is empty and currentThread() is always the same instance, so `new Thread(r)` does not even compile there; Scala Native has real OS threads
57f381e1f10d	portability(emitted)	java.lang.Thread	sge.visui.widget.file.FileChooser#rebuildFileList	com/kotcrab/vis/ui/widget/file/FileChooser.java	906	TermRef — Scala.js's Thread is a private-constructor singleton — getId is hardcoded, run() is empty and currentThread() is always the same instance, so `new Thread(r)` does not even compile there; Scala Native has real OS threads
57f381e1f10d/2	portability(emitted)	java.lang.Thread	sge.visui.widget.file.FileChooser#rebuildFileList	com/kotcrab/vis/ui/widget/file/FileChooser.java	912	TermRef — Scala.js's Thread is a private-constructor singleton — getId is hardcoded, run() is empty and currentThread() is always the same instance, so `new Thread(r)` does not even compile there; Scala Native has real OS threads
ac2655759e73	portability(emitted)	java.lang.Thread	sge.visui.widget.file.FileChooser#startFileWatcher	com/kotcrab/vis/ui/widget/file/FileChooser.java	1448	Instantiate — Scala.js's Thread is a private-constructor singleton — getId is hardcoded, run() is empty and currentThread() is always the same instance, so `new Thread(r)` does not even compile there; Scala Native has real OS threads
aefbd637a8f1	portability(emitted)	java.lang.Thread	sge.visui.widget.file.FileChooser$250#run	com/kotcrab/vis/ui/widget/file/FileChooser.java	1484	TermRef — Scala.js's Thread is a private-constructor singleton — getId is hardcoded, run() is empty and currentThread() is always the same instance, so `new Thread(r)` does not even compile there; Scala Native has real OS threads
b55cbdcb7665	portability(emitted)	java.lang.Thread	sge.visui.widget.file.internal.DirsSuggestionPopup#createDirSuggestions	com/kotcrab/vis/ui/widget/file/internal/DirsSuggestionPopup.java	75	TermRef — Scala.js's Thread is a private-constructor singleton — getId is hardcoded, run() is empty and currentThread() is always the same instance, so `new Thread(r)` does not even compile there; Scala Native has real OS threads
834a0bf65d13	portability(emitted)	java.lang.Thread	sge.visui.widget.file.internal.ServiceThreadFactory#newThread	com/kotcrab/vis/ui/widget/file/internal/ServiceThreadFactory.java	34	MemberType — Scala.js's Thread is a private-constructor singleton — getId is hardcoded, run() is empty and currentThread() is always the same instance, so `new Thread(r)` does not even compile there; Scala Native has real OS threads
9ba2c517ebb6	portability(emitted)	java.lang.Thread	thread	com/kotcrab/vis/ui/widget/file/internal/ServiceThreadFactory.java	35	MemberType — Scala.js's Thread is a private-constructor singleton — getId is hardcoded, run() is empty and currentThread() is always the same instance, so `new Thread(r)` does not even compile there; Scala Native has real OS threads
3f5a0cdd4a0a	portability(emitted)	java.lang.reflect.InvocationTargetException	e	com/kotcrab/vis/ui/widget/file/FileUtils.java	176	MemberType — runtime reflection does not exist on Scala.js / Native
38e38e995b4e	portability(emitted)	java.lang.reflect.InvocationTargetException	e	com/kotcrab/vis/ui/widget/file/internal/FileChooserWinService.java	126	MemberType — runtime reflection does not exist on Scala.js / Native
982d9ad10942	portability(emitted)	java.lang.reflect.InvocationTargetException	sge.visui.widget.file.FileUtils#showDirInExplorer	com/kotcrab/vis/ui/widget/file/FileUtils.java	180	TypeRefPos — runtime reflection does not exist on Scala.js / Native
80797ffc952e	portability(emitted)	java.lang.reflect.Method	sge.visui.widget.file.internal.FileChooserWinService#getShellFolderDisplayNameMethod	com/kotcrab/vis/ui/widget/file/internal/FileChooserWinService.java	48	MemberType — runtime reflection does not exist on Scala.js / Native
4b6e89cd1569	portability(emitted)	java.lang.reflect.Method	sge.visui.widget.file.internal.FileChooserWinService#getShellFolderMethod	com/kotcrab/vis/ui/widget/file/internal/FileChooserWinService.java	47	MemberType — runtime reflection does not exist on Scala.js / Native
6f7ea7a73b53	portability(emitted)	java.util.concurrent.CountDownLatch	latch	com/kotcrab/vis/ui/util/async/AsyncTask.java	126	Instantiate — Scala.js is single-threaded and ships no ExecutorService family — the reference port's answer is one concurrency trait with a per-backend implementation; Scala Native has the JSR-166 ports for real
1bc85c12f009	portability(emitted)	java.util.concurrent.CountDownLatch	latch	com/kotcrab/vis/ui/util/async/AsyncTask.java	126	MemberType — Scala.js is single-threaded and ships no ExecutorService family — the reference port's answer is one concurrency trait with a per-backend implementation; Scala Native has the JSR-166 ports for real
7401467b4570	portability(emitted)	java.util.concurrent.ExecutorService	sge.visui.widget.file.FileChooser#listDirExecutor	com/kotcrab/vis/ui/widget/file/FileChooser.java	102	MemberType — Scala.js is single-threaded and ships no ExecutorService family — the reference port's answer is one concurrency trait with a per-backend implementation; Scala Native has the JSR-166 ports for real
b91fbee41705	portability(emitted)	java.util.concurrent.ExecutorService	sge.visui.widget.file.internal.DirsSuggestionPopup#listDirExecutor	com/kotcrab/vis/ui/widget/file/internal/DirsSuggestionPopup.java	38	MemberType — Scala.js is single-threaded and ships no ExecutorService family — the reference port's answer is one concurrency trait with a per-backend implementation; Scala Native has the JSR-166 ports for real
a560a95797de	portability(emitted)	java.util.concurrent.ExecutorService	sge.visui.widget.file.internal.DriveCheckerService#pool	com/kotcrab/vis/ui/widget/file/internal/DriveCheckerService.java	36	MemberType — Scala.js is single-threaded and ships no ExecutorService family — the reference port's answer is one concurrency trait with a per-backend implementation; Scala Native has the JSR-166 ports for real
ad145cee7c00	portability(emitted)	java.util.concurrent.ExecutorService	sge.visui.widget.file.internal.FileChooserWinService#pool	com/kotcrab/vis/ui/widget/file/internal/FileChooserWinService.java	44	MemberType — Scala.js is single-threaded and ships no ExecutorService family — the reference port's answer is one concurrency trait with a per-backend implementation; Scala Native has the JSR-166 ports for real
4fa9939085ce	portability(emitted)	java.util.concurrent.Executors	sge.visui.widget.file.FileChooser#listDirExecutor	com/kotcrab/vis/ui/widget/file/FileChooser.java	102	TermRef — Scala.js is single-threaded and ships no ExecutorService family — the reference port's answer is one concurrency trait with a per-backend implementation; Scala Native has the JSR-166 ports for real
b0662b65f94d	portability(emitted)	java.util.concurrent.Executors	sge.visui.widget.file.internal.DirsSuggestionPopup#listDirExecutor	com/kotcrab/vis/ui/widget/file/internal/DirsSuggestionPopup.java	38	TermRef — Scala.js is single-threaded and ships no ExecutorService family — the reference port's answer is one concurrency trait with a per-backend implementation; Scala Native has the JSR-166 ports for real
05f2b3e48553	portability(emitted)	java.util.concurrent.Executors	sge.visui.widget.file.internal.DriveCheckerService#<init>	com/kotcrab/vis/ui/widget/file/internal/DriveCheckerService.java	50	TermRef — Scala.js is single-threaded and ships no ExecutorService family — the reference port's answer is one concurrency trait with a per-backend implementation; Scala Native has the JSR-166 ports for real
870321b57452	portability(emitted)	java.util.concurrent.Executors	sge.visui.widget.file.internal.FileChooserWinService#<init>	com/kotcrab/vis/ui/widget/file/internal/FileChooserWinService.java	58	TermRef — Scala.js is single-threaded and ships no ExecutorService family — the reference port's answer is one concurrency trait with a per-backend implementation; Scala Native has the JSR-166 ports for real
2a71d89d60c0	portability(emitted)	java.util.concurrent.Executors	thread	com/kotcrab/vis/ui/widget/file/internal/ServiceThreadFactory.java	35	TermRef — Scala.js is single-threaded and ships no ExecutorService family — the reference port's answer is one concurrency trait with a per-backend implementation; Scala Native has the JSR-166 ports for real
f43d659f40e2	portability(emitted)	java.util.concurrent.Future	sge.visui.widget.file.FileChooser#listDirFuture	com/kotcrab/vis/ui/widget/file/FileChooser.java	103	Tycon — Scala.js is single-threaded and ships no ExecutorService family — the reference port's answer is one concurrency trait with a per-backend implementation; Scala Native has the JSR-166 ports for real
c3a3fa990f8a	portability(emitted)	java.util.concurrent.Future	sge.visui.widget.file.internal.DirsSuggestionPopup#listDirFuture	com/kotcrab/vis/ui/widget/file/internal/DirsSuggestionPopup.java	39	Tycon — Scala.js is single-threaded and ships no ExecutorService family — the reference port's answer is one concurrency trait with a per-backend implementation; Scala Native has the JSR-166 ports for real
700cce10b531	portability(emitted)	java.util.concurrent.ThreadFactory	sge.visui.widget.file.internal.ServiceThreadFactory	com/kotcrab/vis/ui/widget/file/internal/ServiceThreadFactory.java	24	Extends — Scala.js is single-threaded and ships no ExecutorService family — the reference port's answer is one concurrency trait with a per-backend implementation; Scala Native has the JSR-166 ports for real
d42c37fa7783	portability(emitted)	java.util.concurrent.atomic.AtomicBoolean	sge.visui.widget.file.FileChooser#sortingOrderAscending	com/kotcrab/vis/ui/widget/file/FileChooser.java	90	Instantiate — Scala.js is single-threaded and ships no ExecutorService family — the reference port's answer is one concurrency trait with a per-backend implementation; Scala Native has the JSR-166 ports for real
6babf5d2f570	portability(emitted)	java.util.concurrent.atomic.AtomicBoolean	sge.visui.widget.file.FileChooser#sortingOrderAscending	com/kotcrab/vis/ui/widget/file/FileChooser.java	90	MemberType — Scala.js is single-threaded and ships no ExecutorService family — the reference port's answer is one concurrency trait with a per-backend implementation; Scala Native has the JSR-166 ports for real
0c0873054f27	portability(emitted)	java.util.concurrent.atomic.AtomicLong	sge.visui.widget.file.internal.ServiceThreadFactory#count	com/kotcrab/vis/ui/widget/file/internal/ServiceThreadFactory.java	25	Instantiate — Scala.js is single-threaded and ships no ExecutorService family — the reference port's answer is one concurrency trait with a per-backend implementation; Scala Native has the JSR-166 ports for real
8d19118a779d	portability(emitted)	java.util.concurrent.atomic.AtomicLong	sge.visui.widget.file.internal.ServiceThreadFactory#count	com/kotcrab/vis/ui/widget/file/internal/ServiceThreadFactory.java	25	MemberType — Scala.js is single-threaded and ships no ExecutorService family — the reference port's answer is one concurrency trait with a per-backend implementation; Scala Native has the JSR-166 ports for real
18f97cb5f63c	portability(emitted)	java.util.concurrent.atomic.AtomicReference	exceptionAt	com/kotcrab/vis/ui/util/async/AsyncTask.java	128	Tycon — Scala.js is single-threaded and ships no ExecutorService family — the reference port's answer is one concurrency trait with a per-backend implementation; Scala Native has the JSR-166 ports for real
18f97cb5f63c/2	portability(emitted)	java.util.concurrent.atomic.AtomicReference	exceptionAt	com/kotcrab/vis/ui/util/async/AsyncTask.java	128	Tycon — Scala.js is single-threaded and ships no ExecutorService family — the reference port's answer is one concurrency trait with a per-backend implementation; Scala Native has the JSR-166 ports for real
c5fbe627a960	portability(emitted)	java.util.concurrent.atomic.AtomicReference	sge.visui.widget.file.FileChooser#sorting	com/kotcrab/vis/ui/widget/file/FileChooser.java	89	Tycon — Scala.js is single-threaded and ships no ExecutorService family — the reference port's answer is one concurrency trait with a per-backend implementation; Scala Native has the JSR-166 ports for real
c5fbe627a960/2	portability(emitted)	java.util.concurrent.atomic.AtomicReference	sge.visui.widget.file.FileChooser#sorting	com/kotcrab/vis/ui/widget/file/FileChooser.java	89	Tycon — Scala.js is single-threaded and ships no ExecutorService family — the reference port's answer is one concurrency trait with a per-backend implementation; Scala Native has the JSR-166 ports for real
538142657677	remediation	class-table	java.lang.Class#forName	-	0	observation — 2 direct site(s) of `java.lang.Class#forName` — NO SELECTABLE KEY: the redirect is keyed on a member this program DECLARES (both `ClassTableTransform(redirects)` and a `class-table` selection bind at `Ownership.Owned`), and `java.lang.Class#forName` is java's own, so a key naming it binds nowhere. Route these through one static wrapper this port declares and select at THAT, or hand-port each site ! no snippet, deliberately: a pasted `java.lang.Class#forName` key is `ExternalOnly` at both doors and costs its reader a cycle to disprove
951da2f0bf63	remediation	observation	java.lang.Class#getMethod	-	0	observation — 5 site(s) across 2 declared type(s): sge.visui.widget.file.FileUtils, sge.visui.widget.file.internal.FileChooserWinService — no single engine seam covers them; each site is its own decision (accept as JVM-only, drop the type, or hand-port it)
acab7535717c	remediation	observation	java.lang.System#getProperty	-	0	observation — 4 site(s) across 2 declared type(s): sge.visui.util.OsUtils, sge.visui.widget.file.FileChooser — no single engine seam covers them; each site is its own decision (accept as JVM-only, drop the type, or hand-port it)
a529f1710dfc	remediation	observation	java.lang.Thread	-	0	observation — 9 site(s) across 4 declared type(s): sge.visui.util.async.AsyncTask, sge.visui.widget.file.FileChooser, sge.visui.widget.file.internal.DirsSuggestionPopup, sge.visui.widget.file.internal.ServiceThreadFactory — no single engine seam covers them; each site is its own decision (accept as JVM-only, drop the type, or hand-port it)
a05097e777b6	remediation	observation	java.lang.reflect.InvocationTargetException	-	0	observation — 3 site(s) across 2 declared type(s): sge.visui.widget.file.FileUtils, sge.visui.widget.file.internal.FileChooserWinService — no single engine seam covers them; each site is its own decision (accept as JVM-only, drop the type, or hand-port it)
453c37ed6a57	remediation	observation	java.util.concurrent.ExecutorService	-	0	observation — 4 site(s) across 4 declared type(s): sge.visui.widget.file.FileChooser, sge.visui.widget.file.internal.DirsSuggestionPopup, sge.visui.widget.file.internal.DriveCheckerService, sge.visui.widget.file.internal.FileChooserWinService — no single engine seam covers them; each site is its own decision (accept as JVM-only, drop the type, or hand-port it)
3f80eb08662a	remediation	observation	java.util.concurrent.Executors	-	0	observation — 5 site(s) across 5 declared type(s): sge.visui.widget.file.FileChooser, sge.visui.widget.file.internal.DirsSuggestionPopup, sge.visui.widget.file.internal.DriveCheckerService, sge.visui.widget.file.internal.FileChooserWinService, … (5 total) — no single engine seam covers them; each site is its own decision (accept as JVM-only, drop the type, or hand-port it)
357f69197108	remediation	observation	java.util.concurrent.Future	-	0	observation — 2 site(s) across 2 declared type(s): sge.visui.widget.file.FileChooser, sge.visui.widget.file.internal.DirsSuggestionPopup — no single engine seam covers them; each site is its own decision (accept as JVM-only, drop the type, or hand-port it)
cf533196b72b	remediation	observation	java.util.concurrent.atomic.AtomicReference	-	0	observation — 4 site(s) across 2 declared type(s): sge.visui.util.async.AsyncTask, sge.visui.widget.file.FileChooser — no single engine seam covers them; each site is its own decision (accept as JVM-only, drop the type, or hand-port it)
865df812ed20	remediation	substitutions-drop	sge.visui.util.async.AsyncTask	-	0	Substitutions(dropTypes = Set("sge.visui.util.async.AsyncTask"), inject = List(<dir holding your replacement>))  ·  needs one value from you — all 2 site(s) of 1 JVM-only API(s) are inside this one declared type (java.util.concurrent.CountDownLatch); 2 other type(s) reference it (sge.visui.util.async.AsyncTaskProgressDialog, sge.visui.util.async.SteppedAsyncTask); 3 of its 17 member(s) touch the API — `Substitutions.dropMethods` on just those members is the smaller seam when nothing calls them ! the replacement must declare the SAME FQN, or every referring type stops compiling
964ae897a8df	remediation	substitutions-drop	sge.visui.widget.file.FileChooser	-	0	Substitutions(dropTypes = Set("sge.visui.widget.file.FileChooser"), inject = List(<dir holding your replacement>))  ·  needs one value from you — all 2 site(s) of 1 JVM-only API(s) are inside this one declared type (java.util.concurrent.atomic.AtomicBoolean); 6 other type(s) reference it (sge.visui.widget.file.internal.AbstractSuggestionPopup, sge.visui.widget.file.internal.DirsSuggestionPopup, sge.visui.widget.file.internal.FileListAdapter, …); 11 of its 170 member(s) touch the API — `Substitutions.dropMethods` on just those members is the smaller seam when nothing calls them ! the replacement must declare the SAME FQN, or every referring type stops compiling
37ce27632b09	remediation	substitutions-drop	sge.visui.widget.file.internal.FileChooserWinService	-	0	Substitutions(dropTypes = Set("sge.visui.widget.file.internal.FileChooserWinService"), inject = List(<dir holding your replacement>))  ·  needs one value from you — all 2 site(s) of 1 JVM-only API(s) are inside this one declared type (java.lang.reflect.Method); 1 other type(s) reference it (sge.visui.widget.file.FileChooser); 6 of its 13 member(s) touch the API — `Substitutions.dropMethods` on just those members is the smaller seam when nothing calls them ! the replacement must declare the SAME FQN, or every referring type stops compiling
e67e21c3eb6d	remediation	substitutions-drop	sge.visui.widget.file.internal.ServiceThreadFactory	-	0	Substitutions(dropTypes = Set("sge.visui.widget.file.internal.ServiceThreadFactory"), inject = List(<dir holding your replacement>))  ·  needs one value from you — all 3 site(s) of 2 JVM-only API(s) are inside this one declared type (java.util.concurrent.ThreadFactory, java.util.concurrent.atomic.AtomicLong); 4 other type(s) reference it (sge.visui.widget.file.FileChooser, sge.visui.widget.file.internal.DirsSuggestionPopup, sge.visui.widget.file.internal.DriveCheckerService, …); 4 of its 4 member(s) touch the API ! the replacement must declare the SAME FQN, or every referring type stops compiling
4755dd7119cf	resources	shipped	com/kotcrab/vis/ui/skin/x1/uiskin.json	../resources/com/kotcrab/vis/ui/skin/x1/uiskin.json	0	shipped verbatim as `com/kotcrab/vis/ui/skin/x1/uiskin.json`, which the emitted code names
8917acd8e95a	resources	shipped	com/kotcrab/vis/ui/skin/x2/uiskin.json	../resources/com/kotcrab/vis/ui/skin/x2/uiskin.json	0	shipped verbatim as `com/kotcrab/vis/ui/skin/x2/uiskin.json`, which the emitted code names
7ae41fb8ad3a	resources	unnamed	com/kotcrab/vis/ui/i18n/ButtonBar.properties	../resources/com/kotcrab/vis/ui/i18n/ButtonBar.properties	0	shipped verbatim as `com/kotcrab/vis/ui/i18n/ButtonBar.properties`, and no emitted literal names it — legitimate for a resource another resource names (an atlas names its image, a skin its fonts) or one this port's consumer reads, and identical to a stale entry, so the engine states it and the port decides [§1(b): confirm against this module's `resources`]
75450d19f42e	resources	unnamed	com/kotcrab/vis/ui/i18n/ColorPicker.properties	../resources/com/kotcrab/vis/ui/i18n/ColorPicker.properties	0	shipped verbatim as `com/kotcrab/vis/ui/i18n/ColorPicker.properties`, and no emitted literal names it — legitimate for a resource another resource names (an atlas names its image, a skin its fonts) or one this port's consumer reads, and identical to a stale entry, so the engine states it and the port decides [§1(b): confirm against this module's `resources`]
97fafd7e4eef	resources	unnamed	com/kotcrab/vis/ui/i18n/Common.properties	../resources/com/kotcrab/vis/ui/i18n/Common.properties	0	shipped verbatim as `com/kotcrab/vis/ui/i18n/Common.properties`, and no emitted literal names it — legitimate for a resource another resource names (an atlas names its image, a skin its fonts) or one this port's consumer reads, and identical to a stale entry, so the engine states it and the port decides [§1(b): confirm against this module's `resources`]
54f38f558282	resources	unnamed	com/kotcrab/vis/ui/i18n/Dialogs.properties	../resources/com/kotcrab/vis/ui/i18n/Dialogs.properties	0	shipped verbatim as `com/kotcrab/vis/ui/i18n/Dialogs.properties`, and no emitted literal names it — legitimate for a resource another resource names (an atlas names its image, a skin its fonts) or one this port's consumer reads, and identical to a stale entry, so the engine states it and the port decides [§1(b): confirm against this module's `resources`]
340c3623a4f7	resources	unnamed	com/kotcrab/vis/ui/i18n/FileChooser.properties	../resources/com/kotcrab/vis/ui/i18n/FileChooser.properties	0	shipped verbatim as `com/kotcrab/vis/ui/i18n/FileChooser.properties`, and no emitted literal names it — legitimate for a resource another resource names (an atlas names its image, a skin its fonts) or one this port's consumer reads, and identical to a stale entry, so the engine states it and the port decides [§1(b): confirm against this module's `resources`]
c5f98f3a287c	resources	unnamed	com/kotcrab/vis/ui/i18n/TabbedPane.properties	../resources/com/kotcrab/vis/ui/i18n/TabbedPane.properties	0	shipped verbatim as `com/kotcrab/vis/ui/i18n/TabbedPane.properties`, and no emitted literal names it — legitimate for a resource another resource names (an atlas names its image, a skin its fonts) or one this port's consumer reads, and identical to a stale entry, so the engine states it and the port decides [§1(b): confirm against this module's `resources`]
781895027464	resources	unnamed	com/kotcrab/vis/ui/skin/x1/default.fnt	../resources/com/kotcrab/vis/ui/skin/x1/default.fnt	0	shipped verbatim as `com/kotcrab/vis/ui/skin/x1/default.fnt`, and no emitted literal names it — legitimate for a resource another resource names (an atlas names its image, a skin its fonts) or one this port's consumer reads, and identical to a stale entry, so the engine states it and the port decides [§1(b): confirm against this module's `resources`]
9378356b141d	resources	unnamed	com/kotcrab/vis/ui/skin/x1/font-small.fnt	../resources/com/kotcrab/vis/ui/skin/x1/font-small.fnt	0	shipped verbatim as `com/kotcrab/vis/ui/skin/x1/font-small.fnt`, and no emitted literal names it — legitimate for a resource another resource names (an atlas names its image, a skin its fonts) or one this port's consumer reads, and identical to a stale entry, so the engine states it and the port decides [§1(b): confirm against this module's `resources`]
9db0f0b22d15	resources	unnamed	com/kotcrab/vis/ui/skin/x1/uiskin.atlas	../resources/com/kotcrab/vis/ui/skin/x1/uiskin.atlas	0	shipped verbatim as `com/kotcrab/vis/ui/skin/x1/uiskin.atlas`, and no emitted literal names it — legitimate for a resource another resource names (an atlas names its image, a skin its fonts) or one this port's consumer reads, and identical to a stale entry, so the engine states it and the port decides [§1(b): confirm against this module's `resources`]
742ba9c4f0e9	resources	unnamed	com/kotcrab/vis/ui/skin/x1/uiskin.png	../resources/com/kotcrab/vis/ui/skin/x1/uiskin.png	0	shipped verbatim as `com/kotcrab/vis/ui/skin/x1/uiskin.png`, and no emitted literal names it — legitimate for a resource another resource names (an atlas names its image, a skin its fonts) or one this port's consumer reads, and identical to a stale entry, so the engine states it and the port decides [§1(b): confirm against this module's `resources`]
706cbf834428	resources	unnamed	com/kotcrab/vis/ui/skin/x2/default.fnt	../resources/com/kotcrab/vis/ui/skin/x2/default.fnt	0	shipped verbatim as `com/kotcrab/vis/ui/skin/x2/default.fnt`, and no emitted literal names it — legitimate for a resource another resource names (an atlas names its image, a skin its fonts) or one this port's consumer reads, and identical to a stale entry, so the engine states it and the port decides [§1(b): confirm against this module's `resources`]
255685e875ea	resources	unnamed	com/kotcrab/vis/ui/skin/x2/font-small.fnt	../resources/com/kotcrab/vis/ui/skin/x2/font-small.fnt	0	shipped verbatim as `com/kotcrab/vis/ui/skin/x2/font-small.fnt`, and no emitted literal names it — legitimate for a resource another resource names (an atlas names its image, a skin its fonts) or one this port's consumer reads, and identical to a stale entry, so the engine states it and the port decides [§1(b): confirm against this module's `resources`]
5d52627768ee	resources	unnamed	com/kotcrab/vis/ui/skin/x2/uiskin.atlas	../resources/com/kotcrab/vis/ui/skin/x2/uiskin.atlas	0	shipped verbatim as `com/kotcrab/vis/ui/skin/x2/uiskin.atlas`, and no emitted literal names it — legitimate for a resource another resource names (an atlas names its image, a skin its fonts) or one this port's consumer reads, and identical to a stale entry, so the engine states it and the port decides [§1(b): confirm against this module's `resources`]
184d46636fef	resources	unnamed	com/kotcrab/vis/ui/skin/x2/uiskin.png	../resources/com/kotcrab/vis/ui/skin/x2/uiskin.png	0	shipped verbatim as `com/kotcrab/vis/ui/skin/x2/uiskin.png`, and no emitted literal names it — legitimate for a resource another resource names (an atlas names its image, a skin its fonts) or one this port's consumer reads, and identical to a stale entry, so the engine states it and the port decides [§1(b): confirm against this module's `resources`]
288d2d78939b	resources	unnamed	com/kotcrab/vis/ui/widget/color/internal/checkerboard.frag	../resources/com/kotcrab/vis/ui/widget/color/internal/checkerboard.frag	0	shipped verbatim as `com/kotcrab/vis/ui/widget/color/internal/checkerboard.frag`, and no emitted literal names it — legitimate for a resource another resource names (an atlas names its image, a skin its fonts) or one this port's consumer reads, and identical to a stale entry, so the engine states it and the port decides [§1(b): confirm against this module's `resources`]
401ab75c1151	resources	unnamed	com/kotcrab/vis/ui/widget/color/internal/default.vert	../resources/com/kotcrab/vis/ui/widget/color/internal/default.vert	0	shipped verbatim as `com/kotcrab/vis/ui/widget/color/internal/default.vert`, and no emitted literal names it — legitimate for a resource another resource names (an atlas names its image, a skin its fonts) or one this port's consumer reads, and identical to a stale entry, so the engine states it and the port decides [§1(b): confirm against this module's `resources`]
728bdb194387	resources	unnamed	com/kotcrab/vis/ui/widget/color/internal/hsv.frag	../resources/com/kotcrab/vis/ui/widget/color/internal/hsv.frag	0	shipped verbatim as `com/kotcrab/vis/ui/widget/color/internal/hsv.frag`, and no emitted literal names it — legitimate for a resource another resource names (an atlas names its image, a skin its fonts) or one this port's consumer reads, and identical to a stale entry, so the engine states it and the port decides [§1(b): confirm against this module's `resources`]
27183b9e4ad1	resources	unnamed	com/kotcrab/vis/ui/widget/color/internal/palette.frag	../resources/com/kotcrab/vis/ui/widget/color/internal/palette.frag	0	shipped verbatim as `com/kotcrab/vis/ui/widget/color/internal/palette.frag`, and no emitted literal names it — legitimate for a resource another resource names (an atlas names its image, a skin its fonts) or one this port's consumer reads, and identical to a stale entry, so the engine states it and the port decides [§1(b): confirm against this module's `resources`]
3fac1dcf0114	resources	unnamed	com/kotcrab/vis/ui/widget/color/internal/rgb.frag	../resources/com/kotcrab/vis/ui/widget/color/internal/rgb.frag	0	shipped verbatim as `com/kotcrab/vis/ui/widget/color/internal/rgb.frag`, and no emitted literal names it — legitimate for a resource another resource names (an atlas names its image, a skin its fonts) or one this port's consumer reads, and identical to a stale entry, so the engine states it and the port decides [§1(b): confirm against this module's `resources`]
e21442f8ffdb	resources	unnamed	com/kotcrab/vis/ui/widget/color/internal/verticalBar.frag	../resources/com/kotcrab/vis/ui/widget/color/internal/verticalBar.frag	0	shipped verbatim as `com/kotcrab/vis/ui/widget/color/internal/verticalBar.frag`, and no emitted literal names it — legitimate for a resource another resource names (an atlas names its image, a skin its fonts) or one this port's consumer reads, and identical to a stale entry, so the engine states it and the port decides [§1(b): confirm against this module's `resources`]
51c7f58bb0e3	rewrite-callsites	Unaccounted	primitive->opaque:com.badlogic.gdx.graphics.TextureHandle	<pipeline>	0	retyped 7 owned declaration(s) and names no check lane
fd9978fbe7aa	rewrite-callsites	Unaccounted	type-redirect	<pipeline>	0	retyped 15 owned declaration(s) and names no check lane
