#unit	member	kind	digest
sge.visui.FocusManager	sge.visui.FocusManager	class	02a98279c97ac943
sge.visui.FocusManager	sge.visui.FocusManager#focusedWidget	val	eca57f14ad9ac44c
sge.visui.FocusManager	sge.visui.FocusManager#getFocusedWidget()	def	91de7a3be8d04f19
sge.visui.FocusManager	sge.visui.FocusManager#resetFocus(Stage)	def	1a91778ddadb0e73
sge.visui.FocusManager	sge.visui.FocusManager#resetFocus(Stage,Actor)	def	601c2dcfcfa70f1d
sge.visui.FocusManager	sge.visui.FocusManager#switchFocus(Stage,Focusable)	def	985d39e7c1db7ffd
sge.visui.Focusable	sge.visui.Focusable	class	35e23d179e51927d
sge.visui.Focusable	sge.visui.Focusable#focusGained()	def	2d81d06d75811ad8
sge.visui.Focusable	sge.visui.Focusable#focusLost()	def	6fe74e8112a562d9
sge.visui.Locales	sge.visui.Locales	class	5ecf5959e3c86d26
sge.visui.Locales	sge.visui.Locales#buttonBarBundle	val	857eaafb6b3c4155
sge.visui.Locales	sge.visui.Locales#colorPickerBundle	val	b5aeaa3c99392d97
sge.visui.Locales	sge.visui.Locales#commonBundle	val	84f7c556206d359b
sge.visui.Locales	sge.visui.Locales#dialogsBundle	val	950414778a4016fd
sge.visui.Locales	sge.visui.Locales#fileChooserBundle	val	a49ff12a4ed15e61
sge.visui.Locales	sge.visui.Locales#getBundle(String,Sge)	def	d1f1346dcf03733d
sge.visui.Locales	sge.visui.Locales#getButtonBarBundle(Sge)	def	776d5ec31337ebcc
sge.visui.Locales	sge.visui.Locales#getColorPickerBundle(Sge)	def	52875bcd2dc471ac
sge.visui.Locales	sge.visui.Locales#getCommonBundle(Sge)	def	c0d423b5ccfe83c0
sge.visui.Locales	sge.visui.Locales#getDialogsBundle(Sge)	def	6174ce687556e230
sge.visui.Locales	sge.visui.Locales#getFileChooserBundle(Sge)	def	0778786e5281727a
sge.visui.Locales	sge.visui.Locales#getTabbedPaneBundle(Sge)	def	4f5f836cc1c4d17b
sge.visui.Locales	sge.visui.Locales#locale	val	fdad9db9e595c56e
sge.visui.Locales	sge.visui.Locales#setButtonBarBundle(I18NBundle)	def	fc0f398703c7779e
sge.visui.Locales	sge.visui.Locales#setColorPickerBundle(I18NBundle)	def	a2738ee10ad0b7a4
sge.visui.Locales	sge.visui.Locales#setCommonBundle(I18NBundle)	def	3c9fd90860d3f356
sge.visui.Locales	sge.visui.Locales#setDialogsBundle(I18NBundle)	def	363debbb115c65a2
sge.visui.Locales	sge.visui.Locales#setFileChooserBundle(I18NBundle)	def	44457558d7a2df75
sge.visui.Locales	sge.visui.Locales#setLocale(Locale)	def	5f7aa662995fb835
sge.visui.Locales	sge.visui.Locales#setTabbedPaneBundle(I18NBundle)	def	ae0cb541bb00a61d
sge.visui.Locales	sge.visui.Locales#tabbedPaneBundle	val	0b6e650155fbdef0
sge.visui.Locales	sge.visui.Locales$CommonText	class	128d971599660051
sge.visui.Locales	sge.visui.Locales$CommonText#format()	def	91c67c37eef4be3b
sge.visui.Locales	sge.visui.Locales$CommonText#format(Array<Object>)	def	b3039b8474b97933
sge.visui.Locales	sge.visui.Locales$CommonText#get()	def	e64e79762867cd21
sge.visui.Locales	sge.visui.Locales$CommonText#getBundle()	def	403bfff03f6076bf
sge.visui.Locales	sge.visui.Locales$CommonText#getName()	def	1401cff5507a790f
sge.visui.Locales	sge.visui.Locales$CommonText#toString()	def	2ce080f9e62bea25
sge.visui.Sizes	sge.visui.Sizes	class	dd21033fe83765b8
sge.visui.Sizes	sge.visui.Sizes#<init>()	ctor	26c80eab1e3f404e
sge.visui.Sizes	sge.visui.Sizes#<init>(Sizes)	ctor	5cd6e82aa77d3cf1
sge.visui.Sizes	sge.visui.Sizes#borderSize	val	2f0b81030b8b478a
sge.visui.Sizes	sge.visui.Sizes#buttonBarSpacing	val	6f4ef942d5885d16
sge.visui.Sizes	sge.visui.Sizes#fileChooserViewModeBigIconsSize	val	30c7fa95f816f8fd
sge.visui.Sizes	sge.visui.Sizes#fileChooserViewModeListWidthSize	val	76ee369da1eedad1
sge.visui.Sizes	sge.visui.Sizes#fileChooserViewModeMediumIconsSize	val	90430148f5796311
sge.visui.Sizes	sge.visui.Sizes#fileChooserViewModeSmallIconsSize	val	0720cedae509bc61
sge.visui.Sizes	sge.visui.Sizes#menuItemIconSize	val	ead999fe1d9c4b62
sge.visui.Sizes	sge.visui.Sizes#scaleFactor	val	0fb2b8b4a56a53ad
sge.visui.Sizes	sge.visui.Sizes#spacingBottom	val	4dd74b29ac7ce6d0
sge.visui.Sizes	sge.visui.Sizes#spacingLeft	val	e68e4b199ae50fe3
sge.visui.Sizes	sge.visui.Sizes#spacingRight	val	77bb96b0074152b3
sge.visui.Sizes	sge.visui.Sizes#spacingTop	val	223de08f0ed75041
sge.visui.Sizes	sge.visui.Sizes#spinnerButtonHeight	val	2fe0ff470d26e045
sge.visui.Sizes	sge.visui.Sizes#spinnerFieldSize	val	0883a3b3d01aa678
sge.visui.VisUI	sge.Sge#<given>	val	6d9f199847054ad2
sge.visui.VisUI	sge.visui.VisUI	class	bfd914ed3dcb39cb
sge.visui.VisUI	sge.visui.VisUI#TARGET_GDX_VERSION	val	905a6a553c096d4f
sge.visui.VisUI	sge.visui.VisUI#checkBeforeLoad(Sge)	def	2fb53284cc199673
sge.visui.VisUI	sge.visui.VisUI#defaultTitleAlign	val	aaa9b0d7261c157c
sge.visui.VisUI	sge.visui.VisUI#dispose()	def	4f857d9f19598170
sge.visui.VisUI	sge.visui.VisUI#dispose(boolean)	def	8403d4fcb2f32ce9
sge.visui.VisUI	sge.visui.VisUI#getDefaultTitleAlign()	def	34555374d3d145ad
sge.visui.VisUI	sge.visui.VisUI#getSizes()	def	944aacdb97380532
sge.visui.VisUI	sge.visui.VisUI#getSkin()	def	eab602abf389bb22
sge.visui.VisUI	sge.visui.VisUI#isLoaded()	def	e7ef66f5a85993f1
sge.visui.VisUI	sge.visui.VisUI#load(FileHandle,Sge)	def	020efef0d0724654
sge.visui.VisUI	sge.visui.VisUI#load(Sge)	def	cf3fd66168e65fdb
sge.visui.VisUI	sge.visui.VisUI#load(Skin,Sge)	def	ebe8d7ea9ae07a2f
sge.visui.VisUI	sge.visui.VisUI#load(SkinScale,Sge)	def	89c41e2658218963
sge.visui.VisUI	sge.visui.VisUI#load(String,Sge)	def	e21296407eb76518
sge.visui.VisUI	sge.visui.VisUI#scale	val	2b6c16b3f7019ee0
sge.visui.VisUI	sge.visui.VisUI#setDefaultTitleAlign(int)	def	fd10fdfdb59fc78e
sge.visui.VisUI	sge.visui.VisUI#setSkipGdxVersionCheck(boolean)	def	7012c921472d110f
sge.visui.VisUI	sge.visui.VisUI#sgeInstance$cache	val	429601e805235fc2
sge.visui.VisUI	sge.visui.VisUI#sgeInstance()	def	45da18325dd15587
sge.visui.VisUI	sge.visui.VisUI#skin	val	e47f7639f84b51da
sge.visui.VisUI	sge.visui.VisUI#skipGdxVersionCheck	val	e83d3ff314a892e7
sge.visui.VisUI	sge.visui.VisUI$SkinScale	class	8ce002437f6fbe02
sge.visui.VisUI	sge.visui.VisUI$SkinScale#getSizesName()	def	3777a94b03db416f
sge.visui.VisUI	sge.visui.VisUI$SkinScale#getSkinFile()	def	2de5d13b1f2f3499
sge.visui.building.CenteredTableBuilder	sge.visui.building.CenteredTableBuilder	class	eaaa3001224b1a28
sge.visui.building.CenteredTableBuilder	sge.visui.building.CenteredTableBuilder#<init>(Padding,Sge)	ctor	929c7233f5c5a6db
sge.visui.building.CenteredTableBuilder	sge.visui.building.CenteredTableBuilder#<init>(int,int,Padding,Sge)	ctor	afbd2a68ac014f5b
sge.visui.building.CenteredTableBuilder	sge.visui.building.CenteredTableBuilder#<init>(int,int,Sge)	ctor	d45ad97871ee846a
sge.visui.building.CenteredTableBuilder	sge.visui.building.CenteredTableBuilder#fillTable(Table)	def	d19b82193ca5b9a5
sge.visui.building.CenteredTableBuilder	sge.visui.building.CenteredTableBuilder#isLast(int,int,int)	def	4d3d786eae259799
sge.visui.building.CenteredTableBuilder	sge.visui.building.CenteredTableBuilder#shouldExpand(int)	def	df58bb43a94edb88
sge.visui.building.GridTableBuilder	sge.visui.building.GridTableBuilder	class	86f3f8728125e580
sge.visui.building.GridTableBuilder	sge.visui.building.GridTableBuilder#<init>(Padding,int,Sge)	ctor	7208a00685db5c62
sge.visui.building.GridTableBuilder	sge.visui.building.GridTableBuilder#<init>(int,Sge)	ctor	50939c0970c4bcd3
sge.visui.building.GridTableBuilder	sge.visui.building.GridTableBuilder#<init>(int,int,int,Padding,Sge)	ctor	2aa529323fc438a8
sge.visui.building.GridTableBuilder	sge.visui.building.GridTableBuilder#<init>(int,int,int,Sge)	ctor	d39b876cc0b6a537
sge.visui.building.GridTableBuilder	sge.visui.building.GridTableBuilder#fillTable(Table)	def	0f150082a033aa3a
sge.visui.building.GridTableBuilder	sge.visui.building.GridTableBuilder#rowSize	val	c84d0a25f67fe1d9
sge.visui.building.OneColumnTableBuilder	sge.visui.building.OneColumnTableBuilder	class	cbc891bb3e4f1acd
sge.visui.building.OneColumnTableBuilder	sge.visui.building.OneColumnTableBuilder#<init>(Padding,Sge)	ctor	929c7233f5c5a6db
sge.visui.building.OneColumnTableBuilder	sge.visui.building.OneColumnTableBuilder#<init>(int,int,Padding,Sge)	ctor	afbd2a68ac014f5b
sge.visui.building.OneColumnTableBuilder	sge.visui.building.OneColumnTableBuilder#<init>(int,int,Sge)	ctor	d45ad97871ee846a
sge.visui.building.OneColumnTableBuilder	sge.visui.building.OneColumnTableBuilder#fillTable(Table)	def	46a6500518395ff9
sge.visui.building.OneRowTableBuilder	sge.visui.building.OneRowTableBuilder	class	b6a62012b502900c
sge.visui.building.OneRowTableBuilder	sge.visui.building.OneRowTableBuilder#<init>(Padding,Sge)	ctor	929c7233f5c5a6db
sge.visui.building.OneRowTableBuilder	sge.visui.building.OneRowTableBuilder#<init>(int,int,Padding,Sge)	ctor	afbd2a68ac014f5b
sge.visui.building.OneRowTableBuilder	sge.visui.building.OneRowTableBuilder#<init>(int,int,Sge)	ctor	d45ad97871ee846a
sge.visui.building.OneRowTableBuilder	sge.visui.building.OneRowTableBuilder#fillTable(Table)	def	eb5cfc6f403a7689
sge.visui.building.StandardTableBuilder	sge.visui.building.StandardTableBuilder	class	d2e982e960501ba7
sge.visui.building.StandardTableBuilder	sge.visui.building.StandardTableBuilder#<init>(Padding,Sge)	ctor	929c7233f5c5a6db
sge.visui.building.StandardTableBuilder	sge.visui.building.StandardTableBuilder#<init>(int,int,Padding,Sge)	ctor	afbd2a68ac014f5b
sge.visui.building.StandardTableBuilder	sge.visui.building.StandardTableBuilder#<init>(int,int,Sge)	ctor	d45ad97871ee846a
sge.visui.building.StandardTableBuilder	sge.visui.building.StandardTableBuilder#fillTable(Table)	def	91ac55eb52da8a6c
sge.visui.building.TableBuilder	sge.visui.building.TableBuilder	class	1182477135bcf8fc
sge.visui.building.TableBuilder	sge.visui.building.TableBuilder#<init>(Padding,Sge)	ctor	1017e46f30256dcc
sge.visui.building.TableBuilder	sge.visui.building.TableBuilder#<init>(int,int,Padding,Sge)	ctor	afbd2a68ac014f5b
sge.visui.building.TableBuilder	sge.visui.building.TableBuilder#<init>(int,int,Sge)	ctor	76960d547f7ef8be
sge.visui.building.TableBuilder	sge.visui.building.TableBuilder#<stmt1>	stmt	024b71d266ccf039
sge.visui.building.TableBuilder	sge.visui.building.TableBuilder#<stmt2>	stmt	497d0c16b5ee3d5a
sge.visui.building.TableBuilder	sge.visui.building.TableBuilder#<stmt3>	stmt	3e05ff4d03a6b079
sge.visui.building.TableBuilder	sge.visui.building.TableBuilder#DEFAULT_ROWS_AMOUNT	val	4a9a0c2810a32a5a
sge.visui.building.TableBuilder	sge.visui.building.TableBuilder#DEFAULT_WIDGETS_AMOUNT	val	4aace61561fb9dfb
sge.visui.building.TableBuilder	sge.visui.building.TableBuilder#append()	def	95b15d770c8daa22
sge.visui.building.TableBuilder	sge.visui.building.TableBuilder#append(Actor)	def	164f0badbe6bff97
sge.visui.building.TableBuilder	sge.visui.building.TableBuilder#append(ActorLayout,Array<Actor>)	def	eb88f6ff0e90005d
sge.visui.building.TableBuilder	sge.visui.building.TableBuilder#append(ActorLayout,Array<CellWidget<?>>)	def	ca5c58ca69cf3025
sge.visui.building.TableBuilder	sge.visui.building.TableBuilder#append(ActorLayout,CellWidgetBuilder<Actor>,Array<Actor>)	def	aff29562ffe5b281
sge.visui.building.TableBuilder	sge.visui.building.TableBuilder#append(ActorLayout,CellWidgetBuilder<Actor>,Array<CellWidget<?>>)	def	a322622a53b5cb69
sge.visui.building.TableBuilder	sge.visui.building.TableBuilder#append(Array<Actor>)	def	b0d108dea0d82415
sge.visui.building.TableBuilder	sge.visui.building.TableBuilder#append(Array<CellWidget<?>>)	def	2fa39259904c7984
sge.visui.building.TableBuilder	sge.visui.building.TableBuilder#append(CellWidget<?>)	def	ffded5f3f670ecf4
sge.visui.building.TableBuilder	sge.visui.building.TableBuilder#append(CellWidgetBuilder<Actor>,Array<Actor>)	def	c8a1a1bc2810cdea
sge.visui.building.TableBuilder	sge.visui.building.TableBuilder#append(CellWidgetBuilder<Actor>,Array<CellWidget<?>>)	def	de576ada50d9269d
sge.visui.building.TableBuilder	sge.visui.building.TableBuilder#build()	def	48cefdcf18a9d322
sge.visui.building.TableBuilder	sge.visui.building.TableBuilder#build(T)	def	25361a8974fff366
sge.visui.building.TableBuilder	sge.visui.building.TableBuilder#currentRowSize	val	fce1c91f9771454b
sge.visui.building.TableBuilder	sge.visui.building.TableBuilder#fillTable(Table)	def	205cca7fd6b68584
sge.visui.building.TableBuilder	sge.visui.building.TableBuilder#getDefaultWidgetPadding()	def	1eb0e268aa6c0f65
sge.visui.building.TableBuilder	sge.visui.building.TableBuilder#getGreatestCommonDenominator(int,int)	def	585a51215140b282
sge.visui.building.TableBuilder	sge.visui.building.TableBuilder#getLowestCommonMultiple(IntArray)	def	26dccb977bab36a4
sge.visui.building.TableBuilder	sge.visui.building.TableBuilder#getLowestCommonMultiple(int,int)	def	9302d2e9c646a406
sge.visui.building.TableBuilder	sge.visui.building.TableBuilder#getRowSizes()	def	90f7434d356b4096
sge.visui.building.TableBuilder	sge.visui.building.TableBuilder#getWidget(int)	def	06089ef832623f6c
sge.visui.building.TableBuilder	sge.visui.building.TableBuilder#getWidgets()	def	7ae633cefa34291e
sge.visui.building.TableBuilder	sge.visui.building.TableBuilder#prepareBuiltTable(T)	def	803034de0d875387
sge.visui.building.TableBuilder	sge.visui.building.TableBuilder#prepareNewTable(Table)	def	9461e39d6c41ba99
sge.visui.building.TableBuilder	sge.visui.building.TableBuilder#row()	def	80fca0d67d55ad35
sge.visui.building.TableBuilder	sge.visui.building.TableBuilder#rowSizes	val	a93fa0ebc35cc7fe
sge.visui.building.TableBuilder	sge.visui.building.TableBuilder#setTablePadding(Padding)	def	f5e3d0f31ff89370
sge.visui.building.TableBuilder	sge.visui.building.TableBuilder#tablePadding	val	a04e2b562da6f9fd
sge.visui.building.TableBuilder	sge.visui.building.TableBuilder#validateRowSize()	def	c633ccf18f3ee88c
sge.visui.building.TableBuilder	sge.visui.building.TableBuilder#widgetPadding	val	add62f78af18e99f
sge.visui.building.TableBuilder	sge.visui.building.TableBuilder#widgets	val	b355185e6f0dec34
sge.visui.building.utilities.Alignment	sge.visui.building.utilities.Alignment	class	da3a20f9ca33b173
sge.visui.building.utilities.Alignment	sge.visui.building.utilities.Alignment#apply(Cell<?>)	def	bbd9c32c0ecb1614
sge.visui.building.utilities.Alignment	sge.visui.building.utilities.Alignment#getAlignment()	def	3032d359caa6e2d1
sge.visui.building.utilities.Alignment	sge.visui.building.utilities.Alignment#getByIndex(int)	def	589c5d6520c7294f
sge.visui.building.utilities.Alignment	sge.visui.building.utilities.Alignment#getByValidIndex(int)	def	3d2f3d903f48fa5a
sge.visui.building.utilities.Alignment	sge.visui.building.utilities.Alignment#isAlignedWithBottom()	def	f9ef65e154bb5302
sge.visui.building.utilities.Alignment	sge.visui.building.utilities.Alignment#isAlignedWithLeft()	def	a916b9cfa41d1a09
sge.visui.building.utilities.Alignment	sge.visui.building.utilities.Alignment#isAlignedWithRight()	def	aab7f00d7c91f6b2
sge.visui.building.utilities.Alignment	sge.visui.building.utilities.Alignment#isAlignedWithTop()	def	428b4a78c68c9e99
sge.visui.building.utilities.Alignment	sge.visui.building.utilities.Alignment#isCentered()	def	a0b320f4768fe2bc
sge.visui.building.utilities.Alignment	sge.visui.building.utilities.Alignment#isIndexLast(int)	def	5adffc6fd011496a
sge.visui.building.utilities.Alignment	sge.visui.building.utilities.Alignment#isIndexValid(int)	def	7b599d6933901248
sge.visui.building.utilities.CellWidget	sge.visui.building.utilities.CellWidget	class	3421fc5172b9e04e
sge.visui.building.utilities.CellWidget	sge.visui.building.utilities.CellWidget#<stmt10>	stmt	7b1e6788a3d5f8df
sge.visui.building.utilities.CellWidget	sge.visui.building.utilities.CellWidget#<stmt11>	stmt	3c4e5ef0c662a84b
sge.visui.building.utilities.CellWidget	sge.visui.building.utilities.CellWidget#<stmt12>	stmt	67dfad0c59838e24
sge.visui.building.utilities.CellWidget	sge.visui.building.utilities.CellWidget#<stmt1>	stmt	05c88decf4435e43
sge.visui.building.utilities.CellWidget	sge.visui.building.utilities.CellWidget#<stmt2>	stmt	914e0ae10563f9ce
sge.visui.building.utilities.CellWidget	sge.visui.building.utilities.CellWidget#<stmt3>	stmt	c32c1f67bad176e2
sge.visui.building.utilities.CellWidget	sge.visui.building.utilities.CellWidget#<stmt4>	stmt	756679a44a13bab5
sge.visui.building.utilities.CellWidget	sge.visui.building.utilities.CellWidget#<stmt5>	stmt	b0bf29ef55d8a1b4
sge.visui.building.utilities.CellWidget	sge.visui.building.utilities.CellWidget#<stmt6>	stmt	8a95dd6ab476d16d
sge.visui.building.utilities.CellWidget	sge.visui.building.utilities.CellWidget#<stmt7>	stmt	67c0589645691e20
sge.visui.building.utilities.CellWidget	sge.visui.building.utilities.CellWidget#<stmt8>	stmt	878416e8a6f2bb8e
sge.visui.building.utilities.CellWidget	sge.visui.building.utilities.CellWidget#<stmt9>	stmt	2fbc90eb9511add7
sge.visui.building.utilities.CellWidget	sge.visui.building.utilities.CellWidget#EMPTY	val	c55b580bfba24494
sge.visui.building.utilities.CellWidget	sge.visui.building.utilities.CellWidget#IGNORED_SIZE	val	688f6ef1dd57e0dc
sge.visui.building.utilities.CellWidget	sge.visui.building.utilities.CellWidget#alignment	val	64759327f1ab78dc
sge.visui.building.utilities.CellWidget	sge.visui.building.utilities.CellWidget#applyFillingData(Cell<?>)	def	afeceb76f65912f4
sge.visui.building.utilities.CellWidget	sge.visui.building.utilities.CellWidget#applyPadding(Cell<?>,Padding)	def	4869806b5616a120
sge.visui.building.utilities.CellWidget	sge.visui.building.utilities.CellWidget#applySizeData(Cell<?>)	def	702ce4d6ffbbc154
sge.visui.building.utilities.CellWidget	sge.visui.building.utilities.CellWidget#buildCell(Table)	def	7198ef8be317c1cb
sge.visui.building.utilities.CellWidget	sge.visui.building.utilities.CellWidget#buildCell(Table,Padding)	def	99e3281db344a05c
sge.visui.building.utilities.CellWidget	sge.visui.building.utilities.CellWidget#builder()	def	eb36db5724458752
sge.visui.building.utilities.CellWidget	sge.visui.building.utilities.CellWidget#empty()	def	4739ff8a1ce04663
sge.visui.building.utilities.CellWidget	sge.visui.building.utilities.CellWidget#expandX	val	d7c843fc11eafb0e
sge.visui.building.utilities.CellWidget	sge.visui.building.utilities.CellWidget#expandY	val	fbd6458d26da8c50
sge.visui.building.utilities.CellWidget	sge.visui.building.utilities.CellWidget#fillX	val	a0bf21160f5bd402
sge.visui.building.utilities.CellWidget	sge.visui.building.utilities.CellWidget#fillY	val	68a272611951722b
sge.visui.building.utilities.CellWidget	sge.visui.building.utilities.CellWidget#getWidget()	def	63b356cf4faf62a0
sge.visui.building.utilities.CellWidget	sge.visui.building.utilities.CellWidget#height	val	6eec677c009c9372
sge.visui.building.utilities.CellWidget	sge.visui.building.utilities.CellWidget#minHeight	val	a4f1aa35bbc10ea2
sge.visui.building.utilities.CellWidget	sge.visui.building.utilities.CellWidget#minWidth	val	97125e053eee3fd7
sge.visui.building.utilities.CellWidget	sge.visui.building.utilities.CellWidget#of(Widget)	def	17f8a6b02fa52efc
sge.visui.building.utilities.CellWidget	sge.visui.building.utilities.CellWidget#padding	val	818eb2e84e0f9c81
sge.visui.building.utilities.CellWidget	sge.visui.building.utilities.CellWidget#useSpacing	val	f329074c70da2f60
sge.visui.building.utilities.CellWidget	sge.visui.building.utilities.CellWidget#using(CellWidget<Widget>)	def	6564c5df856bc1b6
sge.visui.building.utilities.CellWidget	sge.visui.building.utilities.CellWidget#widget	val	7311a753acdfada8
sge.visui.building.utilities.CellWidget	sge.visui.building.utilities.CellWidget#width	val	1c8d1b100e2d8990
sge.visui.building.utilities.CellWidget	sge.visui.building.utilities.CellWidget#wrap(Array<Actor>)	def	454576f9c8b6cb4f
sge.visui.building.utilities.CellWidget	sge.visui.building.utilities.CellWidget#wrap(Widget)	def	71f5f7b633ee02bb
sge.visui.building.utilities.CellWidget	sge.visui.building.utilities.CellWidget$CellWidgetBuilder	class	6b13a5706c595080
sge.visui.building.utilities.CellWidget	sge.visui.building.utilities.CellWidget$CellWidgetBuilder#<init>(Actor)	ctor	80ab17ee05685f26
sge.visui.building.utilities.CellWidget	sge.visui.building.utilities.CellWidget$CellWidgetBuilder#<init>(CellWidget<Widget>)	ctor	0ebacb85159e04d5
sge.visui.building.utilities.CellWidget	sge.visui.building.utilities.CellWidget$CellWidgetBuilder#align(Alignment)	def	80229daeb8c7dc27
sge.visui.building.utilities.CellWidget	sge.visui.building.utilities.CellWidget$CellWidgetBuilder#alignment	val	1209681e9c140adf
sge.visui.building.utilities.CellWidget	sge.visui.building.utilities.CellWidget$CellWidgetBuilder#expandX	val	3de1481ca68eec37
sge.visui.building.utilities.CellWidget	sge.visui.building.utilities.CellWidget$CellWidgetBuilder#expandX()	def	17ff8c63f6d1e902
sge.visui.building.utilities.CellWidget	sge.visui.building.utilities.CellWidget$CellWidgetBuilder#expandY	val	755e543ac53fa4f9
sge.visui.building.utilities.CellWidget	sge.visui.building.utilities.CellWidget$CellWidgetBuilder#expandY()	def	826875f6752d041d
sge.visui.building.utilities.CellWidget	sge.visui.building.utilities.CellWidget$CellWidgetBuilder#fillX	val	34792d05b5b12d95
sge.visui.building.utilities.CellWidget	sge.visui.building.utilities.CellWidget$CellWidgetBuilder#fillX()	def	3a5f0c012927274f
sge.visui.building.utilities.CellWidget	sge.visui.building.utilities.CellWidget$CellWidgetBuilder#fillY	val	a5b2ef975f84b702
sge.visui.building.utilities.CellWidget	sge.visui.building.utilities.CellWidget$CellWidgetBuilder#fillY()	def	0b36dc22d12758bf
sge.visui.building.utilities.CellWidget	sge.visui.building.utilities.CellWidget$CellWidgetBuilder#height	val	b30606d25fb8d814
sge.visui.building.utilities.CellWidget	sge.visui.building.utilities.CellWidget$CellWidgetBuilder#height(int)	def	7823effb83b1c2ad
sge.visui.building.utilities.CellWidget	sge.visui.building.utilities.CellWidget$CellWidgetBuilder#minHeight	val	eedd9d79d4a20c37
sge.visui.building.utilities.CellWidget	sge.visui.building.utilities.CellWidget$CellWidgetBuilder#minHeight(int)	def	d898e3b320c27bb9
sge.visui.building.utilities.CellWidget	sge.visui.building.utilities.CellWidget$CellWidgetBuilder#minWidth	val	bf11e86860558490
sge.visui.building.utilities.CellWidget	sge.visui.building.utilities.CellWidget$CellWidgetBuilder#minWidth(int)	def	8c4f79eec8328597
sge.visui.building.utilities.CellWidget	sge.visui.building.utilities.CellWidget$CellWidgetBuilder#padding	val	70b252b6064dec6f
sge.visui.building.utilities.CellWidget	sge.visui.building.utilities.CellWidget$CellWidgetBuilder#padding(Padding)	def	7a65f110e6860a00
sge.visui.building.utilities.CellWidget	sge.visui.building.utilities.CellWidget$CellWidgetBuilder#useSpacing	val	8a811efb2b383bcf
sge.visui.building.utilities.CellWidget	sge.visui.building.utilities.CellWidget$CellWidgetBuilder#useSpacing()	def	fc290c09c87eaaf8
sge.visui.building.utilities.CellWidget	sge.visui.building.utilities.CellWidget$CellWidgetBuilder#widget	val	43367f8724368f32
sge.visui.building.utilities.CellWidget	sge.visui.building.utilities.CellWidget$CellWidgetBuilder#widget(Widget)	def	2c0b8eb1f30f2904
sge.visui.building.utilities.CellWidget	sge.visui.building.utilities.CellWidget$CellWidgetBuilder#width	val	e1195833b27725bb
sge.visui.building.utilities.CellWidget	sge.visui.building.utilities.CellWidget$CellWidgetBuilder#width(int)	def	0bd79a2744ab4875
sge.visui.building.utilities.CellWidget	sge.visui.building.utilities.CellWidget$CellWidgetBuilder#wrap()	def	2731ffa393a082bd
sge.visui.building.utilities.Nullables	sge.visui.building.utilities.Nullables	class	30270a3bc24df718
sge.visui.building.utilities.Nullables	sge.visui.building.utilities.Nullables#areAllNotNull(Array<Object>)	def	22f4b68f49bf008b
sge.visui.building.utilities.Nullables	sge.visui.building.utilities.Nullables#areAllNull(Array<Object>)	def	66c2a0584806cd27
sge.visui.building.utilities.Nullables	sge.visui.building.utilities.Nullables#areEqual(Object,Object)	def	5a946b9d8fdd2c82
sge.visui.building.utilities.Nullables	sge.visui.building.utilities.Nullables#executeIfNotNull(Object,Runnable)	def	ec2efdfe2eaac165
sge.visui.building.utilities.Nullables	sge.visui.building.utilities.Nullables#getOrElse(Type,Type)	def	7bb377b3a85725e6
sge.visui.building.utilities.Nullables	sge.visui.building.utilities.Nullables#isAnyNotNull(Array<Object>)	def	14dcee5c777d0df9
sge.visui.building.utilities.Nullables	sge.visui.building.utilities.Nullables#isAnyNull(Array<Object>)	def	e1cd1f490885c67f
sge.visui.building.utilities.Nullables	sge.visui.building.utilities.Nullables#isNotNull(Object)	def	f890e02d0fbf7517
sge.visui.building.utilities.Nullables	sge.visui.building.utilities.Nullables#isNull(Object)	def	a9b33de896b04a86
sge.visui.building.utilities.Padding	sge.visui.building.utilities.Padding	class	1c963db0f8fcd688
sge.visui.building.utilities.Padding	sge.visui.building.utilities.Padding#<init>(float)	ctor	6690f164e5cd8898
sge.visui.building.utilities.Padding	sge.visui.building.utilities.Padding#<init>(float,float)	ctor	e4e1357de82e8e07
sge.visui.building.utilities.Padding	sge.visui.building.utilities.Padding#<stmt1>	stmt	2d7309b0ff2fc46f
sge.visui.building.utilities.Padding	sge.visui.building.utilities.Padding#<stmt2>	stmt	c0a0ff0ca3653ae6
sge.visui.building.utilities.Padding	sge.visui.building.utilities.Padding#<stmt3>	stmt	e729cb5e4372e8e0
sge.visui.building.utilities.Padding	sge.visui.building.utilities.Padding#<stmt4>	stmt	44afc9006997ec5f
sge.visui.building.utilities.Padding	sge.visui.building.utilities.Padding#PAD_0	val	2d676d5522fbf029
sge.visui.building.utilities.Padding	sge.visui.building.utilities.Padding#PAD_2	val	0866315b1e279026
sge.visui.building.utilities.Padding	sge.visui.building.utilities.Padding#PAD_4	val	42966c05dfeaab29
sge.visui.building.utilities.Padding	sge.visui.building.utilities.Padding#PAD_8	val	9a0ab0903d2afca5
sge.visui.building.utilities.Padding	sge.visui.building.utilities.Padding#add(Padding)	def	bb708788d93555dd
sge.visui.building.utilities.Padding	sge.visui.building.utilities.Padding#applyPadding(Cell<?>)	def	0a6ce02ee4330617
sge.visui.building.utilities.Padding	sge.visui.building.utilities.Padding#applyPadding(Table)	def	dd3340903c76042d
sge.visui.building.utilities.Padding	sge.visui.building.utilities.Padding#applySpacing(Cell<?>)	def	5ff6275ab6a2f412
sge.visui.building.utilities.Padding	sge.visui.building.utilities.Padding#bottom	val	c710a4507d9f9831
sge.visui.building.utilities.Padding	sge.visui.building.utilities.Padding#getBottom()	def	60cc28669c0ea8ec
sge.visui.building.utilities.Padding	sge.visui.building.utilities.Padding#getLeft()	def	c83dce84230ec267
sge.visui.building.utilities.Padding	sge.visui.building.utilities.Padding#getRight()	def	96907a795c5f0290
sge.visui.building.utilities.Padding	sge.visui.building.utilities.Padding#getTop()	def	0963a7a94790c0c9
sge.visui.building.utilities.Padding	sge.visui.building.utilities.Padding#left	val	67f5ef2d008f2803
sge.visui.building.utilities.Padding	sge.visui.building.utilities.Padding#of(float)	def	17f36bc964d18085
sge.visui.building.utilities.Padding	sge.visui.building.utilities.Padding#of(float,float)	def	c61be772e6c9bb21
sge.visui.building.utilities.Padding	sge.visui.building.utilities.Padding#of(float,float,float,float)	def	bee415a8c49aa538
sge.visui.building.utilities.Padding	sge.visui.building.utilities.Padding#reverse()	def	a7eec41631515843
sge.visui.building.utilities.Padding	sge.visui.building.utilities.Padding#right	val	4f06f34c6d7206df
sge.visui.building.utilities.Padding	sge.visui.building.utilities.Padding#setPadding(Padding,Cell<?>)	def	4dae589aec374b86
sge.visui.building.utilities.Padding	sge.visui.building.utilities.Padding#setPadding(Padding,Table)	def	44c0d18c8bfc4b1e
sge.visui.building.utilities.Padding	sge.visui.building.utilities.Padding#setSpacing(Padding,Cell<?>)	def	1a72f0aa67aaf503
sge.visui.building.utilities.Padding	sge.visui.building.utilities.Padding#subtract(Padding)	def	f7f587d699787e4c
sge.visui.building.utilities.Padding	sge.visui.building.utilities.Padding#top	val	bedc5b4e820480aa
sge.visui.building.utilities.layouts.ActorLayout	sge.visui.building.utilities.layouts.ActorLayout	class	5f50490f5f5ba40e
sge.visui.building.utilities.layouts.ActorLayout	sge.visui.building.utilities.layouts.ActorLayout#convertToActor(Array<Actor>)	def	2a8cb5849c50e7ef
sge.visui.building.utilities.layouts.ActorLayout	sge.visui.building.utilities.layouts.ActorLayout#convertToActor(Array<CellWidget<?>>)	def	99038323e84cba98
sge.visui.building.utilities.layouts.GridTableLayout	sge.visui.building.utilities.layouts.GridTableLayout	class	61c26062ea2b508c
sge.visui.building.utilities.layouts.GridTableLayout	sge.visui.building.utilities.layouts.GridTableLayout#<stmt1>	stmt	666f7e283a265b55
sge.visui.building.utilities.layouts.GridTableLayout	sge.visui.building.utilities.layouts.GridTableLayout#convertToActor(Array<Actor>)	def	8298c99e7200d0eb
sge.visui.building.utilities.layouts.GridTableLayout	sge.visui.building.utilities.layouts.GridTableLayout#convertToActor(Array<CellWidget<?>>)	def	9884bbe0ffbb5912
sge.visui.building.utilities.layouts.GridTableLayout	sge.visui.building.utilities.layouts.GridTableLayout#rowSize	val	c84d0a25f67fe1d9
sge.visui.building.utilities.layouts.GridTableLayout	sge.visui.building.utilities.layouts.GridTableLayout#withRowSize(int,Sge)	def	51b72c7a25743dd7
sge.visui.building.utilities.layouts.TableLayout	sge.Sge#<given-static>	val	92d5b1cd759201d5
sge.visui.building.utilities.layouts.TableLayout	sge.Sge#<given>	val	92d5b1cd759201d5
sge.visui.building.utilities.layouts.TableLayout	sge.visui.building.utilities.layouts.TableLayout	class	c3ab0ae190ef2687
sge.visui.building.utilities.layouts.TableLayout	sge.visui.building.utilities.layouts.TableLayout#convertToActor(Array<Actor>)	def	8298c99e7200d0eb
sge.visui.building.utilities.layouts.TableLayout	sge.visui.building.utilities.layouts.TableLayout#convertToTable(TableBuilder,Array<CellWidget<?>>)	def	2c8c28832ffe2fc5
sge.visui.building.utilities.layouts.TableLayout	sge.visui.building.utilities.layouts.TableLayout#grid(int)	def	758f7c159272f6fa
sge.visui.i18n.BundleText	sge.visui.i18n.BundleText	class	ddbd7e128c7b785e
sge.visui.i18n.BundleText	sge.visui.i18n.BundleText#format()	def	0a3044b6f6698089
sge.visui.i18n.BundleText	sge.visui.i18n.BundleText#format(Array<Object>)	def	82bc0cf0541f60e9
sge.visui.i18n.BundleText	sge.visui.i18n.BundleText#get()	def	1712078c6154a993
sge.visui.i18n.BundleText	sge.visui.i18n.BundleText#getName()	def	7d22d8b28ffdd2c0
sge.visui.layout.DragPane	sge.visui.layout.DragPane	class	ba7e39e6010b5e78
sge.visui.layout.DragPane	sge.visui.layout.DragPane#<init>(Sge)	ctor	f1c94e3d18054172
sge.visui.layout.DragPane	sge.visui.layout.DragPane#<init>(boolean,Sge)	ctor	afbbad303730b24d
sge.visui.layout.DragPane	sge.visui.layout.DragPane#<stmt1>	stmt	b1c5d116d3aafe56
sge.visui.layout.DragPane	sge.visui.layout.DragPane#<stmt2>	stmt	364c2eaaf49bbb04
sge.visui.layout.DragPane	sge.visui.layout.DragPane#<stmt3>	stmt	780cf0c39886fa85
sge.visui.layout.DragPane	sge.visui.layout.DragPane#accept(Actor)	def	89ba4ff3ea548846
sge.visui.layout.DragPane	sge.visui.layout.DragPane#addActor(Actor)	def	b85d5b8955be9169
sge.visui.layout.DragPane	sge.visui.layout.DragPane#addActorAfter(Actor,Actor)	def	2903e9bfe5c7a60c
sge.visui.layout.DragPane	sge.visui.layout.DragPane#addActorAt(int,Actor)	def	b65a02f3d13195c3
sge.visui.layout.DragPane	sge.visui.layout.DragPane#addActorBefore(Actor,Actor)	def	dd9786f8e5323bbf
sge.visui.layout.DragPane	sge.visui.layout.DragPane#attachListener()	def	dc49dc64a2174103
sge.visui.layout.DragPane	sge.visui.layout.DragPane#clear()	def	8d9de723332fbe8d
sge.visui.layout.DragPane	sge.visui.layout.DragPane#contains(Actor)	def	807512d150874eac
sge.visui.layout.DragPane	sge.visui.layout.DragPane#doOnAdd(Actor)	def	41274a39b7980be7
sge.visui.layout.DragPane	sge.visui.layout.DragPane#draggable	val	c1be90df32fe8c12
sge.visui.layout.DragPane	sge.visui.layout.DragPane#findActor(String)	def	b3299bb9f125e9f4
sge.visui.layout.DragPane	sge.visui.layout.DragPane#getChildren()	def	7403a08fe8c9daf5
sge.visui.layout.DragPane	sge.visui.layout.DragPane#getDraggable()	def	d635e901d8b0c40b
sge.visui.layout.DragPane	sge.visui.layout.DragPane#getFloatingGroup()	def	8c7e70be540c6565
sge.visui.layout.DragPane	sge.visui.layout.DragPane#getGridGroup()	def	28d74d542c38fe5a
sge.visui.layout.DragPane	sge.visui.layout.DragPane#getGroup()	def	04a229e706b12926
sge.visui.layout.DragPane	sge.visui.layout.DragPane#getHorizontalFlowGroup()	def	bd6795d2b7033adf
sge.visui.layout.DragPane	sge.visui.layout.DragPane#getHorizontalGroup()	def	ed117471035a733f
sge.visui.layout.DragPane	sge.visui.layout.DragPane#getVerticalFlowGroup()	def	f8fa6e33a42526ed
sge.visui.layout.DragPane	sge.visui.layout.DragPane#getVerticalGroup()	def	28546baecac0cf02
sge.visui.layout.DragPane	sge.visui.layout.DragPane#invalidate()	def	af21ad3ce10caeb4
sge.visui.layout.DragPane	sge.visui.layout.DragPane#isFloating()	def	c4422c7de0e82283
sge.visui.layout.DragPane	sge.visui.layout.DragPane#isGrid()	def	b5c0665498f8b06b
sge.visui.layout.DragPane	sge.visui.layout.DragPane#isHorizontal()	def	8f37b7dd4af81661
sge.visui.layout.DragPane	sge.visui.layout.DragPane#isHorizontalFlow()	def	1e4993cff2024415
sge.visui.layout.DragPane	sge.visui.layout.DragPane#isVertical()	def	086edc7172250ecd
sge.visui.layout.DragPane	sge.visui.layout.DragPane#isVerticalFlow()	def	8a03cab3601dc7f8
sge.visui.layout.DragPane	sge.visui.layout.DragPane#listener	val	706e0969bcd88664
sge.visui.layout.DragPane	sge.visui.layout.DragPane#removeActor(Actor)	def	3eca575bb3bf29f0
sge.visui.layout.DragPane	sge.visui.layout.DragPane#removeActor(Actor,boolean)	def	c8b0bb7c2c690c1e
sge.visui.layout.DragPane	sge.visui.layout.DragPane#removeListener()	def	1979e7f8908eb3c2
sge.visui.layout.DragPane	sge.visui.layout.DragPane#setActor(WidgetGroup)	def	2ca67bdda15174f6
sge.visui.layout.DragPane	sge.visui.layout.DragPane#setBounds(float,float,float,float)	def	fc615e6ee4bc5bb3
sge.visui.layout.DragPane	sge.visui.layout.DragPane#setDraggable(Draggable)	def	ba1240e21455728c
sge.visui.layout.DragPane	sge.visui.layout.DragPane#setGroup(WidgetGroup)	def	d3bd2fd1acc49f97
sge.visui.layout.DragPane	sge.visui.layout.DragPane#setHeight(float)	def	208a4ae65b580631
sge.visui.layout.DragPane	sge.visui.layout.DragPane#setListener(DragPaneListener)	def	5dfc1f299e5a5225
sge.visui.layout.DragPane	sge.visui.layout.DragPane#setWidth(float)	def	fcb3f65b5fae18b6
sge.visui.layout.DragPane	sge.visui.layout.DragPane#validate()	def	52548679c09d2a56
sge.visui.layout.DragPane	sge.visui.layout.DragPane$DefaultDragListener	class	5b4ef99a1d7fc898
sge.visui.layout.DragPane	sge.visui.layout.DragPane$DefaultDragListener#<init>()	ctor	3e38b09c4f7e2377
sge.visui.layout.DragPane	sge.visui.layout.DragPane$DefaultDragListener#<stmt1>	stmt	7d8a1ff6da74cbaf
sge.visui.layout.DragPane	sge.visui.layout.DragPane$DefaultDragListener#DRAG_POSITION	val	0fb38dc2e8472424
sge.visui.layout.DragPane	sge.visui.layout.DragPane$DefaultDragListener#accept(Actor,DragPane)	def	2da6eff643d7c500
sge.visui.layout.DragPane	sge.visui.layout.DragPane$DefaultDragListener#addActor(Draggable,Actor,Actor,DragPane)	def	7480f97c4e4e2568
sge.visui.layout.DragPane	sge.visui.layout.DragPane$DefaultDragListener#addDirectlyToPane(Draggable,Actor,DragPane)	def	bf76bb565f099fb8
sge.visui.layout.DragPane	sge.visui.layout.DragPane$DefaultDragListener#addToFloatingGroup(Draggable,Actor,DragPane)	def	6d757955949d58ad
sge.visui.layout.DragPane	sge.visui.layout.DragPane$DefaultDragListener#addToHorizontalGroup(Actor,DragPane,Actor)	def	a2b81bb105b06977
sge.visui.layout.DragPane	sge.visui.layout.DragPane$DefaultDragListener#addToOtherGroup(Actor,DragPane,Actor)	def	97b2281df96a5ee3
sge.visui.layout.DragPane	sge.visui.layout.DragPane$DefaultDragListener#addToVerticalGroup(Actor,DragPane,Actor)	def	6a334094b755f4c4
sge.visui.layout.DragPane	sge.visui.layout.DragPane$DefaultDragListener#getActorInDragPane(Actor,DragPane)	def	529fbf3dfd582308
sge.visui.layout.DragPane	sge.visui.layout.DragPane$DefaultDragListener#getDragPane(Actor)	def	2830679f7240ff9a
sge.visui.layout.DragPane	sge.visui.layout.DragPane$DefaultDragListener#onDrag(Draggable,Actor,float,float)	def	0edc8f74d3255b94
sge.visui.layout.DragPane	sge.visui.layout.DragPane$DefaultDragListener#onEnd(Draggable,Actor,float,float)	def	0de3d13e0084d5ca
sge.visui.layout.DragPane	sge.visui.layout.DragPane$DefaultDragListener#onStart(Draggable,Actor,float,float)	def	54983a15e8f3c861
sge.visui.layout.DragPane	sge.visui.layout.DragPane$DefaultDragListener#policy	val	8e0e48e1a1899ef5
sge.visui.layout.DragPane	sge.visui.layout.DragPane$DefaultDragListener#setPolicy(Policy)	def	9a36b399dfcb0e2e
sge.visui.layout.DragPane	sge.visui.layout.DragPane$DefaultDragListener$DefaultPolicy	class	ade4aeda0d472e7b
sge.visui.layout.DragPane	sge.visui.layout.DragPane$DefaultDragListener$Policy	class	ddac62f4ca40ca37
sge.visui.layout.DragPane	sge.visui.layout.DragPane$DefaultDragListener$Policy#accept(DragPane,Actor)	def	520d5ac6368d9728
sge.visui.layout.DragPane	sge.visui.layout.DragPane$DragPaneListener	class	d57a6edb5517dd0c
sge.visui.layout.DragPane	sge.visui.layout.DragPane$DragPaneListener#ACCEPT	val	0d92676c48499c5f
sge.visui.layout.DragPane	sge.visui.layout.DragPane$DragPaneListener#REFUSE	val	9e08b1d17655a4ba
sge.visui.layout.DragPane	sge.visui.layout.DragPane$DragPaneListener#accept(DragPane,Actor)	def	cb386b8b2a0f8eb3
sge.visui.layout.DragPane	sge.visui.layout.DragPane$DragPaneListener$AcceptOwnChildren	class	df3eeea001405a15
sge.visui.layout.DragPane	sge.visui.layout.DragPane$DragPaneListener$AcceptOwnChildren#accept(DragPane,Actor)	def	79fb3ecd630a4785
sge.visui.layout.DragPane	sge.visui.layout.DragPane$DragPaneListener$LimitChildren	class	75494316bca8aaa0
sge.visui.layout.DragPane	sge.visui.layout.DragPane$DragPaneListener$LimitChildren#<stmt1>	stmt	53b93f950897d468
sge.visui.layout.DragPane	sge.visui.layout.DragPane$DragPaneListener$LimitChildren#accept(DragPane,Actor)	def	c055d0561475d4e4
sge.visui.layout.DragPane	sge.visui.layout.DragPane$DragPaneListener$LimitChildren#max	val	3fe718aebc41b30a
sge.visui.layout.FloatingGroup	sge.visui.layout.FloatingGroup	class	ad77ff7be6baf19f
sge.visui.layout.FloatingGroup	sge.visui.layout.FloatingGroup#<init>(Sge)	ctor	1fa6b40f20e67909
sge.visui.layout.FloatingGroup	sge.visui.layout.FloatingGroup#<init>(float,float,Sge)	ctor	94c2ecc6d9ed1139
sge.visui.layout.FloatingGroup	sge.visui.layout.FloatingGroup#getPrefHeight()	def	2cbf95963edeaa30
sge.visui.layout.FloatingGroup	sge.visui.layout.FloatingGroup#getPrefWidth()	def	40b620340ab80fba
sge.visui.layout.FloatingGroup	sge.visui.layout.FloatingGroup#isUseChildrenPreferredSize()	def	ae590d913785ebf2
sge.visui.layout.FloatingGroup	sge.visui.layout.FloatingGroup#layout()	def	871c7db8b0252c19
sge.visui.layout.FloatingGroup	sge.visui.layout.FloatingGroup#prefHeight	val	24a59deb68a83c20
sge.visui.layout.FloatingGroup	sge.visui.layout.FloatingGroup#prefWidth	val	462a0aaefcd4ab97
sge.visui.layout.FloatingGroup	sge.visui.layout.FloatingGroup#setPrefHeight(float)	def	d00f3e5259f7c4d8
sge.visui.layout.FloatingGroup	sge.visui.layout.FloatingGroup#setPrefWidth(float)	def	cdb4d4682e108c1f
sge.visui.layout.FloatingGroup	sge.visui.layout.FloatingGroup#setUseChildrenPreferredSize(boolean)	def	440d3a85c2382c75
sge.visui.layout.FloatingGroup	sge.visui.layout.FloatingGroup#useChildrenPreferredSize	val	f0f5a1dbe2293d9c
sge.visui.layout.FlowGroup	sge.visui.layout.FlowGroup	class	faf9754fd7303a5e
sge.visui.layout.FlowGroup	sge.visui.layout.FlowGroup#<init>(boolean,Sge)	ctor	40e77567c6dd0d07
sge.visui.layout.FlowGroup	sge.visui.layout.FlowGroup#<stmt1>	stmt	b9293bb40e7c975a
sge.visui.layout.FlowGroup	sge.visui.layout.FlowGroup#<stmt2>	stmt	318e64da5fd41370
sge.visui.layout.FlowGroup	sge.visui.layout.FlowGroup#<stmt3>	stmt	38fceb2beb86ad1d
sge.visui.layout.FlowGroup	sge.visui.layout.FlowGroup#DEFAULT_SPACING	val	a571a3b917956335
sge.visui.layout.FlowGroup	sge.visui.layout.FlowGroup#computeSize()	def	1be5284172a9d1ab
sge.visui.layout.FlowGroup	sge.visui.layout.FlowGroup#computeSizeHorizontal()	def	a05741d2fa645542
sge.visui.layout.FlowGroup	sge.visui.layout.FlowGroup#computeSizeIfNeeded()	def	edf7095e26038335
sge.visui.layout.FlowGroup	sge.visui.layout.FlowGroup#computeSizeVertical()	def	eb7980b8ed717a14
sge.visui.layout.FlowGroup	sge.visui.layout.FlowGroup#getMinHeight()	def	2c804d1dd171ab76
sge.visui.layout.FlowGroup	sge.visui.layout.FlowGroup#getMinWidth()	def	d00184fbb00339e6
sge.visui.layout.FlowGroup	sge.visui.layout.FlowGroup#getPrefHeight()	def	b1269353ddfb3fcd
sge.visui.layout.FlowGroup	sge.visui.layout.FlowGroup#getPrefWidth()	def	1d7a6c136387807b
sge.visui.layout.FlowGroup	sge.visui.layout.FlowGroup#getSpacing()	def	3e2f1c30b28ab70a
sge.visui.layout.FlowGroup	sge.visui.layout.FlowGroup#invalidate()	def	3de915bd534df89a
sge.visui.layout.FlowGroup	sge.visui.layout.FlowGroup#isVertical()	def	8f62712d23804480
sge.visui.layout.FlowGroup	sge.visui.layout.FlowGroup#layout()	def	743cab9370fa1761
sge.visui.layout.FlowGroup	sge.visui.layout.FlowGroup#layoutHorizontal()	def	88444e9a9b2f4806
sge.visui.layout.FlowGroup	sge.visui.layout.FlowGroup#layoutVertical()	def	a3d1b94e62134e03
sge.visui.layout.FlowGroup	sge.visui.layout.FlowGroup#layoutedHeight	val	1a360702a93fd676
sge.visui.layout.FlowGroup	sge.visui.layout.FlowGroup#layoutedWidth	val	ae8dc63193155cfa
sge.visui.layout.FlowGroup	sge.visui.layout.FlowGroup#minHeight	val	c946dcb1d0bb6c8f
sge.visui.layout.FlowGroup	sge.visui.layout.FlowGroup#minWidth	val	39019c2b8d86ee55
sge.visui.layout.FlowGroup	sge.visui.layout.FlowGroup#relaxedHeight	val	70b96f5a5adbb779
sge.visui.layout.FlowGroup	sge.visui.layout.FlowGroup#relaxedWidth	val	0edf357837445830
sge.visui.layout.FlowGroup	sge.visui.layout.FlowGroup#setSpacing(float)	def	c26b868c3267d408
sge.visui.layout.FlowGroup	sge.visui.layout.FlowGroup#setVertical(boolean)	def	82d63876ed933dfc
sge.visui.layout.FlowGroup	sge.visui.layout.FlowGroup#sizeInvalid	val	55eb84a402d1dab5
sge.visui.layout.FlowGroup	sge.visui.layout.FlowGroup#spacing	val	108c4f595e74a9df
sge.visui.layout.FlowGroup	sge.visui.layout.FlowGroup#vertical	val	135c5494fed4c863
sge.visui.layout.GridGroup	sge.visui.layout.GridGroup	class	7d93ea22cf63e344
sge.visui.layout.GridGroup	sge.visui.layout.GridGroup#<init>(Sge)	ctor	756bd1189c1e8691
sge.visui.layout.GridGroup	sge.visui.layout.GridGroup#<init>(float,Sge)	ctor	b385c5b268c1220c
sge.visui.layout.GridGroup	sge.visui.layout.GridGroup#<init>(float,float,Sge)	ctor	7ab32adb8d9cfb38
sge.visui.layout.GridGroup	sge.visui.layout.GridGroup#computeSize()	def	d804ed2a73162fa8
sge.visui.layout.GridGroup	sge.visui.layout.GridGroup#getItemHeight()	def	bf78a05e47705e47
sge.visui.layout.GridGroup	sge.visui.layout.GridGroup#getItemWidth()	def	2a7d40b75f32ca19
sge.visui.layout.GridGroup	sge.visui.layout.GridGroup#getPrefHeight()	def	67a037757ae2b85a
sge.visui.layout.GridGroup	sge.visui.layout.GridGroup#getPrefWidth()	def	bd4b05cda6986b97
sge.visui.layout.GridGroup	sge.visui.layout.GridGroup#getSpacing()	def	3e2f1c30b28ab70a
sge.visui.layout.GridGroup	sge.visui.layout.GridGroup#invalidate()	def	1aec628741a0bf77
sge.visui.layout.GridGroup	sge.visui.layout.GridGroup#itemHeight	val	59f4e9ed084232b2
sge.visui.layout.GridGroup	sge.visui.layout.GridGroup#itemWidth	val	a1ce857e9505c58f
sge.visui.layout.GridGroup	sge.visui.layout.GridGroup#lastPrefHeight	val	c1f8b42ba6245e7d
sge.visui.layout.GridGroup	sge.visui.layout.GridGroup#layout()	def	ff198ae410aed319
sge.visui.layout.GridGroup	sge.visui.layout.GridGroup#prefHeight	val	24a59deb68a83c20
sge.visui.layout.GridGroup	sge.visui.layout.GridGroup#prefWidth	val	462a0aaefcd4ab97
sge.visui.layout.GridGroup	sge.visui.layout.GridGroup#setItemHeight(float)	def	c441c84bc1f913c2
sge.visui.layout.GridGroup	sge.visui.layout.GridGroup#setItemSize(float)	def	c2f6961ea593abbf
sge.visui.layout.GridGroup	sge.visui.layout.GridGroup#setItemSize(float,float)	def	aa5a5ee34cbc6353
sge.visui.layout.GridGroup	sge.visui.layout.GridGroup#setItemWidth(float)	def	68fc245814266dda
sge.visui.layout.GridGroup	sge.visui.layout.GridGroup#setSpacing(float)	def	c26b868c3267d408
sge.visui.layout.GridGroup	sge.visui.layout.GridGroup#sizeInvalid	val	55eb84a402d1dab5
sge.visui.layout.GridGroup	sge.visui.layout.GridGroup#spacing	val	f2155c0c2f331045
sge.visui.layout.HorizontalFlowGroup	sge.visui.layout.HorizontalFlowGroup	class	f3dceb4d1787ead9
sge.visui.layout.HorizontalFlowGroup	sge.visui.layout.HorizontalFlowGroup#<init>(Sge)	ctor	1f8a21528ce0fea2
sge.visui.layout.HorizontalFlowGroup	sge.visui.layout.HorizontalFlowGroup#<init>(float,Sge)	ctor	24c88fbba3cedc9e
sge.visui.layout.HorizontalFlowGroup	sge.visui.layout.HorizontalFlowGroup#computeSize()	def	40858fa2bd1820c9
sge.visui.layout.HorizontalFlowGroup	sge.visui.layout.HorizontalFlowGroup#getPrefHeight()	def	67a037757ae2b85a
sge.visui.layout.HorizontalFlowGroup	sge.visui.layout.HorizontalFlowGroup#getPrefWidth()	def	bd4b05cda6986b97
sge.visui.layout.HorizontalFlowGroup	sge.visui.layout.HorizontalFlowGroup#getSpacing()	def	3e2f1c30b28ab70a
sge.visui.layout.HorizontalFlowGroup	sge.visui.layout.HorizontalFlowGroup#invalidate()	def	1aec628741a0bf77
sge.visui.layout.HorizontalFlowGroup	sge.visui.layout.HorizontalFlowGroup#lastPrefHeight	val	c1f8b42ba6245e7d
sge.visui.layout.HorizontalFlowGroup	sge.visui.layout.HorizontalFlowGroup#layout()	def	6ecb3227e5998ea4
sge.visui.layout.HorizontalFlowGroup	sge.visui.layout.HorizontalFlowGroup#prefHeight	val	24a59deb68a83c20
sge.visui.layout.HorizontalFlowGroup	sge.visui.layout.HorizontalFlowGroup#prefWidth	val	462a0aaefcd4ab97
sge.visui.layout.HorizontalFlowGroup	sge.visui.layout.HorizontalFlowGroup#setSpacing(float)	def	c26b868c3267d408
sge.visui.layout.HorizontalFlowGroup	sge.visui.layout.HorizontalFlowGroup#sizeInvalid	val	55eb84a402d1dab5
sge.visui.layout.HorizontalFlowGroup	sge.visui.layout.HorizontalFlowGroup#spacing	val	f2155c0c2f331045
sge.visui.layout.VerticalFlowGroup	sge.visui.layout.VerticalFlowGroup	class	f7f0b9a6671e93cb
sge.visui.layout.VerticalFlowGroup	sge.visui.layout.VerticalFlowGroup#<init>(Sge)	ctor	40b5b475ada18405
sge.visui.layout.VerticalFlowGroup	sge.visui.layout.VerticalFlowGroup#<init>(float,Sge)	ctor	fab56949d21acded
sge.visui.layout.VerticalFlowGroup	sge.visui.layout.VerticalFlowGroup#computeSize()	def	643bb829b80bfab6
sge.visui.layout.VerticalFlowGroup	sge.visui.layout.VerticalFlowGroup#getPrefHeight()	def	67a037757ae2b85a
sge.visui.layout.VerticalFlowGroup	sge.visui.layout.VerticalFlowGroup#getPrefWidth()	def	bd4b05cda6986b97
sge.visui.layout.VerticalFlowGroup	sge.visui.layout.VerticalFlowGroup#getSpacing()	def	3e2f1c30b28ab70a
sge.visui.layout.VerticalFlowGroup	sge.visui.layout.VerticalFlowGroup#invalidate()	def	1aec628741a0bf77
sge.visui.layout.VerticalFlowGroup	sge.visui.layout.VerticalFlowGroup#lastPrefHeight	val	c1f8b42ba6245e7d
sge.visui.layout.VerticalFlowGroup	sge.visui.layout.VerticalFlowGroup#layout()	def	50db478c118bac82
sge.visui.layout.VerticalFlowGroup	sge.visui.layout.VerticalFlowGroup#prefHeight	val	24a59deb68a83c20
sge.visui.layout.VerticalFlowGroup	sge.visui.layout.VerticalFlowGroup#prefWidth	val	462a0aaefcd4ab97
sge.visui.layout.VerticalFlowGroup	sge.visui.layout.VerticalFlowGroup#setSpacing(float)	def	c26b868c3267d408
sge.visui.layout.VerticalFlowGroup	sge.visui.layout.VerticalFlowGroup#sizeInvalid	val	55eb84a402d1dab5
sge.visui.layout.VerticalFlowGroup	sge.visui.layout.VerticalFlowGroup#spacing	val	f2155c0c2f331045
sge.visui.util.ActorUtils	sge.visui.util.ActorUtils	class	457ebb0a4e69a42c
sge.visui.util.ActorUtils	sge.visui.util.ActorUtils#keepWithinStage(Actor)	def	b85f64b16ab1e6eb
sge.visui.util.ActorUtils	sge.visui.util.ActorUtils#keepWithinStage(Stage,Actor)	def	9be0895b8a33ec22
sge.visui.util.BorderOwner	sge.visui.util.BorderOwner	class	256b2be44f3cef34
sge.visui.util.BorderOwner	sge.visui.util.BorderOwner#isFocusBorderEnabled()	def	3f19ec1a5619e071
sge.visui.util.BorderOwner	sge.visui.util.BorderOwner#setFocusBorderEnabled(boolean)	def	eabb61a0632493df
sge.visui.util.ColorUtils	sge.visui.util.ColorUtils	class	baf4d60924f69430
sge.visui.util.ColorUtils	sge.visui.util.ColorUtils#HSVtoRGB(float,float,float)	def	764b513d954ba38e
sge.visui.util.ColorUtils	sge.visui.util.ColorUtils#HSVtoRGB(float,float,float,Color)	def	130a13f4003ce9ce
sge.visui.util.ColorUtils	sge.visui.util.ColorUtils#HSVtoRGB(float,float,float,float)	def	6086a7eb2ee53c9e
sge.visui.util.ColorUtils	sge.visui.util.ColorUtils#RGBtoHSV(Color)	def	2fa2df13114670ef
sge.visui.util.ColorUtils	sge.visui.util.ColorUtils#RGBtoHSV(float,float,float)	def	4564c212599ea2b9
sge.visui.util.CursorManager	sge.visui.util.CursorManager	class	a2c027efc72b5d30
sge.visui.util.CursorManager	sge.visui.util.CursorManager#defaultCursor	val	6deb674ad49d89c7
sge.visui.util.CursorManager	sge.visui.util.CursorManager#defaultSystemCursor	val	b74e442314f30cd1
sge.visui.util.CursorManager	sge.visui.util.CursorManager#restoreDefaultCursor(Sge)	def	724fc36d0cebb4eb
sge.visui.util.CursorManager	sge.visui.util.CursorManager#setDefaultCursor(Cursor)	def	9a7bd8b288545e49
sge.visui.util.CursorManager	sge.visui.util.CursorManager#setDefaultCursor(SystemCursor)	def	59786fdfa8f943c0
sge.visui.util.CursorManager	sge.visui.util.CursorManager#systemCursorAsDefault	val	ae29a4b90418fb39
sge.visui.util.FloatDigitsOnlyFilter	sge.visui.util.FloatDigitsOnlyFilter	class	70ff546d7683ce81
sge.visui.util.FloatDigitsOnlyFilter	sge.visui.util.FloatDigitsOnlyFilter#acceptChar(VisTextField,char)	def	15029db2d4c5378b
sge.visui.util.InputValidator	sge.visui.util.InputValidator	class	3e466831a35f6f64
sge.visui.util.InputValidator	sge.visui.util.InputValidator#validateInput(String)	def	331b40f4a9d9f167
sge.visui.util.IntDigitsOnlyFilter	sge.visui.util.IntDigitsOnlyFilter	class	996432e3a39c3f33
sge.visui.util.IntDigitsOnlyFilter	sge.visui.util.IntDigitsOnlyFilter#acceptChar(VisTextField,char)	def	3d3e33c43b47f2a8
sge.visui.util.NumberDigitsTextFieldFilter	sge.visui.util.NumberDigitsTextFieldFilter	class	15d18069c2e0f1d3
sge.visui.util.NumberDigitsTextFieldFilter	sge.visui.util.NumberDigitsTextFieldFilter#<stmt1>	stmt	628ab2b6b7033e04
sge.visui.util.NumberDigitsTextFieldFilter	sge.visui.util.NumberDigitsTextFieldFilter#acceptNegativeValues	val	174d64b59f62d0bf
sge.visui.util.NumberDigitsTextFieldFilter	sge.visui.util.NumberDigitsTextFieldFilter#isAcceptNegativeValues()	def	846039638a54e6f6
sge.visui.util.NumberDigitsTextFieldFilter	sge.visui.util.NumberDigitsTextFieldFilter#isUseFieldCursorPosition()	def	61eb02fbf3498e84
sge.visui.util.NumberDigitsTextFieldFilter	sge.visui.util.NumberDigitsTextFieldFilter#setAcceptNegativeValues(boolean)	def	7ff25918c45d318b
sge.visui.util.NumberDigitsTextFieldFilter	sge.visui.util.NumberDigitsTextFieldFilter#setUseFieldCursorPosition(boolean)	def	eb0588604a480948
sge.visui.util.NumberDigitsTextFieldFilter	sge.visui.util.NumberDigitsTextFieldFilter#useFieldCursorPosition	val	94d02e67c5706f49
sge.visui.util.OsUtils	sge.visui.util.OsUtils	class	17e81c1cd8f9ef74
sge.visui.util.OsUtils	sge.visui.util.OsUtils#MAC	val	af6bb9b2574df6c0
sge.visui.util.OsUtils	sge.visui.util.OsUtils#OS	val	20aa8855c168dde4
sge.visui.util.OsUtils	sge.visui.util.OsUtils#UNIX	val	0ba8312f161f8cbc
sge.visui.util.OsUtils	sge.visui.util.OsUtils#WINDOWS	val	7bae0f3fce715890
sge.visui.util.OsUtils	sge.visui.util.OsUtils#getAndroidApiLevel(Sge)	def	26e53aa0cf278978
sge.visui.util.OsUtils	sge.visui.util.OsUtils#getShortcutFor(Array<int>)	def	bdbd4a5150fee36d
sge.visui.util.OsUtils	sge.visui.util.OsUtils#isAndroid(Sge)	def	7cbaad384c876e84
sge.visui.util.OsUtils	sge.visui.util.OsUtils#isIos(Sge)	def	473ca460a0825c74
sge.visui.util.OsUtils	sge.visui.util.OsUtils#isMac()	def	edc3e09c7aa850d7
sge.visui.util.OsUtils	sge.visui.util.OsUtils#isUnix()	def	4c4184ac50dd6aad
sge.visui.util.OsUtils	sge.visui.util.OsUtils#isWindows()	def	d28c59907844ebf4
sge.visui.util.TableUtils	sge.visui.util.TableUtils	class	8379cda4d678cd26
sge.visui.util.TableUtils	sge.visui.util.TableUtils#setSpacingDefaults(Table)	def	2d2115e3e1e40c0f
sge.visui.util.ToastManager	sge.visui.util.ToastManager	class	dcb7c89f5f12fdad
sge.visui.util.ToastManager	sge.visui.util.ToastManager#<init>(Group,Sge)	ctor	68e31414e4fe9373
sge.visui.util.ToastManager	sge.visui.util.ToastManager#<init>(Stage,Sge)	ctor	018c19d442a87ecc
sge.visui.util.ToastManager	sge.visui.util.ToastManager#UNTIL_CLOSED	val	ec93e63acdc81db3
sge.visui.util.ToastManager	sge.visui.util.ToastManager#alignment	val	4c5f363779542448
sge.visui.util.ToastManager	sge.visui.util.ToastManager#clear()	def	be954f7fdc72efbf
sge.visui.util.ToastManager	sge.visui.util.ToastManager#getAlignment()	def	3032d359caa6e2d1
sge.visui.util.ToastManager	sge.visui.util.ToastManager#getMessagePadding()	def	2097bb23d0c0c541
sge.visui.util.ToastManager	sge.visui.util.ToastManager#getScreenPadding()	def	a1c1edc6ca66d92a
sge.visui.util.ToastManager	sge.visui.util.ToastManager#getScreenPaddingX()	def	6d36a6a60b329233
sge.visui.util.ToastManager	sge.visui.util.ToastManager#getScreenPaddingY()	def	a5c98fdb1eab80bb
sge.visui.util.ToastManager	sge.visui.util.ToastManager#messagePadding	val	b9fe6586d0568844
sge.visui.util.ToastManager	sge.visui.util.ToastManager#remove(Toast)	def	361caf6812f076aa
sge.visui.util.ToastManager	sge.visui.util.ToastManager#resize()	def	8f3a50d7269a1fe2
sge.visui.util.ToastManager	sge.visui.util.ToastManager#root	val	10223070c55bd9f5
sge.visui.util.ToastManager	sge.visui.util.ToastManager#screenPaddingX	val	aecfd558e9e69f1f
sge.visui.util.ToastManager	sge.visui.util.ToastManager#screenPaddingY	val	00579b45a4da049b
sge.visui.util.ToastManager	sge.visui.util.ToastManager#setAlignment(int)	def	058c2d54d49df16d
sge.visui.util.ToastManager	sge.visui.util.ToastManager#setMessagePadding(int)	def	0101e19fb47a6522
sge.visui.util.ToastManager	sge.visui.util.ToastManager#setScreenPadding(int)	def	b7edc8ed9f54e5eb
sge.visui.util.ToastManager	sge.visui.util.ToastManager#setScreenPadding(int,int)	def	3ec4d68d656c78df
sge.visui.util.ToastManager	sge.visui.util.ToastManager#setScreenPaddingX(int)	def	a26db97c8e5ee7f9
sge.visui.util.ToastManager	sge.visui.util.ToastManager#setScreenPaddingY(int)	def	2f86fedadd76f0e6
sge.visui.util.ToastManager	sge.visui.util.ToastManager#show(String)	def	ff79739f6899bb51
sge.visui.util.ToastManager	sge.visui.util.ToastManager#show(String,float)	def	b7dc7e80c49e0123
sge.visui.util.ToastManager	sge.visui.util.ToastManager#show(Table)	def	e8383917a178713a
sge.visui.util.ToastManager	sge.visui.util.ToastManager#show(Table,float)	def	7f69ea8283b75664
sge.visui.util.ToastManager	sge.visui.util.ToastManager#show(Toast)	def	a215dd856e96f43c
sge.visui.util.ToastManager	sge.visui.util.ToastManager#show(Toast,float)	def	0ba966bc7d6ba2f8
sge.visui.util.ToastManager	sge.visui.util.ToastManager#show(ToastTable)	def	bd16a16ae8bbc1e8
sge.visui.util.ToastManager	sge.visui.util.ToastManager#show(ToastTable,float)	def	8355fe949646befe
sge.visui.util.ToastManager	sge.visui.util.ToastManager#timersTasks	val	887cacf3423844e6
sge.visui.util.ToastManager	sge.visui.util.ToastManager#toFront()	def	09095f66f675373d
sge.visui.util.ToastManager	sge.visui.util.ToastManager#toasts	val	9fba5ed0d9d2a938
sge.visui.util.ToastManager	sge.visui.util.ToastManager#updateToastsPositions()	def	f19d417857cf8940
sge.visui.util.Validators	sge.visui.util.Validators	class	abf657be2c1380c3
sge.visui.util.Validators	sge.visui.util.Validators#FLOATS	val	00b43d0bba8de09a
sge.visui.util.Validators	sge.visui.util.Validators#INTEGERS	val	f878b1908af6e10b
sge.visui.util.Validators	sge.visui.util.Validators$FloatValidator	class	5ad37697c056764b
sge.visui.util.Validators	sge.visui.util.Validators$FloatValidator#validateInput(String)	def	345376fb5dd2fd94
sge.visui.util.Validators	sge.visui.util.Validators$GreaterThanValidator	class	a1ef8cddb42e981c
sge.visui.util.Validators	sge.visui.util.Validators$GreaterThanValidator#<init>(float)	ctor	34d6ef81507beb80
sge.visui.util.Validators	sge.visui.util.Validators$GreaterThanValidator#<init>(float,boolean)	ctor	0ed602fa11804061
sge.visui.util.Validators	sge.visui.util.Validators$GreaterThanValidator#greaterThan	val	5f8d8c7d5aa4798b
sge.visui.util.Validators	sge.visui.util.Validators$GreaterThanValidator#setGreaterThan(float)	def	5b8e9b22ed26de5f
sge.visui.util.Validators	sge.visui.util.Validators$GreaterThanValidator#setUseEquals(boolean)	def	e1f18a35b39fe03b
sge.visui.util.Validators	sge.visui.util.Validators$GreaterThanValidator#useEquals	val	12e84c60e0fe602f
sge.visui.util.Validators	sge.visui.util.Validators$GreaterThanValidator#validateInput(String)	def	b94f6cd0698d2a24
sge.visui.util.Validators	sge.visui.util.Validators$IntegerValidator	class	ce04a1de4fbe4f95
sge.visui.util.Validators	sge.visui.util.Validators$IntegerValidator#validateInput(String)	def	a9df175ac7c3a289
sge.visui.util.Validators	sge.visui.util.Validators$LesserThanValidator	class	c1a68fe9383479a6
sge.visui.util.Validators	sge.visui.util.Validators$LesserThanValidator#<init>(float)	ctor	6aafebd576a362f4
sge.visui.util.Validators	sge.visui.util.Validators$LesserThanValidator#<init>(float,boolean)	ctor	fb5439a66b232bd8
sge.visui.util.Validators	sge.visui.util.Validators$LesserThanValidator#equals	val	5f63b309aee8c8bb
sge.visui.util.Validators	sge.visui.util.Validators$LesserThanValidator#lesserThan	val	b249aba567e5b9da
sge.visui.util.Validators	sge.visui.util.Validators$LesserThanValidator#setLesserThan(float)	def	408df8e360beada7
sge.visui.util.Validators	sge.visui.util.Validators$LesserThanValidator#setUseEquals(boolean)	def	d83d08717bfc0b92
sge.visui.util.Validators	sge.visui.util.Validators$LesserThanValidator#validateInput(String)	def	eb420dbf0eb37838
sge.visui.util.adapter.AbstractListAdapter	sge.visui.util.adapter.AbstractListAdapter	class	de18a3a451e5788c
sge.visui.util.adapter.AbstractListAdapter	sge.visui.util.adapter.AbstractListAdapter#clickListener	val	066785e1ca142f96
sge.visui.util.adapter.AbstractListAdapter	sge.visui.util.adapter.AbstractListAdapter#deselectView(ViewT)	def	6c4959434cf75960
sge.visui.util.adapter.AbstractListAdapter	sge.visui.util.adapter.AbstractListAdapter#fillTable(VisTable)	def	85927db8430e547f
sge.visui.util.adapter.AbstractListAdapter	sge.visui.util.adapter.AbstractListAdapter#getItemsSorter()	def	b9c670b266240c3e
sge.visui.util.adapter.AbstractListAdapter	sge.visui.util.adapter.AbstractListAdapter#getSelection()	def	c481c163e4884332
sge.visui.util.adapter.AbstractListAdapter	sge.visui.util.adapter.AbstractListAdapter#getSelectionManager()	def	e0453753570249b4
sge.visui.util.adapter.AbstractListAdapter	sge.visui.util.adapter.AbstractListAdapter#getSelectionMode()	def	46c2a935cc016a57
sge.visui.util.adapter.AbstractListAdapter	sge.visui.util.adapter.AbstractListAdapter#itemAdded(ItemT)	def	f0b64a3be06ecbff
sge.visui.util.adapter.AbstractListAdapter	sge.visui.util.adapter.AbstractListAdapter#itemRemoved(ItemT)	def	827a68002bf7dabf
sge.visui.util.adapter.AbstractListAdapter	sge.visui.util.adapter.AbstractListAdapter#itemsChanged()	def	eed7555bebddf779
sge.visui.util.adapter.AbstractListAdapter	sge.visui.util.adapter.AbstractListAdapter#itemsComparator	val	face8bd5afd61b2b
sge.visui.util.adapter.AbstractListAdapter	sge.visui.util.adapter.AbstractListAdapter#itemsDataChanged()	def	4b6b24b9352a7a0c
sge.visui.util.adapter.AbstractListAdapter	sge.visui.util.adapter.AbstractListAdapter#prepareViewBeforeAddingToTable(ItemT,ViewT)	def	56cb1b0a6df00a8e
sge.visui.util.adapter.AbstractListAdapter	sge.visui.util.adapter.AbstractListAdapter#selectView(ViewT)	def	f3a940dc67e3b8d2
sge.visui.util.adapter.AbstractListAdapter	sge.visui.util.adapter.AbstractListAdapter#selection	val	7e32f3dc471e32de
sge.visui.util.adapter.AbstractListAdapter	sge.visui.util.adapter.AbstractListAdapter#selectionMode	val	6494e6c655249f93
sge.visui.util.adapter.AbstractListAdapter	sge.visui.util.adapter.AbstractListAdapter#setItemClickListener(ItemClickListener<ItemT>)	def	fa89bed237e54085
sge.visui.util.adapter.AbstractListAdapter	sge.visui.util.adapter.AbstractListAdapter#setItemsSorter(Ordering<ItemT>)	def	c17eadf4ca39f473
sge.visui.util.adapter.AbstractListAdapter	sge.visui.util.adapter.AbstractListAdapter#setListView(ListView<ItemT>,ListAdapterListener)	def	65bca17f938eaae5
sge.visui.util.adapter.AbstractListAdapter	sge.visui.util.adapter.AbstractListAdapter#setSelectionMode(SelectionMode)	def	9d410272aa67601e
sge.visui.util.adapter.AbstractListAdapter	sge.visui.util.adapter.AbstractListAdapter#sort(Ordering<ItemT>)	def	f67e3ecd4d2b4f05
sge.visui.util.adapter.AbstractListAdapter	sge.visui.util.adapter.AbstractListAdapter#updateView(ViewT,ItemT)	def	03a4e573c92d9bd9
sge.visui.util.adapter.AbstractListAdapter	sge.visui.util.adapter.AbstractListAdapter#view	val	7499d2ded2dbf4fa
sge.visui.util.adapter.AbstractListAdapter	sge.visui.util.adapter.AbstractListAdapter#viewListener	val	e4b8d0b390f3889f
sge.visui.util.adapter.AbstractListAdapter	sge.visui.util.adapter.AbstractListAdapter$ListClickListener	class	60fa634adfbdf715
sge.visui.util.adapter.AbstractListAdapter	sge.visui.util.adapter.AbstractListAdapter$ListClickListener#<stmt1>	stmt	4a39b9bbcd5e8ff9
sge.visui.util.adapter.AbstractListAdapter	sge.visui.util.adapter.AbstractListAdapter$ListClickListener#<stmt2>	stmt	75b17fa83cd15d6c
sge.visui.util.adapter.AbstractListAdapter	sge.visui.util.adapter.AbstractListAdapter$ListClickListener#clicked(InputEvent,float,float)	def	67eb0c1cc871c82d
sge.visui.util.adapter.AbstractListAdapter	sge.visui.util.adapter.AbstractListAdapter$ListClickListener#item	val	89a6a4bac48fbc7e
sge.visui.util.adapter.AbstractListAdapter	sge.visui.util.adapter.AbstractListAdapter$ListClickListener#touchDown(InputEvent,float,float,int,int)	def	30314bdb8a09de21
sge.visui.util.adapter.AbstractListAdapter	sge.visui.util.adapter.AbstractListAdapter$ListClickListener#view	val	53e15e04bc712444
sge.visui.util.adapter.AbstractListAdapter	sge.visui.util.adapter.AbstractListAdapter$ListSelection	class	a30ece1c641d1570
sge.visui.util.adapter.AbstractListAdapter	sge.visui.util.adapter.AbstractListAdapter$ListSelection#<stmt1>	stmt	36a8b8e0694ed43c
sge.visui.util.adapter.AbstractListAdapter	sge.visui.util.adapter.AbstractListAdapter$ListSelection#DEFAULT_KEY	val	67497a5a31f352b1
sge.visui.util.adapter.AbstractListAdapter	sge.visui.util.adapter.AbstractListAdapter$ListSelection#adapter	val	2c87e2af09e66189
sge.visui.util.adapter.AbstractListAdapter	sge.visui.util.adapter.AbstractListAdapter$ListSelection#deselect(ItemT)	def	ffeb9675a79382cf
sge.visui.util.adapter.AbstractListAdapter	sge.visui.util.adapter.AbstractListAdapter$ListSelection#deselect(ItemT,ViewT,boolean)	def	fc878d72fb7c1f91
sge.visui.util.adapter.AbstractListAdapter	sge.visui.util.adapter.AbstractListAdapter$ListSelection#deselectAll()	def	03f00998adb4460d
sge.visui.util.adapter.AbstractListAdapter	sge.visui.util.adapter.AbstractListAdapter$ListSelection#deselectAll(boolean)	def	47734ca0cf0b38d2
sge.visui.util.adapter.AbstractListAdapter	sge.visui.util.adapter.AbstractListAdapter$ListSelection#doSelect(ItemT,ViewT,boolean)	def	406276ebb1f724f2
sge.visui.util.adapter.AbstractListAdapter	sge.visui.util.adapter.AbstractListAdapter$ListSelection#getGroupMultiSelectKey()	def	67a5fdfc8f053d41
sge.visui.util.adapter.AbstractListAdapter	sge.visui.util.adapter.AbstractListAdapter$ListSelection#getListener()	def	52a253aeb23fc5af
sge.visui.util.adapter.AbstractListAdapter	sge.visui.util.adapter.AbstractListAdapter$ListSelection#getMultiSelectKey()	def	4da22e9007bb0832
sge.visui.util.adapter.AbstractListAdapter	sge.visui.util.adapter.AbstractListAdapter$ListSelection#getSelection()	def	816f28988411d9e4
sge.visui.util.adapter.AbstractListAdapter	sge.visui.util.adapter.AbstractListAdapter$ListSelection#groupMultiSelectKey	val	b310cff63a87c7ea
sge.visui.util.adapter.AbstractListAdapter	sge.visui.util.adapter.AbstractListAdapter$ListSelection#isGroupMultiSelectKeyPressed()	def	d21ec86ef525fe94
sge.visui.util.adapter.AbstractListAdapter	sge.visui.util.adapter.AbstractListAdapter$ListSelection#isMultiSelectKeyPressed()	def	ac767206ac6d7f67
sge.visui.util.adapter.AbstractListAdapter	sge.visui.util.adapter.AbstractListAdapter$ListSelection#isProgrammaticChangeEvents()	def	35c714a5bfc73921
sge.visui.util.adapter.AbstractListAdapter	sge.visui.util.adapter.AbstractListAdapter$ListSelection#listener	val	e8f3db73e3917250
sge.visui.util.adapter.AbstractListAdapter	sge.visui.util.adapter.AbstractListAdapter$ListSelection#multiSelectKey	val	071a69a7a66d4208
sge.visui.util.adapter.AbstractListAdapter	sge.visui.util.adapter.AbstractListAdapter$ListSelection#programmaticChangeEvents	val	fb9e7111dd12271a
sge.visui.util.adapter.AbstractListAdapter	sge.visui.util.adapter.AbstractListAdapter$ListSelection#select(ItemT)	def	b4323ee4b09d641c
sge.visui.util.adapter.AbstractListAdapter	sge.visui.util.adapter.AbstractListAdapter$ListSelection#select(ItemT,ViewT,boolean)	def	787d7041b0456281
sge.visui.util.adapter.AbstractListAdapter	sge.visui.util.adapter.AbstractListAdapter$ListSelection#selectGroup(ItemT)	def	9dead87c33c0e2ab
sge.visui.util.adapter.AbstractListAdapter	sge.visui.util.adapter.AbstractListAdapter$ListSelection#selection	val	0aa64b5dfa07c07e
sge.visui.util.adapter.AbstractListAdapter	sge.visui.util.adapter.AbstractListAdapter$ListSelection#setGroupMultiSelectKey(int)	def	c61286a72c7dc6fb
sge.visui.util.adapter.AbstractListAdapter	sge.visui.util.adapter.AbstractListAdapter$ListSelection#setListener(ListSelectionListener<ItemT,ViewT>)	def	c4dd9e322f958272
sge.visui.util.adapter.AbstractListAdapter	sge.visui.util.adapter.AbstractListAdapter$ListSelection#setMultiSelectKey(int)	def	dc97f20dde175af4
sge.visui.util.adapter.AbstractListAdapter	sge.visui.util.adapter.AbstractListAdapter$ListSelection#setProgrammaticChangeEvents(boolean)	def	7c20fd0ca7754856
sge.visui.util.adapter.AbstractListAdapter	sge.visui.util.adapter.AbstractListAdapter$ListSelection#touchDown(ViewT,ItemT)	def	bd6f3a774a346f0a
sge.visui.util.adapter.AbstractListAdapter	sge.visui.util.adapter.AbstractListAdapter$ListSelectionListener	class	66df44dc0e552091
sge.visui.util.adapter.AbstractListAdapter	sge.visui.util.adapter.AbstractListAdapter$ListSelectionListener#deselected(ItemT,ViewT)	def	428b7cae1dd4f0bc
sge.visui.util.adapter.AbstractListAdapter	sge.visui.util.adapter.AbstractListAdapter$ListSelectionListener#selected(ItemT,ViewT)	def	4a02338025a1f447
sge.visui.util.adapter.AbstractListAdapter	sge.visui.util.adapter.AbstractListAdapter$SelectionMode	class	0e5b12b3c3f838be
sge.visui.util.adapter.ArrayAdapter	sge.visui.util.adapter.ArrayAdapter	class	3ba322dc084e33a1
sge.visui.util.adapter.ArrayAdapter	sge.visui.util.adapter.ArrayAdapter#<stmt1>	stmt	7806eb1a90208b07
sge.visui.util.adapter.ArrayAdapter	sge.visui.util.adapter.ArrayAdapter#add(ItemT)	def	92e5d64a3bd035dd
sge.visui.util.adapter.ArrayAdapter	sge.visui.util.adapter.ArrayAdapter#addAll(Array<?>)	def	46bd90172aca42b7
sge.visui.util.adapter.ArrayAdapter	sge.visui.util.adapter.ArrayAdapter#addAll(Array<?>,int,int)	def	77334ce5fcf08e05
sge.visui.util.adapter.ArrayAdapter	sge.visui.util.adapter.ArrayAdapter#addAll(Array<ItemT>)	def	597654620742e9c6
sge.visui.util.adapter.ArrayAdapter	sge.visui.util.adapter.ArrayAdapter#addAll(Array<ItemT>,int,int)	def	b798750d08548614
sge.visui.util.adapter.ArrayAdapter	sge.visui.util.adapter.ArrayAdapter#array	val	5e3b7c3c14171b29
sge.visui.util.adapter.ArrayAdapter	sge.visui.util.adapter.ArrayAdapter#clear()	def	eb713a359577f9a6
sge.visui.util.adapter.ArrayAdapter	sge.visui.util.adapter.ArrayAdapter#get(int)	def	775276e2b235e9be
sge.visui.util.adapter.ArrayAdapter	sge.visui.util.adapter.ArrayAdapter#indexOf(ItemT)	def	4e6fbef03f23c62a
sge.visui.util.adapter.ArrayAdapter	sge.visui.util.adapter.ArrayAdapter#insert(int,ItemT)	def	3b1b776419fd7c54
sge.visui.util.adapter.ArrayAdapter	sge.visui.util.adapter.ArrayAdapter#iterable()	def	c76c994d096aed9f
sge.visui.util.adapter.ArrayAdapter	sge.visui.util.adapter.ArrayAdapter#pop()	def	e5338a55976367d4
sge.visui.util.adapter.ArrayAdapter	sge.visui.util.adapter.ArrayAdapter#removeAll(Array<?>,boolean)	def	715e6fd4bb6221f7
sge.visui.util.adapter.ArrayAdapter	sge.visui.util.adapter.ArrayAdapter#removeIndex(int)	def	a23bb6674f0b089d
sge.visui.util.adapter.ArrayAdapter	sge.visui.util.adapter.ArrayAdapter#removeRange(int,int)	def	de4a63828b03ab2d
sge.visui.util.adapter.ArrayAdapter	sge.visui.util.adapter.ArrayAdapter#removeValue(ItemT,boolean)	def	8ae41ff826a42189
sge.visui.util.adapter.ArrayAdapter	sge.visui.util.adapter.ArrayAdapter#reverse()	def	c6a1ceb5ed443259
sge.visui.util.adapter.ArrayAdapter	sge.visui.util.adapter.ArrayAdapter#set(int,ItemT)	def	c1e377cf0abbff52
sge.visui.util.adapter.ArrayAdapter	sge.visui.util.adapter.ArrayAdapter#shuffle()	def	32b12712911d6c3b
sge.visui.util.adapter.ArrayAdapter	sge.visui.util.adapter.ArrayAdapter#size()	def	c7ae565f2a5d5c22
sge.visui.util.adapter.ArrayAdapter	sge.visui.util.adapter.ArrayAdapter#sort(Ordering<ItemT>)	def	a9c6bf65ddcae8f1
sge.visui.util.adapter.ArrayAdapter	sge.visui.util.adapter.ArrayAdapter#swap(int,int)	def	6b547f4829fdd9ae
sge.visui.util.adapter.ArrayListAdapter	sge.visui.util.adapter.ArrayListAdapter	class	45a86bae90d53dc0
sge.visui.util.adapter.ArrayListAdapter	sge.visui.util.adapter.ArrayListAdapter#<stmt1>	stmt	7806eb1a90208b07
sge.visui.util.adapter.ArrayListAdapter	sge.visui.util.adapter.ArrayListAdapter#add(ItemT)	def	d9c64544dfb6a38d
sge.visui.util.adapter.ArrayListAdapter	sge.visui.util.adapter.ArrayListAdapter#add(int,ItemT)	def	539e6d332d1b065c
sge.visui.util.adapter.ArrayListAdapter	sge.visui.util.adapter.ArrayListAdapter#addAll(JavaCollection<?>)	def	7c73616fdf305315
sge.visui.util.adapter.ArrayListAdapter	sge.visui.util.adapter.ArrayListAdapter#addAll(int,JavaCollection<?>)	def	fe75477b4de111c0
sge.visui.util.adapter.ArrayListAdapter	sge.visui.util.adapter.ArrayListAdapter#array	val	24884539b012618f
sge.visui.util.adapter.ArrayListAdapter	sge.visui.util.adapter.ArrayListAdapter#clear()	def	eb713a359577f9a6
sge.visui.util.adapter.ArrayListAdapter	sge.visui.util.adapter.ArrayListAdapter#get(int)	def	1601278fb2b17b45
sge.visui.util.adapter.ArrayListAdapter	sge.visui.util.adapter.ArrayListAdapter#indexOf(ItemT)	def	4ded969e6ceeb175
sge.visui.util.adapter.ArrayListAdapter	sge.visui.util.adapter.ArrayListAdapter#iterable()	def	ad48df2fef9dc127
sge.visui.util.adapter.ArrayListAdapter	sge.visui.util.adapter.ArrayListAdapter#remove(ItemT)	def	b29ab8da3a409244
sge.visui.util.adapter.ArrayListAdapter	sge.visui.util.adapter.ArrayListAdapter#remove(int)	def	ac7edd806dfb9a3d
sge.visui.util.adapter.ArrayListAdapter	sge.visui.util.adapter.ArrayListAdapter#removeAll(JavaCollection<?>)	def	dd4bf113adbc3d4a
sge.visui.util.adapter.ArrayListAdapter	sge.visui.util.adapter.ArrayListAdapter#set(int,ItemT)	def	945957dda3efc977
sge.visui.util.adapter.ArrayListAdapter	sge.visui.util.adapter.ArrayListAdapter#size()	def	c7ae565f2a5d5c22
sge.visui.util.adapter.ArrayListAdapter	sge.visui.util.adapter.ArrayListAdapter#sort(Ordering<ItemT>)	def	bf45680215f205db
sge.visui.util.adapter.CachedItemAdapter	sge.visui.util.adapter.CachedItemAdapter	class	9b290e96730586a1
sge.visui.util.adapter.CachedItemAdapter	sge.visui.util.adapter.CachedItemAdapter#createView(ItemT)	def	ca30773dfc4d87b4
sge.visui.util.adapter.CachedItemAdapter	sge.visui.util.adapter.CachedItemAdapter#getView(ItemT)	def	8b759ceeddd63753
sge.visui.util.adapter.CachedItemAdapter	sge.visui.util.adapter.CachedItemAdapter#getViews()	def	904e62f86206a4c9
sge.visui.util.adapter.CachedItemAdapter	sge.visui.util.adapter.CachedItemAdapter#updateView(ViewT,ItemT)	def	551796097c8a757c
sge.visui.util.adapter.CachedItemAdapter	sge.visui.util.adapter.CachedItemAdapter#views	val	8ed450e480239b71
sge.visui.util.adapter.ItemAdapter	sge.visui.util.adapter.ItemAdapter	class	91c906de1272ee88
sge.visui.util.adapter.ItemAdapter	sge.visui.util.adapter.ItemAdapter#getView(ItemT)	def	5cae43ad87db91e4
sge.visui.util.adapter.ListAdapter	sge.visui.util.adapter.ListAdapter	class	45c263661773bf00
sge.visui.util.adapter.ListAdapter	sge.visui.util.adapter.ListAdapter#add(ItemT)	def	a214902276ab5074
sge.visui.util.adapter.ListAdapter	sge.visui.util.adapter.ListAdapter#fillTable(VisTable)	def	bdd87b3e7e41a79c
sge.visui.util.adapter.ListAdapter	sge.visui.util.adapter.ListAdapter#get(int)	def	0294d21ab7cd93fe
sge.visui.util.adapter.ListAdapter	sge.visui.util.adapter.ListAdapter#indexOf(ItemT)	def	81f8a002b012f496
sge.visui.util.adapter.ListAdapter	sge.visui.util.adapter.ListAdapter#iterable()	def	8790a64ba8757f21
sge.visui.util.adapter.ListAdapter	sge.visui.util.adapter.ListAdapter#setItemClickListener(ItemClickListener<ItemT>)	def	cd20f04e5f74a283
sge.visui.util.adapter.ListAdapter	sge.visui.util.adapter.ListAdapter#setListView(ListView<ItemT>,ListAdapterListener)	def	b0359c68a3f04394
sge.visui.util.adapter.ListAdapter	sge.visui.util.adapter.ListAdapter#size()	def	b65cac40b71f6978
sge.visui.util.adapter.ListSelectionAdapter	sge.visui.util.adapter.ListSelectionAdapter	class	abe63bd9aa0fc9de
sge.visui.util.adapter.ListSelectionAdapter	sge.visui.util.adapter.ListSelectionAdapter#deselected(ItemT,ViewT)	def	4cbcb5297c544c19
sge.visui.util.adapter.ListSelectionAdapter	sge.visui.util.adapter.ListSelectionAdapter#selected(ItemT,ViewT)	def	525f9191da0a9c09
sge.visui.util.adapter.SimpleListAdapter	sge.visui.util.adapter.SimpleListAdapter	class	fe40703159ceef85
sge.visui.util.adapter.SimpleListAdapter	sge.visui.util.adapter.SimpleListAdapter#<init>(Array<ItemT>,Sge)	ctor	b62f029c768a29ab
sge.visui.util.adapter.SimpleListAdapter	sge.visui.util.adapter.SimpleListAdapter#<init>(Array<ItemT>,String,Sge)	ctor	428ff0803ab9292c
sge.visui.util.adapter.SimpleListAdapter	sge.visui.util.adapter.SimpleListAdapter#<stmt1>	stmt	d43bf9f451d17d77
sge.visui.util.adapter.SimpleListAdapter	sge.visui.util.adapter.SimpleListAdapter#createView(ItemT)	def	f7545fd3a54addc2
sge.visui.util.adapter.SimpleListAdapter	sge.visui.util.adapter.SimpleListAdapter#deselectView(VisTable)	def	cdc2a7dbbd033861
sge.visui.util.adapter.SimpleListAdapter	sge.visui.util.adapter.SimpleListAdapter#selectView(VisTable)	def	d977a4433e256908
sge.visui.util.adapter.SimpleListAdapter	sge.visui.util.adapter.SimpleListAdapter#style	val	8128e2b358e0d45f
sge.visui.util.adapter.SimpleListAdapter	sge.visui.util.adapter.SimpleListAdapter$SimpleListAdapterStyle	class	158f5b1b73f33350
sge.visui.util.adapter.SimpleListAdapter	sge.visui.util.adapter.SimpleListAdapter$SimpleListAdapterStyle#<init>()	ctor	a05bd1603a6ac5e0
sge.visui.util.adapter.SimpleListAdapter	sge.visui.util.adapter.SimpleListAdapter$SimpleListAdapterStyle#<init>(Drawable,Drawable)	ctor	01b7445bc8664ccc
sge.visui.util.adapter.SimpleListAdapter	sge.visui.util.adapter.SimpleListAdapter$SimpleListAdapterStyle#<init>(SimpleListAdapterStyle)	ctor	3c91e7973e8db313
sge.visui.util.adapter.SimpleListAdapter	sge.visui.util.adapter.SimpleListAdapter$SimpleListAdapterStyle#background	val	075c4bce4069ca09
sge.visui.util.adapter.SimpleListAdapter	sge.visui.util.adapter.SimpleListAdapter$SimpleListAdapterStyle#selection	val	3b6bbc1f8d18e842
sge.visui.util.async.AsyncTask	sge.visui.util.async.AsyncTask	class	61f928b0f00b9b6f
sge.visui.util.async.AsyncTask	sge.visui.util.async.AsyncTask#<stmt1>	stmt	71be07f0fd13fb6c
sge.visui.util.async.AsyncTask	sge.visui.util.async.AsyncTask#addListener(AsyncTaskListener)	def	8ef9b4c9ea763075
sge.visui.util.async.AsyncTask	sge.visui.util.async.AsyncTask#doInBackground()	def	9d5c4fdbf0014212
sge.visui.util.async.AsyncTask	sge.visui.util.async.AsyncTask#execute()	def	b5b1ac96cd2ee7ad
sge.visui.util.async.AsyncTask	sge.visui.util.async.AsyncTask#executeInBackground()	def	031af80c6719e169
sge.visui.util.async.AsyncTask	sge.visui.util.async.AsyncTask#executeOnGdx(Runnable)	def	9147f2dbfc343167
sge.visui.util.async.AsyncTask	sge.visui.util.async.AsyncTask#failed(Exception)	def	fc58b5f0d5940a4a
sge.visui.util.async.AsyncTask	sge.visui.util.async.AsyncTask#failed(String)	def	a69d544f99b0cce8
sge.visui.util.async.AsyncTask	sge.visui.util.async.AsyncTask#failed(String,Exception)	def	d349c75c89fae0d3
sge.visui.util.async.AsyncTask	sge.visui.util.async.AsyncTask#getStatus()	def	51747759f7fc26ba
sge.visui.util.async.AsyncTask	sge.visui.util.async.AsyncTask#getThreadName()	def	27cd75119866432e
sge.visui.util.async.AsyncTask	sge.visui.util.async.AsyncTask#listeners	val	f71cd212d396bcc9
sge.visui.util.async.AsyncTask	sge.visui.util.async.AsyncTask#removeListener(AsyncTaskListener)	def	4661b9fb7bd28973
sge.visui.util.async.AsyncTask	sge.visui.util.async.AsyncTask#setMessage(String)	def	0a13c86287db281b
sge.visui.util.async.AsyncTask	sge.visui.util.async.AsyncTask#setProgressPercent(int)	def	85899daf5e53d848
sge.visui.util.async.AsyncTask	sge.visui.util.async.AsyncTask#status	val	4656d2301b45c34f
sge.visui.util.async.AsyncTask	sge.visui.util.async.AsyncTask#threadName	val	789057c5f31149a4
sge.visui.util.async.AsyncTask	sge.visui.util.async.AsyncTask$Status	class	4ca69ca05430c7f9
sge.visui.util.async.AsyncTaskListener	sge.visui.util.async.AsyncTaskListener	class	c11a411de8ccf447
sge.visui.util.async.AsyncTaskListener	sge.visui.util.async.AsyncTaskListener#failed(String,Exception)	def	4e6bef0bf20593a8
sge.visui.util.async.AsyncTaskListener	sge.visui.util.async.AsyncTaskListener#finished()	def	127881d434873b70
sge.visui.util.async.AsyncTaskListener	sge.visui.util.async.AsyncTaskListener#messageChanged(String)	def	58eaadea8d09d773
sge.visui.util.async.AsyncTaskListener	sge.visui.util.async.AsyncTaskListener#progressChanged(int)	def	ad28be7dff0ebdf1
sge.visui.util.async.AsyncTaskProgressDialog	progressBar	val	aa9e49095cc2b032
sge.visui.util.async.AsyncTaskProgressDialog	sge.visui.util.async.AsyncTaskProgressDialog	class	7617e7762ebfc527
sge.visui.util.async.AsyncTaskProgressDialog	sge.visui.util.async.AsyncTaskProgressDialog#<stmt10>	stmt	1c5b50b847c0ec2e
sge.visui.util.async.AsyncTaskProgressDialog	sge.visui.util.async.AsyncTaskProgressDialog#<stmt1>	stmt	ddbd6b1110d9d7df
sge.visui.util.async.AsyncTaskProgressDialog	sge.visui.util.async.AsyncTaskProgressDialog#<stmt2>	stmt	60528e66933605cd
sge.visui.util.async.AsyncTaskProgressDialog	sge.visui.util.async.AsyncTaskProgressDialog#<stmt3>	stmt	4b86fd015299ddd5
sge.visui.util.async.AsyncTaskProgressDialog	sge.visui.util.async.AsyncTaskProgressDialog#<stmt4>	stmt	fb63f73ceb9cc00e
sge.visui.util.async.AsyncTaskProgressDialog	sge.visui.util.async.AsyncTaskProgressDialog#<stmt5>	stmt	fe9577f3381745f3
sge.visui.util.async.AsyncTaskProgressDialog	sge.visui.util.async.AsyncTaskProgressDialog#<stmt6>	stmt	d8a40a1dc20b44a4
sge.visui.util.async.AsyncTaskProgressDialog	sge.visui.util.async.AsyncTaskProgressDialog#<stmt7>	stmt	9e41bfb29243048b
sge.visui.util.async.AsyncTaskProgressDialog	sge.visui.util.async.AsyncTaskProgressDialog#<stmt8>	stmt	d8f4da4603150de4
sge.visui.util.async.AsyncTaskProgressDialog	sge.visui.util.async.AsyncTaskProgressDialog#<stmt9>	stmt	e6d028b126e46c53
sge.visui.util.async.AsyncTaskProgressDialog	sge.visui.util.async.AsyncTaskProgressDialog#addListener(AsyncTaskListener)	def	6bf7ead4ce0fe836
sge.visui.util.async.AsyncTaskProgressDialog	sge.visui.util.async.AsyncTaskProgressDialog#getStatus()	def	ce91cf872823926f
sge.visui.util.async.AsyncTaskProgressDialog	sge.visui.util.async.AsyncTaskProgressDialog#getTask()	def	cb201e6e10d74c38
sge.visui.util.async.AsyncTaskProgressDialog	sge.visui.util.async.AsyncTaskProgressDialog#task	val	c756c91b8abb18cd
sge.visui.util.async.AsyncTaskProgressDialog	statusLabel	val	9e4fa32adcb8cd75
sge.visui.util.async.SteppedAsyncTask	sge.visui.util.async.SteppedAsyncTask	class	2bf448b6c8736b24
sge.visui.util.async.SteppedAsyncTask	sge.visui.util.async.SteppedAsyncTask#nextStep()	def	7c558446c387288e
sge.visui.util.async.SteppedAsyncTask	sge.visui.util.async.SteppedAsyncTask#setTotalSteps(int)	def	526ea981a8adef32
sge.visui.util.async.SteppedAsyncTask	sge.visui.util.async.SteppedAsyncTask#step	val	c9638163fbf03a5f
sge.visui.util.async.SteppedAsyncTask	sge.visui.util.async.SteppedAsyncTask#totalSteps	val	b7d511c0740ed1fd
sge.visui.util.dialog.ConfirmDialogListener	sge.visui.util.dialog.ConfirmDialogListener	class	427b27770c393715
sge.visui.util.dialog.ConfirmDialogListener	sge.visui.util.dialog.ConfirmDialogListener#result(T)	def	6ec4caf549eab88e
sge.visui.util.dialog.Dialogs	buttonBar	val	1b9d247ade8e7c4f
sge.visui.util.dialog.Dialogs	cancelBtnListener	val	457f073c3a7b0345
sge.visui.util.dialog.Dialogs	fieldTable	val	adc978d54a101e71
sge.visui.util.dialog.Dialogs	noBtnListener	val	bda78381c6e6e11d
sge.visui.util.dialog.Dialogs	sge.visui.util.dialog.Dialogs	class	c71e2473f86482cb
sge.visui.util.dialog.Dialogs	sge.visui.util.dialog.Dialogs#BUTTON_DETAILS	val	98490c16438ebcfc
sge.visui.util.dialog.Dialogs	sge.visui.util.dialog.Dialogs#BUTTON_OK	val	ce28e11189d611ea
sge.visui.util.dialog.Dialogs	sge.visui.util.dialog.Dialogs#createScrollPane(Actor,Sge)	def	6667c8ab6c697508
sge.visui.util.dialog.Dialogs	sge.visui.util.dialog.Dialogs#getStackTrace(Throwable)	def	b93095eceab39c90
sge.visui.util.dialog.Dialogs	sge.visui.util.dialog.Dialogs#getStackTrace(Throwable,CharArray)	def	d4263d51997c6cb0
sge.visui.util.dialog.Dialogs	sge.visui.util.dialog.Dialogs#showConfirmDialog(Stage,String,String,Array<String>,Array<T>,ConfirmDialogListener<T>,Sge)	def	36fe921c2327778d
sge.visui.util.dialog.Dialogs	sge.visui.util.dialog.Dialogs#showDetailsDialog(Stage,String,String,String,Sge)	def	0aa7e29bb137b74f
sge.visui.util.dialog.Dialogs	sge.visui.util.dialog.Dialogs#showDetailsDialog(Stage,String,String,String,boolean,Sge)	def	289c90d0ab650e2b
sge.visui.util.dialog.Dialogs	sge.visui.util.dialog.Dialogs#showErrorDialog(Stage,String,Sge)	def	cc7d2b25a11a1736
sge.visui.util.dialog.Dialogs	sge.visui.util.dialog.Dialogs#showErrorDialog(Stage,String,String,Sge)	def	ad055d46b48f127d
sge.visui.util.dialog.Dialogs	sge.visui.util.dialog.Dialogs#showErrorDialog(Stage,String,Throwable,Sge)	def	8e220fee198b83e3
sge.visui.util.dialog.Dialogs	sge.visui.util.dialog.Dialogs#showInputDialog(Stage,String,String,InputDialogListener,Sge)	def	ff5c961fe989f7ec
sge.visui.util.dialog.Dialogs	sge.visui.util.dialog.Dialogs#showInputDialog(Stage,String,String,InputValidator,InputDialogListener,Sge)	def	e2374959a5e270fe
sge.visui.util.dialog.Dialogs	sge.visui.util.dialog.Dialogs#showInputDialog(Stage,String,String,boolean,InputDialogListener,Sge)	def	30e48ab3f63f6438
sge.visui.util.dialog.Dialogs	sge.visui.util.dialog.Dialogs#showInputDialog(Stage,String,String,boolean,InputValidator,InputDialogListener,Sge)	def	7157092e8cca8add
sge.visui.util.dialog.Dialogs	sge.visui.util.dialog.Dialogs#showOKDialog(Stage,String,String,Sge)	def	baec91005a9aa439
sge.visui.util.dialog.Dialogs	sge.visui.util.dialog.Dialogs#showOptionDialog(Stage,String,String,OptionDialogType,OptionDialogListener,Sge)	def	2cc309c2bc9335a0
sge.visui.util.dialog.Dialogs	sge.visui.util.dialog.Dialogs$ConfirmDialog	class	c4869b1558aac4f1
sge.visui.util.dialog.Dialogs	sge.visui.util.dialog.Dialogs$ConfirmDialog#<stmt1>	stmt	d7caf86f90467a90
sge.visui.util.dialog.Dialogs	sge.visui.util.dialog.Dialogs$ConfirmDialog#<stmt2>	stmt	231ed38ce4a86cd6
sge.visui.util.dialog.Dialogs	sge.visui.util.dialog.Dialogs$ConfirmDialog#<stmt3>	stmt	a8b3b9e31d4c04f1
sge.visui.util.dialog.Dialogs	sge.visui.util.dialog.Dialogs$ConfirmDialog#<stmt4>	stmt	b0b93a3aa4e6917c
sge.visui.util.dialog.Dialogs	sge.visui.util.dialog.Dialogs$ConfirmDialog#<stmt5>	stmt	afc6bfa720ff0425
sge.visui.util.dialog.Dialogs	sge.visui.util.dialog.Dialogs$ConfirmDialog#<stmt6>	stmt	6c25dfba08f03024
sge.visui.util.dialog.Dialogs	sge.visui.util.dialog.Dialogs$ConfirmDialog#<stmt7>	stmt	1a2a363e542328ce
sge.visui.util.dialog.Dialogs	sge.visui.util.dialog.Dialogs$ConfirmDialog#<stmt8>	stmt	549b5b3d9cad9ab7
sge.visui.util.dialog.Dialogs	sge.visui.util.dialog.Dialogs$ConfirmDialog#listener	val	3768f543100cad92
sge.visui.util.dialog.Dialogs	sge.visui.util.dialog.Dialogs$ConfirmDialog#result(Object)	def	b891bfb6654013f0
sge.visui.util.dialog.Dialogs	sge.visui.util.dialog.Dialogs$DetailsDialog	class	964aab22eab6f5a9
sge.visui.util.dialog.Dialogs	sge.visui.util.dialog.Dialogs$DetailsDialog#<stmt1>	stmt	cdcc5c88d94c564f
sge.visui.util.dialog.Dialogs	sge.visui.util.dialog.Dialogs$DetailsDialog#<stmt2>	stmt	4ae2dae8798fa866
sge.visui.util.dialog.Dialogs	sge.visui.util.dialog.Dialogs$DetailsDialog#<stmt3>	stmt	34a3bd13095fb561
sge.visui.util.dialog.Dialogs	sge.visui.util.dialog.Dialogs$DetailsDialog#<stmt4>	stmt	1a2a363e542328ce
sge.visui.util.dialog.Dialogs	sge.visui.util.dialog.Dialogs$DetailsDialog#<stmt5>	stmt	549b5b3d9cad9ab7
sge.visui.util.dialog.Dialogs	sge.visui.util.dialog.Dialogs$DetailsDialog#copyButton	val	67e8dd82d72e7903
sge.visui.util.dialog.Dialogs	sge.visui.util.dialog.Dialogs$DetailsDialog#detailsCell	val	b7e5ec99d8d664ee
sge.visui.util.dialog.Dialogs	sge.visui.util.dialog.Dialogs$DetailsDialog#detailsLabel	val	1289eda83bcb6713
sge.visui.util.dialog.Dialogs	sge.visui.util.dialog.Dialogs$DetailsDialog#detailsTable	val	41a46272a557ac3d
sge.visui.util.dialog.Dialogs	sge.visui.util.dialog.Dialogs$DetailsDialog#detailsVisible	val	4d1603afafb7c5e3
sge.visui.util.dialog.Dialogs	sge.visui.util.dialog.Dialogs$DetailsDialog#isCopyDetailsButtonVisible()	def	a9cd7602de59aa46
sge.visui.util.dialog.Dialogs	sge.visui.util.dialog.Dialogs$DetailsDialog#isDetailsVisible()	def	1b66da95b6230b55
sge.visui.util.dialog.Dialogs	sge.visui.util.dialog.Dialogs$DetailsDialog#result(Object)	def	f6a9c8e3d691b83c
sge.visui.util.dialog.Dialogs	sge.visui.util.dialog.Dialogs$DetailsDialog#setCopyDetailsButtonVisible(boolean)	def	f869c3d8ca6467f7
sge.visui.util.dialog.Dialogs	sge.visui.util.dialog.Dialogs$DetailsDialog#setDetailsVisible(boolean)	def	35ba8a1609c936c4
sge.visui.util.dialog.Dialogs	sge.visui.util.dialog.Dialogs$DetailsDialog#setWrapDetails(boolean)	def	7128b95effe75d46
sge.visui.util.dialog.Dialogs	sge.visui.util.dialog.Dialogs$InputDialog	class	62c05b5192f6f7cf
sge.visui.util.dialog.Dialogs	sge.visui.util.dialog.Dialogs$InputDialog#<stmt10>	stmt	8cb05ddf340d284d
sge.visui.util.dialog.Dialogs	sge.visui.util.dialog.Dialogs$InputDialog#<stmt11>	stmt	6e3d99fa3b631d98
sge.visui.util.dialog.Dialogs	sge.visui.util.dialog.Dialogs$InputDialog#<stmt12>	stmt	47c36ce13109d041
sge.visui.util.dialog.Dialogs	sge.visui.util.dialog.Dialogs$InputDialog#<stmt13>	stmt	7683b63a5d025971
sge.visui.util.dialog.Dialogs	sge.visui.util.dialog.Dialogs$InputDialog#<stmt14>	stmt	fda632fc495d1585
sge.visui.util.dialog.Dialogs	sge.visui.util.dialog.Dialogs$InputDialog#<stmt15>	stmt	5a4c5c5bb5b39c18
sge.visui.util.dialog.Dialogs	sge.visui.util.dialog.Dialogs$InputDialog#<stmt16>	stmt	1a2a363e542328ce
sge.visui.util.dialog.Dialogs	sge.visui.util.dialog.Dialogs$InputDialog#<stmt17>	stmt	549b5b3d9cad9ab7
sge.visui.util.dialog.Dialogs	sge.visui.util.dialog.Dialogs$InputDialog#<stmt1>	stmt	231ed38ce4a86cd6
sge.visui.util.dialog.Dialogs	sge.visui.util.dialog.Dialogs$InputDialog#<stmt2>	stmt	493e0bd07566aa74
sge.visui.util.dialog.Dialogs	sge.visui.util.dialog.Dialogs$InputDialog#<stmt3>	stmt	fba58fdbdd72adf2
sge.visui.util.dialog.Dialogs	sge.visui.util.dialog.Dialogs$InputDialog#<stmt4>	stmt	f87c1d92731667f7
sge.visui.util.dialog.Dialogs	sge.visui.util.dialog.Dialogs$InputDialog#<stmt5>	stmt	174b6a58d09dc340
sge.visui.util.dialog.Dialogs	sge.visui.util.dialog.Dialogs$InputDialog#<stmt6>	stmt	d56f1f4500fdbc60
sge.visui.util.dialog.Dialogs	sge.visui.util.dialog.Dialogs$InputDialog#<stmt7>	stmt	e55089cd1ea93552
sge.visui.util.dialog.Dialogs	sge.visui.util.dialog.Dialogs$InputDialog#<stmt8>	stmt	bbc8306daf10fe61
sge.visui.util.dialog.Dialogs	sge.visui.util.dialog.Dialogs$InputDialog#<stmt9>	stmt	732e03cd3446a9b5
sge.visui.util.dialog.Dialogs	sge.visui.util.dialog.Dialogs$InputDialog#addListeners()	def	a61e2fc51d815af4
sge.visui.util.dialog.Dialogs	sge.visui.util.dialog.Dialogs$InputDialog#addValidatableFieldListener(VisTextField)	def	2064330c2b734fb7
sge.visui.util.dialog.Dialogs	sge.visui.util.dialog.Dialogs$InputDialog#cancelButton	val	85eee56497ecdb50
sge.visui.util.dialog.Dialogs	sge.visui.util.dialog.Dialogs$InputDialog#closeWindow()	def	31a1b14612d56b7d
sge.visui.util.dialog.Dialogs	sge.visui.util.dialog.Dialogs$InputDialog#field	val	95bab6b543b7f26a
sge.visui.util.dialog.Dialogs	sge.visui.util.dialog.Dialogs$InputDialog#listener	val	abd7d0d13359f902
sge.visui.util.dialog.Dialogs	sge.visui.util.dialog.Dialogs$InputDialog#okButton	val	5935fb720ef8c718
sge.visui.util.dialog.Dialogs	sge.visui.util.dialog.Dialogs$InputDialog#setStage(Stage)	def	b4d926684338b4c5
sge.visui.util.dialog.Dialogs	sge.visui.util.dialog.Dialogs$InputDialog#setText(String)	def	d17697b4077713db
sge.visui.util.dialog.Dialogs	sge.visui.util.dialog.Dialogs$InputDialog#setText(String,boolean)	def	c4f3c49934ff5586
sge.visui.util.dialog.Dialogs	sge.visui.util.dialog.Dialogs$OptionDialog	class	b6a0c7fb4de71398
sge.visui.util.dialog.Dialogs	sge.visui.util.dialog.Dialogs$OptionDialog#<stmt10>	stmt	1a2a363e542328ce
sge.visui.util.dialog.Dialogs	sge.visui.util.dialog.Dialogs$OptionDialog#<stmt11>	stmt	549b5b3d9cad9ab7
sge.visui.util.dialog.Dialogs	sge.visui.util.dialog.Dialogs$OptionDialog#<stmt1>	stmt	fba58fdbdd72adf2
sge.visui.util.dialog.Dialogs	sge.visui.util.dialog.Dialogs$OptionDialog#<stmt2>	stmt	37e037f064717d34
sge.visui.util.dialog.Dialogs	sge.visui.util.dialog.Dialogs$OptionDialog#<stmt3>	stmt	47c36ce13109d041
sge.visui.util.dialog.Dialogs	sge.visui.util.dialog.Dialogs$OptionDialog#<stmt4>	stmt	21bdd9c929f9197e
sge.visui.util.dialog.Dialogs	sge.visui.util.dialog.Dialogs$OptionDialog#<stmt5>	stmt	b0b93a3aa4e6917c
sge.visui.util.dialog.Dialogs	sge.visui.util.dialog.Dialogs$OptionDialog#<stmt6>	stmt	eee0976eb6db8f47
sge.visui.util.dialog.Dialogs	sge.visui.util.dialog.Dialogs$OptionDialog#<stmt7>	stmt	7f3643449773e780
sge.visui.util.dialog.Dialogs	sge.visui.util.dialog.Dialogs$OptionDialog#<stmt8>	stmt	962dbb60f98e5c44
sge.visui.util.dialog.Dialogs	sge.visui.util.dialog.Dialogs$OptionDialog#<stmt9>	stmt	ad5bdef90d646db0
sge.visui.util.dialog.Dialogs	sge.visui.util.dialog.Dialogs$OptionDialog#buttonBar	val	738662f705d4c016
sge.visui.util.dialog.Dialogs	sge.visui.util.dialog.Dialogs$OptionDialog#setCancelButtonText(String)	def	0456bbc0c1d6c5ae
sge.visui.util.dialog.Dialogs	sge.visui.util.dialog.Dialogs$OptionDialog#setNoButtonText(String)	def	d0e3e7852b1fb9e3
sge.visui.util.dialog.Dialogs	sge.visui.util.dialog.Dialogs$OptionDialog#setYesButtonText(String)	def	253161b7b048cd4b
sge.visui.util.dialog.Dialogs	sge.visui.util.dialog.Dialogs$OptionDialogType	class	24bbaade9542eaff
sge.visui.util.dialog.Dialogs	sge.visui.util.dialog.Dialogs$Text	class	c8c59d7e82e11a5b
sge.visui.util.dialog.Dialogs	sge.visui.util.dialog.Dialogs$Text#format()	def	0f2ac00421870f21
sge.visui.util.dialog.Dialogs	sge.visui.util.dialog.Dialogs$Text#format(Array<Object>)	def	824fb2913471f0db
sge.visui.util.dialog.Dialogs	sge.visui.util.dialog.Dialogs$Text#get()	def	86566db2147edfee
sge.visui.util.dialog.Dialogs	sge.visui.util.dialog.Dialogs$Text#getBundle()	def	e5fb8c84c652c3ca
sge.visui.util.dialog.Dialogs	sge.visui.util.dialog.Dialogs$Text#getName()	def	1401cff5507a790f
sge.visui.util.dialog.Dialogs	sge.visui.util.dialog.Dialogs$Text#toString()	def	2ce080f9e62bea25
sge.visui.util.dialog.Dialogs	yesBtnListener	val	f030ba78059e52ac
sge.visui.util.dialog.InputDialogAdapter	sge.visui.util.dialog.InputDialogAdapter	class	72bbbdab8ee32ff0
sge.visui.util.dialog.InputDialogAdapter	sge.visui.util.dialog.InputDialogAdapter#canceled()	def	faf314aab1f6af7e
sge.visui.util.dialog.InputDialogAdapter	sge.visui.util.dialog.InputDialogAdapter#finished(String)	def	76b6609b610f9576
sge.visui.util.dialog.InputDialogListener	sge.visui.util.dialog.InputDialogListener	class	05cc24d07ed96593
sge.visui.util.dialog.InputDialogListener	sge.visui.util.dialog.InputDialogListener#canceled()	def	aba347e964d3550e
sge.visui.util.dialog.InputDialogListener	sge.visui.util.dialog.InputDialogListener#finished(String)	def	efaf7114566cd0c8
sge.visui.util.dialog.OptionDialogAdapter	sge.visui.util.dialog.OptionDialogAdapter	class	2acd967335026d93
sge.visui.util.dialog.OptionDialogAdapter	sge.visui.util.dialog.OptionDialogAdapter#cancel()	def	a3488e1261cceb15
sge.visui.util.dialog.OptionDialogAdapter	sge.visui.util.dialog.OptionDialogAdapter#no()	def	b49bff2a46267f90
sge.visui.util.dialog.OptionDialogAdapter	sge.visui.util.dialog.OptionDialogAdapter#yes()	def	51bab5f6cfffd1ae
sge.visui.util.dialog.OptionDialogListener	sge.visui.util.dialog.OptionDialogListener	class	e604d8b81dda28ab
sge.visui.util.dialog.OptionDialogListener	sge.visui.util.dialog.OptionDialogListener#cancel()	def	46a4137c6ed2eedb
sge.visui.util.dialog.OptionDialogListener	sge.visui.util.dialog.OptionDialogListener#no()	def	14c83e1eda24e021
sge.visui.util.dialog.OptionDialogListener	sge.visui.util.dialog.OptionDialogListener#yes()	def	2b024769298ad157
sge.visui.util.form.FormInputValidator	sge.visui.util.form.FormInputValidator	class	19627106108545e8
sge.visui.util.form.FormInputValidator	sge.visui.util.form.FormInputValidator#<stmt1>	stmt	0cf6b89bd17f3d2e
sge.visui.util.form.FormInputValidator	sge.visui.util.form.FormInputValidator#errorMsg	val	438b860ce7ce5e6e
sge.visui.util.form.FormInputValidator	sge.visui.util.form.FormInputValidator#getErrorMsg()	def	a91c31e5bfe3db61
sge.visui.util.form.FormInputValidator	sge.visui.util.form.FormInputValidator#getLastResult()	def	3cb8414cf4224199
sge.visui.util.form.FormInputValidator	sge.visui.util.form.FormInputValidator#hideErrorOnEmptyInput	val	01dc9d5ce53946d5
sge.visui.util.form.FormInputValidator	sge.visui.util.form.FormInputValidator#hideErrorOnEmptyInput()	def	74b208de99a0e579
sge.visui.util.form.FormInputValidator	sge.visui.util.form.FormInputValidator#isHideErrorOnEmptyInput()	def	c4f6edbd507bfab9
sge.visui.util.form.FormInputValidator	sge.visui.util.form.FormInputValidator#result	val	47d5c06b1c09e690
sge.visui.util.form.FormInputValidator	sge.visui.util.form.FormInputValidator#setErrorMsg(String)	def	bd4b25c208333570
sge.visui.util.form.FormInputValidator	sge.visui.util.form.FormInputValidator#setHideErrorOnEmptyInput(boolean)	def	5ce77941a16d00a6
sge.visui.util.form.FormInputValidator	sge.visui.util.form.FormInputValidator#validate(String)	def	ad792e26dcea2976
sge.visui.util.form.FormInputValidator	sge.visui.util.form.FormInputValidator#validateInput(String)	def	2afb6df1c85d46aa
sge.visui.util.form.FormValidator	sge.visui.util.form.FormValidator	class	3ec5bd71688d707c
sge.visui.util.form.FormValidator	sge.visui.util.form.FormValidator#<init>(Disableable,Label,FormValidatorStyle,Sge)	ctor	ddeef4ca47000deb
sge.visui.util.form.FormValidator	sge.visui.util.form.FormValidator#<init>(Disableable,Label,Sge)	ctor	7297239c9266b902
sge.visui.util.form.FormValidator	sge.visui.util.form.FormValidator#<init>(Disableable,Label,String,Sge)	ctor	eb793acc4adbcaaf
sge.visui.util.form.FormValidator	sge.visui.util.form.FormValidator#<init>(Disableable,Sge)	ctor	b7b6d90e65d1a3f5
sge.visui.util.form.FormValidator	sge.visui.util.form.FormValidator#directory(VisValidatableTextField,String)	def	4ca80f11c3e943b3
sge.visui.util.form.FormValidator	sge.visui.util.form.FormValidator#directoryEmpty(VisValidatableTextField,String)	def	2a8ef1d5966f0594
sge.visui.util.form.FormValidator	sge.visui.util.form.FormValidator#directoryNotEmpty(VisValidatableTextField,String)	def	cbee7ac2df21c620
sge.visui.util.form.FormValidator	sge.visui.util.form.FormValidator#fileExists(VisValidatableTextField,File,String)	def	808945e6271fcdff
sge.visui.util.form.FormValidator	sge.visui.util.form.FormValidator#fileExists(VisValidatableTextField,FileHandle,String)	def	990adbe108cd1daa
sge.visui.util.form.FormValidator	sge.visui.util.form.FormValidator#fileExists(VisValidatableTextField,String)	def	2c96efe0fe64c429
sge.visui.util.form.FormValidator	sge.visui.util.form.FormValidator#fileExists(VisValidatableTextField,VisTextField,String)	def	36aae3952b2a8aea
sge.visui.util.form.FormValidator	sge.visui.util.form.FormValidator#fileExists(VisValidatableTextField,VisTextField,String,boolean)	def	af74288fa875dce0
sge.visui.util.form.FormValidator	sge.visui.util.form.FormValidator#fileNotExists(VisValidatableTextField,File,String)	def	e10605e141568baa
sge.visui.util.form.FormValidator	sge.visui.util.form.FormValidator#fileNotExists(VisValidatableTextField,FileHandle,String)	def	790f25a53655f6da
sge.visui.util.form.FormValidator	sge.visui.util.form.FormValidator#fileNotExists(VisValidatableTextField,String)	def	06aec27f57f3efa8
sge.visui.util.form.FormValidator	sge.visui.util.form.FormValidator#fileNotExists(VisValidatableTextField,VisTextField,String)	def	9ef7ac21c1c9bfb9
sge.visui.util.form.FormValidator	sge.visui.util.form.FormValidator$DirectoryContentValidator	class	378a8480e0c12e8a
sge.visui.util.form.FormValidator	sge.visui.util.form.FormValidator$DirectoryContentValidator#<stmt1>	stmt	b283b64a63c6ab16
sge.visui.util.form.FormValidator	sge.visui.util.form.FormValidator$DirectoryContentValidator#isMustBeEmpty()	def	98fddb5224de92e5
sge.visui.util.form.FormValidator	sge.visui.util.form.FormValidator$DirectoryContentValidator#mustBeEmpty	val	a29da28fffc10a0c
sge.visui.util.form.FormValidator	sge.visui.util.form.FormValidator$DirectoryContentValidator#setMustBeEmpty(boolean)	def	6f8a7bcd87c1ba06
sge.visui.util.form.FormValidator	sge.visui.util.form.FormValidator$DirectoryContentValidator#validate(String)	def	104ed472fd1b543c
sge.visui.util.form.FormValidator	sge.visui.util.form.FormValidator$DirectoryValidator	class	f9916490809daafa
sge.visui.util.form.FormValidator	sge.visui.util.form.FormValidator$DirectoryValidator#validate(String)	def	4f7c9be93baeff97
sge.visui.util.form.FormValidator	sge.visui.util.form.FormValidator$FileExistsValidator	class	56100ca427243355
sge.visui.util.form.FormValidator	sge.visui.util.form.FormValidator$FileExistsValidator#<init>(File,String)	ctor	302a1fb6b853e0f4
sge.visui.util.form.FormValidator	sge.visui.util.form.FormValidator$FileExistsValidator#<init>(File,String,boolean)	ctor	6ae9cbabfb6fe490
sge.visui.util.form.FormValidator	sge.visui.util.form.FormValidator$FileExistsValidator#<init>(String)	ctor	fc6b2d4c4fcd0aea
sge.visui.util.form.FormValidator	sge.visui.util.form.FormValidator$FileExistsValidator#<init>(String,boolean)	ctor	7cbde047c92b1bd4
sge.visui.util.form.FormValidator	sge.visui.util.form.FormValidator$FileExistsValidator#<init>(VisTextField,String)	ctor	ee082467237677a2
sge.visui.util.form.FormValidator	sge.visui.util.form.FormValidator$FileExistsValidator#<init>(VisTextField,String,boolean)	ctor	aa39cc40238cef71
sge.visui.util.form.FormValidator	sge.visui.util.form.FormValidator$FileExistsValidator#<init>(VisTextField,String,boolean,boolean)	ctor	e97cf3574b642290
sge.visui.util.form.FormValidator	sge.visui.util.form.FormValidator$FileExistsValidator#errorIfRelativeEmpty	val	f25645cb75f62335
sge.visui.util.form.FormValidator	sge.visui.util.form.FormValidator$FileExistsValidator#mustNotExist	val	2bf1ba42c19fe6db
sge.visui.util.form.FormValidator	sge.visui.util.form.FormValidator$FileExistsValidator#relativeTo	val	436f894e34476aa2
sge.visui.util.form.FormValidator	sge.visui.util.form.FormValidator$FileExistsValidator#relativeToFile	val	77563863e6081c04
sge.visui.util.form.FormValidator	sge.visui.util.form.FormValidator$FileExistsValidator#setErrorIfRelativeEmpty(boolean)	def	49d1de2219f51502
sge.visui.util.form.FormValidator	sge.visui.util.form.FormValidator$FileExistsValidator#setMustNotExist(boolean)	def	ce193850b08d485a
sge.visui.util.form.FormValidator	sge.visui.util.form.FormValidator$FileExistsValidator#setRelativeToFile(File)	def	c35e03ed21b39d8f
sge.visui.util.form.FormValidator	sge.visui.util.form.FormValidator$FileExistsValidator#setRelativeToTextField(VisTextField)	def	667102be14d77363
sge.visui.util.form.FormValidator	sge.visui.util.form.FormValidator$FileExistsValidator#validate(String)	def	e4353f8e1743974d
sge.visui.util.form.SimpleFormValidator	sge.visui.util.form.SimpleFormValidator	class	3ab516fee5f74365
sge.visui.util.form.SimpleFormValidator	sge.visui.util.form.SimpleFormValidator#<init>(Disableable)	ctor	606908cb12869136
sge.visui.util.form.SimpleFormValidator	sge.visui.util.form.SimpleFormValidator#<init>(Disableable,Label)	ctor	f1d6f7207c3309b5
sge.visui.util.form.SimpleFormValidator	sge.visui.util.form.SimpleFormValidator#<init>(Disableable,Label,FormValidatorStyle)	ctor	81bc1343e1b21862
sge.visui.util.form.SimpleFormValidator	sge.visui.util.form.SimpleFormValidator#<init>(Disableable,Label,String)	ctor	296a3304685ddd2f
sge.visui.util.form.SimpleFormValidator	sge.visui.util.form.SimpleFormValidator#add(VisValidatableTextField)	def	56f44878d41e9006
sge.visui.util.form.SimpleFormValidator	sge.visui.util.form.SimpleFormValidator#addDisableTarget(Disableable)	def	4df9021949426678
sge.visui.util.form.SimpleFormValidator	sge.visui.util.form.SimpleFormValidator#buttons	val	bca312c042e8db31
sge.visui.util.form.SimpleFormValidator	sge.visui.util.form.SimpleFormValidator#changeListener	val	68b8502dcc958691
sge.visui.util.form.SimpleFormValidator	sge.visui.util.form.SimpleFormValidator#checked(Button,String)	def	a60daad86112887d
sge.visui.util.form.SimpleFormValidator	sge.visui.util.form.SimpleFormValidator#custom(VisValidatableTextField,FormInputValidator)	def	06f92b5f2a837f2c
sge.visui.util.form.SimpleFormValidator	sge.visui.util.form.SimpleFormValidator#disableTargets	val	3f3c625f74c58ebc
sge.visui.util.form.SimpleFormValidator	sge.visui.util.form.SimpleFormValidator#errorMsgText	val	b3512d868a9ccd7b
sge.visui.util.form.SimpleFormValidator	sge.visui.util.form.SimpleFormValidator#fields	val	815507bae0a49377
sge.visui.util.form.SimpleFormValidator	sge.visui.util.form.SimpleFormValidator#floatNumber(VisValidatableTextField,String)	def	7f41c4c67b59189e
sge.visui.util.form.SimpleFormValidator	sge.visui.util.form.SimpleFormValidator#formInvalid	val	a02f057ce1a803a8
sge.visui.util.form.SimpleFormValidator	sge.visui.util.form.SimpleFormValidator#integerNumber(VisValidatableTextField,String)	def	be4ed43ed3b663dc
sge.visui.util.form.SimpleFormValidator	sge.visui.util.form.SimpleFormValidator#isTreatDisabledFieldsAsValid()	def	74c69939d213dff1
sge.visui.util.form.SimpleFormValidator	sge.visui.util.form.SimpleFormValidator#messageLabel	val	8c62561d18283594
sge.visui.util.form.SimpleFormValidator	sge.visui.util.form.SimpleFormValidator#notEmpty(VisValidatableTextField,String)	def	5d330fd1ca7ee72b
sge.visui.util.form.SimpleFormValidator	sge.visui.util.form.SimpleFormValidator#removeDisableTarget(Disableable)	def	c195e73deabaae1b
sge.visui.util.form.SimpleFormValidator	sge.visui.util.form.SimpleFormValidator#setMessageLabel(Label)	def	635e50df94f9c121
sge.visui.util.form.SimpleFormValidator	sge.visui.util.form.SimpleFormValidator#setSuccessMessage(String)	def	a147ceef44c6d18b
sge.visui.util.form.SimpleFormValidator	sge.visui.util.form.SimpleFormValidator#setTreatDisabledFieldsAsValid(boolean)	def	f3eb54923fbee894
sge.visui.util.form.SimpleFormValidator	sge.visui.util.form.SimpleFormValidator#style	val	40f681c241cb231b
sge.visui.util.form.SimpleFormValidator	sge.visui.util.form.SimpleFormValidator#successMsg	val	5c65a4d756433f97
sge.visui.util.form.SimpleFormValidator	sge.visui.util.form.SimpleFormValidator#treatDisabledFieldsAsValid	val	5330f57bc389cdc2
sge.visui.util.form.SimpleFormValidator	sge.visui.util.form.SimpleFormValidator#unchecked(Button,String)	def	c78d5cdcaa082dab
sge.visui.util.form.SimpleFormValidator	sge.visui.util.form.SimpleFormValidator#updateWidgets()	def	f262ce0ccbb2978d
sge.visui.util.form.SimpleFormValidator	sge.visui.util.form.SimpleFormValidator#validate()	def	530c54e4aeaf122b
sge.visui.util.form.SimpleFormValidator	sge.visui.util.form.SimpleFormValidator#valueGreaterThan(VisValidatableTextField,String,float)	def	6a723381c9206659
sge.visui.util.form.SimpleFormValidator	sge.visui.util.form.SimpleFormValidator#valueGreaterThan(VisValidatableTextField,String,float,boolean)	def	0b8c3bb4e2cd4721
sge.visui.util.form.SimpleFormValidator	sge.visui.util.form.SimpleFormValidator#valueLesserThan(VisValidatableTextField,String,float)	def	4fd479ad956d9286
sge.visui.util.form.SimpleFormValidator	sge.visui.util.form.SimpleFormValidator#valueLesserThan(VisValidatableTextField,String,float,boolean)	def	33251685b57c3f91
sge.visui.util.form.SimpleFormValidator	sge.visui.util.form.SimpleFormValidator$ChangeSharedListener	class	3b66bd8212de323b
sge.visui.util.form.SimpleFormValidator	sge.visui.util.form.SimpleFormValidator$ChangeSharedListener#changed(ChangeEvent,Actor)	def	0a26ae3f9f1c0396
sge.visui.util.form.SimpleFormValidator	sge.visui.util.form.SimpleFormValidator$CheckedButtonWrapper	class	3eea6d7e553bfabc
sge.visui.util.form.SimpleFormValidator	sge.visui.util.form.SimpleFormValidator$CheckedButtonWrapper#<stmt1>	stmt	ef2595cd898b7d9c
sge.visui.util.form.SimpleFormValidator	sge.visui.util.form.SimpleFormValidator$CheckedButtonWrapper#<stmt2>	stmt	02263d06d62b9f57
sge.visui.util.form.SimpleFormValidator	sge.visui.util.form.SimpleFormValidator$CheckedButtonWrapper#<stmt3>	stmt	23007a206ce0de97
sge.visui.util.form.SimpleFormValidator	sge.visui.util.form.SimpleFormValidator$CheckedButtonWrapper#button	val	60f2e96ee7651494
sge.visui.util.form.SimpleFormValidator	sge.visui.util.form.SimpleFormValidator$CheckedButtonWrapper#errorMsg	val	b776c92718a62e36
sge.visui.util.form.SimpleFormValidator	sge.visui.util.form.SimpleFormValidator$CheckedButtonWrapper#mustBeChecked	val	9b9a9fc4d018197f
sge.visui.util.form.SimpleFormValidator	sge.visui.util.form.SimpleFormValidator$CheckedButtonWrapper#setButtonStateInvalid(boolean)	def	1a7e4370dea6447c
sge.visui.util.form.SimpleFormValidator	sge.visui.util.form.SimpleFormValidator$EmptyInputValidator	class	b45dce41513f0b9d
sge.visui.util.form.SimpleFormValidator	sge.visui.util.form.SimpleFormValidator$EmptyInputValidator#validate(String)	def	8616493043737f72
sge.visui.util.form.SimpleFormValidator	sge.visui.util.form.SimpleFormValidator$FormValidatorStyle	class	4907d62aed71faba
sge.visui.util.form.SimpleFormValidator	sge.visui.util.form.SimpleFormValidator$FormValidatorStyle#<init>()	ctor	a2739d8096660a99
sge.visui.util.form.SimpleFormValidator	sge.visui.util.form.SimpleFormValidator$FormValidatorStyle#<init>(Color,Color)	ctor	c0c619cfd9dae81e
sge.visui.util.form.SimpleFormValidator	sge.visui.util.form.SimpleFormValidator$FormValidatorStyle#<init>(FormValidatorStyle)	ctor	c0eee260e38d706a
sge.visui.util.form.SimpleFormValidator	sge.visui.util.form.SimpleFormValidator$FormValidatorStyle#colorTransitionDuration	val	f29ac504691fa360
sge.visui.util.form.SimpleFormValidator	sge.visui.util.form.SimpleFormValidator$FormValidatorStyle#errorLabelColor	val	cb48242624dcd641
sge.visui.util.form.SimpleFormValidator	sge.visui.util.form.SimpleFormValidator$FormValidatorStyle#validLabelColor	val	278b34344b856a7c
sge.visui.util.form.ValidatorWrapper	sge.visui.util.form.ValidatorWrapper	class	73b7b33ce04df904
sge.visui.util.form.ValidatorWrapper	sge.visui.util.form.ValidatorWrapper#<stmt1>	stmt	941b672e63e16a58
sge.visui.util.form.ValidatorWrapper	sge.visui.util.form.ValidatorWrapper#validate(String)	def	f7d0bcc33a557efa
sge.visui.util.form.ValidatorWrapper	sge.visui.util.form.ValidatorWrapper#validator	val	65095003d1dc9e1c
sge.visui.util.highlight.BaseHighlighter	sge.visui.util.highlight.BaseHighlighter	class	3110a4256de77dd2
sge.visui.util.highlight.BaseHighlighter	sge.visui.util.highlight.BaseHighlighter#addRule(HighlightRule)	def	bd1ca420c1e5ac25
sge.visui.util.highlight.BaseHighlighter	sge.visui.util.highlight.BaseHighlighter#process(HighlightTextArea,Array<Highlight>)	def	b50f8e25a3f464e9
sge.visui.util.highlight.BaseHighlighter	sge.visui.util.highlight.BaseHighlighter#rules	val	57a495835c0e8b9a
sge.visui.util.highlight.BaseHighlighter	sge.visui.util.highlight.BaseHighlighter#word(Color,Array<String>)	def	787e0df8cfffafba
sge.visui.util.highlight.BaseHighlighter	sge.visui.util.highlight.BaseHighlighter#word(Color,String)	def	bd75c39abb83c101
sge.visui.util.highlight.Highlight	sge.visui.util.highlight.Highlight	class	ab77e85d74f74627
sge.visui.util.highlight.Highlight	sge.visui.util.highlight.Highlight#<stmt1>	stmt	00c0a8bbe608aeab
sge.visui.util.highlight.Highlight	sge.visui.util.highlight.Highlight#<stmt2>	stmt	c7e32f8ba509dabd
sge.visui.util.highlight.Highlight	sge.visui.util.highlight.Highlight#<stmt3>	stmt	040225fcbd808575
sge.visui.util.highlight.Highlight	sge.visui.util.highlight.Highlight#<stmt4>	stmt	b8451b3a133fcaa8
sge.visui.util.highlight.Highlight	sge.visui.util.highlight.Highlight#<stmt5>	stmt	e5faf041abd4eaee
sge.visui.util.highlight.Highlight	sge.visui.util.highlight.Highlight#color	val	37c29621fabb786b
sge.visui.util.highlight.Highlight	sge.visui.util.highlight.Highlight#compareTo(Highlight)	def	f30e5f9c152e4d07
sge.visui.util.highlight.Highlight	sge.visui.util.highlight.Highlight#end	val	63ef4d28e2e91fa4
sge.visui.util.highlight.Highlight	sge.visui.util.highlight.Highlight#getColor()	def	69cb53a67e1db1e6
sge.visui.util.highlight.Highlight	sge.visui.util.highlight.Highlight#getEnd()	def	371c4b6bcc180ff6
sge.visui.util.highlight.Highlight	sge.visui.util.highlight.Highlight#getStart()	def	dd2eb1058ccee4c2
sge.visui.util.highlight.Highlight	sge.visui.util.highlight.Highlight#start	val	24e5fca6e0b925af
sge.visui.util.highlight.HighlightRule	sge.visui.util.highlight.HighlightRule	class	9e3039616251bea2
sge.visui.util.highlight.HighlightRule	sge.visui.util.highlight.HighlightRule#process(HighlightTextArea,Array<Highlight>)	def	b05e964457147cf2
sge.visui.util.highlight.Highlighter	sge.visui.util.highlight.Highlighter	class	6e32ad8d81ee9f00
sge.visui.util.highlight.Highlighter	sge.visui.util.highlight.Highlighter#regex(Color,String)	def	f0826d79ee3b4ec4
sge.visui.util.highlight.RegexHighlightRule	sge.visui.util.highlight.RegexHighlightRule	class	7636fdb7ab50bdb2
sge.visui.util.highlight.RegexHighlightRule	sge.visui.util.highlight.RegexHighlightRule#<stmt1>	stmt	040225fcbd808575
sge.visui.util.highlight.RegexHighlightRule	sge.visui.util.highlight.RegexHighlightRule#<stmt2>	stmt	61a81240c723a9c5
sge.visui.util.highlight.RegexHighlightRule	sge.visui.util.highlight.RegexHighlightRule#color	val	37c29621fabb786b
sge.visui.util.highlight.RegexHighlightRule	sge.visui.util.highlight.RegexHighlightRule#pattern	val	c06e9c0920404289
sge.visui.util.highlight.RegexHighlightRule	sge.visui.util.highlight.RegexHighlightRule#process(HighlightTextArea,Array<Highlight>)	def	483f7c13b080faf6
sge.visui.util.highlight.WordHighlightRule	sge.visui.util.highlight.WordHighlightRule	class	106f7560b86c3337
sge.visui.util.highlight.WordHighlightRule	sge.visui.util.highlight.WordHighlightRule#<stmt1>	stmt	040225fcbd808575
sge.visui.util.highlight.WordHighlightRule	sge.visui.util.highlight.WordHighlightRule#<stmt2>	stmt	427f6684eece90de
sge.visui.util.highlight.WordHighlightRule	sge.visui.util.highlight.WordHighlightRule#color	val	37c29621fabb786b
sge.visui.util.highlight.WordHighlightRule	sge.visui.util.highlight.WordHighlightRule#process(HighlightTextArea,Array<Highlight>)	def	32889a880210c277
sge.visui.util.highlight.WordHighlightRule	sge.visui.util.highlight.WordHighlightRule#word	val	febfb2a10fb1283a
sge.visui.util.value.ConstantIfVisibleValue	sge.visui.util.value.ConstantIfVisibleValue	class	35aac990b46e5537
sge.visui.util.value.ConstantIfVisibleValue	sge.visui.util.value.ConstantIfVisibleValue#<init>(Actor,float)	ctor	e5c1b7a9092e2d74
sge.visui.util.value.ConstantIfVisibleValue	sge.visui.util.value.ConstantIfVisibleValue#<init>(float)	ctor	c91b56e2dfa2185a
sge.visui.util.value.ConstantIfVisibleValue	sge.visui.util.value.ConstantIfVisibleValue#actor	val	50183f376aca8eb8
sge.visui.util.value.ConstantIfVisibleValue	sge.visui.util.value.ConstantIfVisibleValue#constant	val	03c39afdcbb67c95
sge.visui.util.value.ConstantIfVisibleValue	sge.visui.util.value.ConstantIfVisibleValue#get(Actor)	def	6fd87849c0aff24f
sge.visui.util.value.PrefHeightIfVisibleValue	sge.visui.util.value.PrefHeightIfVisibleValue	class	f20bbf0ba69f45d1
sge.visui.util.value.PrefHeightIfVisibleValue	sge.visui.util.value.PrefHeightIfVisibleValue#INSTANCE	val	b6214fcc77c9d77a
sge.visui.util.value.PrefHeightIfVisibleValue	sge.visui.util.value.PrefHeightIfVisibleValue#get(Actor)	def	0a7ba340df8ab426
sge.visui.util.value.PrefWidthIfVisibleValue	sge.visui.util.value.PrefWidthIfVisibleValue	class	0e11437f5b563f50
sge.visui.util.value.PrefWidthIfVisibleValue	sge.visui.util.value.PrefWidthIfVisibleValue#INSTANCE	val	f9b1db7b8146d942
sge.visui.util.value.PrefWidthIfVisibleValue	sge.visui.util.value.PrefWidthIfVisibleValue#get(Actor)	def	97e9a965b79be78c
sge.visui.util.value.VisValue	sge.visui.util.value.VisValue	class	049ba9d9f051bc42
sge.visui.util.value.VisValue	sge.visui.util.value.VisValue#<stmt1>	stmt	0f7b6d553bb7f1b1
sge.visui.util.value.VisValue	sge.visui.util.value.VisValue#get(Actor)	def	f5d5a4e8ad8e6271
sge.visui.util.value.VisValue	sge.visui.util.value.VisValue#getter	val	804c74b695cf5bfd
sge.visui.util.value.VisValue	sge.visui.util.value.VisValue$ValueGetter	class	f89283c8195924c9
sge.visui.util.value.VisValue	sge.visui.util.value.VisValue$ValueGetter#get(Actor)	def	c294ab6abeebebbd
sge.visui.util.value.VisWidgetValue	sge.visui.util.value.VisWidgetValue	class	98de32d24c32937f
sge.visui.util.value.VisWidgetValue	sge.visui.util.value.VisWidgetValue#<stmt1>	stmt	0f7b6d553bb7f1b1
sge.visui.util.value.VisWidgetValue	sge.visui.util.value.VisWidgetValue#get(Actor)	def	a98568bcd1191087
sge.visui.util.value.VisWidgetValue	sge.visui.util.value.VisWidgetValue#getter	val	a2f0c7c7d29ba1be
sge.visui.util.value.VisWidgetValue	sge.visui.util.value.VisWidgetValue$WidgetValueGetter	class	7aac059e9f811ae8
sge.visui.util.value.VisWidgetValue	sge.visui.util.value.VisWidgetValue$WidgetValueGetter#get(Widget)	def	7dc5c83c7d019447
sge.visui.widget.BusyBar	sge.visui.widget.BusyBar	class	4981c363dbb0d732
sge.visui.widget.BusyBar	sge.visui.widget.BusyBar#<init>(BusyBarStyle,Sge)	ctor	791ec535277b1a9f
sge.visui.widget.BusyBar	sge.visui.widget.BusyBar#<init>(Sge)	ctor	d37f02522dfb618d
sge.visui.widget.BusyBar	sge.visui.widget.BusyBar#<init>(String,Sge)	ctor	7b3aabea31fc79b6
sge.visui.widget.BusyBar	sge.visui.widget.BusyBar#draw(Batch,float)	def	dc151e161b377738
sge.visui.widget.BusyBar	sge.visui.widget.BusyBar#getPrefHeight()	def	78639c160af1b6ad
sge.visui.widget.BusyBar	sge.visui.widget.BusyBar#getPrefWidth()	def	13395913d903ff3d
sge.visui.widget.BusyBar	sge.visui.widget.BusyBar#getSegmentDeltaX()	def	b07dcd62960f41ec
sge.visui.widget.BusyBar	sge.visui.widget.BusyBar#getStyle()	def	09292edd2262470f
sge.visui.widget.BusyBar	sge.visui.widget.BusyBar#resetSegment()	def	200ae0eda53da390
sge.visui.widget.BusyBar	sge.visui.widget.BusyBar#segmentX	val	eb4be44659e1dc49
sge.visui.widget.BusyBar	sge.visui.widget.BusyBar#style	val	70451938b9287f81
sge.visui.widget.BusyBar	sge.visui.widget.BusyBar$BusyBarStyle	class	b1d9f3739582d78e
sge.visui.widget.BusyBar	sge.visui.widget.BusyBar$BusyBarStyle#<init>()	ctor	9d8e249e5373a483
sge.visui.widget.BusyBar	sge.visui.widget.BusyBar$BusyBarStyle#<init>(BusyBarStyle)	ctor	51dd119a01089ccc
sge.visui.widget.BusyBar	sge.visui.widget.BusyBar$BusyBarStyle#<init>(Drawable,int,int,int)	ctor	53a53625bb90fef4
sge.visui.widget.BusyBar	sge.visui.widget.BusyBar$BusyBarStyle#height	val	f8df0503f45b1626
sge.visui.widget.BusyBar	sge.visui.widget.BusyBar$BusyBarStyle#segment	val	8cc2e6d9bb8cf4bc
sge.visui.widget.BusyBar	sge.visui.widget.BusyBar$BusyBarStyle#segmentOverflow	val	99d4858fe48f12f5
sge.visui.widget.BusyBar	sge.visui.widget.BusyBar$BusyBarStyle#segmentWidth	val	4d0a0109069672cc
sge.visui.widget.ButtonBar	sge.Sge#<given>	val	6d9f199847054ad2
sge.visui.widget.ButtonBar	sge.visui.widget.ButtonBar	class	ca71d8cabc38228f
sge.visui.widget.ButtonBar	sge.visui.widget.ButtonBar#<init>(Sge)	ctor	e009ca6e07c696c0
sge.visui.widget.ButtonBar	sge.visui.widget.ButtonBar#<init>(Sizes,Sge)	ctor	dd3606802fd9b0c5
sge.visui.widget.ButtonBar	sge.visui.widget.ButtonBar#<init>(String,Sge)	ctor	a15bca20378b9fea
sge.visui.widget.ButtonBar	sge.visui.widget.ButtonBar#<stmt1>	stmt	58daf52c003184f4
sge.visui.widget.ButtonBar	sge.visui.widget.ButtonBar#<stmt2>	stmt	a2e034e1c3ece77b
sge.visui.widget.ButtonBar	sge.visui.widget.ButtonBar#<stmt3>	stmt	b8a39cbf3141efe0
sge.visui.widget.ButtonBar	sge.visui.widget.ButtonBar#LINUX_ORDER	val	1c284a9842cf0b34
sge.visui.widget.ButtonBar	sge.visui.widget.ButtonBar#OSX_ORDER	val	25b8aeac4264a43b
sge.visui.widget.ButtonBar	sge.visui.widget.ButtonBar#WINDOWS_ORDER	val	6bb03001b7f202fa
sge.visui.widget.ButtonBar	sge.visui.widget.ButtonBar#buttons	val	0abb591bd2393857
sge.visui.widget.ButtonBar	sge.visui.widget.ButtonBar#createTable()	def	d00ed8dc0a054aeb
sge.visui.widget.ButtonBar	sge.visui.widget.ButtonBar#getButton(ButtonType)	def	ca7c07a763f1dcec
sge.visui.widget.ButtonBar	sge.visui.widget.ButtonBar#getDefaultOrder()	def	44243b423ff275a3
sge.visui.widget.ButtonBar	sge.visui.widget.ButtonBar#getOrder()	def	66a511e16ff3735b
sge.visui.widget.ButtonBar	sge.visui.widget.ButtonBar#getTextButton(ButtonType)	def	b72e884ab9cdf294
sge.visui.widget.ButtonBar	sge.visui.widget.ButtonBar#ignoreSpacing	val	baa213e5b54df39a
sge.visui.widget.ButtonBar	sge.visui.widget.ButtonBar#isIgnoreSpacing()	def	5ec5aa8030e5e87e
sge.visui.widget.ButtonBar	sge.visui.widget.ButtonBar#order	val	901d4eefdf494a44
sge.visui.widget.ButtonBar	sge.visui.widget.ButtonBar#setButton(ButtonType,Button)	def	f8f31b1ff7409ca1
sge.visui.widget.ButtonBar	sge.visui.widget.ButtonBar#setButton(ButtonType,Button,ChangeListener)	def	82fd3d0843c65964
sge.visui.widget.ButtonBar	sge.visui.widget.ButtonBar#setButton(ButtonType,ChangeListener)	def	84c5bae4e210c0b7
sge.visui.widget.ButtonBar	sge.visui.widget.ButtonBar#setButton(ButtonType,String,ChangeListener)	def	38f0424e08fb7531
sge.visui.widget.ButtonBar	sge.visui.widget.ButtonBar#setIgnoreSpacing(boolean)	def	20e33cb3d3ec1b50
sge.visui.widget.ButtonBar	sge.visui.widget.ButtonBar#setOrder(String)	def	7710d311c7d01324
sge.visui.widget.ButtonBar	sge.visui.widget.ButtonBar#sizes	val	716ba7cc095036b5
sge.visui.widget.ButtonBar	sge.visui.widget.ButtonBar$ButtonType	class	f5722790753a17eb
sge.visui.widget.ButtonBar	sge.visui.widget.ButtonBar$ButtonType#getId()	def	d5d447fbe67b6bb7
sge.visui.widget.ButtonBar	sge.visui.widget.ButtonBar$ButtonType#getText()	def	5c2501f5373bd9bc
sge.visui.widget.ButtonBar	sge.visui.widget.ButtonBar$ButtonType#toString()	def	63d35122be518b1a
sge.visui.widget.CollapsibleWidget	sge.visui.widget.CollapsibleWidget	class	1c166c68c65bca0e
sge.visui.widget.CollapsibleWidget	sge.visui.widget.CollapsibleWidget#<init>(Sge)	ctor	414e136a5af45dc6
sge.visui.widget.CollapsibleWidget	sge.visui.widget.CollapsibleWidget#<init>(Table,Sge)	ctor	d9ee415f03a69791
sge.visui.widget.CollapsibleWidget	sge.visui.widget.CollapsibleWidget#<init>(Table,boolean,Sge)	ctor	ed664f958a5fa696
sge.visui.widget.CollapsibleWidget	sge.visui.widget.CollapsibleWidget#actionRunning	val	8b4bc58b58eba1fa
sge.visui.widget.CollapsibleWidget	sge.visui.widget.CollapsibleWidget#childrenChanged()	def	5412ef308b085edc
sge.visui.widget.CollapsibleWidget	sge.visui.widget.CollapsibleWidget#collapseAction	val	613a1b7b2d6fec8e
sge.visui.widget.CollapsibleWidget	sge.visui.widget.CollapsibleWidget#collapseDuration	val	cd7da08a0f682919
sge.visui.widget.CollapsibleWidget	sge.visui.widget.CollapsibleWidget#collapseInterpolation	val	0bf2f73b94e28fc5
sge.visui.widget.CollapsibleWidget	sge.visui.widget.CollapsibleWidget#collapsed	val	8a7343c61cc65ae3
sge.visui.widget.CollapsibleWidget	sge.visui.widget.CollapsibleWidget#currentHeight	val	9375736bc60aa220
sge.visui.widget.CollapsibleWidget	sge.visui.widget.CollapsibleWidget#draw(Batch,float)	def	469b29bc0a76ad89
sge.visui.widget.CollapsibleWidget	sge.visui.widget.CollapsibleWidget#getPrefHeight()	def	f1b758744e92f7ca
sge.visui.widget.CollapsibleWidget	sge.visui.widget.CollapsibleWidget#getPrefWidth()	def	42f7fbd04f57b169
sge.visui.widget.CollapsibleWidget	sge.visui.widget.CollapsibleWidget#isCollapsed()	def	c13c33f4ac21e643
sge.visui.widget.CollapsibleWidget	sge.visui.widget.CollapsibleWidget#layout()	def	4c3cc62890c7d1d3
sge.visui.widget.CollapsibleWidget	sge.visui.widget.CollapsibleWidget#setCollapseDuration(float)	def	9979eef396822b2c
sge.visui.widget.CollapsibleWidget	sge.visui.widget.CollapsibleWidget#setCollapseInterpolation(Interpolation)	def	29457909ad605537
sge.visui.widget.CollapsibleWidget	sge.visui.widget.CollapsibleWidget#setCollapsed(boolean)	def	649a8234b8233a35
sge.visui.widget.CollapsibleWidget	sge.visui.widget.CollapsibleWidget#setCollapsed(boolean,boolean)	def	75730ac79acc682f
sge.visui.widget.CollapsibleWidget	sge.visui.widget.CollapsibleWidget#setTable(Table)	def	5897f077b01e3dae
sge.visui.widget.CollapsibleWidget	sge.visui.widget.CollapsibleWidget#table	val	74c72f5e36091397
sge.visui.widget.CollapsibleWidget	sge.visui.widget.CollapsibleWidget#updateTouchable()	def	bec26a9a7df34e36
sge.visui.widget.CollapsibleWidget	sge.visui.widget.CollapsibleWidget$CollapseAction	class	243b9215fe29f391
sge.visui.widget.CollapsibleWidget	sge.visui.widget.CollapsibleWidget$CollapseAction#update(float)	def	0a97641e377c88ba
sge.visui.widget.Draggable	sge.visui.widget.Draggable	class	fc361d8134126326
sge.visui.widget.Draggable	sge.visui.widget.Draggable#<clinit>	init	356cf39ba344e3f0
sge.visui.widget.Draggable	sge.visui.widget.Draggable#<init>(Sge)	ctor	c33b2f70f6d89e35
sge.visui.widget.Draggable	sge.visui.widget.Draggable#<stmt1>	stmt	802c342302b2cbcb
sge.visui.widget.Draggable	sge.visui.widget.Draggable#<stmt2>	stmt	2be96f736285a733
sge.visui.widget.Draggable	sge.visui.widget.Draggable#BLOCKER	val	37799931539bceec
sge.visui.widget.Draggable	sge.visui.widget.Draggable#BLOCK_INPUT	val	6a358b5f28819c3f
sge.visui.widget.Draggable	sge.visui.widget.Draggable#DEFAULT_ALPHA	val	3a5f884039c62138
sge.visui.widget.Draggable	sge.visui.widget.Draggable#DEFAULT_FADING_TIME	val	d5b20e74b0448389
sge.visui.widget.Draggable	sge.visui.widget.Draggable#DEFAULT_LISTENER	val	1188df53078bd1fb
sge.visui.widget.Draggable	sge.visui.widget.Draggable#DEFAULT_MOVING_TIME	val	cf1946492d88a3bd
sge.visui.widget.Draggable	sge.visui.widget.Draggable#INVISIBLE_ON_DRAG	val	a751a88e0f056114
sge.visui.widget.Draggable	sge.visui.widget.Draggable#KEEP_WITHIN_PARENT	val	08db81ec8dedc629
sge.visui.widget.Draggable	sge.visui.widget.Draggable#MIMIC_COORDINATES	val	b1f33b460c900282
sge.visui.widget.Draggable	sge.visui.widget.Draggable#STAGE_COORDINATES	val	d82d0f6dadd79f3b
sge.visui.widget.Draggable	sge.visui.widget.Draggable#addBlocker(Stage)	def	29614182eb5febda
sge.visui.widget.Draggable	sge.visui.widget.Draggable#addMimicHidingAction(Action,float)	def	bb15dead0923d6ea
sge.visui.widget.Draggable	sge.visui.widget.Draggable#alpha	val	3f4b5e46efe08668
sge.visui.widget.Draggable	sge.visui.widget.Draggable#attachMimic(Actor,InputEvent,float,float)	def	1f10afdb3d686a15
sge.visui.widget.Draggable	sge.visui.widget.Draggable#attachTo(Actor)	def	f9aa72daeb4eb886
sge.visui.widget.Draggable	sge.visui.widget.Draggable#blockInput	val	253b06df902aa991
sge.visui.widget.Draggable	sge.visui.widget.Draggable#deadzoneRadius	val	aa479e791b830430
sge.visui.widget.Draggable	sge.visui.widget.Draggable#dragStartX	val	5c97f81ee619149a
sge.visui.widget.Draggable	sge.visui.widget.Draggable#dragStartY	val	236465e8e841cb38
sge.visui.widget.Draggable	sge.visui.widget.Draggable#fadingInterpolation	val	7b22b45f9e949311
sge.visui.widget.Draggable	sge.visui.widget.Draggable#fadingTime	val	648b6d20f6bb7082
sge.visui.widget.Draggable	sge.visui.widget.Draggable#getAlpha()	def	ec03988eea8f1a08
sge.visui.widget.Draggable	sge.visui.widget.Draggable#getDeadzoneRadius()	def	28e9e3a5547f3765
sge.visui.widget.Draggable	sge.visui.widget.Draggable#getFadingTime()	def	eeeb6e73554eeb0d
sge.visui.widget.Draggable	sge.visui.widget.Draggable#getListener()	def	85923bbadd2e8304
sge.visui.widget.Draggable	sge.visui.widget.Draggable#getMovingTime()	def	67727ccd5099ebe9
sge.visui.widget.Draggable	sge.visui.widget.Draggable#getOffsetX()	def	6fadd8cb4a632ece
sge.visui.widget.Draggable	sge.visui.widget.Draggable#getOffsetY()	def	42d84850dfcae2fd
sge.visui.widget.Draggable	sge.visui.widget.Draggable#getStageCoordinates(InputEvent)	def	c10ef33ca18c3fde
sge.visui.widget.Draggable	sge.visui.widget.Draggable#getStageCoordinatesWithDeadzone(InputEvent)	def	4e9e3241d787fea5
sge.visui.widget.Draggable	sge.visui.widget.Draggable#getStageCoordinatesWithOffset(InputEvent)	def	27498e411a2d16fe
sge.visui.widget.Draggable	sge.visui.widget.Draggable#getStageCoordinatesWithinParent(InputEvent)	def	bbba6f19557e55f7
sge.visui.widget.Draggable	sge.visui.widget.Draggable#invisibleWhenDragged	val	06e40670fa41d240
sge.visui.widget.Draggable	sge.visui.widget.Draggable#isBlockingInput()	def	aa73b8c6cbe7850c
sge.visui.widget.Draggable	sge.visui.widget.Draggable#isDisabled(Actor)	def	2a9a3b287f9152de
sge.visui.widget.Draggable	sge.visui.widget.Draggable#isDragged()	def	9240f172abd51aca
sge.visui.widget.Draggable	sge.visui.widget.Draggable#isInvisibleWhenDragged()	def	6ead9cc86d6798ce
sge.visui.widget.Draggable	sge.visui.widget.Draggable#isKeptWithinParent()	def	234dd3c56f0ab4b0
sge.visui.widget.Draggable	sge.visui.widget.Draggable#isValid(Actor)	def	bab007b9577d5435
sge.visui.widget.Draggable	sge.visui.widget.Draggable#isWithinDeadzone(InputEvent,float,float,float,float)	def	245ae57c3f4369ba
sge.visui.widget.Draggable	sge.visui.widget.Draggable#keepWithinParent	val	90a896ff8187551d
sge.visui.widget.Draggable	sge.visui.widget.Draggable#listener	val	2d8bf347d78d9654
sge.visui.widget.Draggable	sge.visui.widget.Draggable#mimic	val	c3fa46a9e5d08fea
sge.visui.widget.Draggable	sge.visui.widget.Draggable#movingInterpolation	val	58c6ff1bcfd287e0
sge.visui.widget.Draggable	sge.visui.widget.Draggable#movingTime	val	8f4b61d76d2aaf17
sge.visui.widget.Draggable	sge.visui.widget.Draggable#offsetX	val	ea23271d4f56865d
sge.visui.widget.Draggable	sge.visui.widget.Draggable#offsetY	val	adac268706848ada
sge.visui.widget.Draggable	sge.visui.widget.Draggable#removeBlocker()	def	946e2e43fa7fe726
sge.visui.widget.Draggable	sge.visui.widget.Draggable#setAlpha(float)	def	8f03131538dcebef
sge.visui.widget.Draggable	sge.visui.widget.Draggable#setBlockInput(boolean)	def	edc5567107bfd4ca
sge.visui.widget.Draggable	sge.visui.widget.Draggable#setDeadzoneRadius(float)	def	b06932ca510072da
sge.visui.widget.Draggable	sge.visui.widget.Draggable#setFadingInterpolation(Interpolation)	def	5514686eba26b08e
sge.visui.widget.Draggable	sge.visui.widget.Draggable#setFadingTime(float)	def	36906aa9078fd62f
sge.visui.widget.Draggable	sge.visui.widget.Draggable#setInvisibleWhenDragged(boolean)	def	cae9af5d26fc47e0
sge.visui.widget.Draggable	sge.visui.widget.Draggable#setKeepWithinParent(boolean)	def	9932fd7a1152932a
sge.visui.widget.Draggable	sge.visui.widget.Draggable#setListener(DragListener)	def	efb19d94d20819c9
sge.visui.widget.Draggable	sge.visui.widget.Draggable#setMovingInterpolation(Interpolation)	def	d0957640ff44a112
sge.visui.widget.Draggable	sge.visui.widget.Draggable#setMovingTime(float)	def	8c03d9d5193ad9ec
sge.visui.widget.Draggable	sge.visui.widget.Draggable#touchDown(InputEvent,float,float,int,int)	def	854a8be9ddb6750c
sge.visui.widget.Draggable	sge.visui.widget.Draggable#touchDragged(InputEvent,float,float,int)	def	d39e87795276881c
sge.visui.widget.Draggable	sge.visui.widget.Draggable#touchUp(InputEvent,float,float,int,int)	def	90660bbd3653470c
sge.visui.widget.Draggable	sge.visui.widget.Draggable$DragAdapter	class	10e8f921c3875bc9
sge.visui.widget.Draggable	sge.visui.widget.Draggable$DragAdapter#onDrag(Draggable,Actor,float,float)	def	b34bc005c0dc4ced
sge.visui.widget.Draggable	sge.visui.widget.Draggable$DragAdapter#onEnd(Draggable,Actor,float,float)	def	4af5ef61e60e0ee9
sge.visui.widget.Draggable	sge.visui.widget.Draggable$DragAdapter#onStart(Draggable,Actor,float,float)	def	2272b5429ebfb1fc
sge.visui.widget.Draggable	sge.visui.widget.Draggable$DragListener	class	ed72d28334c7fbed
sge.visui.widget.Draggable	sge.visui.widget.Draggable$DragListener#APPROVE	val	0d5add81dc7b0b3d
sge.visui.widget.Draggable	sge.visui.widget.Draggable$DragListener#CANCEL	val	6033feac5b1f52bc
sge.visui.widget.Draggable	sge.visui.widget.Draggable$DragListener#onDrag(Draggable,Actor,float,float)	def	98dab97770c30225
sge.visui.widget.Draggable	sge.visui.widget.Draggable$DragListener#onEnd(Draggable,Actor,float,float)	def	92fe61452dc7f2f5
sge.visui.widget.Draggable	sge.visui.widget.Draggable$DragListener#onStart(Draggable,Actor,float,float)	def	80f198ec0e607149
sge.visui.widget.Draggable	sge.visui.widget.Draggable$MimicActor	class	ad5e1d0c41688212
sge.visui.widget.Draggable	sge.visui.widget.Draggable$MimicActor#<init>(Actor,Sge)	ctor	573d1b56ee05fb40
sge.visui.widget.Draggable	sge.visui.widget.Draggable$MimicActor#<init>(Sge)	ctor	9e3a163f5db7d46f
sge.visui.widget.Draggable	sge.visui.widget.Draggable$MimicActor#LAST_POSITION	val	4e1b68091beacf5b
sge.visui.widget.Draggable	sge.visui.widget.Draggable$MimicActor#actor	val	633beb8a477fe0d8
sge.visui.widget.Draggable	sge.visui.widget.Draggable$MimicActor#draw(Batch,float)	def	1bf746d64fa0fe15
sge.visui.widget.Draggable	sge.visui.widget.Draggable$MimicActor#getActor()	def	7e0e3f43cf268e78
sge.visui.widget.Draggable	sge.visui.widget.Draggable$MimicActor#getHeight()	def	9a75a370acbb3ba2
sge.visui.widget.Draggable	sge.visui.widget.Draggable$MimicActor#getWidth()	def	ecbbfb94f09a9ce3
sge.visui.widget.Draggable	sge.visui.widget.Draggable$MimicActor#remove()	def	1f9afb4b7c150b6b
sge.visui.widget.Draggable	sge.visui.widget.Draggable$MimicActor#setActor(Actor)	def	790c84a2dae7200d
sge.visui.widget.HighlightTextArea	sge.visui.widget.HighlightTextArea	class	86d2e21b1532e850
sge.visui.widget.HighlightTextArea	sge.visui.widget.HighlightTextArea#<init>(String,Sge)	ctor	f429088585f2625e
sge.visui.widget.HighlightTextArea	sge.visui.widget.HighlightTextArea#<init>(String,String,Sge)	ctor	79afbb3831f1458b
sge.visui.widget.HighlightTextArea	sge.visui.widget.HighlightTextArea#<init>(String,VisTextFieldStyle,Sge)	ctor	48e8f5df1bf7e1bf
sge.visui.widget.HighlightTextArea	sge.visui.widget.HighlightTextArea#calculateOffsets()	def	837dd505c2d704e2
sge.visui.widget.HighlightTextArea	sge.visui.widget.HighlightTextArea#chunkUpdateScheduled	val	1ebfd5d54819c8b0
sge.visui.widget.HighlightTextArea	sge.visui.widget.HighlightTextArea#createCompatibleScrollPane()	def	b7b6e6818bd31b60
sge.visui.widget.HighlightTextArea	sge.visui.widget.HighlightTextArea#defaultColor	val	e2382b58a948ff6c
sge.visui.widget.HighlightTextArea	sge.visui.widget.HighlightTextArea#drawText(Batch,BitmapFont,float,float)	def	848e56d87fd1558d
sge.visui.widget.HighlightTextArea	sge.visui.widget.HighlightTextArea#getHighlighter()	def	c90e4d988876ab7e
sge.visui.widget.HighlightTextArea	sge.visui.widget.HighlightTextArea#getPrefHeight()	def	9a93c2ea380d593e
sge.visui.widget.HighlightTextArea	sge.visui.widget.HighlightTextArea#getPrefWidth()	def	9485b933729a063d
sge.visui.widget.HighlightTextArea	sge.visui.widget.HighlightTextArea#highlighter	val	f9b63d0431557db5
sge.visui.widget.HighlightTextArea	sge.visui.widget.HighlightTextArea#highlights	val	f4f408ab5c1ee301
sge.visui.widget.HighlightTextArea	sge.visui.widget.HighlightTextArea#init()	def	9b4f0ab68ce70da6
sge.visui.widget.HighlightTextArea	sge.visui.widget.HighlightTextArea#maxAreaHeight	val	395348202c962905
sge.visui.widget.HighlightTextArea	sge.visui.widget.HighlightTextArea#maxAreaWidth	val	8457f347650da030
sge.visui.widget.HighlightTextArea	sge.visui.widget.HighlightTextArea#processHighlighter()	def	e6ea1435e443350a
sge.visui.widget.HighlightTextArea	sge.visui.widget.HighlightTextArea#renderChunks	val	8b5681affcd5173e
sge.visui.widget.HighlightTextArea	sge.visui.widget.HighlightTextArea#setHighlighter(BaseHighlighter)	def	bfe42b771aca1c11
sge.visui.widget.HighlightTextArea	sge.visui.widget.HighlightTextArea#updateDisplayText()	def	704674cb879c2dff
sge.visui.widget.HighlightTextArea	sge.visui.widget.HighlightTextArea$Chunk	class	080947c9238e6c15
sge.visui.widget.HighlightTextArea	sge.visui.widget.HighlightTextArea$Chunk#<stmt1>	stmt	cca0a63234303397
sge.visui.widget.HighlightTextArea	sge.visui.widget.HighlightTextArea$Chunk#<stmt2>	stmt	e466b965cc6d236c
sge.visui.widget.HighlightTextArea	sge.visui.widget.HighlightTextArea$Chunk#<stmt3>	stmt	c806af94bb64808a
sge.visui.widget.HighlightTextArea	sge.visui.widget.HighlightTextArea$Chunk#<stmt4>	stmt	8d57f5b8adabfc44
sge.visui.widget.HighlightTextArea	sge.visui.widget.HighlightTextArea$Chunk#color	val	ad9ca498e634f37b
sge.visui.widget.HighlightTextArea	sge.visui.widget.HighlightTextArea$Chunk#lineIndex	val	f53f55814b28493a
sge.visui.widget.HighlightTextArea	sge.visui.widget.HighlightTextArea$Chunk#offsetX	val	e42a4c3a4066c742
sge.visui.widget.HighlightTextArea	sge.visui.widget.HighlightTextArea$Chunk#text	val	f523be2b8d3180a7
sge.visui.widget.HorizontalCollapsibleWidget	sge.visui.widget.HorizontalCollapsibleWidget	class	23de8062b807704a
sge.visui.widget.HorizontalCollapsibleWidget	sge.visui.widget.HorizontalCollapsibleWidget#<init>(Sge)	ctor	9da4a393aac6edfb
sge.visui.widget.HorizontalCollapsibleWidget	sge.visui.widget.HorizontalCollapsibleWidget#<init>(Table,Sge)	ctor	d9ee415f03a69791
sge.visui.widget.HorizontalCollapsibleWidget	sge.visui.widget.HorizontalCollapsibleWidget#<init>(Table,boolean,Sge)	ctor	774ff08ed04e5b7e
sge.visui.widget.HorizontalCollapsibleWidget	sge.visui.widget.HorizontalCollapsibleWidget#actionRunning	val	8b4bc58b58eba1fa
sge.visui.widget.HorizontalCollapsibleWidget	sge.visui.widget.HorizontalCollapsibleWidget#childrenChanged()	def	5412ef308b085edc
sge.visui.widget.HorizontalCollapsibleWidget	sge.visui.widget.HorizontalCollapsibleWidget#collapseAction	val	5569d0dd81a7c8a3
sge.visui.widget.HorizontalCollapsibleWidget	sge.visui.widget.HorizontalCollapsibleWidget#collapseDuration	val	cd7da08a0f682919
sge.visui.widget.HorizontalCollapsibleWidget	sge.visui.widget.HorizontalCollapsibleWidget#collapseInterpolation	val	0bf2f73b94e28fc5
sge.visui.widget.HorizontalCollapsibleWidget	sge.visui.widget.HorizontalCollapsibleWidget#collapsed	val	8a7343c61cc65ae3
sge.visui.widget.HorizontalCollapsibleWidget	sge.visui.widget.HorizontalCollapsibleWidget#currentWidth	val	faa8faf0abe95ed7
sge.visui.widget.HorizontalCollapsibleWidget	sge.visui.widget.HorizontalCollapsibleWidget#draw(Batch,float)	def	10112a592663c756
sge.visui.widget.HorizontalCollapsibleWidget	sge.visui.widget.HorizontalCollapsibleWidget#getPrefHeight()	def	bb91f76f6857c1ee
sge.visui.widget.HorizontalCollapsibleWidget	sge.visui.widget.HorizontalCollapsibleWidget#getPrefWidth()	def	a5145da27565dc87
sge.visui.widget.HorizontalCollapsibleWidget	sge.visui.widget.HorizontalCollapsibleWidget#isCollapsed()	def	c13c33f4ac21e643
sge.visui.widget.HorizontalCollapsibleWidget	sge.visui.widget.HorizontalCollapsibleWidget#layout()	def	c87e574e07f1aa1f
sge.visui.widget.HorizontalCollapsibleWidget	sge.visui.widget.HorizontalCollapsibleWidget#setCollapsed(boolean)	def	649a8234b8233a35
sge.visui.widget.HorizontalCollapsibleWidget	sge.visui.widget.HorizontalCollapsibleWidget#setCollapsed(boolean,boolean)	def	207d16425efe9109
sge.visui.widget.HorizontalCollapsibleWidget	sge.visui.widget.HorizontalCollapsibleWidget#setTable(Table)	def	5897f077b01e3dae
sge.visui.widget.HorizontalCollapsibleWidget	sge.visui.widget.HorizontalCollapsibleWidget#table	val	74c72f5e36091397
sge.visui.widget.HorizontalCollapsibleWidget	sge.visui.widget.HorizontalCollapsibleWidget#updateTouchable()	def	bec26a9a7df34e36
sge.visui.widget.HorizontalCollapsibleWidget	sge.visui.widget.HorizontalCollapsibleWidget$CollapseAction	class	3193865c33731172
sge.visui.widget.HorizontalCollapsibleWidget	sge.visui.widget.HorizontalCollapsibleWidget$CollapseAction#update(float)	def	e4e95b1210bc1c46
sge.visui.widget.LinkLabel	sge.visui.widget.LinkLabel	class	0fb5c3b4e79493c0
sge.visui.widget.LinkLabel	sge.visui.widget.LinkLabel#<init>(CharSequence,CharSequence,LinkLabelStyle,Sge)	ctor	b5394194aa75b62b
sge.visui.widget.LinkLabel	sge.visui.widget.LinkLabel#<init>(CharSequence,CharSequence,Sge)	ctor	7193017062e825f3
sge.visui.widget.LinkLabel	sge.visui.widget.LinkLabel#<init>(CharSequence,CharSequence,String,Sge)	ctor	686a38931f64fae0
sge.visui.widget.LinkLabel	sge.visui.widget.LinkLabel#<init>(CharSequence,Color,Sge)	ctor	14de57f5c83fad7f
sge.visui.widget.LinkLabel	sge.visui.widget.LinkLabel#<init>(CharSequence,LinkLabelStyle,Sge)	ctor	d3a42429f788bf93
sge.visui.widget.LinkLabel	sge.visui.widget.LinkLabel#<init>(CharSequence,Sge)	ctor	8c58e2992c774894
sge.visui.widget.LinkLabel	sge.visui.widget.LinkLabel#<init>(CharSequence,String,Color,Sge)	ctor	dbefa825f11dce61
sge.visui.widget.LinkLabel	sge.visui.widget.LinkLabel#<init>(CharSequence,int,Sge)	ctor	9b10f613db32c23e
sge.visui.widget.LinkLabel	sge.visui.widget.LinkLabel#clickListener	val	e48a04cc3ca95c36
sge.visui.widget.LinkLabel	sge.visui.widget.LinkLabel#draw(Batch,float)	def	8f7804a5a84fae46
sge.visui.widget.LinkLabel	sge.visui.widget.LinkLabel#getListener()	def	398f874d6ee18758
sge.visui.widget.LinkLabel	sge.visui.widget.LinkLabel#getStyle()	def	e74895c2de3266f4
sge.visui.widget.LinkLabel	sge.visui.widget.LinkLabel#getUrl()	def	3fa17a9fb6e10c7c
sge.visui.widget.LinkLabel	sge.visui.widget.LinkLabel#init(CharSequence)	def	ae188911600ab0af
sge.visui.widget.LinkLabel	sge.visui.widget.LinkLabel#listener	val	987534a25950dc6a
sge.visui.widget.LinkLabel	sge.visui.widget.LinkLabel#setListener(LinkLabelListener)	def	6aa9e6a3807e5f9c
sge.visui.widget.LinkLabel	sge.visui.widget.LinkLabel#setUrl(CharSequence)	def	a60e5b454e601fbd
sge.visui.widget.LinkLabel	sge.visui.widget.LinkLabel#style	val	0de2071de531ad90
sge.visui.widget.LinkLabel	sge.visui.widget.LinkLabel#tempColor	val	952b4f7b9ec3c28a
sge.visui.widget.LinkLabel	sge.visui.widget.LinkLabel#url	val	2af557328e6cec3a
sge.visui.widget.LinkLabel	sge.visui.widget.LinkLabel$LinkLabelListener	class	908287811216eea8
sge.visui.widget.LinkLabel	sge.visui.widget.LinkLabel$LinkLabelListener#clicked(String)	def	41e79cd20fdd024d
sge.visui.widget.LinkLabel	sge.visui.widget.LinkLabel$LinkLabelStyle	class	178763695a4ad32e
sge.visui.widget.LinkLabel	sge.visui.widget.LinkLabel$LinkLabelStyle#<init>(BitmapFont,Color,Drawable)	ctor	85675151c2ba5d74
sge.visui.widget.LinkLabel	sge.visui.widget.LinkLabel$LinkLabelStyle#<init>(LinkLabelStyle)	ctor	3eaaf4e1e02007a7
sge.visui.widget.LinkLabel	sge.visui.widget.LinkLabel$LinkLabelStyle#underline	val	e22c1d0d4d9876b6
sge.visui.widget.ListView	sge.visui.widget.ListView	class	e0c5e9508cb78b37
sge.visui.widget.ListView	sge.visui.widget.ListView#<init>(ListAdapter<ItemT>,Sge)	ctor	f4fea48c26867341
sge.visui.widget.ListView	sge.visui.widget.ListView#<init>(ListAdapter<ItemT>,String,Sge)	ctor	3a44bf1d0e5ebae3
sge.visui.widget.ListView	sge.visui.widget.ListView#<stmt10>	stmt	a9edcb5e8592379e
sge.visui.widget.ListView	sge.visui.widget.ListView#<stmt11>	stmt	8cb75858f6464c3b
sge.visui.widget.ListView	sge.visui.widget.ListView#<stmt12>	stmt	f7cec7688c8eae30
sge.visui.widget.ListView	sge.visui.widget.ListView#<stmt13>	stmt	3db244612e664597
sge.visui.widget.ListView	sge.visui.widget.ListView#<stmt1>	stmt	7081a5fcb9f647bc
sge.visui.widget.ListView	sge.visui.widget.ListView#<stmt2>	stmt	6828f32321082aa3
sge.visui.widget.ListView	sge.visui.widget.ListView#<stmt3>	stmt	18a602c1495776ca
sge.visui.widget.ListView	sge.visui.widget.ListView#<stmt4>	stmt	c8ed7d1c70eddeb5
sge.visui.widget.ListView	sge.visui.widget.ListView#<stmt5>	stmt	b6feb0a2ca423035
sge.visui.widget.ListView	sge.visui.widget.ListView#<stmt6>	stmt	2e867ab6a95d6b53
sge.visui.widget.ListView	sge.visui.widget.ListView#<stmt7>	stmt	be00db6f0db8b015
sge.visui.widget.ListView	sge.visui.widget.ListView#<stmt8>	stmt	adb0b3a48653ccf0
sge.visui.widget.ListView	sge.visui.widget.ListView#<stmt9>	stmt	8b6c3d6e8a1a3d34
sge.visui.widget.ListView	sge.visui.widget.ListView#adapter	val	f87b0b2226a37af1
sge.visui.widget.ListView	sge.visui.widget.ListView#clickListener	val	066785e1ca142f96
sge.visui.widget.ListView	sge.visui.widget.ListView#dataInvalidated	val	4d86d84f4f816aa6
sge.visui.widget.ListView	sge.visui.widget.ListView#footer	val	bcd0968a8582a2b6
sge.visui.widget.ListView	sge.visui.widget.ListView#getAdapter()	def	2595afc6835b4204
sge.visui.widget.ListView	sge.visui.widget.ListView#getClickListener()	def	99330fb528723ffa
sge.visui.widget.ListView	sge.visui.widget.ListView#getFooter()	def	c96cf1a3dd632d4e
sge.visui.widget.ListView	sge.visui.widget.ListView#getHeader()	def	21b0df37126a5eaf
sge.visui.widget.ListView	sge.visui.widget.ListView#getMainTable()	def	eecd8a0519adfbd0
sge.visui.widget.ListView	sge.visui.widget.ListView#getScrollPane()	def	b65a7926c4a05123
sge.visui.widget.ListView	sge.visui.widget.ListView#getUpdatePolicy()	def	6ebf191fab1edf81
sge.visui.widget.ListView	sge.visui.widget.ListView#header	val	e0973cae82a76e48
sge.visui.widget.ListView	sge.visui.widget.ListView#itemsTable	val	92a87a63b4b1448b
sge.visui.widget.ListView	sge.visui.widget.ListView#mainTable	val	773f5c2a80e7d06e
sge.visui.widget.ListView	sge.visui.widget.ListView#rebuildView()	def	c2f1e63ffe6bf594
sge.visui.widget.ListView	sge.visui.widget.ListView#rebuildView(boolean)	def	a00697f5439d60c1
sge.visui.widget.ListView	sge.visui.widget.ListView#scrollPane	val	88bf1fa864d21206
sge.visui.widget.ListView	sge.visui.widget.ListView#scrollTable	val	80c9b40bbc51a1a0
sge.visui.widget.ListView	sge.visui.widget.ListView#setFooter(Actor)	def	0f48aadf3934adbb
sge.visui.widget.ListView	sge.visui.widget.ListView#setHeader(Actor)	def	74f67638d666769d
sge.visui.widget.ListView	sge.visui.widget.ListView#setItemClickListener(ItemClickListener<ItemT>)	def	6366ad08f77aa31c
sge.visui.widget.ListView	sge.visui.widget.ListView#setUpdatePolicy(UpdatePolicy)	def	b73eb6145c39b4ce
sge.visui.widget.ListView	sge.visui.widget.ListView#updatePolicy	val	64d1376225cff07f
sge.visui.widget.ListView	sge.visui.widget.ListView$ItemClickListener	class	14bb9d792f5d838f
sge.visui.widget.ListView	sge.visui.widget.ListView$ItemClickListener#clicked(ItemT)	def	2a11584d6e6192ef
sge.visui.widget.ListView	sge.visui.widget.ListView$ListAdapterListener	class	bc77f8b6c7c08750
sge.visui.widget.ListView	sge.visui.widget.ListView$ListAdapterListener#invalidateDataSet()	def	c791d9c35ac1e43e
sge.visui.widget.ListView	sge.visui.widget.ListView$ListViewTable	class	7a27786d7bf63a7a
sge.visui.widget.ListView	sge.visui.widget.ListView$ListViewTable#<stmt1>	stmt	fdb99f27227c1b9a
sge.visui.widget.ListView	sge.visui.widget.ListView$ListViewTable#draw(Batch,float)	def	43ff64d1f27a2f5b
sge.visui.widget.ListView	sge.visui.widget.ListView$ListViewTable#getListView()	def	34aa750119ae48c9
sge.visui.widget.ListView	sge.visui.widget.ListView$ListViewTable#listView	val	8934c014c1c56b4b
sge.visui.widget.ListView	sge.visui.widget.ListView$UpdatePolicy	class	4a460458442de34f
sge.visui.widget.ListViewStyle	sge.visui.widget.ListViewStyle	class	4f6a76aecfbebe82
sge.visui.widget.ListViewStyle	sge.visui.widget.ListViewStyle#<init>()	ctor	8aaaa178b0b0e30f
sge.visui.widget.ListViewStyle	sge.visui.widget.ListViewStyle#<init>(ListViewStyle)	ctor	d4fdc95ff3f9d06e
sge.visui.widget.ListViewStyle	sge.visui.widget.ListViewStyle#scrollPaneStyle	val	39efc4d0b31e4e44
sge.visui.widget.Menu	sge.visui.widget.Menu	class	5c40a19faf8c5a75
sge.visui.widget.Menu	sge.visui.widget.Menu#<init>(String,Sge)	ctor	8e8220cc881a70e9
sge.visui.widget.Menu	sge.visui.widget.Menu#<init>(String,String,Sge)	ctor	0dfbd1788f2ee04a
sge.visui.widget.Menu	sge.visui.widget.Menu#<stmt1>	stmt	58efed29f8aeb747
sge.visui.widget.Menu	sge.visui.widget.Menu#<stmt2>	stmt	388d6fd75045190f
sge.visui.widget.Menu	sge.visui.widget.Menu#<stmt3>	stmt	a44883802351ba7c
sge.visui.widget.Menu	sge.visui.widget.Menu#<stmt4>	stmt	b131471e9db2fe82
sge.visui.widget.Menu	sge.visui.widget.Menu#buttonDefault	val	3ac50fe5bb6ae02e
sge.visui.widget.Menu	sge.visui.widget.Menu#deselectButton()	def	d282b37dc240fe5a
sge.visui.widget.Menu	sge.visui.widget.Menu#getOpenButton()	def	aa18ea660cbd447a
sge.visui.widget.Menu	sge.visui.widget.Menu#getTitle()	def	1e80ffcf288597ad
sge.visui.widget.Menu	sge.visui.widget.Menu#menuBar	val	fd696951d8e5ace8
sge.visui.widget.Menu	sge.visui.widget.Menu#openButton	val	3bd91e2667e49f70
sge.visui.widget.Menu	sge.visui.widget.Menu#remove()	def	26cf0e14d547336b
sge.visui.widget.Menu	sge.visui.widget.Menu#selectButton()	def	9a777dbcd497b0e5
sge.visui.widget.Menu	sge.visui.widget.Menu#setMenuBar(MenuBar)	def	b42db7c45ab96063
sge.visui.widget.Menu	sge.visui.widget.Menu#showMenu()	def	1f41ef6338ecc601
sge.visui.widget.Menu	sge.visui.widget.Menu#switchMenu()	def	2263816abec95c69
sge.visui.widget.Menu	sge.visui.widget.Menu#title	val	5674c9f43b21b23d
sge.visui.widget.Menu	sge.visui.widget.Menu$MenuStyle	class	045cbbbefb9c961e
sge.visui.widget.Menu	sge.visui.widget.Menu$MenuStyle#<init>(Drawable,Drawable,VisTextButtonStyle)	ctor	552f01ce49814107
sge.visui.widget.Menu	sge.visui.widget.Menu$MenuStyle#<init>(MenuStyle)	ctor	602356f900c00007
sge.visui.widget.Menu	sge.visui.widget.Menu$MenuStyle#openButtonStyle	val	35c4b705e9cf0621
sge.visui.widget.MenuBar	sge.visui.widget.MenuBar	class	07ec2b18137a8ae0
sge.visui.widget.MenuBar	sge.visui.widget.MenuBar#<init>(Sge)	ctor	0b4978796beb256d
sge.visui.widget.MenuBar	sge.visui.widget.MenuBar#<init>(String,Sge)	ctor	00779ba667653828
sge.visui.widget.MenuBar	sge.visui.widget.MenuBar#<stmt1>	stmt	ecbccad753445864
sge.visui.widget.MenuBar	sge.visui.widget.MenuBar#<stmt2>	stmt	46c7fbab6e3f89e0
sge.visui.widget.MenuBar	sge.visui.widget.MenuBar#<stmt3>	stmt	c07859ce667fb2ab
sge.visui.widget.MenuBar	sge.visui.widget.MenuBar#<stmt4>	stmt	7f0e3dbea81bf089
sge.visui.widget.MenuBar	sge.visui.widget.MenuBar#<stmt5>	stmt	12c760e101d8fef9
sge.visui.widget.MenuBar	sge.visui.widget.MenuBar#addMenu(Menu)	def	21ce1d6beed4084b
sge.visui.widget.MenuBar	sge.visui.widget.MenuBar#closeMenu()	def	d47f057be2f7c22a
sge.visui.widget.MenuBar	sge.visui.widget.MenuBar#currentMenu	val	5a450fcbfcdb0506
sge.visui.widget.MenuBar	sge.visui.widget.MenuBar#getCurrentMenu()	def	b1ee92e525aa2cf7
sge.visui.widget.MenuBar	sge.visui.widget.MenuBar#getTable()	def	30c2ce40dd4846cf
sge.visui.widget.MenuBar	sge.visui.widget.MenuBar#insertMenu(int,Menu)	def	69c2c3a9e40400cb
sge.visui.widget.MenuBar	sge.visui.widget.MenuBar#mainTable	val	768c5ffe21f1fd2f
sge.visui.widget.MenuBar	sge.visui.widget.MenuBar#menuItems	val	83d4e7a8e215acfc
sge.visui.widget.MenuBar	sge.visui.widget.MenuBar#menuListener	val	ee26b4d4cf467a8f
sge.visui.widget.MenuBar	sge.visui.widget.MenuBar#menus	val	85f814d8fd7aa202
sge.visui.widget.MenuBar	sge.visui.widget.MenuBar#rebuild()	def	f004c3633f20621c
sge.visui.widget.MenuBar	sge.visui.widget.MenuBar#removeMenu(Menu)	def	64a15dd6d4a54e2c
sge.visui.widget.MenuBar	sge.visui.widget.MenuBar#setCurrentMenu(Menu)	def	54ae3c774d18c00f
sge.visui.widget.MenuBar	sge.visui.widget.MenuBar#setMenuListener(MenuBarListener)	def	d158e20693b9cf5f
sge.visui.widget.MenuBar	sge.visui.widget.MenuBar$MenuBarListener	class	d28e6d7954519929
sge.visui.widget.MenuBar	sge.visui.widget.MenuBar$MenuBarListener#menuClosed(Menu)	def	88afe8931e039921
sge.visui.widget.MenuBar	sge.visui.widget.MenuBar$MenuBarListener#menuOpened(Menu)	def	9b7982a89c182665
sge.visui.widget.MenuBar	sge.visui.widget.MenuBar$MenuBarStyle	class	37092099117b0aa0
sge.visui.widget.MenuBar	sge.visui.widget.MenuBar$MenuBarStyle#<init>()	ctor	d787d16f17eccb2d
sge.visui.widget.MenuBar	sge.visui.widget.MenuBar$MenuBarStyle#<init>(Drawable)	ctor	1e05707bc68ff993
sge.visui.widget.MenuBar	sge.visui.widget.MenuBar$MenuBarStyle#<init>(MenuBarStyle)	ctor	a86820bf88fdaac1
sge.visui.widget.MenuBar	sge.visui.widget.MenuBar$MenuBarStyle#background	val	075c4bce4069ca09
sge.visui.widget.MenuItem	sge.visui.widget.MenuItem	class	a346bbe4627b428d
sge.visui.widget.MenuItem	sge.visui.widget.MenuItem#<init>(String,ChangeListener,Sge)	ctor	32fc3d7d9a44fb0b
sge.visui.widget.MenuItem	sge.visui.widget.MenuItem#<init>(String,Drawable,ChangeListener,Sge)	ctor	d22cfac147760754
sge.visui.widget.MenuItem	sge.visui.widget.MenuItem#<init>(String,Drawable,MenuItemStyle,Sge)	ctor	aba635659928e7fc
sge.visui.widget.MenuItem	sge.visui.widget.MenuItem#<init>(String,Drawable,Sge)	ctor	31fe63e7649d3218
sge.visui.widget.MenuItem	sge.visui.widget.MenuItem#<init>(String,Drawable,String,Sge)	ctor	43a868cedd95fe5c
sge.visui.widget.MenuItem	sge.visui.widget.MenuItem#<init>(String,Image,ChangeListener,Sge)	ctor	eff581a779c99b2f
sge.visui.widget.MenuItem	sge.visui.widget.MenuItem#<init>(String,Image,MenuItemStyle,Sge)	ctor	13284c8d8f5ab7c7
sge.visui.widget.MenuItem	sge.visui.widget.MenuItem#<init>(String,Image,Sge)	ctor	b2932fc0977a0ecd
sge.visui.widget.MenuItem	sge.visui.widget.MenuItem#<init>(String,Image,String,Sge)	ctor	c5f1f7c59bb785c8
sge.visui.widget.MenuItem	sge.visui.widget.MenuItem#<init>(String,Sge)	ctor	afd7eea64b3700df
sge.visui.widget.MenuItem	sge.visui.widget.MenuItem#<init>(String,String,Sge)	ctor	3eccd759ba734bf3
sge.visui.widget.MenuItem	sge.visui.widget.MenuItem#containerMenu	val	2b2c74b53d712dc4
sge.visui.widget.MenuItem	sge.visui.widget.MenuItem#draw(Batch,float)	def	9ebe88995ef8ca7d
sge.visui.widget.MenuItem	sge.visui.widget.MenuItem#fireChangeEvent()	def	342874f01eabc6d0
sge.visui.widget.MenuItem	sge.visui.widget.MenuItem#generateDisabledImage	val	3f7e1826ac50c715
sge.visui.widget.MenuItem	sge.visui.widget.MenuItem#getImage()	def	8db8bcdaed233b36
sge.visui.widget.MenuItem	sge.visui.widget.MenuItem#getImageCell()	def	2a6673440c5f956f
sge.visui.widget.MenuItem	sge.visui.widget.MenuItem#getLabel()	def	04b24d78a41a8c11
sge.visui.widget.MenuItem	sge.visui.widget.MenuItem#getLabelCell()	def	c1324913fb87d70b
sge.visui.widget.MenuItem	sge.visui.widget.MenuItem#getShortcut()	def	0bf0cc8c98ba6634
sge.visui.widget.MenuItem	sge.visui.widget.MenuItem#getShortcutCell()	def	b490e76c212db0fc
sge.visui.widget.MenuItem	sge.visui.widget.MenuItem#getStyle()	def	02180f7875cd3660
sge.visui.widget.MenuItem	sge.visui.widget.MenuItem#getSubMenu()	def	168800a9f050c267
sge.visui.widget.MenuItem	sge.visui.widget.MenuItem#getSubMenuIconCell()	def	929fc26ddfd9efd8
sge.visui.widget.MenuItem	sge.visui.widget.MenuItem#getText()	def	5675f7557dfee493
sge.visui.widget.MenuItem	sge.visui.widget.MenuItem#hideSubMenu()	def	8a6ff0bae1d1e2ce
sge.visui.widget.MenuItem	sge.visui.widget.MenuItem#image	val	eeed1c364e0486ee
sge.visui.widget.MenuItem	sge.visui.widget.MenuItem#imageCell	val	780baef195a3f91e
sge.visui.widget.MenuItem	sge.visui.widget.MenuItem#init(String,Image,MenuItemStyle)	def	609612fe467e22ba
sge.visui.widget.MenuItem	sge.visui.widget.MenuItem#isGenerateDisabledImage()	def	a59fad1d868dab83
sge.visui.widget.MenuItem	sge.visui.widget.MenuItem#isOver()	def	f357690242ee3c83
sge.visui.widget.MenuItem	sge.visui.widget.MenuItem#label	val	70ea5f050cde36e6
sge.visui.widget.MenuItem	sge.visui.widget.MenuItem#packContainerMenu()	def	0c6deb20627f8d2d
sge.visui.widget.MenuItem	sge.visui.widget.MenuItem#setGenerateDisabledImage(boolean)	def	7e71bb5320c5805e
sge.visui.widget.MenuItem	sge.visui.widget.MenuItem#setParent(Group)	def	7512c0e1c923cb92
sge.visui.widget.MenuItem	sge.visui.widget.MenuItem#setShortcut(Array<int>)	def	570dda7e3febc0a2
sge.visui.widget.MenuItem	sge.visui.widget.MenuItem#setShortcut(String)	def	2c74af2b440bbb7e
sge.visui.widget.MenuItem	sge.visui.widget.MenuItem#setShortcut(int)	def	dbc6e58838b2b439
sge.visui.widget.MenuItem	sge.visui.widget.MenuItem#setStage(Stage)	def	b84cdb4573546406
sge.visui.widget.MenuItem	sge.visui.widget.MenuItem#setStyle(ButtonStyle)	def	a093b04409a2a567
sge.visui.widget.MenuItem	sge.visui.widget.MenuItem#setSubMenu(PopupMenu)	def	558130384ab003eb
sge.visui.widget.MenuItem	sge.visui.widget.MenuItem#setText(CharSequence)	def	891b363298b0b972
sge.visui.widget.MenuItem	sge.visui.widget.MenuItem#shortcutLabel	val	984563405186bde3
sge.visui.widget.MenuItem	sge.visui.widget.MenuItem#shortcutLabelColor	val	44e7eb036a311893
sge.visui.widget.MenuItem	sge.visui.widget.MenuItem#showSubMenu()	def	2a573fa66325c596
sge.visui.widget.MenuItem	sge.visui.widget.MenuItem#style	val	040b577abef98ea2
sge.visui.widget.MenuItem	sge.visui.widget.MenuItem#subMenu	val	98d3c494d8bac23d
sge.visui.widget.MenuItem	sge.visui.widget.MenuItem#subMenuIconCell	val	850f10d84a6e7f92
sge.visui.widget.MenuItem	sge.visui.widget.MenuItem#subMenuImage	val	efac96841da1013e
sge.visui.widget.MenuItem	sge.visui.widget.MenuItem#tmpVector	val	be8dda2052a87fa2
sge.visui.widget.MenuItem	sge.visui.widget.MenuItem$MenuItemStyle	class	3734d07b2a41cd21
sge.visui.widget.MenuItem	sge.visui.widget.MenuItem$MenuItemStyle#<init>(Drawable)	ctor	645bd84cc6590895
sge.visui.widget.MenuItem	sge.visui.widget.MenuItem$MenuItemStyle#<init>(MenuItemStyle)	ctor	99c717f3bea87db6
sge.visui.widget.MenuItem	sge.visui.widget.MenuItem$MenuItemStyle#subMenu	val	5f83fc9fc0ff72ef
sge.visui.widget.MultiSplitPane	sge.visui.widget.MultiSplitPane	class	fbc8d0c0751bb32f
sge.visui.widget.MultiSplitPane	sge.visui.widget.MultiSplitPane#<init>(boolean,Sge)	ctor	5f3df88b5adedba3
sge.visui.widget.MultiSplitPane	sge.visui.widget.MultiSplitPane#<init>(boolean,String,Sge)	ctor	66c160623dbbd5e3
sge.visui.widget.MultiSplitPane	sge.visui.widget.MultiSplitPane#<stmt1>	stmt	b9293bb40e7c975a
sge.visui.widget.MultiSplitPane	sge.visui.widget.MultiSplitPane#<stmt2>	stmt	5df228fe4ef7aed3
sge.visui.widget.MultiSplitPane	sge.visui.widget.MultiSplitPane#<stmt3>	stmt	431836f48211c3df
sge.visui.widget.MultiSplitPane	sge.visui.widget.MultiSplitPane#<stmt4>	stmt	32fffd18ae01f8b6
sge.visui.widget.MultiSplitPane	sge.visui.widget.MultiSplitPane#addActor(Actor)	def	c083cda3e68aaa58
sge.visui.widget.MultiSplitPane	sge.visui.widget.MultiSplitPane#addActorAfter(Actor,Actor)	def	3afb3a4168160369
sge.visui.widget.MultiSplitPane	sge.visui.widget.MultiSplitPane#addActorAt(int,Actor)	def	d26113ff841c72e8
sge.visui.widget.MultiSplitPane	sge.visui.widget.MultiSplitPane#addActorBefore(Actor,Actor)	def	b113ab0b33306f2b
sge.visui.widget.MultiSplitPane	sge.visui.widget.MultiSplitPane#calculateHorizBoundsAndPositions()	def	b0aa414329451906
sge.visui.widget.MultiSplitPane	sge.visui.widget.MultiSplitPane#calculateVertBoundsAndPositions()	def	dedbeb9c74e7a04b
sge.visui.widget.MultiSplitPane	sge.visui.widget.MultiSplitPane#draw(Batch,float)	def	1a4b4ed7f0dffc5f
sge.visui.widget.MultiSplitPane	sge.visui.widget.MultiSplitPane#getHandleContaining(float,float)	def	547fb5f661afc36c
sge.visui.widget.MultiSplitPane	sge.visui.widget.MultiSplitPane#getMinHeight()	def	f0654cd2ffd9d104
sge.visui.widget.MultiSplitPane	sge.visui.widget.MultiSplitPane#getMinWidth()	def	d4564ef6b4a86c91
sge.visui.widget.MultiSplitPane	sge.visui.widget.MultiSplitPane#getPrefHeight()	def	6d4dedff33f9af91
sge.visui.widget.MultiSplitPane	sge.visui.widget.MultiSplitPane#getPrefWidth()	def	0173794b4a1f34df
sge.visui.widget.MultiSplitPane	sge.visui.widget.MultiSplitPane#getStyle()	def	f96a1c75f7b62212
sge.visui.widget.MultiSplitPane	sge.visui.widget.MultiSplitPane#handleBounds	val	ed1269d26e218452
sge.visui.widget.MultiSplitPane	sge.visui.widget.MultiSplitPane#handleOver	val	78bc98797dee9e18
sge.visui.widget.MultiSplitPane	sge.visui.widget.MultiSplitPane#handleOverIndex	val	f8c6c1c8ef133c9e
sge.visui.widget.MultiSplitPane	sge.visui.widget.MultiSplitPane#handlePosition	val	11db6e90ac112c7e
sge.visui.widget.MultiSplitPane	sge.visui.widget.MultiSplitPane#hit(float,float,boolean)	def	ba93107300fc7174
sge.visui.widget.MultiSplitPane	sge.visui.widget.MultiSplitPane#initialize()	def	bb06d40e70547682
sge.visui.widget.MultiSplitPane	sge.visui.widget.MultiSplitPane#lastPoint	val	57b3681d62c8798b
sge.visui.widget.MultiSplitPane	sge.visui.widget.MultiSplitPane#layout()	def	79abebc299bf586c
sge.visui.widget.MultiSplitPane	sge.visui.widget.MultiSplitPane#removeActor(Actor)	def	fd3ca106a8a98ff8
sge.visui.widget.MultiSplitPane	sge.visui.widget.MultiSplitPane#scissors	val	8b59a5bf57d7c1e0
sge.visui.widget.MultiSplitPane	sge.visui.widget.MultiSplitPane#setSplit(int,float)	def	2f49c81e8e20430d
sge.visui.widget.MultiSplitPane	sge.visui.widget.MultiSplitPane#setStyle(MultiSplitPaneStyle)	def	461c4bc1acdcf736
sge.visui.widget.MultiSplitPane	sge.visui.widget.MultiSplitPane#setVertical(boolean)	def	2ba27227cb55f559
sge.visui.widget.MultiSplitPane	sge.visui.widget.MultiSplitPane#setWidgets(Array<Actor>)	def	31144e09c6216598
sge.visui.widget.MultiSplitPane	sge.visui.widget.MultiSplitPane#setWidgets(JavaIterable<Actor>)	def	2fc3a0423f325664
sge.visui.widget.MultiSplitPane	sge.visui.widget.MultiSplitPane#splits	val	cdeb23d7eadfef80
sge.visui.widget.MultiSplitPane	sge.visui.widget.MultiSplitPane#style	val	71bf593faaa48001
sge.visui.widget.MultiSplitPane	sge.visui.widget.MultiSplitPane#vertical	val	135c5494fed4c863
sge.visui.widget.MultiSplitPane	sge.visui.widget.MultiSplitPane#widgetBounds	val	d4ab956d735ecedd
sge.visui.widget.MultiSplitPane	sge.visui.widget.MultiSplitPane$MultiSplitPaneStyle	class	13790e9acaa6f638
sge.visui.widget.MultiSplitPane	sge.visui.widget.MultiSplitPane$MultiSplitPaneStyle#<init>(Drawable,Drawable)	ctor	1def894743936e1e
sge.visui.widget.MultiSplitPane	sge.visui.widget.MultiSplitPane$MultiSplitPaneStyle#<init>(VisSplitPaneStyle)	ctor	0651139d045e0c2f
sge.visui.widget.PopupMenu	sge.visui.widget.PopupMenu	class	a38082aeb6d3aa23
sge.visui.widget.PopupMenu	sge.visui.widget.PopupMenu#<init>(PopupMenuStyle,Sge)	ctor	1f8d4066b0a45bfd
sge.visui.widget.PopupMenu	sge.visui.widget.PopupMenu#<init>(Sizes,PopupMenuStyle,Sge)	ctor	ad251512179baa7e
sge.visui.widget.PopupMenu	sge.visui.widget.PopupMenu#<init>(String,Sge)	ctor	73415af3cf8dc736
sge.visui.widget.PopupMenu	sge.visui.widget.PopupMenu#activeItem	val	be31a9503bbb5c5a
sge.visui.widget.PopupMenu	sge.visui.widget.PopupMenu#activeSubMenu	val	5920410b1e039ab8
sge.visui.widget.PopupMenu	sge.visui.widget.PopupMenu#add(T)	def	c79cb98fa757a0df
sge.visui.widget.PopupMenu	sge.visui.widget.PopupMenu#addItem(MenuItem)	def	b6bf87374de0378b
sge.visui.widget.PopupMenu	sge.visui.widget.PopupMenu#addSeparator()	def	b4ca24e7e6bd0394
sge.visui.widget.PopupMenu	sge.visui.widget.PopupMenu#contains(float,float)	def	2b2d4157158dd437
sge.visui.widget.PopupMenu	sge.visui.widget.PopupMenu#createListeners()	def	a277eb095feb79bb
sge.visui.widget.PopupMenu	sge.visui.widget.PopupMenu#defaultInputListener	val	75766237bba2c8a4
sge.visui.widget.PopupMenu	sge.visui.widget.PopupMenu#draw(Batch,float)	def	6683e7231d664f3b
sge.visui.widget.PopupMenu	sge.visui.widget.PopupMenu#getActiveItem()	def	fe25ea39b36ffc7b
sge.visui.widget.PopupMenu	sge.visui.widget.PopupMenu#getActiveSubMenu()	def	1b3c056032401380
sge.visui.widget.PopupMenu	sge.visui.widget.PopupMenu#getDefaultInputListener()	def	983f0e3f5a0af5c9
sge.visui.widget.PopupMenu	sge.visui.widget.PopupMenu#getDefaultInputListener(int)	def	4b99f25388d5f554
sge.visui.widget.PopupMenu	sge.visui.widget.PopupMenu#getListener()	def	0806b348bc4dc8fa
sge.visui.widget.PopupMenu	sge.visui.widget.PopupMenu#getRootMenu()	def	5a0a1c7e0981857c
sge.visui.widget.PopupMenu	sge.visui.widget.PopupMenu#hasSelectableMenuItems()	def	7f091437380683a8
sge.visui.widget.PopupMenu	sge.visui.widget.PopupMenu#listener	val	e55b0b36775a6b17
sge.visui.widget.PopupMenu	sge.visui.widget.PopupMenu#parentSubMenu	val	6aac6f03f61450fe
sge.visui.widget.PopupMenu	sge.visui.widget.PopupMenu#remove()	def	00e9a70d33b230ad
sge.visui.widget.PopupMenu	sge.visui.widget.PopupMenu#removeEveryMenu(Stage)	def	0aa26a26581917c7
sge.visui.widget.PopupMenu	sge.visui.widget.PopupMenu#removeHierarchy()	def	7e1011604798135a
sge.visui.widget.PopupMenu	sge.visui.widget.PopupMenu#selectNextItem()	def	3f8900496f3939f1
sge.visui.widget.PopupMenu	sge.visui.widget.PopupMenu#selectPreviousItem()	def	f3f1bc5f8d1a370d
sge.visui.widget.PopupMenu	sge.visui.widget.PopupMenu#setActiveItem(MenuItem,boolean)	def	f6584e1eae27b188
sge.visui.widget.PopupMenu	sge.visui.widget.PopupMenu#setActiveSubMenu(PopupMenu)	def	cb8c3a8c696f3bab
sge.visui.widget.PopupMenu	sge.visui.widget.PopupMenu#setListener(PopupMenuListener)	def	55865af22defab53
sge.visui.widget.PopupMenu	sge.visui.widget.PopupMenu#setParentMenu(PopupMenu)	def	f5103db39098376a
sge.visui.widget.PopupMenu	sge.visui.widget.PopupMenu#setStage(Stage)	def	234df0a789ea0dbf
sge.visui.widget.PopupMenu	sge.visui.widget.PopupMenu#sharedMenuItemChangeListener	val	c499e75f88208b21
sge.visui.widget.PopupMenu	sge.visui.widget.PopupMenu#sharedMenuItemInputListener	val	ccbc7ddc1bc8c688
sge.visui.widget.PopupMenu	sge.visui.widget.PopupMenu#showMenu(Stage,Actor)	def	f2e6feeb787d9079
sge.visui.widget.PopupMenu	sge.visui.widget.PopupMenu#showMenu(Stage,float,float)	def	12571ae09a5e731d
sge.visui.widget.PopupMenu	sge.visui.widget.PopupMenu#sizes	val	716ba7cc095036b5
sge.visui.widget.PopupMenu	sge.visui.widget.PopupMenu#stageListener	val	951ad0a492b61666
sge.visui.widget.PopupMenu	sge.visui.widget.PopupMenu#style	val	e0fc72957c382d18
sge.visui.widget.PopupMenu	sge.visui.widget.PopupMenu#subMenuStructureContains(float,float)	def	b4a98a5ef6ff2186
sge.visui.widget.PopupMenu	sge.visui.widget.PopupMenu#tmpVector	val	be8dda2052a87fa2
sge.visui.widget.PopupMenu	sge.visui.widget.PopupMenu$PopupMenuListener	class	7b020793d3e83718
sge.visui.widget.PopupMenu	sge.visui.widget.PopupMenu$PopupMenuListener#activeItemChanged(MenuItem,boolean)	def	c213f9d4540805ba
sge.visui.widget.PopupMenu	sge.visui.widget.PopupMenu$PopupMenuStyle	class	8ae80d6fb3056354
sge.visui.widget.PopupMenu	sge.visui.widget.PopupMenu$PopupMenuStyle#<init>()	ctor	9486a53210e02249
sge.visui.widget.PopupMenu	sge.visui.widget.PopupMenu$PopupMenuStyle#<init>(Drawable,Drawable)	ctor	00179bd889a39567
sge.visui.widget.PopupMenu	sge.visui.widget.PopupMenu$PopupMenuStyle#<init>(PopupMenuStyle)	ctor	85eb638769183d3e
sge.visui.widget.PopupMenu	sge.visui.widget.PopupMenu$PopupMenuStyle#background	val	075c4bce4069ca09
sge.visui.widget.PopupMenu	sge.visui.widget.PopupMenu$PopupMenuStyle#border	val	76da42b1bf860e00
sge.visui.widget.ScrollableTextArea	sge.visui.widget.ScrollableTextArea	class	e863e224987b198d
sge.visui.widget.ScrollableTextArea	sge.visui.widget.ScrollableTextArea#<init>(String,Sge)	ctor	dac96b3dcc17593a
sge.visui.widget.ScrollableTextArea	sge.visui.widget.ScrollableTextArea#<init>(String,String,Sge)	ctor	be49d085b2811d1b
sge.visui.widget.ScrollableTextArea	sge.visui.widget.ScrollableTextArea#<init>(String,VisTextFieldStyle,Sge)	ctor	53845d108fb3356c
sge.visui.widget.ScrollableTextArea	sge.visui.widget.ScrollableTextArea#changeText(String,String)	def	e70dc291d3fedcc4
sge.visui.widget.ScrollableTextArea	sge.visui.widget.ScrollableTextArea#createCompatibleScrollPane()	def	98911f64e343d406
sge.visui.widget.ScrollableTextArea	sge.visui.widget.ScrollableTextArea#createInputListener()	def	d151c587e4a7eaf9
sge.visui.widget.ScrollableTextArea	sge.visui.widget.ScrollableTextArea#cullingArea	val	6df710909929dc77
sge.visui.widget.ScrollableTextArea	sge.visui.widget.ScrollableTextArea#getPrefHeight()	def	ca8a3ef9ebbe9284
sge.visui.widget.ScrollableTextArea	sge.visui.widget.ScrollableTextArea#setCullingArea(Rectangle)	def	300759b9475ee645
sge.visui.widget.ScrollableTextArea	sge.visui.widget.ScrollableTextArea#setParent(Group)	def	b56b4c8f10001017
sge.visui.widget.ScrollableTextArea	sge.visui.widget.ScrollableTextArea#setText(String)	def	dd754125970ef84f
sge.visui.widget.ScrollableTextArea	sge.visui.widget.ScrollableTextArea#sizeChanged()	def	3d701c536d61c0f2
sge.visui.widget.ScrollableTextArea	sge.visui.widget.ScrollableTextArea#updateScrollLayout()	def	5486b9b94640b087
sge.visui.widget.ScrollableTextArea	sge.visui.widget.ScrollableTextArea#updateScrollPosition()	def	e54975cca85c0220
sge.visui.widget.ScrollableTextArea	sge.visui.widget.ScrollableTextArea$ScrollTextAreaListener	class	da6fb2f893796099
sge.visui.widget.ScrollableTextArea	sge.visui.widget.ScrollableTextArea$ScrollTextAreaListener#keyDown(InputEvent,int)	def	7682a092437b5680
sge.visui.widget.ScrollableTextArea	sge.visui.widget.ScrollableTextArea$ScrollTextAreaListener#keyTyped(InputEvent,char)	def	fd17a9338e8e549d
sge.visui.widget.Separator	sge.visui.widget.Separator	class	474e29e33b473927
sge.visui.widget.Separator	sge.visui.widget.Separator#<init>(SeparatorStyle,Sge)	ctor	401c6c672c932ba3
sge.visui.widget.Separator	sge.visui.widget.Separator#<init>(Sge)	ctor	3533b0bfadd2146b
sge.visui.widget.Separator	sge.visui.widget.Separator#<init>(String,Sge)	ctor	6d1b9222c29abb88
sge.visui.widget.Separator	sge.visui.widget.Separator#draw(Batch,float)	def	351cb3e4dab77ea7
sge.visui.widget.Separator	sge.visui.widget.Separator#getPrefHeight()	def	7b943b27de25b915
sge.visui.widget.Separator	sge.visui.widget.Separator#getPrefWidth()	def	8f7bf48ef18adf9d
sge.visui.widget.Separator	sge.visui.widget.Separator#getStyle()	def	42408fb7706bee13
sge.visui.widget.Separator	sge.visui.widget.Separator#style	val	436c0e30149a46b2
sge.visui.widget.Separator	sge.visui.widget.Separator$SeparatorStyle	class	ba8a4a9a1754c2d8
sge.visui.widget.Separator	sge.visui.widget.Separator$SeparatorStyle#<init>()	ctor	067307ab3b2c5d32
sge.visui.widget.Separator	sge.visui.widget.Separator$SeparatorStyle#<init>(Drawable,int)	ctor	57f13df769c4394d
sge.visui.widget.Separator	sge.visui.widget.Separator$SeparatorStyle#<init>(SeparatorStyle)	ctor	1396e5873a061701
sge.visui.widget.Separator	sge.visui.widget.Separator$SeparatorStyle#background	val	075c4bce4069ca09
sge.visui.widget.Separator	sge.visui.widget.Separator$SeparatorStyle#thickness	val	bb5ddd836d8fe113
sge.visui.widget.Tooltip	sge.visui.widget.Tooltip	class	2dcf7bdb2c78bf78
sge.visui.widget.Tooltip	sge.visui.widget.Tooltip#<init>(Builder,Sge)	ctor	ee61bd7d9f476766
sge.visui.widget.Tooltip	sge.visui.widget.Tooltip#<init>(Sge)	ctor	0b4978796beb256d
sge.visui.widget.Tooltip	sge.visui.widget.Tooltip#<init>(String,Sge)	ctor	8feb89799c4d260a
sge.visui.widget.Tooltip	sge.visui.widget.Tooltip#<init>(TooltipStyle,Sge)	ctor	9c0843d2044b5ace
sge.visui.widget.Tooltip	sge.visui.widget.Tooltip#DEFAULT_APPEAR_DELAY_TIME	val	e4b956a8f0968785
sge.visui.widget.Tooltip	sge.visui.widget.Tooltip#DEFAULT_FADE_TIME	val	540bca1446035baf
sge.visui.widget.Tooltip	sge.visui.widget.Tooltip#MOUSE_MOVED_FADEOUT	val	537b400d835ecd9d
sge.visui.widget.Tooltip	sge.visui.widget.Tooltip#appearDelayTime	val	00eb51588c76ec9f
sge.visui.widget.Tooltip	sge.visui.widget.Tooltip#attach()	def	6c75aaa548ceabac
sge.visui.widget.Tooltip	sge.visui.widget.Tooltip#content	val	5557e956cffdb4e4
sge.visui.widget.Tooltip	sge.visui.widget.Tooltip#contentCell	val	1a26b96b81282ded
sge.visui.widget.Tooltip	sge.visui.widget.Tooltip#detach()	def	5b4e5445927cee6f
sge.visui.widget.Tooltip	sge.visui.widget.Tooltip#displayTask	val	6626ec7e34deaf73
sge.visui.widget.Tooltip	sge.visui.widget.Tooltip#fadeIn()	def	bb9e1ee80b296433
sge.visui.widget.Tooltip	sge.visui.widget.Tooltip#fadeOut()	def	21c83edc59984bed
sge.visui.widget.Tooltip	sge.visui.widget.Tooltip#fadeTime	val	10e142055d5c6419
sge.visui.widget.Tooltip	sge.visui.widget.Tooltip#getAppearDelayTime()	def	219b680c9951d673
sge.visui.widget.Tooltip	sge.visui.widget.Tooltip#getContent()	def	6b9cd9bcfeef8e9a
sge.visui.widget.Tooltip	sge.visui.widget.Tooltip#getContentCell()	def	f2f7e6362efb9858
sge.visui.widget.Tooltip	sge.visui.widget.Tooltip#getFadeTime()	def	8b633030d0ed5423
sge.visui.widget.Tooltip	sge.visui.widget.Tooltip#getTarget()	def	3dccc19c001ed960
sge.visui.widget.Tooltip	sge.visui.widget.Tooltip#init(TooltipStyle,Actor,Actor)	def	031a5b52054f0157
sge.visui.widget.Tooltip	sge.visui.widget.Tooltip#isMouseMoveFadeOut()	def	99b41037b772bd43
sge.visui.widget.Tooltip	sge.visui.widget.Tooltip#listener	val	67a9aec1c931425f
sge.visui.widget.Tooltip	sge.visui.widget.Tooltip#mouseMoveFadeOut	val	b308986497540c8d
sge.visui.widget.Tooltip	sge.visui.widget.Tooltip#removeTooltip(Actor)	def	e51126aa2645549d
sge.visui.widget.Tooltip	sge.visui.widget.Tooltip#setAppearDelayTime(float)	def	71c4eed431c72750
sge.visui.widget.Tooltip	sge.visui.widget.Tooltip#setContent(Actor)	def	45dc7689123c7a46
sge.visui.widget.Tooltip	sge.visui.widget.Tooltip#setFadeTime(float)	def	7c680013af8dc161
sge.visui.widget.Tooltip	sge.visui.widget.Tooltip#setMouseMoveFadeOut(boolean)	def	a708d058a329122a
sge.visui.widget.Tooltip	sge.visui.widget.Tooltip#setPosition(float,float)	def	f940a4392614324d
sge.visui.widget.Tooltip	sge.visui.widget.Tooltip#setTarget(Actor)	def	b3d12b6c9f29601b
sge.visui.widget.Tooltip	sge.visui.widget.Tooltip#setText(String)	def	80efcc575f7d4df3
sge.visui.widget.Tooltip	sge.visui.widget.Tooltip#target	val	92cdbd41cc7b321f
sge.visui.widget.Tooltip	sge.visui.widget.Tooltip$Builder	class	31357281fef6f516
sge.visui.widget.Tooltip	sge.visui.widget.Tooltip$Builder#<init>(Actor,Sge)	ctor	0c2b2e4cc979764a
sge.visui.widget.Tooltip	sge.visui.widget.Tooltip$Builder#<init>(String,Sge)	ctor	9863a161e923af43
sge.visui.widget.Tooltip	sge.visui.widget.Tooltip$Builder#<init>(String,int,Sge)	ctor	0b52e6a4d4beee82
sge.visui.widget.Tooltip	sge.visui.widget.Tooltip$Builder#build()	def	18d5e34dc34d96fc
sge.visui.widget.Tooltip	sge.visui.widget.Tooltip$Builder#content	val	75af5f1ef3835441
sge.visui.widget.Tooltip	sge.visui.widget.Tooltip$Builder#style	val	8966ba7c6d117353
sge.visui.widget.Tooltip	sge.visui.widget.Tooltip$Builder#style(String)	def	82bf90225ee4bff6
sge.visui.widget.Tooltip	sge.visui.widget.Tooltip$Builder#style(TooltipStyle)	def	b6f80d7b1cba0f2e
sge.visui.widget.Tooltip	sge.visui.widget.Tooltip$Builder#target	val	466446828de37605
sge.visui.widget.Tooltip	sge.visui.widget.Tooltip$Builder#target(Actor)	def	a2d5dc387caa3435
sge.visui.widget.Tooltip	sge.visui.widget.Tooltip$Builder#width	val	d286e6f07288c267
sge.visui.widget.Tooltip	sge.visui.widget.Tooltip$Builder#width(float)	def	eec57e71d630b3ef
sge.visui.widget.Tooltip	sge.visui.widget.Tooltip$DisplayTask	class	3484fd49d1e894b0
sge.visui.widget.Tooltip	sge.visui.widget.Tooltip$DisplayTask#run()	def	b3d54f7a00e14cca
sge.visui.widget.Tooltip	sge.visui.widget.Tooltip$TooltipInputListener	class	10013f68511f3361
sge.visui.widget.Tooltip	sge.visui.widget.Tooltip$TooltipInputListener#enter(InputEvent,float,float,int,Actor)	def	f18cc86d5c0262cf
sge.visui.widget.Tooltip	sge.visui.widget.Tooltip$TooltipInputListener#exit(InputEvent,float,float,int,Actor)	def	6a42724a1d8cb344
sge.visui.widget.Tooltip	sge.visui.widget.Tooltip$TooltipInputListener#mouseMoved(InputEvent,float,float)	def	5465066097d2c6be
sge.visui.widget.Tooltip	sge.visui.widget.Tooltip$TooltipInputListener#touchDown(InputEvent,float,float,int,int)	def	a1336844725250a3
sge.visui.widget.Tooltip	sge.visui.widget.Tooltip$TooltipStyle	class	9de8db888da2b5ca
sge.visui.widget.Tooltip	sge.visui.widget.Tooltip$TooltipStyle#<init>()	ctor	b16bccad8ca6a899
sge.visui.widget.Tooltip	sge.visui.widget.Tooltip$TooltipStyle#<init>(Drawable)	ctor	10686800118800b1
sge.visui.widget.Tooltip	sge.visui.widget.Tooltip$TooltipStyle#<init>(TooltipStyle)	ctor	68727cc81b0d0869
sge.visui.widget.Tooltip	sge.visui.widget.Tooltip$TooltipStyle#background	val	075c4bce4069ca09
sge.visui.widget.VisCheckBox	label	val	ae98bacb619dedec
sge.visui.widget.VisCheckBox	sge.visui.widget.VisCheckBox	class	a2560b0d1b525c1b
sge.visui.widget.VisCheckBox	sge.visui.widget.VisCheckBox#<init>(String,Sge)	ctor	fb43b7e5d26e26d5
sge.visui.widget.VisCheckBox	sge.visui.widget.VisCheckBox#<init>(String,String,Sge)	ctor	8603b8e9a449b699
sge.visui.widget.VisCheckBox	sge.visui.widget.VisCheckBox#<init>(String,boolean,Sge)	ctor	6fd17d0330ec1dbc
sge.visui.widget.VisCheckBox	sge.visui.widget.VisCheckBox#<stmt1>	stmt	d38c36b50d2af0a1
sge.visui.widget.VisCheckBox	sge.visui.widget.VisCheckBox#<stmt2>	stmt	43c640f1e0e6a939
sge.visui.widget.VisCheckBox	sge.visui.widget.VisCheckBox#<stmt3>	stmt	7c83953413acf205
sge.visui.widget.VisCheckBox	sge.visui.widget.VisCheckBox#<stmt4>	stmt	8877bae3eeebad8a
sge.visui.widget.VisCheckBox	sge.visui.widget.VisCheckBox#<stmt5>	stmt	71b6a5324ce91c2c
sge.visui.widget.VisCheckBox	sge.visui.widget.VisCheckBox#<stmt6>	stmt	175b30fccab70529
sge.visui.widget.VisCheckBox	sge.visui.widget.VisCheckBox#<stmt7>	stmt	431836f48211c3df
sge.visui.widget.VisCheckBox	sge.visui.widget.VisCheckBox#<stmt8>	stmt	8972bcee6a8d6acd
sge.visui.widget.VisCheckBox	sge.visui.widget.VisCheckBox#bgImage	val	068d8e634490b4a3
sge.visui.widget.VisCheckBox	sge.visui.widget.VisCheckBox#draw(Batch,float)	def	cf3f0478dce8375f
sge.visui.widget.VisCheckBox	sge.visui.widget.VisCheckBox#drawBorder	val	9568ad3b0c250ef8
sge.visui.widget.VisCheckBox	sge.visui.widget.VisCheckBox#focusBorderEnabled	val	fde8d01e28c85c52
sge.visui.widget.VisCheckBox	sge.visui.widget.VisCheckBox#focusGained()	def	a5c9a1cf03abbf80
sge.visui.widget.VisCheckBox	sge.visui.widget.VisCheckBox#focusLost()	def	16db98a6d2791219
sge.visui.widget.VisCheckBox	sge.visui.widget.VisCheckBox#getBackgroundImage()	def	c43db269412e8db0
sge.visui.widget.VisCheckBox	sge.visui.widget.VisCheckBox#getCheckboxBgImage()	def	979c05d8e998855d
sge.visui.widget.VisCheckBox	sge.visui.widget.VisCheckBox#getCheckboxTickImage()	def	65f9c8729bc6d664
sge.visui.widget.VisCheckBox	sge.visui.widget.VisCheckBox#getImageStack()	def	bcd1a943c1395f83
sge.visui.widget.VisCheckBox	sge.visui.widget.VisCheckBox#getImageStackCell()	def	da20595b03930af7
sge.visui.widget.VisCheckBox	sge.visui.widget.VisCheckBox#getStyle()	def	41241ad9e05f5d21
sge.visui.widget.VisCheckBox	sge.visui.widget.VisCheckBox#getTickImage()	def	4cf96cfec612286c
sge.visui.widget.VisCheckBox	sge.visui.widget.VisCheckBox#imageStack	val	a8337cf0088927ec
sge.visui.widget.VisCheckBox	sge.visui.widget.VisCheckBox#imageStackCell	val	694a265c5263c644
sge.visui.widget.VisCheckBox	sge.visui.widget.VisCheckBox#isFocusBorderEnabled()	def	9a7ffc5c1dca520e
sge.visui.widget.VisCheckBox	sge.visui.widget.VisCheckBox#setFocusBorderEnabled(boolean)	def	440b83f2a3ea2895
sge.visui.widget.VisCheckBox	sge.visui.widget.VisCheckBox#setStateInvalid()	def	9094112fd97df874
sge.visui.widget.VisCheckBox	sge.visui.widget.VisCheckBox#setStateInvalid(boolean)	def	ba1644164336e9da
sge.visui.widget.VisCheckBox	sge.visui.widget.VisCheckBox#setStyle(ButtonStyle)	def	5683aa6e8be0fc8c
sge.visui.widget.VisCheckBox	sge.visui.widget.VisCheckBox#stateInvalid	val	48285de3d18a3132
sge.visui.widget.VisCheckBox	sge.visui.widget.VisCheckBox#style	val	471c472e525faaa8
sge.visui.widget.VisCheckBox	sge.visui.widget.VisCheckBox#tickImage	val	fa97a35798a4843c
sge.visui.widget.VisCheckBox	sge.visui.widget.VisCheckBox$VisCheckBoxStyle	class	679120f0d110adb9
sge.visui.widget.VisCheckBox	sge.visui.widget.VisCheckBox$VisCheckBoxStyle#<init>(Drawable,Drawable,BitmapFont,Color)	ctor	fb36675aa39da85c
sge.visui.widget.VisCheckBox	sge.visui.widget.VisCheckBox$VisCheckBoxStyle#<init>(VisCheckBoxStyle)	ctor	61eeb03856a4fa2f
sge.visui.widget.VisCheckBox	sge.visui.widget.VisCheckBox$VisCheckBoxStyle#checkBackground	val	38ce34ab8673d976
sge.visui.widget.VisCheckBox	sge.visui.widget.VisCheckBox$VisCheckBoxStyle#checkBackgroundDown	val	062d0c7899bd56ac
sge.visui.widget.VisCheckBox	sge.visui.widget.VisCheckBox$VisCheckBoxStyle#checkBackgroundOver	val	56f41d428aa5a7ca
sge.visui.widget.VisCheckBox	sge.visui.widget.VisCheckBox$VisCheckBoxStyle#errorBorder	val	8e0a9f4bce9874ae
sge.visui.widget.VisCheckBox	sge.visui.widget.VisCheckBox$VisCheckBoxStyle#focusBorder	val	ef636d133b4773c6
sge.visui.widget.VisCheckBox	sge.visui.widget.VisCheckBox$VisCheckBoxStyle#tick	val	5deb8709c74afdd9
sge.visui.widget.VisCheckBox	sge.visui.widget.VisCheckBox$VisCheckBoxStyle#tickDisabled	val	ad4dac47aaa29a84
sge.visui.widget.VisDialog	sge.visui.widget.VisDialog	class	82403872fb2233f6
sge.visui.widget.VisDialog	sge.visui.widget.VisDialog#<init>(String,Sge)	ctor	b9c7bde62a9ee173
sge.visui.widget.VisDialog	sge.visui.widget.VisDialog#<init>(String,String,Sge)	ctor	9bf3bf8060e8a5be
sge.visui.widget.VisDialog	sge.visui.widget.VisDialog#<init>(String,WindowStyle,Sge)	ctor	60277fc26953b659
sge.visui.widget.VisDialog	sge.visui.widget.VisDialog#button(Button)	def	433c77da391bf7fd
sge.visui.widget.VisDialog	sge.visui.widget.VisDialog#button(Button,Object)	def	db062ed4e06a93c7
sge.visui.widget.VisDialog	sge.visui.widget.VisDialog#button(String)	def	197cb397490a05f2
sge.visui.widget.VisDialog	sge.visui.widget.VisDialog#button(String,Object)	def	3793b60f7daca951
sge.visui.widget.VisDialog	sge.visui.widget.VisDialog#button(String,Object,VisTextButtonStyle)	def	42a30c2914bc68be
sge.visui.widget.VisDialog	sge.visui.widget.VisDialog#buttonTable	val	fd7f80ffc0ec1636
sge.visui.widget.VisDialog	sge.visui.widget.VisDialog#cancel()	def	a7bb5f999101014b
sge.visui.widget.VisDialog	sge.visui.widget.VisDialog#cancelHide	val	f85e414687b9615d
sge.visui.widget.VisDialog	sge.visui.widget.VisDialog#contentTable	val	f68435ae6f2b2429
sge.visui.widget.VisDialog	sge.visui.widget.VisDialog#focusListener	val	3b19dc8de2d7eded
sge.visui.widget.VisDialog	sge.visui.widget.VisDialog#getButtonsTable()	def	8e6af863b41729ac
sge.visui.widget.VisDialog	sge.visui.widget.VisDialog#getContentTable()	def	6419c71105433923
sge.visui.widget.VisDialog	sge.visui.widget.VisDialog#hide()	def	f26d0e4000696e05
sge.visui.widget.VisDialog	sge.visui.widget.VisDialog#hide(Action)	def	62eeaaf887ee7933
sge.visui.widget.VisDialog	sge.visui.widget.VisDialog#ignoreTouchDown	val	68cdcc044813f2f9
sge.visui.widget.VisDialog	sge.visui.widget.VisDialog#initialize()	def	db30597fe8de9171
sge.visui.widget.VisDialog	sge.visui.widget.VisDialog#key(int,Object)	def	f37759e4e25fbc46
sge.visui.widget.VisDialog	sge.visui.widget.VisDialog#previousKeyboardFocus	val	f109f49d2956ac17
sge.visui.widget.VisDialog	sge.visui.widget.VisDialog#previousScrollFocus	val	4f969fe245c67b61
sge.visui.widget.VisDialog	sge.visui.widget.VisDialog#result(Object)	def	5b16179c65e858e4
sge.visui.widget.VisDialog	sge.visui.widget.VisDialog#setObject(Actor,Object)	def	0b6fef7a03510b05
sge.visui.widget.VisDialog	sge.visui.widget.VisDialog#setStage(Stage)	def	152095e2a8838e77
sge.visui.widget.VisDialog	sge.visui.widget.VisDialog#show(Stage)	def	12083e6004dc5dda
sge.visui.widget.VisDialog	sge.visui.widget.VisDialog#show(Stage,Action)	def	f4cbaab7d9e8662f
sge.visui.widget.VisDialog	sge.visui.widget.VisDialog#skin	val	8f133f32b2f3377a
sge.visui.widget.VisDialog	sge.visui.widget.VisDialog#text(Label)	def	157342b5d67af784
sge.visui.widget.VisDialog	sge.visui.widget.VisDialog#text(String)	def	76325837f31f5095
sge.visui.widget.VisDialog	sge.visui.widget.VisDialog#text(String,LabelStyle)	def	a92484e0acd806cd
sge.visui.widget.VisDialog	sge.visui.widget.VisDialog#values	val	8e690b2fb8a1f423
sge.visui.widget.VisImage	sge.visui.widget.VisImage	class	68b358a9ca59aa67
sge.visui.widget.VisImage	sge.visui.widget.VisImage#<init>(Drawable,Scaling,Sge)	ctor	327b842dd470d703
sge.visui.widget.VisImage	sge.visui.widget.VisImage#<init>(Drawable,Scaling,int,Sge)	ctor	1375b3202f345805
sge.visui.widget.VisImage	sge.visui.widget.VisImage#<init>(Drawable,Sge)	ctor	6ad07cdb4fa58010
sge.visui.widget.VisImage	sge.visui.widget.VisImage#<init>(NinePatch,Sge)	ctor	4cb9fba126499cc2
sge.visui.widget.VisImage	sge.visui.widget.VisImage#<init>(Skin,String,Sge)	ctor	3d11205aac61c6b3
sge.visui.widget.VisImage	sge.visui.widget.VisImage#<init>(String,Sge)	ctor	1b8b3d2fb03412b3
sge.visui.widget.VisImage	sge.visui.widget.VisImage#<init>(Texture,Sge)	ctor	178ef073006c6fbe
sge.visui.widget.VisImage	sge.visui.widget.VisImage#<init>(TextureRegion,Sge)	ctor	968f6b26152f4cca
sge.visui.widget.VisImage	sge.visui.widget.VisImage#setDrawable(Texture)	def	0ab0dfb69c96ec52
sge.visui.widget.VisImageButton	sge.visui.widget.VisImageButton	class	a1504a74fa898a63
sge.visui.widget.VisImageButton	sge.visui.widget.VisImageButton#<init>(Drawable,Drawable,Drawable,Sge)	ctor	01714513d7558326
sge.visui.widget.VisImageButton	sge.visui.widget.VisImageButton#<init>(Drawable,Drawable,Drawable,String,Sge)	ctor	7e2b66a969043e67
sge.visui.widget.VisImageButton	sge.visui.widget.VisImageButton#<init>(Drawable,Drawable,Sge)	ctor	0ec7d2fbebad0a8b
sge.visui.widget.VisImageButton	sge.visui.widget.VisImageButton#<init>(Drawable,Sge)	ctor	5b8c0d2cdb333dc1
sge.visui.widget.VisImageButton	sge.visui.widget.VisImageButton#<init>(Drawable,String,Sge)	ctor	d78f298b93260f23
sge.visui.widget.VisImageButton	sge.visui.widget.VisImageButton#<init>(String,Sge)	ctor	4fd7a174c7175d2c
sge.visui.widget.VisImageButton	sge.visui.widget.VisImageButton#<init>(VisImageButtonStyle,Sge)	ctor	8aba0657ab38af0d
sge.visui.widget.VisImageButton	sge.visui.widget.VisImageButton#disabled_=(boolean)	def	83b864fc0931f323
sge.visui.widget.VisImageButton	sge.visui.widget.VisImageButton#draw(Batch,float)	def	e1e78ffe7a69257e
sge.visui.widget.VisImageButton	sge.visui.widget.VisImageButton#drawBorder	val	9568ad3b0c250ef8
sge.visui.widget.VisImageButton	sge.visui.widget.VisImageButton#focusBorderEnabled	val	fde8d01e28c85c52
sge.visui.widget.VisImageButton	sge.visui.widget.VisImageButton#focusGained()	def	a5c9a1cf03abbf80
sge.visui.widget.VisImageButton	sge.visui.widget.VisImageButton#focusLost()	def	16db98a6d2791219
sge.visui.widget.VisImageButton	sge.visui.widget.VisImageButton#generateDisabledImage	val	da121e1b4de663e1
sge.visui.widget.VisImageButton	sge.visui.widget.VisImageButton#getImage()	def	8db8bcdaed233b36
sge.visui.widget.VisImageButton	sge.visui.widget.VisImageButton#getImageCell()	def	ccb08bb825aaf6d2
sge.visui.widget.VisImageButton	sge.visui.widget.VisImageButton#getStyle()	def	e85ad94cf6458a56
sge.visui.widget.VisImageButton	sge.visui.widget.VisImageButton#image	val	eeed1c364e0486ee
sge.visui.widget.VisImageButton	sge.visui.widget.VisImageButton#init()	def	745ee3cc48e0939a
sge.visui.widget.VisImageButton	sge.visui.widget.VisImageButton#isFocusBorderEnabled()	def	9a7ffc5c1dca520e
sge.visui.widget.VisImageButton	sge.visui.widget.VisImageButton#isGenerateDisabledImage()	def	a59fad1d868dab83
sge.visui.widget.VisImageButton	sge.visui.widget.VisImageButton#setFocusBorderEnabled(boolean)	def	440b83f2a3ea2895
sge.visui.widget.VisImageButton	sge.visui.widget.VisImageButton#setGenerateDisabledImage(boolean)	def	2bcbdca07e18d152
sge.visui.widget.VisImageButton	sge.visui.widget.VisImageButton#setStyle(ButtonStyle)	def	f637a5c9e410665c
sge.visui.widget.VisImageButton	sge.visui.widget.VisImageButton#style	val	dac6a29a9652d18c
sge.visui.widget.VisImageButton	sge.visui.widget.VisImageButton#updateImage()	def	b64c01255014b3ef
sge.visui.widget.VisImageButton	sge.visui.widget.VisImageButton$VisImageButtonStyle	class	e9a9433e0c3d5224
sge.visui.widget.VisImageButton	sge.visui.widget.VisImageButton$VisImageButtonStyle#<init>(Drawable,Drawable,Drawable,Drawable,Drawable,Drawable)	ctor	72dcc45303a2256a
sge.visui.widget.VisImageButton	sge.visui.widget.VisImageButton$VisImageButtonStyle#<init>(VisImageButtonStyle)	ctor	99e5326d7254df6d
sge.visui.widget.VisImageButton	sge.visui.widget.VisImageButton$VisImageButtonStyle#focusBorder	val	ef636d133b4773c6
sge.visui.widget.VisImageButton	sge.visui.widget.VisImageButton$VisImageButtonStyle#imageChecked	val	65bff7fb172215b5
sge.visui.widget.VisImageButton	sge.visui.widget.VisImageButton$VisImageButtonStyle#imageCheckedOver	val	0ec067ff1818da48
sge.visui.widget.VisImageButton	sge.visui.widget.VisImageButton$VisImageButtonStyle#imageDisabled	val	69d6b51138d618b1
sge.visui.widget.VisImageButton	sge.visui.widget.VisImageButton$VisImageButtonStyle#imageDown	val	85fed5854ff45390
sge.visui.widget.VisImageButton	sge.visui.widget.VisImageButton$VisImageButtonStyle#imageOver	val	aa0b3dbda73766a4
sge.visui.widget.VisImageButton	sge.visui.widget.VisImageButton$VisImageButtonStyle#imageUp	val	e52777eb6dcc07a5
sge.visui.widget.VisImageTextButton	sge.visui.widget.VisImageTextButton	class	361a1e7d88b60c52
sge.visui.widget.VisImageTextButton	sge.visui.widget.VisImageTextButton#<init>(String,Drawable,Sge)	ctor	25ef2c21e012eee2
sge.visui.widget.VisImageTextButton	sge.visui.widget.VisImageTextButton#<init>(String,String,Drawable,Drawable,Sge)	ctor	95ef18f5e62f7b0a
sge.visui.widget.VisImageTextButton	sge.visui.widget.VisImageTextButton#<init>(String,String,Drawable,Sge)	ctor	364f9f1460dc5a7a
sge.visui.widget.VisImageTextButton	sge.visui.widget.VisImageTextButton#<init>(String,String,Sge)	ctor	595f32afcee2e392
sge.visui.widget.VisImageTextButton	sge.visui.widget.VisImageTextButton#<init>(String,VisImageTextButtonStyle,Sge)	ctor	5a4ed3f6a2483aa8
sge.visui.widget.VisImageTextButton	sge.visui.widget.VisImageTextButton#addActorsBasedOnOrientation()	def	bd93a2c9b4f344da
sge.visui.widget.VisImageTextButton	sge.visui.widget.VisImageTextButton#disabled_=(boolean)	def	5599a8d85e2f6322
sge.visui.widget.VisImageTextButton	sge.visui.widget.VisImageTextButton#draw(Batch,float)	def	59280f89c2854c34
sge.visui.widget.VisImageTextButton	sge.visui.widget.VisImageTextButton#drawBorder	val	9568ad3b0c250ef8
sge.visui.widget.VisImageTextButton	sge.visui.widget.VisImageTextButton#focusBorderEnabled	val	fde8d01e28c85c52
sge.visui.widget.VisImageTextButton	sge.visui.widget.VisImageTextButton#focusGained()	def	a5c9a1cf03abbf80
sge.visui.widget.VisImageTextButton	sge.visui.widget.VisImageTextButton#focusLost()	def	16db98a6d2791219
sge.visui.widget.VisImageTextButton	sge.visui.widget.VisImageTextButton#generateDisabledImage	val	da121e1b4de663e1
sge.visui.widget.VisImageTextButton	sge.visui.widget.VisImageTextButton#getFontColor()	def	437980ed39a74d2c
sge.visui.widget.VisImageTextButton	sge.visui.widget.VisImageTextButton#getImage()	def	8db8bcdaed233b36
sge.visui.widget.VisImageTextButton	sge.visui.widget.VisImageTextButton#getImageCell()	def	9b40cf9ba785003b
sge.visui.widget.VisImageTextButton	sge.visui.widget.VisImageTextButton#getLabel()	def	04b24d78a41a8c11
sge.visui.widget.VisImageTextButton	sge.visui.widget.VisImageTextButton#getLabelCell()	def	6b0043b699192277
sge.visui.widget.VisImageTextButton	sge.visui.widget.VisImageTextButton#getOrientation()	def	0a9e24eab6ed696a
sge.visui.widget.VisImageTextButton	sge.visui.widget.VisImageTextButton#getStyle()	def	1717b09543df2ce9
sge.visui.widget.VisImageTextButton	sge.visui.widget.VisImageTextButton#getText()	def	5675f7557dfee493
sge.visui.widget.VisImageTextButton	sge.visui.widget.VisImageTextButton#image	val	eeed1c364e0486ee
sge.visui.widget.VisImageTextButton	sge.visui.widget.VisImageTextButton#init(String)	def	8be86983e024128a
sge.visui.widget.VisImageTextButton	sge.visui.widget.VisImageTextButton#isFocusBorderEnabled()	def	9a7ffc5c1dca520e
sge.visui.widget.VisImageTextButton	sge.visui.widget.VisImageTextButton#isGenerateDisabledImage()	def	a59fad1d868dab83
sge.visui.widget.VisImageTextButton	sge.visui.widget.VisImageTextButton#label	val	70ea5f050cde36e6
sge.visui.widget.VisImageTextButton	sge.visui.widget.VisImageTextButton#orientation	val	ae4e578b542b1000
sge.visui.widget.VisImageTextButton	sge.visui.widget.VisImageTextButton#setFocusBorderEnabled(boolean)	def	440b83f2a3ea2895
sge.visui.widget.VisImageTextButton	sge.visui.widget.VisImageTextButton#setGenerateDisabledImage(boolean)	def	2bcbdca07e18d152
sge.visui.widget.VisImageTextButton	sge.visui.widget.VisImageTextButton#setOrientation(Orientation)	def	7065c41b39675092
sge.visui.widget.VisImageTextButton	sge.visui.widget.VisImageTextButton#setStyle(ButtonStyle)	def	7a026af821f4702a
sge.visui.widget.VisImageTextButton	sge.visui.widget.VisImageTextButton#setText(CharSequence)	def	891b363298b0b972
sge.visui.widget.VisImageTextButton	sge.visui.widget.VisImageTextButton#style	val	6c4d92c5238807dd
sge.visui.widget.VisImageTextButton	sge.visui.widget.VisImageTextButton#toString()	def	1eee9f36155d358b
sge.visui.widget.VisImageTextButton	sge.visui.widget.VisImageTextButton#updateImage()	def	b64c01255014b3ef
sge.visui.widget.VisImageTextButton	sge.visui.widget.VisImageTextButton$Orientation	class	6d893a27c74632e0
sge.visui.widget.VisImageTextButton	sge.visui.widget.VisImageTextButton$VisImageTextButtonStyle	class	8fe8d0c08e3a7744
sge.visui.widget.VisImageTextButton	sge.visui.widget.VisImageTextButton$VisImageTextButtonStyle#<init>(Drawable,Drawable,Drawable,BitmapFont)	ctor	a2d7c6bb355ab938
sge.visui.widget.VisImageTextButton	sge.visui.widget.VisImageTextButton$VisImageTextButtonStyle#<init>(VisImageTextButtonStyle)	ctor	745cd81da66e2827
sge.visui.widget.VisImageTextButton	sge.visui.widget.VisImageTextButton$VisImageTextButtonStyle#<init>(VisTextButtonStyle)	ctor	f7f0da67c618dbc2
sge.visui.widget.VisImageTextButton	sge.visui.widget.VisImageTextButton$VisImageTextButtonStyle#imageChecked	val	65bff7fb172215b5
sge.visui.widget.VisImageTextButton	sge.visui.widget.VisImageTextButton$VisImageTextButtonStyle#imageCheckedOver	val	0ec067ff1818da48
sge.visui.widget.VisImageTextButton	sge.visui.widget.VisImageTextButton$VisImageTextButtonStyle#imageDisabled	val	69d6b51138d618b1
sge.visui.widget.VisImageTextButton	sge.visui.widget.VisImageTextButton$VisImageTextButtonStyle#imageDown	val	85fed5854ff45390
sge.visui.widget.VisImageTextButton	sge.visui.widget.VisImageTextButton$VisImageTextButtonStyle#imageOver	val	aa0b3dbda73766a4
sge.visui.widget.VisImageTextButton	sge.visui.widget.VisImageTextButton$VisImageTextButtonStyle#imageUp	val	e52777eb6dcc07a5
sge.visui.widget.VisLabel	sge.visui.widget.VisLabel	class	b1376c509a5d9fa2
sge.visui.widget.VisLabel	sge.visui.widget.VisLabel#<init>(CharSequence,Color,Sge)	ctor	2421d0ef46c08079
sge.visui.widget.VisLabel	sge.visui.widget.VisLabel#<init>(CharSequence,LabelStyle,Sge)	ctor	d474c9bf5b9ed2df
sge.visui.widget.VisLabel	sge.visui.widget.VisLabel#<init>(CharSequence,Sge)	ctor	722f84486d44d1e0
sge.visui.widget.VisLabel	sge.visui.widget.VisLabel#<init>(CharSequence,String,Color,Sge)	ctor	5f706e637d8d2365
sge.visui.widget.VisLabel	sge.visui.widget.VisLabel#<init>(CharSequence,String,Sge)	ctor	9e67528ca8d36f57
sge.visui.widget.VisLabel	sge.visui.widget.VisLabel#<init>(CharSequence,String,String,Sge)	ctor	382ac07def580de7
sge.visui.widget.VisLabel	sge.visui.widget.VisLabel#<init>(CharSequence,int,Sge)	ctor	03eeccbe3777e2f6
sge.visui.widget.VisList	sge.visui.widget.VisList	class	7d77c0b7a92c0ee3
sge.visui.widget.VisList	sge.visui.widget.VisList#<init>(ListStyle,Sge)	ctor	0949c0daf24f868b
sge.visui.widget.VisList	sge.visui.widget.VisList#<init>(String,Sge)	ctor	b2e8feea553228be
sge.visui.widget.VisList	sge.visui.widget.VisList#<stmt1>	stmt	a90a8c696cfb9d9e
sge.visui.widget.VisList	sge.visui.widget.VisList#init()	def	e7d294c05967a802
sge.visui.widget.VisProgressBar	sge.visui.widget.VisProgressBar	class	141ba2c6bfbf7714
sge.visui.widget.VisProgressBar	sge.visui.widget.VisProgressBar#<init>(float,float,float,boolean,Sge)	ctor	88926f9bf6084d5c
sge.visui.widget.VisProgressBar	sge.visui.widget.VisProgressBar#<init>(float,float,float,boolean,String,Sge)	ctor	122b3242493f93e1
sge.visui.widget.VisRadioButton	sge.visui.widget.VisRadioButton	class	ebb5b4685846c389
sge.visui.widget.VisRadioButton	sge.visui.widget.VisRadioButton#<init>(String,Sge)	ctor	e2106807e89ef50e
sge.visui.widget.VisScrollPane	sge.visui.widget.VisScrollPane	class	aeb749dba9f8c2b4
sge.visui.widget.VisScrollPane	sge.visui.widget.VisScrollPane#<init>(Actor,ScrollPaneStyle,Sge)	ctor	d6da4d11200a7dc9
sge.visui.widget.VisScrollPane	sge.visui.widget.VisScrollPane#<init>(Actor,Sge)	ctor	42efd8a41bf0daef
sge.visui.widget.VisScrollPane	sge.visui.widget.VisScrollPane#<init>(Actor,String,Sge)	ctor	3c24d0475416eb28
sge.visui.widget.VisSelectBox	sge.visui.widget.VisSelectBox	class	bae88812729943cb
sge.visui.widget.VisSelectBox	sge.visui.widget.VisSelectBox#<init>(SelectBoxStyle,Sge)	ctor	85dd719c71a08ab3
sge.visui.widget.VisSelectBox	sge.visui.widget.VisSelectBox#<init>(String,Sge)	ctor	680a0724b414ee50
sge.visui.widget.VisSelectBox	sge.visui.widget.VisSelectBox#<stmt1>	stmt	a90a8c696cfb9d9e
sge.visui.widget.VisSelectBox	sge.visui.widget.VisSelectBox#init()	def	e7d294c05967a802
sge.visui.widget.VisSlider	sge.visui.widget.VisSlider	class	1f6e1544c160801b
sge.visui.widget.VisSlider	sge.visui.widget.VisSlider#<init>(float,float,float,boolean,Sge)	ctor	e048135f72f98436
sge.visui.widget.VisSlider	sge.visui.widget.VisSlider#<init>(float,float,float,boolean,SliderStyle,Sge)	ctor	f635d45940d9f954
sge.visui.widget.VisSlider	sge.visui.widget.VisSlider#<init>(float,float,float,boolean,String,Sge)	ctor	1e7216c654ec696d
sge.visui.widget.VisSplitPane	sge.visui.widget.VisSplitPane	class	1141f8177e0624ab
sge.visui.widget.VisSplitPane	sge.visui.widget.VisSplitPane#<init>(Actor,Actor,boolean,Sge)	ctor	ea41f7aaf6145499
sge.visui.widget.VisSplitPane	sge.visui.widget.VisSplitPane#<init>(Actor,Actor,boolean,String,Sge)	ctor	1306a92032c01f78
sge.visui.widget.VisSplitPane	sge.visui.widget.VisSplitPane#<stmt1>	stmt	5e77dc031b92abcf
sge.visui.widget.VisSplitPane	sge.visui.widget.VisSplitPane#<stmt2>	stmt	bcb76ea79f79959a
sge.visui.widget.VisSplitPane	sge.visui.widget.VisSplitPane#<stmt3>	stmt	b9293bb40e7c975a
sge.visui.widget.VisSplitPane	sge.visui.widget.VisSplitPane#<stmt4>	stmt	5df228fe4ef7aed3
sge.visui.widget.VisSplitPane	sge.visui.widget.VisSplitPane#<stmt5>	stmt	990c39c9d7f23c12
sge.visui.widget.VisSplitPane	sge.visui.widget.VisSplitPane#<stmt6>	stmt	f91f151531a89fb2
sge.visui.widget.VisSplitPane	sge.visui.widget.VisSplitPane#<stmt7>	stmt	431836f48211c3df
sge.visui.widget.VisSplitPane	sge.visui.widget.VisSplitPane#<stmt8>	stmt	32fffd18ae01f8b6
sge.visui.widget.VisSplitPane	sge.visui.widget.VisSplitPane#addActor(Actor)	def	226323eff7469141
sge.visui.widget.VisSplitPane	sge.visui.widget.VisSplitPane#addActorAt(int,Actor)	def	d168eb972893196a
sge.visui.widget.VisSplitPane	sge.visui.widget.VisSplitPane#addActorBefore(Actor,Actor)	def	ff391460a7c937e6
sge.visui.widget.VisSplitPane	sge.visui.widget.VisSplitPane#calculateHorizBoundsAndPositions()	def	541e69cb38f15b03
sge.visui.widget.VisSplitPane	sge.visui.widget.VisSplitPane#calculateVertBoundsAndPositions()	def	aa48fae30b97174d
sge.visui.widget.VisSplitPane	sge.visui.widget.VisSplitPane#draw(Batch,float)	def	b3564dd01f268df7
sge.visui.widget.VisSplitPane	sge.visui.widget.VisSplitPane#firstScissors	val	ec7dcf3eff874ddc
sge.visui.widget.VisSplitPane	sge.visui.widget.VisSplitPane#firstWidget	val	4c21a51ecf38db54
sge.visui.widget.VisSplitPane	sge.visui.widget.VisSplitPane#firstWidgetBounds	val	d409102573c86495
sge.visui.widget.VisSplitPane	sge.visui.widget.VisSplitPane#getFirstWidgetBounds()	def	9149b69d7179a758
sge.visui.widget.VisSplitPane	sge.visui.widget.VisSplitPane#getMinHeight()	def	f0654cd2ffd9d104
sge.visui.widget.VisSplitPane	sge.visui.widget.VisSplitPane#getMinWidth()	def	d4564ef6b4a86c91
sge.visui.widget.VisSplitPane	sge.visui.widget.VisSplitPane#getPrefHeight()	def	c7196d4343fcdcdc
sge.visui.widget.VisSplitPane	sge.visui.widget.VisSplitPane#getPrefWidth()	def	ed84102b06460fd1
sge.visui.widget.VisSplitPane	sge.visui.widget.VisSplitPane#getSecondWidgetBounds()	def	1b8465c8eeb8e01b
sge.visui.widget.VisSplitPane	sge.visui.widget.VisSplitPane#getSplit()	def	194f602f6c43252b
sge.visui.widget.VisSplitPane	sge.visui.widget.VisSplitPane#getStyle()	def	a5935a7b7c6bf927
sge.visui.widget.VisSplitPane	sge.visui.widget.VisSplitPane#handleBounds	val	7cafb03b9520430c
sge.visui.widget.VisSplitPane	sge.visui.widget.VisSplitPane#handlePosition	val	54df50e328f76152
sge.visui.widget.VisSplitPane	sge.visui.widget.VisSplitPane#hit(float,float,boolean)	def	03d80d6a99e0cc99
sge.visui.widget.VisSplitPane	sge.visui.widget.VisSplitPane#initialize()	def	dbd67aab7cc2ff04
sge.visui.widget.VisSplitPane	sge.visui.widget.VisSplitPane#lastPoint	val	20022c91ebc4e52c
sge.visui.widget.VisSplitPane	sge.visui.widget.VisSplitPane#layout()	def	74928f8b2e0c906b
sge.visui.widget.VisSplitPane	sge.visui.widget.VisSplitPane#maxAmount	val	127cbdfc70e7ce41
sge.visui.widget.VisSplitPane	sge.visui.widget.VisSplitPane#minAmount	val	914b9a28bf5edde8
sge.visui.widget.VisSplitPane	sge.visui.widget.VisSplitPane#mouseOnHandle	val	c16d873af748188c
sge.visui.widget.VisSplitPane	sge.visui.widget.VisSplitPane#removeActor(Actor)	def	0525b5ce19682f0d
sge.visui.widget.VisSplitPane	sge.visui.widget.VisSplitPane#removeActor(Actor,boolean)	def	f449bc874b929443
sge.visui.widget.VisSplitPane	sge.visui.widget.VisSplitPane#secondScissors	val	8bc91189fa604009
sge.visui.widget.VisSplitPane	sge.visui.widget.VisSplitPane#secondWidget	val	006f7cd7fe560333
sge.visui.widget.VisSplitPane	sge.visui.widget.VisSplitPane#secondWidgetBounds	val	122f95007e646eaa
sge.visui.widget.VisSplitPane	sge.visui.widget.VisSplitPane#setFirstWidget(Actor)	def	edf16b5fabe5fd92
sge.visui.widget.VisSplitPane	sge.visui.widget.VisSplitPane#setMaxSplitAmount(float)	def	9b27b248707a6e21
sge.visui.widget.VisSplitPane	sge.visui.widget.VisSplitPane#setMinSplitAmount(float)	def	a11859e6bcbdc54e
sge.visui.widget.VisSplitPane	sge.visui.widget.VisSplitPane#setSecondWidget(Actor)	def	376b37b7ab49adcd
sge.visui.widget.VisSplitPane	sge.visui.widget.VisSplitPane#setSplitAmount(float)	def	fad41bdaa6950406
sge.visui.widget.VisSplitPane	sge.visui.widget.VisSplitPane#setStyle(VisSplitPaneStyle)	def	39e6d2ada22f9c44
sge.visui.widget.VisSplitPane	sge.visui.widget.VisSplitPane#setVertical(boolean)	def	2ba27227cb55f559
sge.visui.widget.VisSplitPane	sge.visui.widget.VisSplitPane#setWidgets(Actor,Actor)	def	760fd991e6c7cb4c
sge.visui.widget.VisSplitPane	sge.visui.widget.VisSplitPane#splitAmount	val	0790546cdd0c7f42
sge.visui.widget.VisSplitPane	sge.visui.widget.VisSplitPane#style	val	85cbfbccad36b041
sge.visui.widget.VisSplitPane	sge.visui.widget.VisSplitPane#vertical	val	61d222024f38e6c0
sge.visui.widget.VisSplitPane	sge.visui.widget.VisSplitPane$VisSplitPaneStyle	class	af72da51f76fd61b
sge.visui.widget.VisSplitPane	sge.visui.widget.VisSplitPane$VisSplitPaneStyle#<init>(Drawable,Drawable)	ctor	1def894743936e1e
sge.visui.widget.VisSplitPane	sge.visui.widget.VisSplitPane$VisSplitPaneStyle#<init>(VisSplitPaneStyle)	ctor	0651139d045e0c2f
sge.visui.widget.VisSplitPane	sge.visui.widget.VisSplitPane$VisSplitPaneStyle#handleOver	val	a1e1d02dce3a223d
sge.visui.widget.VisTable	sge.visui.widget.VisTable	class	e67e5a3a38cc6437
sge.visui.widget.VisTable	sge.visui.widget.VisTable#<init>(Sge)	ctor	05075328249d53b5
sge.visui.widget.VisTable	sge.visui.widget.VisTable#<init>(boolean,Sge)	ctor	c4e0f3a6572a8f86
sge.visui.widget.VisTable	sge.visui.widget.VisTable#addSeparator()	def	5c735cd004e9232d
sge.visui.widget.VisTable	sge.visui.widget.VisTable#addSeparator(boolean)	def	cbd4aa4deb9571dd
sge.visui.widget.VisTextArea	sge.visui.widget.VisTextArea	class	5183d82fcfb77ccd
sge.visui.widget.VisTextArea	sge.visui.widget.VisTextArea#<init>(String,Sge)	ctor	0d2fcc2ba15335a8
sge.visui.widget.VisTextArea	sge.visui.widget.VisTextArea#<init>(String,String,Sge)	ctor	19a41218720783dd
sge.visui.widget.VisTextArea	sge.visui.widget.VisTextArea#<init>(String,VisTextFieldStyle,Sge)	ctor	af1309a464ed352d
sge.visui.widget.VisTextArea	sge.visui.widget.VisTextArea#calculateCurrentLineIndex(int)	def	b46430bd5eefe0aa
sge.visui.widget.VisTextArea	sge.visui.widget.VisTextArea#calculateOffsets()	def	f3fa3c355277cd4e
sge.visui.widget.VisTextArea	sge.visui.widget.VisTextArea#continueCursor(int,int)	def	68f110402956d018
sge.visui.widget.VisTextArea	sge.visui.widget.VisTextArea#createInputListener()	def	4e924450a5cf45ec
sge.visui.widget.VisTextArea	sge.visui.widget.VisTextArea#cursorLine	val	ddf3950132df74ff
sge.visui.widget.VisTextArea	sge.visui.widget.VisTextArea#cursorX	val	a5424cb42ede8582
sge.visui.widget.VisTextArea	sge.visui.widget.VisTextArea#drawCursor(Drawable,Batch,BitmapFont,float,float)	def	2adb0ff9260b7bff
sge.visui.widget.VisTextArea	sge.visui.widget.VisTextArea#drawSelection(Drawable,Batch,BitmapFont,float,float)	def	e1335554b3827fc1
sge.visui.widget.VisTextArea	sge.visui.widget.VisTextArea#drawText(Batch,BitmapFont,float,float)	def	976a82e0e2a415d6
sge.visui.widget.VisTextArea	sge.visui.widget.VisTextArea#firstLineShowing	val	680f08f5b8b0fb78
sge.visui.widget.VisTextArea	sge.visui.widget.VisTextArea#getCursorLine()	def	be95386e379b9258
sge.visui.widget.VisTextArea	sge.visui.widget.VisTextArea#getCursorX()	def	4ba0fc456831379f
sge.visui.widget.VisTextArea	sge.visui.widget.VisTextArea#getCursorY()	def	a891850d39ac0212
sge.visui.widget.VisTextArea	sge.visui.widget.VisTextArea#getFirstLineShowing()	def	3806112a9cb51f73
sge.visui.widget.VisTextArea	sge.visui.widget.VisTextArea#getLines()	def	ea52f9f3e6ac1b93
sge.visui.widget.VisTextArea	sge.visui.widget.VisTextArea#getLinesShowing()	def	9349115e85a54495
sge.visui.widget.VisTextArea	sge.visui.widget.VisTextArea#getPrefHeight()	def	484a09d87bdcdb63
sge.visui.widget.VisTextArea	sge.visui.widget.VisTextArea#getTextY(BitmapFont,Drawable)	def	dc7f0324f24d1834
sge.visui.widget.VisTextArea	sge.visui.widget.VisTextArea#initialize()	def	5a014bbbef62f4a1
sge.visui.widget.VisTextArea	sge.visui.widget.VisTextArea#lastText	val	3f1eb22971831320
sge.visui.widget.VisTextArea	sge.visui.widget.VisTextArea#letterUnderCursor(float)	def	0d89a45300fea497
sge.visui.widget.VisTextArea	sge.visui.widget.VisTextArea#linesBreak	val	d57838583413887f
sge.visui.widget.VisTextArea	sge.visui.widget.VisTextArea#linesShowing	val	198c1f393551ff2c
sge.visui.widget.VisTextArea	sge.visui.widget.VisTextArea#moveCursor(boolean,boolean)	def	cd8be3587a157330
sge.visui.widget.VisTextArea	sge.visui.widget.VisTextArea#moveCursorLine(int)	def	541d3897c8ea7e8a
sge.visui.widget.VisTextArea	sge.visui.widget.VisTextArea#moveOffset	val	77bf8341082ed912
sge.visui.widget.VisTextArea	sge.visui.widget.VisTextArea#newLineAtEnd()	def	408b859403be6436
sge.visui.widget.VisTextArea	sge.visui.widget.VisTextArea#prefRows	val	c58086bccc75a277
sge.visui.widget.VisTextArea	sge.visui.widget.VisTextArea#setPrefRows(float)	def	3beb9c34758c2968
sge.visui.widget.VisTextArea	sge.visui.widget.VisTextArea#setSelection(int,int)	def	8ec368da9539cef4
sge.visui.widget.VisTextArea	sge.visui.widget.VisTextArea#showCursor()	def	f0bab8858e359961
sge.visui.widget.VisTextArea	sge.visui.widget.VisTextArea#sizeChanged()	def	9c40e43b16a8d5f9
sge.visui.widget.VisTextArea	sge.visui.widget.VisTextArea#softwrap	val	931da8535152e00c
sge.visui.widget.VisTextArea	sge.visui.widget.VisTextArea#updateCurrentLine()	def	c01685829e44afc0
sge.visui.widget.VisTextArea	sge.visui.widget.VisTextArea$TextAreaListener	class	2a8e09491e6f3add
sge.visui.widget.VisTextArea	sge.visui.widget.VisTextArea$TextAreaListener#goEnd(boolean)	def	62283ac10beb6a64
sge.visui.widget.VisTextArea	sge.visui.widget.VisTextArea$TextAreaListener#goHome(boolean)	def	6e8d063608e7a80e
sge.visui.widget.VisTextArea	sge.visui.widget.VisTextArea$TextAreaListener#keyDown(InputEvent,int)	def	5baa24404cb3deb4
sge.visui.widget.VisTextArea	sge.visui.widget.VisTextArea$TextAreaListener#keyTyped(InputEvent,char)	def	5456443ba3e38d06
sge.visui.widget.VisTextArea	sge.visui.widget.VisTextArea$TextAreaListener#setCursorPosition(float,float)	def	65e43fd3dc3ffb0c
sge.visui.widget.VisTextButton	sge.visui.widget.VisTextButton	class	6285c411b99b5d45
sge.visui.widget.VisTextButton	sge.visui.widget.VisTextButton#<init>(String,ChangeListener,Sge)	ctor	b3b13cc295c04579
sge.visui.widget.VisTextButton	sge.visui.widget.VisTextButton#<init>(String,Sge)	ctor	795f71c2f76dd33e
sge.visui.widget.VisTextButton	sge.visui.widget.VisTextButton#<init>(String,String,ChangeListener,Sge)	ctor	1b7dec4b9901abdf
sge.visui.widget.VisTextButton	sge.visui.widget.VisTextButton#<init>(String,String,Sge)	ctor	39ad35ff466c032d
sge.visui.widget.VisTextButton	sge.visui.widget.VisTextButton#<init>(String,VisTextButtonStyle,Sge)	ctor	d8610f729cdb3ed8
sge.visui.widget.VisTextButton	sge.visui.widget.VisTextButton#draw(Batch,float)	def	b2c468050b9d137c
sge.visui.widget.VisTextButton	sge.visui.widget.VisTextButton#drawBorder	val	9568ad3b0c250ef8
sge.visui.widget.VisTextButton	sge.visui.widget.VisTextButton#focusBorderEnabled	val	fde8d01e28c85c52
sge.visui.widget.VisTextButton	sge.visui.widget.VisTextButton#focusGained()	def	a5c9a1cf03abbf80
sge.visui.widget.VisTextButton	sge.visui.widget.VisTextButton#focusLost()	def	16db98a6d2791219
sge.visui.widget.VisTextButton	sge.visui.widget.VisTextButton#init()	def	f0e1fb70b6c67f7f
sge.visui.widget.VisTextButton	sge.visui.widget.VisTextButton#isFocusBorderEnabled()	def	9a7ffc5c1dca520e
sge.visui.widget.VisTextButton	sge.visui.widget.VisTextButton#setFocusBorderEnabled(boolean)	def	440b83f2a3ea2895
sge.visui.widget.VisTextButton	sge.visui.widget.VisTextButton#style	val	e09fa0ca5431e6c2
sge.visui.widget.VisTextButton	sge.visui.widget.VisTextButton$VisTextButtonStyle	class	f9ac537172f3c2f9
sge.visui.widget.VisTextButton	sge.visui.widget.VisTextButton$VisTextButtonStyle#<init>(Drawable,Drawable,Drawable,BitmapFont)	ctor	a2d7c6bb355ab938
sge.visui.widget.VisTextButton	sge.visui.widget.VisTextButton$VisTextButtonStyle#<init>(VisTextButtonStyle)	ctor	f7f0da67c618dbc2
sge.visui.widget.VisTextButton	sge.visui.widget.VisTextButton$VisTextButtonStyle#focusBorder	val	ef636d133b4773c6
sge.visui.widget.VisTextField	sge.visui.widget.VisTextField	class	db2a12d4c59eb3f1
sge.visui.widget.VisTextField	sge.visui.widget.VisTextField#<init>(String,Sge)	ctor	4ee24faaabaa69bb
sge.visui.widget.VisTextField	sge.visui.widget.VisTextField#<init>(String,String,Sge)	ctor	ada7cabe0cbe2d33
sge.visui.widget.VisTextField	sge.visui.widget.VisTextField#<init>(String,VisTextFieldStyle,Sge)	ctor	cdc33857be4779a3
sge.visui.widget.VisTextField	sge.visui.widget.VisTextField#<stmt1>	stmt	c7ac7fa9e8209b44
sge.visui.widget.VisTextField	sge.visui.widget.VisTextField#<stmt2>	stmt	366d61d59be6a7dc
sge.visui.widget.VisTextField	sge.visui.widget.VisTextField#<stmt3>	stmt	32fffd18ae01f8b6
sge.visui.widget.VisTextField	sge.visui.widget.VisTextField#<stmt4>	stmt	8f72c50768107fda
sge.visui.widget.VisTextField	sge.visui.widget.VisTextField#<stmt5>	stmt	431836f48211c3df
sge.visui.widget.VisTextField	sge.visui.widget.VisTextField#BACKSPACE	val	62ed05882a6706dd
sge.visui.widget.VisTextField	sge.visui.widget.VisTextField#BULLET	val	1bf63495f7498816
sge.visui.widget.VisTextField	sge.visui.widget.VisTextField#DELETE	val	fb2552ea6735df52
sge.visui.widget.VisTextField	sge.visui.widget.VisTextField#ENTER_ANDROID	val	c6134ade6586dfe7
sge.visui.widget.VisTextField	sge.visui.widget.VisTextField#ENTER_DESKTOP	val	777c641f1e5d9af7
sge.visui.widget.VisTextField	sge.visui.widget.VisTextField#TAB	val	801937f1fb51b059
sge.visui.widget.VisTextField	sge.visui.widget.VisTextField#appendText(String)	def	358ee93e34ed618d
sge.visui.widget.VisTextField	sge.visui.widget.VisTextField#beforeChangeEventFired()	def	afb2d322fe372d6c
sge.visui.widget.VisTextField	sge.visui.widget.VisTextField#blink()	def	22418ab0b06233a0
sge.visui.widget.VisTextField	sge.visui.widget.VisTextField#blinkTime	val	c2eb6fef4e1f1e98
sge.visui.widget.VisTextField	sge.visui.widget.VisTextField#calculateOffsets()	def	a0d4dc30e670eabe
sge.visui.widget.VisTextField	sge.visui.widget.VisTextField#changeText(String,String)	def	012c9a9e910e1e19
sge.visui.widget.VisTextField	sge.visui.widget.VisTextField#clearSelection()	def	16ba84a84f11bc53
sge.visui.widget.VisTextField	sge.visui.widget.VisTextField#clearText()	def	25832dddd2e52f19
sge.visui.widget.VisTextField	sge.visui.widget.VisTextField#clickListener	val	e48a04cc3ca95c36
sge.visui.widget.VisTextField	sge.visui.widget.VisTextField#clipboard	val	441d92b2e7f0b647
sge.visui.widget.VisTextField	sge.visui.widget.VisTextField#continueCursor(int,int)	def	cb240c7595bb25eb
sge.visui.widget.VisTextField	sge.visui.widget.VisTextField#copy()	def	149c77078c805639
sge.visui.widget.VisTextField	sge.visui.widget.VisTextField#createInputListener()	def	326280ba3f2d74b0
sge.visui.widget.VisTextField	sge.visui.widget.VisTextField#cursor	val	808d316bdacc3ab4
sge.visui.widget.VisTextField	sge.visui.widget.VisTextField#cursorOn	val	c846f908ecb9606b
sge.visui.widget.VisTextField	sge.visui.widget.VisTextField#cursorPercentHeight	val	94d9315a98301404
sge.visui.widget.VisTextField	sge.visui.widget.VisTextField#cut()	def	7bd072bfd2d08dbc
sge.visui.widget.VisTextField	sge.visui.widget.VisTextField#cut(boolean)	def	849288b2f3801934
sge.visui.widget.VisTextField	sge.visui.widget.VisTextField#delete(boolean)	def	4592d7177bafe19f
sge.visui.widget.VisTextField	sge.visui.widget.VisTextField#disabled	val	85789c8178261d70
sge.visui.widget.VisTextField	sge.visui.widget.VisTextField#disabled()	def	e3a774b4d95be53f
sge.visui.widget.VisTextField	sge.visui.widget.VisTextField#disabled_=(boolean)	def	05987a6c8131357e
sge.visui.widget.VisTextField	sge.visui.widget.VisTextField#displayText	val	505b158b82bfa9a6
sge.visui.widget.VisTextField	sge.visui.widget.VisTextField#draw(Batch,float)	def	f5f191ba86316d0d
sge.visui.widget.VisTextField	sge.visui.widget.VisTextField#drawBorder	val	9568ad3b0c250ef8
sge.visui.widget.VisTextField	sge.visui.widget.VisTextField#drawCursor(Drawable,Batch,BitmapFont,float,float)	def	d5d0142cbe7f4781
sge.visui.widget.VisTextField	sge.visui.widget.VisTextField#drawSelection(Drawable,Batch,BitmapFont,float,float)	def	ada591c107a77be8
sge.visui.widget.VisTextField	sge.visui.widget.VisTextField#drawText(Batch,BitmapFont,float,float)	def	4f9ce1d6f8f4f334
sge.visui.widget.VisTextField	sge.visui.widget.VisTextField#enterKeyFocusTraversal	val	1de9245cfbe1a577
sge.visui.widget.VisTextField	sge.visui.widget.VisTextField#filter	val	49589330fd727faf
sge.visui.widget.VisTextField	sge.visui.widget.VisTextField#findModalWindow(Actor)	def	c6225ec0d83d46d9
sge.visui.widget.VisTextField	sge.visui.widget.VisTextField#findNextTextField(Array<Actor>,VisTextField,Vector2,Vector2,boolean)	def	9e6564715cbdbb1b
sge.visui.widget.VisTextField	sge.visui.widget.VisTextField#focusBorderEnabled	val	fde8d01e28c85c52
sge.visui.widget.VisTextField	sge.visui.widget.VisTextField#focusField()	def	3b5a0773540579ff
sge.visui.widget.VisTextField	sge.visui.widget.VisTextField#focusGained()	def	a5c9a1cf03abbf80
sge.visui.widget.VisTextField	sge.visui.widget.VisTextField#focusLost()	def	16db98a6d2791219
sge.visui.widget.VisTextField	sge.visui.widget.VisTextField#focusTraversal	val	d3112dfa03f74134
sge.visui.widget.VisTextField	sge.visui.widget.VisTextField#fontOffset	val	7073ce696368ea45
sge.visui.widget.VisTextField	sge.visui.widget.VisTextField#getCursorPosition()	def	9e40a1983e378df7
sge.visui.widget.VisTextField	sge.visui.widget.VisTextField#getDefaultInputListener()	def	b2db96692cd0163b
sge.visui.widget.VisTextField	sge.visui.widget.VisTextField#getMaxLength()	def	57582682f510cd97
sge.visui.widget.VisTextField	sge.visui.widget.VisTextField#getMessageText()	def	502138e1daf74f05
sge.visui.widget.VisTextField	sge.visui.widget.VisTextField#getOnscreenKeyboard()	def	c95a157a00a9d820
sge.visui.widget.VisTextField	sge.visui.widget.VisTextField#getPrefHeight()	def	01351991ebe17eed
sge.visui.widget.VisTextField	sge.visui.widget.VisTextField#getPrefWidth()	def	d3c3f470df8fece4
sge.visui.widget.VisTextField	sge.visui.widget.VisTextField#getProgrammaticChangeEvents()	def	d5c9014b2bd5ff1f
sge.visui.widget.VisTextField	sge.visui.widget.VisTextField#getSelection()	def	5f99c9108d7a0368
sge.visui.widget.VisTextField	sge.visui.widget.VisTextField#getSelectionStart()	def	d960f5914298dd06
sge.visui.widget.VisTextField	sge.visui.widget.VisTextField#getStyle()	def	eb5b06d0dd9fec74
sge.visui.widget.VisTextField	sge.visui.widget.VisTextField#getText()	def	52b0c2b7b91fbed9
sge.visui.widget.VisTextField	sge.visui.widget.VisTextField#getTextFieldFilter()	def	06be81fb03ab67e3
sge.visui.widget.VisTextField	sge.visui.widget.VisTextField#getTextY(BitmapFont,Drawable)	def	40fa75cf6e84f994
sge.visui.widget.VisTextField	sge.visui.widget.VisTextField#glyphPositions	val	0deab8de87f2bbc4
sge.visui.widget.VisTextField	sge.visui.widget.VisTextField#hasSelection	val	e69c073144684298
sge.visui.widget.VisTextField	sge.visui.widget.VisTextField#ignoreEqualsTextChange	val	e27f98427409c4d3
sge.visui.widget.VisTextField	sge.visui.widget.VisTextField#initialize()	def	276449967c3f1049
sge.visui.widget.VisTextField	sge.visui.widget.VisTextField#inputListener	val	334e41b57bcf3375
sge.visui.widget.VisTextField	sge.visui.widget.VisTextField#inputValid	val	6e38187c421ab367
sge.visui.widget.VisTextField	sge.visui.widget.VisTextField#insert(int,CharSequence,String)	def	999165460366cddc
sge.visui.widget.VisTextField	sge.visui.widget.VisTextField#isActorVisibleInStage(Actor)	def	7b1134cfe8683203
sge.visui.widget.VisTextField	sge.visui.widget.VisTextField#isEmpty()	def	c9125b4e92aa19d2
sge.visui.widget.VisTextField	sge.visui.widget.VisTextField#isFocusBorderEnabled()	def	9a7ffc5c1dca520e
sge.visui.widget.VisTextField	sge.visui.widget.VisTextField#isIgnoreEqualsTextChange()	def	81d548a2faf09ae0
sge.visui.widget.VisTextField	sge.visui.widget.VisTextField#isInputValid()	def	964ea0f27a63e6dc
sge.visui.widget.VisTextField	sge.visui.widget.VisTextField#isPasswordMode()	def	3c9ac5ec66280733
sge.visui.widget.VisTextField	sge.visui.widget.VisTextField#isReadOnly()	def	c10e2e0863f656b8
sge.visui.widget.VisTextField	sge.visui.widget.VisTextField#isTextSelected()	def	49c8525e7127b34a
sge.visui.widget.VisTextField	sge.visui.widget.VisTextField#isWordCharacter(char)	def	c37079eba49a6740
sge.visui.widget.VisTextField	sge.visui.widget.VisTextField#keyRepeatInitialTime	val	7b99ef6523e8c06c
sge.visui.widget.VisTextField	sge.visui.widget.VisTextField#keyRepeatTask	val	f10009aefa2f055a
sge.visui.widget.VisTextField	sge.visui.widget.VisTextField#keyRepeatTime	val	219226d39cae069d
sge.visui.widget.VisTextField	sge.visui.widget.VisTextField#keyboard	val	6d2279c6e1b900b4
sge.visui.widget.VisTextField	sge.visui.widget.VisTextField#lastBlink	val	71f413f6332b8fc3
sge.visui.widget.VisTextField	sge.visui.widget.VisTextField#lastChangeTime	val	66365e9d8f3fec0b
sge.visui.widget.VisTextField	sge.visui.widget.VisTextField#layout	val	a03b469efc288876
sge.visui.widget.VisTextField	sge.visui.widget.VisTextField#letterUnderCursor(float)	def	47301183fd4cd6ff
sge.visui.widget.VisTextField	sge.visui.widget.VisTextField#listener	val	df77ce66c114b44f
sge.visui.widget.VisTextField	sge.visui.widget.VisTextField#maxLength	val	03286b4fb9456bcf
sge.visui.widget.VisTextField	sge.visui.widget.VisTextField#messageText	val	a974e78dbd3b4ac6
sge.visui.widget.VisTextField	sge.visui.widget.VisTextField#moveCursor(boolean,boolean)	def	37c8b79f0172e412
sge.visui.widget.VisTextField	sge.visui.widget.VisTextField#next(boolean)	def	716fa1dbea4dc7cd
sge.visui.widget.VisTextField	sge.visui.widget.VisTextField#onlyFontChars	val	da77b84661d426bb
sge.visui.widget.VisTextField	sge.visui.widget.VisTextField#passwordBuffer	val	0f153e0e50ebb932
sge.visui.widget.VisTextField	sge.visui.widget.VisTextField#passwordCharacter	val	218005cfb5bc4705
sge.visui.widget.VisTextField	sge.visui.widget.VisTextField#passwordMode	val	2102746e981176cc
sge.visui.widget.VisTextField	sge.visui.widget.VisTextField#paste(String,boolean)	def	ccfe8fa279fb08e6
sge.visui.widget.VisTextField	sge.visui.widget.VisTextField#programmaticChangeEvents	val	15c15abfd01546c6
sge.visui.widget.VisTextField	sge.visui.widget.VisTextField#readOnly	val	f2ad1987f50611c0
sge.visui.widget.VisTextField	sge.visui.widget.VisTextField#renderOffset	val	4f78b1fda721b6cc
sge.visui.widget.VisTextField	sge.visui.widget.VisTextField#selectAll()	def	9287861a23b4cf5c
sge.visui.widget.VisTextField	sge.visui.widget.VisTextField#selectionStart	val	82fdcb654ec14696
sge.visui.widget.VisTextField	sge.visui.widget.VisTextField#selectionWidth	val	3ccd6f0d6bf98b30
sge.visui.widget.VisTextField	sge.visui.widget.VisTextField#selectionX	val	d01ea2b069bf4c65
sge.visui.widget.VisTextField	sge.visui.widget.VisTextField#setAlignment(int)	def	8798096001844250
sge.visui.widget.VisTextField	sge.visui.widget.VisTextField#setBlinkTime(float)	def	169271a9b83d4e62
sge.visui.widget.VisTextField	sge.visui.widget.VisTextField#setClipboard(Clipboard)	def	981f32ee088836d4
sge.visui.widget.VisTextField	sge.visui.widget.VisTextField#setCursorAtTextEnd()	def	965ee7e3bdf36e83
sge.visui.widget.VisTextField	sge.visui.widget.VisTextField#setCursorPercentHeight(float)	def	a19eb2818c873756
sge.visui.widget.VisTextField	sge.visui.widget.VisTextField#setCursorPosition(int)	def	f5873f8db70d0f31
sge.visui.widget.VisTextField	sge.visui.widget.VisTextField#setEnterKeyFocusTraversal(boolean)	def	09d31bc09739b53b
sge.visui.widget.VisTextField	sge.visui.widget.VisTextField#setFocusBorderEnabled(boolean)	def	440b83f2a3ea2895
sge.visui.widget.VisTextField	sge.visui.widget.VisTextField#setFocusTraversal(boolean)	def	1dcda769634f3255
sge.visui.widget.VisTextField	sge.visui.widget.VisTextField#setIgnoreEqualsTextChange(boolean)	def	6ed35d8254d9e509
sge.visui.widget.VisTextField	sge.visui.widget.VisTextField#setInputValid(boolean)	def	101b9f783ba28771
sge.visui.widget.VisTextField	sge.visui.widget.VisTextField#setMaxLength(int)	def	8a6357f2f669b66f
sge.visui.widget.VisTextField	sge.visui.widget.VisTextField#setMessageText(String)	def	d4f167d3eb9f1cbb
sge.visui.widget.VisTextField	sge.visui.widget.VisTextField#setOnlyFontChars(boolean)	def	a570ded8f4d19650
sge.visui.widget.VisTextField	sge.visui.widget.VisTextField#setOnscreenKeyboard(OnscreenKeyboard)	def	56e2d5092a91dca0
sge.visui.widget.VisTextField	sge.visui.widget.VisTextField#setPasswordCharacter(char)	def	973cee2bd27ab713
sge.visui.widget.VisTextField	sge.visui.widget.VisTextField#setPasswordMode(boolean)	def	614edaefd4abb9ca
sge.visui.widget.VisTextField	sge.visui.widget.VisTextField#setProgrammaticChangeEvents(boolean)	def	69e4d3ecdce23660
sge.visui.widget.VisTextField	sge.visui.widget.VisTextField#setReadOnly(boolean)	def	c6e0cf8faade214d
sge.visui.widget.VisTextField	sge.visui.widget.VisTextField#setSelection(int,int)	def	00d76130c3676396
sge.visui.widget.VisTextField	sge.visui.widget.VisTextField#setStyle(VisTextFieldStyle)	def	cf6c8fef38724bf0
sge.visui.widget.VisTextField	sge.visui.widget.VisTextField#setText(String)	def	48845930c5e84451
sge.visui.widget.VisTextField	sge.visui.widget.VisTextField#setTextFieldFilter(TextFieldFilter)	def	58864e7ac98022d7
sge.visui.widget.VisTextField	sge.visui.widget.VisTextField#setTextFieldListener(TextFieldListener)	def	01fcbf02542ce131
sge.visui.widget.VisTextField	sge.visui.widget.VisTextField#style	val	93715118c0b1cf17
sge.visui.widget.VisTextField	sge.visui.widget.VisTextField#text	val	48ae5ad5624f20fb
sge.visui.widget.VisTextField	sge.visui.widget.VisTextField#textHAlign	val	fd38a1d839629951
sge.visui.widget.VisTextField	sge.visui.widget.VisTextField#textHeight	val	47272f00f0a40d40
sge.visui.widget.VisTextField	sge.visui.widget.VisTextField#textOffset	val	286ceba75e515464
sge.visui.widget.VisTextField	sge.visui.widget.VisTextField#tmp1	val	6f40120f78aec4e8
sge.visui.widget.VisTextField	sge.visui.widget.VisTextField#tmp2	val	e78dd0d5fef518ab
sge.visui.widget.VisTextField	sge.visui.widget.VisTextField#tmp3	val	17e0a8c9d841b734
sge.visui.widget.VisTextField	sge.visui.widget.VisTextField#toString()	def	9603a92ace0fa77d
sge.visui.widget.VisTextField	sge.visui.widget.VisTextField#undoCursorPos	val	3b27490dced9f18b
sge.visui.widget.VisTextField	sge.visui.widget.VisTextField#undoText	val	f59786a8c8ee4954
sge.visui.widget.VisTextField	sge.visui.widget.VisTextField#updateDisplayText()	def	5ff98c30932ae101
sge.visui.widget.VisTextField	sge.visui.widget.VisTextField#visibleTextEnd	val	c18f15dd904a2c24
sge.visui.widget.VisTextField	sge.visui.widget.VisTextField#visibleTextStart	val	1a98076d428c289b
sge.visui.widget.VisTextField	sge.visui.widget.VisTextField#withinMaxLength(int)	def	ebd4dd62fd73db08
sge.visui.widget.VisTextField	sge.visui.widget.VisTextField#wordUnderCursor(float)	def	3b7135870cf666c0
sge.visui.widget.VisTextField	sge.visui.widget.VisTextField#wordUnderCursor(int)	def	8e38e8f9241bd056
sge.visui.widget.VisTextField	sge.visui.widget.VisTextField#writeEnters	val	8b5f1fe89be075e8
sge.visui.widget.VisTextField	sge.visui.widget.VisTextField$KeyRepeatTask	class	e7ed1f324858ab81
sge.visui.widget.VisTextField	sge.visui.widget.VisTextField$KeyRepeatTask#keycode	val	f815be88c208fd9b
sge.visui.widget.VisTextField	sge.visui.widget.VisTextField$KeyRepeatTask#run()	def	d2a90e76e555c3cd
sge.visui.widget.VisTextField	sge.visui.widget.VisTextField$TextFieldClickListener	class	913c5c90595bd2dd
sge.visui.widget.VisTextField	sge.visui.widget.VisTextField$TextFieldClickListener#clicked(InputEvent,float,float)	def	53f65f95d056cdc7
sge.visui.widget.VisTextField	sge.visui.widget.VisTextField$TextFieldClickListener#goEnd(boolean)	def	9ff50feafaf384a6
sge.visui.widget.VisTextField	sge.visui.widget.VisTextField$TextFieldClickListener#goHome(boolean)	def	d640fca206276cb8
sge.visui.widget.VisTextField	sge.visui.widget.VisTextField$TextFieldClickListener#keyDown(InputEvent,int)	def	a2d0d8875e586f61
sge.visui.widget.VisTextField	sge.visui.widget.VisTextField$TextFieldClickListener#keyTyped(InputEvent,char)	def	5c96930b81ebee4a
sge.visui.widget.VisTextField	sge.visui.widget.VisTextField$TextFieldClickListener#keyUp(InputEvent,int)	def	2498593ed2af8fed
sge.visui.widget.VisTextField	sge.visui.widget.VisTextField$TextFieldClickListener#scheduleKeyRepeatTask(int)	def	0a8c1d4a4f6ad04d
sge.visui.widget.VisTextField	sge.visui.widget.VisTextField$TextFieldClickListener#setCursorPosition(float,float)	def	b034f4e903b04307
sge.visui.widget.VisTextField	sge.visui.widget.VisTextField$TextFieldClickListener#touchDown(InputEvent,float,float,int,int)	def	e1761c34697bbd95
sge.visui.widget.VisTextField	sge.visui.widget.VisTextField$TextFieldClickListener#touchDragged(InputEvent,float,float,int)	def	f80e5f274acb77e6
sge.visui.widget.VisTextField	sge.visui.widget.VisTextField$TextFieldClickListener#touchUp(InputEvent,float,float,int,int)	def	62f5b6b69e839ed4
sge.visui.widget.VisTextField	sge.visui.widget.VisTextField$TextFieldFilter	class	ac591fd29b35ecdf
sge.visui.widget.VisTextField	sge.visui.widget.VisTextField$TextFieldFilter#acceptChar(VisTextField,char)	def	a977ae404b76fe6f
sge.visui.widget.VisTextField	sge.visui.widget.VisTextField$TextFieldFilter$DigitsOnlyFilter	class	ab61a4632e6e7ea1
sge.visui.widget.VisTextField	sge.visui.widget.VisTextField$TextFieldFilter$DigitsOnlyFilter#acceptChar(VisTextField,char)	def	ca26f397cf091d90
sge.visui.widget.VisTextField	sge.visui.widget.VisTextField$TextFieldListener	class	aa90c558f95b1710
sge.visui.widget.VisTextField	sge.visui.widget.VisTextField$TextFieldListener#keyTyped(VisTextField,char)	def	eed7c0949cea82c5
sge.visui.widget.VisTextField	sge.visui.widget.VisTextField$VisTextFieldStyle	class	28917aee02719e22
sge.visui.widget.VisTextField	sge.visui.widget.VisTextField$VisTextFieldStyle#<init>(BitmapFont,Color,Drawable,Drawable,Drawable)	ctor	afd49943c0e982f7
sge.visui.widget.VisTextField	sge.visui.widget.VisTextField$VisTextFieldStyle#<init>(VisTextFieldStyle)	ctor	df6a069f5dda84ab
sge.visui.widget.VisTextField	sge.visui.widget.VisTextField$VisTextFieldStyle#backgroundOver	val	a585ac334a2a347e
sge.visui.widget.VisTextField	sge.visui.widget.VisTextField$VisTextFieldStyle#errorBorder	val	8e0a9f4bce9874ae
sge.visui.widget.VisTextField	sge.visui.widget.VisTextField$VisTextFieldStyle#focusBorder	val	ef636d133b4773c6
sge.visui.widget.VisTree	sge.visui.widget.VisTree	class	0d9685b933cce96a
sge.visui.widget.VisTree	sge.visui.widget.VisTree#<init>(String,Sge)	ctor	7f11c83f371ac054
sge.visui.widget.VisTree	sge.visui.widget.VisTree#<init>(TreeStyle,Sge)	ctor	87fe85b16c85d187
sge.visui.widget.VisTree	sge.visui.widget.VisTree#<stmt1>	stmt	a90a8c696cfb9d9e
sge.visui.widget.VisTree	sge.visui.widget.VisTree#init()	def	501b5b3ff7bf7454
sge.visui.widget.VisValidatableTextField	sge.visui.widget.VisValidatableTextField	class	c56d986f653640ed
sge.visui.widget.VisValidatableTextField	sge.visui.widget.VisValidatableTextField#<init>(Array<InputValidator>,Sge)	ctor	f838117205d3b655
sge.visui.widget.VisValidatableTextField	sge.visui.widget.VisValidatableTextField#<init>(InputValidator,Sge)	ctor	154f4aad2cef9828
sge.visui.widget.VisValidatableTextField	sge.visui.widget.VisValidatableTextField#<init>(String,Sge)	ctor	4272338ba9de30c2
sge.visui.widget.VisValidatableTextField	sge.visui.widget.VisValidatableTextField#<init>(String,String,Sge)	ctor	87bf7cbc17bdb1e9
sge.visui.widget.VisValidatableTextField	sge.visui.widget.VisValidatableTextField#<init>(String,VisTextFieldStyle,Sge)	ctor	57237ec83e502d47
sge.visui.widget.VisValidatableTextField	sge.visui.widget.VisValidatableTextField#<init>(boolean,Array<InputValidator>,Sge)	ctor	8d23fea50604e38b
sge.visui.widget.VisValidatableTextField	sge.visui.widget.VisValidatableTextField#<init>(boolean,InputValidator,Sge)	ctor	48c4fb1c4c650752
sge.visui.widget.VisValidatableTextField	sge.visui.widget.VisValidatableTextField#<stmt1>	stmt	a90a8c696cfb9d9e
sge.visui.widget.VisValidatableTextField	sge.visui.widget.VisValidatableTextField#addValidator(InputValidator)	def	36b85bb2b86c972e
sge.visui.widget.VisValidatableTextField	sge.visui.widget.VisValidatableTextField#beforeChangeEventFired()	def	831e26e46cc9cf26
sge.visui.widget.VisValidatableTextField	sge.visui.widget.VisValidatableTextField#getValidators()	def	cc34ae5162f61843
sge.visui.widget.VisValidatableTextField	sge.visui.widget.VisValidatableTextField#init()	def	501a85ab1fc214a0
sge.visui.widget.VisValidatableTextField	sge.visui.widget.VisValidatableTextField#isRestoreLastValid()	def	8d9f2b7c0173841d
sge.visui.widget.VisValidatableTextField	sge.visui.widget.VisValidatableTextField#isValidationEnabled()	def	1b53e51597818da0
sge.visui.widget.VisValidatableTextField	sge.visui.widget.VisValidatableTextField#lastValid	val	5b6407189a51fff2
sge.visui.widget.VisValidatableTextField	sge.visui.widget.VisValidatableTextField#restoreFocusListener	val	a36dddcec2830871
sge.visui.widget.VisValidatableTextField	sge.visui.widget.VisValidatableTextField#restoreLastValid	val	2f72b33bd5eea8aa
sge.visui.widget.VisValidatableTextField	sge.visui.widget.VisValidatableTextField#restoreLastValidText()	def	3922965c182bf280
sge.visui.widget.VisValidatableTextField	sge.visui.widget.VisValidatableTextField#setRestoreLastValid(boolean)	def	b3c35a6116adaef2
sge.visui.widget.VisValidatableTextField	sge.visui.widget.VisValidatableTextField#setText(String)	def	4bec9b586aeb94ca
sge.visui.widget.VisValidatableTextField	sge.visui.widget.VisValidatableTextField#setValidationEnabled(boolean)	def	4ccc3be2af8abc96
sge.visui.widget.VisValidatableTextField	sge.visui.widget.VisValidatableTextField#validateInput()	def	9400d7bbc78a7b48
sge.visui.widget.VisValidatableTextField	sge.visui.widget.VisValidatableTextField#validationEnabled	val	c584e2ec724e8067
sge.visui.widget.VisValidatableTextField	sge.visui.widget.VisValidatableTextField#validators	val	c7aaab4d02f8bd36
sge.visui.widget.VisValidatableTextField	sge.visui.widget.VisValidatableTextField$LastValidFocusListener	class	329e57139a32390e
sge.visui.widget.VisValidatableTextField	sge.visui.widget.VisValidatableTextField$LastValidFocusListener#keyboardFocusChanged(FocusEvent,Actor,boolean)	def	458d7be60c40e207
sge.visui.widget.VisWindow	sge.visui.widget.VisWindow	class	e2c70aabb7b397a7
sge.visui.widget.VisWindow	sge.visui.widget.VisWindow#<init>(String,Sge)	ctor	44a0649db9638918
sge.visui.widget.VisWindow	sge.visui.widget.VisWindow#<init>(String,String,Sge)	ctor	5e1d90fe07fdda76
sge.visui.widget.VisWindow	sge.visui.widget.VisWindow#<init>(String,WindowStyle,Sge)	ctor	2e6b9f8701ac0901
sge.visui.widget.VisWindow	sge.visui.widget.VisWindow#<init>(String,boolean,Sge)	ctor	7b80377b3eaa3d46
sge.visui.widget.VisWindow	sge.visui.widget.VisWindow#FADE_TIME	val	31241e24baee2d86
sge.visui.widget.VisWindow	sge.visui.widget.VisWindow#addCloseButton()	def	c025c51abad6fa65
sge.visui.widget.VisWindow	sge.visui.widget.VisWindow#centerOnAdd	val	a961300373210a13
sge.visui.widget.VisWindow	sge.visui.widget.VisWindow#centerWindow()	def	50a084078d67fc06
sge.visui.widget.VisWindow	sge.visui.widget.VisWindow#closeOnEscape()	def	1b3254d4cd8d16f5
sge.visui.widget.VisWindow	sge.visui.widget.VisWindow#closeWindow()	def	40ac704939f28a94
sge.visui.widget.VisWindow	sge.visui.widget.VisWindow#draw(Batch,float)	def	989c9cb1d948e9af
sge.visui.widget.VisWindow	sge.visui.widget.VisWindow#fadeIn()	def	e50427ea4026b647
sge.visui.widget.VisWindow	sge.visui.widget.VisWindow#fadeIn(float)	def	bafd8eb4db73be2a
sge.visui.widget.VisWindow	sge.visui.widget.VisWindow#fadeOut()	def	0ecf38958de4d3d1
sge.visui.widget.VisWindow	sge.visui.widget.VisWindow#fadeOut(float)	def	7d2134463cf0d941
sge.visui.widget.VisWindow	sge.visui.widget.VisWindow#fadeOutActionRunning	val	09677bed5f2accff
sge.visui.widget.VisWindow	sge.visui.widget.VisWindow#isKeepWithinParent()	def	9d90358687f28593
sge.visui.widget.VisWindow	sge.visui.widget.VisWindow#keepWithinParent	val	b663335d56be8b90
sge.visui.widget.VisWindow	sge.visui.widget.VisWindow#moveToCenter()	def	4fb83551bfa5a529
sge.visui.widget.VisWindow	sge.visui.widget.VisWindow#setCenterOnAdd(boolean)	def	2c6ce1037396128e
sge.visui.widget.VisWindow	sge.visui.widget.VisWindow#setKeepWithinParent(boolean)	def	975ce1e3b055a521
sge.visui.widget.VisWindow	sge.visui.widget.VisWindow#setPosition(float,float)	def	f940a4392614324d
sge.visui.widget.VisWindow	sge.visui.widget.VisWindow#setStage(Stage)	def	19f104c9e30b2a74
sge.visui.widget.color.BasicColorPicker	sge.visui.widget.color.BasicColorPicker	class	84c68c24e4308e2f
sge.visui.widget.color.BasicColorPicker	sge.visui.widget.color.BasicColorPicker#<init>(ColorPickerListener,Sge)	ctor	7604c90cde5d297c
sge.visui.widget.color.BasicColorPicker	sge.visui.widget.color.BasicColorPicker#<init>(ColorPickerWidgetStyle,ColorPickerListener,Sge)	ctor	e0121ed0f49c9295
sge.visui.widget.color.BasicColorPicker	sge.visui.widget.color.BasicColorPicker#<init>(Sge)	ctor	dc3a53cc316f6078
sge.visui.widget.color.BasicColorPicker	sge.visui.widget.color.BasicColorPicker#<init>(String,ColorPickerListener,Sge)	ctor	d7a33c2b45717505
sge.visui.widget.color.BasicColorPicker	sge.visui.widget.color.BasicColorPicker#<stmt10>	stmt	53f285dbb74869d6
sge.visui.widget.color.BasicColorPicker	sge.visui.widget.color.BasicColorPicker#<stmt1>	stmt	802c342302b2cbcb
sge.visui.widget.color.BasicColorPicker	sge.visui.widget.color.BasicColorPicker#<stmt2>	stmt	d43bf9f451d17d77
sge.visui.widget.color.BasicColorPicker	sge.visui.widget.color.BasicColorPicker#<stmt3>	stmt	feb02d9230123701
sge.visui.widget.color.BasicColorPicker	sge.visui.widget.color.BasicColorPicker#<stmt4>	stmt	2457e325752c256f
sge.visui.widget.color.BasicColorPicker	sge.visui.widget.color.BasicColorPicker#<stmt5>	stmt	2575eb592fdf53dd
sge.visui.widget.color.BasicColorPicker	sge.visui.widget.color.BasicColorPicker#<stmt6>	stmt	ab2c581210f10df1
sge.visui.widget.color.BasicColorPicker	sge.visui.widget.color.BasicColorPicker#<stmt7>	stmt	374b3c8fc1588f6e
sge.visui.widget.color.BasicColorPicker	sge.visui.widget.color.BasicColorPicker#<stmt8>	stmt	8e3d95daf59d42ef
sge.visui.widget.color.BasicColorPicker	sge.visui.widget.color.BasicColorPicker#<stmt9>	stmt	3de248e11bbe98ce
sge.visui.widget.color.BasicColorPicker	sge.visui.widget.color.BasicColorPicker#BAR_HEIGHT	val	f6563ef3e46e7f8d
sge.visui.widget.color.BasicColorPicker	sge.visui.widget.color.BasicColorPicker#BAR_WIDTH	val	0010e52e8bd41e13
sge.visui.widget.color.BasicColorPicker	sge.visui.widget.color.BasicColorPicker#FIELD_WIDTH	val	0c7ba2ef415dc9e5
sge.visui.widget.color.BasicColorPicker	sge.visui.widget.color.BasicColorPicker#HEX_COLOR_LENGTH	val	69df753ea3158e87
sge.visui.widget.color.BasicColorPicker	sge.visui.widget.color.BasicColorPicker#HEX_COLOR_LENGTH_WITH_ALPHA	val	7aaa0aa2638cb92d
sge.visui.widget.color.BasicColorPicker	sge.visui.widget.color.BasicColorPicker#HEX_FIELD_WIDTH	val	e5646257dfd25831
sge.visui.widget.color.BasicColorPicker	sge.visui.widget.color.BasicColorPicker#PALETTE_SIZE	val	d010a379fbfdf131
sge.visui.widget.color.BasicColorPicker	sge.visui.widget.color.BasicColorPicker#VERTICAL_BAR_WIDTH	val	64d7d61e3873dd81
sge.visui.widget.color.BasicColorPicker	sge.visui.widget.color.BasicColorPicker#allowAlphaEdit	val	bfc5cee0eea14bf4
sge.visui.widget.color.BasicColorPicker	sge.visui.widget.color.BasicColorPicker#close()	def	775cbe6db6d7c538
sge.visui.widget.color.BasicColorPicker	sge.visui.widget.color.BasicColorPicker#color	val	c088f604925c48a7
sge.visui.widget.color.BasicColorPicker	sge.visui.widget.color.BasicColorPicker#colorPreviewsTable	val	c7e45e09606247f1
sge.visui.widget.color.BasicColorPicker	sge.visui.widget.color.BasicColorPicker#commons	val	e7a65353efadf9ff
sge.visui.widget.color.BasicColorPicker	sge.visui.widget.color.BasicColorPicker#createColorWidgets()	def	0c37fb44d1edf53d
sge.visui.widget.color.BasicColorPicker	sge.visui.widget.color.BasicColorPicker#createColorsPreviewTable()	def	779da0a04036cd76
sge.visui.widget.color.BasicColorPicker	sge.visui.widget.color.BasicColorPicker#createHexTable()	def	c448d49f729df5e9
sge.visui.widget.color.BasicColorPicker	sge.visui.widget.color.BasicColorPicker#createUI()	def	12b4c9d928366ca8
sge.visui.widget.color.BasicColorPicker	sge.visui.widget.color.BasicColorPicker#currentColorImg	val	cdd28f5ebd2f0895
sge.visui.widget.color.BasicColorPicker	sge.visui.widget.color.BasicColorPicker#disposed	val	3f833972782d1402
sge.visui.widget.color.BasicColorPicker	sge.visui.widget.color.BasicColorPicker#draw(Batch,float)	def	8ef7b44ed72a16a9
sge.visui.widget.color.BasicColorPicker	sge.visui.widget.color.BasicColorPicker#focusHexField()	def	c2e30d9a7c495d82
sge.visui.widget.color.BasicColorPicker	sge.visui.widget.color.BasicColorPicker#getListener()	def	851e659858981e2f
sge.visui.widget.color.BasicColorPicker	sge.visui.widget.color.BasicColorPicker#hexField	val	1b9b7e9917247eda
sge.visui.widget.color.BasicColorPicker	sge.visui.widget.color.BasicColorPicker#hexTable	val	264e527d71358f9a
sge.visui.widget.color.BasicColorPicker	sge.visui.widget.color.BasicColorPicker#isAllowAlphaEdit()	def	63f49249aeaf7769
sge.visui.widget.color.BasicColorPicker	sge.visui.widget.color.BasicColorPicker#isDisposed()	def	d49696f8c0d34e4d
sge.visui.widget.color.BasicColorPicker	sge.visui.widget.color.BasicColorPicker#isShowColorPreviews()	def	f903b76983528348
sge.visui.widget.color.BasicColorPicker	sge.visui.widget.color.BasicColorPicker#isShowHexFields()	def	35094e3004972b58
sge.visui.widget.color.BasicColorPicker	sge.visui.widget.color.BasicColorPicker#listener	val	9e74f26e5f389cde
sge.visui.widget.color.BasicColorPicker	sge.visui.widget.color.BasicColorPicker#mainTable	val	b3b36acc5bd67df3
sge.visui.widget.color.BasicColorPicker	sge.visui.widget.color.BasicColorPicker#newColorImg	val	18963a3a2a9bc375
sge.visui.widget.color.BasicColorPicker	sge.visui.widget.color.BasicColorPicker#oldColor	val	42210de568d70543
sge.visui.widget.color.BasicColorPicker	sge.visui.widget.color.BasicColorPicker#palette	val	e35d9e0bc3f26686
sge.visui.widget.color.BasicColorPicker	sge.visui.widget.color.BasicColorPicker#rebuildMainTable()	def	64156540fdc60dfc
sge.visui.widget.color.BasicColorPicker	sge.visui.widget.color.BasicColorPicker#restoreLastColor()	def	7a56a0b76a91ecc4
sge.visui.widget.color.BasicColorPicker	sge.visui.widget.color.BasicColorPicker#setAllowAlphaEdit(boolean)	def	8654c96512b00784
sge.visui.widget.color.BasicColorPicker	sge.visui.widget.color.BasicColorPicker#setColor(Color)	def	b68ca2bc1aa67f47
sge.visui.widget.color.BasicColorPicker	sge.visui.widget.color.BasicColorPicker#setColor(Color,boolean)	def	efe40688e6a1901e
sge.visui.widget.color.BasicColorPicker	sge.visui.widget.color.BasicColorPicker#setListener(ColorPickerListener)	def	e9f4748d1a740df1
sge.visui.widget.color.BasicColorPicker	sge.visui.widget.color.BasicColorPicker#setShowColorPreviews(boolean)	def	790e97ecdc25d6d7
sge.visui.widget.color.BasicColorPicker	sge.visui.widget.color.BasicColorPicker#setShowHexFields(boolean)	def	46dfaf6f6c2a819b
sge.visui.widget.color.BasicColorPicker	sge.visui.widget.color.BasicColorPicker#showColorPreviews	val	587529b246c244bb
sge.visui.widget.color.BasicColorPicker	sge.visui.widget.color.BasicColorPicker#showHexFields	val	415e249b73996982
sge.visui.widget.color.BasicColorPicker	sge.visui.widget.color.BasicColorPicker#sizes	val	ef988377f911e904
sge.visui.widget.color.BasicColorPicker	sge.visui.widget.color.BasicColorPicker#style	val	7150738d1ddeff50
sge.visui.widget.color.BasicColorPicker	sge.visui.widget.color.BasicColorPicker#updateUI()	def	9f8921a838447c67
sge.visui.widget.color.BasicColorPicker	sge.visui.widget.color.BasicColorPicker#updateValuesFromCurrentColor()	def	50171e571e820159
sge.visui.widget.color.BasicColorPicker	sge.visui.widget.color.BasicColorPicker#updateValuesFromHSVFields()	def	1c9204a54e41268d
sge.visui.widget.color.BasicColorPicker	sge.visui.widget.color.BasicColorPicker#verticalBar	val	80ccf995c7c7e8f4
sge.visui.widget.color.BasicColorPicker	sge.visui.widget.color.BasicColorPicker$PickerChangeListener	class	2461e5cb395cd484
sge.visui.widget.color.BasicColorPicker	sge.visui.widget.color.BasicColorPicker$PickerChangeListener#changed(ChangeEvent,Actor)	def	b686165a7f184d31
sge.visui.widget.color.BasicColorPicker	sge.visui.widget.color.BasicColorPicker$PickerChangeListener#updateLinkedWidget()	def	25181a1c3a779e7a
sge.visui.widget.color.ColorPicker	sge.visui.widget.color.ColorPicker	class	161b107fa63afbf6
sge.visui.widget.color.ColorPicker	sge.visui.widget.color.ColorPicker#<init>(ColorPickerListener,Sge)	ctor	de4f014e8676773e
sge.visui.widget.color.ColorPicker	sge.visui.widget.color.ColorPicker#<init>(Sge)	ctor	3f8783acd71d4cde
sge.visui.widget.color.ColorPicker	sge.visui.widget.color.ColorPicker#<init>(String,ColorPickerListener,Sge)	ctor	d969c90bdb46e091
sge.visui.widget.color.ColorPicker	sge.visui.widget.color.ColorPicker#<init>(String,Sge)	ctor	df0cc0585644f332
sge.visui.widget.color.ColorPicker	sge.visui.widget.color.ColorPicker#<stmt10>	stmt	9f3e42c41ba1c881
sge.visui.widget.color.ColorPicker	sge.visui.widget.color.ColorPicker#<stmt11>	stmt	d8f4da4603150de4
sge.visui.widget.color.ColorPicker	sge.visui.widget.color.ColorPicker#<stmt12>	stmt	e6d028b126e46c53
sge.visui.widget.color.ColorPicker	sge.visui.widget.color.ColorPicker#<stmt13>	stmt	1a10f0f251f3c20c
sge.visui.widget.color.ColorPicker	sge.visui.widget.color.ColorPicker#<stmt1>	stmt	802c342302b2cbcb
sge.visui.widget.color.ColorPicker	sge.visui.widget.color.ColorPicker#<stmt2>	stmt	cc1d819ed25286d8
sge.visui.widget.color.ColorPicker	sge.visui.widget.color.ColorPicker#<stmt3>	stmt	60528e66933605cd
sge.visui.widget.color.ColorPicker	sge.visui.widget.color.ColorPicker#<stmt4>	stmt	ea1590795d90c449
sge.visui.widget.color.ColorPicker	sge.visui.widget.color.ColorPicker#<stmt5>	stmt	a7e502379a6bf5a3
sge.visui.widget.color.ColorPicker	sge.visui.widget.color.ColorPicker#<stmt6>	stmt	09882ebe9fb4b054
sge.visui.widget.color.ColorPicker	sge.visui.widget.color.ColorPicker#<stmt7>	stmt	9650cc73284127d7
sge.visui.widget.color.ColorPicker	sge.visui.widget.color.ColorPicker#<stmt8>	stmt	e28210918d8825d2
sge.visui.widget.color.ColorPicker	sge.visui.widget.color.ColorPicker#<stmt9>	stmt	383e1514503cf14f
sge.visui.widget.color.ColorPicker	sge.visui.widget.color.ColorPicker#cancelButton	val	388dbe59af212e4d
sge.visui.widget.color.ColorPicker	sge.visui.widget.color.ColorPicker#close()	def	f78ccf04b0030be1
sge.visui.widget.color.ColorPicker	sge.visui.widget.color.ColorPicker#closeAfterPickingFinished	val	eac2595e1870f835
sge.visui.widget.color.ColorPicker	sge.visui.widget.color.ColorPicker#closeWindow()	def	8a4a26df2cbbaedb
sge.visui.widget.color.ColorPicker	sge.visui.widget.color.ColorPicker#createButtons()	def	f14e3266e6ae7e21
sge.visui.widget.color.ColorPicker	sge.visui.widget.color.ColorPicker#createListeners()	def	94f0e8390aefadd8
sge.visui.widget.color.ColorPicker	sge.visui.widget.color.ColorPicker#fadeOutDueToCanceled	val	de0af6e88fb9c2c2
sge.visui.widget.color.ColorPicker	sge.visui.widget.color.ColorPicker#getListener()	def	0b186a3942db5024
sge.visui.widget.color.ColorPicker	sge.visui.widget.color.ColorPicker#getPicker()	def	987c3ba32b952c63
sge.visui.widget.color.ColorPicker	sge.visui.widget.color.ColorPicker#isAllowAlphaEdit()	def	80a85b8a78e63455
sge.visui.widget.color.ColorPicker	sge.visui.widget.color.ColorPicker#isDisposed()	def	f4467814834f69d6
sge.visui.widget.color.ColorPicker	sge.visui.widget.color.ColorPicker#isShowHexFields()	def	4b84a74b03aacbb1
sge.visui.widget.color.ColorPicker	sge.visui.widget.color.ColorPicker#listener	val	cfcae5b8df9c6361
sge.visui.widget.color.ColorPicker	sge.visui.widget.color.ColorPicker#okButton	val	c10c351bc07bee17
sge.visui.widget.color.ColorPicker	sge.visui.widget.color.ColorPicker#picker	val	6b35c79cd0de6601
sge.visui.widget.color.ColorPicker	sge.visui.widget.color.ColorPicker#restoreButton	val	e7b9e7e056517f47
sge.visui.widget.color.ColorPicker	sge.visui.widget.color.ColorPicker#restoreLastColor()	def	ef37370a43db49c8
sge.visui.widget.color.ColorPicker	sge.visui.widget.color.ColorPicker#setAllowAlphaEdit(boolean)	def	27666e7bb40e229e
sge.visui.widget.color.ColorPicker	sge.visui.widget.color.ColorPicker#setCloseAfterPickingFinished(boolean)	def	323ae3b52fbe26d0
sge.visui.widget.color.ColorPicker	sge.visui.widget.color.ColorPicker#setColor(Color)	def	a0055dd99a792e46
sge.visui.widget.color.ColorPicker	sge.visui.widget.color.ColorPicker#setListener(ColorPickerListener)	def	384a6cde9a1af7ae
sge.visui.widget.color.ColorPicker	sge.visui.widget.color.ColorPicker#setShowHexFields(boolean)	def	149af3a6b6eee067
sge.visui.widget.color.ColorPicker	sge.visui.widget.color.ColorPicker#setStage(Stage)	def	ac2d9bfe38164b8a
sge.visui.widget.color.ColorPicker	style	val	ed2eee75093c1aa0
sge.visui.widget.color.ColorPickerAdapter	sge.visui.widget.color.ColorPickerAdapter	class	a1cc0d12f8ab5bb0
sge.visui.widget.color.ColorPickerAdapter	sge.visui.widget.color.ColorPickerAdapter#canceled(Color)	def	8b4369363a478394
sge.visui.widget.color.ColorPickerAdapter	sge.visui.widget.color.ColorPickerAdapter#changed(Color)	def	727e465c9121c484
sge.visui.widget.color.ColorPickerAdapter	sge.visui.widget.color.ColorPickerAdapter#finished(Color)	def	33003b849988055e
sge.visui.widget.color.ColorPickerAdapter	sge.visui.widget.color.ColorPickerAdapter#reset(Color,Color)	def	192409d7ba5fca37
sge.visui.widget.color.ColorPickerListener	sge.visui.widget.color.ColorPickerListener	class	ff2fc72598d9c16a
sge.visui.widget.color.ColorPickerListener	sge.visui.widget.color.ColorPickerListener#canceled(Color)	def	0ef3edb6e480c552
sge.visui.widget.color.ColorPickerListener	sge.visui.widget.color.ColorPickerListener#changed(Color)	def	28ba8d55c59fc05f
sge.visui.widget.color.ColorPickerListener	sge.visui.widget.color.ColorPickerListener#finished(Color)	def	f70bb6da5ec3fef6
sge.visui.widget.color.ColorPickerListener	sge.visui.widget.color.ColorPickerListener#reset(Color,Color)	def	118830e97b779cdb
sge.visui.widget.color.ColorPickerStyle	sge.visui.widget.color.ColorPickerStyle	class	bf61c79b09eebd2a
sge.visui.widget.color.ColorPickerStyle	sge.visui.widget.color.ColorPickerStyle#<init>(ColorPickerStyle)	ctor	d4bbb3d79dec8b13
sge.visui.widget.color.ColorPickerStyle	sge.visui.widget.color.ColorPickerStyle#pickerStyle	val	c583abbf5af3990a
sge.visui.widget.color.ColorPickerWidgetStyle	sge.visui.widget.color.ColorPickerWidgetStyle	class	d92f39e276ec43a1
sge.visui.widget.color.ColorPickerWidgetStyle	sge.visui.widget.color.ColorPickerWidgetStyle#<init>()	ctor	57351f0917b5c7be
sge.visui.widget.color.ColorPickerWidgetStyle	sge.visui.widget.color.ColorPickerWidgetStyle#<init>(ColorPickerWidgetStyle)	ctor	ee0e4c04b89b629c
sge.visui.widget.color.ColorPickerWidgetStyle	sge.visui.widget.color.ColorPickerWidgetStyle#barSelector	val	4902f9a59146ca2b
sge.visui.widget.color.ColorPickerWidgetStyle	sge.visui.widget.color.ColorPickerWidgetStyle#cross	val	07fbfc4d6c291d1b
sge.visui.widget.color.ColorPickerWidgetStyle	sge.visui.widget.color.ColorPickerWidgetStyle#horizontalSelector	val	f3ea7e5e6c6899bc
sge.visui.widget.color.ColorPickerWidgetStyle	sge.visui.widget.color.ColorPickerWidgetStyle#iconArrowRight	val	f4fe4ef0165a436c
sge.visui.widget.color.ColorPickerWidgetStyle	sge.visui.widget.color.ColorPickerWidgetStyle#verticalSelector	val	7857c07ea5ade466
sge.visui.widget.color.ExtendedColorPicker	sge.visui.widget.color.ExtendedColorPicker	class	1cc31e1ae994d18a
sge.visui.widget.color.ExtendedColorPicker	sge.visui.widget.color.ExtendedColorPicker#<init>(ColorPickerListener,Sge)	ctor	7604c90cde5d297c
sge.visui.widget.color.ExtendedColorPicker	sge.visui.widget.color.ExtendedColorPicker#<init>(Sge)	ctor	dc3a53cc316f6078
sge.visui.widget.color.ExtendedColorPicker	sge.visui.widget.color.ExtendedColorPicker#<init>(String,ColorPickerListener,Sge)	ctor	44d4324af09577c6
sge.visui.widget.color.ExtendedColorPicker	sge.visui.widget.color.ExtendedColorPicker#<stmt1>	stmt	8c0b020b57134954
sge.visui.widget.color.ExtendedColorPicker	sge.visui.widget.color.ExtendedColorPicker#aBar	val	2f7455ec56bb85d7
sge.visui.widget.color.ExtendedColorPicker	sge.visui.widget.color.ExtendedColorPicker#bBar	val	0abcac8cfee43bce
sge.visui.widget.color.ExtendedColorPicker	sge.visui.widget.color.ExtendedColorPicker#createColorWidgets()	def	e3df34ade64423a9
sge.visui.widget.color.ExtendedColorPicker	sge.visui.widget.color.ExtendedColorPicker#createUI()	def	eb38f3ba39773a82
sge.visui.widget.color.ExtendedColorPicker	sge.visui.widget.color.ExtendedColorPicker#gBar	val	e2bc2b7646563ff3
sge.visui.widget.color.ExtendedColorPicker	sge.visui.widget.color.ExtendedColorPicker#hBar	val	84cbd6d35b1f0f13
sge.visui.widget.color.ExtendedColorPicker	sge.visui.widget.color.ExtendedColorPicker#rBar	val	72dfbedde7f9ef0b
sge.visui.widget.color.ExtendedColorPicker	sge.visui.widget.color.ExtendedColorPicker#sBar	val	b0778f0517476570
sge.visui.widget.color.ExtendedColorPicker	sge.visui.widget.color.ExtendedColorPicker#setAllowAlphaEdit(boolean)	def	8cd51e4a2e8befe5
sge.visui.widget.color.ExtendedColorPicker	sge.visui.widget.color.ExtendedColorPicker#updateValuesFromCurrentColor()	def	69c615143c8b193b
sge.visui.widget.color.ExtendedColorPicker	sge.visui.widget.color.ExtendedColorPicker#updateValuesFromHSVFields()	def	a0bb4d37db294687
sge.visui.widget.color.ExtendedColorPicker	sge.visui.widget.color.ExtendedColorPicker#updateValuesFromRGBFields()	def	2ca760e94eede939
sge.visui.widget.color.ExtendedColorPicker	sge.visui.widget.color.ExtendedColorPicker#vBar	val	ffa36159de8a1219
sge.visui.widget.color.ExtendedColorPicker	sge.visui.widget.color.ExtendedColorPicker$AlphaChannelBarListener	class	c07cef734110ed97
sge.visui.widget.color.ExtendedColorPicker	sge.visui.widget.color.ExtendedColorPicker$AlphaChannelBarListener#updateFields()	def	efe086cfeb9973e4
sge.visui.widget.color.ExtendedColorPicker	sge.visui.widget.color.ExtendedColorPicker$HsvChannelBarListener	class	3dd3db1f660af75d
sge.visui.widget.color.ExtendedColorPicker	sge.visui.widget.color.ExtendedColorPicker$HsvChannelBarListener#setShaderUniforms(ShaderProgram)	def	8c019dde4bcbdc06
sge.visui.widget.color.ExtendedColorPicker	sge.visui.widget.color.ExtendedColorPicker$HsvChannelBarListener#updateFields()	def	399c8e1aa2906491
sge.visui.widget.color.ExtendedColorPicker	sge.visui.widget.color.ExtendedColorPicker$HsvChannelBarListener#updateLinkedWidget()	def	56befa2b63d1b864
sge.visui.widget.color.ExtendedColorPicker	sge.visui.widget.color.ExtendedColorPicker$RgbChannelBarListener	class	47727a1409e68110
sge.visui.widget.color.ExtendedColorPicker	sge.visui.widget.color.ExtendedColorPicker$RgbChannelBarListener#setShaderUniforms(ShaderProgram)	def	ee8d11e52ad677fa
sge.visui.widget.color.ExtendedColorPicker	sge.visui.widget.color.ExtendedColorPicker$RgbChannelBarListener#updateFields()	def	57e601b19e348149
sge.visui.widget.color.internal.AlphaChannelBar	sge.visui.widget.color.internal.AlphaChannelBar	class	269baea356c4fb2f
sge.visui.widget.color.internal.AlphaChannelBar	sge.visui.widget.color.internal.AlphaChannelBar#<stmt1>	stmt	efa2578ada7e7b03
sge.visui.widget.color.internal.AlphaChannelBar	sge.visui.widget.color.internal.AlphaChannelBar#draw(Batch,float)	def	757713a3b5fb28bc
sge.visui.widget.color.internal.AlphaChannelBar	sge.visui.widget.color.internal.AlphaChannelBar#gridImage	val	5074b988afbb4dc8
sge.visui.widget.color.internal.AlphaImage	sge.visui.widget.color.internal.AlphaImage	class	7f18491ec6ac1341
sge.visui.widget.color.internal.AlphaImage	sge.visui.widget.color.internal.AlphaImage#<stmt1>	stmt	66914afd241b59ea
sge.visui.widget.color.internal.AlphaImage	sge.visui.widget.color.internal.AlphaImage#draw(Batch,float)	def	7afdc17be5b526de
sge.visui.widget.color.internal.AlphaImage	sge.visui.widget.color.internal.AlphaImage#gridImage	val	9d3c60089d6c9948
sge.visui.widget.color.internal.ChannelBar	sge.visui.widget.color.internal.ChannelBar	class	59dd9816cba9ac88
sge.visui.widget.color.internal.ChannelBar	sge.visui.widget.color.internal.ChannelBar#<stmt1>	stmt	d6675f158f086eea
sge.visui.widget.color.internal.ChannelBar	sge.visui.widget.color.internal.ChannelBar#<stmt2>	stmt	0b070819ca65beb4
sge.visui.widget.color.internal.ChannelBar	sge.visui.widget.color.internal.ChannelBar#<stmt3>	stmt	87175dd0f0cadad5
sge.visui.widget.color.internal.ChannelBar	sge.visui.widget.color.internal.ChannelBar#<stmt4>	stmt	62cc11b35ae51e5c
sge.visui.widget.color.internal.ChannelBar	sge.visui.widget.color.internal.ChannelBar#<stmt5>	stmt	780cf0c39886fa85
sge.visui.widget.color.internal.ChannelBar	sge.visui.widget.color.internal.ChannelBar#<stmt6>	stmt	0f4c3c2d45a0eccc
sge.visui.widget.color.internal.ChannelBar	sge.visui.widget.color.internal.ChannelBar#<stmt7>	stmt	38cf5195276f41e5
sge.visui.widget.color.internal.ChannelBar	sge.visui.widget.color.internal.ChannelBar#<stmt8>	stmt	69e7aa6648822d66
sge.visui.widget.color.internal.ChannelBar	sge.visui.widget.color.internal.ChannelBar#MODE_ALPHA	val	a0c92b73be4b57bf
sge.visui.widget.color.internal.ChannelBar	sge.visui.widget.color.internal.ChannelBar#MODE_B	val	44e5cfaa13b575d5
sge.visui.widget.color.internal.ChannelBar	sge.visui.widget.color.internal.ChannelBar#MODE_G	val	7000d799b762f7e4
sge.visui.widget.color.internal.ChannelBar	sge.visui.widget.color.internal.ChannelBar#MODE_H	val	262ce736bb70eb8a
sge.visui.widget.color.internal.ChannelBar	sge.visui.widget.color.internal.ChannelBar#MODE_R	val	ff3ebd2dc55f2036
sge.visui.widget.color.internal.ChannelBar	sge.visui.widget.color.internal.ChannelBar#MODE_S	val	d34fcd1324d5dc6d
sge.visui.widget.color.internal.ChannelBar	sge.visui.widget.color.internal.ChannelBar#MODE_V	val	1011f270faadaf19
sge.visui.widget.color.internal.ChannelBar	sge.visui.widget.color.internal.ChannelBar#channelBarListener	val	f523fc10ac51d424
sge.visui.widget.color.internal.ChannelBar	sge.visui.widget.color.internal.ChannelBar#draw(Batch,float)	def	1317f4db966f0303
sge.visui.widget.color.internal.ChannelBar	sge.visui.widget.color.internal.ChannelBar#getValue()	def	f5ddae65c775c0f4
sge.visui.widget.color.internal.ChannelBar	sge.visui.widget.color.internal.ChannelBar#maxValue	val	2c9033b12f0e5ddf
sge.visui.widget.color.internal.ChannelBar	sge.visui.widget.color.internal.ChannelBar#mode	val	5071e2e089715a2c
sge.visui.widget.color.internal.ChannelBar	sge.visui.widget.color.internal.ChannelBar#selectorX	val	2447acbc69810ace
sge.visui.widget.color.internal.ChannelBar	sge.visui.widget.color.internal.ChannelBar#setChannelBarListener(ChannelBarListener)	def	3bcba121e2a06be7
sge.visui.widget.color.internal.ChannelBar	sge.visui.widget.color.internal.ChannelBar#setShaderUniforms(ShaderProgram)	def	34c4facf49a7a1ec
sge.visui.widget.color.internal.ChannelBar	sge.visui.widget.color.internal.ChannelBar#setValue(int)	def	a1a3324326227825
sge.visui.widget.color.internal.ChannelBar	sge.visui.widget.color.internal.ChannelBar#sizes	val	c32d3f187262a6cf
sge.visui.widget.color.internal.ChannelBar	sge.visui.widget.color.internal.ChannelBar#style	val	1ff738cd95db542e
sge.visui.widget.color.internal.ChannelBar	sge.visui.widget.color.internal.ChannelBar#updateValueFromTouch(float)	def	481bb249adbb1798
sge.visui.widget.color.internal.ChannelBar	sge.visui.widget.color.internal.ChannelBar#value	val	c59da7995cf19596
sge.visui.widget.color.internal.ChannelBar	sge.visui.widget.color.internal.ChannelBar$ChannelBarListener	class	71e4536eea1e60c0
sge.visui.widget.color.internal.ChannelBar	sge.visui.widget.color.internal.ChannelBar$ChannelBarListener#setShaderUniforms(ShaderProgram)	def	c7bc4848c19699a3
sge.visui.widget.color.internal.ChannelBar	sge.visui.widget.color.internal.ChannelBar$ChannelBarListener#updateFields()	def	ce30edcca84174eb
sge.visui.widget.color.internal.ColorChannelWidget	sge.visui.widget.color.internal.ColorChannelWidget	class	5e64af95c166b1ab
sge.visui.widget.color.internal.ColorChannelWidget	sge.visui.widget.color.internal.ColorChannelWidget#<stmt10>	stmt	f7387dbc6f58b206
sge.visui.widget.color.internal.ColorChannelWidget	sge.visui.widget.color.internal.ColorChannelWidget#<stmt11>	stmt	8866de7b39b5538d
sge.visui.widget.color.internal.ColorChannelWidget	sge.visui.widget.color.internal.ColorChannelWidget#<stmt1>	stmt	825e06a743f463e1
sge.visui.widget.color.internal.ColorChannelWidget	sge.visui.widget.color.internal.ColorChannelWidget#<stmt2>	stmt	d6675f158f086eea
sge.visui.widget.color.internal.ColorChannelWidget	sge.visui.widget.color.internal.ColorChannelWidget#<stmt3>	stmt	0b070819ca65beb4
sge.visui.widget.color.internal.ColorChannelWidget	sge.visui.widget.color.internal.ColorChannelWidget#<stmt4>	stmt	87175dd0f0cadad5
sge.visui.widget.color.internal.ColorChannelWidget	sge.visui.widget.color.internal.ColorChannelWidget#<stmt5>	stmt	62cc11b35ae51e5c
sge.visui.widget.color.internal.ColorChannelWidget	sge.visui.widget.color.internal.ColorChannelWidget#<stmt6>	stmt	9f48d9ac0fb852b6
sge.visui.widget.color.internal.ColorChannelWidget	sge.visui.widget.color.internal.ColorChannelWidget#<stmt7>	stmt	733b1340182661e5
sge.visui.widget.color.internal.ColorChannelWidget	sge.visui.widget.color.internal.ColorChannelWidget#<stmt8>	stmt	7ef685bd7b45d672
sge.visui.widget.color.internal.ColorChannelWidget	sge.visui.widget.color.internal.ColorChannelWidget#<stmt9>	stmt	0316d70b876ab638
sge.visui.widget.color.internal.ColorChannelWidget	sge.visui.widget.color.internal.ColorChannelWidget#bar	val	e65b5d3dcd101003
sge.visui.widget.color.internal.ColorChannelWidget	sge.visui.widget.color.internal.ColorChannelWidget#barListener	val	5a72e8c8ef589e9e
sge.visui.widget.color.internal.ColorChannelWidget	sge.visui.widget.color.internal.ColorChannelWidget#commons	val	764ebb91c8db1853
sge.visui.widget.color.internal.ColorChannelWidget	sge.visui.widget.color.internal.ColorChannelWidget#createBarImage()	def	521dd8e090a662a4
sge.visui.widget.color.internal.ColorChannelWidget	sge.visui.widget.color.internal.ColorChannelWidget#getBar()	def	b51c62de4c4cc394
sge.visui.widget.color.internal.ColorChannelWidget	sge.visui.widget.color.internal.ColorChannelWidget#getValue()	def	f5ddae65c775c0f4
sge.visui.widget.color.internal.ColorChannelWidget	sge.visui.widget.color.internal.ColorChannelWidget#inputField	val	ae438226874da85a
sge.visui.widget.color.internal.ColorChannelWidget	sge.visui.widget.color.internal.ColorChannelWidget#isInputValid()	def	66e08299ef81689d
sge.visui.widget.color.internal.ColorChannelWidget	sge.visui.widget.color.internal.ColorChannelWidget#maxValue	val	52faca5f060eb24f
sge.visui.widget.color.internal.ColorChannelWidget	sge.visui.widget.color.internal.ColorChannelWidget#mode	val	c5073db131462bbc
sge.visui.widget.color.internal.ColorChannelWidget	sge.visui.widget.color.internal.ColorChannelWidget#setValue(int)	def	a1a1694d818dd738
sge.visui.widget.color.internal.ColorChannelWidget	sge.visui.widget.color.internal.ColorChannelWidget#sizes	val	716ba7cc095036b5
sge.visui.widget.color.internal.ColorChannelWidget	sge.visui.widget.color.internal.ColorChannelWidget#style	val	aa19ed0c3fc2cd14
sge.visui.widget.color.internal.ColorChannelWidget	sge.visui.widget.color.internal.ColorChannelWidget#value	val	c0c385d4eca17374
sge.visui.widget.color.internal.ColorInputField	sge.visui.widget.color.internal.ColorInputField	class	5422b69e47e92955
sge.visui.widget.color.internal.ColorInputField	sge.visui.widget.color.internal.ColorInputField#<stmt1>	stmt	c2089e78c7d7e9d2
sge.visui.widget.color.internal.ColorInputField	sge.visui.widget.color.internal.ColorInputField#<stmt2>	stmt	62cc11b35ae51e5c
sge.visui.widget.color.internal.ColorInputField	sge.visui.widget.color.internal.ColorInputField#<stmt3>	stmt	c97fd9f4bc2badee
sge.visui.widget.color.internal.ColorInputField	sge.visui.widget.color.internal.ColorInputField#<stmt4>	stmt	b14b3ef9e0eb3eb2
sge.visui.widget.color.internal.ColorInputField	sge.visui.widget.color.internal.ColorInputField#<stmt5>	stmt	f3e4f5a00363fc62
sge.visui.widget.color.internal.ColorInputField	sge.visui.widget.color.internal.ColorInputField#<stmt6>	stmt	f9f0b3193d9bef82
sge.visui.widget.color.internal.ColorInputField	sge.visui.widget.color.internal.ColorInputField#<stmt7>	stmt	2da6ec549df2f093
sge.visui.widget.color.internal.ColorInputField	sge.visui.widget.color.internal.ColorInputField#<stmt8>	stmt	927e1402f65bfb85
sge.visui.widget.color.internal.ColorInputField	sge.visui.widget.color.internal.ColorInputField#changeValue(int)	def	1066d18e317a5293
sge.visui.widget.color.internal.ColorInputField	sge.visui.widget.color.internal.ColorInputField#getValue()	def	f5ddae65c775c0f4
sge.visui.widget.color.internal.ColorInputField	sge.visui.widget.color.internal.ColorInputField#maxValue	val	2c9033b12f0e5ddf
sge.visui.widget.color.internal.ColorInputField	sge.visui.widget.color.internal.ColorInputField#setValue(int)	def	683e6778cd35e271
sge.visui.widget.color.internal.ColorInputField	sge.visui.widget.color.internal.ColorInputField#updateUI()	def	0e13f6779b49597b
sge.visui.widget.color.internal.ColorInputField	sge.visui.widget.color.internal.ColorInputField#value	val	c59da7995cf19596
sge.visui.widget.color.internal.ColorInputField	sge.visui.widget.color.internal.ColorInputField$ColorFieldValidator	class	9e08e37eaac40958
sge.visui.widget.color.internal.ColorInputField	sge.visui.widget.color.internal.ColorInputField$ColorFieldValidator#<stmt1>	stmt	ae4e654f4059388b
sge.visui.widget.color.internal.ColorInputField	sge.visui.widget.color.internal.ColorInputField$ColorFieldValidator#maxValue	val	c43214c91e73430c
sge.visui.widget.color.internal.ColorInputField	sge.visui.widget.color.internal.ColorInputField$ColorFieldValidator#validateInput(String)	def	64a952c43b558bb8
sge.visui.widget.color.internal.ColorInputField	sge.visui.widget.color.internal.ColorInputField$ColorInputFieldListener	class	d2209aac61c01481
sge.visui.widget.color.internal.ColorInputField	sge.visui.widget.color.internal.ColorInputField$ColorInputFieldListener#changed(int)	def	29b87ab7cf19dd0a
sge.visui.widget.color.internal.ColorInputField	sge.visui.widget.color.internal.ColorInputField$NumberFilter	class	7c4390988e11ce56
sge.visui.widget.color.internal.ColorInputField	sge.visui.widget.color.internal.ColorInputField$NumberFilter#acceptChar(VisTextField,char)	def	6ac87a2ff4fdafe9
sge.visui.widget.color.internal.ColorPickerText	sge.visui.widget.color.internal.ColorPickerText	class	80439aba1a7a1fdb
sge.visui.widget.color.internal.ColorPickerText	sge.visui.widget.color.internal.ColorPickerText#format()	def	03ab60248191a304
sge.visui.widget.color.internal.ColorPickerText	sge.visui.widget.color.internal.ColorPickerText#format(Array<Object>)	def	faf4184ca9564293
sge.visui.widget.color.internal.ColorPickerText	sge.visui.widget.color.internal.ColorPickerText#get()	def	2a08067d67222711
sge.visui.widget.color.internal.ColorPickerText	sge.visui.widget.color.internal.ColorPickerText#getBundle()	def	5f7f59096969f456
sge.visui.widget.color.internal.ColorPickerText	sge.visui.widget.color.internal.ColorPickerText#getName()	def	b81ba2456945b4e3
sge.visui.widget.color.internal.ColorPickerText	sge.visui.widget.color.internal.ColorPickerText#toString()	def	e63072b2745ef875
sge.visui.widget.color.internal.GridSubImage	sge.visui.widget.color.internal.GridSubImage	class	972faa6a1360ea4b
sge.visui.widget.color.internal.GridSubImage	sge.visui.widget.color.internal.GridSubImage#<stmt1>	stmt	c91f3f8da89b533d
sge.visui.widget.color.internal.GridSubImage	sge.visui.widget.color.internal.GridSubImage#<stmt2>	stmt	4c8925522637ed09
sge.visui.widget.color.internal.GridSubImage	sge.visui.widget.color.internal.GridSubImage#<stmt3>	stmt	18a5a62455e9cc59
sge.visui.widget.color.internal.GridSubImage	sge.visui.widget.color.internal.GridSubImage#draw(Batch,Image)	def	7946cbab3289ce74
sge.visui.widget.color.internal.GridSubImage	sge.visui.widget.color.internal.GridSubImage#gridShader	val	5529dae9a42b5bad
sge.visui.widget.color.internal.GridSubImage	sge.visui.widget.color.internal.GridSubImage#gridSize	val	5d963e5d73f27806
sge.visui.widget.color.internal.GridSubImage	sge.visui.widget.color.internal.GridSubImage#whiteTexture	val	47d762b1da9ada85
sge.visui.widget.color.internal.Palette	sge.visui.widget.color.internal.Palette	class	a6f6c4e4c8183ca6
sge.visui.widget.color.internal.Palette	sge.visui.widget.color.internal.Palette#<stmt1>	stmt	d6675f158f086eea
sge.visui.widget.color.internal.Palette	sge.visui.widget.color.internal.Palette#<stmt2>	stmt	0b070819ca65beb4
sge.visui.widget.color.internal.Palette	sge.visui.widget.color.internal.Palette#<stmt3>	stmt	62cc11b35ae51e5c
sge.visui.widget.color.internal.Palette	sge.visui.widget.color.internal.Palette#<stmt4>	stmt	780cf0c39886fa85
sge.visui.widget.color.internal.Palette	sge.visui.widget.color.internal.Palette#<stmt5>	stmt	07454ded86b2836d
sge.visui.widget.color.internal.Palette	sge.visui.widget.color.internal.Palette#<stmt6>	stmt	8c9ccbf1ed1b8d03
sge.visui.widget.color.internal.Palette	sge.visui.widget.color.internal.Palette#<stmt7>	stmt	bd8bb85a0c9447a4
sge.visui.widget.color.internal.Palette	sge.visui.widget.color.internal.Palette#draw(Batch,float)	def	9768da1727b1e3e3
sge.visui.widget.color.internal.Palette	sge.visui.widget.color.internal.Palette#getS()	def	6973b15f767616b1
sge.visui.widget.color.internal.Palette	sge.visui.widget.color.internal.Palette#getV()	def	7536a77f4c842021
sge.visui.widget.color.internal.Palette	sge.visui.widget.color.internal.Palette#maxValue	val	2c9033b12f0e5ddf
sge.visui.widget.color.internal.Palette	sge.visui.widget.color.internal.Palette#pickerHue	val	23ac3adbede2cb16
sge.visui.widget.color.internal.Palette	sge.visui.widget.color.internal.Palette#selectorX	val	2447acbc69810ace
sge.visui.widget.color.internal.Palette	sge.visui.widget.color.internal.Palette#selectorY	val	526287a169ff6744
sge.visui.widget.color.internal.Palette	sge.visui.widget.color.internal.Palette#setPickerHue(int)	def	9c6fd4e0b01c15ca
sge.visui.widget.color.internal.Palette	sge.visui.widget.color.internal.Palette#setShaderUniforms(ShaderProgram)	def	8bd2e559d48eec31
sge.visui.widget.color.internal.Palette	sge.visui.widget.color.internal.Palette#setValue(int,int)	def	57f5d47bec13032c
sge.visui.widget.color.internal.Palette	sge.visui.widget.color.internal.Palette#sizes	val	c32d3f187262a6cf
sge.visui.widget.color.internal.Palette	sge.visui.widget.color.internal.Palette#style	val	e5c3e6200583bf79
sge.visui.widget.color.internal.Palette	sge.visui.widget.color.internal.Palette#updateValueFromTouch(float,float)	def	e431bc653e27480e
sge.visui.widget.color.internal.Palette	sge.visui.widget.color.internal.Palette#xV	val	7ad1f2e4e4d3e33d
sge.visui.widget.color.internal.Palette	sge.visui.widget.color.internal.Palette#yS	val	79bb90e5092b9f84
sge.visui.widget.color.internal.PickerCommons	sge.visui.widget.color.internal.PickerCommons	class	00670b9611e05d0e
sge.visui.widget.color.internal.PickerCommons	sge.visui.widget.color.internal.PickerCommons#<stmt1>	stmt	d43bf9f451d17d77
sge.visui.widget.color.internal.PickerCommons	sge.visui.widget.color.internal.PickerCommons#<stmt2>	stmt	a2e034e1c3ece77b
sge.visui.widget.color.internal.PickerCommons	sge.visui.widget.color.internal.PickerCommons#<stmt3>	stmt	8d4f612a2f471716
sge.visui.widget.color.internal.PickerCommons	sge.visui.widget.color.internal.PickerCommons#<stmt4>	stmt	0cf1f447fbc670a0
sge.visui.widget.color.internal.PickerCommons	sge.visui.widget.color.internal.PickerCommons#<stmt5>	stmt	fd0d19a83825f80c
sge.visui.widget.color.internal.PickerCommons	sge.visui.widget.color.internal.PickerCommons#close()	def	211f088e2facb7b1
sge.visui.widget.color.internal.PickerCommons	sge.visui.widget.color.internal.PickerCommons#createPixmap()	def	9a9cb0ceacd5e981
sge.visui.widget.color.internal.PickerCommons	sge.visui.widget.color.internal.PickerCommons#getBarShader(int)	def	8b31f576c0aa10cb
sge.visui.widget.color.internal.PickerCommons	sge.visui.widget.color.internal.PickerCommons#gridShader	val	80816cdff0838eeb
sge.visui.widget.color.internal.PickerCommons	sge.visui.widget.color.internal.PickerCommons#hsvShader	val	8750d72fea3edd79
sge.visui.widget.color.internal.PickerCommons	sge.visui.widget.color.internal.PickerCommons#loadExtendedShaders	val	9acb5179fc0b7429
sge.visui.widget.color.internal.PickerCommons	sge.visui.widget.color.internal.PickerCommons#loadShader(String,String)	def	3fe32067048596e5
sge.visui.widget.color.internal.PickerCommons	sge.visui.widget.color.internal.PickerCommons#loadShaders()	def	7e4c997ce542b25e
sge.visui.widget.color.internal.PickerCommons	sge.visui.widget.color.internal.PickerCommons#paletteShader	val	45d359911e8ccbd7
sge.visui.widget.color.internal.PickerCommons	sge.visui.widget.color.internal.PickerCommons#rgbShader	val	ff79b61391438f43
sge.visui.widget.color.internal.PickerCommons	sge.visui.widget.color.internal.PickerCommons#sizes	val	8b7ad729ff9df8f1
sge.visui.widget.color.internal.PickerCommons	sge.visui.widget.color.internal.PickerCommons#style	val	8fda830bf7173e66
sge.visui.widget.color.internal.PickerCommons	sge.visui.widget.color.internal.PickerCommons#verticalChannelShader	val	cbce6bf9fa09e09c
sge.visui.widget.color.internal.PickerCommons	sge.visui.widget.color.internal.PickerCommons#whiteTexture	val	2ef5262f256d9e32
sge.visui.widget.color.internal.ShaderImage	sge.visui.widget.color.internal.ShaderImage	class	1f7059063e25c52c
sge.visui.widget.color.internal.ShaderImage	sge.visui.widget.color.internal.ShaderImage#<stmt1>	stmt	b51fba6329514cfd
sge.visui.widget.color.internal.ShaderImage	sge.visui.widget.color.internal.ShaderImage#draw(Batch,float)	def	bddbcb9cc8c77817
sge.visui.widget.color.internal.ShaderImage	sge.visui.widget.color.internal.ShaderImage#setShaderUniforms(ShaderProgram)	def	af41513c758812c1
sge.visui.widget.color.internal.ShaderImage	sge.visui.widget.color.internal.ShaderImage#shader	val	e35a715b0fee7ed7
sge.visui.widget.color.internal.VerticalChannelBar	sge.visui.widget.color.internal.VerticalChannelBar	class	728d67cad3380836
sge.visui.widget.color.internal.VerticalChannelBar	sge.visui.widget.color.internal.VerticalChannelBar#<stmt1>	stmt	d6675f158f086eea
sge.visui.widget.color.internal.VerticalChannelBar	sge.visui.widget.color.internal.VerticalChannelBar#<stmt2>	stmt	0b070819ca65beb4
sge.visui.widget.color.internal.VerticalChannelBar	sge.visui.widget.color.internal.VerticalChannelBar#<stmt3>	stmt	62cc11b35ae51e5c
sge.visui.widget.color.internal.VerticalChannelBar	sge.visui.widget.color.internal.VerticalChannelBar#<stmt4>	stmt	780cf0c39886fa85
sge.visui.widget.color.internal.VerticalChannelBar	sge.visui.widget.color.internal.VerticalChannelBar#<stmt5>	stmt	a23c98d0d63ad923
sge.visui.widget.color.internal.VerticalChannelBar	sge.visui.widget.color.internal.VerticalChannelBar#<stmt6>	stmt	8c9ccbf1ed1b8d03
sge.visui.widget.color.internal.VerticalChannelBar	sge.visui.widget.color.internal.VerticalChannelBar#<stmt7>	stmt	04d3bb730fd02fce
sge.visui.widget.color.internal.VerticalChannelBar	sge.visui.widget.color.internal.VerticalChannelBar#draw(Batch,float)	def	9cf80a2cd3b27d72
sge.visui.widget.color.internal.VerticalChannelBar	sge.visui.widget.color.internal.VerticalChannelBar#getValue()	def	f5ddae65c775c0f4
sge.visui.widget.color.internal.VerticalChannelBar	sge.visui.widget.color.internal.VerticalChannelBar#maxValue	val	2c9033b12f0e5ddf
sge.visui.widget.color.internal.VerticalChannelBar	sge.visui.widget.color.internal.VerticalChannelBar#selectorY	val	526287a169ff6744
sge.visui.widget.color.internal.VerticalChannelBar	sge.visui.widget.color.internal.VerticalChannelBar#setValue(int)	def	91d72da145e92394
sge.visui.widget.color.internal.VerticalChannelBar	sge.visui.widget.color.internal.VerticalChannelBar#sizes	val	c32d3f187262a6cf
sge.visui.widget.color.internal.VerticalChannelBar	sge.visui.widget.color.internal.VerticalChannelBar#style	val	e5c3e6200583bf79
sge.visui.widget.color.internal.VerticalChannelBar	sge.visui.widget.color.internal.VerticalChannelBar#updateValueFromTouch(float)	def	a4c7bf50e5bfb369
sge.visui.widget.color.internal.VerticalChannelBar	sge.visui.widget.color.internal.VerticalChannelBar#value	val	c59da7995cf19596
sge.visui.widget.file.FileChooser	icon	val	7db4e0ff1c3f34de
sge.visui.widget.file.FileChooser	labelCell	val	ce78afe49152c91c
sge.visui.widget.file.FileChooser	name	val	5ce9356b5c7ccbf6
sge.visui.widget.file.FileChooser	sge.visui.widget.file.FileChooser	class	14992330ebc30167
sge.visui.widget.file.FileChooser	sge.visui.widget.file.FileChooser#<init>(FileHandle,Mode,Sge)	ctor	bf8b9bbed64b0fe8
sge.visui.widget.file.FileChooser	sge.visui.widget.file.FileChooser#<init>(Mode,Sge)	ctor	421927ea4571928c
sge.visui.widget.file.FileChooser	sge.visui.widget.file.FileChooser#<init>(String,Mode,Sge)	ctor	1ccd9ee60c78e128
sge.visui.widget.file.FileChooser	sge.visui.widget.file.FileChooser#<init>(String,String,Mode,Sge)	ctor	8abd6c3f59e8d52f
sge.visui.widget.file.FileChooser	sge.visui.widget.file.FileChooser#DEFAULT_KEY	val	b6ec46b9d609c469
sge.visui.widget.file.FileChooser	sge.visui.widget.file.FileChooser#FILE_WATCHER_CHECK_DELAY_MILLIS	val	c8124d772be948b1
sge.visui.widget.file.FileChooser	sge.visui.widget.file.FileChooser#SHORTCUTS_COMPARATOR	val	fbb8b94ef84de9b2
sge.visui.widget.file.FileChooser	sge.visui.widget.file.FileChooser#activeFileTypeRule	val	7c536243efefec77
sge.visui.widget.file.FileChooser	sge.visui.widget.file.FileChooser#addFavorite(FileHandle)	def	4e66e8c6ea567c4c
sge.visui.widget.file.FileChooser	sge.visui.widget.file.FileChooser#addRecentDirectory(FileHandle)	def	33f9e7da51f6e73d
sge.visui.widget.file.FileChooser	sge.visui.widget.file.FileChooser#buildFileList(Array<FileHandle>,IdentityMap<FileHandle,FileHandleMetadata>,Array<FileHandle>,boolean)	def	44c1eab172696b6b
sge.visui.widget.file.FileChooser	sge.visui.widget.file.FileChooser#chooserWinService	val	f06d02e4f06a6355
sge.visui.widget.file.FileChooser	sge.visui.widget.file.FileChooser#clearRecentDirectories()	def	f652ff1642698451
sge.visui.widget.file.FileChooser	sge.visui.widget.file.FileChooser#closeWindow()	def	d3ecd1a13a17fb53
sge.visui.widget.file.FileChooser	sge.visui.widget.file.FileChooser#confirmButton	val	e1a58770d1c6dbe1
sge.visui.widget.file.FileChooser	sge.visui.widget.file.FileChooser#createBottomButtons()	def	0d1a3586b7baa177
sge.visui.widget.file.FileChooser	sge.visui.widget.file.FileChooser#createCenterContentPanel()	def	294511324ece88a4
sge.visui.widget.file.FileChooser	sge.visui.widget.file.FileChooser#createFileTextBox()	def	2ed8f311d0b33891
sge.visui.widget.file.FileChooser	sge.visui.widget.file.FileChooser#createListeners()	def	5ec30f4cc58be5c5
sge.visui.widget.file.FileChooser	sge.visui.widget.file.FileChooser#createShortcutsMainPanel()	def	48dd56b00b420fbf
sge.visui.widget.file.FileChooser	sge.visui.widget.file.FileChooser#createToolbar()	def	6ee790a000edeaea
sge.visui.widget.file.FileChooser	sge.visui.widget.file.FileChooser#createViewModePopupMenu()	def	ea2129e6f7884734
sge.visui.widget.file.FileChooser	sge.visui.widget.file.FileChooser#currentDirectory	val	20d2f69a408ff250
sge.visui.widget.file.FileChooser	sge.visui.widget.file.FileChooser#currentFiles	val	907aa14e280aac0f
sge.visui.widget.file.FileChooser	sge.visui.widget.file.FileChooser#currentFilesMetadata	val	aa7c50cd17bf10fc
sge.visui.widget.file.FileChooser	sge.visui.widget.file.FileChooser#currentPath	val	595ad61df0b339e8
sge.visui.widget.file.FileChooser	sge.visui.widget.file.FileChooser#dateFormat	val	2cc14b29691fb5f5
sge.visui.widget.file.FileChooser	sge.visui.widget.file.FileChooser#defaultFileName	val	b86e69e04f4eb8e3
sge.visui.widget.file.FileChooser	sge.visui.widget.file.FileChooser#deselectAll()	def	1706df72d3412848
sge.visui.widget.file.FileChooser	sge.visui.widget.file.FileChooser#deselectAll(boolean)	def	22349e255c0ca163
sge.visui.widget.file.FileChooser	sge.visui.widget.file.FileChooser#dirsSuggestionPopup	val	7896407e26137b4b
sge.visui.widget.file.FileChooser	sge.visui.widget.file.FileChooser#draw(Batch,float)	def	6208eee67773ea28
sge.visui.widget.file.FileChooser	sge.visui.widget.file.FileChooser#driveCheckerListeners	val	3fb54d129c69b7d7
sge.visui.widget.file.FileChooser	sge.visui.widget.file.FileChooser#driveCheckerService	val	ebfaabb8516d3b44
sge.visui.widget.file.FileChooser	sge.visui.widget.file.FileChooser#fadeOut(float)	def	2ae0cea7f548dca0
sge.visui.widget.file.FileChooser	sge.visui.widget.file.FileChooser#favoriteFolderButton	val	417fa4807c22b026
sge.visui.widget.file.FileChooser	sge.visui.widget.file.FileChooser#favoriteFolderButtonTooltip	val	b895f8ce2db9231e
sge.visui.widget.file.FileChooser	sge.visui.widget.file.FileChooser#favorites	val	d6a750e66ef674b1
sge.visui.widget.file.FileChooser	sge.visui.widget.file.FileChooser#fileDeleter	val	eec74f2899a60dae
sge.visui.widget.file.FileChooser	sge.visui.widget.file.FileChooser#fileFilter	val	0cfce8e5edcfb6d3
sge.visui.widget.file.FileChooser	sge.visui.widget.file.FileChooser#fileListAdapter	val	12fcc76e6c22d3bf
sge.visui.widget.file.FileChooser	sge.visui.widget.file.FileChooser#fileListBusyBar	val	fcb97d8d7fdf3ea4
sge.visui.widget.file.FileChooser	sge.visui.widget.file.FileChooser#fileListView	val	4b3496a7ed771a97
sge.visui.widget.file.FileChooser	sge.visui.widget.file.FileChooser#fileMenu	val	20f53c3dfbfecb67
sge.visui.widget.file.FileChooser	sge.visui.widget.file.FileChooser#fileNameSuggestionPopup	val	69e0de1c0a8a4336
sge.visui.widget.file.FileChooser	sge.visui.widget.file.FileChooser#fileTypeFilter	val	a760be3023bda5f7
sge.visui.widget.file.FileChooser	sge.visui.widget.file.FileChooser#fileTypeLabel	val	a978830fbff06d2a
sge.visui.widget.file.FileChooser	sge.visui.widget.file.FileChooser#fileTypeSelectBox	val	c3661429cab096b8
sge.visui.widget.file.FileChooser	sge.visui.widget.file.FileChooser#fileWatcherThread	val	efab7529d5f3ca3e
sge.visui.widget.file.FileChooser	sge.visui.widget.file.FileChooser#filesListRebuildScheduled	val	166c5cbc3ed29a7b
sge.visui.widget.file.FileChooser	sge.visui.widget.file.FileChooser#focusFileScrollPaneOnShow	val	c2ef537438983259
sge.visui.widget.file.FileChooser	sge.visui.widget.file.FileChooser#focusSelectedFileTextFieldOnShow	val	d248ef4ddc3d86c3
sge.visui.widget.file.FileChooser	sge.visui.widget.file.FileChooser#getActiveFileTypeFilterRule()	def	b2d8d3f4e861cb2a
sge.visui.widget.file.FileChooser	sge.visui.widget.file.FileChooser#getChooserStage()	def	2958ffdc693c921e
sge.visui.widget.file.FileChooser	sge.visui.widget.file.FileChooser#getChooserStyle()	def	108328f42b4611c4
sge.visui.widget.file.FileChooser	sge.visui.widget.file.FileChooser#getCurrentDirectory()	def	8e4c049a3923de4c
sge.visui.widget.file.FileChooser	sge.visui.widget.file.FileChooser#getDefaultStartingDirectory()	def	ae817f21602fe27d
sge.visui.widget.file.FileChooser	sge.visui.widget.file.FileChooser#getFileFilter()	def	525431ea22d5d242
sge.visui.widget.file.FileChooser	sge.visui.widget.file.FileChooser#getFileListFromSelected()	def	02b623d52cdaf281
sge.visui.widget.file.FileChooser	sge.visui.widget.file.FileChooser#getGroupMultiSelectKey()	def	fa4050f4c38cf908
sge.visui.widget.file.FileChooser	sge.visui.widget.file.FileChooser#getIconProvider()	def	60d112bd1fe4459a
sge.visui.widget.file.FileChooser	sge.visui.widget.file.FileChooser#getMode()	def	0e722b8e1b32ec66
sge.visui.widget.file.FileChooser	sge.visui.widget.file.FileChooser#getMultiSelectKey()	def	c359dd25dc5a634c
sge.visui.widget.file.FileChooser	sge.visui.widget.file.FileChooser#getSelectionMode()	def	f9e0978a7c563a91
sge.visui.widget.file.FileChooser	sge.visui.widget.file.FileChooser#getSizes()	def	47750fcfd37a142e
sge.visui.widget.file.FileChooser	sge.visui.widget.file.FileChooser#getSorting()	def	4e953d01f0305771
sge.visui.widget.file.FileChooser	sge.visui.widget.file.FileChooser#getViewMode()	def	56a19c99391c3369
sge.visui.widget.file.FileChooser	sge.visui.widget.file.FileChooser#groupMultiSelectKey	val	edc9141ed7a4662a
sge.visui.widget.file.FileChooser	sge.visui.widget.file.FileChooser#highlightFiles(Array<FileHandle>)	def	0763d1d96fc78d22
sge.visui.widget.file.FileChooser	sge.visui.widget.file.FileChooser#historyManager	val	f592d7c4d93d7b86
sge.visui.widget.file.FileChooser	sge.visui.widget.file.FileChooser#iconProvider	val	37edeb35579c36b3
sge.visui.widget.file.FileChooser	sge.visui.widget.file.FileChooser#init(FileHandle)	def	33fb2da116a1ea58
sge.visui.widget.file.FileChooser	sge.visui.widget.file.FileChooser#invalidateChildHierarchy(WidgetGroup)	def	e40d38d391e2c2f7
sge.visui.widget.file.FileChooser	sge.visui.widget.file.FileChooser#isFavoriteFolderButtonVisible()	def	740393c351518930
sge.visui.widget.file.FileChooser	sge.visui.widget.file.FileChooser#isGroupMultiSelectKeyPressed()	def	a2f7ccabc594d17b
sge.visui.widget.file.FileChooser	sge.visui.widget.file.FileChooser#isMultiSelectKeyPressed()	def	60cc419357c156fa
sge.visui.widget.file.FileChooser	sge.visui.widget.file.FileChooser#isMultiSelectionEnabled()	def	cde69a58b0864535
sge.visui.widget.file.FileChooser	sge.visui.widget.file.FileChooser#isSaveLastDirectory()	def	df8de020421c8113
sge.visui.widget.file.FileChooser	sge.visui.widget.file.FileChooser#isShowSelectionCheckboxes()	def	63a612cbdd65849d
sge.visui.widget.file.FileChooser	sge.visui.widget.file.FileChooser#isSortingOrderAscending()	def	6bc8e225d2360c5b
sge.visui.widget.file.FileChooser	sge.visui.widget.file.FileChooser#isViewModeButtonVisible()	def	93c9b052848ab41c
sge.visui.widget.file.FileChooser	sge.visui.widget.file.FileChooser#listDirExecutor	val	a3a01fc1c78c1f99
sge.visui.widget.file.FileChooser	sge.visui.widget.file.FileChooser#listDirFuture	val	90bd0fcab45eeec3
sge.visui.widget.file.FileChooser	sge.visui.widget.file.FileChooser#listFilteredCurrentDirectory()	def	5fbefdcbd552fce3
sge.visui.widget.file.FileChooser	sge.visui.widget.file.FileChooser#listener	val	46f030fc7bfbcd8e
sge.visui.widget.file.FileChooser	sge.visui.widget.file.FileChooser#mainSplitPane	val	d3adc5610cfcf464
sge.visui.widget.file.FileChooser	sge.visui.widget.file.FileChooser#maxDateLabelWidth	val	affbf8a4ad173068
sge.visui.widget.file.FileChooser	sge.visui.widget.file.FileChooser#mode	val	8af399898383b168
sge.visui.widget.file.FileChooser	sge.visui.widget.file.FileChooser#multiSelectKey	val	65bb4288812ed2f9
sge.visui.widget.file.FileChooser	sge.visui.widget.file.FileChooser#multiSelectionEnabled	val	a9ce04a5128cd305
sge.visui.widget.file.FileChooser	sge.visui.widget.file.FileChooser#notifyListenerAndCloseDialog(Array<FileHandle>)	def	f7e6a66f725d7f84
sge.visui.widget.file.FileChooser	sge.visui.widget.file.FileChooser#preferencesIO	val	cfd6a5299fddefdf
sge.visui.widget.file.FileChooser	sge.visui.widget.file.FileChooser#rebuildFileList()	def	2e0c867367f48c96
sge.visui.widget.file.FileChooser	sge.visui.widget.file.FileChooser#rebuildFileList(boolean)	def	6ed559b1db20c842
sge.visui.widget.file.FileChooser	sge.visui.widget.file.FileChooser#rebuildFileRootsCache()	def	0c46ecf7f9f98d97
sge.visui.widget.file.FileChooser	sge.visui.widget.file.FileChooser#rebuildShortcutsFavoritesPanel()	def	03f64e36c7ce8ac1
sge.visui.widget.file.FileChooser	sge.visui.widget.file.FileChooser#rebuildShortcutsList()	def	3df1f6e8cd04bbb2
sge.visui.widget.file.FileChooser	sge.visui.widget.file.FileChooser#rebuildShortcutsList(boolean)	def	9ab32b7a96967ee2
sge.visui.widget.file.FileChooser	sge.visui.widget.file.FileChooser#rebuildViewModePopupMenu()	def	9b286f25151c19df
sge.visui.widget.file.FileChooser	sge.visui.widget.file.FileChooser#recentDirectories	val	41f76dbd7eedd926
sge.visui.widget.file.FileChooser	sge.visui.widget.file.FileChooser#refresh()	def	d9133982e5d382fa
sge.visui.widget.file.FileChooser	sge.visui.widget.file.FileChooser#refresh(boolean)	def	a09ed84a14663e54
sge.visui.widget.file.FileChooser	sge.visui.widget.file.FileChooser#reloadPreferences(boolean)	def	227c0fd15a281903
sge.visui.widget.file.FileChooser	sge.visui.widget.file.FileChooser#removeFavorite(FileHandle)	def	69692cda03177d5a
sge.visui.widget.file.FileChooser	sge.visui.widget.file.FileChooser#removeInvalidSelections()	def	4a5fb2ceef3e814c
sge.visui.widget.file.FileChooser	sge.visui.widget.file.FileChooser#saveLastDirectory	val	7dc45e24c25965ad
sge.visui.widget.file.FileChooser	sge.visui.widget.file.FileChooser#selectAll()	def	13ac89cd4cfe54db
sge.visui.widget.file.FileChooser	sge.visui.widget.file.FileChooser#selectedFileTextField	val	25b42193aa2065eb
sge.visui.widget.file.FileChooser	sge.visui.widget.file.FileChooser#selectedItems	val	41386fb60ff9f33b
sge.visui.widget.file.FileChooser	sge.visui.widget.file.FileChooser#selectedShortcut	val	9cda3210ae9828b3
sge.visui.widget.file.FileChooser	sge.visui.widget.file.FileChooser#selectionFinished()	def	e1c6a1c2f561a48d
sge.visui.widget.file.FileChooser	sge.visui.widget.file.FileChooser#selectionMode	val	e2b48ce8cb4a809e
sge.visui.widget.file.FileChooser	sge.visui.widget.file.FileChooser#setCurrentPathFieldText(String)	def	1294f693147d3de4
sge.visui.widget.file.FileChooser	sge.visui.widget.file.FileChooser#setDefaultFileName(String)	def	81c6ba5a6819fda2
sge.visui.widget.file.FileChooser	sge.visui.widget.file.FileChooser#setDefaultPrefsName(String)	def	4e43b468cd62e255
sge.visui.widget.file.FileChooser	sge.visui.widget.file.FileChooser#setDirectory(File)	def	2dea69b147f3de17
sge.visui.widget.file.FileChooser	sge.visui.widget.file.FileChooser#setDirectory(FileHandle)	def	b7ccccd33015777e
sge.visui.widget.file.FileChooser	sge.visui.widget.file.FileChooser#setDirectory(FileHandle,HistoryPolicy)	def	46e739e90540912b
sge.visui.widget.file.FileChooser	sge.visui.widget.file.FileChooser#setDirectory(String)	def	65070957f19a9efb
sge.visui.widget.file.FileChooser	sge.visui.widget.file.FileChooser#setFavoriteFolderButtonVisible(boolean)	def	bad40099a0932900
sge.visui.widget.file.FileChooser	sge.visui.widget.file.FileChooser#setFavoritesPrefsName(String)	def	eb93a2b343ffffdc
sge.visui.widget.file.FileChooser	sge.visui.widget.file.FileChooser#setFileDeleter(FileDeleter)	def	6681b5b5a99f1043
sge.visui.widget.file.FileChooser	sge.visui.widget.file.FileChooser#setFileFilter(FileFilter)	def	62334d08d5d9d62c
sge.visui.widget.file.FileChooser	sge.visui.widget.file.FileChooser#setFileTypeFilter(FileTypeFilter)	def	a02f03db006cc2ca
sge.visui.widget.file.FileChooser	sge.visui.widget.file.FileChooser#setGroupMultiSelectKey(int)	def	ba8925153d17cd2d
sge.visui.widget.file.FileChooser	sge.visui.widget.file.FileChooser#setIconProvider(FileIconProvider)	def	8c9caf77c0fb5f80
sge.visui.widget.file.FileChooser	sge.visui.widget.file.FileChooser#setListener(FileChooserListener)	def	2deb1ea85f4fdc5e
sge.visui.widget.file.FileChooser	sge.visui.widget.file.FileChooser#setMode(Mode)	def	f4a44b764e88739a
sge.visui.widget.file.FileChooser	sge.visui.widget.file.FileChooser#setMultiSelectKey(int)	def	104c3383b79175db
sge.visui.widget.file.FileChooser	sge.visui.widget.file.FileChooser#setMultiSelectionEnabled(boolean)	def	9180e9f57e393b3b
sge.visui.widget.file.FileChooser	sge.visui.widget.file.FileChooser#setPrefsName(String)	def	e92752b45792eb8e
sge.visui.widget.file.FileChooser	sge.visui.widget.file.FileChooser#setSaveLastDirectory(boolean)	def	459b733faf270647
sge.visui.widget.file.FileChooser	sge.visui.widget.file.FileChooser#setSelectedFiles(Array<FileHandle>)	def	a75db0616ddc0fe1
sge.visui.widget.file.FileChooser	sge.visui.widget.file.FileChooser#setSelectionMode(SelectionMode)	def	715196c9aa2874af
sge.visui.widget.file.FileChooser	sge.visui.widget.file.FileChooser#setShowSelectionCheckboxes(boolean)	def	301ca2d14c9edb9d
sge.visui.widget.file.FileChooser	sge.visui.widget.file.FileChooser#setSorting(FileSorting)	def	801d7765a1f5c6ab
sge.visui.widget.file.FileChooser	sge.visui.widget.file.FileChooser#setSorting(FileSorting,boolean)	def	fb3c87267c9f440b
sge.visui.widget.file.FileChooser	sge.visui.widget.file.FileChooser#setSortingOrderAscending(boolean)	def	a8470352f50bdf11
sge.visui.widget.file.FileChooser	sge.visui.widget.file.FileChooser#setStage(Stage)	def	87c4775e04ab7fe2
sge.visui.widget.file.FileChooser	sge.visui.widget.file.FileChooser#setViewMode(ViewMode)	def	df271ec70ddd457d
sge.visui.widget.file.FileChooser	sge.visui.widget.file.FileChooser#setViewModeButtonVisible(boolean)	def	242a624203f000df
sge.visui.widget.file.FileChooser	sge.visui.widget.file.FileChooser#setVisible(boolean)	def	d8e0d9cd85d96306
sge.visui.widget.file.FileChooser	sge.visui.widget.file.FileChooser#setWatchingFilesEnabled(boolean)	def	5055bfefa83fc690
sge.visui.widget.file.FileChooser	sge.visui.widget.file.FileChooser#setupDefaultScrollPane(VisScrollPane)	def	392dfe3c4b83cf23
sge.visui.widget.file.FileChooser	sge.visui.widget.file.FileChooser#shortcutsFavoritesPanel	val	3d88af180dfc36bc
sge.visui.widget.file.FileChooser	sge.visui.widget.file.FileChooser#shortcutsListRebuildScheduled	val	80891b455d69b9be
sge.visui.widget.file.FileChooser	sge.visui.widget.file.FileChooser#shortcutsMainPanel	val	427c653296f9da22
sge.visui.widget.file.FileChooser	sge.visui.widget.file.FileChooser#shortcutsRootsPanel	val	97cc2159fa7062ab
sge.visui.widget.file.FileChooser	sge.visui.widget.file.FileChooser#shortcutsTable	val	1c67348ed8fe5394
sge.visui.widget.file.FileChooser	sge.visui.widget.file.FileChooser#showBusyBarTask	val	41aa92db31cd94fb
sge.visui.widget.file.FileChooser	sge.visui.widget.file.FileChooser#showDialog(String)	def	75189a7ba2877cf5
sge.visui.widget.file.FileChooser	sge.visui.widget.file.FileChooser#showFileDeleteDialog(FileHandle)	def	99b30ecc468f8c37
sge.visui.widget.file.FileChooser	sge.visui.widget.file.FileChooser#showNewDirectoryDialog()	def	3ee781145e87d3b7
sge.visui.widget.file.FileChooser	sge.visui.widget.file.FileChooser#showOverwriteQuestion(Array<FileHandle>)	def	d04b9fdd749741fe
sge.visui.widget.file.FileChooser	sge.visui.widget.file.FileChooser#showSelectionCheckboxes	val	537fb0483b57a1fe
sge.visui.widget.file.FileChooser	sge.visui.widget.file.FileChooser#sizes	val	c32d3f187262a6cf
sge.visui.widget.file.FileChooser	sge.visui.widget.file.FileChooser#sorting	val	b9e8352ead925bbf
sge.visui.widget.file.FileChooser	sge.visui.widget.file.FileChooser#sortingOrderAscending	val	bf6d6a6aa3272e91
sge.visui.widget.file.FileChooser	sge.visui.widget.file.FileChooser#startFileWatcher()	def	b1d1b554650ec178
sge.visui.widget.file.FileChooser	sge.visui.widget.file.FileChooser#stopFileWatcher()	def	acd638a8d9c1233f
sge.visui.widget.file.FileChooser	sge.visui.widget.file.FileChooser#style	val	a481b5ec03b7d8a7
sge.visui.widget.file.FileChooser	sge.visui.widget.file.FileChooser#tmpVector	val	be8dda2052a87fa2
sge.visui.widget.file.FileChooser	sge.visui.widget.file.FileChooser#updateFavoriteFolderButton()	def	f482459606926888
sge.visui.widget.file.FileChooser	sge.visui.widget.file.FileChooser#updateFileTypeSelectBox()	def	9939d40646a6b36b
sge.visui.widget.file.FileChooser	sge.visui.widget.file.FileChooser#updateSelectedFileFieldText()	def	0329718b59b2ffab
sge.visui.widget.file.FileChooser	sge.visui.widget.file.FileChooser#updateSelectedFileFieldText(boolean)	def	f738e972652b3fce
sge.visui.widget.file.FileChooser	sge.visui.widget.file.FileChooser#viewMode	val	fe7fbe105ed14e81
sge.visui.widget.file.FileChooser	sge.visui.widget.file.FileChooser#viewModeButton	val	0269bc953ba32bc2
sge.visui.widget.file.FileChooser	sge.visui.widget.file.FileChooser#viewModePopupMenu	val	afc5fef55632a48f
sge.visui.widget.file.FileChooser	sge.visui.widget.file.FileChooser#watchingFilesEnabled	val	ec5547ba3b6ab37f
sge.visui.widget.file.FileChooser	sge.visui.widget.file.FileChooser$DefaultFileDeleter	class	24561de62baafd19
sge.visui.widget.file.FileChooser	sge.visui.widget.file.FileChooser$DefaultFileDeleter#delete(FileHandle)	def	81ccece142c83734
sge.visui.widget.file.FileChooser	sge.visui.widget.file.FileChooser$DefaultFileDeleter#hasTrash()	def	2184f9de6f1b1083
sge.visui.widget.file.FileChooser	sge.visui.widget.file.FileChooser$DefaultFileFilter	class	ca5b663b14c8e896
sge.visui.widget.file.FileChooser	sge.visui.widget.file.FileChooser$DefaultFileFilter#<stmt1>	stmt	c495c4e7f8ccc098
sge.visui.widget.file.FileChooser	sge.visui.widget.file.FileChooser$DefaultFileFilter#accept(File)	def	583751347d8e343d
sge.visui.widget.file.FileChooser	sge.visui.widget.file.FileChooser$DefaultFileFilter#chooser	val	6e03350478c7c763
sge.visui.widget.file.FileChooser	sge.visui.widget.file.FileChooser$DefaultFileFilter#ignoreChooserSelectionMode	val	621ba82c024ad1e7
sge.visui.widget.file.FileChooser	sge.visui.widget.file.FileChooser$DefaultFileFilter#isIgnoreChooserSelectionMode()	def	27857cba37d7bbac
sge.visui.widget.file.FileChooser	sge.visui.widget.file.FileChooser$DefaultFileFilter#setIgnoreChooserSelectionMode(boolean)	def	e1c3ec6be1a72ce6
sge.visui.widget.file.FileChooser	sge.visui.widget.file.FileChooser$DefaultFileIconProvider	class	907011a038e9476a
sge.visui.widget.file.FileChooser	sge.visui.widget.file.FileChooser$DefaultFileIconProvider#<stmt1>	stmt	c495c4e7f8ccc098
sge.visui.widget.file.FileChooser	sge.visui.widget.file.FileChooser$DefaultFileIconProvider#<stmt2>	stmt	1072b1138df5644a
sge.visui.widget.file.FileChooser	sge.visui.widget.file.FileChooser$DefaultFileIconProvider#chooser	val	b39e77c812bc339c
sge.visui.widget.file.FileChooser	sge.visui.widget.file.FileChooser$DefaultFileIconProvider#directoryChanged(FileHandle)	def	5161c692644d8ae8
sge.visui.widget.file.FileChooser	sge.visui.widget.file.FileChooser$DefaultFileIconProvider#getAudioIcon(FileItem)	def	c796338b4fc311ef
sge.visui.widget.file.FileChooser	sge.visui.widget.file.FileChooser$DefaultFileIconProvider#getDefaultIcon(FileItem)	def	e6d12efa472fd203
sge.visui.widget.file.FileChooser	sge.visui.widget.file.FileChooser$DefaultFileIconProvider#getDirIcon(FileItem)	def	f777f370e3628f0b
sge.visui.widget.file.FileChooser	sge.visui.widget.file.FileChooser$DefaultFileIconProvider#getImageIcon(FileItem)	def	0628b60b6ea745cb
sge.visui.widget.file.FileChooser	sge.visui.widget.file.FileChooser$DefaultFileIconProvider#getPdfIcon(FileItem)	def	e22c0298b738253e
sge.visui.widget.file.FileChooser	sge.visui.widget.file.FileChooser$DefaultFileIconProvider#getTextIcon(FileItem)	def	b616b52a6c8e476d
sge.visui.widget.file.FileChooser	sge.visui.widget.file.FileChooser$DefaultFileIconProvider#isThumbnailModesSupported()	def	8ccb1659bb39b8f8
sge.visui.widget.file.FileChooser	sge.visui.widget.file.FileChooser$DefaultFileIconProvider#provideIcon(FileItem)	def	5176500ce7a4ec5b
sge.visui.widget.file.FileChooser	sge.visui.widget.file.FileChooser$DefaultFileIconProvider#style	val	7831208ae66dd3a6
sge.visui.widget.file.FileChooser	sge.visui.widget.file.FileChooser$DefaultFileIconProvider#viewModeChanged(ViewMode)	def	3181340d22cd1d32
sge.visui.widget.file.FileChooser	sge.visui.widget.file.FileChooser$FileDeleter	class	f53de281ad83bb5c
sge.visui.widget.file.FileChooser	sge.visui.widget.file.FileChooser$FileDeleter#delete(FileHandle)	def	593db0ff8190b4e5
sge.visui.widget.file.FileChooser	sge.visui.widget.file.FileChooser$FileDeleter#hasTrash()	def	16bdffae84bd68df
sge.visui.widget.file.FileChooser	sge.visui.widget.file.FileChooser$FileIconProvider	class	40cfe385a3375bae
sge.visui.widget.file.FileChooser	sge.visui.widget.file.FileChooser$FileIconProvider#directoryChanged(FileHandle)	def	141999342d3c1ebd
sge.visui.widget.file.FileChooser	sge.visui.widget.file.FileChooser$FileIconProvider#isThumbnailModesSupported()	def	2cf10d3d900e4864
sge.visui.widget.file.FileChooser	sge.visui.widget.file.FileChooser$FileIconProvider#provideIcon(FileItem)	def	6bde9585a82f8646
sge.visui.widget.file.FileChooser	sge.visui.widget.file.FileChooser$FileIconProvider#viewModeChanged(ViewMode)	def	6c91c152bd6f3d4c
sge.visui.widget.file.FileChooser	sge.visui.widget.file.FileChooser$FileItem	class	cc884ced0667b63a
sge.visui.widget.file.FileChooser	sge.visui.widget.file.FileChooser$FileItem#<stmt10>	stmt	a0524695cf54d188
sge.visui.widget.file.FileChooser	sge.visui.widget.file.FileChooser$FileItem#<stmt11>	stmt	fda632fc495d1585
sge.visui.widget.file.FileChooser	sge.visui.widget.file.FileChooser$FileItem#<stmt1>	stmt	3c23d45e092571d5
sge.visui.widget.file.FileChooser	sge.visui.widget.file.FileChooser$FileItem#<stmt2>	stmt	e122596fb17b7271
sge.visui.widget.file.FileChooser	sge.visui.widget.file.FileChooser$FileItem#<stmt3>	stmt	89f2d667e577a08a
sge.visui.widget.file.FileChooser	sge.visui.widget.file.FileChooser$FileItem#<stmt4>	stmt	7569538d4e81ee99
sge.visui.widget.file.FileChooser	sge.visui.widget.file.FileChooser$FileItem#<stmt5>	stmt	eae035d6c788ed40
sge.visui.widget.file.FileChooser	sge.visui.widget.file.FileChooser$FileItem#<stmt6>	stmt	4ffe98b1f1d2a965
sge.visui.widget.file.FileChooser	sge.visui.widget.file.FileChooser$FileItem#<stmt7>	stmt	356a46ac0d5c76a9
sge.visui.widget.file.FileChooser	sge.visui.widget.file.FileChooser$FileItem#<stmt8>	stmt	591edd39c50475be
sge.visui.widget.file.FileChooser	sge.visui.widget.file.FileChooser$FileItem#<stmt9>	stmt	a71dfa8a9fe21835
sge.visui.widget.file.FileChooser	sge.visui.widget.file.FileChooser$FileItem#addListeners()	def	32e2a46d7aba515d
sge.visui.widget.file.FileChooser	sge.visui.widget.file.FileChooser$FileItem#deselect()	def	ed1c37f595178802
sge.visui.widget.file.FileChooser	sge.visui.widget.file.FileChooser$FileItem#deselect(boolean)	def	bb62a32c62acf549
sge.visui.widget.file.FileChooser	sge.visui.widget.file.FileChooser$FileItem#file	val	51b15ba67235a494
sge.visui.widget.file.FileChooser	sge.visui.widget.file.FileChooser$FileItem#focusGained()	def	5da5f29230632c1e
sge.visui.widget.file.FileChooser	sge.visui.widget.file.FileChooser$FileItem#focusLost()	def	81715186694f5087
sge.visui.widget.file.FileChooser	sge.visui.widget.file.FileChooser$FileItem#getFile()	def	1710a60fbddec9a1
sge.visui.widget.file.FileChooser	sge.visui.widget.file.FileChooser$FileItem#getItemId(Array<FileItem>,FileItem)	def	514c474d68c612f2
sge.visui.widget.file.FileChooser	sge.visui.widget.file.FileChooser$FileItem#handleSelectClick(boolean)	def	29357e4bce57f7be
sge.visui.widget.file.FileChooser	sge.visui.widget.file.FileChooser$FileItem#iconImage	val	2c9ed68dff79b785
sge.visui.widget.file.FileChooser	sge.visui.widget.file.FileChooser$FileItem#isDirectory()	def	768175387054bf65
sge.visui.widget.file.FileChooser	sge.visui.widget.file.FileChooser$FileItem#metadata	val	b64be402a7edefb6
sge.visui.widget.file.FileChooser	sge.visui.widget.file.FileChooser$FileItem#select()	def	1014672d85290e54
sge.visui.widget.file.FileChooser	sge.visui.widget.file.FileChooser$FileItem#select(boolean)	def	ba4e61561639f567
sge.visui.widget.file.FileChooser	sge.visui.widget.file.FileChooser$FileItem#selectCheckBox	val	a7de593cc72be68b
sge.visui.widget.file.FileChooser	sge.visui.widget.file.FileChooser$FileItem#selectGroup()	def	888389c6474a2201
sge.visui.widget.file.FileChooser	sge.visui.widget.file.FileChooser$FileItem#setIcon(Drawable,Scaling)	def	01e4480cefc23b3e
sge.visui.widget.file.FileChooser	sge.visui.widget.file.FileChooser$FileSorting	class	251ae46d8fe0c139
sge.visui.widget.file.FileChooser	sge.visui.widget.file.FileChooser$HistoryPolicy	class	e2a5ed3178b0a877
sge.visui.widget.file.FileChooser	sge.visui.widget.file.FileChooser$Mode	class	b185169ed7084211
sge.visui.widget.file.FileChooser	sge.visui.widget.file.FileChooser$SelectionMode	class	ad64b74d95e261f4
sge.visui.widget.file.FileChooser	sge.visui.widget.file.FileChooser$ShortcutItem	class	9fffbc2959c0a99a
sge.visui.widget.file.FileChooser	sge.visui.widget.file.FileChooser$ShortcutItem#<stmt1>	stmt	3c23d45e092571d5
sge.visui.widget.file.FileChooser	sge.visui.widget.file.FileChooser$ShortcutItem#<stmt2>	stmt	7426dd5ab5803fab
sge.visui.widget.file.FileChooser	sge.visui.widget.file.FileChooser$ShortcutItem#<stmt3>	stmt	d7014704d862a7fb
sge.visui.widget.file.FileChooser	sge.visui.widget.file.FileChooser$ShortcutItem#<stmt4>	stmt	3a8d976279a790e2
sge.visui.widget.file.FileChooser	sge.visui.widget.file.FileChooser$ShortcutItem#<stmt5>	stmt	69231e78c86f02a9
sge.visui.widget.file.FileChooser	sge.visui.widget.file.FileChooser$ShortcutItem#<stmt6>	stmt	8c0d810c510e57c8
sge.visui.widget.file.FileChooser	sge.visui.widget.file.FileChooser$ShortcutItem#addListener()	def	ffddef4cbc14d1f5
sge.visui.widget.file.FileChooser	sge.visui.widget.file.FileChooser$ShortcutItem#deselect()	def	0f22bcd0af87f4c2
sge.visui.widget.file.FileChooser	sge.visui.widget.file.FileChooser$ShortcutItem#file	val	f3396ef5c1628b46
sge.visui.widget.file.FileChooser	sge.visui.widget.file.FileChooser$ShortcutItem#focusGained()	def	5da5f29230632c1e
sge.visui.widget.file.FileChooser	sge.visui.widget.file.FileChooser$ShortcutItem#focusLost()	def	81715186694f5087
sge.visui.widget.file.FileChooser	sge.visui.widget.file.FileChooser$ShortcutItem#getLabelText()	def	669403661f8251b4
sge.visui.widget.file.FileChooser	sge.visui.widget.file.FileChooser$ShortcutItem#name	val	37f298123511f4cc
sge.visui.widget.file.FileChooser	sge.visui.widget.file.FileChooser$ShortcutItem#select()	def	ba74c0a9fa40a1a5
sge.visui.widget.file.FileChooser	sge.visui.widget.file.FileChooser$ShortcutItem#setLabelText(String)	def	3f1fef79182201c2
sge.visui.widget.file.FileChooser	sge.visui.widget.file.FileChooser$ShortcutItem#setRootName(String)	def	1414b34b76802493
sge.visui.widget.file.FileChooser	sge.visui.widget.file.FileChooser$ShortcutsComparator	class	9d237585c5d44acd
sge.visui.widget.file.FileChooser	sge.visui.widget.file.FileChooser$ShortcutsComparator#compare(Actor,Actor)	def	fd4019df01fda80d
sge.visui.widget.file.FileChooser	sge.visui.widget.file.FileChooser$ShowBusyBarTask	class	17b601b83e0e2275
sge.visui.widget.file.FileChooser	sge.visui.widget.file.FileChooser$ShowBusyBarTask#cancel()	def	c08016ca35c63c3c
sge.visui.widget.file.FileChooser	sge.visui.widget.file.FileChooser$ShowBusyBarTask#run()	def	0280093d11cbbe78
sge.visui.widget.file.FileChooser	sge.visui.widget.file.FileChooser$ViewMode	class	52321248f32ade2e
sge.visui.widget.file.FileChooser	sge.visui.widget.file.FileChooser$ViewMode#getBundleText()	def	b27a3f7a3a429003
sge.visui.widget.file.FileChooser	sge.visui.widget.file.FileChooser$ViewMode#getGridSize(Sizes)	def	7dd7db6c39cc1425
sge.visui.widget.file.FileChooser	sge.visui.widget.file.FileChooser$ViewMode#isGridMode()	def	8b39402aac8d4e68
sge.visui.widget.file.FileChooser	sge.visui.widget.file.FileChooser$ViewMode#isThumbnailMode()	def	4ad1cdb1f72ed240
sge.visui.widget.file.FileChooser	sge.visui.widget.file.FileChooser$ViewMode#setupGridGroup(Sizes,GridGroup)	def	783f86f571f0dcc2
sge.visui.widget.file.FileChooser	shouldShowItemShowCheckBox	val	e630072c09fa6456
sge.visui.widget.file.FileChooserAdapter	sge.visui.widget.file.FileChooserAdapter	class	6258a54e78548d04
sge.visui.widget.file.FileChooserAdapter	sge.visui.widget.file.FileChooserAdapter#canceled()	def	faf314aab1f6af7e
sge.visui.widget.file.FileChooserAdapter	sge.visui.widget.file.FileChooserAdapter#selected(Array<FileHandle>)	def	9d8bc4232a9ba1e5
sge.visui.widget.file.FileChooserListener	sge.visui.widget.file.FileChooserListener	class	f260c5200dc8cec2
sge.visui.widget.file.FileChooserListener	sge.visui.widget.file.FileChooserListener#canceled()	def	933b69359dd2ebb3
sge.visui.widget.file.FileChooserListener	sge.visui.widget.file.FileChooserListener#selected(Array<FileHandle>)	def	d5d108c65d7d157b
sge.visui.widget.file.FileChooserStyle	sge.visui.widget.file.FileChooserStyle	class	b28e241e98ad2063
sge.visui.widget.file.FileChooserStyle	sge.visui.widget.file.FileChooserStyle#<init>()	ctor	978155568bb170ac
sge.visui.widget.file.FileChooserStyle	sge.visui.widget.file.FileChooserStyle#<init>(FileChooserStyle)	ctor	54a98def829afce4
sge.visui.widget.file.FileChooserStyle	sge.visui.widget.file.FileChooserStyle#contextMenuSelectedItem	val	84f6b845af93a7f2
sge.visui.widget.file.FileChooserStyle	sge.visui.widget.file.FileChooserStyle#expandDropdown	val	949afbe32e65386b
sge.visui.widget.file.FileChooserStyle	sge.visui.widget.file.FileChooserStyle#highlight	val	f5e7d453d6c549f4
sge.visui.widget.file.FileChooserStyle	sge.visui.widget.file.FileChooserStyle#iconArrowLeft	val	e588dc3ff9a9f13c
sge.visui.widget.file.FileChooserStyle	sge.visui.widget.file.FileChooserStyle#iconArrowRight	val	f4fe4ef0165a436c
sge.visui.widget.file.FileChooserStyle	sge.visui.widget.file.FileChooserStyle#iconDrive	val	ec337cd6141d6a98
sge.visui.widget.file.FileChooserStyle	sge.visui.widget.file.FileChooserStyle#iconFileAudio	val	19d4f1eba9ff2822
sge.visui.widget.file.FileChooserStyle	sge.visui.widget.file.FileChooserStyle#iconFileImage	val	795a3495e6fb3b8a
sge.visui.widget.file.FileChooserStyle	sge.visui.widget.file.FileChooserStyle#iconFilePdf	val	e8ca267c5da6e9f9
sge.visui.widget.file.FileChooserStyle	sge.visui.widget.file.FileChooserStyle#iconFileText	val	4440917ac54088b8
sge.visui.widget.file.FileChooserStyle	sge.visui.widget.file.FileChooserStyle#iconFolder	val	f797e5265c5b268a
sge.visui.widget.file.FileChooserStyle	sge.visui.widget.file.FileChooserStyle#iconFolderNew	val	c03c2a07b6a28f20
sge.visui.widget.file.FileChooserStyle	sge.visui.widget.file.FileChooserStyle#iconFolderParent	val	867a383f0f6550fe
sge.visui.widget.file.FileChooserStyle	sge.visui.widget.file.FileChooserStyle#iconFolderStar	val	dbb8932cab1d85c0
sge.visui.widget.file.FileChooserStyle	sge.visui.widget.file.FileChooserStyle#iconListSettings	val	8598d0df6b359e91
sge.visui.widget.file.FileChooserStyle	sge.visui.widget.file.FileChooserStyle#iconRefresh	val	b34e867733466252
sge.visui.widget.file.FileChooserStyle	sge.visui.widget.file.FileChooserStyle#iconStar	val	81dafd6cfc0584c0
sge.visui.widget.file.FileChooserStyle	sge.visui.widget.file.FileChooserStyle#iconStarOutline	val	e2b06c6cca483f26
sge.visui.widget.file.FileChooserStyle	sge.visui.widget.file.FileChooserStyle#iconTrash	val	f17d42e4a48a6d5e
sge.visui.widget.file.FileChooserStyle	sge.visui.widget.file.FileChooserStyle#popupMenuStyle	val	1b60dceba7a4f9ea
sge.visui.widget.file.FileTypeFilter	sge.visui.widget.file.FileTypeFilter	class	1a4589cfb60c59bd
sge.visui.widget.file.FileTypeFilter	sge.visui.widget.file.FileTypeFilter#<init>(FileTypeFilter)	ctor	7860aff7ef6f72b5
sge.visui.widget.file.FileTypeFilter	sge.visui.widget.file.FileTypeFilter#<init>(boolean)	ctor	636f9bd3921fa2d2
sge.visui.widget.file.FileTypeFilter	sge.visui.widget.file.FileTypeFilter#addRule(String,Array<String>)	def	c1718cd55a77d2ff
sge.visui.widget.file.FileTypeFilter	sge.visui.widget.file.FileTypeFilter#allTypesAllowed	val	f79d6eeae66f9e32
sge.visui.widget.file.FileTypeFilter	sge.visui.widget.file.FileTypeFilter#getRules()	def	10e3db55c664202e
sge.visui.widget.file.FileTypeFilter	sge.visui.widget.file.FileTypeFilter#isAllTypesAllowed()	def	deac10961269ec75
sge.visui.widget.file.FileTypeFilter	sge.visui.widget.file.FileTypeFilter#rules	val	24627323d9a9d262
sge.visui.widget.file.FileTypeFilter	sge.visui.widget.file.FileTypeFilter#setAllTypesAllowed(boolean)	def	d8ce9766fd7bd9ef
sge.visui.widget.file.FileTypeFilter	sge.visui.widget.file.FileTypeFilter$Rule	class	5e693ce657264b31
sge.visui.widget.file.FileTypeFilter	sge.visui.widget.file.FileTypeFilter$Rule#<init>(String)	ctor	9dce34b33e3f3158
sge.visui.widget.file.FileTypeFilter	sge.visui.widget.file.FileTypeFilter$Rule#<init>(String,Array<String>)	ctor	4d10ff5f6fb2d65b
sge.visui.widget.file.FileTypeFilter	sge.visui.widget.file.FileTypeFilter$Rule#accept(FileHandle)	def	fcb3fcd02b99f65f
sge.visui.widget.file.FileTypeFilter	sge.visui.widget.file.FileTypeFilter$Rule#allowAll	val	1b8aa707cd8cfce9
sge.visui.widget.file.FileTypeFilter	sge.visui.widget.file.FileTypeFilter$Rule#description	val	e72e0506eb7ab2e6
sge.visui.widget.file.FileTypeFilter	sge.visui.widget.file.FileTypeFilter$Rule#extensions	val	9b4abadfe8dc886e
sge.visui.widget.file.FileTypeFilter	sge.visui.widget.file.FileTypeFilter$Rule#getDescription()	def	0a582f27a23e1ab9
sge.visui.widget.file.FileTypeFilter	sge.visui.widget.file.FileTypeFilter$Rule#getExtensions()	def	77e42ea8a5d41f08
sge.visui.widget.file.FileTypeFilter	sge.visui.widget.file.FileTypeFilter$Rule#toString()	def	d52dd8f6768e5ace
sge.visui.widget.file.FileUtils	sge.visui.widget.file.FileUtils	class	654b0aa1ab50c472
sge.visui.widget.file.FileUtils	sge.visui.widget.file.FileUtils#FILE_MODIFIED_DATE_COMPARATOR	val	14f5d799f032bcb8
sge.visui.widget.file.FileUtils	sge.visui.widget.file.FileUtils#FILE_NAME_COMPARATOR	val	d6bbf215de549af6
sge.visui.widget.file.FileUtils	sge.visui.widget.file.FileUtils#FILE_SIZE_COMPARATOR	val	08a5584750957e47
sge.visui.widget.file.FileUtils	sge.visui.widget.file.FileUtils#UNITS	val	576570b6bd6eb900
sge.visui.widget.file.FileUtils	sge.visui.widget.file.FileUtils#isValidFileName(String)	def	d7f7d29ad473f1f4
sge.visui.widget.file.FileUtils	sge.visui.widget.file.FileUtils#readableFileSize(long)	def	980bae93f18fa99f
sge.visui.widget.file.FileUtils	sge.visui.widget.file.FileUtils#showDirInExplorer(FileHandle,Sge)	def	ee082bcf30419ee7
sge.visui.widget.file.FileUtils	sge.visui.widget.file.FileUtils#sortFiles(Array<FileHandle>)	def	fa882195964c2ede
sge.visui.widget.file.FileUtils	sge.visui.widget.file.FileUtils#sortFiles(Array<FileHandle>,Ordering<FileHandle>)	def	8349e8406d431c2d
sge.visui.widget.file.FileUtils	sge.visui.widget.file.FileUtils#sortFiles(Array<FileHandle>,Ordering<FileHandle>,boolean)	def	663cd37450c64f9f
sge.visui.widget.file.FileUtils	sge.visui.widget.file.FileUtils#toFileHandle(File,Sge)	def	63d05cab35f99d32
sge.visui.widget.file.SingleFileChooserListener	sge.visui.widget.file.SingleFileChooserListener	class	c84722a2257e30a7
sge.visui.widget.file.SingleFileChooserListener	sge.visui.widget.file.SingleFileChooserListener#canceled()	def	faf314aab1f6af7e
sge.visui.widget.file.SingleFileChooserListener	sge.visui.widget.file.SingleFileChooserListener#selected(Array<FileHandle>)	def	8df61491e1480be6
sge.visui.widget.file.SingleFileChooserListener	sge.visui.widget.file.SingleFileChooserListener#selected(FileHandle)	def	931fb7b0ad53422d
sge.visui.widget.file.StreamingFileChooserListener	sge.visui.widget.file.StreamingFileChooserListener	class	33fa78a39db0c3e3
sge.visui.widget.file.StreamingFileChooserListener	sge.visui.widget.file.StreamingFileChooserListener#begin()	def	fb1abc095e56159e
sge.visui.widget.file.StreamingFileChooserListener	sge.visui.widget.file.StreamingFileChooserListener#canceled()	def	faf314aab1f6af7e
sge.visui.widget.file.StreamingFileChooserListener	sge.visui.widget.file.StreamingFileChooserListener#end()	def	bcbc5f3688f3488a
sge.visui.widget.file.StreamingFileChooserListener	sge.visui.widget.file.StreamingFileChooserListener#selected(Array<FileHandle>)	def	b7c96239e08571f2
sge.visui.widget.file.StreamingFileChooserListener	sge.visui.widget.file.StreamingFileChooserListener#selected(FileHandle)	def	771978ea13c2fdf0
sge.visui.widget.file.internal.AbstractSuggestionPopup	sge.visui.widget.file.internal.AbstractSuggestionPopup	class	16a9445484696d2d
sge.visui.widget.file.internal.AbstractSuggestionPopup	sge.visui.widget.file.internal.AbstractSuggestionPopup#<stmt1>	stmt	810d882229068647
sge.visui.widget.file.internal.AbstractSuggestionPopup	sge.visui.widget.file.internal.AbstractSuggestionPopup#MAX_SUGGESTIONS	val	c3ed7a89c7e05e0c
sge.visui.widget.file.internal.AbstractSuggestionPopup	sge.visui.widget.file.internal.AbstractSuggestionPopup#chooser	val	7ffa3a6624bb8b31
sge.visui.widget.file.internal.AbstractSuggestionPopup	sge.visui.widget.file.internal.AbstractSuggestionPopup#createMenuItem(String)	def	00563b3028a9e88c
sge.visui.widget.file.internal.DirsSuggestionPopup	sge.visui.widget.file.internal.DirsSuggestionPopup	class	ebb880b56b84b1a7
sge.visui.widget.file.internal.DirsSuggestionPopup	sge.visui.widget.file.internal.DirsSuggestionPopup#<stmt1>	stmt	630648ac7821a4cc
sge.visui.widget.file.internal.DirsSuggestionPopup	sge.visui.widget.file.internal.DirsSuggestionPopup#createDirSuggestions(Stage,float)	def	8a8abe9fe14c002c
sge.visui.widget.file.internal.DirsSuggestionPopup	sge.visui.widget.file.internal.DirsSuggestionPopup#createRecentDirSuggestions(Array<FileHandle>,float)	def	142981a6120a2406
sge.visui.widget.file.internal.DirsSuggestionPopup	sge.visui.widget.file.internal.DirsSuggestionPopup#listDirExecutor	val	a3a01fc1c78c1f99
sge.visui.widget.file.internal.DirsSuggestionPopup	sge.visui.widget.file.internal.DirsSuggestionPopup#listDirFuture	val	90bd0fcab45eeec3
sge.visui.widget.file.internal.DirsSuggestionPopup	sge.visui.widget.file.internal.DirsSuggestionPopup#pathField	val	bd8763edb4e246b6
sge.visui.widget.file.internal.DirsSuggestionPopup	sge.visui.widget.file.internal.DirsSuggestionPopup#pathFieldKeyTyped(Stage,float)	def	48df66d6a5b8642c
sge.visui.widget.file.internal.DirsSuggestionPopup	sge.visui.widget.file.internal.DirsSuggestionPopup#showRecentDirectories(Stage,Array<FileHandle>,float)	def	b5ea56b17ff4f86a
sge.visui.widget.file.internal.DriveCheckerService	roots	val	8e2cc3328965c895
sge.visui.widget.file.internal.DriveCheckerService	sge.visui.widget.file.internal.DriveCheckerService	class	9a9b1cb9c6abba45
sge.visui.widget.file.internal.DriveCheckerService	sge.visui.widget.file.internal.DriveCheckerService#<stmt1>	stmt	d65674ef72663055
sge.visui.widget.file.internal.DriveCheckerService	sge.visui.widget.file.internal.DriveCheckerService#<stmt2>	stmt	b1651e223bcb6a88
sge.visui.widget.file.internal.DriveCheckerService	sge.visui.widget.file.internal.DriveCheckerService#addListener(File,RootMode,DriveCheckerListener)	def	8f0d8af68dcc9068
sge.visui.widget.file.internal.DriveCheckerService	sge.visui.widget.file.internal.DriveCheckerService#addListener(File,RootMode,DriveCheckerListener,Array<File>,Map<File,ListenerSet>)	def	c8489e2df8a6f94f
sge.visui.widget.file.internal.DriveCheckerService	sge.visui.widget.file.internal.DriveCheckerService#getInstance(Sge)	def	6fb4a1e802ae910e
sge.visui.widget.file.internal.DriveCheckerService	sge.visui.widget.file.internal.DriveCheckerService#instance	val	3a973cb26086e435
sge.visui.widget.file.internal.DriveCheckerService	sge.visui.widget.file.internal.DriveCheckerService#pool	val	675f3eb1ac6d1346
sge.visui.widget.file.internal.DriveCheckerService	sge.visui.widget.file.internal.DriveCheckerService#processResults(File,boolean,boolean)	def	9225726a671be012
sge.visui.widget.file.internal.DriveCheckerService	sge.visui.widget.file.internal.DriveCheckerService#processRoot(File)	def	8c6b62de49be826e
sge.visui.widget.file.internal.DriveCheckerService	sge.visui.widget.file.internal.DriveCheckerService#readableListeners	val	de114b31c52f21ef
sge.visui.widget.file.internal.DriveCheckerService	sge.visui.widget.file.internal.DriveCheckerService#readableRoots	val	bfb5c5a3fbe0680d
sge.visui.widget.file.internal.DriveCheckerService	sge.visui.widget.file.internal.DriveCheckerService#writableListeners	val	699b43684fed617c
sge.visui.widget.file.internal.DriveCheckerService	sge.visui.widget.file.internal.DriveCheckerService#writableRoots	val	914d4638567fafb5
sge.visui.widget.file.internal.DriveCheckerService	sge.visui.widget.file.internal.DriveCheckerService$DriveCheckerListener	class	fa495a839043c6b3
sge.visui.widget.file.internal.DriveCheckerService	sge.visui.widget.file.internal.DriveCheckerService$DriveCheckerListener#rootMode(File,RootMode)	def	c3fce26323463b78
sge.visui.widget.file.internal.DriveCheckerService	sge.visui.widget.file.internal.DriveCheckerService$ListenerSet	class	5813905e8dd4ee58
sge.visui.widget.file.internal.DriveCheckerService	sge.visui.widget.file.internal.DriveCheckerService$ListenerSet#add(DriveCheckerListener)	def	7fac409adb0916cd
sge.visui.widget.file.internal.DriveCheckerService	sge.visui.widget.file.internal.DriveCheckerService$ListenerSet#list	val	c037ecbe69f824a4
sge.visui.widget.file.internal.DriveCheckerService	sge.visui.widget.file.internal.DriveCheckerService$ListenerSet#notifyListeners(File,RootMode)	def	e6dca9676f0933e9
sge.visui.widget.file.internal.DriveCheckerService	sge.visui.widget.file.internal.DriveCheckerService$RootMode	class	032a276815405c89
sge.visui.widget.file.internal.FileChooserText	sge.visui.widget.file.internal.FileChooserText	class	45ad2fe1161dc4ad
sge.visui.widget.file.internal.FileChooserText	sge.visui.widget.file.internal.FileChooserText#format()	def	1fc9d399e0025120
sge.visui.widget.file.internal.FileChooserText	sge.visui.widget.file.internal.FileChooserText#format(Array<Object>)	def	16b021c410b81ea5
sge.visui.widget.file.internal.FileChooserText	sge.visui.widget.file.internal.FileChooserText#get()	def	509082fb0ea06c43
sge.visui.widget.file.internal.FileChooserText	sge.visui.widget.file.internal.FileChooserText#getBundle()	def	8c22d5639bba8bf7
sge.visui.widget.file.internal.FileChooserText	sge.visui.widget.file.internal.FileChooserText#getName()	def	b81ba2456945b4e3
sge.visui.widget.file.internal.FileChooserText	sge.visui.widget.file.internal.FileChooserText#toString()	def	e63072b2745ef875
sge.visui.widget.file.internal.FileChooserWinService	roots	val	859a90e0e7eeb8e9
sge.visui.widget.file.internal.FileChooserWinService	sge.visui.widget.file.internal.FileChooserWinService	class	c2cd0affd915c6bd
sge.visui.widget.file.internal.FileChooserWinService	sge.visui.widget.file.internal.FileChooserWinService#<stmt1>	stmt	00a172b491011733
sge.visui.widget.file.internal.FileChooserWinService	sge.visui.widget.file.internal.FileChooserWinService#<stmt2>	stmt	96a37ce20a089b2d
sge.visui.widget.file.internal.FileChooserWinService	sge.visui.widget.file.internal.FileChooserWinService#<stmt3>	stmt	b1651e223bcb6a88
sge.visui.widget.file.internal.FileChooserWinService	sge.visui.widget.file.internal.FileChooserWinService#addListener(File,RootNameListener)	def	db90b693fdd891f6
sge.visui.widget.file.internal.FileChooserWinService	sge.visui.widget.file.internal.FileChooserWinService#getInstance(Sge)	def	526c01a349faa3d2
sge.visui.widget.file.internal.FileChooserWinService	sge.visui.widget.file.internal.FileChooserWinService#getShellFolderDisplayNameMethod	val	5ce398e24f754cbe
sge.visui.widget.file.internal.FileChooserWinService	sge.visui.widget.file.internal.FileChooserWinService#getShellFolderMethod	val	cbd8c7e740bbf66a
sge.visui.widget.file.internal.FileChooserWinService	sge.visui.widget.file.internal.FileChooserWinService#getSystemDisplayName(File)	def	0b8d2ef936a280cc
sge.visui.widget.file.internal.FileChooserWinService	sge.visui.widget.file.internal.FileChooserWinService#instance	val	02266fa8cdf8dee3
sge.visui.widget.file.internal.FileChooserWinService	sge.visui.widget.file.internal.FileChooserWinService#listeners	val	06753193a39ffb50
sge.visui.widget.file.internal.FileChooserWinService	sge.visui.widget.file.internal.FileChooserWinService#nameCache	val	3eb94825bfb14e1c
sge.visui.widget.file.internal.FileChooserWinService	sge.visui.widget.file.internal.FileChooserWinService#pool	val	675f3eb1ac6d1346
sge.visui.widget.file.internal.FileChooserWinService	sge.visui.widget.file.internal.FileChooserWinService#processResult(File,String)	def	62158748294bafcb
sge.visui.widget.file.internal.FileChooserWinService	sge.visui.widget.file.internal.FileChooserWinService#processRoot(File)	def	7f0bd6d454fb930b
sge.visui.widget.file.internal.FileChooserWinService	sge.visui.widget.file.internal.FileChooserWinService#shellFolderSupported	val	8aeba045fdb49ec5
sge.visui.widget.file.internal.FileChooserWinService	sge.visui.widget.file.internal.FileChooserWinService$ListenerSet	class	edf43c531ac4218a
sge.visui.widget.file.internal.FileChooserWinService	sge.visui.widget.file.internal.FileChooserWinService$ListenerSet#add(RootNameListener)	def	9392241b711888f4
sge.visui.widget.file.internal.FileChooserWinService	sge.visui.widget.file.internal.FileChooserWinService$ListenerSet#list	val	14684641f033316c
sge.visui.widget.file.internal.FileChooserWinService	sge.visui.widget.file.internal.FileChooserWinService$ListenerSet#notifyListeners(String)	def	2a33fd71cd5a5c91
sge.visui.widget.file.internal.FileChooserWinService	sge.visui.widget.file.internal.FileChooserWinService$RootNameListener	class	5cc65e94333a1d7b
sge.visui.widget.file.internal.FileChooserWinService	sge.visui.widget.file.internal.FileChooserWinService$RootNameListener#setRootName(String)	def	c51bba6a6337d206
sge.visui.widget.file.internal.FileHandleMetadata	sge.visui.widget.file.internal.FileHandleMetadata	class	98a8f185822c3c7b
sge.visui.widget.file.internal.FileHandleMetadata	sge.visui.widget.file.internal.FileHandleMetadata#<stmt1>	stmt	de61d0422b7899fb
sge.visui.widget.file.internal.FileHandleMetadata	sge.visui.widget.file.internal.FileHandleMetadata#<stmt2>	stmt	15332933782b1bb6
sge.visui.widget.file.internal.FileHandleMetadata	sge.visui.widget.file.internal.FileHandleMetadata#<stmt3>	stmt	39794b8ace267d04
sge.visui.widget.file.internal.FileHandleMetadata	sge.visui.widget.file.internal.FileHandleMetadata#<stmt4>	stmt	b622013ff1d1560a
sge.visui.widget.file.internal.FileHandleMetadata	sge.visui.widget.file.internal.FileHandleMetadata#<stmt5>	stmt	9bb813782bccb2c0
sge.visui.widget.file.internal.FileHandleMetadata	sge.visui.widget.file.internal.FileHandleMetadata#directory	val	3927a464d4445b2b
sge.visui.widget.file.internal.FileHandleMetadata	sge.visui.widget.file.internal.FileHandleMetadata#isDirectory()	def	c3b567b3bbaa5448
sge.visui.widget.file.internal.FileHandleMetadata	sge.visui.widget.file.internal.FileHandleMetadata#lastModified	val	35f99b6260d1f918
sge.visui.widget.file.internal.FileHandleMetadata	sge.visui.widget.file.internal.FileHandleMetadata#lastModified()	def	f26df3608d3ee2d4
sge.visui.widget.file.internal.FileHandleMetadata	sge.visui.widget.file.internal.FileHandleMetadata#length	val	ae2e68d41ab10378
sge.visui.widget.file.internal.FileHandleMetadata	sge.visui.widget.file.internal.FileHandleMetadata#length()	def	973a13e947a4ed4b
sge.visui.widget.file.internal.FileHandleMetadata	sge.visui.widget.file.internal.FileHandleMetadata#name	val	19a929d870c7cbda
sge.visui.widget.file.internal.FileHandleMetadata	sge.visui.widget.file.internal.FileHandleMetadata#name()	def	413b3c3b46a19f34
sge.visui.widget.file.internal.FileHandleMetadata	sge.visui.widget.file.internal.FileHandleMetadata#of(FileHandle)	def	a11b6f304c455704
sge.visui.widget.file.internal.FileHandleMetadata	sge.visui.widget.file.internal.FileHandleMetadata#readableFileSize	val	b17312d5c68c6c14
sge.visui.widget.file.internal.FileHandleMetadata	sge.visui.widget.file.internal.FileHandleMetadata#readableFileSize()	def	f8e60b5f40de5388
sge.visui.widget.file.internal.FileHistoryManager	sge.visui.widget.file.internal.FileHistoryManager	class	27b5892368efc313
sge.visui.widget.file.internal.FileHistoryManager	sge.visui.widget.file.internal.FileHistoryManager#<stmt10>	stmt	ad657813635f76be
sge.visui.widget.file.internal.FileHistoryManager	sge.visui.widget.file.internal.FileHistoryManager#<stmt11>	stmt	c9c1b678f6147f5c
sge.visui.widget.file.internal.FileHistoryManager	sge.visui.widget.file.internal.FileHistoryManager#<stmt12>	stmt	914132cb1e651023
sge.visui.widget.file.internal.FileHistoryManager	sge.visui.widget.file.internal.FileHistoryManager#<stmt1>	stmt	001e021011fdcf2c
sge.visui.widget.file.internal.FileHistoryManager	sge.visui.widget.file.internal.FileHistoryManager#<stmt2>	stmt	f310c6d35d60d203
sge.visui.widget.file.internal.FileHistoryManager	sge.visui.widget.file.internal.FileHistoryManager#<stmt3>	stmt	9568287060f4aa5c
sge.visui.widget.file.internal.FileHistoryManager	sge.visui.widget.file.internal.FileHistoryManager#<stmt4>	stmt	4b5389b1663e5862
sge.visui.widget.file.internal.FileHistoryManager	sge.visui.widget.file.internal.FileHistoryManager#<stmt5>	stmt	a4987241de0e6329
sge.visui.widget.file.internal.FileHistoryManager	sge.visui.widget.file.internal.FileHistoryManager#<stmt6>	stmt	97f069926c04ade9
sge.visui.widget.file.internal.FileHistoryManager	sge.visui.widget.file.internal.FileHistoryManager#<stmt7>	stmt	aedf02f2a6f10ff7
sge.visui.widget.file.internal.FileHistoryManager	sge.visui.widget.file.internal.FileHistoryManager#<stmt8>	stmt	88e836e10b43e12f
sge.visui.widget.file.internal.FileHistoryManager	sge.visui.widget.file.internal.FileHistoryManager#<stmt9>	stmt	58993ffeb456ca78
sge.visui.widget.file.internal.FileHistoryManager	sge.visui.widget.file.internal.FileHistoryManager#backButton	val	c4bbd48e9ad426be
sge.visui.widget.file.internal.FileHistoryManager	sge.visui.widget.file.internal.FileHistoryManager#buttonsTable	val	43317a3f4fe1dfd4
sge.visui.widget.file.internal.FileHistoryManager	sge.visui.widget.file.internal.FileHistoryManager#callback	val	eb606419ba1c84ec
sge.visui.widget.file.internal.FileHistoryManager	sge.visui.widget.file.internal.FileHistoryManager#forwardButton	val	e3a6d2d9a90ac952
sge.visui.widget.file.internal.FileHistoryManager	sge.visui.widget.file.internal.FileHistoryManager#getButtonsTable()	def	54fa89c7942578ea
sge.visui.widget.file.internal.FileHistoryManager	sge.visui.widget.file.internal.FileHistoryManager#getDefaultClickListener()	def	adffe49e04658778
sge.visui.widget.file.internal.FileHistoryManager	sge.visui.widget.file.internal.FileHistoryManager#hasHistoryBack()	def	98a05f6b7aee80f7
sge.visui.widget.file.internal.FileHistoryManager	sge.visui.widget.file.internal.FileHistoryManager#hasHistoryForward()	def	feb606d4f6fd2e1c
sge.visui.widget.file.internal.FileHistoryManager	sge.visui.widget.file.internal.FileHistoryManager#history	val	60811194d2d04cd8
sge.visui.widget.file.internal.FileHistoryManager	sge.visui.widget.file.internal.FileHistoryManager#historyAdd()	def	c13c7b8f4752f3b1
sge.visui.widget.file.internal.FileHistoryManager	sge.visui.widget.file.internal.FileHistoryManager#historyBack()	def	901f10dd41a359db
sge.visui.widget.file.internal.FileHistoryManager	sge.visui.widget.file.internal.FileHistoryManager#historyClear()	def	8158986d50adc314
sge.visui.widget.file.internal.FileHistoryManager	sge.visui.widget.file.internal.FileHistoryManager#historyForward	val	1adf10730016540a
sge.visui.widget.file.internal.FileHistoryManager	sge.visui.widget.file.internal.FileHistoryManager#historyForward()	def	45f36cbd0df85b8e
sge.visui.widget.file.internal.FileHistoryManager	sge.visui.widget.file.internal.FileHistoryManager#setDirectoryFromHistory(FileHandle)	def	bbb1031effe100af
sge.visui.widget.file.internal.FileHistoryManager	sge.visui.widget.file.internal.FileHistoryManager$FileHistoryCallback	class	650a015529792c4c
sge.visui.widget.file.internal.FileHistoryManager	sge.visui.widget.file.internal.FileHistoryManager$FileHistoryCallback#getCurrentDirectory()	def	111842e69845b5a1
sge.visui.widget.file.internal.FileHistoryManager	sge.visui.widget.file.internal.FileHistoryManager$FileHistoryCallback#getStage()	def	e217bf6e893edcc5
sge.visui.widget.file.internal.FileHistoryManager	sge.visui.widget.file.internal.FileHistoryManager$FileHistoryCallback#setDirectory(FileHandle,HistoryPolicy)	def	d02ca64f8163ea34
sge.visui.widget.file.internal.FileListAdapter	sge.visui.widget.file.internal.FileListAdapter	class	b705e5407e553d45
sge.visui.widget.file.internal.FileListAdapter	sge.visui.widget.file.internal.FileListAdapter#<stmt1>	stmt	810d882229068647
sge.visui.widget.file.internal.FileListAdapter	sge.visui.widget.file.internal.FileListAdapter#<stmt2>	stmt	8181a331e83a4087
sge.visui.widget.file.internal.FileListAdapter	sge.visui.widget.file.internal.FileListAdapter#chooser	val	4f998316eb175fc0
sge.visui.widget.file.internal.FileListAdapter	sge.visui.widget.file.internal.FileListAdapter#createView(FileHandle)	def	df1aaed886e3adda
sge.visui.widget.file.internal.FileListAdapter	sge.visui.widget.file.internal.FileListAdapter#fillTable(VisTable)	def	7e7fdd7b2d67e744
sge.visui.widget.file.internal.FileListAdapter	sge.visui.widget.file.internal.FileListAdapter#getOrderedViews()	def	b57882e93fcd6c8e
sge.visui.widget.file.internal.FileListAdapter	sge.visui.widget.file.internal.FileListAdapter#getViews()	def	f0c49fe2015dff17
sge.visui.widget.file.internal.FileListAdapter	sge.visui.widget.file.internal.FileListAdapter#gridGroup	val	a174912e6777fcf2
sge.visui.widget.file.internal.FileListAdapter	sge.visui.widget.file.internal.FileListAdapter#orderedViews	val	9ddb7a8e282da55f
sge.visui.widget.file.internal.FilePopupMenu	sge.visui.widget.file.internal.FilePopupMenu	class	863735f129583255
sge.visui.widget.file.internal.FilePopupMenu	sge.visui.widget.file.internal.FilePopupMenu#<stmt10>	stmt	b12973e4cda4f86e
sge.visui.widget.file.internal.FilePopupMenu	sge.visui.widget.file.internal.FilePopupMenu#<stmt11>	stmt	c395a2dc5e5147f9
sge.visui.widget.file.internal.FilePopupMenu	sge.visui.widget.file.internal.FilePopupMenu#<stmt12>	stmt	35069443b6ce4c88
sge.visui.widget.file.internal.FilePopupMenu	sge.visui.widget.file.internal.FilePopupMenu#<stmt13>	stmt	1886935cff847708
sge.visui.widget.file.internal.FilePopupMenu	sge.visui.widget.file.internal.FilePopupMenu#<stmt14>	stmt	68bce6ed5c59c2d9
sge.visui.widget.file.internal.FilePopupMenu	sge.visui.widget.file.internal.FilePopupMenu#<stmt15>	stmt	4c269a0311c729a4
sge.visui.widget.file.internal.FilePopupMenu	sge.visui.widget.file.internal.FilePopupMenu#<stmt16>	stmt	32b051d3f06badf1
sge.visui.widget.file.internal.FilePopupMenu	sge.visui.widget.file.internal.FilePopupMenu#<stmt1>	stmt	5e3ca95936c98ec9
sge.visui.widget.file.internal.FilePopupMenu	sge.visui.widget.file.internal.FilePopupMenu#<stmt2>	stmt	ff6d3b1af3e2876d
sge.visui.widget.file.internal.FilePopupMenu	sge.visui.widget.file.internal.FilePopupMenu#<stmt3>	stmt	16a1868f7be50312
sge.visui.widget.file.internal.FilePopupMenu	sge.visui.widget.file.internal.FilePopupMenu#<stmt4>	stmt	4cafe21d4b8f0726
sge.visui.widget.file.internal.FilePopupMenu	sge.visui.widget.file.internal.FilePopupMenu#<stmt5>	stmt	087d58f8ae51544a
sge.visui.widget.file.internal.FilePopupMenu	sge.visui.widget.file.internal.FilePopupMenu#<stmt6>	stmt	b1915067c2bc0aeb
sge.visui.widget.file.internal.FilePopupMenu	sge.visui.widget.file.internal.FilePopupMenu#<stmt7>	stmt	ac530a45dfa176a1
sge.visui.widget.file.internal.FilePopupMenu	sge.visui.widget.file.internal.FilePopupMenu#<stmt8>	stmt	0ef10cf2c43ef3e3
sge.visui.widget.file.internal.FilePopupMenu	sge.visui.widget.file.internal.FilePopupMenu#<stmt9>	stmt	763b88412fb9ca70
sge.visui.widget.file.internal.FilePopupMenu	sge.visui.widget.file.internal.FilePopupMenu#addToFavorites	val	28d754b27755856d
sge.visui.widget.file.internal.FilePopupMenu	sge.visui.widget.file.internal.FilePopupMenu#build()	def	50b867395ed0f287
sge.visui.widget.file.internal.FilePopupMenu	sge.visui.widget.file.internal.FilePopupMenu#build(Array<FileHandle>,FileHandle)	def	08ce00212a296a77
sge.visui.widget.file.internal.FilePopupMenu	sge.visui.widget.file.internal.FilePopupMenu#buildForFavorite(Array<FileHandle>,File)	def	bfd48bd4014577bd
sge.visui.widget.file.internal.FilePopupMenu	sge.visui.widget.file.internal.FilePopupMenu#delete	val	f8d064ed1ed71500
sge.visui.widget.file.internal.FilePopupMenu	sge.visui.widget.file.internal.FilePopupMenu#file	val	1588831583b428b4
sge.visui.widget.file.internal.FilePopupMenu	sge.visui.widget.file.internal.FilePopupMenu#fileDeleterChanged(boolean)	def	2656105aaa3a7397
sge.visui.widget.file.internal.FilePopupMenu	sge.visui.widget.file.internal.FilePopupMenu#isAddedToStage()	def	305a2086ee90523d
sge.visui.widget.file.internal.FilePopupMenu	sge.visui.widget.file.internal.FilePopupMenu#newDirectory	val	0c2198498e10d81a
sge.visui.widget.file.internal.FilePopupMenu	sge.visui.widget.file.internal.FilePopupMenu#refresh	val	06c3e32a8e081d4c
sge.visui.widget.file.internal.FilePopupMenu	sge.visui.widget.file.internal.FilePopupMenu#removeFromFavorites	val	6ed00b52d2a18b00
sge.visui.widget.file.internal.FilePopupMenu	sge.visui.widget.file.internal.FilePopupMenu#showInExplorer	val	c3f2b24e819360ec
sge.visui.widget.file.internal.FilePopupMenu	sge.visui.widget.file.internal.FilePopupMenu#sortBy	val	884fb302878f3646
sge.visui.widget.file.internal.FilePopupMenu	sge.visui.widget.file.internal.FilePopupMenu#sortingPopupMenu	val	f4d71ce4750db119
sge.visui.widget.file.internal.FilePopupMenu	sge.visui.widget.file.internal.FilePopupMenu#style	val	bcf7afab10f6624c
sge.visui.widget.file.internal.FilePopupMenu	sge.visui.widget.file.internal.FilePopupMenu$FilePopupMenuCallback	class	9fa7e0a2b382f78c
sge.visui.widget.file.internal.FilePopupMenu	sge.visui.widget.file.internal.FilePopupMenu$FilePopupMenuCallback#showFileDelDialog(FileHandle)	def	3d4d8e5791fd23b1
sge.visui.widget.file.internal.FilePopupMenu	sge.visui.widget.file.internal.FilePopupMenu$FilePopupMenuCallback#showNewDirDialog()	def	1a39f87277c3f9b3
sge.visui.widget.file.internal.FileSuggestionPopup	sge.visui.widget.file.internal.FileSuggestionPopup	class	83b861855b7d6178
sge.visui.widget.file.internal.FileSuggestionPopup	sge.visui.widget.file.internal.FileSuggestionPopup#createSuggestions(Array<FileHandle>,VisTextField)	def	b29b23a4515ccede
sge.visui.widget.file.internal.FileSuggestionPopup	sge.visui.widget.file.internal.FileSuggestionPopup#getTrimmedName(String)	def	25bda22a68cfb038
sge.visui.widget.file.internal.FileSuggestionPopup	sge.visui.widget.file.internal.FileSuggestionPopup#pathFieldKeyTyped(Stage,Array<FileHandle>,VisTextField)	def	45f1861c3a1dc346
sge.visui.widget.file.internal.IconStack	sge.visui.widget.file.internal.IconStack	class	9fe3bf88505f3fd7
sge.visui.widget.file.internal.IconStack	sge.visui.widget.file.internal.IconStack#<stmt1>	stmt	9ffb48d06b64ae44
sge.visui.widget.file.internal.IconStack	sge.visui.widget.file.internal.IconStack#<stmt2>	stmt	29b0723f1308eb2e
sge.visui.widget.file.internal.IconStack	sge.visui.widget.file.internal.IconStack#<stmt3>	stmt	2b32faf88ab509ea
sge.visui.widget.file.internal.IconStack	sge.visui.widget.file.internal.IconStack#<stmt4>	stmt	38fceb2beb86ad1d
sge.visui.widget.file.internal.IconStack	sge.visui.widget.file.internal.IconStack#<stmt5>	stmt	75c8e8ff4053555d
sge.visui.widget.file.internal.IconStack	sge.visui.widget.file.internal.IconStack#<stmt6>	stmt	fc7aa122a0c09fdf
sge.visui.widget.file.internal.IconStack	sge.visui.widget.file.internal.IconStack#add(Actor)	def	76c8667035c96ba0
sge.visui.widget.file.internal.IconStack	sge.visui.widget.file.internal.IconStack#checkBox	val	71817f2c669d1d9e
sge.visui.widget.file.internal.IconStack	sge.visui.widget.file.internal.IconStack#computeSize()	def	e94a31780268a4ba
sge.visui.widget.file.internal.IconStack	sge.visui.widget.file.internal.IconStack#getMaxHeight()	def	a890e429902252fa
sge.visui.widget.file.internal.IconStack	sge.visui.widget.file.internal.IconStack#getMaxWidth()	def	5dd187f791f25a4d
sge.visui.widget.file.internal.IconStack	sge.visui.widget.file.internal.IconStack#getMinHeight()	def	bd5cc747d1f6e99c
sge.visui.widget.file.internal.IconStack	sge.visui.widget.file.internal.IconStack#getMinWidth()	def	eee45efc8a1ee9e7
sge.visui.widget.file.internal.IconStack	sge.visui.widget.file.internal.IconStack#getPrefHeight()	def	67a037757ae2b85a
sge.visui.widget.file.internal.IconStack	sge.visui.widget.file.internal.IconStack#getPrefWidth()	def	bd4b05cda6986b97
sge.visui.widget.file.internal.IconStack	sge.visui.widget.file.internal.IconStack#icon	val	d57eee0041f168df
sge.visui.widget.file.internal.IconStack	sge.visui.widget.file.internal.IconStack#invalidate()	def	1aec628741a0bf77
sge.visui.widget.file.internal.IconStack	sge.visui.widget.file.internal.IconStack#layout()	def	ebd7459b3cd009bd
sge.visui.widget.file.internal.IconStack	sge.visui.widget.file.internal.IconStack#maxHeight	val	25d195794581c97a
sge.visui.widget.file.internal.IconStack	sge.visui.widget.file.internal.IconStack#maxWidth	val	33b062ab2bebc72e
sge.visui.widget.file.internal.IconStack	sge.visui.widget.file.internal.IconStack#minHeight	val	c946dcb1d0bb6c8f
sge.visui.widget.file.internal.IconStack	sge.visui.widget.file.internal.IconStack#minWidth	val	39019c2b8d86ee55
sge.visui.widget.file.internal.IconStack	sge.visui.widget.file.internal.IconStack#prefHeight	val	24a59deb68a83c20
sge.visui.widget.file.internal.IconStack	sge.visui.widget.file.internal.IconStack#prefWidth	val	462a0aaefcd4ab97
sge.visui.widget.file.internal.IconStack	sge.visui.widget.file.internal.IconStack#sizeInvalid	val	55eb84a402d1dab5
sge.visui.widget.file.internal.PreferencesIO	sge.visui.widget.file.internal.PreferencesIO	class	ecbb14d12aded00e
sge.visui.widget.file.internal.PreferencesIO	sge.visui.widget.file.internal.PreferencesIO#<init>(Sge)	ctor	0e1cad646d89ebf4
sge.visui.widget.file.internal.PreferencesIO	sge.visui.widget.file.internal.PreferencesIO#<stmt1>	stmt	335c327cd7866484
sge.visui.widget.file.internal.PreferencesIO	sge.visui.widget.file.internal.PreferencesIO#<stmt2>	stmt	6aefce32ca308885
sge.visui.widget.file.internal.PreferencesIO	sge.visui.widget.file.internal.PreferencesIO#VIS_DEFAULT_PREFS_NAME	val	8be61862a43cc4c5
sge.visui.widget.file.internal.PreferencesIO	sge.visui.widget.file.internal.PreferencesIO#checkIfUsingDefaultName()	def	03cdbb6df07e9903
sge.visui.widget.file.internal.PreferencesIO	sge.visui.widget.file.internal.PreferencesIO#defaultPrefsName	val	b7c7106fc3053d00
sge.visui.widget.file.internal.PreferencesIO	sge.visui.widget.file.internal.PreferencesIO#favoritesKeyName	val	6e4dbf0d0ee720fc
sge.visui.widget.file.internal.PreferencesIO	sge.visui.widget.file.internal.PreferencesIO#json	val	d38bf63c57fdb851
sge.visui.widget.file.internal.PreferencesIO	sge.visui.widget.file.internal.PreferencesIO#lastDirKeyName	val	6c4e750990c573a5
sge.visui.widget.file.internal.PreferencesIO	sge.visui.widget.file.internal.PreferencesIO#loadFavorites()	def	5c28a8fd0f0e1fa9
sge.visui.widget.file.internal.PreferencesIO	sge.visui.widget.file.internal.PreferencesIO#loadLastDirectory()	def	a01fd8a649fa1ba9
sge.visui.widget.file.internal.PreferencesIO	sge.visui.widget.file.internal.PreferencesIO#loadRecentDirectories()	def	bbace48bb6de0fc4
sge.visui.widget.file.internal.PreferencesIO	sge.visui.widget.file.internal.PreferencesIO#prefs	val	4c5134fa3762dc17
sge.visui.widget.file.internal.PreferencesIO	sge.visui.widget.file.internal.PreferencesIO#recentDirKeyName	val	a3a19d75bc6bc035
sge.visui.widget.file.internal.PreferencesIO	sge.visui.widget.file.internal.PreferencesIO#saveFavorites(Array<FileHandle>)	def	4e9bbb28fd5fd1b2
sge.visui.widget.file.internal.PreferencesIO	sge.visui.widget.file.internal.PreferencesIO#saveLastDirectory(FileHandle)	def	ca812c21b6f99275
sge.visui.widget.file.internal.PreferencesIO	sge.visui.widget.file.internal.PreferencesIO#saveRecentDirectories(Array<FileHandle>)	def	c0351ef97d035f00
sge.visui.widget.file.internal.PreferencesIO	sge.visui.widget.file.internal.PreferencesIO#setDefaultPrefsName(String)	def	85dab0b1fc869d72
sge.visui.widget.file.internal.PreferencesIO	sge.visui.widget.file.internal.PreferencesIO$FileArrayData	class	75bfb6682942c2f6
sge.visui.widget.file.internal.PreferencesIO	sge.visui.widget.file.internal.PreferencesIO$FileArrayData#<init>(Array<FileHandle>,Sge)	ctor	053621bcd04331eb
sge.visui.widget.file.internal.PreferencesIO	sge.visui.widget.file.internal.PreferencesIO$FileArrayData#<init>(Sge)	ctor	706cbc2b342efc81
sge.visui.widget.file.internal.PreferencesIO	sge.visui.widget.file.internal.PreferencesIO$FileArrayData#data	val	b855361450c6d421
sge.visui.widget.file.internal.PreferencesIO	sge.visui.widget.file.internal.PreferencesIO$FileArrayData#toFileHandleArray()	def	57946ac32410fecd
sge.visui.widget.file.internal.PreferencesIO	sge.visui.widget.file.internal.PreferencesIO$FileHandleData	class	f0c93c78602d22af
sge.visui.widget.file.internal.PreferencesIO	sge.visui.widget.file.internal.PreferencesIO$FileHandleData#<init>(FileHandle,Sge)	ctor	4d309207d6027b0d
sge.visui.widget.file.internal.PreferencesIO	sge.visui.widget.file.internal.PreferencesIO$FileHandleData#<init>(Sge)	ctor	7a4ca5110fe314fb
sge.visui.widget.file.internal.PreferencesIO	sge.visui.widget.file.internal.PreferencesIO$FileHandleData#path	val	91633d1b749f4f69
sge.visui.widget.file.internal.PreferencesIO	sge.visui.widget.file.internal.PreferencesIO$FileHandleData#toFileHandle()	def	09516c014f6d8cd6
sge.visui.widget.file.internal.PreferencesIO	sge.visui.widget.file.internal.PreferencesIO$FileHandleData#type	val	a0a0686dba7ef187
sge.visui.widget.file.internal.ServiceThreadFactory	sge.visui.widget.file.internal.ServiceThreadFactory	class	537b97b2920f20ae
sge.visui.widget.file.internal.ServiceThreadFactory	sge.visui.widget.file.internal.ServiceThreadFactory#<stmt1>	stmt	a6cb208d3b586412
sge.visui.widget.file.internal.ServiceThreadFactory	sge.visui.widget.file.internal.ServiceThreadFactory#count	val	d330a9569cde1b19
sge.visui.widget.file.internal.ServiceThreadFactory	sge.visui.widget.file.internal.ServiceThreadFactory#newThread(Runnable)	def	8cd7c5bd7cf363dc
sge.visui.widget.file.internal.ServiceThreadFactory	sge.visui.widget.file.internal.ServiceThreadFactory#threadPrefix	val	abff9e50a0792d74
sge.visui.widget.file.internal.SortingPopupMenu	sge.visui.widget.file.internal.SortingPopupMenu	class	72843a671d26e53e
sge.visui.widget.file.internal.SortingPopupMenu	sge.visui.widget.file.internal.SortingPopupMenu#<stmt10>	stmt	c9b6bc5f475731e5
sge.visui.widget.file.internal.SortingPopupMenu	sge.visui.widget.file.internal.SortingPopupMenu#<stmt11>	stmt	577ce20300d88ca0
sge.visui.widget.file.internal.SortingPopupMenu	sge.visui.widget.file.internal.SortingPopupMenu#<stmt12>	stmt	850dbf1c18dd0b44
sge.visui.widget.file.internal.SortingPopupMenu	sge.visui.widget.file.internal.SortingPopupMenu#<stmt13>	stmt	8b9ea036cafc8011
sge.visui.widget.file.internal.SortingPopupMenu	sge.visui.widget.file.internal.SortingPopupMenu#<stmt14>	stmt	1c8bb1c14820a894
sge.visui.widget.file.internal.SortingPopupMenu	sge.visui.widget.file.internal.SortingPopupMenu#<stmt15>	stmt	ab64b8526743024f
sge.visui.widget.file.internal.SortingPopupMenu	sge.visui.widget.file.internal.SortingPopupMenu#<stmt16>	stmt	a6f7136cf7c704a6
sge.visui.widget.file.internal.SortingPopupMenu	sge.visui.widget.file.internal.SortingPopupMenu#<stmt17>	stmt	fafea78599b2c7e6
sge.visui.widget.file.internal.SortingPopupMenu	sge.visui.widget.file.internal.SortingPopupMenu#<stmt18>	stmt	7193e47d3d3c22e2
sge.visui.widget.file.internal.SortingPopupMenu	sge.visui.widget.file.internal.SortingPopupMenu#<stmt1>	stmt	66f690a5ea8a5214
sge.visui.widget.file.internal.SortingPopupMenu	sge.visui.widget.file.internal.SortingPopupMenu#<stmt2>	stmt	810d882229068647
sge.visui.widget.file.internal.SortingPopupMenu	sge.visui.widget.file.internal.SortingPopupMenu#<stmt3>	stmt	92013b756b3ec7eb
sge.visui.widget.file.internal.SortingPopupMenu	sge.visui.widget.file.internal.SortingPopupMenu#<stmt4>	stmt	ccbbe37a0fb47fe0
sge.visui.widget.file.internal.SortingPopupMenu	sge.visui.widget.file.internal.SortingPopupMenu#<stmt5>	stmt	c024688d2dc689b9
sge.visui.widget.file.internal.SortingPopupMenu	sge.visui.widget.file.internal.SortingPopupMenu#<stmt6>	stmt	f66ad5c39711cb87
sge.visui.widget.file.internal.SortingPopupMenu	sge.visui.widget.file.internal.SortingPopupMenu#<stmt7>	stmt	4b55f34677e0c5b0
sge.visui.widget.file.internal.SortingPopupMenu	sge.visui.widget.file.internal.SortingPopupMenu#<stmt8>	stmt	ca3910ea6ce71250
sge.visui.widget.file.internal.SortingPopupMenu	sge.visui.widget.file.internal.SortingPopupMenu#<stmt9>	stmt	d8068bf23fdc905a
sge.visui.widget.file.internal.SortingPopupMenu	sge.visui.widget.file.internal.SortingPopupMenu#build()	def	82deafca90bf9474
sge.visui.widget.file.internal.SortingPopupMenu	sge.visui.widget.file.internal.SortingPopupMenu#chooser	val	4f998316eb175fc0
sge.visui.widget.file.internal.SortingPopupMenu	sge.visui.widget.file.internal.SortingPopupMenu#selectedMenuItem	val	96607ddbc5512433
sge.visui.widget.file.internal.SortingPopupMenu	sge.visui.widget.file.internal.SortingPopupMenu#sortByAscending	val	022e772fb0c0c783
sge.visui.widget.file.internal.SortingPopupMenu	sge.visui.widget.file.internal.SortingPopupMenu#sortByAscendingImage	val	57e45b61f618e0f1
sge.visui.widget.file.internal.SortingPopupMenu	sge.visui.widget.file.internal.SortingPopupMenu#sortByDate	val	64d919d5d8c4cd9a
sge.visui.widget.file.internal.SortingPopupMenu	sge.visui.widget.file.internal.SortingPopupMenu#sortByDateImage	val	dcf4eeeddbe4905e
sge.visui.widget.file.internal.SortingPopupMenu	sge.visui.widget.file.internal.SortingPopupMenu#sortByDescending	val	f4974379fe2fea10
sge.visui.widget.file.internal.SortingPopupMenu	sge.visui.widget.file.internal.SortingPopupMenu#sortByDescendingImage	val	3acb98e36a5d3594
sge.visui.widget.file.internal.SortingPopupMenu	sge.visui.widget.file.internal.SortingPopupMenu#sortByName	val	b8138f71d17336a8
sge.visui.widget.file.internal.SortingPopupMenu	sge.visui.widget.file.internal.SortingPopupMenu#sortByNameImage	val	c7f7bec0b276ec4e
sge.visui.widget.file.internal.SortingPopupMenu	sge.visui.widget.file.internal.SortingPopupMenu#sortBySize	val	f2d8617d3be59c30
sge.visui.widget.file.internal.SortingPopupMenu	sge.visui.widget.file.internal.SortingPopupMenu#sortBySizeImage	val	44654f5d3ebb991f
sge.visui.widget.internal.SplitPaneCursorManager	sge.visui.widget.internal.SplitPaneCursorManager	class	7736a6abfca12dd7
sge.visui.widget.internal.SplitPaneCursorManager	sge.visui.widget.internal.SplitPaneCursorManager#<stmt1>	stmt	bf3fc443a808b2b5
sge.visui.widget.internal.SplitPaneCursorManager	sge.visui.widget.internal.SplitPaneCursorManager#<stmt2>	stmt	b9293bb40e7c975a
sge.visui.widget.internal.SplitPaneCursorManager	sge.visui.widget.internal.SplitPaneCursorManager#clearCustomCursor()	def	84f873059b7f31e2
sge.visui.widget.internal.SplitPaneCursorManager	sge.visui.widget.internal.SplitPaneCursorManager#contains(float,float)	def	f47e0ca4650973ab
sge.visui.widget.internal.SplitPaneCursorManager	sge.visui.widget.internal.SplitPaneCursorManager#currentCursor	val	93374bb19893d23e
sge.visui.widget.internal.SplitPaneCursorManager	sge.visui.widget.internal.SplitPaneCursorManager#exit(InputEvent,float,float,int,Actor)	def	a84ebbd7deed7e5c
sge.visui.widget.internal.SplitPaneCursorManager	sge.visui.widget.internal.SplitPaneCursorManager#handleBoundsContains(float,float)	def	014674f0cb66aca3
sge.visui.widget.internal.SplitPaneCursorManager	sge.visui.widget.internal.SplitPaneCursorManager#mouseMoved(InputEvent,float,float)	def	b5c175aff60facc0
sge.visui.widget.internal.SplitPaneCursorManager	sge.visui.widget.internal.SplitPaneCursorManager#owner	val	d35e7f94726d3689
sge.visui.widget.internal.SplitPaneCursorManager	sge.visui.widget.internal.SplitPaneCursorManager#setCustomCursor()	def	8d2923d8e183ff43
sge.visui.widget.internal.SplitPaneCursorManager	sge.visui.widget.internal.SplitPaneCursorManager#touchDown(InputEvent,float,float,int,int)	def	c5b322b9eed81352
sge.visui.widget.internal.SplitPaneCursorManager	sge.visui.widget.internal.SplitPaneCursorManager#touchDragged(InputEvent,float,float,int)	def	2397064e9fc09fa7
sge.visui.widget.internal.SplitPaneCursorManager	sge.visui.widget.internal.SplitPaneCursorManager#vertical	val	135c5494fed4c863
sge.visui.widget.spinner.AbstractSpinnerModel	sge.visui.widget.spinner.AbstractSpinnerModel	class	18c771632f8b32c9
sge.visui.widget.spinner.AbstractSpinnerModel	sge.visui.widget.spinner.AbstractSpinnerModel#<stmt1>	stmt	f85fbdd713f30193
sge.visui.widget.spinner.AbstractSpinnerModel	sge.visui.widget.spinner.AbstractSpinnerModel#allowRebind	val	a69c34a9902eed52
sge.visui.widget.spinner.AbstractSpinnerModel	sge.visui.widget.spinner.AbstractSpinnerModel#bind(Spinner)	def	46387beaa03381d6
sge.visui.widget.spinner.AbstractSpinnerModel	sge.visui.widget.spinner.AbstractSpinnerModel#decrement()	def	5bc7cb77e4b513cd
sge.visui.widget.spinner.AbstractSpinnerModel	sge.visui.widget.spinner.AbstractSpinnerModel#decrement(boolean)	def	4f0d9f471206e55d
sge.visui.widget.spinner.AbstractSpinnerModel	sge.visui.widget.spinner.AbstractSpinnerModel#decrementModel()	def	ff63fbde34aa85b1
sge.visui.widget.spinner.AbstractSpinnerModel	sge.visui.widget.spinner.AbstractSpinnerModel#increment()	def	64b45494e29127c5
sge.visui.widget.spinner.AbstractSpinnerModel	sge.visui.widget.spinner.AbstractSpinnerModel#increment(boolean)	def	e20e4f5c3d534591
sge.visui.widget.spinner.AbstractSpinnerModel	sge.visui.widget.spinner.AbstractSpinnerModel#incrementModel()	def	92bfef7d800ae606
sge.visui.widget.spinner.AbstractSpinnerModel	sge.visui.widget.spinner.AbstractSpinnerModel#isAllowRebind()	def	650197d325cf3ade
sge.visui.widget.spinner.AbstractSpinnerModel	sge.visui.widget.spinner.AbstractSpinnerModel#isWrap()	def	86db9651fd7a1646
sge.visui.widget.spinner.AbstractSpinnerModel	sge.visui.widget.spinner.AbstractSpinnerModel#setAllowRebind(boolean)	def	adcba3968a47b403
sge.visui.widget.spinner.AbstractSpinnerModel	sge.visui.widget.spinner.AbstractSpinnerModel#setWrap(boolean)	def	95d960b18612389d
sge.visui.widget.spinner.AbstractSpinnerModel	sge.visui.widget.spinner.AbstractSpinnerModel#spinner	val	a574b79bd72ed088
sge.visui.widget.spinner.AbstractSpinnerModel	sge.visui.widget.spinner.AbstractSpinnerModel#wrap	val	6bacf5a2defdd85d
sge.visui.widget.spinner.ArraySpinnerModel	sge.visui.widget.spinner.ArraySpinnerModel	class	3d484bdf0f1b2cf6
sge.visui.widget.spinner.ArraySpinnerModel	sge.visui.widget.spinner.ArraySpinnerModel#<init>()	ctor	9d623e04320ff1b7
sge.visui.widget.spinner.ArraySpinnerModel	sge.visui.widget.spinner.ArraySpinnerModel#<init>(Array<T>)	ctor	dc71a269be372be8
sge.visui.widget.spinner.ArraySpinnerModel	sge.visui.widget.spinner.ArraySpinnerModel#bind(Spinner)	def	4944e469ce9bece3
sge.visui.widget.spinner.ArraySpinnerModel	sge.visui.widget.spinner.ArraySpinnerModel#current	val	262729635fb31143
sge.visui.widget.spinner.ArraySpinnerModel	sge.visui.widget.spinner.ArraySpinnerModel#currentIndex	val	a158446521427566
sge.visui.widget.spinner.ArraySpinnerModel	sge.visui.widget.spinner.ArraySpinnerModel#decrementModel()	def	09d332265e81a1d3
sge.visui.widget.spinner.ArraySpinnerModel	sge.visui.widget.spinner.ArraySpinnerModel#getCurrent()	def	824021d9a71a8586
sge.visui.widget.spinner.ArraySpinnerModel	sge.visui.widget.spinner.ArraySpinnerModel#getCurrentIndex()	def	5bc597792af3a205
sge.visui.widget.spinner.ArraySpinnerModel	sge.visui.widget.spinner.ArraySpinnerModel#getItemIndexForText(String)	def	ec26c9745901a50b
sge.visui.widget.spinner.ArraySpinnerModel	sge.visui.widget.spinner.ArraySpinnerModel#getItems()	def	2b81973c45385424
sge.visui.widget.spinner.ArraySpinnerModel	sge.visui.widget.spinner.ArraySpinnerModel#getText()	def	1295e473317cb2ed
sge.visui.widget.spinner.ArraySpinnerModel	sge.visui.widget.spinner.ArraySpinnerModel#incrementModel()	def	9c1ea3c859b12d83
sge.visui.widget.spinner.ArraySpinnerModel	sge.visui.widget.spinner.ArraySpinnerModel#invalidateDataSet()	def	cfd7f9adf13db58f
sge.visui.widget.spinner.ArraySpinnerModel	sge.visui.widget.spinner.ArraySpinnerModel#itemToString(T)	def	393258be7d08ef66
sge.visui.widget.spinner.ArraySpinnerModel	sge.visui.widget.spinner.ArraySpinnerModel#items	val	2dc585516158c97b
sge.visui.widget.spinner.ArraySpinnerModel	sge.visui.widget.spinner.ArraySpinnerModel#setCurrent(T)	def	7e4f8fea9e9cf50a
sge.visui.widget.spinner.ArraySpinnerModel	sge.visui.widget.spinner.ArraySpinnerModel#setCurrent(T,boolean)	def	eadc8b716ea8d91d
sge.visui.widget.spinner.ArraySpinnerModel	sge.visui.widget.spinner.ArraySpinnerModel#setCurrent(int)	def	e932b54033a268a9
sge.visui.widget.spinner.ArraySpinnerModel	sge.visui.widget.spinner.ArraySpinnerModel#setCurrent(int,boolean)	def	8c55639d36033e94
sge.visui.widget.spinner.ArraySpinnerModel	sge.visui.widget.spinner.ArraySpinnerModel#setItems(Array<T>)	def	fcdf9a7b2a491d12
sge.visui.widget.spinner.ArraySpinnerModel	sge.visui.widget.spinner.ArraySpinnerModel#textChanged()	def	79e7ea8b989ac613
sge.visui.widget.spinner.ArraySpinnerModel	sge.visui.widget.spinner.ArraySpinnerModel#updateCurrentItem(int)	def	59dc468eae5f7abf
sge.visui.widget.spinner.FloatSpinnerModel	sge.visui.widget.spinner.FloatSpinnerModel	class	29c35d0e83c3c153
sge.visui.widget.spinner.FloatSpinnerModel	sge.visui.widget.spinner.FloatSpinnerModel#<init>(String,String,String)	ctor	1d5a096686188186
sge.visui.widget.spinner.FloatSpinnerModel	sge.visui.widget.spinner.FloatSpinnerModel#<init>(String,String,String,String)	ctor	1613d9d8a266f5a6
sge.visui.widget.spinner.FloatSpinnerModel	sge.visui.widget.spinner.FloatSpinnerModel#<init>(String,String,String,String,int)	ctor	e38a0424bc183be1
sge.visui.widget.spinner.FloatSpinnerModel	sge.visui.widget.spinner.FloatSpinnerModel#<stmt1>	stmt	9ebfa1c38163a370
sge.visui.widget.spinner.FloatSpinnerModel	sge.visui.widget.spinner.FloatSpinnerModel#<stmt2>	stmt	b59dac09fdc25a13
sge.visui.widget.spinner.FloatSpinnerModel	sge.visui.widget.spinner.FloatSpinnerModel#<stmt3>	stmt	b733366022dcb7a7
sge.visui.widget.spinner.FloatSpinnerModel	sge.visui.widget.spinner.FloatSpinnerModel#<stmt4>	stmt	1989b169163868cf
sge.visui.widget.spinner.FloatSpinnerModel	sge.visui.widget.spinner.FloatSpinnerModel#<stmt5>	stmt	98eb33393b7510c6
sge.visui.widget.spinner.FloatSpinnerModel	sge.visui.widget.spinner.FloatSpinnerModel#<stmt6>	stmt	8c0862810a4a3e0c
sge.visui.widget.spinner.FloatSpinnerModel	sge.visui.widget.spinner.FloatSpinnerModel#<stmt7>	stmt	d9c3b478a510350f
sge.visui.widget.spinner.FloatSpinnerModel	sge.visui.widget.spinner.FloatSpinnerModel#<stmt8>	stmt	3ad66bb1262b767f
sge.visui.widget.spinner.FloatSpinnerModel	sge.visui.widget.spinner.FloatSpinnerModel#bind(Spinner)	def	ee8909a11df44a34
sge.visui.widget.spinner.FloatSpinnerModel	sge.visui.widget.spinner.FloatSpinnerModel#boundsValidator	val	288ba8087f0a4540
sge.visui.widget.spinner.FloatSpinnerModel	sge.visui.widget.spinner.FloatSpinnerModel#checkInputBounds(String)	def	5dd6e54c671f5230
sge.visui.widget.spinner.FloatSpinnerModel	sge.visui.widget.spinner.FloatSpinnerModel#current	val	e70b72714c341182
sge.visui.widget.spinner.FloatSpinnerModel	sge.visui.widget.spinner.FloatSpinnerModel#decrementModel()	def	f55389f752b65b3d
sge.visui.widget.spinner.FloatSpinnerModel	sge.visui.widget.spinner.FloatSpinnerModel#getMax()	def	bb70ec3002423b85
sge.visui.widget.spinner.FloatSpinnerModel	sge.visui.widget.spinner.FloatSpinnerModel#getMin()	def	6be439ca618acf11
sge.visui.widget.spinner.FloatSpinnerModel	sge.visui.widget.spinner.FloatSpinnerModel#getScale()	def	7abaf6ec91f5ff83
sge.visui.widget.spinner.FloatSpinnerModel	sge.visui.widget.spinner.FloatSpinnerModel#getStep()	def	186187dd6bc543e6
sge.visui.widget.spinner.FloatSpinnerModel	sge.visui.widget.spinner.FloatSpinnerModel#getText()	def	db8223cc7ececfa3
sge.visui.widget.spinner.FloatSpinnerModel	sge.visui.widget.spinner.FloatSpinnerModel#getValue()	def	52e84107cf622b83
sge.visui.widget.spinner.FloatSpinnerModel	sge.visui.widget.spinner.FloatSpinnerModel#incrementModel()	def	c1c94b0a47d9aa9b
sge.visui.widget.spinner.FloatSpinnerModel	sge.visui.widget.spinner.FloatSpinnerModel#max	val	e6e746d872fcb6ee
sge.visui.widget.spinner.FloatSpinnerModel	sge.visui.widget.spinner.FloatSpinnerModel#min	val	42a83e333ee0c8df
sge.visui.widget.spinner.FloatSpinnerModel	sge.visui.widget.spinner.FloatSpinnerModel#scale	val	a5b06bba3f475abd
sge.visui.widget.spinner.FloatSpinnerModel	sge.visui.widget.spinner.FloatSpinnerModel#setMax(BigDecimal)	def	cdf1f842693e7610
sge.visui.widget.spinner.FloatSpinnerModel	sge.visui.widget.spinner.FloatSpinnerModel#setMin(BigDecimal)	def	32a9b27d64f12eaf
sge.visui.widget.spinner.FloatSpinnerModel	sge.visui.widget.spinner.FloatSpinnerModel#setScale(int)	def	2493131c79e19faa
sge.visui.widget.spinner.FloatSpinnerModel	sge.visui.widget.spinner.FloatSpinnerModel#setScale(int,boolean)	def	3ce1c4f8686db2fa
sge.visui.widget.spinner.FloatSpinnerModel	sge.visui.widget.spinner.FloatSpinnerModel#setStep(BigDecimal)	def	69f807e002b87873
sge.visui.widget.spinner.FloatSpinnerModel	sge.visui.widget.spinner.FloatSpinnerModel#setValue(BigDecimal)	def	6dc3d9e284e95a4d
sge.visui.widget.spinner.FloatSpinnerModel	sge.visui.widget.spinner.FloatSpinnerModel#setValue(BigDecimal,boolean)	def	655fe5a716e6ca2f
sge.visui.widget.spinner.FloatSpinnerModel	sge.visui.widget.spinner.FloatSpinnerModel#step	val	03725952a69fd53f
sge.visui.widget.spinner.FloatSpinnerModel	sge.visui.widget.spinner.FloatSpinnerModel#textChanged()	def	eaaf4e088f2022ad
sge.visui.widget.spinner.FloatSpinnerModel	sge.visui.widget.spinner.FloatSpinnerModel#textFieldFilter	val	55ad384aa83ac642
sge.visui.widget.spinner.FloatSpinnerModel	sge.visui.widget.spinner.FloatSpinnerModel$BoundsValidator	class	aa8256712f667e99
sge.visui.widget.spinner.FloatSpinnerModel	sge.visui.widget.spinner.FloatSpinnerModel$BoundsValidator#validateInput(String)	def	564f866852950acb
sge.visui.widget.spinner.IntSpinnerModel	sge.visui.widget.spinner.IntSpinnerModel	class	208505abead5420f
sge.visui.widget.spinner.IntSpinnerModel	sge.visui.widget.spinner.IntSpinnerModel#<init>(int,int,int)	ctor	17848ab56d620cf5
sge.visui.widget.spinner.IntSpinnerModel	sge.visui.widget.spinner.IntSpinnerModel#<stmt1>	stmt	a0feffcf86cccc43
sge.visui.widget.spinner.IntSpinnerModel	sge.visui.widget.spinner.IntSpinnerModel#<stmt2>	stmt	9eae5ce685376e92
sge.visui.widget.spinner.IntSpinnerModel	sge.visui.widget.spinner.IntSpinnerModel#<stmt3>	stmt	9ebfa1c38163a370
sge.visui.widget.spinner.IntSpinnerModel	sge.visui.widget.spinner.IntSpinnerModel#<stmt4>	stmt	b59dac09fdc25a13
sge.visui.widget.spinner.IntSpinnerModel	sge.visui.widget.spinner.IntSpinnerModel#<stmt5>	stmt	b733366022dcb7a7
sge.visui.widget.spinner.IntSpinnerModel	sge.visui.widget.spinner.IntSpinnerModel#<stmt6>	stmt	1989b169163868cf
sge.visui.widget.spinner.IntSpinnerModel	sge.visui.widget.spinner.IntSpinnerModel#bind(Spinner)	def	6764a2b23e33c1d1
sge.visui.widget.spinner.IntSpinnerModel	sge.visui.widget.spinner.IntSpinnerModel#boundsValidator	val	4f0078155676934b
sge.visui.widget.spinner.IntSpinnerModel	sge.visui.widget.spinner.IntSpinnerModel#checkInputBounds(String)	def	1ca83ea425a8d907
sge.visui.widget.spinner.IntSpinnerModel	sge.visui.widget.spinner.IntSpinnerModel#current	val	88b418462730c552
sge.visui.widget.spinner.IntSpinnerModel	sge.visui.widget.spinner.IntSpinnerModel#decrementModel()	def	d9c3663744900beb
sge.visui.widget.spinner.IntSpinnerModel	sge.visui.widget.spinner.IntSpinnerModel#getMax()	def	03ebd1f181aca12a
sge.visui.widget.spinner.IntSpinnerModel	sge.visui.widget.spinner.IntSpinnerModel#getMin()	def	22724bc5fe8db88d
sge.visui.widget.spinner.IntSpinnerModel	sge.visui.widget.spinner.IntSpinnerModel#getStep()	def	a99b969be3fd88ff
sge.visui.widget.spinner.IntSpinnerModel	sge.visui.widget.spinner.IntSpinnerModel#getText()	def	09550d0cf658c8be
sge.visui.widget.spinner.IntSpinnerModel	sge.visui.widget.spinner.IntSpinnerModel#getValue()	def	e60d885a5650a59f
sge.visui.widget.spinner.IntSpinnerModel	sge.visui.widget.spinner.IntSpinnerModel#incrementModel()	def	2ded762371c2558d
sge.visui.widget.spinner.IntSpinnerModel	sge.visui.widget.spinner.IntSpinnerModel#max	val	723f902a1b0e56e1
sge.visui.widget.spinner.IntSpinnerModel	sge.visui.widget.spinner.IntSpinnerModel#min	val	fe1f9a8a9e2941c5
sge.visui.widget.spinner.IntSpinnerModel	sge.visui.widget.spinner.IntSpinnerModel#setMax(int)	def	5bf2163b28e8101a
sge.visui.widget.spinner.IntSpinnerModel	sge.visui.widget.spinner.IntSpinnerModel#setMin(int)	def	351907cecfd21c66
sge.visui.widget.spinner.IntSpinnerModel	sge.visui.widget.spinner.IntSpinnerModel#setStep(int)	def	3c3a3177e6c19fdd
sge.visui.widget.spinner.IntSpinnerModel	sge.visui.widget.spinner.IntSpinnerModel#setValue(int)	def	5fe4f2bf5a7417c7
sge.visui.widget.spinner.IntSpinnerModel	sge.visui.widget.spinner.IntSpinnerModel#setValue(int,boolean)	def	8aa0630fce73bb75
sge.visui.widget.spinner.IntSpinnerModel	sge.visui.widget.spinner.IntSpinnerModel#step	val	9011768486211572
sge.visui.widget.spinner.IntSpinnerModel	sge.visui.widget.spinner.IntSpinnerModel#textChanged()	def	c3cc36afe9c98281
sge.visui.widget.spinner.IntSpinnerModel	sge.visui.widget.spinner.IntSpinnerModel#textFieldFilter	val	2fbab20b0121a056
sge.visui.widget.spinner.IntSpinnerModel	sge.visui.widget.spinner.IntSpinnerModel$BoundsValidator	class	c6694809f0e909bf
sge.visui.widget.spinner.IntSpinnerModel	sge.visui.widget.spinner.IntSpinnerModel$BoundsValidator#validateInput(String)	def	5241fcdcfd9bb9d9
sge.visui.widget.spinner.SimpleFloatSpinnerModel	sge.visui.widget.spinner.SimpleFloatSpinnerModel	class	1e03d7760f0c7a87
sge.visui.widget.spinner.SimpleFloatSpinnerModel	sge.visui.widget.spinner.SimpleFloatSpinnerModel#<init>(float,float,float)	ctor	d3b73b37f7639c79
sge.visui.widget.spinner.SimpleFloatSpinnerModel	sge.visui.widget.spinner.SimpleFloatSpinnerModel#<init>(float,float,float,float)	ctor	2dfab80134b56d78
sge.visui.widget.spinner.SimpleFloatSpinnerModel	sge.visui.widget.spinner.SimpleFloatSpinnerModel#<stmt1>	stmt	a0feffcf86cccc43
sge.visui.widget.spinner.SimpleFloatSpinnerModel	sge.visui.widget.spinner.SimpleFloatSpinnerModel#<stmt2>	stmt	9eae5ce685376e92
sge.visui.widget.spinner.SimpleFloatSpinnerModel	sge.visui.widget.spinner.SimpleFloatSpinnerModel#<stmt3>	stmt	ee581d38c7f3a6b5
sge.visui.widget.spinner.SimpleFloatSpinnerModel	sge.visui.widget.spinner.SimpleFloatSpinnerModel#<stmt4>	stmt	9ebfa1c38163a370
sge.visui.widget.spinner.SimpleFloatSpinnerModel	sge.visui.widget.spinner.SimpleFloatSpinnerModel#<stmt5>	stmt	b59dac09fdc25a13
sge.visui.widget.spinner.SimpleFloatSpinnerModel	sge.visui.widget.spinner.SimpleFloatSpinnerModel#<stmt6>	stmt	b733366022dcb7a7
sge.visui.widget.spinner.SimpleFloatSpinnerModel	sge.visui.widget.spinner.SimpleFloatSpinnerModel#<stmt7>	stmt	1989b169163868cf
sge.visui.widget.spinner.SimpleFloatSpinnerModel	sge.visui.widget.spinner.SimpleFloatSpinnerModel#<stmt8>	stmt	8cd91bcc10b8e7fd
sge.visui.widget.spinner.SimpleFloatSpinnerModel	sge.visui.widget.spinner.SimpleFloatSpinnerModel#bind(Spinner)	def	de872eeec79396c9
sge.visui.widget.spinner.SimpleFloatSpinnerModel	sge.visui.widget.spinner.SimpleFloatSpinnerModel#boundsValidator	val	288ba8087f0a4540
sge.visui.widget.spinner.SimpleFloatSpinnerModel	sge.visui.widget.spinner.SimpleFloatSpinnerModel#checkInputBounds(String)	def	865835e646ab15a2
sge.visui.widget.spinner.SimpleFloatSpinnerModel	sge.visui.widget.spinner.SimpleFloatSpinnerModel#current	val	4f1f58b71ba17166
sge.visui.widget.spinner.SimpleFloatSpinnerModel	sge.visui.widget.spinner.SimpleFloatSpinnerModel#decrementModel()	def	d9c3663744900beb
sge.visui.widget.spinner.SimpleFloatSpinnerModel	sge.visui.widget.spinner.SimpleFloatSpinnerModel#getMax()	def	1e666cf2858930f8
sge.visui.widget.spinner.SimpleFloatSpinnerModel	sge.visui.widget.spinner.SimpleFloatSpinnerModel#getMin()	def	dcd5691c153fce54
sge.visui.widget.spinner.SimpleFloatSpinnerModel	sge.visui.widget.spinner.SimpleFloatSpinnerModel#getPrecision()	def	05cd7afca59ebed6
sge.visui.widget.spinner.SimpleFloatSpinnerModel	sge.visui.widget.spinner.SimpleFloatSpinnerModel#getStep()	def	de4ffa681991b668
sge.visui.widget.spinner.SimpleFloatSpinnerModel	sge.visui.widget.spinner.SimpleFloatSpinnerModel#getText()	def	2ee3aa6163572bbc
sge.visui.widget.spinner.SimpleFloatSpinnerModel	sge.visui.widget.spinner.SimpleFloatSpinnerModel#getValue()	def	488ecd5b6f49db65
sge.visui.widget.spinner.SimpleFloatSpinnerModel	sge.visui.widget.spinner.SimpleFloatSpinnerModel#incrementModel()	def	2ded762371c2558d
sge.visui.widget.spinner.SimpleFloatSpinnerModel	sge.visui.widget.spinner.SimpleFloatSpinnerModel#max	val	077bf4cfd268d032
sge.visui.widget.spinner.SimpleFloatSpinnerModel	sge.visui.widget.spinner.SimpleFloatSpinnerModel#min	val	41e0c7ecd0b4b0fa
sge.visui.widget.spinner.SimpleFloatSpinnerModel	sge.visui.widget.spinner.SimpleFloatSpinnerModel#precision	val	8c483e1e81152207
sge.visui.widget.spinner.SimpleFloatSpinnerModel	sge.visui.widget.spinner.SimpleFloatSpinnerModel#setMax(float)	def	27ea76367e761b87
sge.visui.widget.spinner.SimpleFloatSpinnerModel	sge.visui.widget.spinner.SimpleFloatSpinnerModel#setMin(float)	def	370587af9607822d
sge.visui.widget.spinner.SimpleFloatSpinnerModel	sge.visui.widget.spinner.SimpleFloatSpinnerModel#setPrecision(int)	def	6af78c1827e38236
sge.visui.widget.spinner.SimpleFloatSpinnerModel	sge.visui.widget.spinner.SimpleFloatSpinnerModel#setPrecision(int,boolean)	def	9405cdcbf641f87e
sge.visui.widget.spinner.SimpleFloatSpinnerModel	sge.visui.widget.spinner.SimpleFloatSpinnerModel#setStep(float)	def	beb8604f108592a7
sge.visui.widget.spinner.SimpleFloatSpinnerModel	sge.visui.widget.spinner.SimpleFloatSpinnerModel#setValue(float)	def	b19a7fd4bbb4d61c
sge.visui.widget.spinner.SimpleFloatSpinnerModel	sge.visui.widget.spinner.SimpleFloatSpinnerModel#setValue(float,boolean)	def	47dd5f45374cf81a
sge.visui.widget.spinner.SimpleFloatSpinnerModel	sge.visui.widget.spinner.SimpleFloatSpinnerModel#step	val	49c57a0c5d2a0cc0
sge.visui.widget.spinner.SimpleFloatSpinnerModel	sge.visui.widget.spinner.SimpleFloatSpinnerModel#textChanged()	def	d0c3f3462d4035f4
sge.visui.widget.spinner.SimpleFloatSpinnerModel	sge.visui.widget.spinner.SimpleFloatSpinnerModel#textFieldFilter	val	55ad384aa83ac642
sge.visui.widget.spinner.SimpleFloatSpinnerModel	sge.visui.widget.spinner.SimpleFloatSpinnerModel$BoundsValidator	class	6ee6c7d08b3be3c5
sge.visui.widget.spinner.SimpleFloatSpinnerModel	sge.visui.widget.spinner.SimpleFloatSpinnerModel$BoundsValidator#validateInput(String)	def	f7f74dabf6ee5703
sge.visui.widget.spinner.Spinner	buttonsTable	val	36e1656a136c0fd0
sge.visui.widget.spinner.Spinner	sge.visui.widget.spinner.Spinner	class	5631876abe55a3ad
sge.visui.widget.spinner.Spinner	sge.visui.widget.spinner.Spinner#<init>(String,SpinnerModel,Sge)	ctor	7f0ae6b1e93ca998
sge.visui.widget.spinner.Spinner	sge.visui.widget.spinner.Spinner#<init>(String,String,SpinnerModel,Sge)	ctor	e2cc9e945ee91644
sge.visui.widget.spinner.Spinner	sge.visui.widget.spinner.Spinner#<stmt10>	stmt	71d967281bcca853
sge.visui.widget.spinner.Spinner	sge.visui.widget.spinner.Spinner#<stmt11>	stmt	94975f37bdc28375
sge.visui.widget.spinner.Spinner	sge.visui.widget.spinner.Spinner#<stmt12>	stmt	e30398adb5a028fa
sge.visui.widget.spinner.Spinner	sge.visui.widget.spinner.Spinner#<stmt1>	stmt	a2e034e1c3ece77b
sge.visui.widget.spinner.Spinner	sge.visui.widget.spinner.Spinner#<stmt2>	stmt	f51098a6db464658
sge.visui.widget.spinner.Spinner	sge.visui.widget.spinner.Spinner#<stmt3>	stmt	c3a38154ebe6a570
sge.visui.widget.spinner.Spinner	sge.visui.widget.spinner.Spinner#<stmt4>	stmt	b4e39121f93150bd
sge.visui.widget.spinner.Spinner	sge.visui.widget.spinner.Spinner#<stmt5>	stmt	526f7f4436bef05b
sge.visui.widget.spinner.Spinner	sge.visui.widget.spinner.Spinner#<stmt6>	stmt	e58f2781c3fc95d2
sge.visui.widget.spinner.Spinner	sge.visui.widget.spinner.Spinner#<stmt7>	stmt	9f1e5da5e6b76f64
sge.visui.widget.spinner.Spinner	sge.visui.widget.spinner.Spinner#<stmt8>	stmt	9d8bf76754e1f227
sge.visui.widget.spinner.Spinner	sge.visui.widget.spinner.Spinner#<stmt9>	stmt	b1a6b09568d2ad01
sge.visui.widget.spinner.Spinner	sge.visui.widget.spinner.Spinner#addButtonsListeners(VisImageButton,VisImageButton)	def	0c14c52f82008333
sge.visui.widget.spinner.Spinner	sge.visui.widget.spinner.Spinner#addTextFieldListeners(VisTextField)	def	b9ca96fd0bbc3f6b
sge.visui.widget.spinner.Spinner	sge.visui.widget.spinner.Spinner#buttonRepeatTask	val	2722867d382511cf
sge.visui.widget.spinner.Spinner	sge.visui.widget.spinner.Spinner#createTextField()	def	b6d09691e8051336
sge.visui.widget.spinner.Spinner	sge.visui.widget.spinner.Spinner#decrement()	def	fb8c031e3fb6a16d
sge.visui.widget.spinner.Spinner	sge.visui.widget.spinner.Spinner#decrement(boolean)	def	ddc38a52ddf7767c
sge.visui.widget.spinner.Spinner	sge.visui.widget.spinner.Spinner#disabled	val	1df52d1e1fa178e2
sge.visui.widget.spinner.Spinner	sge.visui.widget.spinner.Spinner#disabled()	def	108293b90e8024a5
sge.visui.widget.spinner.Spinner	sge.visui.widget.spinner.Spinner#disabled_=(boolean)	def	9a153487e63c32c2
sge.visui.widget.spinner.Spinner	sge.visui.widget.spinner.Spinner#downButton	val	a35c751930bd59ae
sge.visui.widget.spinner.Spinner	sge.visui.widget.spinner.Spinner#getMaxLength()	def	9e8ae440c57f6109
sge.visui.widget.spinner.Spinner	sge.visui.widget.spinner.Spinner#getModel()	def	fd7b36c5f5a76fbf
sge.visui.widget.spinner.Spinner	sge.visui.widget.spinner.Spinner#getSelectorName()	def	d80cf027889463db
sge.visui.widget.spinner.Spinner	sge.visui.widget.spinner.Spinner#getTextField()	def	5b938498f0c7c033
sge.visui.widget.spinner.Spinner	sge.visui.widget.spinner.Spinner#getTextFieldEventPolicy()	def	e5103720d70c5bb3
sge.visui.widget.spinner.Spinner	sge.visui.widget.spinner.Spinner#increment()	def	82609f4d1a54096c
sge.visui.widget.spinner.Spinner	sge.visui.widget.spinner.Spinner#increment(boolean)	def	58b9637a69c24f73
sge.visui.widget.spinner.Spinner	sge.visui.widget.spinner.Spinner#isProgrammaticChangeEvents()	def	9b91c0cd6df1d293
sge.visui.widget.spinner.Spinner	sge.visui.widget.spinner.Spinner#labelCell	val	bc084c75c6fc20bf
sge.visui.widget.spinner.Spinner	sge.visui.widget.spinner.Spinner#model	val	2405896ab34cb55a
sge.visui.widget.spinner.Spinner	sge.visui.widget.spinner.Spinner#notifyValueChanged(boolean)	def	ef90cfba8d4676c1
sge.visui.widget.spinner.Spinner	sge.visui.widget.spinner.Spinner#programmaticChangeEvents	val	124b5849a1f20122
sge.visui.widget.spinner.Spinner	sge.visui.widget.spinner.Spinner#setMaxLength(int)	def	cc2bea1f8a233186
sge.visui.widget.spinner.Spinner	sge.visui.widget.spinner.Spinner#setModel(SpinnerModel)	def	3abb07308b13f049
sge.visui.widget.spinner.Spinner	sge.visui.widget.spinner.Spinner#setProgrammaticChangeEvents(boolean)	def	9a49c3fbf8aec6c2
sge.visui.widget.spinner.Spinner	sge.visui.widget.spinner.Spinner#setSelectorName(String)	def	f6b3b9cf55178d61
sge.visui.widget.spinner.Spinner	sge.visui.widget.spinner.Spinner#setTextFieldEventPolicy(TextFieldEventPolicy)	def	b1c7943d85e989f7
sge.visui.widget.spinner.Spinner	sge.visui.widget.spinner.Spinner#sizes	val	716ba7cc095036b5
sge.visui.widget.spinner.Spinner	sge.visui.widget.spinner.Spinner#textFieldCell	val	45026274e46f10c8
sge.visui.widget.spinner.Spinner	sge.visui.widget.spinner.Spinner#textFieldEventPolicy	val	aa11858ee95f9c64
sge.visui.widget.spinner.Spinner	sge.visui.widget.spinner.Spinner#upButton	val	8e5d2ca9d11bc930
sge.visui.widget.spinner.Spinner	sge.visui.widget.spinner.Spinner$ButtonInputListener	class	788b757fba52ff43
sge.visui.widget.spinner.Spinner	sge.visui.widget.spinner.Spinner$ButtonInputListener#<stmt1>	stmt	fd30f8e499e8f35e
sge.visui.widget.spinner.Spinner	sge.visui.widget.spinner.Spinner$ButtonInputListener#advance	val	b29af3d1bef0ece0
sge.visui.widget.spinner.Spinner	sge.visui.widget.spinner.Spinner$ButtonInputListener#buttonRepeatInitialTime	val	33a6e6e4515bbb3d
sge.visui.widget.spinner.Spinner	sge.visui.widget.spinner.Spinner$ButtonInputListener#buttonRepeatTime	val	87f0c499233acccf
sge.visui.widget.spinner.Spinner	sge.visui.widget.spinner.Spinner$ButtonInputListener#touchDown(InputEvent,float,float,int,int)	def	dbb79986a696d459
sge.visui.widget.spinner.Spinner	sge.visui.widget.spinner.Spinner$ButtonInputListener#touchUp(InputEvent,float,float,int,int)	def	ae5dc5c8d0674b2b
sge.visui.widget.spinner.Spinner	sge.visui.widget.spinner.Spinner$ButtonRepeatTask	class	a9742b7310a8d611
sge.visui.widget.spinner.Spinner	sge.visui.widget.spinner.Spinner$ButtonRepeatTask#advance	val	997e87cadfb3d74f
sge.visui.widget.spinner.Spinner	sge.visui.widget.spinner.Spinner$ButtonRepeatTask#run()	def	39bb159a7c889be1
sge.visui.widget.spinner.Spinner	sge.visui.widget.spinner.Spinner$SpinnerStyle	class	adc3a4fe769f1945
sge.visui.widget.spinner.Spinner	sge.visui.widget.spinner.Spinner$SpinnerStyle#<init>()	ctor	03140f0d9264321b
sge.visui.widget.spinner.Spinner	sge.visui.widget.spinner.Spinner$SpinnerStyle#<init>(Drawable,Drawable)	ctor	a2ba8405534b2573
sge.visui.widget.spinner.Spinner	sge.visui.widget.spinner.Spinner$SpinnerStyle#<init>(SpinnerStyle)	ctor	43fd8866681554fe
sge.visui.widget.spinner.Spinner	sge.visui.widget.spinner.Spinner$SpinnerStyle#down	val	1b60df8b5b5d3370
sge.visui.widget.spinner.Spinner	sge.visui.widget.spinner.Spinner$SpinnerStyle#up	val	44f55bc0825adf63
sge.visui.widget.spinner.Spinner	sge.visui.widget.spinner.Spinner$TextFieldEventPolicy	class	d8c9790777fc0efe
sge.visui.widget.spinner.Spinner	textField	val	7ce0e7f1fd2b3f7c
sge.visui.widget.spinner.SpinnerModel	sge.visui.widget.spinner.SpinnerModel	class	aa15322ba8e839ed
sge.visui.widget.spinner.SpinnerModel	sge.visui.widget.spinner.SpinnerModel#bind(Spinner)	def	837536e318fa73ec
sge.visui.widget.spinner.SpinnerModel	sge.visui.widget.spinner.SpinnerModel#decrement()	def	d42a85c118825768
sge.visui.widget.spinner.SpinnerModel	sge.visui.widget.spinner.SpinnerModel#decrement(boolean)	def	1ebd1d65f4ae51af
sge.visui.widget.spinner.SpinnerModel	sge.visui.widget.spinner.SpinnerModel#getText()	def	3493244e7d2574aa
sge.visui.widget.spinner.SpinnerModel	sge.visui.widget.spinner.SpinnerModel#increment()	def	b5d43d6495744aea
sge.visui.widget.spinner.SpinnerModel	sge.visui.widget.spinner.SpinnerModel#increment(boolean)	def	4262ecf8a0599acb
sge.visui.widget.spinner.SpinnerModel	sge.visui.widget.spinner.SpinnerModel#isWrap()	def	4b65d8bfd0ca91db
sge.visui.widget.spinner.SpinnerModel	sge.visui.widget.spinner.SpinnerModel#setWrap(boolean)	def	885120872d06a65f
sge.visui.widget.spinner.SpinnerModel	sge.visui.widget.spinner.SpinnerModel#textChanged()	def	a4bcf1d22f7929c3
sge.visui.widget.tabbedpane.Tab	sge.visui.widget.tabbedpane.Tab	class	3a53f2ba42314449
sge.visui.widget.tabbedpane.Tab	sge.visui.widget.tabbedpane.Tab#<init>()	ctor	ea8f73768c41cc55
sge.visui.widget.tabbedpane.Tab	sge.visui.widget.tabbedpane.Tab#<init>(boolean)	ctor	73a4af6b753b8538
sge.visui.widget.tabbedpane.Tab	sge.visui.widget.tabbedpane.Tab#<init>(boolean,boolean)	ctor	27f81f493b1bc568
sge.visui.widget.tabbedpane.Tab	sge.visui.widget.tabbedpane.Tab#activeTab	val	b3c3b88bcac84471
sge.visui.widget.tabbedpane.Tab	sge.visui.widget.tabbedpane.Tab#checkSavable()	def	1f65b0b4cbce094d
sge.visui.widget.tabbedpane.Tab	sge.visui.widget.tabbedpane.Tab#close()	def	5948db60683bb26b
sge.visui.widget.tabbedpane.Tab	sge.visui.widget.tabbedpane.Tab#closeableByUser	val	77711b39641fb195
sge.visui.widget.tabbedpane.Tab	sge.visui.widget.tabbedpane.Tab#dirty	val	8fee9e98ad7b3fea
sge.visui.widget.tabbedpane.Tab	sge.visui.widget.tabbedpane.Tab#dirty()	def	82fddf85f881e9c6
sge.visui.widget.tabbedpane.Tab	sge.visui.widget.tabbedpane.Tab#getContentTable()	def	8d36ee1483cd32d0
sge.visui.widget.tabbedpane.Tab	sge.visui.widget.tabbedpane.Tab#getPane()	def	dea329e2caf36ed5
sge.visui.widget.tabbedpane.Tab	sge.visui.widget.tabbedpane.Tab#getTabTitle()	def	16f65268e9c76bfc
sge.visui.widget.tabbedpane.Tab	sge.visui.widget.tabbedpane.Tab#isActiveTab()	def	52d1e944f6e877ca
sge.visui.widget.tabbedpane.Tab	sge.visui.widget.tabbedpane.Tab#isCloseableByUser()	def	181d567c4fa246a9
sge.visui.widget.tabbedpane.Tab	sge.visui.widget.tabbedpane.Tab#isDirty()	def	e83e79c5227cd227
sge.visui.widget.tabbedpane.Tab	sge.visui.widget.tabbedpane.Tab#isSavable()	def	ffaa02aa6274ffc0
sge.visui.widget.tabbedpane.Tab	sge.visui.widget.tabbedpane.Tab#onHide()	def	3ea970b4464fecb0
sge.visui.widget.tabbedpane.Tab	sge.visui.widget.tabbedpane.Tab#onShow()	def	28b041f7bbaf0cc7
sge.visui.widget.tabbedpane.Tab	sge.visui.widget.tabbedpane.Tab#pane	val	cefdc13527137d3a
sge.visui.widget.tabbedpane.Tab	sge.visui.widget.tabbedpane.Tab#removeFromTabPane()	def	8113fcd405630520
sge.visui.widget.tabbedpane.Tab	sge.visui.widget.tabbedpane.Tab#savable	val	1fe8a30fa6250ed2
sge.visui.widget.tabbedpane.Tab	sge.visui.widget.tabbedpane.Tab#save()	def	4320ac0684cda3f6
sge.visui.widget.tabbedpane.Tab	sge.visui.widget.tabbedpane.Tab#setDirty(boolean)	def	535e839405979cd3
sge.visui.widget.tabbedpane.Tab	sge.visui.widget.tabbedpane.Tab#setPane(TabbedPane)	def	326dacb40437a772
sge.visui.widget.tabbedpane.TabbedPane	separatorCell	val	4391833ff93e10c1
sge.visui.widget.tabbedpane.TabbedPane	sge.visui.widget.tabbedpane.TabbedPane	class	baf58c68c8bbd48f
sge.visui.widget.tabbedpane.TabbedPane	sge.visui.widget.tabbedpane.TabbedPane#<init>(Sge)	ctor	77e1df90b552e380
sge.visui.widget.tabbedpane.TabbedPane	sge.visui.widget.tabbedpane.TabbedPane#<init>(String,Sge)	ctor	993e9c184333d9fc
sge.visui.widget.tabbedpane.TabbedPane	sge.visui.widget.tabbedpane.TabbedPane#<init>(TabbedPaneStyle,Sge)	ctor	d7f274d18a5f9f8f
sge.visui.widget.tabbedpane.TabbedPane	sge.visui.widget.tabbedpane.TabbedPane#<stmt10>	stmt	95a45b51da853e8d
sge.visui.widget.tabbedpane.TabbedPane	sge.visui.widget.tabbedpane.TabbedPane#<stmt11>	stmt	aa1b8b2570f5a8fa
sge.visui.widget.tabbedpane.TabbedPane	sge.visui.widget.tabbedpane.TabbedPane#<stmt12>	stmt	85f9365bdfbba904
sge.visui.widget.tabbedpane.TabbedPane	sge.visui.widget.tabbedpane.TabbedPane#<stmt13>	stmt	916bfefced277ec6
sge.visui.widget.tabbedpane.TabbedPane	sge.visui.widget.tabbedpane.TabbedPane#<stmt14>	stmt	9a45ff61b243ff80
sge.visui.widget.tabbedpane.TabbedPane	sge.visui.widget.tabbedpane.TabbedPane#<stmt1>	stmt	d43bf9f451d17d77
sge.visui.widget.tabbedpane.TabbedPane	sge.visui.widget.tabbedpane.TabbedPane#<stmt2>	stmt	a2e034e1c3ece77b
sge.visui.widget.tabbedpane.TabbedPane	sge.visui.widget.tabbedpane.TabbedPane#<stmt3>	stmt	7b8296c82e71be8f
sge.visui.widget.tabbedpane.TabbedPane	sge.visui.widget.tabbedpane.TabbedPane#<stmt4>	stmt	26d2adaa606137d2
sge.visui.widget.tabbedpane.TabbedPane	sge.visui.widget.tabbedpane.TabbedPane#<stmt5>	stmt	49e4d351463663e7
sge.visui.widget.tabbedpane.TabbedPane	sge.visui.widget.tabbedpane.TabbedPane#<stmt6>	stmt	2d696cbfcbdb8d4b
sge.visui.widget.tabbedpane.TabbedPane	sge.visui.widget.tabbedpane.TabbedPane#<stmt7>	stmt	08ef6446f9d1980d
sge.visui.widget.tabbedpane.TabbedPane	sge.visui.widget.tabbedpane.TabbedPane#<stmt8>	stmt	a844a13875a494b4
sge.visui.widget.tabbedpane.TabbedPane	sge.visui.widget.tabbedpane.TabbedPane#<stmt9>	stmt	12c760e101d8fef9
sge.visui.widget.tabbedpane.TabbedPane	sge.visui.widget.tabbedpane.TabbedPane#activeTab	val	af5c82100a6a5ef0
sge.visui.widget.tabbedpane.TabbedPane	sge.visui.widget.tabbedpane.TabbedPane#add(Tab)	def	d86495cc2c70a5af
sge.visui.widget.tabbedpane.TabbedPane	sge.visui.widget.tabbedpane.TabbedPane#addListener(TabbedPaneListener)	def	99d26cceb7046be1
sge.visui.widget.tabbedpane.TabbedPane	sge.visui.widget.tabbedpane.TabbedPane#addTab(Tab,int)	def	8b769152ee34231d
sge.visui.widget.tabbedpane.TabbedPane	sge.visui.widget.tabbedpane.TabbedPane#allowTabDeselect	val	0ac6d4722fe1a38f
sge.visui.widget.tabbedpane.TabbedPane	sge.visui.widget.tabbedpane.TabbedPane#checkIfTabsBelongsToThisPane(Tab)	def	39c1d3334a859414
sge.visui.widget.tabbedpane.TabbedPane	sge.visui.widget.tabbedpane.TabbedPane#configureDragPane(TabbedPaneStyle)	def	1b7fe11b90d0b9c6
sge.visui.widget.tabbedpane.TabbedPane	sge.visui.widget.tabbedpane.TabbedPane#disableTab(Tab,boolean)	def	7128022aa0446f08
sge.visui.widget.tabbedpane.TabbedPane	sge.visui.widget.tabbedpane.TabbedPane#getActiveTab()	def	a65ba489067bf1e8
sge.visui.widget.tabbedpane.TabbedPane	sge.visui.widget.tabbedpane.TabbedPane#getTabTitle(Tab)	def	819e3736e365eed4
sge.visui.widget.tabbedpane.TabbedPane	sge.visui.widget.tabbedpane.TabbedPane#getTable()	def	5ce5a26a0e560a32
sge.visui.widget.tabbedpane.TabbedPane	sge.visui.widget.tabbedpane.TabbedPane#getTabs()	def	154d029f970093f2
sge.visui.widget.tabbedpane.TabbedPane	sge.visui.widget.tabbedpane.TabbedPane#getTabsPane()	def	04aefc5625f22d75
sge.visui.widget.tabbedpane.TabbedPane	sge.visui.widget.tabbedpane.TabbedPane#getUIOrderedTabs()	def	a0ac3e7f781804bc
sge.visui.widget.tabbedpane.TabbedPane	sge.visui.widget.tabbedpane.TabbedPane#group	val	ec8559100981673f
sge.visui.widget.tabbedpane.TabbedPane	sge.visui.widget.tabbedpane.TabbedPane#insert(int,Tab)	def	749a541f74ca3b3f
sge.visui.widget.tabbedpane.TabbedPane	sge.visui.widget.tabbedpane.TabbedPane#isAllowTabDeselect()	def	3b95f76232f2e285
sge.visui.widget.tabbedpane.TabbedPane	sge.visui.widget.tabbedpane.TabbedPane#isTabDisabled(Tab)	def	b14c83a439d8ebcd
sge.visui.widget.tabbedpane.TabbedPane	sge.visui.widget.tabbedpane.TabbedPane#listeners	val	b6a588a27c0a1d4a
sge.visui.widget.tabbedpane.TabbedPane	sge.visui.widget.tabbedpane.TabbedPane#mainTable	val	68656d994209d560
sge.visui.widget.tabbedpane.TabbedPane	sge.visui.widget.tabbedpane.TabbedPane#notifyListenersRemoved(Tab)	def	4df5ac2ff262bb41
sge.visui.widget.tabbedpane.TabbedPane	sge.visui.widget.tabbedpane.TabbedPane#notifyListenersRemovedAll()	def	e7269464bcca99f0
sge.visui.widget.tabbedpane.TabbedPane	sge.visui.widget.tabbedpane.TabbedPane#notifyListenersSwitched(Tab)	def	602414dca130d6d8
sge.visui.widget.tabbedpane.TabbedPane	sge.visui.widget.tabbedpane.TabbedPane#remove(Tab)	def	b578e1656365528b
sge.visui.widget.tabbedpane.TabbedPane	sge.visui.widget.tabbedpane.TabbedPane#remove(Tab,boolean)	def	d82bd79b951fa9fc
sge.visui.widget.tabbedpane.TabbedPane	sge.visui.widget.tabbedpane.TabbedPane#removeAll()	def	670e2aef864c90d7
sge.visui.widget.tabbedpane.TabbedPane	sge.visui.widget.tabbedpane.TabbedPane#removeListener(TabbedPaneListener)	def	cb5b71595849da33
sge.visui.widget.tabbedpane.TabbedPane	sge.visui.widget.tabbedpane.TabbedPane#removeTab(Tab)	def	6715baa3d5d6a504
sge.visui.widget.tabbedpane.TabbedPane	sge.visui.widget.tabbedpane.TabbedPane#selectFirstEnabledTab()	def	c1be5d288604a7ac
sge.visui.widget.tabbedpane.TabbedPane	sge.visui.widget.tabbedpane.TabbedPane#setAllowTabDeselect(boolean)	def	4e064f6cd391cf57
sge.visui.widget.tabbedpane.TabbedPane	sge.visui.widget.tabbedpane.TabbedPane#sharedCloseActiveButtonStyle	val	9e8fd9b05b2497cc
sge.visui.widget.tabbedpane.TabbedPane	sge.visui.widget.tabbedpane.TabbedPane#sizes	val	716ba7cc095036b5
sge.visui.widget.tabbedpane.TabbedPane	sge.visui.widget.tabbedpane.TabbedPane#style	val	994f9e8e65583d46
sge.visui.widget.tabbedpane.TabbedPane	sge.visui.widget.tabbedpane.TabbedPane#switchTab(Tab)	def	0ab715ebc1a68007
sge.visui.widget.tabbedpane.TabbedPane	sge.visui.widget.tabbedpane.TabbedPane#switchTab(int)	def	59fefed64a2d573b
sge.visui.widget.tabbedpane.TabbedPane	sge.visui.widget.tabbedpane.TabbedPane#tabs	val	f47da128c16b4275
sge.visui.widget.tabbedpane.TabbedPane	sge.visui.widget.tabbedpane.TabbedPane#tabsButtonMap	val	e8011c0f0766853f
sge.visui.widget.tabbedpane.TabbedPane	sge.visui.widget.tabbedpane.TabbedPane#tabsPane	val	b760249dee16722b
sge.visui.widget.tabbedpane.TabbedPane	sge.visui.widget.tabbedpane.TabbedPane#throwNotBelongingTabException(Tab)	def	8b264c55bbcc48ed
sge.visui.widget.tabbedpane.TabbedPane	sge.visui.widget.tabbedpane.TabbedPane#tmpRect	val	dd2e026b3878bb4c
sge.visui.widget.tabbedpane.TabbedPane	sge.visui.widget.tabbedpane.TabbedPane#tmpVector	val	be8dda2052a87fa2
sge.visui.widget.tabbedpane.TabbedPane	sge.visui.widget.tabbedpane.TabbedPane#updateTabTitle(Tab)	def	6e49a6f8ccd863d0
sge.visui.widget.tabbedpane.TabbedPane	sge.visui.widget.tabbedpane.TabbedPane$TabButtonTable	class	865d607baa6e9723
sge.visui.widget.tabbedpane.TabbedPane	sge.visui.widget.tabbedpane.TabbedPane$TabButtonTable#<stmt10>	stmt	fda632fc495d1585
sge.visui.widget.tabbedpane.TabbedPane	sge.visui.widget.tabbedpane.TabbedPane$TabButtonTable#<stmt11>	stmt	0c9ef9422db28394
sge.visui.widget.tabbedpane.TabbedPane	sge.visui.widget.tabbedpane.TabbedPane$TabButtonTable#<stmt12>	stmt	e7f722be8b5da009
sge.visui.widget.tabbedpane.TabbedPane	sge.visui.widget.tabbedpane.TabbedPane$TabButtonTable#<stmt13>	stmt	b67e66be05ebab09
sge.visui.widget.tabbedpane.TabbedPane	sge.visui.widget.tabbedpane.TabbedPane$TabButtonTable#<stmt14>	stmt	8f3aaa92c8c39fd1
sge.visui.widget.tabbedpane.TabbedPane	sge.visui.widget.tabbedpane.TabbedPane$TabButtonTable#<stmt15>	stmt	c1981879eda41c0f
sge.visui.widget.tabbedpane.TabbedPane	sge.visui.widget.tabbedpane.TabbedPane$TabButtonTable#<stmt16>	stmt	1f3065bba5b6823b
sge.visui.widget.tabbedpane.TabbedPane	sge.visui.widget.tabbedpane.TabbedPane$TabButtonTable#<stmt1>	stmt	4762e082fa9c99c9
sge.visui.widget.tabbedpane.TabbedPane	sge.visui.widget.tabbedpane.TabbedPane$TabButtonTable#<stmt2>	stmt	25868e3925f2b0f4
sge.visui.widget.tabbedpane.TabbedPane	sge.visui.widget.tabbedpane.TabbedPane$TabButtonTable#<stmt3>	stmt	4225ee7826c34734
sge.visui.widget.tabbedpane.TabbedPane	sge.visui.widget.tabbedpane.TabbedPane$TabButtonTable#<stmt4>	stmt	1ceea0f0ec0cf3a3
sge.visui.widget.tabbedpane.TabbedPane	sge.visui.widget.tabbedpane.TabbedPane$TabButtonTable#<stmt5>	stmt	0717bd9ce69a6ca5
sge.visui.widget.tabbedpane.TabbedPane	sge.visui.widget.tabbedpane.TabbedPane$TabButtonTable#<stmt6>	stmt	82381ab6634225f2
sge.visui.widget.tabbedpane.TabbedPane	sge.visui.widget.tabbedpane.TabbedPane$TabButtonTable#<stmt7>	stmt	280fee256f80dc4f
sge.visui.widget.tabbedpane.TabbedPane	sge.visui.widget.tabbedpane.TabbedPane$TabButtonTable#<stmt8>	stmt	04f315759089d020
sge.visui.widget.tabbedpane.TabbedPane	sge.visui.widget.tabbedpane.TabbedPane$TabButtonTable#<stmt9>	stmt	6d696adccae6c4b2
sge.visui.widget.tabbedpane.TabbedPane	sge.visui.widget.tabbedpane.TabbedPane$TabButtonTable#addListeners()	def	54606d3120bb2397
sge.visui.widget.tabbedpane.TabbedPane	sge.visui.widget.tabbedpane.TabbedPane$TabButtonTable#button	val	1c774e13844cbee2
sge.visui.widget.tabbedpane.TabbedPane	sge.visui.widget.tabbedpane.TabbedPane$TabButtonTable#buttonStyle	val	cb54481d2a571e0a
sge.visui.widget.tabbedpane.TabbedPane	sge.visui.widget.tabbedpane.TabbedPane$TabButtonTable#closeButton	val	2213edf93c37c71f
sge.visui.widget.tabbedpane.TabbedPane	sge.visui.widget.tabbedpane.TabbedPane$TabButtonTable#closeButtonStyle	val	1e4d46253fba8825
sge.visui.widget.tabbedpane.TabbedPane	sge.visui.widget.tabbedpane.TabbedPane$TabButtonTable#closeTabAsUser()	def	c3bfb33eeed6eb6a
sge.visui.widget.tabbedpane.TabbedPane	sge.visui.widget.tabbedpane.TabbedPane$TabButtonTable#deselect()	def	36a7d5e404ac06e8
sge.visui.widget.tabbedpane.TabbedPane	sge.visui.widget.tabbedpane.TabbedPane$TabButtonTable#select()	def	ba48be2ab11ca9cd
sge.visui.widget.tabbedpane.TabbedPane	sge.visui.widget.tabbedpane.TabbedPane$TabButtonTable#switchToNewTab()	def	f239f930393d2abb
sge.visui.widget.tabbedpane.TabbedPane	sge.visui.widget.tabbedpane.TabbedPane$TabButtonTable#tab	val	fa5df8cf4f68edfb
sge.visui.widget.tabbedpane.TabbedPane	sge.visui.widget.tabbedpane.TabbedPane$TabButtonTable#up	val	a1185981d8bbc8cc
sge.visui.widget.tabbedpane.TabbedPane	sge.visui.widget.tabbedpane.TabbedPane$TabbedPaneStyle	class	acb05a7d6c025f55
sge.visui.widget.tabbedpane.TabbedPane	sge.visui.widget.tabbedpane.TabbedPane$TabbedPaneStyle#<init>()	ctor	aecdb5d3e7979dc6
sge.visui.widget.tabbedpane.TabbedPane	sge.visui.widget.tabbedpane.TabbedPane$TabbedPaneStyle#<init>(Drawable,Drawable,VisTextButtonStyle)	ctor	1d7b2c0d689124ee
sge.visui.widget.tabbedpane.TabbedPane	sge.visui.widget.tabbedpane.TabbedPane$TabbedPaneStyle#<init>(Drawable,Drawable,VisTextButtonStyle,boolean,boolean)	ctor	94f6e5ace2e8f62d
sge.visui.widget.tabbedpane.TabbedPane	sge.visui.widget.tabbedpane.TabbedPane$TabbedPaneStyle#<init>(TabbedPaneStyle)	ctor	c44894b078f83320
sge.visui.widget.tabbedpane.TabbedPane	sge.visui.widget.tabbedpane.TabbedPane$TabbedPaneStyle#background	val	075c4bce4069ca09
sge.visui.widget.tabbedpane.TabbedPane	sge.visui.widget.tabbedpane.TabbedPane$TabbedPaneStyle#buttonStyle	val	2702066a03100007
sge.visui.widget.tabbedpane.TabbedPane	sge.visui.widget.tabbedpane.TabbedPane$TabbedPaneStyle#draggable	val	a9b438eef4d5eee3
sge.visui.widget.tabbedpane.TabbedPane	sge.visui.widget.tabbedpane.TabbedPane$TabbedPaneStyle#separatorBar	val	66956b09b6922d23
sge.visui.widget.tabbedpane.TabbedPane	sge.visui.widget.tabbedpane.TabbedPane$TabbedPaneStyle#vertical	val	6cd0138b08781459
sge.visui.widget.tabbedpane.TabbedPane	sge.visui.widget.tabbedpane.TabbedPane$TabbedPaneTable	class	99ea932963831d59
sge.visui.widget.tabbedpane.TabbedPane	sge.visui.widget.tabbedpane.TabbedPane$TabbedPaneTable#<stmt1>	stmt	c8f7c33a508b7e3d
sge.visui.widget.tabbedpane.TabbedPane	sge.visui.widget.tabbedpane.TabbedPane$TabbedPaneTable#getSeparatorCell()	def	ccb1b94c43895871
sge.visui.widget.tabbedpane.TabbedPane	sge.visui.widget.tabbedpane.TabbedPane$TabbedPaneTable#getTabbedPane()	def	303752dfc8808323
sge.visui.widget.tabbedpane.TabbedPane	sge.visui.widget.tabbedpane.TabbedPane$TabbedPaneTable#getTabsPaneCell()	def	b51d39a782f11230
sge.visui.widget.tabbedpane.TabbedPane	sge.visui.widget.tabbedpane.TabbedPane$TabbedPaneTable#separatorCell	val	89d76f3c638617f6
sge.visui.widget.tabbedpane.TabbedPane	sge.visui.widget.tabbedpane.TabbedPane$TabbedPaneTable#setPaneCells(Cell<DragPane>,Cell<Image>)	def	ace7e7a737fbd584
sge.visui.widget.tabbedpane.TabbedPane	sge.visui.widget.tabbedpane.TabbedPane$TabbedPaneTable#tabbedPane	val	78cd59fcc081e434
sge.visui.widget.tabbedpane.TabbedPane	sge.visui.widget.tabbedpane.TabbedPane$TabbedPaneTable#tabsPaneCell	val	fae38292904a6117
sge.visui.widget.tabbedpane.TabbedPane	sge.visui.widget.tabbedpane.TabbedPane$Text	class	028bf13b3f0528b2
sge.visui.widget.tabbedpane.TabbedPane	sge.visui.widget.tabbedpane.TabbedPane$Text#format()	def	02b8e3c728fb2acc
sge.visui.widget.tabbedpane.TabbedPane	sge.visui.widget.tabbedpane.TabbedPane$Text#format(Array<Object>)	def	ad4cc2bacbf53881
sge.visui.widget.tabbedpane.TabbedPane	sge.visui.widget.tabbedpane.TabbedPane$Text#get()	def	2fcd532163442284
sge.visui.widget.tabbedpane.TabbedPane	sge.visui.widget.tabbedpane.TabbedPane$Text#getBundle()	def	ea0ef193d354eee2
sge.visui.widget.tabbedpane.TabbedPane	sge.visui.widget.tabbedpane.TabbedPane$Text#getName()	def	1401cff5507a790f
sge.visui.widget.tabbedpane.TabbedPane	sge.visui.widget.tabbedpane.TabbedPane$Text#toString()	def	2ce080f9e62bea25
sge.visui.widget.tabbedpane.TabbedPane	tabsPaneCell	val	4d2fed98074a2fcc
sge.visui.widget.tabbedpane.TabbedPaneAdapter	sge.visui.widget.tabbedpane.TabbedPaneAdapter	class	dc1a0a5946c4d583
sge.visui.widget.tabbedpane.TabbedPaneAdapter	sge.visui.widget.tabbedpane.TabbedPaneAdapter#removedAllTabs()	def	7eac53fad6fdeea3
sge.visui.widget.tabbedpane.TabbedPaneAdapter	sge.visui.widget.tabbedpane.TabbedPaneAdapter#removedTab(Tab)	def	fcd80e4982b615b3
sge.visui.widget.tabbedpane.TabbedPaneAdapter	sge.visui.widget.tabbedpane.TabbedPaneAdapter#switchedTab(Tab)	def	5ed9767236360e94
sge.visui.widget.tabbedpane.TabbedPaneListener	sge.visui.widget.tabbedpane.TabbedPaneListener	class	5ff881d22f8d894d
sge.visui.widget.tabbedpane.TabbedPaneListener	sge.visui.widget.tabbedpane.TabbedPaneListener#removedAllTabs()	def	f1126b7867bd00d2
sge.visui.widget.tabbedpane.TabbedPaneListener	sge.visui.widget.tabbedpane.TabbedPaneListener#removedTab(Tab)	def	2ff52fe8181236fd
sge.visui.widget.tabbedpane.TabbedPaneListener	sge.visui.widget.tabbedpane.TabbedPaneListener#switchedTab(Tab)	def	407852bbda4deadf
sge.visui.widget.toast.MessageToast	sge.visui.widget.toast.MessageToast	class	e5601af354cc1e77
sge.visui.widget.toast.MessageToast	sge.visui.widget.toast.MessageToast#<stmt1>	stmt	eb1b8272add25e98
sge.visui.widget.toast.MessageToast	sge.visui.widget.toast.MessageToast#<stmt2>	stmt	27ef9e6ed58de1c9
sge.visui.widget.toast.MessageToast	sge.visui.widget.toast.MessageToast#addLinkLabel(String,LinkLabelListener)	def	f734a491b6419c0a
sge.visui.widget.toast.MessageToast	sge.visui.widget.toast.MessageToast#linkLabelTable	val	4055c3c487f2ed48
sge.visui.widget.toast.Toast	sge.visui.widget.toast.Toast	class	113221d1122628d6
sge.visui.widget.toast.Toast	sge.visui.widget.toast.Toast#<init>(String,Table,Sge)	ctor	24f6bc4c9cf41d91
sge.visui.widget.toast.Toast	sge.visui.widget.toast.Toast#<init>(Table,Sge)	ctor	0ed48ec0f2f002c0
sge.visui.widget.toast.Toast	sge.visui.widget.toast.Toast#<stmt1>	stmt	d43bf9f451d17d77
sge.visui.widget.toast.Toast	sge.visui.widget.toast.Toast#<stmt2>	stmt	ac6892c59d013f67
sge.visui.widget.toast.Toast	sge.visui.widget.toast.Toast#<stmt3>	stmt	1ddec1b1ea24db19
sge.visui.widget.toast.Toast	sge.visui.widget.toast.Toast#<stmt4>	stmt	ac668057b2bbffa2
sge.visui.widget.toast.Toast	sge.visui.widget.toast.Toast#close()	def	05d92f55a28b7958
sge.visui.widget.toast.Toast	sge.visui.widget.toast.Toast#contentTable	val	41300389223d0edc
sge.visui.widget.toast.Toast	sge.visui.widget.toast.Toast#createMainTable()	def	823f6971faca38d2
sge.visui.widget.toast.Toast	sge.visui.widget.toast.Toast#fadeIn()	def	56a049c5b618c233
sge.visui.widget.toast.Toast	sge.visui.widget.toast.Toast#fadeOut()	def	0e410e2abd75e3e7
sge.visui.widget.toast.Toast	sge.visui.widget.toast.Toast#getContentTable()	def	6419c71105433923
sge.visui.widget.toast.Toast	sge.visui.widget.toast.Toast#getMainTable()	def	26a57835cbd43c0b
sge.visui.widget.toast.Toast	sge.visui.widget.toast.Toast#getToastManager()	def	9dd51b9435ff598d
sge.visui.widget.toast.Toast	sge.visui.widget.toast.Toast#mainTable	val	768c5ffe21f1fd2f
sge.visui.widget.toast.Toast	sge.visui.widget.toast.Toast#setToastManager(ToastManager)	def	64ca7d60c83a02ca
sge.visui.widget.toast.Toast	sge.visui.widget.toast.Toast#style	val	1e47746827e4c82b
sge.visui.widget.toast.Toast	sge.visui.widget.toast.Toast#toastManager	val	49eaf0b0db9f6154
sge.visui.widget.toast.Toast	sge.visui.widget.toast.Toast$ToastStyle	class	027df197eeb4060b
sge.visui.widget.toast.Toast	sge.visui.widget.toast.Toast$ToastStyle#<init>()	ctor	e34507a7e5b52b2a
sge.visui.widget.toast.Toast	sge.visui.widget.toast.Toast$ToastStyle#<init>(Drawable,VisImageButtonStyle)	ctor	70585a527358efbf
sge.visui.widget.toast.Toast	sge.visui.widget.toast.Toast$ToastStyle#<init>(ToastStyle)	ctor	eb2ececda5b5b42b
sge.visui.widget.toast.Toast	sge.visui.widget.toast.Toast$ToastStyle#background	val	075c4bce4069ca09
sge.visui.widget.toast.Toast	sge.visui.widget.toast.Toast$ToastStyle#closeButtonStyle	val	5156336ae16ce194
sge.visui.widget.toast.ToastTable	sge.visui.widget.toast.ToastTable	class	a406a7954f8a182c
sge.visui.widget.toast.ToastTable	sge.visui.widget.toast.ToastTable#<init>(boolean,Sge)	ctor	582faebd8de61a18
sge.visui.widget.toast.ToastTable	sge.visui.widget.toast.ToastTable#fadeOut()	def	3dd5d98655166074
sge.visui.widget.toast.ToastTable	sge.visui.widget.toast.ToastTable#getToast()	def	29dc5bccd332915e
sge.visui.widget.toast.ToastTable	sge.visui.widget.toast.ToastTable#setToast(Toast)	def	72b5422df5e838da
sge.visui.widget.toast.ToastTable	sge.visui.widget.toast.ToastTable#toast	val	d6eb802372cfb8bc
