# balticporter port map	schema=3	module=sge-visui	engine=balticporter/0.1.0-SNAPSHOT	sources=7a29c946918c2898	files=162	policy=4302d8c9cddd8bb2
#kind	upstream	emitted	disposition	body	javaPath	javaLine	digest	shape
type	com.kotcrab.vis.ui.FocusManager	sge.visui.FocusManager	Renamed	-		0		form=object primary=() primaryKind=unique-root primaryVis=public
type	com.kotcrab.vis.ui.Focusable	sge.visui.Focusable	Renamed	-		0		form=trait
type	com.kotcrab.vis.ui.Locales	sge.visui.Locales	Renamed	-		0		form=object primary=() primaryKind=unique-root primaryVis=public
type	com.kotcrab.vis.ui.Locales$CommonText	sge.visui.Locales$CommonText	Renamed	-		0		companion=yes flags=abstract,sealed form=enum-class parents=java.lang.Enum,sge.visui.i18n.BundleText primary=(String) primaryKind=not-funnelled primaryVis=public statics=,getBundle
type	com.kotcrab.vis.ui.Sizes	sge.visui.Sizes	Renamed	-		0		companion=yes disambiguator=marker form=class primary=(?) primaryKind=synthesised-primary primaryVis=protected secondaries=();(Sizes)
type	com.kotcrab.vis.ui.VisUI	sge.visui.VisUI	Renamed	-		0		form=object primary=() primaryKind=unique-root primaryVis=public
type	com.kotcrab.vis.ui.VisUI$SkinScale	sge.visui.VisUI$SkinScale	Renamed	-		0		companion=yes flags=enum form=enum parents=java.lang.Enum primary=(String,String) primaryKind=not-funnelled primaryVis=public
type	com.kotcrab.vis.ui.building.CenteredTableBuilder	sge.visui.building.CenteredTableBuilder	Renamed	-		0		companion=yes form=class parents=sge.visui.building.TableBuilder primary=() primaryKind=no-arg-root primaryVis=public secondaries=(Padding);(int,int);(int,int,Padding)
type	com.kotcrab.vis.ui.building.GridTableBuilder	sge.visui.building.GridTableBuilder	Renamed	-		0		companion=yes form=class parents=sge.visui.building.TableBuilder primary=() primaryKind=not-funnelled primaryVis=public secondaries=(int);(Padding,int);(int,int,int);(int,int,int,Padding)
type	com.kotcrab.vis.ui.building.OneColumnTableBuilder	sge.visui.building.OneColumnTableBuilder	Renamed	-		0		companion=yes form=class parents=sge.visui.building.TableBuilder primary=() primaryKind=no-arg-root primaryVis=public secondaries=(Padding);(int,int);(int,int,Padding)
type	com.kotcrab.vis.ui.building.OneRowTableBuilder	sge.visui.building.OneRowTableBuilder	Renamed	-		0		companion=yes form=class parents=sge.visui.building.TableBuilder primary=() primaryKind=no-arg-root primaryVis=public secondaries=(Padding);(int,int);(int,int,Padding)
type	com.kotcrab.vis.ui.building.StandardTableBuilder	sge.visui.building.StandardTableBuilder	Renamed	-		0		companion=yes form=class parents=sge.visui.building.TableBuilder primary=() primaryKind=no-arg-root primaryVis=public secondaries=(Padding);(int,int);(int,int,Padding)
type	com.kotcrab.vis.ui.building.TableBuilder	sge.visui.building.TableBuilder	Renamed	-		0		companion=yes flags=abstract form=class primary=() primaryKind=unique-root primaryVis=public secondaries=(Padding);(int,int);(int,int,Padding) statics=DEFAULT_ROWS_AMOUNT,DEFAULT_WIDGETS_AMOUNT,getGreatestCommonDenominator,getLowestCommonMultiple
type	com.kotcrab.vis.ui.building.utilities.Alignment	sge.visui.building.utilities.Alignment	Renamed	-		0		companion=yes flags=enum form=enum parents=java.lang.Enum primary=(int) primaryKind=not-funnelled primaryVis=public statics=getByIndex,getByValidIndex,isIndexLast,isIndexValid
type	com.kotcrab.vis.ui.building.utilities.CellWidget	sge.visui.building.utilities.CellWidget	Renamed	-		0		companion=yes form=class primary=(CellWidgetBuilder) primaryKind=unique-root primaryVis=private statics=CellWidgetBuilder,EMPTY,IGNORED_SIZE,`using`,builder,empty,of,wrap tparams="[Widget <: sge.scenes.scene2d.Actor]"
type	com.kotcrab.vis.ui.building.utilities.CellWidget$CellWidgetBuilder	sge.visui.building.utilities.CellWidget$CellWidgetBuilder	Renamed	-		0		form=class primary=() primaryKind=not-funnelled primaryVis=public secondaries=(Actor);(CellWidget) tparams="[Widget <: sge.scenes.scene2d.Actor]"
type	com.kotcrab.vis.ui.building.utilities.Nullables	sge.visui.building.utilities.Nullables	Renamed	-		0		form=object primary=() primaryKind=unique-root primaryVis=private
type	com.kotcrab.vis.ui.building.utilities.Padding	sge.visui.building.utilities.Padding	Renamed	-		0		companion=yes form=class primary=(float,float,float,float) primaryKind=unique-root primaryVis=public secondaries=(float);(float,float) statics=PAD_0,PAD_2,PAD_4,PAD_8,of,setPadding,setSpacing
type	com.kotcrab.vis.ui.building.utilities.layouts.ActorLayout	sge.visui.building.utilities.layouts.ActorLayout	Renamed	-		0		form=trait
type	com.kotcrab.vis.ui.building.utilities.layouts.GridTableLayout	sge.visui.building.utilities.layouts.GridTableLayout	Renamed	-		0		companion=yes form=class parents=sge.visui.building.utilities.layouts.ActorLayout primary=(int) primaryKind=unique-root primaryVis=public statics=withRowSize
type	com.kotcrab.vis.ui.building.utilities.layouts.TableLayout	sge.visui.building.utilities.layouts.TableLayout	Renamed	-		0		companion=yes flags=abstract,sealed form=enum-class parents=java.lang.Enum,sge.visui.building.utilities.layouts.ActorLayout primary=() primaryKind=not-funnelled primaryVis=public statics=,convertToTable,grid
type	com.kotcrab.vis.ui.i18n.BundleText	sge.visui.i18n.BundleText	Renamed	-		0		form=trait
type	com.kotcrab.vis.ui.layout.DragPane	sge.visui.layout.DragPane	Renamed	-		0		companion=yes form=class parents=sge.scenes.scene2d.ui.Container primary=(WidgetGroup) primaryKind=unique-root primaryVis=public secondaries=();(boolean) statics=DefaultDragListener,DragPaneListener
type	com.kotcrab.vis.ui.layout.DragPane$DefaultDragListener	sge.visui.layout.DragPane$DefaultDragListener	Renamed	-		0		companion=yes form=class parents=sge.visui.widget.Draggable$DragListener primary=(Policy) primaryKind=unique-root primaryVis=public secondaries=() statics=DRAG_POSITION,DefaultPolicy,Policy
type	com.kotcrab.vis.ui.layout.DragPane$DefaultDragListener$DefaultPolicy	sge.visui.layout.DragPane$DefaultDragListener$DefaultPolicy	Renamed	-		0		companion=yes flags=abstract,sealed form=enum-class parents=java.lang.Enum,sge.visui.layout.DragPane$DefaultDragListener$Policy primary=() primaryKind=not-funnelled primaryVis=public
type	com.kotcrab.vis.ui.layout.DragPane$DefaultDragListener$Policy	sge.visui.layout.DragPane$DefaultDragListener$Policy	Renamed	-		0		form=trait
type	com.kotcrab.vis.ui.layout.DragPane$DragPaneListener	sge.visui.layout.DragPane$DragPaneListener	Renamed	-		0		companion=yes form=trait statics=ACCEPT,AcceptOwnChildren,LimitChildren,REFUSE
type	com.kotcrab.vis.ui.layout.DragPane$DragPaneListener$AcceptOwnChildren	sge.visui.layout.DragPane$DragPaneListener$AcceptOwnChildren	Renamed	-		0		companion=yes form=class parents=sge.visui.layout.DragPane$DragPaneListener primary=() primaryKind=unique-root primaryVis=public
type	com.kotcrab.vis.ui.layout.DragPane$DragPaneListener$LimitChildren	sge.visui.layout.DragPane$DragPaneListener$LimitChildren	Renamed	-		0		companion=yes form=class parents=sge.visui.layout.DragPane$DragPaneListener primary=(int) primaryKind=unique-root primaryVis=public
type	com.kotcrab.vis.ui.layout.FloatingGroup	sge.visui.layout.FloatingGroup	Renamed	-		0		companion=yes disambiguator=marker form=class parents=sge.scenes.scene2d.ui.WidgetGroup primary=(?) primaryKind=synthesised-primary primaryVis=protected secondaries=();(float,float)
type	com.kotcrab.vis.ui.layout.FlowGroup	sge.visui.layout.FlowGroup	Renamed	-		0		companion=yes form=class parents=sge.scenes.scene2d.ui.WidgetGroup primary=(boolean,float) primaryKind=unique-root primaryVis=public secondaries=(boolean) statics=DEFAULT_SPACING
type	com.kotcrab.vis.ui.layout.GridGroup	sge.visui.layout.GridGroup	Renamed	-		0		companion=yes form=class parents=sge.scenes.scene2d.ui.WidgetGroup primary=(float,float,float) primaryKind=synthesised-primary primaryVis=protected secondaries=();(float);(float,float)
type	com.kotcrab.vis.ui.layout.HorizontalFlowGroup	sge.visui.layout.HorizontalFlowGroup	Renamed	-		0		companion=yes disambiguator=marker form=class parents=sge.scenes.scene2d.ui.WidgetGroup primary=(float,?) primaryKind=synthesised-primary primaryVis=protected secondaries=();(float)
type	com.kotcrab.vis.ui.layout.VerticalFlowGroup	sge.visui.layout.VerticalFlowGroup	Renamed	-		0		companion=yes disambiguator=marker form=class parents=sge.scenes.scene2d.ui.WidgetGroup primary=(float,?) primaryKind=synthesised-primary primaryVis=protected secondaries=();(float)
type	com.kotcrab.vis.ui.util.ActorUtils	sge.visui.util.ActorUtils	Renamed	-		0		form=object primary=() primaryKind=unique-root primaryVis=public
type	com.kotcrab.vis.ui.util.BorderOwner	sge.visui.util.BorderOwner	Renamed	-		0		form=trait
type	com.kotcrab.vis.ui.util.ColorUtils	sge.visui.util.ColorUtils	Renamed	-		0		form=object primary=() primaryKind=unique-root primaryVis=public
type	com.kotcrab.vis.ui.util.CursorManager	sge.visui.util.CursorManager	Renamed	-		0		form=object primary=() primaryKind=unique-root primaryVis=public
type	com.kotcrab.vis.ui.util.FloatDigitsOnlyFilter	sge.visui.util.FloatDigitsOnlyFilter	Renamed	-		0		companion=yes form=class parents=sge.visui.util.IntDigitsOnlyFilter primary=(boolean) primaryKind=unique-root primaryVis=public
type	com.kotcrab.vis.ui.util.InputValidator	sge.visui.util.InputValidator	Renamed	-		0		form=trait
type	com.kotcrab.vis.ui.util.IntDigitsOnlyFilter	sge.visui.util.IntDigitsOnlyFilter	Renamed	-		0		companion=yes form=class parents=sge.visui.util.NumberDigitsTextFieldFilter primary=(boolean) primaryKind=unique-root primaryVis=public
type	com.kotcrab.vis.ui.util.NumberDigitsTextFieldFilter	sge.visui.util.NumberDigitsTextFieldFilter	Renamed	-		0		companion=yes flags=abstract form=class parents=sge.visui.widget.VisTextField$TextFieldFilter primary=(boolean) primaryKind=unique-root primaryVis=public
type	com.kotcrab.vis.ui.util.OsUtils	sge.visui.util.OsUtils	Renamed	-		0		form=object primary=() primaryKind=unique-root primaryVis=public
type	com.kotcrab.vis.ui.util.TableUtils	sge.visui.util.TableUtils	Renamed	-		0		form=object primary=() primaryKind=unique-root primaryVis=public
type	com.kotcrab.vis.ui.util.ToastManager	sge.visui.util.ToastManager	Renamed	-		0		companion=yes form=class primary=() primaryKind=not-funnelled primaryVis=public secondaries=(Stage);(Group) statics=UNTIL_CLOSED
type	com.kotcrab.vis.ui.util.Validators	sge.visui.util.Validators	Renamed	-		0		form=object primary=() primaryKind=unique-root primaryVis=public
type	com.kotcrab.vis.ui.util.Validators$FloatValidator	sge.visui.util.Validators$FloatValidator	Renamed	-		0		form=class parents=sge.visui.util.InputValidator primary=() primaryKind=unique-root primaryVis=public
type	com.kotcrab.vis.ui.util.Validators$GreaterThanValidator	sge.visui.util.Validators$GreaterThanValidator	Renamed	-		0		companion=yes disambiguator=marker form=class parents=sge.visui.util.InputValidator primary=(float,boolean,?) primaryKind=synthesised-primary primaryVis=protected secondaries=(float);(float,boolean)
type	com.kotcrab.vis.ui.util.Validators$IntegerValidator	sge.visui.util.Validators$IntegerValidator	Renamed	-		0		form=class parents=sge.visui.util.InputValidator primary=() primaryKind=unique-root primaryVis=public
type	com.kotcrab.vis.ui.util.Validators$LesserThanValidator	sge.visui.util.Validators$LesserThanValidator	Renamed	-		0		companion=yes disambiguator=marker form=class parents=sge.visui.util.InputValidator primary=(float,boolean,?) primaryKind=synthesised-primary primaryVis=protected secondaries=(float);(float,boolean)
type	com.kotcrab.vis.ui.util.adapter.AbstractListAdapter	sge.visui.util.adapter.AbstractListAdapter	Renamed	-		0		companion=yes flags=abstract form=class parents=sge.visui.util.adapter.CachedItemAdapter,sge.visui.util.adapter.ListAdapter primary=() primaryKind=unique-root primaryVis=public statics=ListSelection,ListSelectionListener,SelectionMode tparams="[ItemT <: java.lang.Object, ViewT <: sge.scenes.scene2d.Actor]"
type	com.kotcrab.vis.ui.util.adapter.AbstractListAdapter$ListClickListener	sge.visui.util.adapter.AbstractListAdapter$ListClickListener	Renamed	-		0		companion=yes form=class parents=sge.scenes.scene2d.utils.ClickListener primary=(ViewT,ItemT) primaryKind=unique-root primaryVis=public
type	com.kotcrab.vis.ui.util.adapter.AbstractListAdapter$ListSelection	sge.visui.util.adapter.AbstractListAdapter$ListSelection	Renamed	-		0		companion=yes form=class primary=(AbstractListAdapter) primaryKind=unique-root primaryVis=private[AbstractListAdapter] statics=DEFAULT_KEY tparams="[ItemT <: java.lang.Object, ViewT <: sge.scenes.scene2d.Actor]"
type	com.kotcrab.vis.ui.util.adapter.AbstractListAdapter$ListSelectionListener	sge.visui.util.adapter.AbstractListAdapter$ListSelectionListener	Renamed	-		0		form=trait tparams="[ItemT <: java.lang.Object, ViewT <: java.lang.Object]"
type	com.kotcrab.vis.ui.util.adapter.AbstractListAdapter$SelectionMode	sge.visui.util.adapter.AbstractListAdapter$SelectionMode	Renamed	-		0		companion=yes flags=enum form=enum parents=java.lang.Enum primary=() primaryKind=not-funnelled primaryVis=public
type	com.kotcrab.vis.ui.util.adapter.ArrayAdapter	sge.visui.util.adapter.ArrayAdapter	Renamed	-		0		companion=yes flags=abstract form=class parents=sge.visui.util.adapter.AbstractListAdapter primary=(Array) primaryKind=unique-root primaryVis=public tparams="[ItemT <: java.lang.Object, ViewT <: sge.scenes.scene2d.Actor]"
type	com.kotcrab.vis.ui.util.adapter.ArrayListAdapter	sge.visui.util.adapter.ArrayListAdapter	Renamed	-		0		companion=yes flags=abstract form=class parents=sge.visui.util.adapter.AbstractListAdapter primary=(ArrayBuffer) primaryKind=unique-root primaryVis=public tparams="[ItemT <: java.lang.Object, ViewT <: sge.scenes.scene2d.Actor]"
type	com.kotcrab.vis.ui.util.adapter.CachedItemAdapter	sge.visui.util.adapter.CachedItemAdapter	Renamed	-		0		flags=abstract form=class parents=sge.visui.util.adapter.ItemAdapter primary=() primaryKind=unique-root primaryVis=public tparams="[ItemT <: java.lang.Object, ViewT <: sge.scenes.scene2d.Actor]"
type	com.kotcrab.vis.ui.util.adapter.ItemAdapter	sge.visui.util.adapter.ItemAdapter	Renamed	-		0		form=trait tparams="[ItemT <: java.lang.Object]"
type	com.kotcrab.vis.ui.util.adapter.ListAdapter	sge.visui.util.adapter.ListAdapter	Renamed	-		0		form=trait tparams="[ItemT <: java.lang.Object]"
type	com.kotcrab.vis.ui.util.adapter.ListSelectionAdapter	sge.visui.util.adapter.ListSelectionAdapter	Renamed	-		0		form=class parents=sge.visui.util.adapter.AbstractListAdapter$ListSelectionListener primary=() primaryKind=unique-root primaryVis=public tparams="[ItemT <: java.lang.Object, ViewT <: java.lang.Object]"
type	com.kotcrab.vis.ui.util.adapter.SimpleListAdapter	sge.visui.util.adapter.SimpleListAdapter	Renamed	-		0		companion=yes form=class parents=sge.visui.util.adapter.ArrayAdapter primary=(Array,SimpleListAdapterStyle) primaryKind=unique-root primaryVis=public secondaries=(Array);(Array,String) statics=SimpleListAdapterStyle tparams="[ItemT <: java.lang.Object]"
type	com.kotcrab.vis.ui.util.adapter.SimpleListAdapter$SimpleListAdapterStyle	sge.visui.util.adapter.SimpleListAdapter$SimpleListAdapterStyle	Renamed	-		0		companion=yes disambiguator=marker form=class primary=(?) primaryKind=synthesised-primary primaryVis=protected secondaries=();(Drawable,Drawable);(SimpleListAdapterStyle)
type	com.kotcrab.vis.ui.util.async.AsyncTask	sge.visui.util.async.AsyncTask	Renamed	-		0		companion=yes flags=abstract form=class primary=(String) primaryKind=unique-root primaryVis=public statics=Status
type	com.kotcrab.vis.ui.util.async.AsyncTask$Status	sge.visui.util.async.AsyncTask$Status	Renamed	-		0		companion=yes flags=enum form=enum parents=java.lang.Enum primary=() primaryKind=not-funnelled primaryVis=public
type	com.kotcrab.vis.ui.util.async.AsyncTaskListener	sge.visui.util.async.AsyncTaskListener	Renamed	-		0		form=trait
type	com.kotcrab.vis.ui.util.async.AsyncTaskProgressDialog	sge.visui.util.async.AsyncTaskProgressDialog	Renamed	-		0		companion=yes form=class parents=sge.visui.widget.VisWindow primary=(String,AsyncTask) primaryKind=unique-root primaryVis=public
type	com.kotcrab.vis.ui.util.async.SteppedAsyncTask	sge.visui.util.async.SteppedAsyncTask	Renamed	-		0		companion=yes flags=abstract form=class parents=sge.visui.util.async.AsyncTask primary=(String) primaryKind=unique-root primaryVis=public
type	com.kotcrab.vis.ui.util.dialog.ConfirmDialogListener	sge.visui.util.dialog.ConfirmDialogListener	Renamed	-		0		form=trait tparams="[T <: java.lang.Object]"
type	com.kotcrab.vis.ui.util.dialog.Dialogs	sge.visui.util.dialog.Dialogs	Renamed	-		0		form=object primary=() primaryKind=unique-root primaryVis=public
type	com.kotcrab.vis.ui.util.dialog.Dialogs$ConfirmDialog	sge.visui.util.dialog.Dialogs$ConfirmDialog	Renamed	-		0		companion=yes form=class parents=sge.visui.widget.VisDialog primary=(String,String,String[],T[],ConfirmDialogListener) primaryKind=unique-root primaryVis=public tparams="[T <: java.lang.Object]"
type	com.kotcrab.vis.ui.util.dialog.Dialogs$DetailsDialog	sge.visui.util.dialog.Dialogs$DetailsDialog	Renamed	-		0		companion=yes form=class parents=sge.visui.widget.VisDialog primary=(String,String,String) primaryKind=unique-root primaryVis=public
type	com.kotcrab.vis.ui.util.dialog.Dialogs$InputDialog	sge.visui.util.dialog.Dialogs$InputDialog	Renamed	-		0		companion=yes form=class parents=sge.visui.widget.VisWindow primary=(String,String,boolean,InputValidator,InputDialogListener) primaryKind=unique-root primaryVis=public
type	com.kotcrab.vis.ui.util.dialog.Dialogs$OptionDialog	sge.visui.util.dialog.Dialogs$OptionDialog	Renamed	-		0		companion=yes form=class parents=sge.visui.widget.VisWindow primary=(String,String,OptionDialogType,OptionDialogListener) primaryKind=unique-root primaryVis=public
type	com.kotcrab.vis.ui.util.dialog.Dialogs$OptionDialogType	sge.visui.util.dialog.Dialogs$OptionDialogType	Renamed	-		0		companion=yes flags=enum form=enum parents=java.lang.Enum primary=() primaryKind=not-funnelled primaryVis=public
type	com.kotcrab.vis.ui.util.dialog.Dialogs$Text	sge.visui.util.dialog.Dialogs$Text	Renamed	-		0		companion=yes flags=abstract,sealed form=enum-class parents=java.lang.Enum,sge.visui.i18n.BundleText primary=(String) primaryKind=not-funnelled primaryVis=public statics=,getBundle
type	com.kotcrab.vis.ui.util.dialog.InputDialogAdapter	sge.visui.util.dialog.InputDialogAdapter	Renamed	-		0		form=class parents=sge.visui.util.dialog.InputDialogListener primary=() primaryKind=unique-root primaryVis=public
type	com.kotcrab.vis.ui.util.dialog.InputDialogListener	sge.visui.util.dialog.InputDialogListener	Renamed	-		0		form=trait
type	com.kotcrab.vis.ui.util.dialog.OptionDialogAdapter	sge.visui.util.dialog.OptionDialogAdapter	Renamed	-		0		form=class parents=sge.visui.util.dialog.OptionDialogListener primary=() primaryKind=unique-root primaryVis=public
type	com.kotcrab.vis.ui.util.dialog.OptionDialogListener	sge.visui.util.dialog.OptionDialogListener	Renamed	-		0		form=trait
type	com.kotcrab.vis.ui.util.form.FormInputValidator	sge.visui.util.form.FormInputValidator	Renamed	-		0		flags=abstract form=class parents=sge.visui.util.InputValidator primary=(String) primaryKind=unique-root primaryVis=public
type	com.kotcrab.vis.ui.util.form.FormValidator	sge.visui.util.form.FormValidator	Renamed	-		0		companion=yes form=class parents=sge.visui.util.form.SimpleFormValidator primary=() primaryKind=not-funnelled primaryVis=public secondaries=(Disableable);(Disableable,Label);(Disableable,Label,String);(Disableable,Label,FormValidatorStyle) statics=DirectoryContentValidator,DirectoryValidator,FileExistsValidator
type	com.kotcrab.vis.ui.util.form.FormValidator$DirectoryContentValidator	sge.visui.util.form.FormValidator$DirectoryContentValidator	Renamed	-		0		form=class parents=sge.visui.util.form.FormInputValidator primary=(String,boolean) primaryKind=unique-root primaryVis=public
type	com.kotcrab.vis.ui.util.form.FormValidator$DirectoryValidator	sge.visui.util.form.FormValidator$DirectoryValidator	Renamed	-		0		form=class parents=sge.visui.util.form.FormInputValidator primary=(String) primaryKind=unique-root primaryVis=public
type	com.kotcrab.vis.ui.util.form.FormValidator$FileExistsValidator	sge.visui.util.form.FormValidator$FileExistsValidator	Renamed	-		0		form=class parents=sge.visui.util.form.FormInputValidator primary=(String,VisTextField,File,boolean,boolean) primaryKind=synthesised-primary primaryVis=protected secondaries=(String);(String,boolean);(File,String);(File,String,boolean);(VisTextField,String);(VisTextField,String,boolean);(VisTextField,String,boolean,boolean)
type	com.kotcrab.vis.ui.util.form.SimpleFormValidator	sge.visui.util.form.SimpleFormValidator	Renamed	-		0		companion=yes form=class primary=() primaryKind=not-funnelled primaryVis=public secondaries=(Disableable);(Disableable,Label);(Disableable,Label,String);(Disableable,Label,FormValidatorStyle) statics=CheckedButtonWrapper,EmptyInputValidator,FormValidatorStyle
type	com.kotcrab.vis.ui.util.form.SimpleFormValidator$ChangeSharedListener	sge.visui.util.form.SimpleFormValidator$ChangeSharedListener	Renamed	-		0		companion=yes form=class parents=sge.scenes.scene2d.utils.ChangeListener primary=() primaryKind=unique-root primaryVis=private[SimpleFormValidator]
type	com.kotcrab.vis.ui.util.form.SimpleFormValidator$CheckedButtonWrapper	sge.visui.util.form.SimpleFormValidator$CheckedButtonWrapper	Renamed	-		0		form=class primary=(Button,boolean,String) primaryKind=unique-root primaryVis=public
type	com.kotcrab.vis.ui.util.form.SimpleFormValidator$EmptyInputValidator	sge.visui.util.form.SimpleFormValidator$EmptyInputValidator	Renamed	-		0		form=class parents=sge.visui.util.form.FormInputValidator primary=(String) primaryKind=unique-root primaryVis=public
type	com.kotcrab.vis.ui.util.form.SimpleFormValidator$FormValidatorStyle	sge.visui.util.form.SimpleFormValidator$FormValidatorStyle	Renamed	-		0		companion=yes disambiguator=marker form=class primary=(?) primaryKind=synthesised-primary primaryVis=protected secondaries=();(Color,Color);(FormValidatorStyle)
type	com.kotcrab.vis.ui.util.form.ValidatorWrapper	sge.visui.util.form.ValidatorWrapper	Renamed	-		0		form=class parents=sge.visui.util.form.FormInputValidator primary=(String,InputValidator) primaryKind=unique-root primaryVis=public
type	com.kotcrab.vis.ui.util.highlight.BaseHighlighter	sge.visui.util.highlight.BaseHighlighter	Renamed	-		0		form=class primary=() primaryKind=unique-root primaryVis=public
type	com.kotcrab.vis.ui.util.highlight.Highlight	sge.visui.util.highlight.Highlight	Renamed	-		0		form=class parents=java.lang.Comparable primary=(Color,int,int) primaryKind=unique-root primaryVis=public
type	com.kotcrab.vis.ui.util.highlight.HighlightRule	sge.visui.util.highlight.HighlightRule	Renamed	-		0		form=trait
type	com.kotcrab.vis.ui.util.highlight.Highlighter	sge.visui.util.highlight.Highlighter	Renamed	-		0		form=class parents=sge.visui.util.highlight.BaseHighlighter primary=() primaryKind=unique-root primaryVis=public
type	com.kotcrab.vis.ui.util.highlight.RegexHighlightRule	sge.visui.util.highlight.RegexHighlightRule	Renamed	-		0		form=class parents=sge.visui.util.highlight.HighlightRule primary=(Color,String) primaryKind=unique-root primaryVis=public
type	com.kotcrab.vis.ui.util.highlight.WordHighlightRule	sge.visui.util.highlight.WordHighlightRule	Renamed	-		0		form=class parents=sge.visui.util.highlight.HighlightRule primary=(Color,String) primaryKind=unique-root primaryVis=public
type	com.kotcrab.vis.ui.util.value.ConstantIfVisibleValue	sge.visui.util.value.ConstantIfVisibleValue	Renamed	-		0		companion=yes disambiguator=marker form=class parents=sge.scenes.scene2d.ui.Value primary=(Actor,float,?) primaryKind=synthesised-primary primaryVis=protected secondaries=(float);(Actor,float)
type	com.kotcrab.vis.ui.util.value.PrefHeightIfVisibleValue	sge.visui.util.value.PrefHeightIfVisibleValue	Renamed	-		0		companion=yes form=class parents=sge.scenes.scene2d.ui.Value primary=() primaryKind=unique-root primaryVis=public statics=INSTANCE
type	com.kotcrab.vis.ui.util.value.PrefWidthIfVisibleValue	sge.visui.util.value.PrefWidthIfVisibleValue	Renamed	-		0		companion=yes form=class parents=sge.scenes.scene2d.ui.Value primary=() primaryKind=unique-root primaryVis=public statics=INSTANCE
type	com.kotcrab.vis.ui.util.value.VisValue	sge.visui.util.value.VisValue	Renamed	-		0		companion=yes form=class parents=sge.scenes.scene2d.ui.Value primary=(ValueGetter) primaryKind=unique-root primaryVis=public statics=ValueGetter
type	com.kotcrab.vis.ui.util.value.VisValue$ValueGetter	sge.visui.util.value.VisValue$ValueGetter	Renamed	-		0		form=trait
type	com.kotcrab.vis.ui.util.value.VisWidgetValue	sge.visui.util.value.VisWidgetValue	Renamed	-		0		companion=yes form=class parents=sge.scenes.scene2d.ui.Value primary=(WidgetValueGetter) primaryKind=unique-root primaryVis=public statics=WidgetValueGetter
type	com.kotcrab.vis.ui.util.value.VisWidgetValue$WidgetValueGetter	sge.visui.util.value.VisWidgetValue$WidgetValueGetter	Renamed	-		0		form=trait
type	com.kotcrab.vis.ui.widget.BusyBar	sge.visui.widget.BusyBar	Renamed	-		0		companion=yes disambiguator=marker form=class parents=sge.scenes.scene2d.ui.Widget primary=(?) primaryKind=synthesised-primary primaryVis=protected secondaries=();(String);(BusyBarStyle) statics=BusyBarStyle
type	com.kotcrab.vis.ui.widget.BusyBar$BusyBarStyle	sge.visui.widget.BusyBar$BusyBarStyle	Renamed	-		0		companion=yes disambiguator=marker form=class primary=(?) primaryKind=synthesised-primary primaryVis=protected secondaries=();(BusyBarStyle);(Drawable,int,int,int)
type	com.kotcrab.vis.ui.widget.ButtonBar	sge.visui.widget.ButtonBar	Renamed	-		0		companion=yes form=class primary=(Sizes,String) primaryKind=unique-root primaryVis=public secondaries=();(String);(Sizes) statics=ButtonType,LINUX_ORDER,OSX_ORDER,WINDOWS_ORDER,getDefaultOrder
type	com.kotcrab.vis.ui.widget.ButtonBar$ButtonType	sge.visui.widget.ButtonBar$ButtonType	Renamed	-		0		companion=yes flags=enum form=enum parents=java.lang.Enum primary=(String,char) primaryKind=not-funnelled primaryVis=public
type	com.kotcrab.vis.ui.widget.CollapsibleWidget	sge.visui.widget.CollapsibleWidget	Renamed	-		0		companion=yes disambiguator=marker form=class parents=sge.scenes.scene2d.ui.WidgetGroup primary=(Table,boolean,?) primaryKind=synthesised-primary primaryVis=protected secondaries=();(Table);(Table,boolean)
type	com.kotcrab.vis.ui.widget.CollapsibleWidget$CollapseAction	sge.visui.widget.CollapsibleWidget$CollapseAction	Renamed	-		0		form=class parents=sge.scenes.scene2d.actions.FloatAction primary=() primaryKind=unique-root primaryVis=private[CollapsibleWidget]
type	com.kotcrab.vis.ui.widget.Draggable	sge.visui.widget.Draggable	Renamed	-		0		companion=yes form=class parents=sge.scenes.scene2d.InputListener primary=(DragListener) primaryKind=unique-root primaryVis=public secondaries=() statics=BLOCKER,BLOCK_INPUT,DEFAULT_ALPHA,DEFAULT_FADING_TIME,DEFAULT_LISTENER,DEFAULT_MOVING_TIME,DragAdapter,DragListener,INVISIBLE_ON_DRAG,KEEP_WITHIN_PARENT,MIMIC_COORDINATES,MimicActor,STAGE_COORDINATES,addBlocker,removeBlocker
type	com.kotcrab.vis.ui.widget.Draggable$DragAdapter	sge.visui.widget.Draggable$DragAdapter	Renamed	-		0		companion=yes form=class parents=sge.visui.widget.Draggable$DragListener primary=() primaryKind=unique-root primaryVis=public
type	com.kotcrab.vis.ui.widget.Draggable$DragListener	sge.visui.widget.Draggable$DragListener	Renamed	-		0		companion=yes form=trait statics=APPROVE,CANCEL
type	com.kotcrab.vis.ui.widget.Draggable$MimicActor	sge.visui.widget.Draggable$MimicActor	Renamed	-		0		companion=yes disambiguator=marker form=class parents=sge.scenes.scene2d.Actor primary=(Actor,?) primaryKind=synthesised-primary primaryVis=protected secondaries=();(Actor) statics=LAST_POSITION
type	com.kotcrab.vis.ui.widget.HighlightTextArea	sge.visui.widget.HighlightTextArea	Renamed	-		0		companion=yes form=class parents=sge.visui.widget.ScrollableTextArea primary=() primaryKind=not-funnelled primaryVis=public secondaries=(String);(String,String);(String,VisTextFieldStyle) statics=Chunk
type	com.kotcrab.vis.ui.widget.HighlightTextArea$Chunk	sge.visui.widget.HighlightTextArea$Chunk	Renamed	-		0		form=class primary=(String,Color,float,int) primaryKind=unique-root primaryVis=public
type	com.kotcrab.vis.ui.widget.HorizontalCollapsibleWidget	sge.visui.widget.HorizontalCollapsibleWidget	Renamed	-		0		companion=yes disambiguator=marker form=class parents=sge.scenes.scene2d.ui.WidgetGroup primary=(Table,boolean,?) primaryKind=synthesised-primary primaryVis=protected secondaries=();(Table);(Table,boolean)
type	com.kotcrab.vis.ui.widget.HorizontalCollapsibleWidget$CollapseAction	sge.visui.widget.HorizontalCollapsibleWidget$CollapseAction	Renamed	-		0		form=class parents=sge.scenes.scene2d.actions.FloatAction primary=() primaryKind=unique-root primaryVis=private[HorizontalCollapsibleWidget]
type	com.kotcrab.vis.ui.widget.LinkLabel	sge.visui.widget.LinkLabel	Renamed	-		0		companion=yes disambiguator=marker form=class parents=sge.visui.widget.VisLabel primary=(CharSequence,LabelStyle,?) primaryKind=synthesised-primary primaryVis=protected secondaries=(CharSequence);(CharSequence,CharSequence);(CharSequence,int);(CharSequence,Color);(CharSequence,LinkLabelStyle);(CharSequence,CharSequence,String);(CharSequence,CharSequence,LinkLabelStyle);(CharSequence,String,Color) statics=LinkLabelListener,LinkLabelStyle,tempColor
type	com.kotcrab.vis.ui.widget.LinkLabel$LinkLabelListener	sge.visui.widget.LinkLabel$LinkLabelListener	Renamed	-		0		form=trait
type	com.kotcrab.vis.ui.widget.LinkLabel$LinkLabelStyle	sge.visui.widget.LinkLabel$LinkLabelStyle	Renamed	-		0		form=class parents=sge.scenes.scene2d.ui.Label$LabelStyle primary=() primaryKind=no-arg-root primaryVis=public secondaries=(BitmapFont,Color,Drawable);(LinkLabelStyle)
type	com.kotcrab.vis.ui.widget.ListView	sge.visui.widget.ListView	Renamed	-		0		companion=yes form=class primary=(ListAdapter,ListViewStyle) primaryKind=unique-root primaryVis=public secondaries=(ListAdapter);(ListAdapter,String) statics=ItemClickListener,ListViewTable,UpdatePolicy tparams="[ItemT <: java.lang.Object]"
type	com.kotcrab.vis.ui.widget.ListView$ItemClickListener	sge.visui.widget.ListView$ItemClickListener	Renamed	-		0		form=trait tparams="[ItemT <: java.lang.Object]"
type	com.kotcrab.vis.ui.widget.ListView$ListAdapterListener	sge.visui.widget.ListView$ListAdapterListener	Renamed	-		0		form=class primary=() primaryKind=unique-root primaryVis=public
type	com.kotcrab.vis.ui.widget.ListView$ListViewTable	sge.visui.widget.ListView$ListViewTable	Renamed	-		0		companion=yes form=class parents=sge.visui.widget.VisTable primary=(ListView) primaryKind=unique-root primaryVis=private[ListView] tparams="[ItemT <: java.lang.Object]"
type	com.kotcrab.vis.ui.widget.ListView$UpdatePolicy	sge.visui.widget.ListView$UpdatePolicy	Renamed	-		0		companion=yes flags=enum form=enum parents=java.lang.Enum primary=() primaryKind=not-funnelled primaryVis=public
type	com.kotcrab.vis.ui.widget.ListViewStyle	sge.visui.widget.ListViewStyle	Renamed	-		0		companion=yes disambiguator=marker form=class primary=(?) primaryKind=synthesised-primary primaryVis=protected secondaries=();(ListViewStyle)
type	com.kotcrab.vis.ui.widget.Menu	sge.visui.widget.Menu	Renamed	-		0		companion=yes form=class parents=sge.visui.widget.PopupMenu primary=(String,MenuStyle) primaryKind=unique-root primaryVis=public secondaries=(String);(String,String) statics=MenuStyle
type	com.kotcrab.vis.ui.widget.Menu$MenuStyle	sge.visui.widget.Menu$MenuStyle	Renamed	-		0		form=class parents=sge.visui.widget.PopupMenu$PopupMenuStyle primary=() primaryKind=no-arg-root primaryVis=public secondaries=(MenuStyle);(Drawable,Drawable,VisTextButtonStyle)
type	com.kotcrab.vis.ui.widget.MenuBar	sge.visui.widget.MenuBar	Renamed	-		0		companion=yes form=class primary=(MenuBarStyle) primaryKind=unique-root primaryVis=public secondaries=();(String) statics=MenuBarListener,MenuBarStyle
type	com.kotcrab.vis.ui.widget.MenuBar$MenuBarListener	sge.visui.widget.MenuBar$MenuBarListener	Renamed	-		0		form=trait
type	com.kotcrab.vis.ui.widget.MenuBar$MenuBarStyle	sge.visui.widget.MenuBar$MenuBarStyle	Renamed	-		0		companion=yes disambiguator=marker form=class primary=(?) primaryKind=synthesised-primary primaryVis=protected secondaries=();(MenuBarStyle);(Drawable)
type	com.kotcrab.vis.ui.widget.MenuItem	sge.visui.widget.MenuItem	Renamed	-		0		companion=yes form=class parents=sge.scenes.scene2d.ui.Button primary=(ButtonStyle) primaryKind=synthesised-primary primaryVis=protected secondaries=(String);(String,String);(String,ChangeListener);(String,Drawable);(String,Drawable,ChangeListener);(String,Drawable,String);(String,Image);(String,Image,ChangeListener);(String,Image,String);(String,Image,MenuItemStyle);(String,Drawable,MenuItemStyle) statics=MenuItemStyle,tmpVector
type	com.kotcrab.vis.ui.widget.MenuItem$MenuItemStyle	sge.visui.widget.MenuItem$MenuItemStyle	Renamed	-		0		form=class parents=sge.scenes.scene2d.ui.TextButton$TextButtonStyle primary=() primaryKind=no-arg-root primaryVis=public secondaries=(Drawable);(MenuItemStyle)
type	com.kotcrab.vis.ui.widget.MultiSplitPane	sge.visui.widget.MultiSplitPane	Renamed	-		0		companion=yes form=class parents=sge.scenes.scene2d.ui.WidgetGroup primary=(boolean,MultiSplitPaneStyle) primaryKind=unique-root primaryVis=public secondaries=(boolean);(boolean,String) statics=MultiSplitPaneStyle
type	com.kotcrab.vis.ui.widget.MultiSplitPane$MultiSplitPaneStyle	sge.visui.widget.MultiSplitPane$MultiSplitPaneStyle	Renamed	-		0		form=class parents=sge.visui.widget.VisSplitPane$VisSplitPaneStyle primary=() primaryKind=no-arg-root primaryVis=public secondaries=(VisSplitPaneStyle);(Drawable,Drawable)
type	com.kotcrab.vis.ui.widget.PopupMenu	sge.visui.widget.PopupMenu	Renamed	-		0		companion=yes form=class parents=sge.scenes.scene2d.ui.Table primary=() primaryKind=not-funnelled primaryVis=public secondaries=(String);(PopupMenuStyle);(Sizes,PopupMenuStyle) statics=PopupMenuListener,PopupMenuStyle,removeEveryMenu,tmpVector
type	com.kotcrab.vis.ui.widget.PopupMenu$PopupMenuListener	sge.visui.widget.PopupMenu$PopupMenuListener	Renamed	-		0		form=trait
type	com.kotcrab.vis.ui.widget.PopupMenu$PopupMenuStyle	sge.visui.widget.PopupMenu$PopupMenuStyle	Renamed	-		0		companion=yes disambiguator=marker form=class primary=(?) primaryKind=synthesised-primary primaryVis=protected secondaries=();(Drawable,Drawable);(PopupMenuStyle)
type	com.kotcrab.vis.ui.widget.ScrollableTextArea	sge.visui.widget.ScrollableTextArea	Renamed	-		0		companion=yes form=class parents=sge.visui.widget.VisTextArea,sge.scenes.scene2d.utils.Cullable primary=() primaryKind=not-funnelled primaryVis=public secondaries=(String);(String,String);(String,VisTextFieldStyle)
type	com.kotcrab.vis.ui.widget.ScrollableTextArea$ScrollTextAreaListener	sge.visui.widget.ScrollableTextArea$ScrollTextAreaListener	Renamed	-		0		companion=yes form=class parents=sge.visui.widget.VisTextArea$TextAreaListener primary=() primaryKind=unique-root primaryVis=public
type	com.kotcrab.vis.ui.widget.Separator	sge.visui.widget.Separator	Renamed	-		0		companion=yes disambiguator=marker form=class parents=sge.scenes.scene2d.ui.Widget primary=(?) primaryKind=synthesised-primary primaryVis=protected secondaries=();(String);(SeparatorStyle) statics=SeparatorStyle
type	com.kotcrab.vis.ui.widget.Separator$SeparatorStyle	sge.visui.widget.Separator$SeparatorStyle	Renamed	-		0		companion=yes disambiguator=marker form=class primary=(?) primaryKind=synthesised-primary primaryVis=protected secondaries=();(SeparatorStyle);(Drawable,int)
type	com.kotcrab.vis.ui.widget.Tooltip	sge.visui.widget.Tooltip	Renamed	-		0		companion=yes form=class parents=sge.visui.widget.VisTable primary=(boolean) primaryKind=synthesised-primary primaryVis=protected secondaries=(Builder);();(String);(TooltipStyle) statics=Builder,DEFAULT_APPEAR_DELAY_TIME,DEFAULT_FADE_TIME,MOUSE_MOVED_FADEOUT,TooltipStyle,removeTooltip
type	com.kotcrab.vis.ui.widget.Tooltip$Builder	sge.visui.widget.Tooltip$Builder	Renamed	-		0		form=class primary=() primaryKind=not-funnelled primaryVis=public secondaries=(Actor);(String);(String,int)
type	com.kotcrab.vis.ui.widget.Tooltip$DisplayTask	sge.visui.widget.Tooltip$DisplayTask	Renamed	-		0		form=class parents=sge.utils.Timer$Task primary=() primaryKind=unique-root primaryVis=private[Tooltip]
type	com.kotcrab.vis.ui.widget.Tooltip$TooltipInputListener	sge.visui.widget.Tooltip$TooltipInputListener	Renamed	-		0		companion=yes form=class parents=sge.scenes.scene2d.InputListener primary=() primaryKind=unique-root primaryVis=private[Tooltip]
type	com.kotcrab.vis.ui.widget.Tooltip$TooltipStyle	sge.visui.widget.Tooltip$TooltipStyle	Renamed	-		0		companion=yes disambiguator=marker form=class primary=(?) primaryKind=synthesised-primary primaryVis=protected secondaries=();(TooltipStyle);(Drawable)
type	com.kotcrab.vis.ui.widget.VisCheckBox	sge.visui.widget.VisCheckBox	Renamed	-		0		companion=yes form=class parents=sge.scenes.scene2d.ui.TextButton,sge.visui.Focusable,sge.visui.util.BorderOwner primary=(String,VisCheckBoxStyle) primaryKind=unique-root primaryVis=public secondaries=(String);(String,boolean);(String,String) statics=VisCheckBoxStyle
type	com.kotcrab.vis.ui.widget.VisCheckBox$VisCheckBoxStyle	sge.visui.widget.VisCheckBox$VisCheckBoxStyle	Renamed	-		0		form=class parents=sge.scenes.scene2d.ui.TextButton$TextButtonStyle primary=() primaryKind=no-arg-root primaryVis=public secondaries=(Drawable,Drawable,BitmapFont,Color);(VisCheckBoxStyle)
type	com.kotcrab.vis.ui.widget.VisDialog	sge.visui.widget.VisDialog	Renamed	-		0		companion=yes form=class parents=sge.visui.widget.VisWindow primary=() primaryKind=not-funnelled primaryVis=public secondaries=(String);(String,String);(String,WindowStyle)
type	com.kotcrab.vis.ui.widget.VisImage	sge.visui.widget.VisImage	Renamed	-		0		companion=yes form=class parents=sge.scenes.scene2d.ui.Image primary=() primaryKind=no-arg-root primaryVis=public secondaries=(NinePatch);(TextureRegion);(Texture);(String);(Skin,String);(Drawable);(Drawable,Scaling);(Drawable,Scaling,int)
type	com.kotcrab.vis.ui.widget.VisImageButton	sge.visui.widget.VisImageButton	Renamed	-		0		companion=yes disambiguator=marker form=class parents=sge.scenes.scene2d.ui.Button,sge.visui.Focusable,sge.visui.util.BorderOwner primary=(ButtonStyle,?) primaryKind=synthesised-primary primaryVis=protected secondaries=(Drawable);(Drawable,String);(Drawable,Drawable);(Drawable,Drawable,Drawable);(Drawable,Drawable,Drawable,String);(String);(VisImageButtonStyle) statics=VisImageButtonStyle
type	com.kotcrab.vis.ui.widget.VisImageButton$VisImageButtonStyle	sge.visui.widget.VisImageButton$VisImageButtonStyle	Renamed	-		0		form=class parents=sge.scenes.scene2d.ui.Button$ButtonStyle primary=() primaryKind=no-arg-root primaryVis=public secondaries=(Drawable,Drawable,Drawable,Drawable,Drawable,Drawable);(VisImageButtonStyle)
type	com.kotcrab.vis.ui.widget.VisImageTextButton	sge.visui.widget.VisImageTextButton	Renamed	-		0		companion=yes form=class parents=sge.scenes.scene2d.ui.Button,sge.visui.Focusable,sge.visui.util.BorderOwner primary=(ButtonStyle) primaryKind=synthesised-primary primaryVis=protected secondaries=(String,Drawable);(String,String,Drawable);(String,String,Drawable,Drawable);(String,String);(String,VisImageTextButtonStyle) statics=Orientation,VisImageTextButtonStyle
type	com.kotcrab.vis.ui.widget.VisImageTextButton$Orientation	sge.visui.widget.VisImageTextButton$Orientation	Renamed	-		0		companion=yes flags=enum form=enum parents=java.lang.Enum primary=() primaryKind=not-funnelled primaryVis=public
type	com.kotcrab.vis.ui.widget.VisImageTextButton$VisImageTextButtonStyle	sge.visui.widget.VisImageTextButton$VisImageTextButtonStyle	Renamed	-		0		form=class parents=sge.visui.widget.VisTextButton$VisTextButtonStyle primary=() primaryKind=no-arg-root primaryVis=public secondaries=(Drawable,Drawable,Drawable,BitmapFont);(VisImageTextButtonStyle);(VisTextButtonStyle)
type	com.kotcrab.vis.ui.widget.VisLabel	sge.visui.widget.VisLabel	Renamed	-		0		companion=yes form=class parents=sge.scenes.scene2d.ui.Label primary=() primaryKind=no-arg-root primaryVis=public secondaries=(CharSequence,Color);(CharSequence,int);(CharSequence);(CharSequence,LabelStyle);(CharSequence,String);(CharSequence,String,Color);(CharSequence,String,String)
type	com.kotcrab.vis.ui.widget.VisList	sge.visui.widget.VisList	Renamed	-		0		companion=yes form=class parents=sge.scenes.scene2d.ui.List primary=() primaryKind=no-arg-root primaryVis=public secondaries=(String);(ListStyle) tparams="[T <: java.lang.Object]"
type	com.kotcrab.vis.ui.widget.VisProgressBar	sge.visui.widget.VisProgressBar	Renamed	-		0		companion=yes form=class parents=sge.scenes.scene2d.ui.ProgressBar primary=(float,float,float,boolean,ProgressBarStyle) primaryKind=unique-root primaryVis=public secondaries=(float,float,float,boolean);(float,float,float,boolean,String)
type	com.kotcrab.vis.ui.widget.VisRadioButton	sge.visui.widget.VisRadioButton	Renamed	-		0		companion=yes form=class parents=sge.visui.widget.VisCheckBox primary=(String,VisCheckBoxStyle) primaryKind=unique-root primaryVis=public secondaries=(String)
type	com.kotcrab.vis.ui.widget.VisScrollPane	sge.visui.widget.VisScrollPane	Renamed	-		0		companion=yes form=class parents=sge.scenes.scene2d.ui.ScrollPane primary=() primaryKind=not-funnelled primaryVis=public secondaries=(Actor,ScrollPaneStyle);(Actor,String);(Actor)
type	com.kotcrab.vis.ui.widget.VisSelectBox	sge.visui.widget.VisSelectBox	Renamed	-		0		companion=yes form=class parents=sge.scenes.scene2d.ui.SelectBox primary=() primaryKind=no-arg-root primaryVis=public secondaries=(SelectBoxStyle);(String) tparams="[T <: java.lang.Object]"
type	com.kotcrab.vis.ui.widget.VisSlider	sge.visui.widget.VisSlider	Renamed	-		0		companion=yes form=class parents=sge.scenes.scene2d.ui.Slider primary=() primaryKind=not-funnelled primaryVis=public secondaries=(float,float,float,boolean);(float,float,float,boolean,String);(float,float,float,boolean,SliderStyle)
type	com.kotcrab.vis.ui.widget.VisSplitPane	sge.visui.widget.VisSplitPane	Renamed	-		0		companion=yes form=class parents=sge.scenes.scene2d.ui.WidgetGroup primary=(Actor,Actor,boolean,VisSplitPaneStyle) primaryKind=unique-root primaryVis=public secondaries=(Actor,Actor,boolean);(Actor,Actor,boolean,String) statics=VisSplitPaneStyle
type	com.kotcrab.vis.ui.widget.VisSplitPane$VisSplitPaneStyle	sge.visui.widget.VisSplitPane$VisSplitPaneStyle	Renamed	-		0		form=class parents=sge.scenes.scene2d.ui.SplitPane$SplitPaneStyle primary=() primaryKind=no-arg-root primaryVis=public secondaries=(VisSplitPaneStyle);(Drawable,Drawable)
type	com.kotcrab.vis.ui.widget.VisTable	sge.visui.widget.VisTable	Renamed	-		0		companion=yes form=class parents=sge.scenes.scene2d.ui.Table primary=(Nullable) primaryKind=synthesised-primary primaryVis=protected secondaries=();(boolean)
type	com.kotcrab.vis.ui.widget.VisTextArea	sge.visui.widget.VisTextArea	Renamed	-		0		companion=yes form=class parents=sge.visui.widget.VisTextField primary=() primaryKind=no-arg-root primaryVis=public secondaries=(String,String);(String,VisTextFieldStyle);(String)
type	com.kotcrab.vis.ui.widget.VisTextArea$TextAreaListener	sge.visui.widget.VisTextArea$TextAreaListener	Renamed	-		0		companion=yes form=class parents=sge.visui.widget.VisTextField$TextFieldClickListener primary=() primaryKind=unique-root primaryVis=public
type	com.kotcrab.vis.ui.widget.VisTextButton	sge.visui.widget.VisTextButton	Renamed	-		0		companion=yes form=class parents=sge.scenes.scene2d.ui.TextButton,sge.visui.Focusable,sge.visui.util.BorderOwner primary=(Nullable,TextButtonStyle) primaryKind=synthesised-primary primaryVis=protected secondaries=(String,String);(String);(String,ChangeListener);(String,String,ChangeListener);(String,VisTextButtonStyle) statics=VisTextButtonStyle
type	com.kotcrab.vis.ui.widget.VisTextButton$VisTextButtonStyle	sge.visui.widget.VisTextButton$VisTextButtonStyle	Renamed	-		0		form=class parents=sge.scenes.scene2d.ui.TextButton$TextButtonStyle primary=() primaryKind=no-arg-root primaryVis=public secondaries=(Drawable,Drawable,Drawable,BitmapFont);(VisTextButtonStyle)
type	com.kotcrab.vis.ui.widget.VisTextField	sge.visui.widget.VisTextField	Renamed	-		0		companion=yes form=class parents=sge.scenes.scene2d.ui.Widget,sge.scenes.scene2d.utils.Disableable,sge.visui.Focusable,sge.visui.util.BorderOwner primary=() primaryKind=unique-root primaryVis=public secondaries=(String);(String,String);(String,VisTextFieldStyle) statics=BACKSPACE,BULLET,DELETE,ENTER_ANDROID,ENTER_DESKTOP,TAB,TextFieldFilter,TextFieldListener,VisTextFieldStyle,keyRepeatInitialTime,keyRepeatTime,tmp1,tmp2,tmp3
type	com.kotcrab.vis.ui.widget.VisTextField$KeyRepeatTask	sge.visui.widget.VisTextField$KeyRepeatTask	Renamed	-		0		form=class parents=sge.utils.Timer$Task primary=() primaryKind=unique-root primaryVis=public
type	com.kotcrab.vis.ui.widget.VisTextField$TextFieldClickListener	sge.visui.widget.VisTextField$TextFieldClickListener	Renamed	-		0		companion=yes form=class parents=sge.scenes.scene2d.utils.ClickListener primary=() primaryKind=unique-root primaryVis=public
type	com.kotcrab.vis.ui.widget.VisTextField$TextFieldFilter	sge.visui.widget.VisTextField$TextFieldFilter	Renamed	-		0		companion=yes form=trait statics=DigitsOnlyFilter
type	com.kotcrab.vis.ui.widget.VisTextField$TextFieldFilter$DigitsOnlyFilter	sge.visui.widget.VisTextField$TextFieldFilter$DigitsOnlyFilter	Renamed	-		0		companion=yes form=class parents=sge.visui.widget.VisTextField$TextFieldFilter primary=() primaryKind=unique-root primaryVis=public
type	com.kotcrab.vis.ui.widget.VisTextField$TextFieldListener	sge.visui.widget.VisTextField$TextFieldListener	Renamed	-		0		form=trait
type	com.kotcrab.vis.ui.widget.VisTextField$VisTextFieldStyle	sge.visui.widget.VisTextField$VisTextFieldStyle	Renamed	-		0		form=class parents=sge.scenes.scene2d.ui.TextField$TextFieldStyle primary=() primaryKind=no-arg-root primaryVis=public secondaries=(BitmapFont,Color,Drawable,Drawable,Drawable);(VisTextFieldStyle)
type	com.kotcrab.vis.ui.widget.VisTree	sge.visui.widget.VisTree	Renamed	-		0		companion=yes form=class parents=sge.scenes.scene2d.ui.Tree primary=() primaryKind=no-arg-root primaryVis=public secondaries=(String);(TreeStyle) tparams="[N <: sge.scenes.scene2d.ui.Tree.Node[N, V, ?], V <: java.lang.Object]"
type	com.kotcrab.vis.ui.widget.VisValidatableTextField	sge.visui.widget.VisValidatableTextField	Renamed	-		0		companion=yes form=class parents=sge.visui.widget.VisTextField primary=() primaryKind=no-arg-root primaryVis=public secondaries=(String);(String,String);(String,VisTextFieldStyle);(InputValidator);(InputValidator[]);(boolean,InputValidator);(boolean,InputValidator[])
type	com.kotcrab.vis.ui.widget.VisValidatableTextField$LastValidFocusListener	sge.visui.widget.VisValidatableTextField$LastValidFocusListener	Renamed	-		0		companion=yes form=class parents=sge.scenes.scene2d.utils.FocusListener primary=() primaryKind=unique-root primaryVis=private[VisValidatableTextField]
type	com.kotcrab.vis.ui.widget.VisWindow	sge.visui.widget.VisWindow	Renamed	-		0		companion=yes form=class parents=sge.scenes.scene2d.ui.Window primary=() primaryKind=not-funnelled primaryVis=public secondaries=(String);(String,boolean);(String,String);(String,WindowStyle) statics=FADE_TIME
type	com.kotcrab.vis.ui.widget.color.BasicColorPicker	sge.visui.widget.color.BasicColorPicker	Renamed	-		0		companion=yes form=class parents=sge.visui.widget.VisTable,java.lang.AutoCloseable primary=(ColorPickerWidgetStyle,ColorPickerListener,boolean) primaryKind=unique-root primaryVis=public secondaries=();(ColorPickerListener);(String,ColorPickerListener);(ColorPickerWidgetStyle,ColorPickerListener) statics=BAR_HEIGHT,BAR_WIDTH,FIELD_WIDTH,HEX_COLOR_LENGTH,HEX_COLOR_LENGTH_WITH_ALPHA,HEX_FIELD_WIDTH,PALETTE_SIZE,VERTICAL_BAR_WIDTH
type	com.kotcrab.vis.ui.widget.color.BasicColorPicker$PickerChangeListener	sge.visui.widget.color.BasicColorPicker$PickerChangeListener	Renamed	-		0		companion=yes form=class parents=sge.scenes.scene2d.utils.ChangeListener primary=() primaryKind=unique-root primaryVis=public
type	com.kotcrab.vis.ui.widget.color.ColorPicker	sge.visui.widget.color.ColorPicker	Renamed	-		0		companion=yes form=class parents=sge.visui.widget.VisWindow,java.lang.AutoCloseable primary=(String,String,ColorPickerListener) primaryKind=unique-root primaryVis=public secondaries=();(String);(String,ColorPickerListener);(ColorPickerListener)
type	com.kotcrab.vis.ui.widget.color.ColorPickerAdapter	sge.visui.widget.color.ColorPickerAdapter	Renamed	-		0		form=class parents=sge.visui.widget.color.ColorPickerListener primary=() primaryKind=unique-root primaryVis=public
type	com.kotcrab.vis.ui.widget.color.ColorPickerListener	sge.visui.widget.color.ColorPickerListener	Renamed	-		0		form=trait
type	com.kotcrab.vis.ui.widget.color.ColorPickerStyle	sge.visui.widget.color.ColorPickerStyle	Renamed	-		0		form=class parents=sge.scenes.scene2d.ui.Window$WindowStyle primary=() primaryKind=no-arg-root primaryVis=public secondaries=(ColorPickerStyle)
type	com.kotcrab.vis.ui.widget.color.ColorPickerWidgetStyle	sge.visui.widget.color.ColorPickerWidgetStyle	Renamed	-		0		companion=yes disambiguator=marker form=class primary=(?) primaryKind=synthesised-primary primaryVis=protected secondaries=();(ColorPickerWidgetStyle)
type	com.kotcrab.vis.ui.widget.color.ExtendedColorPicker	sge.visui.widget.color.ExtendedColorPicker	Renamed	-		0		companion=yes form=class parents=sge.visui.widget.color.BasicColorPicker,java.lang.AutoCloseable primary=(ColorPickerWidgetStyle,ColorPickerListener) primaryKind=unique-root primaryVis=public secondaries=();(ColorPickerListener);(String,ColorPickerListener)
type	com.kotcrab.vis.ui.widget.color.ExtendedColorPicker$AlphaChannelBarListener	sge.visui.widget.color.ExtendedColorPicker$AlphaChannelBarListener	Renamed	-		0		form=class parents=sge.visui.widget.color.ExtendedColorPicker$RgbChannelBarListener primary=() primaryKind=unique-root primaryVis=private[ExtendedColorPicker]
type	com.kotcrab.vis.ui.widget.color.ExtendedColorPicker$HsvChannelBarListener	sge.visui.widget.color.ExtendedColorPicker$HsvChannelBarListener	Renamed	-		0		flags=abstract form=class parents=sge.visui.widget.color.internal.ChannelBar$ChannelBarListener primary=() primaryKind=unique-root primaryVis=private[ExtendedColorPicker]
type	com.kotcrab.vis.ui.widget.color.ExtendedColorPicker$RgbChannelBarListener	sge.visui.widget.color.ExtendedColorPicker$RgbChannelBarListener	Renamed	-		0		form=class parents=sge.visui.widget.color.internal.ChannelBar$ChannelBarListener primary=() primaryKind=unique-root primaryVis=private[ExtendedColorPicker]
type	com.kotcrab.vis.ui.widget.color.internal.AlphaChannelBar	sge.visui.widget.color.internal.AlphaChannelBar	Renamed	-		0		companion=yes form=class parents=sge.visui.widget.color.internal.ChannelBar primary=(PickerCommons,int,int,ChangeListener) primaryKind=unique-root primaryVis=public
type	com.kotcrab.vis.ui.widget.color.internal.AlphaImage	sge.visui.widget.color.internal.AlphaImage	Renamed	-		0		companion=yes form=class parents=sge.visui.widget.VisImage primary=(PickerCommons,float) primaryKind=unique-root primaryVis=public
type	com.kotcrab.vis.ui.widget.color.internal.ChannelBar	sge.visui.widget.color.internal.ChannelBar	Renamed	-		0		companion=yes form=class parents=sge.visui.widget.color.internal.ShaderImage primary=(PickerCommons,int,int,ChangeListener) primaryKind=unique-root primaryVis=public statics=ChannelBarListener,MODE_ALPHA,MODE_B,MODE_G,MODE_H,MODE_R,MODE_S,MODE_V
type	com.kotcrab.vis.ui.widget.color.internal.ChannelBar$ChannelBarListener	sge.visui.widget.color.internal.ChannelBar$ChannelBarListener	Renamed	-		0		form=trait
type	com.kotcrab.vis.ui.widget.color.internal.ColorChannelWidget	sge.visui.widget.color.internal.ColorChannelWidget	Renamed	-		0		companion=yes form=class parents=sge.visui.widget.VisTable primary=(PickerCommons,String,int,int,ChannelBarListener) primaryKind=unique-root primaryVis=public
type	com.kotcrab.vis.ui.widget.color.internal.ColorInputField	sge.visui.widget.color.internal.ColorInputField	Renamed	-		0		companion=yes form=class parents=sge.visui.widget.VisValidatableTextField primary=(int,ColorInputFieldListener) primaryKind=unique-root primaryVis=public statics=ColorFieldValidator,ColorInputFieldListener,NumberFilter
type	com.kotcrab.vis.ui.widget.color.internal.ColorInputField$ColorFieldValidator	sge.visui.widget.color.internal.ColorInputField$ColorFieldValidator	Renamed	-		0		form=class parents=sge.visui.util.InputValidator primary=(int) primaryKind=unique-root primaryVis=public
type	com.kotcrab.vis.ui.widget.color.internal.ColorInputField$ColorInputFieldListener	sge.visui.widget.color.internal.ColorInputField$ColorInputFieldListener	Renamed	-		0		form=trait
type	com.kotcrab.vis.ui.widget.color.internal.ColorInputField$NumberFilter	sge.visui.widget.color.internal.ColorInputField$NumberFilter	Renamed	-		0		companion=yes form=class parents=sge.visui.widget.VisTextField$TextFieldFilter primary=() primaryKind=unique-root primaryVis=private[ColorInputField]
type	com.kotcrab.vis.ui.widget.color.internal.ColorPickerText	sge.visui.widget.color.internal.ColorPickerText	Renamed	-		0		companion=yes flags=abstract,sealed form=enum-class parents=java.lang.Enum,sge.visui.i18n.BundleText primary=(String) primaryKind=not-funnelled primaryVis=public statics=,getBundle
type	com.kotcrab.vis.ui.widget.color.internal.GridSubImage	sge.visui.widget.color.internal.GridSubImage	Renamed	-		0		form=class primary=(ShaderProgram,Texture,float) primaryKind=unique-root primaryVis=public
type	com.kotcrab.vis.ui.widget.color.internal.Palette	sge.visui.widget.color.internal.Palette	Renamed	-		0		companion=yes form=class parents=sge.visui.widget.color.internal.ShaderImage primary=(PickerCommons,int,ChangeListener) primaryKind=unique-root primaryVis=public
type	com.kotcrab.vis.ui.widget.color.internal.PickerCommons	sge.visui.widget.color.internal.PickerCommons	Renamed	-		0		form=class parents=java.lang.AutoCloseable primary=(ColorPickerWidgetStyle,Sizes,boolean) primaryKind=unique-root primaryVis=public
type	com.kotcrab.vis.ui.widget.color.internal.ShaderImage	sge.visui.widget.color.internal.ShaderImage	Renamed	-		0		companion=yes form=class parents=sge.visui.widget.VisImage primary=(ShaderProgram,Texture) primaryKind=unique-root primaryVis=public
type	com.kotcrab.vis.ui.widget.color.internal.VerticalChannelBar	sge.visui.widget.color.internal.VerticalChannelBar	Renamed	-		0		companion=yes form=class parents=sge.visui.widget.color.internal.ShaderImage primary=(PickerCommons,int,ChangeListener) primaryKind=unique-root primaryVis=public
type	com.kotcrab.vis.ui.widget.file.FileChooser	sge.visui.widget.file.FileChooser	Renamed	-		0		companion=yes disambiguator=marker form=class parents=sge.visui.widget.VisWindow,sge.visui.widget.file.internal.FileHistoryManager$FileHistoryCallback primary=(String,Mode,?) primaryKind=synthesised-primary primaryVis=protected secondaries=(Mode);(FileHandle,Mode);(String,Mode);(String,String,Mode) statics=DEFAULT_KEY,DefaultFileDeleter,DefaultFileFilter,DefaultFileIconProvider,FILE_WATCHER_CHECK_DELAY_MILLIS,FileDeleter,FileIconProvider,FileSorting,HistoryPolicy,Mode,SHORTCUTS_COMPARATOR,SelectionMode,ShortcutsComparator,ViewMode,focusFileScrollPaneOnShow,focusSelectedFileTextFieldOnShow,isSaveLastDirectory,saveLastDirectory,setDefaultPrefsName,setFavoritesPrefsName,setSaveLastDirectory,tmpVector
type	com.kotcrab.vis.ui.widget.file.FileChooser$DefaultFileDeleter	sge.visui.widget.file.FileChooser$DefaultFileDeleter	Renamed	-		0		flags=final form=class parents=sge.visui.widget.file.FileChooser$FileDeleter primary=() primaryKind=unique-root primaryVis=public
type	com.kotcrab.vis.ui.widget.file.FileChooser$DefaultFileFilter	sge.visui.widget.file.FileChooser$DefaultFileFilter	Renamed	-		0		form=class parents=java.io.FileFilter primary=(FileChooser) primaryKind=unique-root primaryVis=public
type	com.kotcrab.vis.ui.widget.file.FileChooser$DefaultFileIconProvider	sge.visui.widget.file.FileChooser$DefaultFileIconProvider	Renamed	-		0		form=class parents=sge.visui.widget.file.FileChooser$FileIconProvider primary=(FileChooser) primaryKind=unique-root primaryVis=public
type	com.kotcrab.vis.ui.widget.file.FileChooser$FileDeleter	sge.visui.widget.file.FileChooser$FileDeleter	Renamed	-		0		form=trait
type	com.kotcrab.vis.ui.widget.file.FileChooser$FileIconProvider	sge.visui.widget.file.FileChooser$FileIconProvider	Renamed	-		0		form=trait
type	com.kotcrab.vis.ui.widget.file.FileChooser$FileItem	sge.visui.widget.file.FileChooser$FileItem	Renamed	-		0		companion=yes form=class parents=sge.scenes.scene2d.ui.Table,sge.visui.Focusable primary=(FileHandle,ViewMode) primaryKind=unique-root primaryVis=public
type	com.kotcrab.vis.ui.widget.file.FileChooser$FileSorting	sge.visui.widget.file.FileChooser$FileSorting	Renamed	-		0		companion=yes flags=enum form=enum parents=java.lang.Enum primary=(Ordering) primaryKind=not-funnelled primaryVis=public
type	com.kotcrab.vis.ui.widget.file.FileChooser$HistoryPolicy	sge.visui.widget.file.FileChooser$HistoryPolicy	Renamed	-		0		companion=yes flags=enum form=enum parents=java.lang.Enum primary=() primaryKind=not-funnelled primaryVis=public
type	com.kotcrab.vis.ui.widget.file.FileChooser$Mode	sge.visui.widget.file.FileChooser$Mode	Renamed	-		0		companion=yes flags=enum form=enum parents=java.lang.Enum primary=() primaryKind=not-funnelled primaryVis=public
type	com.kotcrab.vis.ui.widget.file.FileChooser$SelectionMode	sge.visui.widget.file.FileChooser$SelectionMode	Renamed	-		0		companion=yes flags=enum form=enum parents=java.lang.Enum primary=() primaryKind=not-funnelled primaryVis=public
type	com.kotcrab.vis.ui.widget.file.FileChooser$ShortcutItem	sge.visui.widget.file.FileChooser$ShortcutItem	Renamed	-		0		companion=yes form=class parents=sge.scenes.scene2d.ui.Table,sge.visui.widget.file.internal.FileChooserWinService$RootNameListener,sge.visui.Focusable primary=(File,String,Drawable) primaryKind=unique-root primaryVis=public
type	com.kotcrab.vis.ui.widget.file.FileChooser$ShortcutsComparator	sge.visui.widget.file.FileChooser$ShortcutsComparator	Renamed	-		0		form=class parents=scala.math.Ordering primary=() primaryKind=unique-root primaryVis=private[FileChooser]
type	com.kotcrab.vis.ui.widget.file.FileChooser$ShowBusyBarTask	sge.visui.widget.file.FileChooser$ShowBusyBarTask	Renamed	-		0		form=class parents=sge.utils.Timer$Task primary=() primaryKind=unique-root primaryVis=private[FileChooser]
type	com.kotcrab.vis.ui.widget.file.FileChooser$ViewMode	sge.visui.widget.file.FileChooser$ViewMode	Renamed	-		0		companion=yes flags=enum form=enum parents=java.lang.Enum primary=(boolean,FileChooserText) primaryKind=not-funnelled primaryVis=public
type	com.kotcrab.vis.ui.widget.file.FileChooserAdapter	sge.visui.widget.file.FileChooserAdapter	Renamed	-		0		form=class parents=sge.visui.widget.file.FileChooserListener primary=() primaryKind=unique-root primaryVis=public
type	com.kotcrab.vis.ui.widget.file.FileChooserListener	sge.visui.widget.file.FileChooserListener	Renamed	-		0		form=trait
type	com.kotcrab.vis.ui.widget.file.FileChooserStyle	sge.visui.widget.file.FileChooserStyle	Renamed	-		0		companion=yes disambiguator=marker form=class primary=(?) primaryKind=synthesised-primary primaryVis=protected secondaries=();(FileChooserStyle)
type	com.kotcrab.vis.ui.widget.file.FileTypeFilter	sge.visui.widget.file.FileTypeFilter	Renamed	-		0		companion=yes form=class primary=() primaryKind=not-funnelled primaryVis=public secondaries=(FileTypeFilter);(boolean) statics=Rule
type	com.kotcrab.vis.ui.widget.file.FileTypeFilter$Rule	sge.visui.widget.file.FileTypeFilter$Rule	Renamed	-		0		form=class primary=() primaryKind=not-funnelled primaryVis=public secondaries=(String);(String,String[])
type	com.kotcrab.vis.ui.widget.file.FileUtils	sge.visui.widget.file.FileUtils	Renamed	-		0		form=object primary=() primaryKind=unique-root primaryVis=public
type	com.kotcrab.vis.ui.widget.file.SingleFileChooserListener	sge.visui.widget.file.SingleFileChooserListener	Renamed	-		0		flags=abstract form=class parents=sge.visui.widget.file.FileChooserListener primary=() primaryKind=unique-root primaryVis=public
type	com.kotcrab.vis.ui.widget.file.StreamingFileChooserListener	sge.visui.widget.file.StreamingFileChooserListener	Renamed	-		0		flags=abstract form=class parents=sge.visui.widget.file.FileChooserListener primary=() primaryKind=unique-root primaryVis=public
type	com.kotcrab.vis.ui.widget.file.internal.AbstractSuggestionPopup	sge.visui.widget.file.internal.AbstractSuggestionPopup	Renamed	-		0		companion=yes form=class parents=sge.visui.widget.PopupMenu primary=(FileChooser) primaryKind=unique-root primaryVis=public statics=MAX_SUGGESTIONS
type	com.kotcrab.vis.ui.widget.file.internal.DirsSuggestionPopup	sge.visui.widget.file.internal.DirsSuggestionPopup	Renamed	-		0		companion=yes form=class parents=sge.visui.widget.file.internal.AbstractSuggestionPopup primary=(FileChooser,VisTextField) primaryKind=unique-root primaryVis=public
type	com.kotcrab.vis.ui.widget.file.internal.DriveCheckerService	sge.visui.widget.file.internal.DriveCheckerService	Renamed	-		0		companion=yes form=class primary=() primaryKind=unique-root primaryVis=public statics=DriveCheckerListener,RootMode,getInstance,instance
type	com.kotcrab.vis.ui.widget.file.internal.DriveCheckerService$DriveCheckerListener	sge.visui.widget.file.internal.DriveCheckerService$DriveCheckerListener	Renamed	-		0		form=trait
type	com.kotcrab.vis.ui.widget.file.internal.DriveCheckerService$ListenerSet	sge.visui.widget.file.internal.DriveCheckerService$ListenerSet	Renamed	-		0		form=class primary=() primaryKind=unique-root primaryVis=public
type	com.kotcrab.vis.ui.widget.file.internal.DriveCheckerService$RootMode	sge.visui.widget.file.internal.DriveCheckerService$RootMode	Renamed	-		0		companion=yes flags=enum form=enum parents=java.lang.Enum primary=() primaryKind=not-funnelled primaryVis=public
type	com.kotcrab.vis.ui.widget.file.internal.FileChooserText	sge.visui.widget.file.internal.FileChooserText	Renamed	-		0		companion=yes flags=abstract,sealed form=enum-class parents=java.lang.Enum,sge.visui.i18n.BundleText primary=(String) primaryKind=not-funnelled primaryVis=public statics=,getBundle
type	com.kotcrab.vis.ui.widget.file.internal.FileChooserWinService	sge.visui.widget.file.internal.FileChooserWinService	Renamed	-		0		companion=yes form=class primary=() primaryKind=unique-root primaryVis=public statics=ListenerSet,RootNameListener,getInstance,instance
type	com.kotcrab.vis.ui.widget.file.internal.FileChooserWinService$ListenerSet	sge.visui.widget.file.internal.FileChooserWinService$ListenerSet	Renamed	-		0		form=class primary=() primaryKind=unique-root primaryVis=private[FileChooserWinService]
type	com.kotcrab.vis.ui.widget.file.internal.FileChooserWinService$RootNameListener	sge.visui.widget.file.internal.FileChooserWinService$RootNameListener	Renamed	-		0		form=trait
type	com.kotcrab.vis.ui.widget.file.internal.FileHandleMetadata	sge.visui.widget.file.internal.FileHandleMetadata	Renamed	-		0		companion=yes form=class primary=(FileHandle) primaryKind=unique-root primaryVis=private statics=of
type	com.kotcrab.vis.ui.widget.file.internal.FileHistoryManager	sge.visui.widget.file.internal.FileHistoryManager	Renamed	-		0		companion=yes form=class primary=(FileChooserStyle,FileHistoryCallback) primaryKind=unique-root primaryVis=public statics=FileHistoryCallback
type	com.kotcrab.vis.ui.widget.file.internal.FileHistoryManager$FileHistoryCallback	sge.visui.widget.file.internal.FileHistoryManager$FileHistoryCallback	Renamed	-		0		form=trait
type	com.kotcrab.vis.ui.widget.file.internal.FileListAdapter	sge.visui.widget.file.internal.FileListAdapter	Renamed	-		0		companion=yes form=class parents=sge.visui.util.adapter.ArrayAdapter primary=(FileChooser,Array) primaryKind=unique-root primaryVis=public
type	com.kotcrab.vis.ui.widget.file.internal.FilePopupMenu	sge.visui.widget.file.internal.FilePopupMenu	Renamed	-		0		companion=yes form=class parents=sge.visui.widget.PopupMenu primary=(FileChooser,FilePopupMenuCallback) primaryKind=unique-root primaryVis=public statics=FilePopupMenuCallback
type	com.kotcrab.vis.ui.widget.file.internal.FilePopupMenu$FilePopupMenuCallback	sge.visui.widget.file.internal.FilePopupMenu$FilePopupMenuCallback	Renamed	-		0		form=trait
type	com.kotcrab.vis.ui.widget.file.internal.FileSuggestionPopup	sge.visui.widget.file.internal.FileSuggestionPopup	Renamed	-		0		companion=yes form=class parents=sge.visui.widget.file.internal.AbstractSuggestionPopup primary=(FileChooser) primaryKind=unique-root primaryVis=public
type	com.kotcrab.vis.ui.widget.file.internal.IconStack	sge.visui.widget.file.internal.IconStack	Renamed	-		0		companion=yes form=class parents=sge.scenes.scene2d.ui.WidgetGroup primary=(VisImage,VisCheckBox) primaryKind=unique-root primaryVis=public
type	com.kotcrab.vis.ui.widget.file.internal.PreferencesIO	sge.visui.widget.file.internal.PreferencesIO	Renamed	-		0		companion=yes form=class primary=(String) primaryKind=unique-root primaryVis=public secondaries=() statics=FileArrayData,FileHandleData,VIS_DEFAULT_PREFS_NAME,defaultPrefsName,setDefaultPrefsName
type	com.kotcrab.vis.ui.widget.file.internal.PreferencesIO$FileArrayData	sge.visui.widget.file.internal.PreferencesIO$FileArrayData	Renamed	-		0		companion=yes disambiguator=marker form=class primary=(?) primaryKind=synthesised-primary primaryVis=protected secondaries=();(Array)
type	com.kotcrab.vis.ui.widget.file.internal.PreferencesIO$FileHandleData	sge.visui.widget.file.internal.PreferencesIO$FileHandleData	Renamed	-		0		companion=yes disambiguator=marker form=class primary=(?) primaryKind=synthesised-primary primaryVis=protected secondaries=();(FileHandle)
type	com.kotcrab.vis.ui.widget.file.internal.ServiceThreadFactory	sge.visui.widget.file.internal.ServiceThreadFactory	Renamed	-		0		form=class parents=java.util.concurrent.ThreadFactory primary=(String) primaryKind=unique-root primaryVis=public
type	com.kotcrab.vis.ui.widget.file.internal.SortingPopupMenu	sge.visui.widget.file.internal.SortingPopupMenu	Renamed	-		0		companion=yes form=class parents=sge.visui.widget.PopupMenu primary=(FileChooser) primaryKind=unique-root primaryVis=public
type	com.kotcrab.vis.ui.widget.internal.SplitPaneCursorManager	sge.visui.widget.internal.SplitPaneCursorManager	Renamed	-		0		companion=yes flags=abstract form=class parents=sge.scenes.scene2d.utils.ClickListener primary=(Actor,boolean) primaryKind=unique-root primaryVis=public
type	com.kotcrab.vis.ui.widget.spinner.AbstractSpinnerModel	sge.visui.widget.spinner.AbstractSpinnerModel	Renamed	-		0		flags=abstract form=class parents=sge.visui.widget.spinner.SpinnerModel primary=(boolean) primaryKind=unique-root primaryVis=public
type	com.kotcrab.vis.ui.widget.spinner.ArraySpinnerModel	sge.visui.widget.spinner.ArraySpinnerModel	Renamed	-		0		form=class parents=sge.visui.widget.spinner.AbstractSpinnerModel primary=(boolean) primaryKind=synthesised-primary primaryVis=protected secondaries=();(Array) tparams="[T <: java.lang.Object]"
type	com.kotcrab.vis.ui.widget.spinner.FloatSpinnerModel	sge.visui.widget.spinner.FloatSpinnerModel	Renamed	-		0		form=class parents=sge.visui.widget.spinner.AbstractSpinnerModel primary=(BigDecimal,BigDecimal,BigDecimal,BigDecimal,int) primaryKind=unique-root primaryVis=public secondaries=(String,String,String);(String,String,String,String);(String,String,String,String,int)
type	com.kotcrab.vis.ui.widget.spinner.FloatSpinnerModel$BoundsValidator	sge.visui.widget.spinner.FloatSpinnerModel$BoundsValidator	Renamed	-		0		form=class parents=sge.visui.util.InputValidator primary=() primaryKind=unique-root primaryVis=private[FloatSpinnerModel]
type	com.kotcrab.vis.ui.widget.spinner.IntSpinnerModel	sge.visui.widget.spinner.IntSpinnerModel	Renamed	-		0		form=class parents=sge.visui.widget.spinner.AbstractSpinnerModel primary=(int,int,int,int) primaryKind=unique-root primaryVis=public secondaries=(int,int,int)
type	com.kotcrab.vis.ui.widget.spinner.IntSpinnerModel$BoundsValidator	sge.visui.widget.spinner.IntSpinnerModel$BoundsValidator	Renamed	-		0		form=class parents=sge.visui.util.InputValidator primary=() primaryKind=unique-root primaryVis=private[IntSpinnerModel]
type	com.kotcrab.vis.ui.widget.spinner.SimpleFloatSpinnerModel	sge.visui.widget.spinner.SimpleFloatSpinnerModel	Renamed	-		0		form=class parents=sge.visui.widget.spinner.AbstractSpinnerModel primary=(float,float,float,float,int) primaryKind=unique-root primaryVis=public secondaries=(float,float,float);(float,float,float,float)
type	com.kotcrab.vis.ui.widget.spinner.SimpleFloatSpinnerModel$BoundsValidator	sge.visui.widget.spinner.SimpleFloatSpinnerModel$BoundsValidator	Renamed	-		0		form=class parents=sge.visui.util.InputValidator primary=() primaryKind=unique-root primaryVis=private[SimpleFloatSpinnerModel]
type	com.kotcrab.vis.ui.widget.spinner.Spinner	sge.visui.widget.spinner.Spinner	Renamed	-		0		companion=yes form=class parents=sge.visui.widget.VisTable,sge.scenes.scene2d.utils.Disableable primary=(SpinnerStyle,Sizes,String,SpinnerModel) primaryKind=unique-root primaryVis=public secondaries=(String,SpinnerModel);(String,String,SpinnerModel) statics=SpinnerStyle,TextFieldEventPolicy
type	com.kotcrab.vis.ui.widget.spinner.Spinner$ButtonInputListener	sge.visui.widget.spinner.Spinner$ButtonInputListener	Renamed	-		0		companion=yes form=class parents=sge.scenes.scene2d.InputListener primary=(boolean) primaryKind=unique-root primaryVis=public
type	com.kotcrab.vis.ui.widget.spinner.Spinner$ButtonRepeatTask	sge.visui.widget.spinner.Spinner$ButtonRepeatTask	Renamed	-		0		form=class parents=sge.utils.Timer$Task primary=() primaryKind=unique-root primaryVis=private[Spinner]
type	com.kotcrab.vis.ui.widget.spinner.Spinner$SpinnerStyle	sge.visui.widget.spinner.Spinner$SpinnerStyle	Renamed	-		0		companion=yes disambiguator=marker form=class primary=(?) primaryKind=synthesised-primary primaryVis=protected secondaries=();(SpinnerStyle);(Drawable,Drawable)
type	com.kotcrab.vis.ui.widget.spinner.Spinner$TextFieldEventPolicy	sge.visui.widget.spinner.Spinner$TextFieldEventPolicy	Renamed	-		0		companion=yes flags=enum form=enum parents=java.lang.Enum primary=() primaryKind=not-funnelled primaryVis=public
type	com.kotcrab.vis.ui.widget.spinner.SpinnerModel	sge.visui.widget.spinner.SpinnerModel	Renamed	-		0		form=trait
type	com.kotcrab.vis.ui.widget.tabbedpane.Tab	sge.visui.widget.tabbedpane.Tab	Renamed	-		0		companion=yes disambiguator=marker flags=abstract form=class parents=java.lang.AutoCloseable primary=(boolean,boolean,?) primaryKind=synthesised-primary primaryVis=protected secondaries=();(boolean);(boolean,boolean)
type	com.kotcrab.vis.ui.widget.tabbedpane.TabbedPane	sge.visui.widget.tabbedpane.TabbedPane	Renamed	-		0		companion=yes form=class primary=(TabbedPaneStyle,Sizes) primaryKind=unique-root primaryVis=public secondaries=();(String);(TabbedPaneStyle) statics=TabbedPaneStyle,TabbedPaneTable,Text,tmpRect,tmpVector
type	com.kotcrab.vis.ui.widget.tabbedpane.TabbedPane$TabButtonTable	sge.visui.widget.tabbedpane.TabbedPane$TabButtonTable	Renamed	-		0		companion=yes form=class parents=sge.visui.widget.VisTable primary=(Tab) primaryKind=unique-root primaryVis=public
type	com.kotcrab.vis.ui.widget.tabbedpane.TabbedPane$TabbedPaneStyle	sge.visui.widget.tabbedpane.TabbedPane$TabbedPaneStyle	Renamed	-		0		companion=yes disambiguator=marker form=class primary=(?) primaryKind=synthesised-primary primaryVis=protected secondaries=();(TabbedPaneStyle);(Drawable,Drawable,VisTextButtonStyle);(Drawable,Drawable,VisTextButtonStyle,boolean,boolean)
type	com.kotcrab.vis.ui.widget.tabbedpane.TabbedPane$TabbedPaneTable	sge.visui.widget.tabbedpane.TabbedPane$TabbedPaneTable	Renamed	-		0		companion=yes form=class parents=sge.visui.widget.VisTable primary=(TabbedPane) primaryKind=unique-root primaryVis=public
type	com.kotcrab.vis.ui.widget.tabbedpane.TabbedPane$Text	sge.visui.widget.tabbedpane.TabbedPane$Text	Renamed	-		0		companion=yes flags=abstract,sealed form=enum-class parents=java.lang.Enum,sge.visui.i18n.BundleText primary=(String) primaryKind=not-funnelled primaryVis=public statics=,getBundle
type	com.kotcrab.vis.ui.widget.tabbedpane.TabbedPaneAdapter	sge.visui.widget.tabbedpane.TabbedPaneAdapter	Renamed	-		0		form=class parents=sge.visui.widget.tabbedpane.TabbedPaneListener primary=() primaryKind=unique-root primaryVis=public
type	com.kotcrab.vis.ui.widget.tabbedpane.TabbedPaneListener	sge.visui.widget.tabbedpane.TabbedPaneListener	Renamed	-		0		form=trait
type	com.kotcrab.vis.ui.widget.toast.MessageToast	sge.visui.widget.toast.MessageToast	Renamed	-		0		companion=yes form=class parents=sge.visui.widget.toast.ToastTable primary=(String) primaryKind=unique-root primaryVis=public
type	com.kotcrab.vis.ui.widget.toast.Toast	sge.visui.widget.toast.Toast	Renamed	-		0		companion=yes form=class primary=(ToastStyle,Table) primaryKind=unique-root primaryVis=public secondaries=(Table);(String,Table) statics=ToastStyle
type	com.kotcrab.vis.ui.widget.toast.Toast$ToastStyle	sge.visui.widget.toast.Toast$ToastStyle	Renamed	-		0		companion=yes disambiguator=marker form=class primary=(?) primaryKind=synthesised-primary primaryVis=protected secondaries=();(ToastStyle);(Drawable,VisImageButtonStyle)
type	com.kotcrab.vis.ui.widget.toast.ToastTable	sge.visui.widget.toast.ToastTable	Renamed	-		0		companion=yes form=class parents=sge.visui.widget.VisTable primary=() primaryKind=no-arg-root primaryVis=public secondaries=(boolean)
type	com.badlogic.gdx.net.NetJavaImpl		Dropped	-		0		
type	com.badlogic.gdx.utils.Disposable		Dropped	-		0		
type	com.badlogic.gdx.utils.Json		Dropped	-		0		
type	com.badlogic.gdx.utils.Pools		Dropped	-		0		
type	com.badlogic.gdx.utils.ReflectionPool		Dropped	-		0		
type	com.badlogic.gdx.utils.reflect.Annotation		Dropped	-		0		
type	com.badlogic.gdx.utils.reflect.ArrayReflection		Dropped	-		0		
type	com.badlogic.gdx.utils.reflect.ClassReflection		Dropped	-		0		
type	com.badlogic.gdx.utils.reflect.Constructor		Dropped	-		0		
type	com.badlogic.gdx.utils.reflect.Field		Dropped	-		0		
type	com.badlogic.gdx.utils.reflect.Method		Dropped	-		0		
type	com.badlogic.gdx.utils.reflect.ReflectionException		Dropped	-		0		
type		balticporter.runtime.JavaCollection	Added	-		0		
type		balticporter.runtime.JavaCollections	Added	-		0		
type		balticporter.runtime.JavaEnumMap	Added	-		0		
type		balticporter.runtime.JavaEnumSet	Added	-		0		
type		balticporter.runtime.JavaIterable	Added	-		0		
type		balticporter.runtime.JavaIterator	Added	-		0		
type		balticporter.runtime.JavaListIterator	Added	-		0		
type		balticporter.runtime.JavaOptionalDouble	Added	-		0		
type		balticporter.runtime.JavaOptionalInt	Added	-		0		
type		balticporter.runtime.JavaOptionalLong	Added	-		0		
type		balticporter.runtime.JavaStack	Added	-		0		
member	com.kotcrab.vis.ui.FocusManager#focusedWidget	sge.visui.FocusManager#focusedWidget	Renamed	-	com/kotcrab/vis/ui/FocusManager.java	30	eca57f14ad9ac44c	placement=companion vis=private
member	com.kotcrab.vis.ui.FocusManager#getFocusedWidget()	sge.visui.FocusManager#getFocusedWidget()	Renamed	-	com/kotcrab/vis/ui/FocusManager.java	68	91de7a3be8d04f19	placement=companion
member	com.kotcrab.vis.ui.FocusManager#resetFocus(Stage)	sge.visui.FocusManager#resetFocus(Stage)	Renamed	-	com/kotcrab/vis/ui/FocusManager.java	51	eac2298e56a9129b	placement=companion
member	com.kotcrab.vis.ui.FocusManager#resetFocus(Stage,Actor)	sge.visui.FocusManager#resetFocus(Stage,Actor)	Renamed	-	com/kotcrab/vis/ui/FocusManager.java	62	daa0dee68a0b9d88	placement=companion
member	com.kotcrab.vis.ui.FocusManager#switchFocus(Stage,Focusable)	sge.visui.FocusManager#switchFocus(Stage,Focusable)	Renamed	-	com/kotcrab/vis/ui/FocusManager.java	37	6661a41562f91c66	placement=companion
member	com.kotcrab.vis.ui.Focusable#focusGained()	sge.visui.Focusable#focusGained()	Renamed	-	com/kotcrab/vis/ui/Focusable.java	29	2d81d06d75811ad8	
member	com.kotcrab.vis.ui.Focusable#focusLost()	sge.visui.Focusable#focusLost()	Renamed	-	com/kotcrab/vis/ui/Focusable.java	26	6fe74e8112a562d9	
member	com.kotcrab.vis.ui.Sge#<given-static>	sge.Sge#<given-static>	Renamed	-	com/kotcrab/vis/ui/Locales.java	142	6d9f199847054ad2	placement=companion vis=private[TabbedPane]
member	com.kotcrab.vis.ui.Sge#<given>	sge.Sge#<given>	Renamed	-	com/kotcrab/vis/ui/Locales.java	142	6d9f199847054ad2	vis=private[TabbedPane]
member	com.kotcrab.vis.ui.Locales#buttonBarBundle	sge.visui.Locales#buttonBarBundle	Renamed	-	com/kotcrab/vis/ui/Locales.java	39	857eaafb6b3c4155	placement=companion vis=private
member	com.kotcrab.vis.ui.Locales#colorPickerBundle	sge.visui.Locales#colorPickerBundle	Renamed	-	com/kotcrab/vis/ui/Locales.java	43	b5aeaa3c99392d97	placement=companion vis=private
member	com.kotcrab.vis.ui.Locales#commonBundle	sge.visui.Locales#commonBundle	Renamed	-	com/kotcrab/vis/ui/Locales.java	38	84f7c556206d359b	placement=companion vis=private
member	com.kotcrab.vis.ui.Locales#dialogsBundle	sge.visui.Locales#dialogsBundle	Renamed	-	com/kotcrab/vis/ui/Locales.java	41	950414778a4016fd	placement=companion vis=private
member	com.kotcrab.vis.ui.Locales#fileChooserBundle	sge.visui.Locales#fileChooserBundle	Renamed	-	com/kotcrab/vis/ui/Locales.java	40	a49ff12a4ed15e61	placement=companion vis=private
member	com.kotcrab.vis.ui.Locales#getBundle(String,Sge)	sge.visui.Locales#getBundle(String,Sge)	Renamed	-	com/kotcrab/vis/ui/Locales.java	137	d1f1346dcf03733d	placement=companion vis=private
member	com.kotcrab.vis.ui.Locales#getButtonBarBundle(Sge)	sge.visui.Locales#getButtonBarBundle(Sge)	Renamed	-	com/kotcrab/vis/ui/Locales.java	116	776d5ec31337ebcc	placement=companion
member	com.kotcrab.vis.ui.Locales#getColorPickerBundle(Sge)	sge.visui.Locales#getColorPickerBundle(Sge)	Renamed	-	com/kotcrab/vis/ui/Locales.java	102	52875bcd2dc471ac	placement=companion
member	com.kotcrab.vis.ui.Locales#getCommonBundle(Sge)	sge.visui.Locales#getCommonBundle(Sge)	Renamed	-	com/kotcrab/vis/ui/Locales.java	46	c0d423b5ccfe83c0	placement=companion
member	com.kotcrab.vis.ui.Locales#getDialogsBundle(Sge)	sge.visui.Locales#getDialogsBundle(Sge)	Renamed	-	com/kotcrab/vis/ui/Locales.java	74	6174ce687556e230	placement=companion
member	com.kotcrab.vis.ui.Locales#getFileChooserBundle(Sge)	sge.visui.Locales#getFileChooserBundle(Sge)	Renamed	-	com/kotcrab/vis/ui/Locales.java	60	0778786e5281727a	placement=companion
member	com.kotcrab.vis.ui.Locales#getTabbedPaneBundle(Sge)	sge.visui.Locales#getTabbedPaneBundle(Sge)	Renamed	-	com/kotcrab/vis/ui/Locales.java	88	4f5f836cc1c4d17b	placement=companion
member	com.kotcrab.vis.ui.Locales#locale	sge.visui.Locales#locale	Renamed	-	com/kotcrab/vis/ui/Locales.java	37	fdad9db9e595c56e	placement=companion vis=private
member	com.kotcrab.vis.ui.Locales#setButtonBarBundle(I18NBundle)	sge.visui.Locales#setButtonBarBundle(I18NBundle)	Renamed	-	com/kotcrab/vis/ui/Locales.java	125	fc0f398703c7779e	placement=companion
member	com.kotcrab.vis.ui.Locales#setColorPickerBundle(I18NBundle)	sge.visui.Locales#setColorPickerBundle(I18NBundle)	Renamed	-	com/kotcrab/vis/ui/Locales.java	111	a2738ee10ad0b7a4	placement=companion
member	com.kotcrab.vis.ui.Locales#setCommonBundle(I18NBundle)	sge.visui.Locales#setCommonBundle(I18NBundle)	Renamed	-	com/kotcrab/vis/ui/Locales.java	55	3c9fd90860d3f356	placement=companion
member	com.kotcrab.vis.ui.Locales#setDialogsBundle(I18NBundle)	sge.visui.Locales#setDialogsBundle(I18NBundle)	Renamed	-	com/kotcrab/vis/ui/Locales.java	83	363debbb115c65a2	placement=companion
member	com.kotcrab.vis.ui.Locales#setFileChooserBundle(I18NBundle)	sge.visui.Locales#setFileChooserBundle(I18NBundle)	Renamed	-	com/kotcrab/vis/ui/Locales.java	69	44457558d7a2df75	placement=companion
member	com.kotcrab.vis.ui.Locales#setLocale(Locale)	sge.visui.Locales#setLocale(Locale)	Renamed	-	com/kotcrab/vis/ui/Locales.java	133	5f7aa662995fb835	placement=companion
member	com.kotcrab.vis.ui.Locales#setTabbedPaneBundle(I18NBundle)	sge.visui.Locales#setTabbedPaneBundle(I18NBundle)	Renamed	-	com/kotcrab/vis/ui/Locales.java	97	ae0cb541bb00a61d	placement=companion
member	com.kotcrab.vis.ui.Locales#tabbedPaneBundle	sge.visui.Locales#tabbedPaneBundle	Renamed	-	com/kotcrab/vis/ui/Locales.java	42	0b6e650155fbdef0	placement=companion vis=private
member	com.kotcrab.vis.ui.Locales$CommonText#format()	sge.visui.Locales$CommonText#format()	Renamed	-	com/kotcrab/vis/ui/Locales.java	167	91c67c37eef4be3b	
member	com.kotcrab.vis.ui.Locales$CommonText#format(Array)	sge.visui.Locales$CommonText#format(Array<Object>)	Renamed	-	com/kotcrab/vis/ui/Locales.java	172	b3039b8474b97933	
member	com.kotcrab.vis.ui.Locales$CommonText#get()	sge.visui.Locales$CommonText#get()	Renamed	-	com/kotcrab/vis/ui/Locales.java	162	e64e79762867cd21	
member	com.kotcrab.vis.ui.Locales$CommonText#getBundle(Sge)	sge.visui.Locales$CommonText#getBundle(Sge)	Renamed	-	com/kotcrab/vis/ui/Locales.java	152	d0e3b7f4b194bfc7	placement=companion vis=private[Locales]
member	com.kotcrab.vis.ui.Locales$CommonText#getName()	sge.visui.Locales$CommonText#getName()	Renamed	-	com/kotcrab/vis/ui/Locales.java	157	1401cff5507a790f	
member	com.kotcrab.vis.ui.Locales$CommonText#toString()	sge.visui.Locales$CommonText#toString()	Renamed	-	com/kotcrab/vis/ui/Locales.java	177	2ce080f9e62bea25	
member	com.kotcrab.vis.ui.Sizes#<init>()	sge.visui.Sizes#<init>()	Renamed	-	com/kotcrab/vis/ui/Sizes.java	51	26c80eab1e3f404e	
member	com.kotcrab.vis.ui.Sizes#<init>(Sizes)	sge.visui.Sizes#<init>(Sizes)	Renamed	-	com/kotcrab/vis/ui/Sizes.java	54	5cd6e82aa77d3cf1	
member	com.kotcrab.vis.ui.Sizes#borderSize	sge.visui.Sizes#borderSize	Renamed	-	com/kotcrab/vis/ui/Sizes.java	41	2f0b81030b8b478a	
member	com.kotcrab.vis.ui.Sizes#buttonBarSpacing	sge.visui.Sizes#buttonBarSpacing	Renamed	-	com/kotcrab/vis/ui/Sizes.java	33	6f4ef942d5885d16	
member	com.kotcrab.vis.ui.Sizes#fileChooserViewModeBigIconsSize	sge.visui.Sizes#fileChooserViewModeBigIconsSize	Renamed	-	com/kotcrab/vis/ui/Sizes.java	46	30c7fa95f816f8fd	
member	com.kotcrab.vis.ui.Sizes#fileChooserViewModeListWidthSize	sge.visui.Sizes#fileChooserViewModeListWidthSize	Renamed	-	com/kotcrab/vis/ui/Sizes.java	49	76ee369da1eedad1	
member	com.kotcrab.vis.ui.Sizes#fileChooserViewModeMediumIconsSize	sge.visui.Sizes#fileChooserViewModeMediumIconsSize	Renamed	-	com/kotcrab/vis/ui/Sizes.java	47	90430148f5796311	
member	com.kotcrab.vis.ui.Sizes#fileChooserViewModeSmallIconsSize	sge.visui.Sizes#fileChooserViewModeSmallIconsSize	Renamed	-	com/kotcrab/vis/ui/Sizes.java	48	0720cedae509bc61	
member	com.kotcrab.vis.ui.Sizes#menuItemIconSize	sge.visui.Sizes#menuItemIconSize	Renamed	-	com/kotcrab/vis/ui/Sizes.java	35	ead999fe1d9c4b62	
member	com.kotcrab.vis.ui.Sizes#scaleFactor	sge.visui.Sizes#scaleFactor	Renamed	-	com/kotcrab/vis/ui/Sizes.java	26	0fb2b8b4a56a53ad	
member	com.kotcrab.vis.ui.Sizes#spacingBottom	sge.visui.Sizes#spacingBottom	Renamed	-	com/kotcrab/vis/ui/Sizes.java	29	4dd74b29ac7ce6d0	
member	com.kotcrab.vis.ui.Sizes#spacingLeft	sge.visui.Sizes#spacingLeft	Renamed	-	com/kotcrab/vis/ui/Sizes.java	31	e68e4b199ae50fe3	
member	com.kotcrab.vis.ui.Sizes#spacingRight	sge.visui.Sizes#spacingRight	Renamed	-	com/kotcrab/vis/ui/Sizes.java	30	77bb96b0074152b3	
member	com.kotcrab.vis.ui.Sizes#spacingTop	sge.visui.Sizes#spacingTop	Renamed	-	com/kotcrab/vis/ui/Sizes.java	28	223de08f0ed75041	
member	com.kotcrab.vis.ui.Sizes#spinnerButtonHeight	sge.visui.Sizes#spinnerButtonHeight	Renamed	-	com/kotcrab/vis/ui/Sizes.java	43	2fe0ff470d26e045	
member	com.kotcrab.vis.ui.Sizes#spinnerFieldSize	sge.visui.Sizes#spinnerFieldSize	Renamed	-	com/kotcrab/vis/ui/Sizes.java	44	0883a3b3d01aa678	
member	com.kotcrab.vis.ui.Sge#<given>	sge.Sge#<given>	Renamed	-	com/kotcrab/vis/ui/VisUI.java	42	6d9f199847054ad2	vis=private[TabbedPane]
member	com.kotcrab.vis.ui.VisUI#TARGET_GDX_VERSION	sge.visui.VisUI#TARGET_GDX_VERSION	Renamed	-	com/kotcrab/vis/ui/VisUI.java	33	905a6a553c096d4f	placement=companion vis=private
member	com.kotcrab.vis.ui.VisUI#checkBeforeLoad(Sge)	sge.visui.VisUI#checkBeforeLoad(Sge)	Renamed	-	com/kotcrab/vis/ui/VisUI.java	96	2fb53284cc199673	placement=companion vis=private
member	com.kotcrab.vis.ui.VisUI#defaultTitleAlign	sge.visui.VisUI#defaultTitleAlign	Renamed	-	com/kotcrab/vis/ui/VisUI.java	36	aaa9b0d7261c157c	placement=companion vis=private
member	com.kotcrab.vis.ui.VisUI#dispose()	sge.visui.VisUI#dispose()	Renamed	-	com/kotcrab/vis/ui/VisUI.java	106	4f857d9f19598170	placement=companion
member	com.kotcrab.vis.ui.VisUI#dispose(boolean)	sge.visui.VisUI#dispose(boolean)	Renamed	-	com/kotcrab/vis/ui/VisUI.java	114	8403d4fcb2f32ce9	placement=companion
member	com.kotcrab.vis.ui.VisUI#getDefaultTitleAlign()	sge.visui.VisUI#getDefaultTitleAlign()	Renamed	-	com/kotcrab/vis/ui/VisUI.java	138	34555374d3d145ad	placement=companion
member	com.kotcrab.vis.ui.VisUI#getSizes()	sge.visui.VisUI#getSizes()	Renamed	-	com/kotcrab/vis/ui/VisUI.java	130	944aacdb97380532	placement=companion
member	com.kotcrab.vis.ui.VisUI#getSkin()	sge.visui.VisUI#getSkin()	Renamed	-	com/kotcrab/vis/ui/VisUI.java	121	eab602abf389bb22	placement=companion
member	com.kotcrab.vis.ui.VisUI#isLoaded()	sge.visui.VisUI#isLoaded()	Renamed	-	com/kotcrab/vis/ui/VisUI.java	126	e7ef66f5a85993f1	placement=companion
member	com.kotcrab.vis.ui.VisUI#load(FileHandle,Sge)	sge.visui.VisUI#load(FileHandle,Sge)	Renamed	-	com/kotcrab/vis/ui/VisUI.java	82	020efef0d0724654	placement=companion
member	com.kotcrab.vis.ui.VisUI#load(Sge)	sge.visui.VisUI#load(Sge)	Renamed	-	com/kotcrab/vis/ui/VisUI.java	66	cf3fd66168e65fdb	placement=companion
member	com.kotcrab.vis.ui.VisUI#load(Skin,Sge)	sge.visui.VisUI#load(Skin,Sge)	Renamed	-	com/kotcrab/vis/ui/VisUI.java	91	ebe8d7ea9ae07a2f	placement=companion
member	com.kotcrab.vis.ui.VisUI#load(SkinScale,Sge)	sge.visui.VisUI#load(SkinScale,Sge)	Renamed	-	com/kotcrab/vis/ui/VisUI.java	71	89c41e2658218963	placement=companion
member	com.kotcrab.vis.ui.VisUI#load(String,Sge)	sge.visui.VisUI#load(String,Sge)	Renamed	-	com/kotcrab/vis/ui/VisUI.java	77	e21296407eb76518	placement=companion
member	com.kotcrab.vis.ui.VisUI#scale	sge.visui.VisUI#scale	Renamed	-	com/kotcrab/vis/ui/VisUI.java	38	2b6c16b3f7019ee0	placement=companion vis=private
member	com.kotcrab.vis.ui.VisUI#setDefaultTitleAlign(int)	sge.visui.VisUI#setDefaultTitleAlign(int)	Renamed	-	com/kotcrab/vis/ui/VisUI.java	146	fd10fdfdb59fc78e	placement=companion
member	com.kotcrab.vis.ui.VisUI#setSkipGdxVersionCheck(boolean)	sge.visui.VisUI#setSkipGdxVersionCheck(boolean)	Renamed	-	com/kotcrab/vis/ui/VisUI.java	156	7012c921472d110f	placement=companion
member	com.kotcrab.vis.ui.VisUI#sgeInstance$cache	sge.visui.VisUI#sgeInstance$cache	Renamed	-	com/kotcrab/vis/ui/VisUI.java	32	429601e805235fc2	placement=companion vis=private
member	com.kotcrab.vis.ui.VisUI#sgeInstance()	sge.visui.VisUI#sgeInstance()	Renamed	-	com/kotcrab/vis/ui/VisUI.java	32	45da18325dd15587	placement=companion
member	com.kotcrab.vis.ui.VisUI#skin	sge.visui.VisUI#skin	Renamed	-	com/kotcrab/vis/ui/VisUI.java	39	e47f7639f84b51da	placement=companion vis=private
member	com.kotcrab.vis.ui.VisUI#skipGdxVersionCheck	sge.visui.VisUI#skipGdxVersionCheck	Renamed	-	com/kotcrab/vis/ui/VisUI.java	34	e83d3ff314a892e7	placement=companion vis=private
member	com.kotcrab.vis.ui.VisUI$SkinScale#getSizesName()	sge.visui.VisUI$SkinScale#getSizesName()	Renamed	-	com/kotcrab/vis/ui/VisUI.java	60	3777a94b03db416f	
member	com.kotcrab.vis.ui.VisUI$SkinScale#getSkinFile()	sge.visui.VisUI$SkinScale#getSkinFile()	Renamed	-	com/kotcrab/vis/ui/VisUI.java	56	2de5d13b1f2f3499	
member	com.kotcrab.vis.ui.building.CenteredTableBuilder#<init>(Padding,Sge)	sge.visui.building.CenteredTableBuilder#<init>(Padding,Sge)	Renamed	-	com/kotcrab/vis/ui/building/CenteredTableBuilder.java	37	929c7233f5c5a6db	
member	com.kotcrab.vis.ui.building.CenteredTableBuilder#<init>(int,int,Padding,Sge)	sge.visui.building.CenteredTableBuilder#<init>(int,int,Padding,Sge)	Renamed	-	com/kotcrab/vis/ui/building/CenteredTableBuilder.java	46	afbd2a68ac014f5b	
member	com.kotcrab.vis.ui.building.CenteredTableBuilder#<init>(int,int,Sge)	sge.visui.building.CenteredTableBuilder#<init>(int,int,Sge)	Renamed	-	com/kotcrab/vis/ui/building/CenteredTableBuilder.java	41	d45ad97871ee846a	
member	com.kotcrab.vis.ui.building.CenteredTableBuilder#fillTable(Table)	sge.visui.building.CenteredTableBuilder#fillTable(Table)	Renamed	-	com/kotcrab/vis/ui/building/CenteredTableBuilder.java	52	d19b82193ca5b9a5	
member	com.kotcrab.vis.ui.building.CenteredTableBuilder#isLast(int,int,int)	sge.visui.building.CenteredTableBuilder#isLast(int,int,int)	Renamed	-	com/kotcrab/vis/ui/building/CenteredTableBuilder.java	91	4d3d786eae259799	vis=private
member	com.kotcrab.vis.ui.building.CenteredTableBuilder#shouldExpand(int)	sge.visui.building.CenteredTableBuilder#shouldExpand(int)	Renamed	-	com/kotcrab/vis/ui/building/CenteredTableBuilder.java	83	df58bb43a94edb88	vis=private
member	com.kotcrab.vis.ui.building.GridTableBuilder#<init>(Padding,int,Sge)	sge.visui.building.GridTableBuilder#<init>(Padding,int,Sge)	Renamed	-	com/kotcrab/vis/ui/building/GridTableBuilder.java	39	7208a00685db5c62	
member	com.kotcrab.vis.ui.building.GridTableBuilder#<init>(int,Sge)	sge.visui.building.GridTableBuilder#<init>(int,Sge)	Renamed	-	com/kotcrab/vis/ui/building/GridTableBuilder.java	33	50939c0970c4bcd3	
member	com.kotcrab.vis.ui.building.GridTableBuilder#<init>(int,int,int,Padding,Sge)	sge.visui.building.GridTableBuilder#<init>(int,int,int,Padding,Sge)	Renamed	-	com/kotcrab/vis/ui/building/GridTableBuilder.java	50	2aa529323fc438a8	
member	com.kotcrab.vis.ui.building.GridTableBuilder#<init>(int,int,int,Sge)	sge.visui.building.GridTableBuilder#<init>(int,int,int,Sge)	Renamed	-	com/kotcrab/vis/ui/building/GridTableBuilder.java	44	d39b876cc0b6a537	
member	com.kotcrab.vis.ui.building.GridTableBuilder#fillTable(Table)	sge.visui.building.GridTableBuilder#fillTable(Table)	Renamed	-	com/kotcrab/vis/ui/building/GridTableBuilder.java	57	0f150082a033aa3a	
member	com.kotcrab.vis.ui.building.GridTableBuilder#rowSize	sge.visui.building.GridTableBuilder#rowSize	Renamed	-	com/kotcrab/vis/ui/building/GridTableBuilder.java	31	c84d0a25f67fe1d9	
member	com.kotcrab.vis.ui.building.OneColumnTableBuilder#<init>(Padding,Sge)	sge.visui.building.OneColumnTableBuilder#<init>(Padding,Sge)	Renamed	-	com/kotcrab/vis/ui/building/OneColumnTableBuilder.java	34	929c7233f5c5a6db	
member	com.kotcrab.vis.ui.building.OneColumnTableBuilder#<init>(int,int,Padding,Sge)	sge.visui.building.OneColumnTableBuilder#<init>(int,int,Padding,Sge)	Renamed	-	com/kotcrab/vis/ui/building/OneColumnTableBuilder.java	43	afbd2a68ac014f5b	
member	com.kotcrab.vis.ui.building.OneColumnTableBuilder#<init>(int,int,Sge)	sge.visui.building.OneColumnTableBuilder#<init>(int,int,Sge)	Renamed	-	com/kotcrab/vis/ui/building/OneColumnTableBuilder.java	38	d45ad97871ee846a	
member	com.kotcrab.vis.ui.building.OneColumnTableBuilder#fillTable(Table)	sge.visui.building.OneColumnTableBuilder#fillTable(Table)	Renamed	-	com/kotcrab/vis/ui/building/OneColumnTableBuilder.java	49	46a6500518395ff9	
member	com.kotcrab.vis.ui.building.OneRowTableBuilder#<init>(Padding,Sge)	sge.visui.building.OneRowTableBuilder#<init>(Padding,Sge)	Renamed	-	com/kotcrab/vis/ui/building/OneRowTableBuilder.java	36	929c7233f5c5a6db	
member	com.kotcrab.vis.ui.building.OneRowTableBuilder#<init>(int,int,Padding,Sge)	sge.visui.building.OneRowTableBuilder#<init>(int,int,Padding,Sge)	Renamed	-	com/kotcrab/vis/ui/building/OneRowTableBuilder.java	45	afbd2a68ac014f5b	
member	com.kotcrab.vis.ui.building.OneRowTableBuilder#<init>(int,int,Sge)	sge.visui.building.OneRowTableBuilder#<init>(int,int,Sge)	Renamed	-	com/kotcrab/vis/ui/building/OneRowTableBuilder.java	40	d45ad97871ee846a	
member	com.kotcrab.vis.ui.building.OneRowTableBuilder#fillTable(Table)	sge.visui.building.OneRowTableBuilder#fillTable(Table)	Renamed	-	com/kotcrab/vis/ui/building/OneRowTableBuilder.java	51	eb5cfc6f403a7689	
member	com.kotcrab.vis.ui.building.StandardTableBuilder#<init>(Padding,Sge)	sge.visui.building.StandardTableBuilder#<init>(Padding,Sge)	Renamed	-	com/kotcrab/vis/ui/building/StandardTableBuilder.java	35	929c7233f5c5a6db	
member	com.kotcrab.vis.ui.building.StandardTableBuilder#<init>(int,int,Padding,Sge)	sge.visui.building.StandardTableBuilder#<init>(int,int,Padding,Sge)	Renamed	-	com/kotcrab/vis/ui/building/StandardTableBuilder.java	44	afbd2a68ac014f5b	
member	com.kotcrab.vis.ui.building.StandardTableBuilder#<init>(int,int,Sge)	sge.visui.building.StandardTableBuilder#<init>(int,int,Sge)	Renamed	-	com/kotcrab/vis/ui/building/StandardTableBuilder.java	39	d45ad97871ee846a	
member	com.kotcrab.vis.ui.building.StandardTableBuilder#fillTable(Table)	sge.visui.building.StandardTableBuilder#fillTable(Table)	Renamed	-	com/kotcrab/vis/ui/building/StandardTableBuilder.java	50	91ac55eb52da8a6c	
member	com.kotcrab.vis.ui.building.TableBuilder#<init>(Padding,Sge)	sge.visui.building.TableBuilder#<init>(Padding,Sge)	Renamed	-	com/kotcrab/vis/ui/building/TableBuilder.java	52	1017e46f30256dcc	
member	com.kotcrab.vis.ui.building.TableBuilder#<init>(int,int,Padding,Sge)	sge.visui.building.TableBuilder#<init>(int,int,Padding,Sge)	Renamed	-	com/kotcrab/vis/ui/building/TableBuilder.java	61	afbd2a68ac014f5b	
member	com.kotcrab.vis.ui.building.TableBuilder#<init>(int,int,Sge)	sge.visui.building.TableBuilder#<init>(int,int,Sge)	Renamed	-	com/kotcrab/vis/ui/building/TableBuilder.java	56	76960d547f7ef8be	
member	com.kotcrab.vis.ui.building.TableBuilder#<stmt1>	sge.visui.building.TableBuilder#<stmt1>	Renamed	-	com/kotcrab/vis/ui/building/TableBuilder.java	63	024b71d266ccf039	
member	com.kotcrab.vis.ui.building.TableBuilder#<stmt2>	sge.visui.building.TableBuilder#<stmt2>	Renamed	-	com/kotcrab/vis/ui/building/TableBuilder.java	64	497d0c16b5ee3d5a	
member	com.kotcrab.vis.ui.building.TableBuilder#<stmt3>	sge.visui.building.TableBuilder#<stmt3>	Renamed	-	com/kotcrab/vis/ui/building/TableBuilder.java	65	3e05ff4d03a6b079	
member	com.kotcrab.vis.ui.building.TableBuilder#DEFAULT_ROWS_AMOUNT	sge.visui.building.TableBuilder#DEFAULT_ROWS_AMOUNT	Renamed	-	com/kotcrab/vis/ui/building/TableBuilder.java	37	4a9a0c2810a32a5a	placement=companion
member	com.kotcrab.vis.ui.building.TableBuilder#DEFAULT_WIDGETS_AMOUNT	sge.visui.building.TableBuilder#DEFAULT_WIDGETS_AMOUNT	Renamed	-	com/kotcrab/vis/ui/building/TableBuilder.java	37	4aace61561fb9dfb	placement=companion
member	com.kotcrab.vis.ui.building.TableBuilder#append()	sge.visui.building.TableBuilder#append()	Renamed	-	com/kotcrab/vis/ui/building/TableBuilder.java	205	95b15d770c8daa22	
member	com.kotcrab.vis.ui.building.TableBuilder#append(Actor)	sge.visui.building.TableBuilder#append(Actor)	Renamed	-	com/kotcrab/vis/ui/building/TableBuilder.java	108	164f0badbe6bff97	
member	com.kotcrab.vis.ui.building.TableBuilder#append(ActorLayout,Array)	sge.visui.building.TableBuilder#append(ActorLayout,Array<Actor>)	Renamed	-	com/kotcrab/vis/ui/building/TableBuilder.java	139	eb88f6ff0e90005d	
member	com.kotcrab.vis.ui.building.TableBuilder#append(ActorLayout,Array)	sge.visui.building.TableBuilder#append(ActorLayout,Array<CellWidget<?>>)	Renamed	-	com/kotcrab/vis/ui/building/TableBuilder.java	152	ca5c58ca69cf3025	
member	com.kotcrab.vis.ui.building.TableBuilder#append(ActorLayout,CellWidgetBuilder,Array)	sge.visui.building.TableBuilder#append(ActorLayout,CellWidgetBuilder<Actor>,Array<Actor>)	Renamed	-	com/kotcrab/vis/ui/building/TableBuilder.java	182	aff29562ffe5b281	
member	com.kotcrab.vis.ui.building.TableBuilder#append(ActorLayout,CellWidgetBuilder,Array)	sge.visui.building.TableBuilder#append(ActorLayout,CellWidgetBuilder<Actor>,Array<CellWidget<?>>)	Renamed	-	com/kotcrab/vis/ui/building/TableBuilder.java	196	a322622a53b5cb69	
member	com.kotcrab.vis.ui.building.TableBuilder#append(Array)	sge.visui.building.TableBuilder#append(Array<Actor>)	Renamed	-	com/kotcrab/vis/ui/building/TableBuilder.java	121	b0d108dea0d82415	
member	com.kotcrab.vis.ui.building.TableBuilder#append(Array)	sge.visui.building.TableBuilder#append(Array<CellWidget<?>>)	Renamed	-	com/kotcrab/vis/ui/building/TableBuilder.java	130	2fa39259904c7984	
member	com.kotcrab.vis.ui.building.TableBuilder#append(CellWidget)	sge.visui.building.TableBuilder#append(CellWidget<?>)	Renamed	-	com/kotcrab/vis/ui/building/TableBuilder.java	113	ffded5f3f670ecf4	
member	com.kotcrab.vis.ui.building.TableBuilder#append(CellWidgetBuilder,Array)	sge.visui.building.TableBuilder#append(CellWidgetBuilder<Actor>,Array<Actor>)	Renamed	-	com/kotcrab/vis/ui/building/TableBuilder.java	161	c8a1a1bc2810cdea	
member	com.kotcrab.vis.ui.building.TableBuilder#append(CellWidgetBuilder,Array)	sge.visui.building.TableBuilder#append(CellWidgetBuilder<Actor>,Array<CellWidget<?>>)	Renamed	-	com/kotcrab/vis/ui/building/TableBuilder.java	170	de576ada50d9269d	
member	com.kotcrab.vis.ui.building.TableBuilder#build()	sge.visui.building.TableBuilder#build()	Renamed	-	com/kotcrab/vis/ui/building/TableBuilder.java	222	48cefdcf18a9d322	
member	com.kotcrab.vis.ui.building.TableBuilder#build(T)	sge.visui.building.TableBuilder#build(T)	Renamed	-	com/kotcrab/vis/ui/building/TableBuilder.java	231	25361a8974fff366	
member	com.kotcrab.vis.ui.building.TableBuilder#currentRowSize	sge.visui.building.TableBuilder#currentRowSize	Renamed	-	com/kotcrab/vis/ui/building/TableBuilder.java	42	fce1c91f9771454b	vis=private
member	com.kotcrab.vis.ui.building.TableBuilder#fillTable(Table)	sge.visui.building.TableBuilder#fillTable(Table)	Renamed	-	com/kotcrab/vis/ui/building/TableBuilder.java	256	205cca7fd6b68584	
member	com.kotcrab.vis.ui.building.TableBuilder#getDefaultWidgetPadding()	sge.visui.building.TableBuilder#getDefaultWidgetPadding()	Renamed	-	com/kotcrab/vis/ui/building/TableBuilder.java	103	1eb0e268aa6c0f65	
member	com.kotcrab.vis.ui.building.TableBuilder#getGreatestCommonDenominator(int,int)	sge.visui.building.TableBuilder#getGreatestCommonDenominator(int,int)	Renamed	-	com/kotcrab/vis/ui/building/TableBuilder.java	69	585a51215140b282	placement=companion
member	com.kotcrab.vis.ui.building.TableBuilder#getLowestCommonMultiple(IntArray)	sge.visui.building.TableBuilder#getLowestCommonMultiple(IntArray)	Renamed	-	com/kotcrab/vis/ui/building/TableBuilder.java	82	26dccb977bab36a4	placement=companion
member	com.kotcrab.vis.ui.building.TableBuilder#getLowestCommonMultiple(int,int)	sge.visui.building.TableBuilder#getLowestCommonMultiple(int,int)	Renamed	-	com/kotcrab/vis/ui/building/TableBuilder.java	74	9302d2e9c646a406	placement=companion
member	com.kotcrab.vis.ui.building.TableBuilder#getRowSizes()	sge.visui.building.TableBuilder#getRowSizes()	Renamed	-	com/kotcrab/vis/ui/building/TableBuilder.java	271	90f7434d356b4096	
member	com.kotcrab.vis.ui.building.TableBuilder#getWidget(int)	sge.visui.building.TableBuilder#getWidget(int)	Renamed	-	com/kotcrab/vis/ui/building/TableBuilder.java	276	06089ef832623f6c	
member	com.kotcrab.vis.ui.building.TableBuilder#getWidgets()	sge.visui.building.TableBuilder#getWidgets()	Renamed	-	com/kotcrab/vis/ui/building/TableBuilder.java	281	7ae633cefa34291e	
member	com.kotcrab.vis.ui.building.TableBuilder#prepareBuiltTable(T)	sge.visui.building.TableBuilder#prepareBuiltTable(T)	Renamed	-	com/kotcrab/vis/ui/building/TableBuilder.java	258	803034de0d875387	vis=private
member	com.kotcrab.vis.ui.building.TableBuilder#prepareNewTable(Table)	sge.visui.building.TableBuilder#prepareNewTable(Table)	Renamed	-	com/kotcrab/vis/ui/building/TableBuilder.java	242	9461e39d6c41ba99	vis=private
member	com.kotcrab.vis.ui.building.TableBuilder#row()	sge.visui.building.TableBuilder#row()	Renamed	-	com/kotcrab/vis/ui/building/TableBuilder.java	213	80fca0d67d55ad35	
member	com.kotcrab.vis.ui.building.TableBuilder#rowSizes	sge.visui.building.TableBuilder#rowSizes	Renamed	-	com/kotcrab/vis/ui/building/TableBuilder.java	40	a93fa0ebc35cc7fe	
member	com.kotcrab.vis.ui.building.TableBuilder#setTablePadding(Padding)	sge.visui.building.TableBuilder#setTablePadding(Padding)	Renamed	-	com/kotcrab/vis/ui/building/TableBuilder.java	94	f5e3d0f31ff89370	
member	com.kotcrab.vis.ui.building.TableBuilder#tablePadding	sge.visui.building.TableBuilder#tablePadding	Renamed	-	com/kotcrab/vis/ui/building/TableBuilder.java	45	a04e2b562da6f9fd	vis=private
member	com.kotcrab.vis.ui.building.TableBuilder#validateRowSize()	sge.visui.building.TableBuilder#validateRowSize()	Renamed	-	com/kotcrab/vis/ui/building/TableBuilder.java	264	c633ccf18f3ee88c	vis=private
member	com.kotcrab.vis.ui.building.TableBuilder#widgetPadding	sge.visui.building.TableBuilder#widgetPadding	Renamed	-	com/kotcrab/vis/ui/building/TableBuilder.java	44	add62f78af18e99f	
member	com.kotcrab.vis.ui.building.TableBuilder#widgets	sge.visui.building.TableBuilder#widgets	Renamed	-	com/kotcrab/vis/ui/building/TableBuilder.java	39	b355185e6f0dec34	
member	com.kotcrab.vis.ui.building.utilities.Alignment#apply(Cell)	sge.visui.building.utilities.Alignment#apply(Cell<?>)	Renamed	-	com/kotcrab/vis/ui/building/utilities/Alignment.java	48	bbd9c32c0ecb1614	
member	com.kotcrab.vis.ui.building.utilities.Alignment#getAlignment()	sge.visui.building.utilities.Alignment#getAlignment()	Renamed	-	com/kotcrab/vis/ui/building/utilities/Alignment.java	44	3032d359caa6e2d1	
member	com.kotcrab.vis.ui.building.utilities.Alignment#getByIndex(int)	sge.visui.building.utilities.Alignment#getByIndex(int)	Renamed	-	com/kotcrab/vis/ui/building/utilities/Alignment.java	81	589c5d6520c7294f	placement=companion
member	com.kotcrab.vis.ui.building.utilities.Alignment#getByValidIndex(int)	sge.visui.building.utilities.Alignment#getByValidIndex(int)	Renamed	-	com/kotcrab/vis/ui/building/utilities/Alignment.java	90	3d2f3d903f48fa5a	placement=companion
member	com.kotcrab.vis.ui.building.utilities.Alignment#isAlignedWithBottom()	sge.visui.building.utilities.Alignment#isAlignedWithBottom()	Renamed	-	com/kotcrab/vis/ui/building/utilities/Alignment.java	58	f9ef65e154bb5302	
member	com.kotcrab.vis.ui.building.utilities.Alignment#isAlignedWithLeft()	sge.visui.building.utilities.Alignment#isAlignedWithLeft()	Renamed	-	com/kotcrab/vis/ui/building/utilities/Alignment.java	63	a916b9cfa41d1a09	
member	com.kotcrab.vis.ui.building.utilities.Alignment#isAlignedWithRight()	sge.visui.building.utilities.Alignment#isAlignedWithRight()	Renamed	-	com/kotcrab/vis/ui/building/utilities/Alignment.java	68	aab7f00d7c91f6b2	
member	com.kotcrab.vis.ui.building.utilities.Alignment#isAlignedWithTop()	sge.visui.building.utilities.Alignment#isAlignedWithTop()	Renamed	-	com/kotcrab/vis/ui/building/utilities/Alignment.java	53	428b4a78c68c9e99	
member	com.kotcrab.vis.ui.building.utilities.Alignment#isCentered()	sge.visui.building.utilities.Alignment#isCentered()	Renamed	-	com/kotcrab/vis/ui/building/utilities/Alignment.java	73	a0b320f4768fe2bc	
member	com.kotcrab.vis.ui.building.utilities.Alignment#isIndexLast(int)	sge.visui.building.utilities.Alignment#isIndexLast(int)	Renamed	-	com/kotcrab/vis/ui/building/utilities/Alignment.java	100	5adffc6fd011496a	placement=companion
member	com.kotcrab.vis.ui.building.utilities.Alignment#isIndexValid(int)	sge.visui.building.utilities.Alignment#isIndexValid(int)	Renamed	-	com/kotcrab/vis/ui/building/utilities/Alignment.java	95	7b599d6933901248	placement=companion
member	com.kotcrab.vis.ui.building.utilities.CellWidget#<stmt10>	sge.visui.building.utilities.CellWidget#<stmt10>	Renamed	-	com/kotcrab/vis/ui/building/utilities/CellWidget.java	53	7b1e6788a3d5f8df	
member	com.kotcrab.vis.ui.building.utilities.CellWidget#<stmt11>	sge.visui.building.utilities.CellWidget#<stmt11>	Renamed	-	com/kotcrab/vis/ui/building/utilities/CellWidget.java	54	3c4e5ef0c662a84b	
member	com.kotcrab.vis.ui.building.utilities.CellWidget#<stmt12>	sge.visui.building.utilities.CellWidget#<stmt12>	Renamed	-	com/kotcrab/vis/ui/building/utilities/CellWidget.java	55	67dfad0c59838e24	
member	com.kotcrab.vis.ui.building.utilities.CellWidget#<stmt1>	sge.visui.building.utilities.CellWidget#<stmt1>	Renamed	-	com/kotcrab/vis/ui/building/utilities/CellWidget.java	44	05c88decf4435e43	
member	com.kotcrab.vis.ui.building.utilities.CellWidget#<stmt2>	sge.visui.building.utilities.CellWidget#<stmt2>	Renamed	-	com/kotcrab/vis/ui/building/utilities/CellWidget.java	45	914e0ae10563f9ce	
member	com.kotcrab.vis.ui.building.utilities.CellWidget#<stmt3>	sge.visui.building.utilities.CellWidget#<stmt3>	Renamed	-	com/kotcrab/vis/ui/building/utilities/CellWidget.java	46	c32c1f67bad176e2	
member	com.kotcrab.vis.ui.building.utilities.CellWidget#<stmt4>	sge.visui.building.utilities.CellWidget#<stmt4>	Renamed	-	com/kotcrab/vis/ui/building/utilities/CellWidget.java	47	756679a44a13bab5	
member	com.kotcrab.vis.ui.building.utilities.CellWidget#<stmt5>	sge.visui.building.utilities.CellWidget#<stmt5>	Renamed	-	com/kotcrab/vis/ui/building/utilities/CellWidget.java	48	b0bf29ef55d8a1b4	
member	com.kotcrab.vis.ui.building.utilities.CellWidget#<stmt6>	sge.visui.building.utilities.CellWidget#<stmt6>	Renamed	-	com/kotcrab/vis/ui/building/utilities/CellWidget.java	49	8a95dd6ab476d16d	
member	com.kotcrab.vis.ui.building.utilities.CellWidget#<stmt7>	sge.visui.building.utilities.CellWidget#<stmt7>	Renamed	-	com/kotcrab/vis/ui/building/utilities/CellWidget.java	50	67c0589645691e20	
member	com.kotcrab.vis.ui.building.utilities.CellWidget#<stmt8>	sge.visui.building.utilities.CellWidget#<stmt8>	Renamed	-	com/kotcrab/vis/ui/building/utilities/CellWidget.java	51	878416e8a6f2bb8e	
member	com.kotcrab.vis.ui.building.utilities.CellWidget#<stmt9>	sge.visui.building.utilities.CellWidget#<stmt9>	Renamed	-	com/kotcrab/vis/ui/building/utilities/CellWidget.java	52	2fbc90eb9511add7	
member	com.kotcrab.vis.ui.building.utilities.CellWidget#EMPTY	sge.visui.building.utilities.CellWidget#EMPTY	Renamed	-	com/kotcrab/vis/ui/building/utilities/CellWidget.java	33	c55b580bfba24494	placement=companion
member	com.kotcrab.vis.ui.building.utilities.CellWidget#IGNORED_SIZE	sge.visui.building.utilities.CellWidget#IGNORED_SIZE	Renamed	-	com/kotcrab/vis/ui/building/utilities/CellWidget.java	31	688f6ef1dd57e0dc	placement=companion vis=private
member	com.kotcrab.vis.ui.building.utilities.CellWidget#alignment	sge.visui.building.utilities.CellWidget#alignment	Renamed	-	com/kotcrab/vis/ui/building/utilities/CellWidget.java	38	64759327f1ab78dc	vis=private
member	com.kotcrab.vis.ui.building.utilities.CellWidget#applyFillingData(Cell)	sge.visui.building.utilities.CellWidget#applyFillingData(Cell<?>)	Renamed	-	com/kotcrab/vis/ui/building/utilities/CellWidget.java	158	afeceb76f65912f4	vis=private
member	com.kotcrab.vis.ui.building.utilities.CellWidget#applyPadding(Cell,Padding)	sge.visui.building.utilities.CellWidget#applyPadding(Cell<?>,Padding)	Renamed	-	com/kotcrab/vis/ui/building/utilities/CellWidget.java	132	4869806b5616a120	vis=private
member	com.kotcrab.vis.ui.building.utilities.CellWidget#applySizeData(Cell)	sge.visui.building.utilities.CellWidget#applySizeData(Cell<?>)	Renamed	-	com/kotcrab/vis/ui/building/utilities/CellWidget.java	143	702ce4d6ffbbc154	vis=private
member	com.kotcrab.vis.ui.building.utilities.CellWidget#buildCell(Table)	sge.visui.building.utilities.CellWidget#buildCell(Table)	Renamed	-	com/kotcrab/vis/ui/building/utilities/CellWidget.java	113	7198ef8be317c1cb	
member	com.kotcrab.vis.ui.building.utilities.CellWidget#buildCell(Table,Padding)	sge.visui.building.utilities.CellWidget#buildCell(Table,Padding)	Renamed	-	com/kotcrab/vis/ui/building/utilities/CellWidget.java	122	99e3281db344a05c	
member	com.kotcrab.vis.ui.building.utilities.CellWidget#builder()	sge.visui.building.utilities.CellWidget#builder()	Renamed	-	com/kotcrab/vis/ui/building/utilities/CellWidget.java	100	1c7633c33daa2801	placement=companion
member	com.kotcrab.vis.ui.building.utilities.CellWidget#empty()	sge.visui.building.utilities.CellWidget#empty()	Renamed	-	com/kotcrab/vis/ui/building/utilities/CellWidget.java	95	4739ff8a1ce04663	placement=companion
member	com.kotcrab.vis.ui.building.utilities.CellWidget#expandX	sge.visui.building.utilities.CellWidget#expandX	Renamed	-	com/kotcrab/vis/ui/building/utilities/CellWidget.java	37	d7c843fc11eafb0e	vis=private
member	com.kotcrab.vis.ui.building.utilities.CellWidget#expandY	sge.visui.building.utilities.CellWidget#expandY	Renamed	-	com/kotcrab/vis/ui/building/utilities/CellWidget.java	37	fbd6458d26da8c50	vis=private
member	com.kotcrab.vis.ui.building.utilities.CellWidget#fillX	sge.visui.building.utilities.CellWidget#fillX	Renamed	-	com/kotcrab/vis/ui/building/utilities/CellWidget.java	37	a0bf21160f5bd402	vis=private
member	com.kotcrab.vis.ui.building.utilities.CellWidget#fillY	sge.visui.building.utilities.CellWidget#fillY	Renamed	-	com/kotcrab/vis/ui/building/utilities/CellWidget.java	37	68a272611951722b	vis=private
member	com.kotcrab.vis.ui.building.utilities.CellWidget#getWidget()	sge.visui.building.utilities.CellWidget#getWidget()	Renamed	-	com/kotcrab/vis/ui/building/utilities/CellWidget.java	105	63b356cf4faf62a0	
member	com.kotcrab.vis.ui.building.utilities.CellWidget#height	sge.visui.building.utilities.CellWidget#height	Renamed	-	com/kotcrab/vis/ui/building/utilities/CellWidget.java	39	6eec677c009c9372	vis=private
member	com.kotcrab.vis.ui.building.utilities.CellWidget#minHeight	sge.visui.building.utilities.CellWidget#minHeight	Renamed	-	com/kotcrab/vis/ui/building/utilities/CellWidget.java	39	a4f1aa35bbc10ea2	vis=private
member	com.kotcrab.vis.ui.building.utilities.CellWidget#minWidth	sge.visui.building.utilities.CellWidget#minWidth	Renamed	-	com/kotcrab/vis/ui/building/utilities/CellWidget.java	39	97125e053eee3fd7	vis=private
member	com.kotcrab.vis.ui.building.utilities.CellWidget#of(Widget)	sge.visui.building.utilities.CellWidget#of(Widget)	Renamed	-	com/kotcrab/vis/ui/building/utilities/CellWidget.java	62	17f8a6b02fa52efc	placement=companion
member	com.kotcrab.vis.ui.building.utilities.CellWidget#padding	sge.visui.building.utilities.CellWidget#padding	Renamed	-	com/kotcrab/vis/ui/building/utilities/CellWidget.java	36	818eb2e84e0f9c81	vis=private
member	com.kotcrab.vis.ui.building.utilities.CellWidget#useSpacing	sge.visui.building.utilities.CellWidget#useSpacing	Renamed	-	com/kotcrab/vis/ui/building/utilities/CellWidget.java	37	f329074c70da2f60	vis=private
member	com.kotcrab.vis.ui.building.utilities.CellWidget#using(CellWidget)	sge.visui.building.utilities.CellWidget#using(CellWidget<Widget>)	Renamed	-	com/kotcrab/vis/ui/building/utilities/CellWidget.java	70	6564c5df856bc1b6	placement=companion
member	com.kotcrab.vis.ui.building.utilities.CellWidget#widget	sge.visui.building.utilities.CellWidget#widget	Renamed	-	com/kotcrab/vis/ui/building/utilities/CellWidget.java	35	7311a753acdfada8	vis=private
member	com.kotcrab.vis.ui.building.utilities.CellWidget#width	sge.visui.building.utilities.CellWidget#width	Renamed	-	com/kotcrab/vis/ui/building/utilities/CellWidget.java	39	1c8d1b100e2d8990	vis=private
member	com.kotcrab.vis.ui.building.utilities.CellWidget#wrap(Array)	sge.visui.building.utilities.CellWidget#wrap(Array<Actor>)	Renamed	-	com/kotcrab/vis/ui/building/utilities/CellWidget.java	86	454576f9c8b6cb4f	placement=companion
member	com.kotcrab.vis.ui.building.utilities.CellWidget#wrap(Widget)	sge.visui.building.utilities.CellWidget#wrap(Widget)	Renamed	-	com/kotcrab/vis/ui/building/utilities/CellWidget.java	78	71f5f7b633ee02bb	placement=companion
member	com.kotcrab.vis.ui.building.utilities.CellWidget$CellWidgetBuilder#<init>(Actor)	sge.visui.building.utilities.CellWidget$CellWidgetBuilder#<init>(Actor)	Renamed	-	com/kotcrab/vis/ui/building/utilities/CellWidget.java	178	80ab17ee05685f26	vis=private[CellWidget]
member	com.kotcrab.vis.ui.building.utilities.CellWidget$CellWidgetBuilder#<init>(CellWidget)	sge.visui.building.utilities.CellWidget$CellWidgetBuilder#<init>(CellWidget<Widget>)	Renamed	-	com/kotcrab/vis/ui/building/utilities/CellWidget.java	182	0ebacb85159e04d5	vis=private[CellWidget]
member	com.kotcrab.vis.ui.building.utilities.CellWidget$CellWidgetBuilder#align(Alignment)	sge.visui.building.utilities.CellWidget$CellWidgetBuilder#align(Alignment)	Renamed	-	com/kotcrab/vis/ui/building/utilities/CellWidget.java	251	80229daeb8c7dc27	
member	com.kotcrab.vis.ui.building.utilities.CellWidget$CellWidgetBuilder#alignment	sge.visui.building.utilities.CellWidget$CellWidgetBuilder#alignment	Renamed	-	com/kotcrab/vis/ui/building/utilities/CellWidget.java	174	1209681e9c140adf	vis=private[CellWidget]
member	com.kotcrab.vis.ui.building.utilities.CellWidget$CellWidgetBuilder#expandX	sge.visui.building.utilities.CellWidget$CellWidgetBuilder#expandX	Renamed	-	com/kotcrab/vis/ui/building/utilities/CellWidget.java	173	3de1481ca68eec37	name=expandX$field
member	com.kotcrab.vis.ui.building.utilities.CellWidget$CellWidgetBuilder#expandX()	sge.visui.building.utilities.CellWidget$CellWidgetBuilder#expandX()	Renamed	-	com/kotcrab/vis/ui/building/utilities/CellWidget.java	224	17ff8c63f6d1e902	
member	com.kotcrab.vis.ui.building.utilities.CellWidget$CellWidgetBuilder#expandY	sge.visui.building.utilities.CellWidget$CellWidgetBuilder#expandY	Renamed	-	com/kotcrab/vis/ui/building/utilities/CellWidget.java	173	755e543ac53fa4f9	name=expandY$field
member	com.kotcrab.vis.ui.building.utilities.CellWidget$CellWidgetBuilder#expandY()	sge.visui.building.utilities.CellWidget$CellWidgetBuilder#expandY()	Renamed	-	com/kotcrab/vis/ui/building/utilities/CellWidget.java	230	826875f6752d041d	
member	com.kotcrab.vis.ui.building.utilities.CellWidget$CellWidgetBuilder#fillX	sge.visui.building.utilities.CellWidget$CellWidgetBuilder#fillX	Renamed	-	com/kotcrab/vis/ui/building/utilities/CellWidget.java	173	34792d05b5b12d95	name=fillX$field
member	com.kotcrab.vis.ui.building.utilities.CellWidget$CellWidgetBuilder#fillX()	sge.visui.building.utilities.CellWidget$CellWidgetBuilder#fillX()	Renamed	-	com/kotcrab/vis/ui/building/utilities/CellWidget.java	236	3a5f0c012927274f	
member	com.kotcrab.vis.ui.building.utilities.CellWidget$CellWidgetBuilder#fillY	sge.visui.building.utilities.CellWidget$CellWidgetBuilder#fillY	Renamed	-	com/kotcrab/vis/ui/building/utilities/CellWidget.java	173	a5b2ef975f84b702	name=fillY$field
member	com.kotcrab.vis.ui.building.utilities.CellWidget$CellWidgetBuilder#fillY()	sge.visui.building.utilities.CellWidget$CellWidgetBuilder#fillY()	Renamed	-	com/kotcrab/vis/ui/building/utilities/CellWidget.java	242	0b36dc22d12758bf	
member	com.kotcrab.vis.ui.building.utilities.CellWidget$CellWidgetBuilder#height	sge.visui.building.utilities.CellWidget$CellWidgetBuilder#height	Renamed	-	com/kotcrab/vis/ui/building/utilities/CellWidget.java	175	b30606d25fb8d814	name=height$field
member	com.kotcrab.vis.ui.building.utilities.CellWidget$CellWidgetBuilder#height(int)	sge.visui.building.utilities.CellWidget$CellWidgetBuilder#height(int)	Renamed	-	com/kotcrab/vis/ui/building/utilities/CellWidget.java	263	7823effb83b1c2ad	
member	com.kotcrab.vis.ui.building.utilities.CellWidget$CellWidgetBuilder#minHeight	sge.visui.building.utilities.CellWidget$CellWidgetBuilder#minHeight	Renamed	-	com/kotcrab/vis/ui/building/utilities/CellWidget.java	176	eedd9d79d4a20c37	name=minHeight$field
member	com.kotcrab.vis.ui.building.utilities.CellWidget$CellWidgetBuilder#minHeight(int)	sge.visui.building.utilities.CellWidget$CellWidgetBuilder#minHeight(int)	Renamed	-	com/kotcrab/vis/ui/building/utilities/CellWidget.java	281	d898e3b320c27bb9	
member	com.kotcrab.vis.ui.building.utilities.CellWidget$CellWidgetBuilder#minWidth	sge.visui.building.utilities.CellWidget$CellWidgetBuilder#minWidth	Renamed	-	com/kotcrab/vis/ui/building/utilities/CellWidget.java	175	bf11e86860558490	name=minWidth$field
member	com.kotcrab.vis.ui.building.utilities.CellWidget$CellWidgetBuilder#minWidth(int)	sge.visui.building.utilities.CellWidget$CellWidgetBuilder#minWidth(int)	Renamed	-	com/kotcrab/vis/ui/building/utilities/CellWidget.java	272	8c4f79eec8328597	
member	com.kotcrab.vis.ui.building.utilities.CellWidget$CellWidgetBuilder#padding	sge.visui.building.utilities.CellWidget$CellWidgetBuilder#padding	Renamed	-	com/kotcrab/vis/ui/building/utilities/CellWidget.java	172	70b252b6064dec6f	name=padding$field
member	com.kotcrab.vis.ui.building.utilities.CellWidget$CellWidgetBuilder#padding(Padding)	sge.visui.building.utilities.CellWidget$CellWidgetBuilder#padding(Padding)	Renamed	-	com/kotcrab/vis/ui/building/utilities/CellWidget.java	209	7a65f110e6860a00	
member	com.kotcrab.vis.ui.building.utilities.CellWidget$CellWidgetBuilder#useSpacing	sge.visui.building.utilities.CellWidget$CellWidgetBuilder#useSpacing	Renamed	-	com/kotcrab/vis/ui/building/utilities/CellWidget.java	173	8a811efb2b383bcf	name=useSpacing$field
member	com.kotcrab.vis.ui.building.utilities.CellWidget$CellWidgetBuilder#useSpacing()	sge.visui.building.utilities.CellWidget$CellWidgetBuilder#useSpacing()	Renamed	-	com/kotcrab/vis/ui/building/utilities/CellWidget.java	218	fc290c09c87eaaf8	
member	com.kotcrab.vis.ui.building.utilities.CellWidget$CellWidgetBuilder#widget	sge.visui.building.utilities.CellWidget$CellWidgetBuilder#widget	Renamed	-	com/kotcrab/vis/ui/building/utilities/CellWidget.java	171	43367f8724368f32	name=widget$field
member	com.kotcrab.vis.ui.building.utilities.CellWidget$CellWidgetBuilder#widget(Widget)	sge.visui.building.utilities.CellWidget$CellWidgetBuilder#widget(Widget)	Renamed	-	com/kotcrab/vis/ui/building/utilities/CellWidget.java	203	2c0b8eb1f30f2904	
member	com.kotcrab.vis.ui.building.utilities.CellWidget$CellWidgetBuilder#width	sge.visui.building.utilities.CellWidget$CellWidgetBuilder#width	Renamed	-	com/kotcrab/vis/ui/building/utilities/CellWidget.java	175	e1195833b27725bb	name=width$field
member	com.kotcrab.vis.ui.building.utilities.CellWidget$CellWidgetBuilder#width(int)	sge.visui.building.utilities.CellWidget$CellWidgetBuilder#width(int)	Renamed	-	com/kotcrab/vis/ui/building/utilities/CellWidget.java	257	0bd79a2744ab4875	
member	com.kotcrab.vis.ui.building.utilities.CellWidget$CellWidgetBuilder#wrap()	sge.visui.building.utilities.CellWidget$CellWidgetBuilder#wrap()	Renamed	-	com/kotcrab/vis/ui/building/utilities/CellWidget.java	198	2731ffa393a082bd	
member	com.kotcrab.vis.ui.building.utilities.Nullables#areAllNotNull(Array)	sge.visui.building.utilities.Nullables#areAllNotNull(Array<Object>)	Renamed	-	com/kotcrab/vis/ui/building/utilities/Nullables.java	104	22f4b68f49bf008b	placement=companion
member	com.kotcrab.vis.ui.building.utilities.Nullables#areAllNull(Array)	sge.visui.building.utilities.Nullables#areAllNull(Array<Object>)	Renamed	-	com/kotcrab/vis/ui/building/utilities/Nullables.java	78	66c2a0584806cd27	placement=companion
member	com.kotcrab.vis.ui.building.utilities.Nullables#areEqual(Object,Object)	sge.visui.building.utilities.Nullables#areEqual(Object,Object)	Renamed	-	com/kotcrab/vis/ui/building/utilities/Nullables.java	57	5a946b9d8fdd2c82	placement=companion
member	com.kotcrab.vis.ui.building.utilities.Nullables#executeIfNotNull(Object,Runnable)	sge.visui.building.utilities.Nullables#executeIfNotNull(Object,Runnable)	Renamed	-	com/kotcrab/vis/ui/building/utilities/Nullables.java	50	ec2efdfe2eaac165	placement=companion
member	com.kotcrab.vis.ui.building.utilities.Nullables#getOrElse(Type,Type)	sge.visui.building.utilities.Nullables#getOrElse(Type,Type)	Renamed	-	com/kotcrab/vis/ui/building/utilities/Nullables.java	42	7bb377b3a85725e6	placement=companion
member	com.kotcrab.vis.ui.building.utilities.Nullables#isAnyNotNull(Array)	sge.visui.building.utilities.Nullables#isAnyNotNull(Array<Object>)	Renamed	-	com/kotcrab/vis/ui/building/utilities/Nullables.java	91	14dcee5c777d0df9	placement=companion
member	com.kotcrab.vis.ui.building.utilities.Nullables#isAnyNull(Array)	sge.visui.building.utilities.Nullables#isAnyNull(Array<Object>)	Renamed	-	com/kotcrab/vis/ui/building/utilities/Nullables.java	65	e1cd1f490885c67f	placement=companion
member	com.kotcrab.vis.ui.building.utilities.Nullables#isNotNull(Object)	sge.visui.building.utilities.Nullables#isNotNull(Object)	Renamed	-	com/kotcrab/vis/ui/building/utilities/Nullables.java	34	f890e02d0fbf7517	placement=companion
member	com.kotcrab.vis.ui.building.utilities.Nullables#isNull(Object)	sge.visui.building.utilities.Nullables#isNull(Object)	Renamed	-	com/kotcrab/vis/ui/building/utilities/Nullables.java	29	a9b33de896b04a86	placement=companion
member	com.kotcrab.vis.ui.building.utilities.Padding#<init>(float)	sge.visui.building.utilities.Padding#<init>(float)	Renamed	-	com/kotcrab/vis/ui/building/utilities/Padding.java	43	6690f164e5cd8898	
member	com.kotcrab.vis.ui.building.utilities.Padding#<init>(float,float)	sge.visui.building.utilities.Padding#<init>(float,float)	Renamed	-	com/kotcrab/vis/ui/building/utilities/Padding.java	51	e4e1357de82e8e07	
member	com.kotcrab.vis.ui.building.utilities.Padding#<stmt1>	sge.visui.building.utilities.Padding#<stmt1>	Renamed	-	com/kotcrab/vis/ui/building/utilities/Padding.java	62	2d7309b0ff2fc46f	
member	com.kotcrab.vis.ui.building.utilities.Padding#<stmt2>	sge.visui.building.utilities.Padding#<stmt2>	Renamed	-	com/kotcrab/vis/ui/building/utilities/Padding.java	63	c0a0ff0ca3653ae6	
member	com.kotcrab.vis.ui.building.utilities.Padding#<stmt3>	sge.visui.building.utilities.Padding#<stmt3>	Renamed	-	com/kotcrab/vis/ui/building/utilities/Padding.java	64	e729cb5e4372e8e0	
member	com.kotcrab.vis.ui.building.utilities.Padding#<stmt4>	sge.visui.building.utilities.Padding#<stmt4>	Renamed	-	com/kotcrab/vis/ui/building/utilities/Padding.java	65	44afc9006997ec5f	
member	com.kotcrab.vis.ui.building.utilities.Padding#PAD_0	sge.visui.building.utilities.Padding#PAD_0	Renamed	-	com/kotcrab/vis/ui/building/utilities/Padding.java	38	2d676d5522fbf029	placement=companion
member	com.kotcrab.vis.ui.building.utilities.Padding#PAD_2	sge.visui.building.utilities.Padding#PAD_2	Renamed	-	com/kotcrab/vis/ui/building/utilities/Padding.java	38	0866315b1e279026	placement=companion
member	com.kotcrab.vis.ui.building.utilities.Padding#PAD_4	sge.visui.building.utilities.Padding#PAD_4	Renamed	-	com/kotcrab/vis/ui/building/utilities/Padding.java	38	42966c05dfeaab29	placement=companion
member	com.kotcrab.vis.ui.building.utilities.Padding#PAD_8	sge.visui.building.utilities.Padding#PAD_8	Renamed	-	com/kotcrab/vis/ui/building/utilities/Padding.java	38	9a0ab0903d2afca5	placement=companion
member	com.kotcrab.vis.ui.building.utilities.Padding#add(Padding)	sge.visui.building.utilities.Padding#add(Padding)	Renamed	-	com/kotcrab/vis/ui/building/utilities/Padding.java	115	bb708788d93555dd	
member	com.kotcrab.vis.ui.building.utilities.Padding#applyPadding(Cell)	sge.visui.building.utilities.Padding#applyPadding(Cell<?>)	Renamed	-	com/kotcrab/vis/ui/building/utilities/Padding.java	151	0a6ce02ee4330617	
member	com.kotcrab.vis.ui.building.utilities.Padding#applyPadding(Table)	sge.visui.building.utilities.Padding#applyPadding(Table)	Renamed	-	com/kotcrab/vis/ui/building/utilities/Padding.java	140	dd3340903c76042d	
member	com.kotcrab.vis.ui.building.utilities.Padding#applySpacing(Cell)	sge.visui.building.utilities.Padding#applySpacing(Cell<?>)	Renamed	-	com/kotcrab/vis/ui/building/utilities/Padding.java	163	5ff6275ab6a2f412	
member	com.kotcrab.vis.ui.building.utilities.Padding#bottom	sge.visui.building.utilities.Padding#bottom	Renamed	-	com/kotcrab/vis/ui/building/utilities/Padding.java	40	c710a4507d9f9831	
member	com.kotcrab.vis.ui.building.utilities.Padding#getBottom()	sge.visui.building.utilities.Padding#getBottom()	Renamed	-	com/kotcrab/vis/ui/building/utilities/Padding.java	102	60cc28669c0ea8ec	
member	com.kotcrab.vis.ui.building.utilities.Padding#getLeft()	sge.visui.building.utilities.Padding#getLeft()	Renamed	-	com/kotcrab/vis/ui/building/utilities/Padding.java	97	c83dce84230ec267	
member	com.kotcrab.vis.ui.building.utilities.Padding#getRight()	sge.visui.building.utilities.Padding#getRight()	Renamed	-	com/kotcrab/vis/ui/building/utilities/Padding.java	107	96907a795c5f0290	
member	com.kotcrab.vis.ui.building.utilities.Padding#getTop()	sge.visui.building.utilities.Padding#getTop()	Renamed	-	com/kotcrab/vis/ui/building/utilities/Padding.java	92	0963a7a94790c0c9	
member	com.kotcrab.vis.ui.building.utilities.Padding#left	sge.visui.building.utilities.Padding#left	Renamed	-	com/kotcrab/vis/ui/building/utilities/Padding.java	40	67f5ef2d008f2803	
member	com.kotcrab.vis.ui.building.utilities.Padding#of(float)	sge.visui.building.utilities.Padding#of(float)	Renamed	-	com/kotcrab/vis/ui/building/utilities/Padding.java	69	17f36bc964d18085	placement=companion
member	com.kotcrab.vis.ui.building.utilities.Padding#of(float,float)	sge.visui.building.utilities.Padding#of(float,float)	Renamed	-	com/kotcrab/vis/ui/building/utilities/Padding.java	77	c61be772e6c9bb21	placement=companion
member	com.kotcrab.vis.ui.building.utilities.Padding#of(float,float,float,float)	sge.visui.building.utilities.Padding#of(float,float,float,float)	Renamed	-	com/kotcrab/vis/ui/building/utilities/Padding.java	87	bee415a8c49aa538	placement=companion
member	com.kotcrab.vis.ui.building.utilities.Padding#reverse()	sge.visui.building.utilities.Padding#reverse()	Renamed	-	com/kotcrab/vis/ui/building/utilities/Padding.java	130	a7eec41631515843	
member	com.kotcrab.vis.ui.building.utilities.Padding#right	sge.visui.building.utilities.Padding#right	Renamed	-	com/kotcrab/vis/ui/building/utilities/Padding.java	40	4f06f34c6d7206df	
member	com.kotcrab.vis.ui.building.utilities.Padding#setPadding(Padding,Cell)	sge.visui.building.utilities.Padding#setPadding(Padding,Cell<?>)	Renamed	-	com/kotcrab/vis/ui/building/utilities/Padding.java	189	4dae589aec374b86	placement=companion
member	com.kotcrab.vis.ui.building.utilities.Padding#setPadding(Padding,Table)	sge.visui.building.utilities.Padding#setPadding(Padding,Table)	Renamed	-	com/kotcrab/vis/ui/building/utilities/Padding.java	177	44c0d18c8bfc4b1e	placement=companion
member	com.kotcrab.vis.ui.building.utilities.Padding#setSpacing(Padding,Cell)	sge.visui.building.utilities.Padding#setSpacing(Padding,Cell<?>)	Renamed	-	com/kotcrab/vis/ui/building/utilities/Padding.java	201	1a72f0aa67aaf503	placement=companion
member	com.kotcrab.vis.ui.building.utilities.Padding#subtract(Padding)	sge.visui.building.utilities.Padding#subtract(Padding)	Renamed	-	com/kotcrab/vis/ui/building/utilities/Padding.java	124	f7f587d699787e4c	
member	com.kotcrab.vis.ui.building.utilities.Padding#top	sge.visui.building.utilities.Padding#top	Renamed	-	com/kotcrab/vis/ui/building/utilities/Padding.java	40	bedc5b4e820480aa	
member	com.kotcrab.vis.ui.building.utilities.layouts.ActorLayout#convertToActor(Array)	sge.visui.building.utilities.layouts.ActorLayout#convertToActor(Array<Actor>)	Renamed	-	com/kotcrab/vis/ui/building/utilities/layouts/ActorLayout.java	29	2a8cb5849c50e7ef	
member	com.kotcrab.vis.ui.building.utilities.layouts.ActorLayout#convertToActor(Array)	sge.visui.building.utilities.layouts.ActorLayout#convertToActor(Array<CellWidget<?>>)	Renamed	-	com/kotcrab/vis/ui/building/utilities/layouts/ActorLayout.java	32	99038323e84cba98	
member	com.kotcrab.vis.ui.building.utilities.layouts.GridTableLayout#<stmt1>	sge.visui.building.utilities.layouts.GridTableLayout#<stmt1>	Renamed	-	com/kotcrab/vis/ui/building/utilities/layouts/GridTableLayout.java	32	666f7e283a265b55	
member	com.kotcrab.vis.ui.building.utilities.layouts.GridTableLayout#convertToActor(Array)	sge.visui.building.utilities.layouts.GridTableLayout#convertToActor(Array<Actor>)	Renamed	-	com/kotcrab/vis/ui/building/utilities/layouts/GridTableLayout.java	44	8298c99e7200d0eb	
member	com.kotcrab.vis.ui.building.utilities.layouts.GridTableLayout#convertToActor(Array)	sge.visui.building.utilities.layouts.GridTableLayout#convertToActor(Array<CellWidget<?>>)	Renamed	-	com/kotcrab/vis/ui/building/utilities/layouts/GridTableLayout.java	49	9884bbe0ffbb5912	
member	com.kotcrab.vis.ui.building.utilities.layouts.GridTableLayout#rowSize	sge.visui.building.utilities.layouts.GridTableLayout#rowSize	Renamed	-	com/kotcrab/vis/ui/building/utilities/layouts/GridTableLayout.java	29	c84d0a25f67fe1d9	
member	com.kotcrab.vis.ui.building.utilities.layouts.GridTableLayout#withRowSize(int,Sge)	sge.visui.building.utilities.layouts.GridTableLayout#withRowSize(int,Sge)	Renamed	-	com/kotcrab/vis/ui/building/utilities/layouts/GridTableLayout.java	39	51b72c7a25743dd7	placement=companion
member	com.kotcrab.vis.ui.building.utilities.layouts.Sge#<given-static>	sge.Sge#<given-static>	Renamed	-	com/kotcrab/vis/ui/building/utilities/layouts/TableLayout.java	33	92d5b1cd759201d5	placement=companion vis=private[TabbedPane]
member	com.kotcrab.vis.ui.building.utilities.layouts.Sge#<given>	sge.Sge#<given>	Renamed	-	com/kotcrab/vis/ui/building/utilities/layouts/TableLayout.java	33	92d5b1cd759201d5	vis=private[TabbedPane]
member	com.kotcrab.vis.ui.building.utilities.layouts.TableLayout#convertToActor(Array)	sge.visui.building.utilities.layouts.TableLayout#convertToActor(Array<Actor>)	Renamed	-	com/kotcrab/vis/ui/building/utilities/layouts/TableLayout.java	50	8298c99e7200d0eb	
member	com.kotcrab.vis.ui.building.utilities.layouts.TableLayout#convertToTable(TableBuilder,Array)	sge.visui.building.utilities.layouts.TableLayout#convertToTable(TableBuilder,Array<CellWidget<?>>)	Renamed	-	com/kotcrab/vis/ui/building/utilities/layouts/TableLayout.java	58	2c8c28832ffe2fc5	placement=companion
member	com.kotcrab.vis.ui.building.utilities.layouts.TableLayout#grid(int)	sge.visui.building.utilities.layouts.TableLayout#grid(int)	Renamed	-	com/kotcrab/vis/ui/building/utilities/layouts/TableLayout.java	66	758f7c159272f6fa	placement=companion
member	com.kotcrab.vis.ui.i18n.BundleText#format()	sge.visui.i18n.BundleText#format()	Renamed	-	com/kotcrab/vis/ui/i18n/BundleText.java	32	0a3044b6f6698089	
member	com.kotcrab.vis.ui.i18n.BundleText#format(Array)	sge.visui.i18n.BundleText#format(Array<Object>)	Renamed	-	com/kotcrab/vis/ui/i18n/BundleText.java	35	82bc0cf0541f60e9	
member	com.kotcrab.vis.ui.i18n.BundleText#get()	sge.visui.i18n.BundleText#get()	Renamed	-	com/kotcrab/vis/ui/i18n/BundleText.java	29	1712078c6154a993	
member	com.kotcrab.vis.ui.i18n.BundleText#getName()	sge.visui.i18n.BundleText#getName()	Renamed	-	com/kotcrab/vis/ui/i18n/BundleText.java	26	7d22d8b28ffdd2c0	
member	com.kotcrab.vis.ui.layout.DragPane#<init>(Sge)	sge.visui.layout.DragPane#<init>(Sge)	Renamed	-	com/kotcrab/vis/ui/layout/DragPane.java	48	f1c94e3d18054172	
member	com.kotcrab.vis.ui.layout.DragPane#<init>(boolean,Sge)	sge.visui.layout.DragPane#<init>(boolean,Sge)	Renamed	-	com/kotcrab/vis/ui/layout/DragPane.java	53	afbbad303730b24d	
member	com.kotcrab.vis.ui.layout.DragPane#<stmt1>	sge.visui.layout.DragPane#<stmt1>	Renamed	-	com/kotcrab/vis/ui/layout/DragPane.java	66	b1c5d116d3aafe56	
member	com.kotcrab.vis.ui.layout.DragPane#<stmt2>	sge.visui.layout.DragPane#<stmt2>	Renamed	-	com/kotcrab/vis/ui/layout/DragPane.java	69	0bba7fab6fd9df9d	
member	com.kotcrab.vis.ui.layout.DragPane#<stmt3>	sge.visui.layout.DragPane#<stmt3>	Renamed	-	com/kotcrab/vis/ui/layout/DragPane.java	70	780cf0c39886fa85	
member	com.kotcrab.vis.ui.layout.DragPane#accept(Actor)	sge.visui.layout.DragPane#accept(Actor)	Renamed	-	com/kotcrab/vis/ui/layout/DragPane.java	366	89ba4ff3ea548846	
member	com.kotcrab.vis.ui.layout.DragPane#addActor(Actor)	sge.visui.layout.DragPane#addActor(Actor)	Renamed	-	com/kotcrab/vis/ui/layout/DragPane.java	310	44bd3c778c2dc182	
member	com.kotcrab.vis.ui.layout.DragPane#addActorAfter(Actor,Actor)	sge.visui.layout.DragPane#addActorAfter(Actor,Actor)	Renamed	-	com/kotcrab/vis/ui/layout/DragPane.java	316	fd2a14912a680631	
member	com.kotcrab.vis.ui.layout.DragPane#addActorAt(int,Actor)	sge.visui.layout.DragPane#addActorAt(int,Actor)	Renamed	-	com/kotcrab/vis/ui/layout/DragPane.java	322	a7120421080902e6	
member	com.kotcrab.vis.ui.layout.DragPane#addActorBefore(Actor,Actor)	sge.visui.layout.DragPane#addActorBefore(Actor,Actor)	Renamed	-	com/kotcrab/vis/ui/layout/DragPane.java	328	3ff87c496c592a50	
member	com.kotcrab.vis.ui.layout.DragPane#attachListener()	sge.visui.layout.DragPane#attachListener()	Renamed	-	com/kotcrab/vis/ui/layout/DragPane.java	245	dc49dc64a2174103	vis=private
member	com.kotcrab.vis.ui.layout.DragPane#clear()	sge.visui.layout.DragPane#clear()	Renamed	-	com/kotcrab/vis/ui/layout/DragPane.java	305	ad8043f0774472a9	
member	com.kotcrab.vis.ui.layout.DragPane#contains(Actor)	sge.visui.layout.DragPane#contains(Actor)	Renamed	-	com/kotcrab/vis/ui/layout/DragPane.java	258	27a1a7fe66d9d289	
member	com.kotcrab.vis.ui.layout.DragPane#doOnAdd(Actor)	sge.visui.layout.DragPane#doOnAdd(Actor)	Renamed	-	com/kotcrab/vis/ui/layout/DragPane.java	334	41274a39b7980be7	
member	com.kotcrab.vis.ui.layout.DragPane#draggable	sge.visui.layout.DragPane#draggable	Renamed	-	com/kotcrab/vis/ui/layout/DragPane.java	44	c1be90df32fe8c12	vis=private
member	com.kotcrab.vis.ui.layout.DragPane#findActor(String)	sge.visui.layout.DragPane#findActor(String)	Renamed	-	com/kotcrab/vis/ui/layout/DragPane.java	341	738ae7d5ac4c1fb4	
member	com.kotcrab.vis.ui.layout.DragPane#getChildren()	sge.visui.layout.DragPane#getChildren()	Renamed	-	com/kotcrab/vis/ui/layout/DragPane.java	122	4bfd17474221f962	
member	com.kotcrab.vis.ui.layout.DragPane#getDraggable()	sge.visui.layout.DragPane#getDraggable()	Renamed	-	com/kotcrab/vis/ui/layout/DragPane.java	205	d635e901d8b0c40b	
member	com.kotcrab.vis.ui.layout.DragPane#getFloatingGroup()	sge.visui.layout.DragPane#getFloatingGroup()	Renamed	-	com/kotcrab/vis/ui/layout/DragPane.java	200	d56b8b3afacb6cce	
member	com.kotcrab.vis.ui.layout.DragPane#getGridGroup()	sge.visui.layout.DragPane#getGridGroup()	Renamed	-	com/kotcrab/vis/ui/layout/DragPane.java	173	46e6e5ccac0fae67	
member	com.kotcrab.vis.ui.layout.DragPane#getGroup()	sge.visui.layout.DragPane#getGroup()	Renamed	-	com/kotcrab/vis/ui/layout/DragPane.java	127	11d6c3087e7672a1	
member	com.kotcrab.vis.ui.layout.DragPane#getHorizontalFlowGroup()	sge.visui.layout.DragPane#getHorizontalFlowGroup()	Renamed	-	com/kotcrab/vis/ui/layout/DragPane.java	182	ea769dd673cfb840	
member	com.kotcrab.vis.ui.layout.DragPane#getHorizontalGroup()	sge.visui.layout.DragPane#getHorizontalGroup()	Renamed	-	com/kotcrab/vis/ui/layout/DragPane.java	155	ada188247c0b5392	
member	com.kotcrab.vis.ui.layout.DragPane#getVerticalFlowGroup()	sge.visui.layout.DragPane#getVerticalFlowGroup()	Renamed	-	com/kotcrab/vis/ui/layout/DragPane.java	191	d516cccab998a970	
member	com.kotcrab.vis.ui.layout.DragPane#getVerticalGroup()	sge.visui.layout.DragPane#getVerticalGroup()	Renamed	-	com/kotcrab/vis/ui/layout/DragPane.java	164	9b758d75ab78eac6	
member	com.kotcrab.vis.ui.layout.DragPane#invalidate()	sge.visui.layout.DragPane#invalidate()	Renamed	-	com/kotcrab/vis/ui/layout/DragPane.java	346	b4a060b013f3c7d1	
member	com.kotcrab.vis.ui.layout.DragPane#isFloating()	sge.visui.layout.DragPane#isFloating()	Renamed	-	com/kotcrab/vis/ui/layout/DragPane.java	117	c4422c7de0e82283	
member	com.kotcrab.vis.ui.layout.DragPane#isGrid()	sge.visui.layout.DragPane#isGrid()	Renamed	-	com/kotcrab/vis/ui/layout/DragPane.java	93	b5c0665498f8b06b	
member	com.kotcrab.vis.ui.layout.DragPane#isHorizontal()	sge.visui.layout.DragPane#isHorizontal()	Renamed	-	com/kotcrab/vis/ui/layout/DragPane.java	85	8f37b7dd4af81661	
member	com.kotcrab.vis.ui.layout.DragPane#isHorizontalFlow()	sge.visui.layout.DragPane#isHorizontalFlow()	Renamed	-	com/kotcrab/vis/ui/layout/DragPane.java	109	1e4993cff2024415	
member	com.kotcrab.vis.ui.layout.DragPane#isVertical()	sge.visui.layout.DragPane#isVertical()	Renamed	-	com/kotcrab/vis/ui/layout/DragPane.java	77	086edc7172250ecd	
member	com.kotcrab.vis.ui.layout.DragPane#isVerticalFlow()	sge.visui.layout.DragPane#isVerticalFlow()	Renamed	-	com/kotcrab/vis/ui/layout/DragPane.java	101	8a03cab3601dc7f8	
member	com.kotcrab.vis.ui.layout.DragPane#listener	sge.visui.layout.DragPane#listener	Renamed	-	com/kotcrab/vis/ui/layout/DragPane.java	45	706e0969bcd88664	vis=private
member	com.kotcrab.vis.ui.layout.DragPane#removeActor(Actor)	sge.visui.layout.DragPane#removeActor(Actor)	Renamed	-	com/kotcrab/vis/ui/layout/DragPane.java	274	3eca575bb3bf29f0	
member	com.kotcrab.vis.ui.layout.DragPane#removeActor(Actor,boolean)	sge.visui.layout.DragPane#removeActor(Actor,boolean)	Renamed	-	com/kotcrab/vis/ui/layout/DragPane.java	291	e752a08d0ba8b4ad	
member	com.kotcrab.vis.ui.layout.DragPane#removeListener()	sge.visui.layout.DragPane#removeListener()	Renamed	-	com/kotcrab/vis/ui/layout/DragPane.java	236	1979e7f8908eb3c2	vis=private
member	com.kotcrab.vis.ui.layout.DragPane#setActor(Nullable)	sge.visui.layout.DragPane#setActor(Nullable<WidgetGroup>)	Renamed	-	com/kotcrab/vis/ui/layout/DragPane.java	138	cc2fb478e6ce8866	
member	com.kotcrab.vis.ui.layout.DragPane#setBounds(float,float,float,float)	sge.visui.layout.DragPane#setBounds(float,float,float,float)	Renamed	-	com/kotcrab/vis/ui/layout/DragPane.java	217	bc597410c19e4f2e	
member	com.kotcrab.vis.ui.layout.DragPane#setDraggable(Draggable)	sge.visui.layout.DragPane#setDraggable(Draggable)	Renamed	-	com/kotcrab/vis/ui/layout/DragPane.java	210	ba1240e21455728c	
member	com.kotcrab.vis.ui.layout.DragPane#setGroup(WidgetGroup)	sge.visui.layout.DragPane#setGroup(WidgetGroup)	Renamed	-	com/kotcrab/vis/ui/layout/DragPane.java	132	ffb37a5477e57ad0	
member	com.kotcrab.vis.ui.layout.DragPane#setHeight(float)	sge.visui.layout.DragPane#setHeight(float)	Renamed	-	com/kotcrab/vis/ui/layout/DragPane.java	231	5a7baf6b70f2e355	
member	com.kotcrab.vis.ui.layout.DragPane#setListener(DragPaneListener)	sge.visui.layout.DragPane#setListener(DragPaneListener)	Renamed	-	com/kotcrab/vis/ui/layout/DragPane.java	358	5dfc1f299e5a5225	
member	com.kotcrab.vis.ui.layout.DragPane#setWidth(float)	sge.visui.layout.DragPane#setWidth(float)	Renamed	-	com/kotcrab/vis/ui/layout/DragPane.java	225	d864a41eb88d63e0	
member	com.kotcrab.vis.ui.layout.DragPane#validate()	sge.visui.layout.DragPane#validate()	Renamed	-	com/kotcrab/vis/ui/layout/DragPane.java	352	b5160b91d087ee5a	
member	com.kotcrab.vis.ui.layout.DragPane$DefaultDragListener#<init>()	sge.visui.layout.DragPane$DefaultDragListener#<init>()	Renamed	-	com/kotcrab/vis/ui/layout/DragPane.java	381	3e38b09c4f7e2377	
member	com.kotcrab.vis.ui.layout.DragPane$DefaultDragListener#<stmt1>	sge.visui.layout.DragPane$DefaultDragListener#<stmt1>	Renamed	-	com/kotcrab/vis/ui/layout/DragPane.java	391	7d8a1ff6da74cbaf	
member	com.kotcrab.vis.ui.layout.DragPane$DefaultDragListener#DRAG_POSITION	sge.visui.layout.DragPane$DefaultDragListener#DRAG_POSITION	Renamed	-	com/kotcrab/vis/ui/layout/DragPane.java	377	0fb38dc2e8472424	placement=companion
member	com.kotcrab.vis.ui.layout.DragPane$DefaultDragListener#accept(Actor,DragPane)	sge.visui.layout.DragPane$DefaultDragListener#accept(Actor,DragPane)	Renamed	-	com/kotcrab/vis/ui/layout/DragPane.java	465	2da6eff643d7c500	
member	com.kotcrab.vis.ui.layout.DragPane$DefaultDragListener#addActor(Draggable,Actor,Actor,DragPane)	sge.visui.layout.DragPane$DefaultDragListener#addActor(Draggable,Actor,Actor,DragPane)	Renamed	-	com/kotcrab/vis/ui/layout/DragPane.java	476	7480f97c4e4e2568	
member	com.kotcrab.vis.ui.layout.DragPane$DefaultDragListener#addDirectlyToPane(Draggable,Actor,DragPane)	sge.visui.layout.DragPane$DefaultDragListener#addDirectlyToPane(Draggable,Actor,DragPane)	Renamed	-	com/kotcrab/vis/ui/layout/DragPane.java	448	bf76bb565f099fb8	
member	com.kotcrab.vis.ui.layout.DragPane$DefaultDragListener#addToFloatingGroup(Draggable,Actor,DragPane)	sge.visui.layout.DragPane$DefaultDragListener#addToFloatingGroup(Draggable,Actor,DragPane)	Renamed	-	com/kotcrab/vis/ui/layout/DragPane.java	545	6d757955949d58ad	
member	com.kotcrab.vis.ui.layout.DragPane$DefaultDragListener#addToHorizontalGroup(Actor,DragPane,Actor)	sge.visui.layout.DragPane$DefaultDragListener#addToHorizontalGroup(Actor,DragPane,Actor)	Renamed	-	com/kotcrab/vis/ui/layout/DragPane.java	495	d6a50147625ed95c	
member	com.kotcrab.vis.ui.layout.DragPane$DefaultDragListener#addToOtherGroup(Actor,DragPane,Actor)	sge.visui.layout.DragPane$DefaultDragListener#addToOtherGroup(Actor,DragPane,Actor)	Renamed	-	com/kotcrab/vis/ui/layout/DragPane.java	577	131a0c6e9bd35f8b	
member	com.kotcrab.vis.ui.layout.DragPane$DefaultDragListener#addToVerticalGroup(Actor,DragPane,Actor)	sge.visui.layout.DragPane$DefaultDragListener#addToVerticalGroup(Actor,DragPane,Actor)	Renamed	-	com/kotcrab/vis/ui/layout/DragPane.java	520	bde159545d25f69c	
member	com.kotcrab.vis.ui.layout.DragPane$DefaultDragListener#getActorInDragPane(Actor,DragPane)	sge.visui.layout.DragPane$DefaultDragListener#getActorInDragPane(Actor,DragPane)	Renamed	-	com/kotcrab/vis/ui/layout/DragPane.java	612	4871115954150c7a	
member	com.kotcrab.vis.ui.layout.DragPane$DefaultDragListener#getDragPane(Actor)	sge.visui.layout.DragPane$DefaultDragListener#getDragPane(Actor)	Renamed	-	com/kotcrab/vis/ui/layout/DragPane.java	626	19eda31bd26d5d90	
member	com.kotcrab.vis.ui.layout.DragPane$DefaultDragListener#onDrag(Draggable,Actor,float,float)	sge.visui.layout.DragPane$DefaultDragListener#onDrag(Draggable,Actor,float,float)	Renamed	-	com/kotcrab/vis/ui/layout/DragPane.java	412	0edc8f74d3255b94	
member	com.kotcrab.vis.ui.layout.DragPane$DefaultDragListener#onEnd(Draggable,Actor,float,float)	sge.visui.layout.DragPane$DefaultDragListener#onEnd(Draggable,Actor,float,float)	Renamed	-	com/kotcrab/vis/ui/layout/DragPane.java	416	3c59c9f972117e3f	
member	com.kotcrab.vis.ui.layout.DragPane$DefaultDragListener#onStart(Draggable,Actor,float,float)	sge.visui.layout.DragPane$DefaultDragListener#onStart(Draggable,Actor,float,float)	Renamed	-	com/kotcrab/vis/ui/layout/DragPane.java	407	54983a15e8f3c861	
member	com.kotcrab.vis.ui.layout.DragPane$DefaultDragListener#policy	sge.visui.layout.DragPane$DefaultDragListener#policy	Renamed	-	com/kotcrab/vis/ui/layout/DragPane.java	378	8e0e48e1a1899ef5	vis=private[DragPane]
member	com.kotcrab.vis.ui.layout.DragPane$DefaultDragListener#setPolicy(Policy)	sge.visui.layout.DragPane$DefaultDragListener#setPolicy(Policy)	Renamed	-	com/kotcrab/vis/ui/layout/DragPane.java	399	9a36b399dfcb0e2e	
member	com.kotcrab.vis.ui.layout.DragPane$DefaultDragListener$Policy#accept(DragPane,Actor)	sge.visui.layout.DragPane$DefaultDragListener$Policy#accept(DragPane,Actor)	Renamed	-	com/kotcrab/vis/ui/layout/DragPane.java	647	520d5ac6368d9728	
member	com.kotcrab.vis.ui.layout.DragPane$DragPaneListener#ACCEPT	sge.visui.layout.DragPane$DragPaneListener#ACCEPT	Renamed	-	com/kotcrab/vis/ui/layout/DragPane.java	680	0d92676c48499c5f	placement=companion
member	com.kotcrab.vis.ui.layout.DragPane$DragPaneListener#REFUSE	sge.visui.layout.DragPane$DragPaneListener#REFUSE	Renamed	-	com/kotcrab/vis/ui/layout/DragPane.java	680	9e08b1d17655a4ba	placement=companion
member	com.kotcrab.vis.ui.layout.DragPane$DragPaneListener#accept(DragPane,Actor)	sge.visui.layout.DragPane$DragPaneListener#accept(DragPane,Actor)	Renamed	-	com/kotcrab/vis/ui/layout/DragPane.java	687	cb386b8b2a0f8eb3	
member	com.kotcrab.vis.ui.layout.DragPane$DragPaneListener$AcceptOwnChildren#accept(DragPane,Actor)	sge.visui.layout.DragPane$DragPaneListener$AcceptOwnChildren#accept(DragPane,Actor)	Renamed	-	com/kotcrab/vis/ui/layout/DragPane.java	697	79fb3ecd630a4785	
member	com.kotcrab.vis.ui.layout.DragPane$DragPaneListener$LimitChildren#<stmt1>	sge.visui.layout.DragPane$DragPaneListener$LimitChildren#<stmt1>	Renamed	-	com/kotcrab/vis/ui/layout/DragPane.java	715	53b93f950897d468	
member	com.kotcrab.vis.ui.layout.DragPane$DragPaneListener$LimitChildren#accept(DragPane,Actor)	sge.visui.layout.DragPane$DragPaneListener$LimitChildren#accept(DragPane,Actor)	Renamed	-	com/kotcrab/vis/ui/layout/DragPane.java	719	c055d0561475d4e4	
member	com.kotcrab.vis.ui.layout.DragPane$DragPaneListener$LimitChildren#max	sge.visui.layout.DragPane$DragPaneListener$LimitChildren#max	Renamed	-	com/kotcrab/vis/ui/layout/DragPane.java	708	3fe718aebc41b30a	
member	com.kotcrab.vis.ui.layout.FloatingGroup#<init>(Sge)	sge.visui.layout.FloatingGroup#<init>(Sge)	Renamed	-	com/kotcrab/vis/ui/layout/FloatingGroup.java	46	1fa6b40f20e67909	
member	com.kotcrab.vis.ui.layout.FloatingGroup#<init>(float,float,Sge)	sge.visui.layout.FloatingGroup#<init>(float,float,Sge)	Renamed	-	com/kotcrab/vis/ui/layout/FloatingGroup.java	55	94c2ecc6d9ed1139	
member	com.kotcrab.vis.ui.layout.FloatingGroup#getPrefHeight()	sge.visui.layout.FloatingGroup#getPrefHeight()	Renamed	-	com/kotcrab/vis/ui/layout/FloatingGroup.java	100	2cbf95963edeaa30	
member	com.kotcrab.vis.ui.layout.FloatingGroup#getPrefWidth()	sge.visui.layout.FloatingGroup#getPrefWidth()	Renamed	-	com/kotcrab/vis/ui/layout/FloatingGroup.java	95	40b620340ab80fba	
member	com.kotcrab.vis.ui.layout.FloatingGroup#isUseChildrenPreferredSize()	sge.visui.layout.FloatingGroup#isUseChildrenPreferredSize()	Renamed	-	com/kotcrab/vis/ui/layout/FloatingGroup.java	80	ae590d913785ebf2	
member	com.kotcrab.vis.ui.layout.FloatingGroup#layout()	sge.visui.layout.FloatingGroup#layout()	Renamed	-	com/kotcrab/vis/ui/layout/FloatingGroup.java	62	871c7db8b0252c19	
member	com.kotcrab.vis.ui.layout.FloatingGroup#prefHeight	sge.visui.layout.FloatingGroup#prefHeight	Renamed	-	com/kotcrab/vis/ui/layout/FloatingGroup.java	37	24a59deb68a83c20	vis=private
member	com.kotcrab.vis.ui.layout.FloatingGroup#prefWidth	sge.visui.layout.FloatingGroup#prefWidth	Renamed	-	com/kotcrab/vis/ui/layout/FloatingGroup.java	36	462a0aaefcd4ab97	vis=private
member	com.kotcrab.vis.ui.layout.FloatingGroup#setPrefHeight(float)	sge.visui.layout.FloatingGroup#setPrefHeight(float)	Renamed	-	com/kotcrab/vis/ui/layout/FloatingGroup.java	109	d00f3e5259f7c4d8	
member	com.kotcrab.vis.ui.layout.FloatingGroup#setPrefWidth(float)	sge.visui.layout.FloatingGroup#setPrefWidth(float)	Renamed	-	com/kotcrab/vis/ui/layout/FloatingGroup.java	104	cdb4d4682e108c1f	
member	com.kotcrab.vis.ui.layout.FloatingGroup#setUseChildrenPreferredSize(boolean)	sge.visui.layout.FloatingGroup#setUseChildrenPreferredSize(boolean)	Renamed	-	com/kotcrab/vis/ui/layout/FloatingGroup.java	89	440d3a85c2382c75	
member	com.kotcrab.vis.ui.layout.FloatingGroup#useChildrenPreferredSize	sge.visui.layout.FloatingGroup#useChildrenPreferredSize	Renamed	-	com/kotcrab/vis/ui/layout/FloatingGroup.java	35	f0f5a1dbe2293d9c	vis=private
member	com.kotcrab.vis.ui.layout.FlowGroup#<init>(boolean,Sge)	sge.visui.layout.FlowGroup#<init>(boolean,Sge)	Renamed	-	com/kotcrab/vis/ui/layout/FlowGroup.java	54	40e77567c6dd0d07	
member	com.kotcrab.vis.ui.layout.FlowGroup#<stmt1>	sge.visui.layout.FlowGroup#<stmt1>	Renamed	-	com/kotcrab/vis/ui/layout/FlowGroup.java	59	b9293bb40e7c975a	
member	com.kotcrab.vis.ui.layout.FlowGroup#<stmt2>	sge.visui.layout.FlowGroup#<stmt2>	Renamed	-	com/kotcrab/vis/ui/layout/FlowGroup.java	60	318e64da5fd41370	
member	com.kotcrab.vis.ui.layout.FlowGroup#<stmt3>	sge.visui.layout.FlowGroup#<stmt3>	Renamed	-	com/kotcrab/vis/ui/layout/FlowGroup.java	61	38fceb2beb86ad1d	
member	com.kotcrab.vis.ui.layout.FlowGroup#DEFAULT_SPACING	sge.visui.layout.FlowGroup#DEFAULT_SPACING	Renamed	-	com/kotcrab/vis/ui/layout/FlowGroup.java	38	a571a3b917956335	placement=companion vis=private
member	com.kotcrab.vis.ui.layout.FlowGroup#computeSize()	sge.visui.layout.FlowGroup#computeSize()	Renamed	-	com/kotcrab/vis/ui/layout/FlowGroup.java	77	1be5284172a9d1ab	
member	com.kotcrab.vis.ui.layout.FlowGroup#computeSizeHorizontal()	sge.visui.layout.FlowGroup#computeSizeHorizontal()	Renamed	-	com/kotcrab/vis/ui/layout/FlowGroup.java	85	a05741d2fa645542	
member	com.kotcrab.vis.ui.layout.FlowGroup#computeSizeIfNeeded()	sge.visui.layout.FlowGroup#computeSizeIfNeeded()	Renamed	-	com/kotcrab/vis/ui/layout/FlowGroup.java	395	edf7095e26038335	
member	com.kotcrab.vis.ui.layout.FlowGroup#computeSizeVertical()	sge.visui.layout.FlowGroup#computeSizeVertical()	Renamed	-	com/kotcrab/vis/ui/layout/FlowGroup.java	156	eb7980b8ed717a14	
member	com.kotcrab.vis.ui.layout.FlowGroup#getMinHeight()	sge.visui.layout.FlowGroup#getMinHeight()	Renamed	-	com/kotcrab/vis/ui/layout/FlowGroup.java	378	2c804d1dd171ab76	
member	com.kotcrab.vis.ui.layout.FlowGroup#getMinWidth()	sge.visui.layout.FlowGroup#getMinWidth()	Renamed	-	com/kotcrab/vis/ui/layout/FlowGroup.java	372	d00184fbb00339e6	
member	com.kotcrab.vis.ui.layout.FlowGroup#getPrefHeight()	sge.visui.layout.FlowGroup#getPrefHeight()	Renamed	-	com/kotcrab/vis/ui/layout/FlowGroup.java	390	b1269353ddfb3fcd	
member	com.kotcrab.vis.ui.layout.FlowGroup#getPrefWidth()	sge.visui.layout.FlowGroup#getPrefWidth()	Renamed	-	com/kotcrab/vis/ui/layout/FlowGroup.java	384	1d7a6c136387807b	
member	com.kotcrab.vis.ui.layout.FlowGroup#getSpacing()	sge.visui.layout.FlowGroup#getSpacing()	Renamed	-	com/kotcrab/vis/ui/layout/FlowGroup.java	356	3e2f1c30b28ab70a	
member	com.kotcrab.vis.ui.layout.FlowGroup#invalidate()	sge.visui.layout.FlowGroup#invalidate()	Renamed	-	com/kotcrab/vis/ui/layout/FlowGroup.java	366	3de915bd534df89a	
member	com.kotcrab.vis.ui.layout.FlowGroup#isVertical()	sge.visui.layout.FlowGroup#isVertical()	Renamed	-	com/kotcrab/vis/ui/layout/FlowGroup.java	64	8f62712d23804480	
member	com.kotcrab.vis.ui.layout.FlowGroup#layout()	sge.visui.layout.FlowGroup#layout()	Renamed	-	com/kotcrab/vis/ui/layout/FlowGroup.java	228	743cab9370fa1761	
member	com.kotcrab.vis.ui.layout.FlowGroup#layoutHorizontal()	sge.visui.layout.FlowGroup#layoutHorizontal()	Renamed	-	com/kotcrab/vis/ui/layout/FlowGroup.java	236	88444e9a9b2f4806	
member	com.kotcrab.vis.ui.layout.FlowGroup#layoutVertical()	sge.visui.layout.FlowGroup#layoutVertical()	Renamed	-	com/kotcrab/vis/ui/layout/FlowGroup.java	297	a3d1b94e62134e03	
member	com.kotcrab.vis.ui.layout.FlowGroup#layoutedHeight	sge.visui.layout.FlowGroup#layoutedHeight	Renamed	-	com/kotcrab/vis/ui/layout/FlowGroup.java	49	1a360702a93fd676	vis=private
member	com.kotcrab.vis.ui.layout.FlowGroup#layoutedWidth	sge.visui.layout.FlowGroup#layoutedWidth	Renamed	-	com/kotcrab/vis/ui/layout/FlowGroup.java	48	ae8dc63193155cfa	vis=private
member	com.kotcrab.vis.ui.layout.FlowGroup#minHeight	sge.visui.layout.FlowGroup#minHeight	Renamed	-	com/kotcrab/vis/ui/layout/FlowGroup.java	46	c946dcb1d0bb6c8f	vis=private
member	com.kotcrab.vis.ui.layout.FlowGroup#minWidth	sge.visui.layout.FlowGroup#minWidth	Renamed	-	com/kotcrab/vis/ui/layout/FlowGroup.java	45	39019c2b8d86ee55	vis=private
member	com.kotcrab.vis.ui.layout.FlowGroup#relaxedHeight	sge.visui.layout.FlowGroup#relaxedHeight	Renamed	-	com/kotcrab/vis/ui/layout/FlowGroup.java	52	70b96f5a5adbb779	vis=private
member	com.kotcrab.vis.ui.layout.FlowGroup#relaxedWidth	sge.visui.layout.FlowGroup#relaxedWidth	Renamed	-	com/kotcrab/vis/ui/layout/FlowGroup.java	51	0edf357837445830	vis=private
member	com.kotcrab.vis.ui.layout.FlowGroup#setSpacing(float)	sge.visui.layout.FlowGroup#setSpacing(float)	Renamed	-	com/kotcrab/vis/ui/layout/FlowGroup.java	360	c26b868c3267d408	
member	com.kotcrab.vis.ui.layout.FlowGroup#setVertical(boolean)	sge.visui.layout.FlowGroup#setVertical(boolean)	Renamed	-	com/kotcrab/vis/ui/layout/FlowGroup.java	68	82d63876ed933dfc	
member	com.kotcrab.vis.ui.layout.FlowGroup#sizeInvalid	sge.visui.layout.FlowGroup#sizeInvalid	Renamed	-	com/kotcrab/vis/ui/layout/FlowGroup.java	43	55eb84a402d1dab5	vis=private
member	com.kotcrab.vis.ui.layout.FlowGroup#spacing	sge.visui.layout.FlowGroup#spacing	Renamed	-	com/kotcrab/vis/ui/layout/FlowGroup.java	41	108c4f595e74a9df	
member	com.kotcrab.vis.ui.layout.FlowGroup#vertical	sge.visui.layout.FlowGroup#vertical	Renamed	-	com/kotcrab/vis/ui/layout/FlowGroup.java	40	135c5494fed4c863	
member	com.kotcrab.vis.ui.layout.GridGroup#<init>(Sge)	sge.visui.layout.GridGroup#<init>(Sge)	Renamed	-	com/kotcrab/vis/ui/layout/GridGroup.java	41	756bd1189c1e8691	
member	com.kotcrab.vis.ui.layout.GridGroup#<init>(float,Sge)	sge.visui.layout.GridGroup#<init>(float,Sge)	Renamed	-	com/kotcrab/vis/ui/layout/GridGroup.java	45	b385c5b268c1220c	
member	com.kotcrab.vis.ui.layout.GridGroup#<init>(float,float,Sge)	sge.visui.layout.GridGroup#<init>(float,float,Sge)	Renamed	-	com/kotcrab/vis/ui/layout/GridGroup.java	51	7ab32adb8d9cfb38	
member	com.kotcrab.vis.ui.layout.GridGroup#computeSize()	sge.visui.layout.GridGroup#computeSize()	Renamed	-	com/kotcrab/vis/ui/layout/GridGroup.java	58	d804ed2a73162fa8	vis=private
member	com.kotcrab.vis.ui.layout.GridGroup#getItemHeight()	sge.visui.layout.GridGroup#getItemHeight()	Renamed	-	com/kotcrab/vis/ui/layout/GridGroup.java	153	bf78a05e47705e47	
member	com.kotcrab.vis.ui.layout.GridGroup#getItemWidth()	sge.visui.layout.GridGroup#getItemWidth()	Renamed	-	com/kotcrab/vis/ui/layout/GridGroup.java	145	2a7d40b75f32ca19	
member	com.kotcrab.vis.ui.layout.GridGroup#getPrefHeight()	sge.visui.layout.GridGroup#getPrefHeight()	Renamed	-	com/kotcrab/vis/ui/layout/GridGroup.java	174	67a037757ae2b85a	
member	com.kotcrab.vis.ui.layout.GridGroup#getPrefWidth()	sge.visui.layout.GridGroup#getPrefWidth()	Renamed	-	com/kotcrab/vis/ui/layout/GridGroup.java	168	bd4b05cda6986b97	
member	com.kotcrab.vis.ui.layout.GridGroup#getSpacing()	sge.visui.layout.GridGroup#getSpacing()	Renamed	-	com/kotcrab/vis/ui/layout/GridGroup.java	124	3e2f1c30b28ab70a	
member	com.kotcrab.vis.ui.layout.GridGroup#invalidate()	sge.visui.layout.GridGroup#invalidate()	Renamed	-	com/kotcrab/vis/ui/layout/GridGroup.java	162	1aec628741a0bf77	
member	com.kotcrab.vis.ui.layout.GridGroup#itemHeight	sge.visui.layout.GridGroup#itemHeight	Renamed	-	com/kotcrab/vis/ui/layout/GridGroup.java	38	59f4e9ed084232b2	
member	com.kotcrab.vis.ui.layout.GridGroup#itemWidth	sge.visui.layout.GridGroup#itemWidth	Renamed	-	com/kotcrab/vis/ui/layout/GridGroup.java	37	a1ce857e9505c58f	
member	com.kotcrab.vis.ui.layout.GridGroup#lastPrefHeight	sge.visui.layout.GridGroup#lastPrefHeight	Renamed	-	com/kotcrab/vis/ui/layout/GridGroup.java	34	c1f8b42ba6245e7d	vis=private
member	com.kotcrab.vis.ui.layout.GridGroup#layout()	sge.visui.layout.GridGroup#layout()	Renamed	-	com/kotcrab/vis/ui/layout/GridGroup.java	94	ff198ae410aed319	
member	com.kotcrab.vis.ui.layout.GridGroup#prefHeight	sge.visui.layout.GridGroup#prefHeight	Renamed	-	com/kotcrab/vis/ui/layout/GridGroup.java	33	24a59deb68a83c20	vis=private
member	com.kotcrab.vis.ui.layout.GridGroup#prefWidth	sge.visui.layout.GridGroup#prefWidth	Renamed	-	com/kotcrab/vis/ui/layout/GridGroup.java	32	462a0aaefcd4ab97	vis=private
member	com.kotcrab.vis.ui.layout.GridGroup#setItemHeight(float)	sge.visui.layout.GridGroup#setItemHeight(float)	Renamed	-	com/kotcrab/vis/ui/layout/GridGroup.java	157	c441c84bc1f913c2	
member	com.kotcrab.vis.ui.layout.GridGroup#setItemSize(float)	sge.visui.layout.GridGroup#setItemSize(float)	Renamed	-	com/kotcrab/vis/ui/layout/GridGroup.java	133	c2f6961ea593abbf	
member	com.kotcrab.vis.ui.layout.GridGroup#setItemSize(float,float)	sge.visui.layout.GridGroup#setItemSize(float,float)	Renamed	-	com/kotcrab/vis/ui/layout/GridGroup.java	139	aa5a5ee34cbc6353	
member	com.kotcrab.vis.ui.layout.GridGroup#setItemWidth(float)	sge.visui.layout.GridGroup#setItemWidth(float)	Renamed	-	com/kotcrab/vis/ui/layout/GridGroup.java	149	68fc245814266dda	
member	com.kotcrab.vis.ui.layout.GridGroup#setSpacing(float)	sge.visui.layout.GridGroup#setSpacing(float)	Renamed	-	com/kotcrab/vis/ui/layout/GridGroup.java	128	c26b868c3267d408	
member	com.kotcrab.vis.ui.layout.GridGroup#sizeInvalid	sge.visui.layout.GridGroup#sizeInvalid	Renamed	-	com/kotcrab/vis/ui/layout/GridGroup.java	35	55eb84a402d1dab5	vis=private
member	com.kotcrab.vis.ui.layout.GridGroup#spacing	sge.visui.layout.GridGroup#spacing	Renamed	-	com/kotcrab/vis/ui/layout/GridGroup.java	39	f2155c0c2f331045	
member	com.kotcrab.vis.ui.layout.HorizontalFlowGroup#<init>(Sge)	sge.visui.layout.HorizontalFlowGroup#<init>(Sge)	Renamed	-	com/kotcrab/vis/ui/layout/HorizontalFlowGroup.java	43	1f8a21528ce0fea2	
member	com.kotcrab.vis.ui.layout.HorizontalFlowGroup#<init>(float,Sge)	sge.visui.layout.HorizontalFlowGroup#<init>(float,Sge)	Renamed	-	com/kotcrab/vis/ui/layout/HorizontalFlowGroup.java	47	24c88fbba3cedc9e	
member	com.kotcrab.vis.ui.layout.HorizontalFlowGroup#computeSize()	sge.visui.layout.HorizontalFlowGroup#computeSize()	Renamed	-	com/kotcrab/vis/ui/layout/HorizontalFlowGroup.java	52	40858fa2bd1820c9	vis=private
member	com.kotcrab.vis.ui.layout.HorizontalFlowGroup#getPrefHeight()	sge.visui.layout.HorizontalFlowGroup#getPrefHeight()	Renamed	-	com/kotcrab/vis/ui/layout/HorizontalFlowGroup.java	148	67a037757ae2b85a	
member	com.kotcrab.vis.ui.layout.HorizontalFlowGroup#getPrefWidth()	sge.visui.layout.HorizontalFlowGroup#getPrefWidth()	Renamed	-	com/kotcrab/vis/ui/layout/HorizontalFlowGroup.java	142	bd4b05cda6986b97	
member	com.kotcrab.vis.ui.layout.HorizontalFlowGroup#getSpacing()	sge.visui.layout.HorizontalFlowGroup#getSpacing()	Renamed	-	com/kotcrab/vis/ui/layout/HorizontalFlowGroup.java	126	3e2f1c30b28ab70a	
member	com.kotcrab.vis.ui.layout.HorizontalFlowGroup#invalidate()	sge.visui.layout.HorizontalFlowGroup#invalidate()	Renamed	-	com/kotcrab/vis/ui/layout/HorizontalFlowGroup.java	136	1aec628741a0bf77	
member	com.kotcrab.vis.ui.layout.HorizontalFlowGroup#lastPrefHeight	sge.visui.layout.HorizontalFlowGroup#lastPrefHeight	Renamed	-	com/kotcrab/vis/ui/layout/HorizontalFlowGroup.java	38	c1f8b42ba6245e7d	vis=private
member	com.kotcrab.vis.ui.layout.HorizontalFlowGroup#layout()	sge.visui.layout.HorizontalFlowGroup#layout()	Renamed	-	com/kotcrab/vis/ui/layout/HorizontalFlowGroup.java	88	6ecb3227e5998ea4	
member	com.kotcrab.vis.ui.layout.HorizontalFlowGroup#prefHeight	sge.visui.layout.HorizontalFlowGroup#prefHeight	Renamed	-	com/kotcrab/vis/ui/layout/HorizontalFlowGroup.java	37	24a59deb68a83c20	vis=private
member	com.kotcrab.vis.ui.layout.HorizontalFlowGroup#prefWidth	sge.visui.layout.HorizontalFlowGroup#prefWidth	Renamed	-	com/kotcrab/vis/ui/layout/HorizontalFlowGroup.java	36	462a0aaefcd4ab97	vis=private
member	com.kotcrab.vis.ui.layout.HorizontalFlowGroup#setSpacing(float)	sge.visui.layout.HorizontalFlowGroup#setSpacing(float)	Renamed	-	com/kotcrab/vis/ui/layout/HorizontalFlowGroup.java	130	c26b868c3267d408	
member	com.kotcrab.vis.ui.layout.HorizontalFlowGroup#sizeInvalid	sge.visui.layout.HorizontalFlowGroup#sizeInvalid	Renamed	-	com/kotcrab/vis/ui/layout/HorizontalFlowGroup.java	39	55eb84a402d1dab5	vis=private
member	com.kotcrab.vis.ui.layout.HorizontalFlowGroup#spacing	sge.visui.layout.HorizontalFlowGroup#spacing	Renamed	-	com/kotcrab/vis/ui/layout/HorizontalFlowGroup.java	41	f2155c0c2f331045	
member	com.kotcrab.vis.ui.layout.VerticalFlowGroup#<init>(Sge)	sge.visui.layout.VerticalFlowGroup#<init>(Sge)	Renamed	-	com/kotcrab/vis/ui/layout/VerticalFlowGroup.java	44	40b5b475ada18405	
member	com.kotcrab.vis.ui.layout.VerticalFlowGroup#<init>(float,Sge)	sge.visui.layout.VerticalFlowGroup#<init>(float,Sge)	Renamed	-	com/kotcrab/vis/ui/layout/VerticalFlowGroup.java	48	fab56949d21acded	
member	com.kotcrab.vis.ui.layout.VerticalFlowGroup#computeSize()	sge.visui.layout.VerticalFlowGroup#computeSize()	Renamed	-	com/kotcrab/vis/ui/layout/VerticalFlowGroup.java	53	643bb829b80bfab6	vis=private
member	com.kotcrab.vis.ui.layout.VerticalFlowGroup#getPrefHeight()	sge.visui.layout.VerticalFlowGroup#getPrefHeight()	Renamed	-	com/kotcrab/vis/ui/layout/VerticalFlowGroup.java	149	67a037757ae2b85a	
member	com.kotcrab.vis.ui.layout.VerticalFlowGroup#getPrefWidth()	sge.visui.layout.VerticalFlowGroup#getPrefWidth()	Renamed	-	com/kotcrab/vis/ui/layout/VerticalFlowGroup.java	143	bd4b05cda6986b97	
member	com.kotcrab.vis.ui.layout.VerticalFlowGroup#getSpacing()	sge.visui.layout.VerticalFlowGroup#getSpacing()	Renamed	-	com/kotcrab/vis/ui/layout/VerticalFlowGroup.java	127	3e2f1c30b28ab70a	
member	com.kotcrab.vis.ui.layout.VerticalFlowGroup#invalidate()	sge.visui.layout.VerticalFlowGroup#invalidate()	Renamed	-	com/kotcrab/vis/ui/layout/VerticalFlowGroup.java	137	1aec628741a0bf77	
member	com.kotcrab.vis.ui.layout.VerticalFlowGroup#lastPrefHeight	sge.visui.layout.VerticalFlowGroup#lastPrefHeight	Renamed	-	com/kotcrab/vis/ui/layout/VerticalFlowGroup.java	39	c1f8b42ba6245e7d	vis=private
member	com.kotcrab.vis.ui.layout.VerticalFlowGroup#layout()	sge.visui.layout.VerticalFlowGroup#layout()	Renamed	-	com/kotcrab/vis/ui/layout/VerticalFlowGroup.java	89	50db478c118bac82	
member	com.kotcrab.vis.ui.layout.VerticalFlowGroup#prefHeight	sge.visui.layout.VerticalFlowGroup#prefHeight	Renamed	-	com/kotcrab/vis/ui/layout/VerticalFlowGroup.java	38	24a59deb68a83c20	vis=private
member	com.kotcrab.vis.ui.layout.VerticalFlowGroup#prefWidth	sge.visui.layout.VerticalFlowGroup#prefWidth	Renamed	-	com/kotcrab/vis/ui/layout/VerticalFlowGroup.java	37	462a0aaefcd4ab97	vis=private
member	com.kotcrab.vis.ui.layout.VerticalFlowGroup#setSpacing(float)	sge.visui.layout.VerticalFlowGroup#setSpacing(float)	Renamed	-	com/kotcrab/vis/ui/layout/VerticalFlowGroup.java	131	c26b868c3267d408	
member	com.kotcrab.vis.ui.layout.VerticalFlowGroup#sizeInvalid	sge.visui.layout.VerticalFlowGroup#sizeInvalid	Renamed	-	com/kotcrab/vis/ui/layout/VerticalFlowGroup.java	40	55eb84a402d1dab5	vis=private
member	com.kotcrab.vis.ui.layout.VerticalFlowGroup#spacing	sge.visui.layout.VerticalFlowGroup#spacing	Renamed	-	com/kotcrab/vis/ui/layout/VerticalFlowGroup.java	42	f2155c0c2f331045	
member	com.kotcrab.vis.ui.util.ActorUtils#keepWithinStage(Actor)	sge.visui.util.ActorUtils#keepWithinStage(Actor)	Renamed	-	com/kotcrab/vis/ui/util/ActorUtils.java	35	822a02505b3f240e	placement=companion
member	com.kotcrab.vis.ui.util.ActorUtils#keepWithinStage(Stage,Actor)	sge.visui.util.ActorUtils#keepWithinStage(Stage,Actor)	Renamed	-	com/kotcrab/vis/ui/util/ActorUtils.java	47	fa6192272ec1abb6	placement=companion
member	com.kotcrab.vis.ui.util.BorderOwner#isFocusBorderEnabled()	sge.visui.util.BorderOwner#isFocusBorderEnabled()	Renamed	-	com/kotcrab/vis/ui/util/BorderOwner.java	24	3f19ec1a5619e071	
member	com.kotcrab.vis.ui.util.BorderOwner#setFocusBorderEnabled(boolean)	sge.visui.util.BorderOwner#setFocusBorderEnabled(boolean)	Renamed	-	com/kotcrab/vis/ui/util/BorderOwner.java	26	eabb61a0632493df	
member	com.kotcrab.vis.ui.util.ColorUtils#HSVtoRGB(float,float,float)	sge.visui.util.ColorUtils#HSVtoRGB(float,float,float)	Renamed	-	com/kotcrab/vis/ui/util/ColorUtils.java	49	764b513d954ba38e	placement=companion
member	com.kotcrab.vis.ui.util.ColorUtils#HSVtoRGB(float,float,float,Color)	sge.visui.util.ColorUtils#HSVtoRGB(float,float,float,Color)	Renamed	-	com/kotcrab/vis/ui/util/ColorUtils.java	63	130a13f4003ce9ce	placement=companion
member	com.kotcrab.vis.ui.util.ColorUtils#HSVtoRGB(float,float,float,float)	sge.visui.util.ColorUtils#HSVtoRGB(float,float,float,float)	Renamed	-	com/kotcrab/vis/ui/util/ColorUtils.java	36	6086a7eb2ee53c9e	placement=companion
member	com.kotcrab.vis.ui.util.ColorUtils#RGBtoHSV(Color)	sge.visui.util.ColorUtils#RGBtoHSV(Color)	Renamed	-	com/kotcrab/vis/ui/util/ColorUtils.java	119	2fa2df13114670ef	placement=companion
member	com.kotcrab.vis.ui.util.ColorUtils#RGBtoHSV(float,float,float)	sge.visui.util.ColorUtils#RGBtoHSV(float,float,float)	Renamed	-	com/kotcrab/vis/ui/util/ColorUtils.java	130	4564c212599ea2b9	placement=companion
member	com.kotcrab.vis.ui.util.CursorManager#defaultCursor	sge.visui.util.CursorManager#defaultCursor	Renamed	-	com/kotcrab/vis/ui/util/CursorManager.java	29	6deb674ad49d89c7	placement=companion vis=private
member	com.kotcrab.vis.ui.util.CursorManager#defaultSystemCursor	sge.visui.util.CursorManager#defaultSystemCursor	Renamed	-	com/kotcrab/vis/ui/util/CursorManager.java	30	b74e442314f30cd1	placement=companion vis=private
member	com.kotcrab.vis.ui.util.CursorManager#restoreDefaultCursor(Sge)	sge.visui.util.CursorManager#restoreDefaultCursor(Sge)	Renamed	-	com/kotcrab/vis/ui/util/CursorManager.java	54	724fc36d0cebb4eb	placement=companion
member	com.kotcrab.vis.ui.util.CursorManager#setDefaultCursor(Cursor)	sge.visui.util.CursorManager#setDefaultCursor(Cursor)	Renamed	-	com/kotcrab/vis/ui/util/CursorManager.java	37	9a7bd8b288545e49	placement=companion
member	com.kotcrab.vis.ui.util.CursorManager#setDefaultCursor(SystemCursor)	sge.visui.util.CursorManager#setDefaultCursor(SystemCursor)	Renamed	-	com/kotcrab/vis/ui/util/CursorManager.java	47	59786fdfa8f943c0	placement=companion
member	com.kotcrab.vis.ui.util.CursorManager#systemCursorAsDefault	sge.visui.util.CursorManager#systemCursorAsDefault	Renamed	-	com/kotcrab/vis/ui/util/CursorManager.java	31	ae29a4b90418fb39	placement=companion vis=private
member	com.kotcrab.vis.ui.util.FloatDigitsOnlyFilter#acceptChar(VisTextField,char)	sge.visui.util.FloatDigitsOnlyFilter#acceptChar(VisTextField,char)	Renamed	-	com/kotcrab/vis/ui/util/FloatDigitsOnlyFilter.java	32	15029db2d4c5378b	
member	com.kotcrab.vis.ui.util.InputValidator#validateInput(String)	sge.visui.util.InputValidator#validateInput(String)	Renamed	-	com/kotcrab/vis/ui/util/InputValidator.java	35	331b40f4a9d9f167	
member	com.kotcrab.vis.ui.util.IntDigitsOnlyFilter#acceptChar(VisTextField,char)	sge.visui.util.IntDigitsOnlyFilter#acceptChar(VisTextField,char)	Renamed	-	com/kotcrab/vis/ui/util/IntDigitsOnlyFilter.java	32	3d3e33c43b47f2a8	
member	com.kotcrab.vis.ui.util.NumberDigitsTextFieldFilter#<stmt1>	sge.visui.util.NumberDigitsTextFieldFilter#<stmt1>	Renamed	-	com/kotcrab/vis/ui/util/NumberDigitsTextFieldFilter.java	33	628ab2b6b7033e04	
member	com.kotcrab.vis.ui.util.NumberDigitsTextFieldFilter#acceptNegativeValues	sge.visui.util.NumberDigitsTextFieldFilter#acceptNegativeValues	Renamed	-	com/kotcrab/vis/ui/util/NumberDigitsTextFieldFilter.java	29	174d64b59f62d0bf	
member	com.kotcrab.vis.ui.util.NumberDigitsTextFieldFilter#isAcceptNegativeValues()	sge.visui.util.NumberDigitsTextFieldFilter#isAcceptNegativeValues()	Renamed	-	com/kotcrab/vis/ui/util/NumberDigitsTextFieldFilter.java	36	846039638a54e6f6	
member	com.kotcrab.vis.ui.util.NumberDigitsTextFieldFilter#isUseFieldCursorPosition()	sge.visui.util.NumberDigitsTextFieldFilter#isUseFieldCursorPosition()	Renamed	-	com/kotcrab/vis/ui/util/NumberDigitsTextFieldFilter.java	44	61eb02fbf3498e84	
member	com.kotcrab.vis.ui.util.NumberDigitsTextFieldFilter#setAcceptNegativeValues(boolean)	sge.visui.util.NumberDigitsTextFieldFilter#setAcceptNegativeValues(boolean)	Renamed	-	com/kotcrab/vis/ui/util/NumberDigitsTextFieldFilter.java	40	7ff25918c45d318b	
member	com.kotcrab.vis.ui.util.NumberDigitsTextFieldFilter#setUseFieldCursorPosition(boolean)	sge.visui.util.NumberDigitsTextFieldFilter#setUseFieldCursorPosition(boolean)	Renamed	-	com/kotcrab/vis/ui/util/NumberDigitsTextFieldFilter.java	54	eb0588604a480948	
member	com.kotcrab.vis.ui.util.NumberDigitsTextFieldFilter#useFieldCursorPosition	sge.visui.util.NumberDigitsTextFieldFilter#useFieldCursorPosition	Renamed	-	com/kotcrab/vis/ui/util/NumberDigitsTextFieldFilter.java	30	94d02e67c5706f49	vis=private
member	com.kotcrab.vis.ui.util.OsUtils#MAC	sge.visui.util.OsUtils#MAC	Renamed	-	com/kotcrab/vis/ui/util/OsUtils.java	31	af6bb9b2574df6c0	placement=companion vis=private
member	com.kotcrab.vis.ui.util.OsUtils#OS	sge.visui.util.OsUtils#OS	Renamed	-	com/kotcrab/vis/ui/util/OsUtils.java	29	20aa8855c168dde4	placement=companion vis=private
member	com.kotcrab.vis.ui.util.OsUtils#UNIX	sge.visui.util.OsUtils#UNIX	Renamed	-	com/kotcrab/vis/ui/util/OsUtils.java	32	0ba8312f161f8cbc	placement=companion vis=private
member	com.kotcrab.vis.ui.util.OsUtils#WINDOWS	sge.visui.util.OsUtils#WINDOWS	Renamed	-	com/kotcrab/vis/ui/util/OsUtils.java	30	7bae0f3fce715890	placement=companion vis=private
member	com.kotcrab.vis.ui.util.OsUtils#getAndroidApiLevel(Sge)	sge.visui.util.OsUtils#getAndroidApiLevel(Sge)	Renamed	-	com/kotcrab/vis/ui/util/OsUtils.java	63	26e53aa0cf278978	placement=companion
member	com.kotcrab.vis.ui.util.OsUtils#getShortcutFor(Array)	sge.visui.util.OsUtils#getShortcutFor(Array<int>)	Renamed	-	com/kotcrab/vis/ui/util/OsUtils.java	81	bdbd4a5150fee36d	placement=companion
member	com.kotcrab.vis.ui.util.OsUtils#isAndroid(Sge)	sge.visui.util.OsUtils#isAndroid(Sge)	Renamed	-	com/kotcrab/vis/ui/util/OsUtils.java	55	7cbaad384c876e84	placement=companion
member	com.kotcrab.vis.ui.util.OsUtils#isIos(Sge)	sge.visui.util.OsUtils#isIos(Sge)	Renamed	-	com/kotcrab/vis/ui/util/OsUtils.java	50	473ca460a0825c74	placement=companion
member	com.kotcrab.vis.ui.util.OsUtils#isMac()	sge.visui.util.OsUtils#isMac()	Renamed	-	com/kotcrab/vis/ui/util/OsUtils.java	40	edc3e09c7aa850d7	placement=companion
member	com.kotcrab.vis.ui.util.OsUtils#isUnix()	sge.visui.util.OsUtils#isUnix()	Renamed	-	com/kotcrab/vis/ui/util/OsUtils.java	45	4c4184ac50dd6aad	placement=companion
member	com.kotcrab.vis.ui.util.OsUtils#isWindows()	sge.visui.util.OsUtils#isWindows()	Renamed	-	com/kotcrab/vis/ui/util/OsUtils.java	35	d28c59907844ebf4	placement=companion
member	com.kotcrab.vis.ui.util.TableUtils#setSpacingDefaults(Table)	sge.visui.util.TableUtils#setSpacingDefaults(Table)	Renamed	-	com/kotcrab/vis/ui/util/TableUtils.java	29	2d2115e3e1e40c0f	placement=companion
member	com.kotcrab.vis.ui.util.ToastManager#<init>(Group,Sge)	sge.visui.util.ToastManager#<init>(Group,Sge)	Renamed	-	com/kotcrab/vis/ui/util/ToastManager.java	71	68e31414e4fe9373	
member	com.kotcrab.vis.ui.util.ToastManager#<init>(Stage,Sge)	sge.visui.util.ToastManager#<init>(Stage,Sge)	Renamed	-	com/kotcrab/vis/ui/util/ToastManager.java	62	018c19d442a87ecc	
member	com.kotcrab.vis.ui.util.ToastManager#UNTIL_CLOSED	sge.visui.util.ToastManager#UNTIL_CLOSED	Renamed	-	com/kotcrab/vis/ui/util/ToastManager.java	49	ec93e63acdc81db3	placement=companion
member	com.kotcrab.vis.ui.util.ToastManager#alignment	sge.visui.util.ToastManager#alignment	Renamed	-	com/kotcrab/vis/ui/util/ToastManager.java	56	4c5f363779542448	
member	com.kotcrab.vis.ui.util.ToastManager#clear()	sge.visui.util.ToastManager#clear()	Renamed	-	com/kotcrab/vis/ui/util/ToastManager.java	173	be954f7fdc72efbf	
member	com.kotcrab.vis.ui.util.ToastManager#getAlignment()	sge.visui.util.ToastManager#getAlignment()	Renamed	-	com/kotcrab/vis/ui/util/ToastManager.java	265	3032d359caa6e2d1	
member	com.kotcrab.vis.ui.util.ToastManager#getMessagePadding()	sge.visui.util.ToastManager#getMessagePadding()	Renamed	-	com/kotcrab/vis/ui/util/ToastManager.java	255	2097bb23d0c0c541	
member	com.kotcrab.vis.ui.util.ToastManager#getScreenPadding()	sge.visui.util.ToastManager#getScreenPadding()	Renamed	-	com/kotcrab/vis/ui/util/ToastManager.java	213	a1c1edc6ca66d92a	
member	com.kotcrab.vis.ui.util.ToastManager#getScreenPaddingX()	sge.visui.util.ToastManager#getScreenPaddingX()	Renamed	-	com/kotcrab/vis/ui/util/ToastManager.java	221	6d36a6a60b329233	
member	com.kotcrab.vis.ui.util.ToastManager#getScreenPaddingY()	sge.visui.util.ToastManager#getScreenPaddingY()	Renamed	-	com/kotcrab/vis/ui/util/ToastManager.java	225	a5c98fdb1eab80bb	
member	com.kotcrab.vis.ui.util.ToastManager#messagePadding	sge.visui.util.ToastManager#messagePadding	Renamed	-	com/kotcrab/vis/ui/util/ToastManager.java	55	b9fe6586d0568844	
member	com.kotcrab.vis.ui.util.ToastManager#remove(Toast)	sge.visui.util.ToastManager#remove(Toast)	Renamed	-	com/kotcrab/vis/ui/util/ToastManager.java	162	f1bdda29c1763551	
member	com.kotcrab.vis.ui.util.ToastManager#resize()	sge.visui.util.ToastManager#resize()	Renamed	-	com/kotcrab/vis/ui/util/ToastManager.java	154	8f3a50d7269a1fe2	
member	com.kotcrab.vis.ui.util.ToastManager#root	sge.visui.util.ToastManager#root	Renamed	-	com/kotcrab/vis/ui/util/ToastManager.java	51	10223070c55bd9f5	
member	com.kotcrab.vis.ui.util.ToastManager#screenPaddingX	sge.visui.util.ToastManager#screenPaddingX	Renamed	-	com/kotcrab/vis/ui/util/ToastManager.java	53	aecfd558e9e69f1f	
member	com.kotcrab.vis.ui.util.ToastManager#screenPaddingY	sge.visui.util.ToastManager#screenPaddingY	Renamed	-	com/kotcrab/vis/ui/util/ToastManager.java	54	00579b45a4da049b	
member	com.kotcrab.vis.ui.util.ToastManager#setAlignment(int)	sge.visui.util.ToastManager#setAlignment(int)	Renamed	-	com/kotcrab/vis/ui/util/ToastManager.java	273	058c2d54d49df16d	
member	com.kotcrab.vis.ui.util.ToastManager#setMessagePadding(int)	sge.visui.util.ToastManager#setMessagePadding(int)	Renamed	-	com/kotcrab/vis/ui/util/ToastManager.java	260	0101e19fb47a6522	
member	com.kotcrab.vis.ui.util.ToastManager#setScreenPadding(int)	sge.visui.util.ToastManager#setScreenPadding(int)	Renamed	-	com/kotcrab/vis/ui/util/ToastManager.java	230	b7edc8ed9f54e5eb	
member	com.kotcrab.vis.ui.util.ToastManager#setScreenPadding(int,int)	sge.visui.util.ToastManager#setScreenPadding(int,int)	Renamed	-	com/kotcrab/vis/ui/util/ToastManager.java	237	3ec4d68d656c78df	
member	com.kotcrab.vis.ui.util.ToastManager#setScreenPaddingX(int)	sge.visui.util.ToastManager#setScreenPaddingX(int)	Renamed	-	com/kotcrab/vis/ui/util/ToastManager.java	244	a26db97c8e5ee7f9	
member	com.kotcrab.vis.ui.util.ToastManager#setScreenPaddingY(int)	sge.visui.util.ToastManager#setScreenPaddingY(int)	Renamed	-	com/kotcrab/vis/ui/util/ToastManager.java	250	2f86fedadd76f0e6	
member	com.kotcrab.vis.ui.util.ToastManager#show(String)	sge.visui.util.ToastManager#show(String)	Renamed	-	com/kotcrab/vis/ui/util/ToastManager.java	76	ff79739f6899bb51	
member	com.kotcrab.vis.ui.util.ToastManager#show(String,float)	sge.visui.util.ToastManager#show(String,float)	Renamed	-	com/kotcrab/vis/ui/util/ToastManager.java	81	b7dc7e80c49e0123	
member	com.kotcrab.vis.ui.util.ToastManager#show(Table)	sge.visui.util.ToastManager#show(Table)	Renamed	-	com/kotcrab/vis/ui/util/ToastManager.java	88	e8383917a178713a	
member	com.kotcrab.vis.ui.util.ToastManager#show(Table,float)	sge.visui.util.ToastManager#show(Table,float)	Renamed	-	com/kotcrab/vis/ui/util/ToastManager.java	93	7f69ea8283b75664	
member	com.kotcrab.vis.ui.util.ToastManager#show(Toast)	sge.visui.util.ToastManager#show(Toast)	Renamed	-	com/kotcrab/vis/ui/util/ToastManager.java	121	a215dd856e96f43c	
member	com.kotcrab.vis.ui.util.ToastManager#show(Toast,float)	sge.visui.util.ToastManager#show(Toast,float)	Renamed	-	com/kotcrab/vis/ui/util/ToastManager.java	126	15583813ea9d9e83	
member	com.kotcrab.vis.ui.util.ToastManager#show(ToastTable)	sge.visui.util.ToastManager#show(ToastTable)	Renamed	-	com/kotcrab/vis/ui/util/ToastManager.java	102	bd16a16ae8bbc1e8	
member	com.kotcrab.vis.ui.util.ToastManager#show(ToastTable,float)	sge.visui.util.ToastManager#show(ToastTable,float)	Renamed	-	com/kotcrab/vis/ui/util/ToastManager.java	111	8355fe949646befe	
member	com.kotcrab.vis.ui.util.ToastManager#timersTasks	sge.visui.util.ToastManager#timersTasks	Renamed	-	com/kotcrab/vis/ui/util/ToastManager.java	59	887cacf3423844e6	
member	com.kotcrab.vis.ui.util.ToastManager#toFront()	sge.visui.util.ToastManager#toFront()	Renamed	-	com/kotcrab/vis/ui/util/ToastManager.java	185	09095f66f675373d	
member	com.kotcrab.vis.ui.util.ToastManager#toasts	sge.visui.util.ToastManager#toasts	Renamed	-	com/kotcrab/vis/ui/util/ToastManager.java	58	9fba5ed0d9d2a938	
member	com.kotcrab.vis.ui.util.ToastManager#updateToastsPositions()	sge.visui.util.ToastManager#updateToastsPositions()	Renamed	-	com/kotcrab/vis/ui/util/ToastManager.java	189	f19d417857cf8940	
member	com.kotcrab.vis.ui.util.Validators#FLOATS	sge.visui.util.Validators#FLOATS	Renamed	-	com/kotcrab/vis/ui/util/Validators.java	31	00b43d0bba8de09a	placement=companion
member	com.kotcrab.vis.ui.util.Validators#INTEGERS	sge.visui.util.Validators#INTEGERS	Renamed	-	com/kotcrab/vis/ui/util/Validators.java	29	f878b1908af6e10b	placement=companion
member	com.kotcrab.vis.ui.util.Validators$FloatValidator#validateInput(String)	sge.visui.util.Validators$FloatValidator#validateInput(String)	Renamed	-	com/kotcrab/vis/ui/util/Validators.java	49	345376fb5dd2fd94	
member	com.kotcrab.vis.ui.util.Validators$GreaterThanValidator#<init>(float)	sge.visui.util.Validators$GreaterThanValidator#<init>(float)	Renamed	-	com/kotcrab/vis/ui/util/Validators.java	99	34d6ef81507beb80	
member	com.kotcrab.vis.ui.util.Validators$GreaterThanValidator#<init>(float,boolean)	sge.visui.util.Validators$GreaterThanValidator#<init>(float,boolean)	Renamed	-	com/kotcrab/vis/ui/util/Validators.java	104	0ed602fa11804061	
member	com.kotcrab.vis.ui.util.Validators$GreaterThanValidator#greaterThan	sge.visui.util.Validators$GreaterThanValidator#greaterThan	Renamed	-	com/kotcrab/vis/ui/util/Validators.java	96	5f8d8c7d5aa4798b	
member	com.kotcrab.vis.ui.util.Validators$GreaterThanValidator#setGreaterThan(float)	sge.visui.util.Validators$GreaterThanValidator#setGreaterThan(float)	Renamed	-	com/kotcrab/vis/ui/util/Validators.java	124	5b8e9b22ed26de5f	
member	com.kotcrab.vis.ui.util.Validators$GreaterThanValidator#setUseEquals(boolean)	sge.visui.util.Validators$GreaterThanValidator#setUseEquals(boolean)	Renamed	-	com/kotcrab/vis/ui/util/Validators.java	120	e1f18a35b39fe03b	
member	com.kotcrab.vis.ui.util.Validators$GreaterThanValidator#useEquals	sge.visui.util.Validators$GreaterThanValidator#useEquals	Renamed	-	com/kotcrab/vis/ui/util/Validators.java	97	12e84c60e0fe602f	
member	com.kotcrab.vis.ui.util.Validators$GreaterThanValidator#validateInput(String)	sge.visui.util.Validators$GreaterThanValidator#validateInput(String)	Renamed	-	com/kotcrab/vis/ui/util/Validators.java	110	b94f6cd0698d2a24	
member	com.kotcrab.vis.ui.util.Validators$IntegerValidator#validateInput(String)	sge.visui.util.Validators$IntegerValidator#validateInput(String)	Renamed	-	com/kotcrab/vis/ui/util/Validators.java	36	a9df175ac7c3a289	
member	com.kotcrab.vis.ui.util.Validators$LesserThanValidator#<init>(float)	sge.visui.util.Validators$LesserThanValidator#<init>(float)	Renamed	-	com/kotcrab/vis/ui/util/Validators.java	64	6aafebd576a362f4	
member	com.kotcrab.vis.ui.util.Validators$LesserThanValidator#<init>(float,boolean)	sge.visui.util.Validators$LesserThanValidator#<init>(float,boolean)	Renamed	-	com/kotcrab/vis/ui/util/Validators.java	69	fb5439a66b232bd8	
member	com.kotcrab.vis.ui.util.Validators$LesserThanValidator#equals	sge.visui.util.Validators$LesserThanValidator#equals	Renamed	-	com/kotcrab/vis/ui/util/Validators.java	62	5f63b309aee8c8bb	name=equals$shadow
member	com.kotcrab.vis.ui.util.Validators$LesserThanValidator#lesserThan	sge.visui.util.Validators$LesserThanValidator#lesserThan	Renamed	-	com/kotcrab/vis/ui/util/Validators.java	61	b249aba567e5b9da	
member	com.kotcrab.vis.ui.util.Validators$LesserThanValidator#setLesserThan(float)	sge.visui.util.Validators$LesserThanValidator#setLesserThan(float)	Renamed	-	com/kotcrab/vis/ui/util/Validators.java	89	408df8e360beada7	
member	com.kotcrab.vis.ui.util.Validators$LesserThanValidator#setUseEquals(boolean)	sge.visui.util.Validators$LesserThanValidator#setUseEquals(boolean)	Renamed	-	com/kotcrab/vis/ui/util/Validators.java	85	d83d08717bfc0b92	
member	com.kotcrab.vis.ui.util.Validators$LesserThanValidator#validateInput(String)	sge.visui.util.Validators$LesserThanValidator#validateInput(String)	Renamed	-	com/kotcrab/vis/ui/util/Validators.java	75	eb420dbf0eb37838	
member	com.kotcrab.vis.ui.util.adapter.AbstractListAdapter#clickListener	sge.visui.util.adapter.AbstractListAdapter#clickListener	Renamed	-	com/kotcrab/vis/ui/util/adapter/AbstractListAdapter.java	58	066785e1ca142f96	vis=private
member	com.kotcrab.vis.ui.util.adapter.AbstractListAdapter#deselectView(ViewT)	sge.visui.util.adapter.AbstractListAdapter#deselectView(ViewT)	Renamed	-	com/kotcrab/vis/ui/util/adapter/AbstractListAdapter.java	180	6c4959434cf75960	
member	com.kotcrab.vis.ui.util.adapter.AbstractListAdapter#fillTable(VisTable)	sge.visui.util.adapter.AbstractListAdapter#fillTable(VisTable)	Renamed	-	com/kotcrab/vis/ui/util/adapter/AbstractListAdapter.java	66	85927db8430e547f	
member	com.kotcrab.vis.ui.util.adapter.AbstractListAdapter#getItemsSorter()	sge.visui.util.adapter.AbstractListAdapter#getItemsSorter()	Renamed	-	com/kotcrab/vis/ui/util/adapter/AbstractListAdapter.java	162	b9c670b266240c3e	
member	com.kotcrab.vis.ui.util.adapter.AbstractListAdapter#getSelection()	sge.visui.util.adapter.AbstractListAdapter#getSelection()	Renamed	-	com/kotcrab/vis/ui/util/adapter/AbstractListAdapter.java	167	c481c163e4884332	
member	com.kotcrab.vis.ui.util.adapter.AbstractListAdapter#getSelectionManager()	sge.visui.util.adapter.AbstractListAdapter#getSelectionManager()	Renamed	-	com/kotcrab/vis/ui/util/adapter/AbstractListAdapter.java	171	e0453753570249b4	
member	com.kotcrab.vis.ui.util.adapter.AbstractListAdapter#getSelectionMode()	sge.visui.util.adapter.AbstractListAdapter#getSelectionMode()	Renamed	-	com/kotcrab/vis/ui/util/adapter/AbstractListAdapter.java	144	46c2a935cc016a57	
member	com.kotcrab.vis.ui.util.adapter.AbstractListAdapter#itemAdded(ItemT)	sge.visui.util.adapter.AbstractListAdapter#itemAdded(ItemT)	Renamed	-	com/kotcrab/vis/ui/util/adapter/AbstractListAdapter.java	102	f0b64a3be06ecbff	
member	com.kotcrab.vis.ui.util.adapter.AbstractListAdapter#itemRemoved(ItemT)	sge.visui.util.adapter.AbstractListAdapter#itemRemoved(ItemT)	Renamed	-	com/kotcrab/vis/ui/util/adapter/AbstractListAdapter.java	106	827a68002bf7dabf	
member	com.kotcrab.vis.ui.util.adapter.AbstractListAdapter#itemsChanged()	sge.visui.util.adapter.AbstractListAdapter#itemsChanged()	Renamed	-	com/kotcrab/vis/ui/util/adapter/AbstractListAdapter.java	120	eed7555bebddf779	
member	com.kotcrab.vis.ui.util.adapter.AbstractListAdapter#itemsComparator	sge.visui.util.adapter.AbstractListAdapter#itemsComparator	Renamed	-	com/kotcrab/vis/ui/util/adapter/AbstractListAdapter.java	63	face8bd5afd61b2b	vis=private
member	com.kotcrab.vis.ui.util.adapter.AbstractListAdapter#itemsDataChanged()	sge.visui.util.adapter.AbstractListAdapter#itemsDataChanged()	Renamed	-	com/kotcrab/vis/ui/util/adapter/AbstractListAdapter.java	135	4b6b24b9352a7a0c	
member	com.kotcrab.vis.ui.util.adapter.AbstractListAdapter#prepareViewBeforeAddingToTable(ItemT,ViewT)	sge.visui.util.adapter.AbstractListAdapter#prepareViewBeforeAddingToTable(ItemT,ViewT)	Renamed	-	com/kotcrab/vis/ui/util/adapter/AbstractListAdapter.java	76	56cb1b0a6df00a8e	
member	com.kotcrab.vis.ui.util.adapter.AbstractListAdapter#selectView(ViewT)	sge.visui.util.adapter.AbstractListAdapter#selectView(ViewT)	Renamed	-	com/kotcrab/vis/ui/util/adapter/AbstractListAdapter.java	175	f3a940dc67e3b8d2	
member	com.kotcrab.vis.ui.util.adapter.AbstractListAdapter#selection	sge.visui.util.adapter.AbstractListAdapter#selection	Renamed	-	com/kotcrab/vis/ui/util/adapter/AbstractListAdapter.java	61	7e32f3dc471e32de	vis=private
member	com.kotcrab.vis.ui.util.adapter.AbstractListAdapter#selectionMode	sge.visui.util.adapter.AbstractListAdapter#selectionMode	Renamed	-	com/kotcrab/vis/ui/util/adapter/AbstractListAdapter.java	60	6494e6c655249f93	vis=private
member	com.kotcrab.vis.ui.util.adapter.AbstractListAdapter#setItemClickListener(ItemClickListener)	sge.visui.util.adapter.AbstractListAdapter#setItemClickListener(ItemClickListener<ItemT>)	Renamed	-	com/kotcrab/vis/ui/util/adapter/AbstractListAdapter.java	98	fa89bed237e54085	
member	com.kotcrab.vis.ui.util.adapter.AbstractListAdapter#setItemsSorter(Ordering)	sge.visui.util.adapter.AbstractListAdapter#setItemsSorter(Ordering<ItemT>)	Renamed	-	com/kotcrab/vis/ui/util/adapter/AbstractListAdapter.java	158	c17eadf4ca39f473	
member	com.kotcrab.vis.ui.util.adapter.AbstractListAdapter#setListView(ListView,ListAdapterListener)	sge.visui.util.adapter.AbstractListAdapter#setListView(ListView<ItemT>,ListAdapterListener)	Renamed	-	com/kotcrab/vis/ui/util/adapter/AbstractListAdapter.java	91	eb9a1e031c9460f0	
member	com.kotcrab.vis.ui.util.adapter.AbstractListAdapter#setSelectionMode(SelectionMode)	sge.visui.util.adapter.AbstractListAdapter#setSelectionMode(SelectionMode)	Renamed	-	com/kotcrab/vis/ui/util/adapter/AbstractListAdapter.java	148	9d410272aa67601e	
member	com.kotcrab.vis.ui.util.adapter.AbstractListAdapter#sort(Ordering)	sge.visui.util.adapter.AbstractListAdapter#sort(Ordering<ItemT>)	Renamed	-	com/kotcrab/vis/ui/util/adapter/AbstractListAdapter.java	207	f67e3ecd4d2b4f05	
member	com.kotcrab.vis.ui.util.adapter.AbstractListAdapter#updateView(ViewT,ItemT)	sge.visui.util.adapter.AbstractListAdapter#updateView(ViewT,ItemT)	Renamed	-	com/kotcrab/vis/ui/util/adapter/AbstractListAdapter.java	140	03a4e573c92d9bd9	
member	com.kotcrab.vis.ui.util.adapter.AbstractListAdapter#view	sge.visui.util.adapter.AbstractListAdapter#view	Renamed	-	com/kotcrab/vis/ui/util/adapter/AbstractListAdapter.java	55	7499d2ded2dbf4fa	
member	com.kotcrab.vis.ui.util.adapter.AbstractListAdapter#viewListener	sge.visui.util.adapter.AbstractListAdapter#viewListener	Renamed	-	com/kotcrab/vis/ui/util/adapter/AbstractListAdapter.java	56	04a375e334c32630	
member	com.kotcrab.vis.ui.util.adapter.AbstractListAdapter$ListClickListener#<stmt1>	sge.visui.util.adapter.AbstractListAdapter$ListClickListener#<stmt1>	Renamed	-	com/kotcrab/vis/ui/util/adapter/AbstractListAdapter.java	190	4a39b9bbcd5e8ff9	
member	com.kotcrab.vis.ui.util.adapter.AbstractListAdapter$ListClickListener#<stmt2>	sge.visui.util.adapter.AbstractListAdapter$ListClickListener#<stmt2>	Renamed	-	com/kotcrab/vis/ui/util/adapter/AbstractListAdapter.java	191	75b17fa83cd15d6c	
member	com.kotcrab.vis.ui.util.adapter.AbstractListAdapter$ListClickListener#clicked(InputEvent,float,float)	sge.visui.util.adapter.AbstractListAdapter$ListClickListener#clicked(InputEvent,float,float)	Renamed	-	com/kotcrab/vis/ui/util/adapter/AbstractListAdapter.java	202	67eb0c1cc871c82d	
member	com.kotcrab.vis.ui.util.adapter.AbstractListAdapter$ListClickListener#item	sge.visui.util.adapter.AbstractListAdapter$ListClickListener#item	Renamed	-	com/kotcrab/vis/ui/util/adapter/AbstractListAdapter.java	187	89a6a4bac48fbc7e	
member	com.kotcrab.vis.ui.util.adapter.AbstractListAdapter$ListClickListener#touchDown(InputEvent,float,float,int,int)	sge.visui.util.adapter.AbstractListAdapter$ListClickListener#touchDown(InputEvent,float,float,int,int)	Renamed	-	com/kotcrab/vis/ui/util/adapter/AbstractListAdapter.java	195	30314bdb8a09de21	
member	com.kotcrab.vis.ui.util.adapter.AbstractListAdapter$ListClickListener#view	sge.visui.util.adapter.AbstractListAdapter$ListClickListener#view	Renamed	-	com/kotcrab/vis/ui/util/adapter/AbstractListAdapter.java	186	53e15e04bc712444	
member	com.kotcrab.vis.ui.util.adapter.AbstractListAdapter$ListSelection#<stmt1>	sge.visui.util.adapter.AbstractListAdapter$ListSelection#<stmt1>	Renamed	-	com/kotcrab/vis/ui/util/adapter/AbstractListAdapter.java	241	36a8b8e0694ed43c	
member	com.kotcrab.vis.ui.util.adapter.AbstractListAdapter$ListSelection#DEFAULT_KEY	sge.visui.util.adapter.AbstractListAdapter$ListSelection#DEFAULT_KEY	Renamed	-	com/kotcrab/vis/ui/util/adapter/AbstractListAdapter.java	231	67497a5a31f352b1	placement=companion
member	com.kotcrab.vis.ui.util.adapter.AbstractListAdapter$ListSelection#adapter	sge.visui.util.adapter.AbstractListAdapter$ListSelection#adapter	Renamed	-	com/kotcrab/vis/ui/util/adapter/AbstractListAdapter.java	229	2c87e2af09e66189	vis=private[AbstractListAdapter]
member	com.kotcrab.vis.ui.util.adapter.AbstractListAdapter$ListSelection#deselect(ItemT)	sge.visui.util.adapter.AbstractListAdapter$ListSelection#deselect(ItemT)	Renamed	-	com/kotcrab/vis/ui/util/adapter/AbstractListAdapter.java	266	782e7d9d1d739d0d	
member	com.kotcrab.vis.ui.util.adapter.AbstractListAdapter$ListSelection#deselect(ItemT,ViewT,boolean)	sge.visui.util.adapter.AbstractListAdapter$ListSelection#deselect(ItemT,ViewT,boolean)	Renamed	-	com/kotcrab/vis/ui/util/adapter/AbstractListAdapter.java	297	eedce9dc2eed497c	
member	com.kotcrab.vis.ui.util.adapter.AbstractListAdapter$ListSelection#deselectAll()	sge.visui.util.adapter.AbstractListAdapter$ListSelection#deselectAll()	Renamed	-	com/kotcrab/vis/ui/util/adapter/AbstractListAdapter.java	270	03f00998adb4460d	
member	com.kotcrab.vis.ui.util.adapter.AbstractListAdapter$ListSelection#deselectAll(boolean)	sge.visui.util.adapter.AbstractListAdapter$ListSelection#deselectAll(boolean)	Renamed	-	com/kotcrab/vis/ui/util/adapter/AbstractListAdapter.java	304	9e5af61c5989e1ed	
member	com.kotcrab.vis.ui.util.adapter.AbstractListAdapter$ListSelection#doSelect(ItemT,ViewT,boolean)	sge.visui.util.adapter.AbstractListAdapter$ListSelection#doSelect(ItemT,ViewT,boolean)	Renamed	-	com/kotcrab/vis/ui/util/adapter/AbstractListAdapter.java	258	cc5582e7e7e97793	vis=private[AbstractListAdapter]
member	com.kotcrab.vis.ui.util.adapter.AbstractListAdapter$ListSelection#getGroupMultiSelectKey()	sge.visui.util.adapter.AbstractListAdapter$ListSelection#getGroupMultiSelectKey()	Renamed	-	com/kotcrab/vis/ui/util/adapter/AbstractListAdapter.java	339	67a5fdfc8f053d41	
member	com.kotcrab.vis.ui.util.adapter.AbstractListAdapter$ListSelection#getListener()	sge.visui.util.adapter.AbstractListAdapter$ListSelection#getListener()	Renamed	-	com/kotcrab/vis/ui/util/adapter/AbstractListAdapter.java	353	52a253aeb23fc5af	
member	com.kotcrab.vis.ui.util.adapter.AbstractListAdapter$ListSelection#getMultiSelectKey()	sge.visui.util.adapter.AbstractListAdapter$ListSelection#getMultiSelectKey()	Renamed	-	com/kotcrab/vis/ui/util/adapter/AbstractListAdapter.java	330	4da22e9007bb0832	
member	com.kotcrab.vis.ui.util.adapter.AbstractListAdapter$ListSelection#getSelection()	sge.visui.util.adapter.AbstractListAdapter$ListSelection#getSelection()	Renamed	-	com/kotcrab/vis/ui/util/adapter/AbstractListAdapter.java	312	816f28988411d9e4	
member	com.kotcrab.vis.ui.util.adapter.AbstractListAdapter$ListSelection#groupMultiSelectKey	sge.visui.util.adapter.AbstractListAdapter$ListSelection#groupMultiSelectKey	Renamed	-	com/kotcrab/vis/ui/util/adapter/AbstractListAdapter.java	232	b310cff63a87c7ea	vis=private[AbstractListAdapter]
member	com.kotcrab.vis.ui.util.adapter.AbstractListAdapter$ListSelection#isGroupMultiSelectKeyPressed()	sge.visui.util.adapter.AbstractListAdapter$ListSelection#isGroupMultiSelectKeyPressed()	Renamed	-	com/kotcrab/vis/ui/util/adapter/AbstractListAdapter.java	372	d21ec86ef525fe94	vis=private[AbstractListAdapter]
member	com.kotcrab.vis.ui.util.adapter.AbstractListAdapter$ListSelection#isMultiSelectKeyPressed()	sge.visui.util.adapter.AbstractListAdapter$ListSelection#isMultiSelectKeyPressed()	Renamed	-	com/kotcrab/vis/ui/util/adapter/AbstractListAdapter.java	365	ac767206ac6d7f67	vis=private[AbstractListAdapter]
member	com.kotcrab.vis.ui.util.adapter.AbstractListAdapter$ListSelection#isProgrammaticChangeEvents()	sge.visui.util.adapter.AbstractListAdapter$ListSelection#isProgrammaticChangeEvents()	Renamed	-	com/kotcrab/vis/ui/util/adapter/AbstractListAdapter.java	357	35c714a5bfc73921	
member	com.kotcrab.vis.ui.util.adapter.AbstractListAdapter$ListSelection#listener	sge.visui.util.adapter.AbstractListAdapter$ListSelection#listener	Renamed	-	com/kotcrab/vis/ui/util/adapter/AbstractListAdapter.java	238	e8f3db73e3917250	vis=private[AbstractListAdapter]
member	com.kotcrab.vis.ui.util.adapter.AbstractListAdapter$ListSelection#multiSelectKey	sge.visui.util.adapter.AbstractListAdapter$ListSelection#multiSelectKey	Renamed	-	com/kotcrab/vis/ui/util/adapter/AbstractListAdapter.java	233	071a69a7a66d4208	vis=private[AbstractListAdapter]
member	com.kotcrab.vis.ui.util.adapter.AbstractListAdapter$ListSelection#programmaticChangeEvents	sge.visui.util.adapter.AbstractListAdapter$ListSelection#programmaticChangeEvents	Renamed	-	com/kotcrab/vis/ui/util/adapter/AbstractListAdapter.java	237	fb9e7111dd12271a	vis=private[AbstractListAdapter]
member	com.kotcrab.vis.ui.util.adapter.AbstractListAdapter$ListSelection#select(ItemT)	sge.visui.util.adapter.AbstractListAdapter$ListSelection#select(ItemT)	Renamed	-	com/kotcrab/vis/ui/util/adapter/AbstractListAdapter.java	244	854ac4f159f73c4d	
member	com.kotcrab.vis.ui.util.adapter.AbstractListAdapter$ListSelection#select(ItemT,ViewT,boolean)	sge.visui.util.adapter.AbstractListAdapter$ListSelection#select(ItemT,ViewT,boolean)	Renamed	-	com/kotcrab/vis/ui/util/adapter/AbstractListAdapter.java	248	787d7041b0456281	
member	com.kotcrab.vis.ui.util.adapter.AbstractListAdapter$ListSelection#selectGroup(ItemT)	sge.visui.util.adapter.AbstractListAdapter$ListSelection#selectGroup(ItemT)	Renamed	-	com/kotcrab/vis/ui/util/adapter/AbstractListAdapter.java	274	90f1cffedf4a896a	vis=private[AbstractListAdapter]
member	com.kotcrab.vis.ui.util.adapter.AbstractListAdapter$ListSelection#selection	sge.visui.util.adapter.AbstractListAdapter$ListSelection#selection	Renamed	-	com/kotcrab/vis/ui/util/adapter/AbstractListAdapter.java	235	0aa64b5dfa07c07e	vis=private[AbstractListAdapter]
member	com.kotcrab.vis.ui.util.adapter.AbstractListAdapter$ListSelection#setGroupMultiSelectKey(int)	sge.visui.util.adapter.AbstractListAdapter$ListSelection#setGroupMultiSelectKey(int)	Renamed	-	com/kotcrab/vis/ui/util/adapter/AbstractListAdapter.java	344	c61286a72c7dc6fb	
member	com.kotcrab.vis.ui.util.adapter.AbstractListAdapter$ListSelection#setListener(ListSelectionListener)	sge.visui.util.adapter.AbstractListAdapter$ListSelection#setListener(ListSelectionListener<ItemT,ViewT>)	Renamed	-	com/kotcrab/vis/ui/util/adapter/AbstractListAdapter.java	348	c4dd9e322f958272	
member	com.kotcrab.vis.ui.util.adapter.AbstractListAdapter$ListSelection#setMultiSelectKey(int)	sge.visui.util.adapter.AbstractListAdapter$ListSelection#setMultiSelectKey(int)	Renamed	-	com/kotcrab/vis/ui/util/adapter/AbstractListAdapter.java	335	dc97f20dde175af4	
member	com.kotcrab.vis.ui.util.adapter.AbstractListAdapter$ListSelection#setProgrammaticChangeEvents(boolean)	sge.visui.util.adapter.AbstractListAdapter$ListSelection#setProgrammaticChangeEvents(boolean)	Renamed	-	com/kotcrab/vis/ui/util/adapter/AbstractListAdapter.java	361	7c20fd0ca7754856	
member	com.kotcrab.vis.ui.util.adapter.AbstractListAdapter$ListSelection#touchDown(ViewT,ItemT)	sge.visui.util.adapter.AbstractListAdapter$ListSelection#touchDown(ViewT,ItemT)	Renamed	-	com/kotcrab/vis/ui/util/adapter/AbstractListAdapter.java	316	ab1231a90ed89a6c	
member	com.kotcrab.vis.ui.util.adapter.AbstractListAdapter$ListSelectionListener#deselected(ItemT,ViewT)	sge.visui.util.adapter.AbstractListAdapter$ListSelectionListener#deselected(ItemT,ViewT)	Renamed	-	com/kotcrab/vis/ui/util/adapter/AbstractListAdapter.java	383	428b7cae1dd4f0bc	
member	com.kotcrab.vis.ui.util.adapter.AbstractListAdapter$ListSelectionListener#selected(ItemT,ViewT)	sge.visui.util.adapter.AbstractListAdapter$ListSelectionListener#selected(ItemT,ViewT)	Renamed	-	com/kotcrab/vis/ui/util/adapter/AbstractListAdapter.java	381	4a02338025a1f447	
member	com.kotcrab.vis.ui.util.adapter.ArrayAdapter#<stmt1>	sge.visui.util.adapter.ArrayAdapter#<stmt1>	Renamed	-	com/kotcrab/vis/ui/util/adapter/ArrayAdapter.java	33	7806eb1a90208b07	
member	com.kotcrab.vis.ui.util.adapter.ArrayAdapter#add(ItemT)	sge.visui.util.adapter.ArrayAdapter#add(ItemT)	Renamed	-	com/kotcrab/vis/ui/util/adapter/ArrayAdapter.java	52	92e5d64a3bd035dd	
member	com.kotcrab.vis.ui.util.adapter.ArrayAdapter#addAll(Array)	sge.visui.util.adapter.ArrayAdapter#addAll(Array<?>)	Renamed	-	com/kotcrab/vis/ui/util/adapter/ArrayAdapter.java	69	46bd90172aca42b7	
member	com.kotcrab.vis.ui.util.adapter.ArrayAdapter#addAll(Array,int,int)	sge.visui.util.adapter.ArrayAdapter#addAll(Array<?>,int,int)	Renamed	-	com/kotcrab/vis/ui/util/adapter/ArrayAdapter.java	74	77334ce5fcf08e05	
member	com.kotcrab.vis.ui.util.adapter.ArrayAdapter#addAll(Array)	sge.visui.util.adapter.ArrayAdapter#addAll(Array<ItemT>)	Renamed	-	com/kotcrab/vis/ui/util/adapter/ArrayAdapter.java	79	597654620742e9c6	
member	com.kotcrab.vis.ui.util.adapter.ArrayAdapter#addAll(Array,int,int)	sge.visui.util.adapter.ArrayAdapter#addAll(Array<ItemT>,int,int)	Renamed	-	com/kotcrab/vis/ui/util/adapter/ArrayAdapter.java	84	b798750d08548614	
member	com.kotcrab.vis.ui.util.adapter.ArrayAdapter#array	sge.visui.util.adapter.ArrayAdapter#array	Renamed	-	com/kotcrab/vis/ui/util/adapter/ArrayAdapter.java	30	5e3b7c3c14171b29	
member	com.kotcrab.vis.ui.util.adapter.ArrayAdapter#clear()	sge.visui.util.adapter.ArrayAdapter#clear()	Renamed	-	com/kotcrab/vis/ui/util/adapter/ArrayAdapter.java	127	eb713a359577f9a6	
member	com.kotcrab.vis.ui.util.adapter.ArrayAdapter#get(int)	sge.visui.util.adapter.ArrayAdapter#get(int)	Renamed	-	com/kotcrab/vis/ui/util/adapter/ArrayAdapter.java	47	775276e2b235e9be	
member	com.kotcrab.vis.ui.util.adapter.ArrayAdapter#indexOf(ItemT)	sge.visui.util.adapter.ArrayAdapter#indexOf(ItemT)	Renamed	-	com/kotcrab/vis/ui/util/adapter/ArrayAdapter.java	37	1dcbefae0116fc0d	
member	com.kotcrab.vis.ui.util.adapter.ArrayAdapter#insert(int,ItemT)	sge.visui.util.adapter.ArrayAdapter#insert(int,ItemT)	Renamed	-	com/kotcrab/vis/ui/util/adapter/ArrayAdapter.java	94	3b1b776419fd7c54	
member	com.kotcrab.vis.ui.util.adapter.ArrayAdapter#iterable()	sge.visui.util.adapter.ArrayAdapter#iterable()	Renamed	-	com/kotcrab/vis/ui/util/adapter/ArrayAdapter.java	63	c76c994d096aed9f	
member	com.kotcrab.vis.ui.util.adapter.ArrayAdapter#pop()	sge.visui.util.adapter.ArrayAdapter#pop()	Renamed	-	com/kotcrab/vis/ui/util/adapter/ArrayAdapter.java	142	e5338a55976367d4	
member	com.kotcrab.vis.ui.util.adapter.ArrayAdapter#removeAll(Array,boolean)	sge.visui.util.adapter.ArrayAdapter#removeAll(Array<?>,boolean)	Renamed	-	com/kotcrab/vis/ui/util/adapter/ArrayAdapter.java	121	715e6fd4bb6221f7	
member	com.kotcrab.vis.ui.util.adapter.ArrayAdapter#removeIndex(int)	sge.visui.util.adapter.ArrayAdapter#removeIndex(int)	Renamed	-	com/kotcrab/vis/ui/util/adapter/ArrayAdapter.java	110	a23bb6674f0b089d	
member	com.kotcrab.vis.ui.util.adapter.ArrayAdapter#removeRange(int,int)	sge.visui.util.adapter.ArrayAdapter#removeRange(int,int)	Renamed	-	com/kotcrab/vis/ui/util/adapter/ArrayAdapter.java	116	de4a63828b03ab2d	
member	com.kotcrab.vis.ui.util.adapter.ArrayAdapter#removeValue(ItemT,boolean)	sge.visui.util.adapter.ArrayAdapter#removeValue(ItemT,boolean)	Renamed	-	com/kotcrab/vis/ui/util/adapter/ArrayAdapter.java	104	ca2c5f02e50a92b7	
member	com.kotcrab.vis.ui.util.adapter.ArrayAdapter#reverse()	sge.visui.util.adapter.ArrayAdapter#reverse()	Renamed	-	com/kotcrab/vis/ui/util/adapter/ArrayAdapter.java	137	c6a1ceb5ed443259	
member	com.kotcrab.vis.ui.util.adapter.ArrayAdapter#set(int,ItemT)	sge.visui.util.adapter.ArrayAdapter#set(int,ItemT)	Renamed	-	com/kotcrab/vis/ui/util/adapter/ArrayAdapter.java	89	c1e377cf0abbff52	
member	com.kotcrab.vis.ui.util.adapter.ArrayAdapter#shuffle()	sge.visui.util.adapter.ArrayAdapter#shuffle()	Renamed	-	com/kotcrab/vis/ui/util/adapter/ArrayAdapter.java	132	32b12712911d6c3b	
member	com.kotcrab.vis.ui.util.adapter.ArrayAdapter#size()	sge.visui.util.adapter.ArrayAdapter#size()	Renamed	-	com/kotcrab/vis/ui/util/adapter/ArrayAdapter.java	42	c7ae565f2a5d5c22	
member	com.kotcrab.vis.ui.util.adapter.ArrayAdapter#sort(Ordering)	sge.visui.util.adapter.ArrayAdapter#sort(Ordering<ItemT>)	Renamed	-	com/kotcrab/vis/ui/util/adapter/ArrayAdapter.java	58	a9c6bf65ddcae8f1	
member	com.kotcrab.vis.ui.util.adapter.ArrayAdapter#swap(int,int)	sge.visui.util.adapter.ArrayAdapter#swap(int,int)	Renamed	-	com/kotcrab/vis/ui/util/adapter/ArrayAdapter.java	99	6b547f4829fdd9ae	
member	com.kotcrab.vis.ui.util.adapter.ArrayListAdapter#<stmt1>	sge.visui.util.adapter.ArrayListAdapter#<stmt1>	Renamed	-	com/kotcrab/vis/ui/util/adapter/ArrayListAdapter.java	35	7806eb1a90208b07	
member	com.kotcrab.vis.ui.util.adapter.ArrayListAdapter#add(ItemT)	sge.visui.util.adapter.ArrayListAdapter#add(ItemT)	Renamed	-	com/kotcrab/vis/ui/util/adapter/ArrayListAdapter.java	54	d9c64544dfb6a38d	
member	com.kotcrab.vis.ui.util.adapter.ArrayListAdapter#add(int,ItemT)	sge.visui.util.adapter.ArrayListAdapter#add(int,ItemT)	Renamed	-	com/kotcrab/vis/ui/util/adapter/ArrayListAdapter.java	77	539e6d332d1b065c	
member	com.kotcrab.vis.ui.util.adapter.ArrayListAdapter#addAll(JavaCollection)	sge.visui.util.adapter.ArrayListAdapter#addAll(JavaCollection<?>)	Renamed	-	com/kotcrab/vis/ui/util/adapter/ArrayListAdapter.java	99	7c73616fdf305315	
member	com.kotcrab.vis.ui.util.adapter.ArrayListAdapter#addAll(int,JavaCollection)	sge.visui.util.adapter.ArrayListAdapter#addAll(int,JavaCollection<?>)	Renamed	-	com/kotcrab/vis/ui/util/adapter/ArrayListAdapter.java	105	fe75477b4de111c0	
member	com.kotcrab.vis.ui.util.adapter.ArrayListAdapter#array	sge.visui.util.adapter.ArrayListAdapter#array	Renamed	-	com/kotcrab/vis/ui/util/adapter/ArrayListAdapter.java	32	24884539b012618f	
member	com.kotcrab.vis.ui.util.adapter.ArrayListAdapter#clear()	sge.visui.util.adapter.ArrayListAdapter#clear()	Renamed	-	com/kotcrab/vis/ui/util/adapter/ArrayListAdapter.java	94	eb713a359577f9a6	
member	com.kotcrab.vis.ui.util.adapter.ArrayListAdapter#get(int)	sge.visui.util.adapter.ArrayListAdapter#get(int)	Renamed	-	com/kotcrab/vis/ui/util/adapter/ArrayListAdapter.java	60	1601278fb2b17b45	
member	com.kotcrab.vis.ui.util.adapter.ArrayListAdapter#indexOf(ItemT)	sge.visui.util.adapter.ArrayListAdapter#indexOf(ItemT)	Renamed	-	com/kotcrab/vis/ui/util/adapter/ArrayListAdapter.java	49	4ded969e6ceeb175	
member	com.kotcrab.vis.ui.util.adapter.ArrayListAdapter#iterable()	sge.visui.util.adapter.ArrayListAdapter#iterable()	Renamed	-	com/kotcrab/vis/ui/util/adapter/ArrayListAdapter.java	39	ad48df2fef9dc127	
member	com.kotcrab.vis.ui.util.adapter.ArrayListAdapter#remove(ItemT)	sge.visui.util.adapter.ArrayListAdapter#remove(ItemT)	Renamed	-	com/kotcrab/vis/ui/util/adapter/ArrayListAdapter.java	88	b29ab8da3a409244	
member	com.kotcrab.vis.ui.util.adapter.ArrayListAdapter#remove(int)	sge.visui.util.adapter.ArrayListAdapter#remove(int)	Renamed	-	com/kotcrab/vis/ui/util/adapter/ArrayListAdapter.java	82	ac7edd806dfb9a3d	
member	com.kotcrab.vis.ui.util.adapter.ArrayListAdapter#removeAll(JavaCollection)	sge.visui.util.adapter.ArrayListAdapter#removeAll(JavaCollection<?>)	Renamed	-	com/kotcrab/vis/ui/util/adapter/ArrayListAdapter.java	111	dd4bf113adbc3d4a	
member	com.kotcrab.vis.ui.util.adapter.ArrayListAdapter#set(int,ItemT)	sge.visui.util.adapter.ArrayListAdapter#set(int,ItemT)	Renamed	-	com/kotcrab/vis/ui/util/adapter/ArrayListAdapter.java	71	945957dda3efc977	
member	com.kotcrab.vis.ui.util.adapter.ArrayListAdapter#size()	sge.visui.util.adapter.ArrayListAdapter#size()	Renamed	-	com/kotcrab/vis/ui/util/adapter/ArrayListAdapter.java	44	c7ae565f2a5d5c22	
member	com.kotcrab.vis.ui.util.adapter.ArrayListAdapter#sort(Ordering)	sge.visui.util.adapter.ArrayListAdapter#sort(Ordering<ItemT>)	Renamed	-	com/kotcrab/vis/ui/util/adapter/ArrayListAdapter.java	65	bf45680215f205db	
member	com.kotcrab.vis.ui.util.adapter.CachedItemAdapter#createView(ItemT)	sge.visui.util.adapter.CachedItemAdapter#createView(ItemT)	Renamed	-	com/kotcrab/vis/ui/util/adapter/CachedItemAdapter.java	52	ca30773dfc4d87b4	
member	com.kotcrab.vis.ui.util.adapter.CachedItemAdapter#getView(ItemT)	sge.visui.util.adapter.CachedItemAdapter#getView(ItemT)	Renamed	-	com/kotcrab/vis/ui/util/adapter/CachedItemAdapter.java	33	670635c622ee5de7	
member	com.kotcrab.vis.ui.util.adapter.CachedItemAdapter#getViews()	sge.visui.util.adapter.CachedItemAdapter#getViews()	Renamed	-	com/kotcrab/vis/ui/util/adapter/CachedItemAdapter.java	48	904e62f86206a4c9	
member	com.kotcrab.vis.ui.util.adapter.CachedItemAdapter#updateView(ViewT,ItemT)	sge.visui.util.adapter.CachedItemAdapter#updateView(ViewT,ItemT)	Renamed	-	com/kotcrab/vis/ui/util/adapter/CachedItemAdapter.java	54	551796097c8a757c	
member	com.kotcrab.vis.ui.util.adapter.CachedItemAdapter#views	sge.visui.util.adapter.CachedItemAdapter#views	Renamed	-	com/kotcrab/vis/ui/util/adapter/CachedItemAdapter.java	30	8ed450e480239b71	vis=private
member	com.kotcrab.vis.ui.util.adapter.ItemAdapter#getView(ItemT)	sge.visui.util.adapter.ItemAdapter#getView(ItemT)	Renamed	-	com/kotcrab/vis/ui/util/adapter/ItemAdapter.java	27	5cae43ad87db91e4	
member	com.kotcrab.vis.ui.util.adapter.ListAdapter#add(ItemT)	sge.visui.util.adapter.ListAdapter#add(ItemT)	Renamed	-	com/kotcrab/vis/ui/util/adapter/ListAdapter.java	54	a214902276ab5074	
member	com.kotcrab.vis.ui.util.adapter.ListAdapter#fillTable(VisTable)	sge.visui.util.adapter.ListAdapter#fillTable(VisTable)	Renamed	-	com/kotcrab/vis/ui/util/adapter/ListAdapter.java	39	bdd87b3e7e41a79c	
member	com.kotcrab.vis.ui.util.adapter.ListAdapter#get(int)	sge.visui.util.adapter.ListAdapter#get(int)	Renamed	-	com/kotcrab/vis/ui/util/adapter/ListAdapter.java	57	0294d21ab7cd93fe	
member	com.kotcrab.vis.ui.util.adapter.ListAdapter#indexOf(ItemT)	sge.visui.util.adapter.ListAdapter#indexOf(ItemT)	Renamed	-	com/kotcrab/vis/ui/util/adapter/ListAdapter.java	51	81f8a002b012f496	
member	com.kotcrab.vis.ui.util.adapter.ListAdapter#iterable()	sge.visui.util.adapter.ListAdapter#iterable()	Renamed	-	com/kotcrab/vis/ui/util/adapter/ListAdapter.java	45	8790a64ba8757f21	
member	com.kotcrab.vis.ui.util.adapter.ListAdapter#setItemClickListener(ItemClickListener)	sge.visui.util.adapter.ListAdapter#setItemClickListener(ItemClickListener<ItemT>)	Renamed	-	com/kotcrab/vis/ui/util/adapter/ListAdapter.java	42	cd20f04e5f74a283	
member	com.kotcrab.vis.ui.util.adapter.ListAdapter#setListView(ListView,ListAdapterListener)	sge.visui.util.adapter.ListAdapter#setListView(ListView<ItemT>,ListAdapterListener)	Renamed	-	com/kotcrab/vis/ui/util/adapter/ListAdapter.java	36	42442d61a99b43b8	
member	com.kotcrab.vis.ui.util.adapter.ListAdapter#size()	sge.visui.util.adapter.ListAdapter#size()	Renamed	-	com/kotcrab/vis/ui/util/adapter/ListAdapter.java	48	b65cac40b71f6978	
member	com.kotcrab.vis.ui.util.adapter.ListSelectionAdapter#deselected(ItemT,ViewT)	sge.visui.util.adapter.ListSelectionAdapter#deselected(ItemT,ViewT)	Renamed	-	com/kotcrab/vis/ui/util/adapter/ListSelectionAdapter.java	32	4cbcb5297c544c19	
member	com.kotcrab.vis.ui.util.adapter.ListSelectionAdapter#selected(ItemT,ViewT)	sge.visui.util.adapter.ListSelectionAdapter#selected(ItemT,ViewT)	Renamed	-	com/kotcrab/vis/ui/util/adapter/ListSelectionAdapter.java	27	525f9191da0a9c09	
member	com.kotcrab.vis.ui.util.adapter.SimpleListAdapter#<init>(Array,Sge)	sge.visui.util.adapter.SimpleListAdapter#<init>(Array<ItemT>,Sge)	Renamed	-	com/kotcrab/vis/ui/util/adapter/SimpleListAdapter.java	34	b62f029c768a29ab	
member	com.kotcrab.vis.ui.util.adapter.SimpleListAdapter#<init>(Array,String,Sge)	sge.visui.util.adapter.SimpleListAdapter#<init>(Array<ItemT>,String,Sge)	Renamed	-	com/kotcrab/vis/ui/util/adapter/SimpleListAdapter.java	38	428ff0803ab9292c	
member	com.kotcrab.vis.ui.util.adapter.SimpleListAdapter#<stmt1>	sge.visui.util.adapter.SimpleListAdapter#<stmt1>	Renamed	-	com/kotcrab/vis/ui/util/adapter/SimpleListAdapter.java	44	d43bf9f451d17d77	
member	com.kotcrab.vis.ui.util.adapter.SimpleListAdapter#createView(ItemT)	sge.visui.util.adapter.SimpleListAdapter#createView(ItemT)	Renamed	-	com/kotcrab/vis/ui/util/adapter/SimpleListAdapter.java	48	f7545fd3a54addc2	
member	com.kotcrab.vis.ui.util.adapter.SimpleListAdapter#deselectView(VisTable)	sge.visui.util.adapter.SimpleListAdapter#deselectView(VisTable)	Renamed	-	com/kotcrab/vis/ui/util/adapter/SimpleListAdapter.java	61	09831ce712d4c713	
member	com.kotcrab.vis.ui.util.adapter.SimpleListAdapter#selectView(VisTable)	sge.visui.util.adapter.SimpleListAdapter#selectView(VisTable)	Renamed	-	com/kotcrab/vis/ui/util/adapter/SimpleListAdapter.java	56	459f47f01854e8ff	
member	com.kotcrab.vis.ui.util.adapter.SimpleListAdapter#style	sge.visui.util.adapter.SimpleListAdapter#style	Renamed	-	com/kotcrab/vis/ui/util/adapter/SimpleListAdapter.java	32	8128e2b358e0d45f	
member	com.kotcrab.vis.ui.util.adapter.SimpleListAdapter$SimpleListAdapterStyle#<init>()	sge.visui.util.adapter.SimpleListAdapter$SimpleListAdapterStyle#<init>()	Renamed	-	com/kotcrab/vis/ui/util/adapter/SimpleListAdapter.java	69	a05bd1603a6ac5e0	
member	com.kotcrab.vis.ui.util.adapter.SimpleListAdapter$SimpleListAdapterStyle#<init>(Drawable,Drawable)	sge.visui.util.adapter.SimpleListAdapter$SimpleListAdapterStyle#<init>(Drawable,Drawable)	Renamed	-	com/kotcrab/vis/ui/util/adapter/SimpleListAdapter.java	72	01b7445bc8664ccc	
member	com.kotcrab.vis.ui.util.adapter.SimpleListAdapter$SimpleListAdapterStyle#<init>(SimpleListAdapterStyle)	sge.visui.util.adapter.SimpleListAdapter$SimpleListAdapterStyle#<init>(SimpleListAdapterStyle)	Renamed	-	com/kotcrab/vis/ui/util/adapter/SimpleListAdapter.java	77	3c91e7973e8db313	
member	com.kotcrab.vis.ui.util.adapter.SimpleListAdapter$SimpleListAdapterStyle#background	sge.visui.util.adapter.SimpleListAdapter$SimpleListAdapterStyle#background	Renamed	-	com/kotcrab/vis/ui/util/adapter/SimpleListAdapter.java	66	075c4bce4069ca09	
member	com.kotcrab.vis.ui.util.adapter.SimpleListAdapter$SimpleListAdapterStyle#selection	sge.visui.util.adapter.SimpleListAdapter$SimpleListAdapterStyle#selection	Renamed	-	com/kotcrab/vis/ui/util/adapter/SimpleListAdapter.java	67	3b6bbc1f8d18e842	
member	com.kotcrab.vis.ui.util.async.AsyncTask#<stmt1>	sge.visui.util.async.AsyncTask#<stmt1>	Renamed	-	com/kotcrab/vis/ui/util/async/AsyncTask.java	39	71be07f0fd13fb6c	
member	com.kotcrab.vis.ui.util.async.AsyncTask#addListener(AsyncTaskListener)	sge.visui.util.async.AsyncTask#addListener(AsyncTaskListener)	Renamed	-	com/kotcrab/vis/ui/util/async/AsyncTask.java	155	8ef9b4c9ea763075	
member	com.kotcrab.vis.ui.util.async.AsyncTask#doInBackground()	sge.visui.util.async.AsyncTask#doInBackground()	Renamed	-	com/kotcrab/vis/ui/util/async/AsyncTask.java	78	9d5c4fdbf0014212	
member	com.kotcrab.vis.ui.util.async.AsyncTask#execute()	sge.visui.util.async.AsyncTask#execute()	Renamed	-	com/kotcrab/vis/ui/util/async/AsyncTask.java	42	b5b1ac96cd2ee7ad	
member	com.kotcrab.vis.ui.util.async.AsyncTask#executeInBackground()	sge.visui.util.async.AsyncTask#executeInBackground()	Renamed	-	com/kotcrab/vis/ui/util/async/AsyncTask.java	55	031af80c6719e169	vis=private
member	com.kotcrab.vis.ui.util.async.AsyncTask#executeOnGdx(Runnable)	sge.visui.util.async.AsyncTask#executeOnGdx(Runnable)	Renamed	-	com/kotcrab/vis/ui/util/async/AsyncTask.java	125	9147f2dbfc343167	
member	com.kotcrab.vis.ui.util.async.AsyncTask#failed(Exception)	sge.visui.util.async.AsyncTask#failed(Exception)	Renamed	-	com/kotcrab/vis/ui/util/async/AsyncTask.java	84	fc58b5f0d5940a4a	
member	com.kotcrab.vis.ui.util.async.AsyncTask#failed(String)	sge.visui.util.async.AsyncTask#failed(String)	Renamed	-	com/kotcrab/vis/ui/util/async/AsyncTask.java	80	a69d544f99b0cce8	
member	com.kotcrab.vis.ui.util.async.AsyncTask#failed(String,Exception)	sge.visui.util.async.AsyncTask#failed(String,Exception)	Renamed	-	com/kotcrab/vis/ui/util/async/AsyncTask.java	88	d349c75c89fae0d3	
member	com.kotcrab.vis.ui.util.async.AsyncTask#getStatus()	sge.visui.util.async.AsyncTask#getStatus()	Renamed	-	com/kotcrab/vis/ui/util/async/AsyncTask.java	167	51747759f7fc26ba	
member	com.kotcrab.vis.ui.util.async.AsyncTask#getThreadName()	sge.visui.util.async.AsyncTask#getThreadName()	Renamed	-	com/kotcrab/vis/ui/util/async/AsyncTask.java	163	27cd75119866432e	
member	com.kotcrab.vis.ui.util.async.AsyncTask#listeners	sge.visui.util.async.AsyncTask#listeners	Renamed	-	com/kotcrab/vis/ui/util/async/AsyncTask.java	36	f71cd212d396bcc9	vis=private
member	com.kotcrab.vis.ui.util.async.AsyncTask#removeListener(AsyncTaskListener)	sge.visui.util.async.AsyncTask#removeListener(AsyncTaskListener)	Renamed	-	com/kotcrab/vis/ui/util/async/AsyncTask.java	159	2f12fe8e577fabe6	
member	com.kotcrab.vis.ui.util.async.AsyncTask#setMessage(String)	sge.visui.util.async.AsyncTask#setMessage(String)	Renamed	-	com/kotcrab/vis/ui/util/async/AsyncTask.java	110	0a13c86287db281b	
member	com.kotcrab.vis.ui.util.async.AsyncTask#setProgressPercent(int)	sge.visui.util.async.AsyncTask#setProgressPercent(int)	Renamed	-	com/kotcrab/vis/ui/util/async/AsyncTask.java	99	85899daf5e53d848	
member	com.kotcrab.vis.ui.util.async.AsyncTask#status	sge.visui.util.async.AsyncTask#status	Renamed	-	com/kotcrab/vis/ui/util/async/AsyncTask.java	35	4656d2301b45c34f	vis=private
member	com.kotcrab.vis.ui.util.async.AsyncTask#threadName	sge.visui.util.async.AsyncTask#threadName	Renamed	-	com/kotcrab/vis/ui/util/async/AsyncTask.java	34	789057c5f31149a4	
member	com.kotcrab.vis.ui.util.async.AsyncTaskListener#failed(String,Exception)	sge.visui.util.async.AsyncTaskListener#failed(String,Exception)	Renamed	-	com/kotcrab/vis/ui/util/async/AsyncTaskListener.java	37	4e6bef0bf20593a8	
member	com.kotcrab.vis.ui.util.async.AsyncTaskListener#finished()	sge.visui.util.async.AsyncTaskListener#finished()	Renamed	-	com/kotcrab/vis/ui/util/async/AsyncTaskListener.java	34	127881d434873b70	
member	com.kotcrab.vis.ui.util.async.AsyncTaskListener#messageChanged(String)	sge.visui.util.async.AsyncTaskListener#messageChanged(String)	Renamed	-	com/kotcrab/vis/ui/util/async/AsyncTaskListener.java	25	58eaadea8d09d773	
member	com.kotcrab.vis.ui.util.async.AsyncTaskListener#progressChanged(int)	sge.visui.util.async.AsyncTaskListener#progressChanged(int)	Renamed	-	com/kotcrab/vis/ui/util/async/AsyncTaskListener.java	28	ad28be7dff0ebdf1	
member	com.kotcrab.vis.ui.util.async.progressBar	progressBar	Renamed	-	com/kotcrab/vis/ui/util/async/AsyncTaskProgressDialog.java	49	aa9e49095cc2b032	name=progressBar$p
member	com.kotcrab.vis.ui.util.async.AsyncTaskProgressDialog#<stmt10>	sge.visui.util.async.AsyncTaskProgressDialog#<stmt10>	Renamed	-	com/kotcrab/vis/ui/util/async/AsyncTaskProgressDialog.java	81	1c5b50b847c0ec2e	
member	com.kotcrab.vis.ui.util.async.AsyncTaskProgressDialog#<stmt1>	sge.visui.util.async.AsyncTaskProgressDialog#<stmt1>	Renamed	-	com/kotcrab/vis/ui/util/async/AsyncTaskProgressDialog.java	43	ddbd6b1110d9d7df	
member	com.kotcrab.vis.ui.util.async.AsyncTaskProgressDialog#<stmt2>	sge.visui.util.async.AsyncTaskProgressDialog#<stmt2>	Renamed	-	com/kotcrab/vis/ui/util/async/AsyncTaskProgressDialog.java	44	60528e66933605cd	
member	com.kotcrab.vis.ui.util.async.AsyncTaskProgressDialog#<stmt3>	sge.visui.util.async.AsyncTaskProgressDialog#<stmt3>	Renamed	-	com/kotcrab/vis/ui/util/async/AsyncTaskProgressDialog.java	46	4b86fd015299ddd5	
member	com.kotcrab.vis.ui.util.async.AsyncTaskProgressDialog#<stmt4>	sge.visui.util.async.AsyncTaskProgressDialog#<stmt4>	Renamed	-	com/kotcrab/vis/ui/util/async/AsyncTaskProgressDialog.java	51	fb63f73ceb9cc00e	
member	com.kotcrab.vis.ui.util.async.AsyncTaskProgressDialog#<stmt5>	sge.visui.util.async.AsyncTaskProgressDialog#<stmt5>	Renamed	-	com/kotcrab/vis/ui/util/async/AsyncTaskProgressDialog.java	53	fe9577f3381745f3	
member	com.kotcrab.vis.ui.util.async.AsyncTaskProgressDialog#<stmt6>	sge.visui.util.async.AsyncTaskProgressDialog#<stmt6>	Renamed	-	com/kotcrab/vis/ui/util/async/AsyncTaskProgressDialog.java	54	d8a40a1dc20b44a4	
member	com.kotcrab.vis.ui.util.async.AsyncTaskProgressDialog#<stmt7>	sge.visui.util.async.AsyncTaskProgressDialog#<stmt7>	Renamed	-	com/kotcrab/vis/ui/util/async/AsyncTaskProgressDialog.java	56	8785d8fb972ac692	
member	com.kotcrab.vis.ui.util.async.AsyncTaskProgressDialog#<stmt8>	sge.visui.util.async.AsyncTaskProgressDialog#<stmt8>	Renamed	-	com/kotcrab/vis/ui/util/async/AsyncTaskProgressDialog.java	78	d8f4da4603150de4	
member	com.kotcrab.vis.ui.util.async.AsyncTaskProgressDialog#<stmt9>	sge.visui.util.async.AsyncTaskProgressDialog#<stmt9>	Renamed	-	com/kotcrab/vis/ui/util/async/AsyncTaskProgressDialog.java	79	e6d028b126e46c53	
member	com.kotcrab.vis.ui.util.async.AsyncTaskProgressDialog#addListener(AsyncTaskListener)	sge.visui.util.async.AsyncTaskProgressDialog#addListener(AsyncTaskListener)	Renamed	-	com/kotcrab/vis/ui/util/async/AsyncTaskProgressDialog.java	88	6bf7ead4ce0fe836	
member	com.kotcrab.vis.ui.util.async.AsyncTaskProgressDialog#getStatus()	sge.visui.util.async.AsyncTaskProgressDialog#getStatus()	Renamed	-	com/kotcrab/vis/ui/util/async/AsyncTaskProgressDialog.java	92	ce91cf872823926f	
member	com.kotcrab.vis.ui.util.async.AsyncTaskProgressDialog#getTask()	sge.visui.util.async.AsyncTaskProgressDialog#getTask()	Renamed	-	com/kotcrab/vis/ui/util/async/AsyncTaskProgressDialog.java	84	cb201e6e10d74c38	
member	com.kotcrab.vis.ui.util.async.AsyncTaskProgressDialog#task	sge.visui.util.async.AsyncTaskProgressDialog#task	Renamed	-	com/kotcrab/vis/ui/util/async/AsyncTaskProgressDialog.java	33	c756c91b8abb18cd	vis=private
member	com.kotcrab.vis.ui.util.async.statusLabel	statusLabel	Renamed	-	com/kotcrab/vis/ui/util/async/AsyncTaskProgressDialog.java	48	9e4fa32adcb8cd75	name=statusLabel$p
member	com.kotcrab.vis.ui.util.async.SteppedAsyncTask#nextStep()	sge.visui.util.async.SteppedAsyncTask#nextStep()	Renamed	-	com/kotcrab/vis/ui/util/async/SteppedAsyncTask.java	42	7c558446c387288e	
member	com.kotcrab.vis.ui.util.async.SteppedAsyncTask#setTotalSteps(int)	sge.visui.util.async.SteppedAsyncTask#setTotalSteps(int)	Renamed	-	com/kotcrab/vis/ui/util/async/SteppedAsyncTask.java	35	526ea981a8adef32	
member	com.kotcrab.vis.ui.util.async.SteppedAsyncTask#step	sge.visui.util.async.SteppedAsyncTask#step	Renamed	-	com/kotcrab/vis/ui/util/async/SteppedAsyncTask.java	24	c9638163fbf03a5f	vis=private
member	com.kotcrab.vis.ui.util.async.SteppedAsyncTask#totalSteps	sge.visui.util.async.SteppedAsyncTask#totalSteps	Renamed	-	com/kotcrab/vis/ui/util/async/SteppedAsyncTask.java	25	b7d511c0740ed1fd	vis=private
member	com.kotcrab.vis.ui.util.dialog.ConfirmDialogListener#result(T)	sge.visui.util.dialog.ConfirmDialogListener#result(T)	Renamed	-	com/kotcrab/vis/ui/util/dialog/ConfirmDialogListener.java	25	6ec4caf549eab88e	
member	com.kotcrab.vis.ui.util.dialog.buttonBar	buttonBar	Renamed	-	com/kotcrab/vis/ui/util/dialog/Dialogs.java	248	1b9d247ade8e7c4f	name=buttonBar$p
member	com.kotcrab.vis.ui.util.dialog.cancelBtnListener	cancelBtnListener	Renamed	-	com/kotcrab/vis/ui/util/dialog/Dialogs.java	388	457f073c3a7b0345	name=cancelBtnListener$p
member	com.kotcrab.vis.ui.util.dialog.fieldTable	fieldTable	Renamed	-	com/kotcrab/vis/ui/util/dialog/Dialogs.java	253	adc978d54a101e71	name=fieldTable$p
member	com.kotcrab.vis.ui.util.dialog.noBtnListener	noBtnListener	Renamed	-	com/kotcrab/vis/ui/util/dialog/Dialogs.java	380	bda78381c6e6e11d	name=noBtnListener$p
member	com.kotcrab.vis.ui.util.dialog.Sge#<given-static>	sge.Sge#<given-static>	Renamed	-	com/kotcrab/vis/ui/util/dialog/Dialogs.java	577	6d9f199847054ad2	placement=companion vis=private[TabbedPane]
member	com.kotcrab.vis.ui.util.dialog.Sge#<given>	sge.Sge#<given>	Renamed	-	com/kotcrab/vis/ui/util/dialog/Dialogs.java	577	6d9f199847054ad2	vis=private[TabbedPane]
member	com.kotcrab.vis.ui.util.dialog.Dialogs#BUTTON_DETAILS	sge.visui.util.dialog.Dialogs#BUTTON_DETAILS	Renamed	-	com/kotcrab/vis/ui/util/dialog/Dialogs.java	47	98490c16438ebcfc	placement=companion vis=private
member	com.kotcrab.vis.ui.util.dialog.Dialogs#BUTTON_OK	sge.visui.util.dialog.Dialogs#BUTTON_OK	Renamed	-	com/kotcrab/vis/ui/util/dialog/Dialogs.java	46	ce28e11189d611ea	placement=companion vis=private
member	com.kotcrab.vis.ui.util.dialog.Dialogs#createScrollPane(Actor,Sge)	sge.visui.util.dialog.Dialogs#createScrollPane(Actor,Sge)	Renamed	-	com/kotcrab/vis/ui/util/dialog/Dialogs.java	191	6667c8ab6c697508	placement=companion vis=private
member	com.kotcrab.vis.ui.util.dialog.Dialogs#getStackTrace(Throwable)	sge.visui.util.dialog.Dialogs#getStackTrace(Throwable)	Renamed	-	com/kotcrab/vis/ui/util/dialog/Dialogs.java	198	b93095eceab39c90	placement=companion vis=private
member	com.kotcrab.vis.ui.util.dialog.Dialogs#getStackTrace(Throwable,CharArray)	sge.visui.util.dialog.Dialogs#getStackTrace(Throwable,CharArray)	Renamed	-	com/kotcrab/vis/ui/util/dialog/Dialogs.java	204	d4263d51997c6cb0	placement=companion vis=private
member	com.kotcrab.vis.ui.util.dialog.Dialogs#showConfirmDialog(Stage,String,String,Array,Array,ConfirmDialogListener,Sge)	sge.visui.util.dialog.Dialogs#showConfirmDialog(Stage,String,String,Array<String>,Array<T>,ConfirmDialogListener<T>,Sge)	Renamed	-	com/kotcrab/vis/ui/util/dialog/Dialogs.java	98	36fe921c2327778d	placement=companion
member	com.kotcrab.vis.ui.util.dialog.Dialogs#showDetailsDialog(Stage,String,String,String,Sge)	sge.visui.util.dialog.Dialogs#showDetailsDialog(Stage,String,String,String,Sge)	Renamed	-	com/kotcrab/vis/ui/util/dialog/Dialogs.java	176	0aa7e29bb137b74f	placement=companion
member	com.kotcrab.vis.ui.util.dialog.Dialogs#showDetailsDialog(Stage,String,String,String,boolean,Sge)	sge.visui.util.dialog.Dialogs#showDetailsDialog(Stage,String,String,String,boolean,Sge)	Renamed	-	com/kotcrab/vis/ui/util/dialog/Dialogs.java	184	289c90d0ab650e2b	placement=companion
member	com.kotcrab.vis.ui.util.dialog.Dialogs#showErrorDialog(Stage,String,Sge)	sge.visui.util.dialog.Dialogs#showErrorDialog(Stage,String,Sge)	Renamed	-	com/kotcrab/vis/ui/util/dialog/Dialogs.java	156	cc7d2b25a11a1736	placement=companion
member	com.kotcrab.vis.ui.util.dialog.Dialogs#showErrorDialog(Stage,String,String,Sge)	sge.visui.util.dialog.Dialogs#showErrorDialog(Stage,String,String,Sge)	Renamed	-	com/kotcrab/vis/ui/util/dialog/Dialogs.java	169	ad055d46b48f127d	placement=companion
member	com.kotcrab.vis.ui.util.dialog.Dialogs#showErrorDialog(Stage,String,Throwable,Sge)	sge.visui.util.dialog.Dialogs#showErrorDialog(Stage,String,Throwable,Sge)	Renamed	-	com/kotcrab/vis/ui/util/dialog/Dialogs.java	161	8e220fee198b83e3	placement=companion
member	com.kotcrab.vis.ui.util.dialog.Dialogs#showInputDialog(Stage,String,String,InputDialogListener,Sge)	sge.visui.util.dialog.Dialogs#showInputDialog(Stage,String,String,InputDialogListener,Sge)	Renamed	-	com/kotcrab/vis/ui/util/dialog/Dialogs.java	110	ff5c961fe989f7ec	placement=companion
member	com.kotcrab.vis.ui.util.dialog.Dialogs#showInputDialog(Stage,String,String,InputValidator,InputDialogListener,Sge)	sge.visui.util.dialog.Dialogs#showInputDialog(Stage,String,String,InputValidator,InputDialogListener,Sge)	Renamed	-	com/kotcrab/vis/ui/util/dialog/Dialogs.java	123	e2374959a5e270fe	placement=companion
member	com.kotcrab.vis.ui.util.dialog.Dialogs#showInputDialog(Stage,String,String,boolean,InputDialogListener,Sge)	sge.visui.util.dialog.Dialogs#showInputDialog(Stage,String,String,boolean,InputDialogListener,Sge)	Renamed	-	com/kotcrab/vis/ui/util/dialog/Dialogs.java	136	30e48ab3f63f6438	placement=companion
member	com.kotcrab.vis.ui.util.dialog.Dialogs#showInputDialog(Stage,String,String,boolean,InputValidator,InputDialogListener,Sge)	sge.visui.util.dialog.Dialogs#showInputDialog(Stage,String,String,boolean,InputValidator,InputDialogListener,Sge)	Renamed	-	com/kotcrab/vis/ui/util/dialog/Dialogs.java	149	7157092e8cca8add	placement=companion
member	com.kotcrab.vis.ui.util.dialog.Dialogs#showOKDialog(Stage,String,String,Sge)	sge.visui.util.dialog.Dialogs#showOKDialog(Stage,String,String,Sge)	Renamed	-	com/kotcrab/vis/ui/util/dialog/Dialogs.java	53	baec91005a9aa439	placement=companion
member	com.kotcrab.vis.ui.util.dialog.Dialogs#showOptionDialog(Stage,String,String,OptionDialogType,OptionDialogListener,Sge)	sge.visui.util.dialog.Dialogs#showOptionDialog(Stage,String,String,OptionDialogType,OptionDialogListener,Sge)	Renamed	-	com/kotcrab/vis/ui/util/dialog/Dialogs.java	83	2cc309c2bc9335a0	placement=companion
member	com.kotcrab.vis.ui.util.dialog.Dialogs$ConfirmDialog#<stmt1>	sge.visui.util.dialog.Dialogs$ConfirmDialog#<stmt1>	Renamed	-	com/kotcrab/vis/ui/util/dialog/Dialogs.java	552	d7caf86f90467a90	
member	com.kotcrab.vis.ui.util.dialog.Dialogs$ConfirmDialog#<stmt2>	sge.visui.util.dialog.Dialogs$ConfirmDialog#<stmt2>	Renamed	-	com/kotcrab/vis/ui/util/dialog/Dialogs.java	556	231ed38ce4a86cd6	
member	com.kotcrab.vis.ui.util.dialog.Dialogs$ConfirmDialog#<stmt3>	sge.visui.util.dialog.Dialogs$ConfirmDialog#<stmt3>	Renamed	-	com/kotcrab/vis/ui/util/dialog/Dialogs.java	558	a8b3b9e31d4c04f1	
member	com.kotcrab.vis.ui.util.dialog.Dialogs$ConfirmDialog#<stmt4>	sge.visui.util.dialog.Dialogs$ConfirmDialog#<stmt4>	Renamed	-	com/kotcrab/vis/ui/util/dialog/Dialogs.java	559	b0b93a3aa4e6917c	
member	com.kotcrab.vis.ui.util.dialog.Dialogs$ConfirmDialog#<stmt5>	sge.visui.util.dialog.Dialogs$ConfirmDialog#<stmt5>	Renamed	-	com/kotcrab/vis/ui/util/dialog/Dialogs.java	561	afc6bfa720ff0425	
member	com.kotcrab.vis.ui.util.dialog.Dialogs$ConfirmDialog#<stmt6>	sge.visui.util.dialog.Dialogs$ConfirmDialog#<stmt6>	Renamed	-	com/kotcrab/vis/ui/util/dialog/Dialogs.java	565	6c25dfba08f03024	
member	com.kotcrab.vis.ui.util.dialog.Dialogs$ConfirmDialog#<stmt7>	sge.visui.util.dialog.Dialogs$ConfirmDialog#<stmt7>	Renamed	-	com/kotcrab/vis/ui/util/dialog/Dialogs.java	566	1a2a363e542328ce	
member	com.kotcrab.vis.ui.util.dialog.Dialogs$ConfirmDialog#<stmt8>	sge.visui.util.dialog.Dialogs$ConfirmDialog#<stmt8>	Renamed	-	com/kotcrab/vis/ui/util/dialog/Dialogs.java	567	549b5b3d9cad9ab7	
member	com.kotcrab.vis.ui.util.dialog.Dialogs$ConfirmDialog#listener	sge.visui.util.dialog.Dialogs$ConfirmDialog#listener	Renamed	-	com/kotcrab/vis/ui/util/dialog/Dialogs.java	547	3768f543100cad92	vis=private[Dialogs]
member	com.kotcrab.vis.ui.util.dialog.Dialogs$ConfirmDialog#result(Object)	sge.visui.util.dialog.Dialogs$ConfirmDialog#result(Object)	Renamed	-	com/kotcrab/vis/ui/util/dialog/Dialogs.java	571	b891bfb6654013f0	
member	com.kotcrab.vis.ui.util.dialog.Dialogs$DetailsDialog#<stmt1>	sge.visui.util.dialog.Dialogs$DetailsDialog#<stmt1>	Renamed	-	com/kotcrab/vis/ui/util/dialog/Dialogs.java	452	cdcc5c88d94c564f	
member	com.kotcrab.vis.ui.util.dialog.Dialogs$DetailsDialog#<stmt2>	sge.visui.util.dialog.Dialogs$DetailsDialog#<stmt2>	Renamed	-	com/kotcrab/vis/ui/util/dialog/Dialogs.java	454	af4e1a4013beeece	
member	com.kotcrab.vis.ui.util.dialog.Dialogs$DetailsDialog#<stmt3>	sge.visui.util.dialog.Dialogs$DetailsDialog#<stmt3>	Renamed	-	com/kotcrab/vis/ui/util/dialog/Dialogs.java	482	34a3bd13095fb561	
member	com.kotcrab.vis.ui.util.dialog.Dialogs$DetailsDialog#<stmt4>	sge.visui.util.dialog.Dialogs$DetailsDialog#<stmt4>	Renamed	-	com/kotcrab/vis/ui/util/dialog/Dialogs.java	483	1a2a363e542328ce	
member	com.kotcrab.vis.ui.util.dialog.Dialogs$DetailsDialog#<stmt5>	sge.visui.util.dialog.Dialogs$DetailsDialog#<stmt5>	Renamed	-	com/kotcrab/vis/ui/util/dialog/Dialogs.java	484	549b5b3d9cad9ab7	
member	com.kotcrab.vis.ui.util.dialog.Dialogs$DetailsDialog#copyButton	sge.visui.util.dialog.Dialogs$DetailsDialog#copyButton	Renamed	-	com/kotcrab/vis/ui/util/dialog/Dialogs.java	446	67e8dd82d72e7903	vis=private[Dialogs]
member	com.kotcrab.vis.ui.util.dialog.Dialogs$DetailsDialog#detailsCell	sge.visui.util.dialog.Dialogs$DetailsDialog#detailsCell	Renamed	-	com/kotcrab/vis/ui/util/dialog/Dialogs.java	443	b7e5ec99d8d664ee	vis=private[Dialogs]
member	com.kotcrab.vis.ui.util.dialog.Dialogs$DetailsDialog#detailsLabel	sge.visui.util.dialog.Dialogs$DetailsDialog#detailsLabel	Renamed	-	com/kotcrab/vis/ui/util/dialog/Dialogs.java	447	1289eda83bcb6713	vis=private[Dialogs]
member	com.kotcrab.vis.ui.util.dialog.Dialogs$DetailsDialog#detailsTable	sge.visui.util.dialog.Dialogs$DetailsDialog#detailsTable	Renamed	-	com/kotcrab/vis/ui/util/dialog/Dialogs.java	442	41a46272a557ac3d	vis=private[Dialogs]
member	com.kotcrab.vis.ui.util.dialog.Dialogs$DetailsDialog#detailsVisible	sge.visui.util.dialog.Dialogs$DetailsDialog#detailsVisible	Renamed	-	com/kotcrab/vis/ui/util/dialog/Dialogs.java	444	4d1603afafb7c5e3	vis=private[Dialogs]
member	com.kotcrab.vis.ui.util.dialog.Dialogs$DetailsDialog#isCopyDetailsButtonVisible()	sge.visui.util.dialog.Dialogs$DetailsDialog#isCopyDetailsButtonVisible()	Renamed	-	com/kotcrab/vis/ui/util/dialog/Dialogs.java	505	a9cd7602de59aa46	
member	com.kotcrab.vis.ui.util.dialog.Dialogs$DetailsDialog#isDetailsVisible()	sge.visui.util.dialog.Dialogs$DetailsDialog#isDetailsVisible()	Renamed	-	com/kotcrab/vis/ui/util/dialog/Dialogs.java	535	1b66da95b6230b55	
member	com.kotcrab.vis.ui.util.dialog.Dialogs$DetailsDialog#result(Object)	sge.visui.util.dialog.Dialogs$DetailsDialog#result(Object)	Renamed	-	com/kotcrab/vis/ui/util/dialog/Dialogs.java	488	f6a9c8e3d691b83c	
member	com.kotcrab.vis.ui.util.dialog.Dialogs$DetailsDialog#setCopyDetailsButtonVisible(boolean)	sge.visui.util.dialog.Dialogs$DetailsDialog#setCopyDetailsButtonVisible(boolean)	Renamed	-	com/kotcrab/vis/ui/util/dialog/Dialogs.java	501	f869c3d8ca6467f7	
member	com.kotcrab.vis.ui.util.dialog.Dialogs$DetailsDialog#setDetailsVisible(boolean)	sge.visui.util.dialog.Dialogs$DetailsDialog#setDetailsVisible(boolean)	Renamed	-	com/kotcrab/vis/ui/util/dialog/Dialogs.java	514	0d4089a123430560	
member	com.kotcrab.vis.ui.util.dialog.Dialogs$DetailsDialog#setWrapDetails(boolean)	sge.visui.util.dialog.Dialogs$DetailsDialog#setWrapDetails(boolean)	Renamed	-	com/kotcrab/vis/ui/util/dialog/Dialogs.java	497	7128b95effe75d46	
member	com.kotcrab.vis.ui.util.dialog.Dialogs$InputDialog#<stmt10>	sge.visui.util.dialog.Dialogs$InputDialog#<stmt10>	Renamed	-	com/kotcrab/vis/ui/util/dialog/Dialogs.java	262	8cb05ddf340d284d	
member	com.kotcrab.vis.ui.util.dialog.Dialogs$InputDialog#<stmt11>	sge.visui.util.dialog.Dialogs$InputDialog#<stmt11>	Renamed	-	com/kotcrab/vis/ui/util/dialog/Dialogs.java	264	6e3d99fa3b631d98	
member	com.kotcrab.vis.ui.util.dialog.Dialogs$InputDialog#<stmt12>	sge.visui.util.dialog.Dialogs$InputDialog#<stmt12>	Renamed	-	com/kotcrab/vis/ui/util/dialog/Dialogs.java	265	47c36ce13109d041	
member	com.kotcrab.vis.ui.util.dialog.Dialogs$InputDialog#<stmt13>	sge.visui.util.dialog.Dialogs$InputDialog#<stmt13>	Renamed	-	com/kotcrab/vis/ui/util/dialog/Dialogs.java	266	7683b63a5d025971	
member	com.kotcrab.vis.ui.util.dialog.Dialogs$InputDialog#<stmt14>	sge.visui.util.dialog.Dialogs$InputDialog#<stmt14>	Renamed	-	com/kotcrab/vis/ui/util/dialog/Dialogs.java	268	fda632fc495d1585	
member	com.kotcrab.vis.ui.util.dialog.Dialogs$InputDialog#<stmt15>	sge.visui.util.dialog.Dialogs$InputDialog#<stmt15>	Renamed	-	com/kotcrab/vis/ui/util/dialog/Dialogs.java	270	5a4c5c5bb5b39c18	
member	com.kotcrab.vis.ui.util.dialog.Dialogs$InputDialog#<stmt16>	sge.visui.util.dialog.Dialogs$InputDialog#<stmt16>	Renamed	-	com/kotcrab/vis/ui/util/dialog/Dialogs.java	275	1a2a363e542328ce	
member	com.kotcrab.vis.ui.util.dialog.Dialogs$InputDialog#<stmt17>	sge.visui.util.dialog.Dialogs$InputDialog#<stmt17>	Renamed	-	com/kotcrab/vis/ui/util/dialog/Dialogs.java	276	549b5b3d9cad9ab7	
member	com.kotcrab.vis.ui.util.dialog.Dialogs$InputDialog#<stmt1>	sge.visui.util.dialog.Dialogs$InputDialog#<stmt1>	Renamed	-	com/kotcrab/vis/ui/util/dialog/Dialogs.java	238	231ed38ce4a86cd6	
member	com.kotcrab.vis.ui.util.dialog.Dialogs$InputDialog#<stmt2>	sge.visui.util.dialog.Dialogs$InputDialog#<stmt2>	Renamed	-	com/kotcrab/vis/ui/util/dialog/Dialogs.java	240	493e0bd07566aa74	
member	com.kotcrab.vis.ui.util.dialog.Dialogs$InputDialog#<stmt3>	sge.visui.util.dialog.Dialogs$InputDialog#<stmt3>	Renamed	-	com/kotcrab/vis/ui/util/dialog/Dialogs.java	241	fba58fdbdd72adf2	
member	com.kotcrab.vis.ui.util.dialog.Dialogs$InputDialog#<stmt4>	sge.visui.util.dialog.Dialogs$InputDialog#<stmt4>	Renamed	-	com/kotcrab/vis/ui/util/dialog/Dialogs.java	243	f87c1d92731667f7	
member	com.kotcrab.vis.ui.util.dialog.Dialogs$InputDialog#<stmt5>	sge.visui.util.dialog.Dialogs$InputDialog#<stmt5>	Renamed	-	com/kotcrab/vis/ui/util/dialog/Dialogs.java	249	174b6a58d09dc340	
member	com.kotcrab.vis.ui.util.dialog.Dialogs$InputDialog#<stmt6>	sge.visui.util.dialog.Dialogs$InputDialog#<stmt6>	Renamed	-	com/kotcrab/vis/ui/util/dialog/Dialogs.java	250	d56f1f4500fdbc60	
member	com.kotcrab.vis.ui.util.dialog.Dialogs$InputDialog#<stmt7>	sge.visui.util.dialog.Dialogs$InputDialog#<stmt7>	Renamed	-	com/kotcrab/vis/ui/util/dialog/Dialogs.java	251	e55089cd1ea93552	
member	com.kotcrab.vis.ui.util.dialog.Dialogs$InputDialog#<stmt8>	sge.visui.util.dialog.Dialogs$InputDialog#<stmt8>	Renamed	-	com/kotcrab/vis/ui/util/dialog/Dialogs.java	255	bbc8306daf10fe61	
member	com.kotcrab.vis.ui.util.dialog.Dialogs$InputDialog#<stmt9>	sge.visui.util.dialog.Dialogs$InputDialog#<stmt9>	Renamed	-	com/kotcrab/vis/ui/util/dialog/Dialogs.java	260	732e03cd3446a9b5	
member	com.kotcrab.vis.ui.util.dialog.Dialogs$InputDialog#addListeners()	sge.visui.util.dialog.Dialogs$InputDialog#addListeners()	Renamed	-	com/kotcrab/vis/ui/util/dialog/Dialogs.java	321	a61e2fc51d815af4	vis=private[Dialogs]
member	com.kotcrab.vis.ui.util.dialog.Dialogs$InputDialog#addValidatableFieldListener(VisTextField)	sge.visui.util.dialog.Dialogs$InputDialog#addValidatableFieldListener(VisTextField)	Renamed	-	com/kotcrab/vis/ui/util/dialog/Dialogs.java	307	2064330c2b734fb7	vis=private[Dialogs]
member	com.kotcrab.vis.ui.util.dialog.Dialogs$InputDialog#cancelButton	sge.visui.util.dialog.Dialogs$InputDialog#cancelButton	Renamed	-	com/kotcrab/vis/ui/util/dialog/Dialogs.java	234	85eee56497ecdb50	vis=private[Dialogs]
member	com.kotcrab.vis.ui.util.dialog.Dialogs$InputDialog#closeWindow()	sge.visui.util.dialog.Dialogs$InputDialog#closeWindow()	Renamed	-	com/kotcrab/vis/ui/util/dialog/Dialogs.java	280	31a1b14612d56b7d	
member	com.kotcrab.vis.ui.util.dialog.Dialogs$InputDialog#field	sge.visui.util.dialog.Dialogs$InputDialog#field	Renamed	-	com/kotcrab/vis/ui/util/dialog/Dialogs.java	232	95bab6b543b7f26a	vis=private[Dialogs]
member	com.kotcrab.vis.ui.util.dialog.Dialogs$InputDialog#listener	sge.visui.util.dialog.Dialogs$InputDialog#listener	Renamed	-	com/kotcrab/vis/ui/util/dialog/Dialogs.java	231	abd7d0d13359f902	vis=private[Dialogs]
member	com.kotcrab.vis.ui.util.dialog.Dialogs$InputDialog#okButton	sge.visui.util.dialog.Dialogs$InputDialog#okButton	Renamed	-	com/kotcrab/vis/ui/util/dialog/Dialogs.java	233	5935fb720ef8c718	vis=private[Dialogs]
member	com.kotcrab.vis.ui.util.dialog.Dialogs$InputDialog#setStage(Stage)	sge.visui.util.dialog.Dialogs$InputDialog#setStage(Stage)	Renamed	-	com/kotcrab/vis/ui/util/dialog/Dialogs.java	286	b4d926684338b4c5	
member	com.kotcrab.vis.ui.util.dialog.Dialogs$InputDialog#setText(String)	sge.visui.util.dialog.Dialogs$InputDialog#setText(String)	Renamed	-	com/kotcrab/vis/ui/util/dialog/Dialogs.java	292	d17697b4077713db	
member	com.kotcrab.vis.ui.util.dialog.Dialogs$InputDialog#setText(String,boolean)	sge.visui.util.dialog.Dialogs$InputDialog#setText(String,boolean)	Renamed	-	com/kotcrab/vis/ui/util/dialog/Dialogs.java	297	c4f3c49934ff5586	
member	com.kotcrab.vis.ui.util.dialog.Dialogs$OptionDialog#<stmt10>	sge.visui.util.dialog.Dialogs$OptionDialog#<stmt10>	Renamed	-	com/kotcrab/vis/ui/util/dialog/Dialogs.java	414	1a2a363e542328ce	
member	com.kotcrab.vis.ui.util.dialog.Dialogs$OptionDialog#<stmt11>	sge.visui.util.dialog.Dialogs$OptionDialog#<stmt11>	Renamed	-	com/kotcrab/vis/ui/util/dialog/Dialogs.java	415	549b5b3d9cad9ab7	
member	com.kotcrab.vis.ui.util.dialog.Dialogs$OptionDialog#<stmt1>	sge.visui.util.dialog.Dialogs$OptionDialog#<stmt1>	Renamed	-	com/kotcrab/vis/ui/util/dialog/Dialogs.java	362	fba58fdbdd72adf2	
member	com.kotcrab.vis.ui.util.dialog.Dialogs$OptionDialog#<stmt2>	sge.visui.util.dialog.Dialogs$OptionDialog#<stmt2>	Renamed	-	com/kotcrab/vis/ui/util/dialog/Dialogs.java	364	37e037f064717d34	
member	com.kotcrab.vis.ui.util.dialog.Dialogs$OptionDialog#<stmt3>	sge.visui.util.dialog.Dialogs$OptionDialog#<stmt3>	Renamed	-	com/kotcrab/vis/ui/util/dialog/Dialogs.java	365	47c36ce13109d041	
member	com.kotcrab.vis.ui.util.dialog.Dialogs$OptionDialog#<stmt4>	sge.visui.util.dialog.Dialogs$OptionDialog#<stmt4>	Renamed	-	com/kotcrab/vis/ui/util/dialog/Dialogs.java	366	21bdd9c929f9197e	
member	com.kotcrab.vis.ui.util.dialog.Dialogs$OptionDialog#<stmt5>	sge.visui.util.dialog.Dialogs$OptionDialog#<stmt5>	Renamed	-	com/kotcrab/vis/ui/util/dialog/Dialogs.java	367	b0b93a3aa4e6917c	
member	com.kotcrab.vis.ui.util.dialog.Dialogs$OptionDialog#<stmt6>	sge.visui.util.dialog.Dialogs$OptionDialog#<stmt6>	Renamed	-	com/kotcrab/vis/ui/util/dialog/Dialogs.java	369	eee0976eb6db8f47	
member	com.kotcrab.vis.ui.util.dialog.Dialogs$OptionDialog#<stmt7>	sge.visui.util.dialog.Dialogs$OptionDialog#<stmt7>	Renamed	-	com/kotcrab/vis/ui/util/dialog/Dialogs.java	370	7f3643449773e780	
member	com.kotcrab.vis.ui.util.dialog.Dialogs$OptionDialog#<stmt8>	sge.visui.util.dialog.Dialogs$OptionDialog#<stmt8>	Renamed	-	com/kotcrab/vis/ui/util/dialog/Dialogs.java	396	962dbb60f98e5c44	
member	com.kotcrab.vis.ui.util.dialog.Dialogs$OptionDialog#<stmt9>	sge.visui.util.dialog.Dialogs$OptionDialog#<stmt9>	Renamed	-	com/kotcrab/vis/ui/util/dialog/Dialogs.java	412	ad5bdef90d646db0	
member	com.kotcrab.vis.ui.util.dialog.Dialogs$OptionDialog#buttonBar	sge.visui.util.dialog.Dialogs$OptionDialog#buttonBar	Renamed	-	com/kotcrab/vis/ui/util/dialog/Dialogs.java	357	738662f705d4c016	vis=private[Dialogs]
member	com.kotcrab.vis.ui.util.dialog.Dialogs$OptionDialog#setCancelButtonText(String)	sge.visui.util.dialog.Dialogs$OptionDialog#setCancelButtonText(String)	Renamed	-	com/kotcrab/vis/ui/util/dialog/Dialogs.java	430	62154676e59f326f	
member	com.kotcrab.vis.ui.util.dialog.Dialogs$OptionDialog#setNoButtonText(String)	sge.visui.util.dialog.Dialogs$OptionDialog#setNoButtonText(String)	Renamed	-	com/kotcrab/vis/ui/util/dialog/Dialogs.java	418	800d1f40b25ee850	
member	com.kotcrab.vis.ui.util.dialog.Dialogs$OptionDialog#setYesButtonText(String)	sge.visui.util.dialog.Dialogs$OptionDialog#setYesButtonText(String)	Renamed	-	com/kotcrab/vis/ui/util/dialog/Dialogs.java	424	b48db610b8477e51	
member	com.kotcrab.vis.ui.util.dialog.Dialogs$Text#format()	sge.visui.util.dialog.Dialogs$Text#format()	Renamed	-	com/kotcrab/vis/ui/util/dialog/Dialogs.java	605	0f2ac00421870f21	
member	com.kotcrab.vis.ui.util.dialog.Dialogs$Text#format(Array)	sge.visui.util.dialog.Dialogs$Text#format(Array<Object>)	Renamed	-	com/kotcrab/vis/ui/util/dialog/Dialogs.java	610	824fb2913471f0db	
member	com.kotcrab.vis.ui.util.dialog.Dialogs$Text#get()	sge.visui.util.dialog.Dialogs$Text#get()	Renamed	-	com/kotcrab/vis/ui/util/dialog/Dialogs.java	600	86566db2147edfee	
member	com.kotcrab.vis.ui.util.dialog.Dialogs$Text#getBundle(Sge)	sge.visui.util.dialog.Dialogs$Text#getBundle(Sge)	Renamed	-	com/kotcrab/vis/ui/util/dialog/Dialogs.java	590	8007cbcdb35703bf	placement=companion vis=private[Dialogs]
member	com.kotcrab.vis.ui.util.dialog.Dialogs$Text#getName()	sge.visui.util.dialog.Dialogs$Text#getName()	Renamed	-	com/kotcrab/vis/ui/util/dialog/Dialogs.java	595	1401cff5507a790f	
member	com.kotcrab.vis.ui.util.dialog.Dialogs$Text#toString()	sge.visui.util.dialog.Dialogs$Text#toString()	Renamed	-	com/kotcrab/vis/ui/util/dialog/Dialogs.java	615	2ce080f9e62bea25	
member	com.kotcrab.vis.ui.util.dialog.yesBtnListener	yesBtnListener	Renamed	-	com/kotcrab/vis/ui/util/dialog/Dialogs.java	372	f030ba78059e52ac	name=yesBtnListener$p
member	com.kotcrab.vis.ui.util.dialog.InputDialogAdapter#canceled()	sge.visui.util.dialog.InputDialogAdapter#canceled()	Renamed	-	com/kotcrab/vis/ui/util/dialog/InputDialogAdapter.java	30	faf314aab1f6af7e	
member	com.kotcrab.vis.ui.util.dialog.InputDialogAdapter#finished(String)	sge.visui.util.dialog.InputDialogAdapter#finished(String)	Renamed	-	com/kotcrab/vis/ui/util/dialog/InputDialogAdapter.java	25	76b6609b610f9576	
member	com.kotcrab.vis.ui.util.dialog.InputDialogListener#canceled()	sge.visui.util.dialog.InputDialogListener#canceled()	Renamed	-	com/kotcrab/vis/ui/util/dialog/InputDialogListener.java	34	aba347e964d3550e	
member	com.kotcrab.vis.ui.util.dialog.InputDialogListener#finished(String)	sge.visui.util.dialog.InputDialogListener#finished(String)	Renamed	-	com/kotcrab/vis/ui/util/dialog/InputDialogListener.java	28	efaf7114566cd0c8	
member	com.kotcrab.vis.ui.util.dialog.OptionDialogAdapter#cancel()	sge.visui.util.dialog.OptionDialogAdapter#cancel()	Renamed	-	com/kotcrab/vis/ui/util/dialog/OptionDialogAdapter.java	35	a3488e1261cceb15	
member	com.kotcrab.vis.ui.util.dialog.OptionDialogAdapter#no()	sge.visui.util.dialog.OptionDialogAdapter#no()	Renamed	-	com/kotcrab/vis/ui/util/dialog/OptionDialogAdapter.java	30	b49bff2a46267f90	
member	com.kotcrab.vis.ui.util.dialog.OptionDialogAdapter#yes()	sge.visui.util.dialog.OptionDialogAdapter#yes()	Renamed	-	com/kotcrab/vis/ui/util/dialog/OptionDialogAdapter.java	25	51bab5f6cfffd1ae	
member	com.kotcrab.vis.ui.util.dialog.OptionDialogListener#cancel()	sge.visui.util.dialog.OptionDialogListener#cancel()	Renamed	-	com/kotcrab/vis/ui/util/dialog/OptionDialogListener.java	31	46a4137c6ed2eedb	
member	com.kotcrab.vis.ui.util.dialog.OptionDialogListener#no()	sge.visui.util.dialog.OptionDialogListener#no()	Renamed	-	com/kotcrab/vis/ui/util/dialog/OptionDialogListener.java	28	14c83e1eda24e021	
member	com.kotcrab.vis.ui.util.dialog.OptionDialogListener#yes()	sge.visui.util.dialog.OptionDialogListener#yes()	Renamed	-	com/kotcrab/vis/ui/util/dialog/OptionDialogListener.java	25	2b024769298ad157	
member	com.kotcrab.vis.ui.util.form.FormInputValidator#<stmt1>	sge.visui.util.form.FormInputValidator#<stmt1>	Renamed	-	com/kotcrab/vis/ui/util/form/FormInputValidator.java	36	0cf6b89bd17f3d2e	
member	com.kotcrab.vis.ui.util.form.FormInputValidator#errorMsg	sge.visui.util.form.FormInputValidator#errorMsg	Renamed	-	com/kotcrab/vis/ui/util/form/FormInputValidator.java	31	438b860ce7ce5e6e	
member	com.kotcrab.vis.ui.util.form.FormInputValidator#getErrorMsg()	sge.visui.util.form.FormInputValidator#getErrorMsg()	Renamed	-	com/kotcrab/vis/ui/util/form/FormInputValidator.java	77	a91c31e5bfe3db61	
member	com.kotcrab.vis.ui.util.form.FormInputValidator#getLastResult()	sge.visui.util.form.FormInputValidator#getLastResult()	Renamed	-	com/kotcrab/vis/ui/util/form/FormInputValidator.java	81	3cb8414cf4224199	
member	com.kotcrab.vis.ui.util.form.FormInputValidator#hideErrorOnEmptyInput	sge.visui.util.form.FormInputValidator#hideErrorOnEmptyInput	Renamed	-	com/kotcrab/vis/ui/util/form/FormInputValidator.java	33	01dc9d5ce53946d5	name=hideErrorOnEmptyInput$field
member	com.kotcrab.vis.ui.util.form.FormInputValidator#hideErrorOnEmptyInput()	sge.visui.util.form.FormInputValidator#hideErrorOnEmptyInput()	Renamed	-	com/kotcrab/vis/ui/util/form/FormInputValidator.java	59	74b208de99a0e579	
member	com.kotcrab.vis.ui.util.form.FormInputValidator#isHideErrorOnEmptyInput()	sge.visui.util.form.FormInputValidator#isHideErrorOnEmptyInput()	Renamed	-	com/kotcrab/vis/ui/util/form/FormInputValidator.java	69	c4f6edbd507bfab9	
member	com.kotcrab.vis.ui.util.form.FormInputValidator#result	sge.visui.util.form.FormInputValidator#result	Renamed	-	com/kotcrab/vis/ui/util/form/FormInputValidator.java	32	47d5c06b1c09e690	vis=private
member	com.kotcrab.vis.ui.util.form.FormInputValidator#setErrorMsg(String)	sge.visui.util.form.FormInputValidator#setErrorMsg(String)	Renamed	-	com/kotcrab/vis/ui/util/form/FormInputValidator.java	73	bd4b25c208333570	
member	com.kotcrab.vis.ui.util.form.FormInputValidator#setHideErrorOnEmptyInput(boolean)	sge.visui.util.form.FormInputValidator#setHideErrorOnEmptyInput(boolean)	Renamed	-	com/kotcrab/vis/ui/util/form/FormInputValidator.java	65	5ce77941a16d00a6	
member	com.kotcrab.vis.ui.util.form.FormInputValidator#validate(String)	sge.visui.util.form.FormInputValidator#validate(String)	Renamed	-	com/kotcrab/vis/ui/util/form/FormInputValidator.java	52	ad792e26dcea2976	
member	com.kotcrab.vis.ui.util.form.FormInputValidator#validateInput(String)	sge.visui.util.form.FormInputValidator#validateInput(String)	Renamed	-	com/kotcrab/vis/ui/util/form/FormInputValidator.java	40	2afb6df1c85d46aa	
member	com.kotcrab.vis.ui.util.form.FormValidator#<init>(Disableable,Label,FormValidatorStyle,Sge)	sge.visui.util.form.FormValidator#<init>(Disableable,Label,FormValidatorStyle,Sge)	Renamed	-	com/kotcrab/vis/ui/util/form/FormValidator.java	52	ddeef4ca47000deb	
member	com.kotcrab.vis.ui.util.form.FormValidator#<init>(Disableable,Label,Sge)	sge.visui.util.form.FormValidator#<init>(Disableable,Label,Sge)	Renamed	-	com/kotcrab/vis/ui/util/form/FormValidator.java	42	7297239c9266b902	
member	com.kotcrab.vis.ui.util.form.FormValidator#<init>(Disableable,Label,String,Sge)	sge.visui.util.form.FormValidator#<init>(Disableable,Label,String,Sge)	Renamed	-	com/kotcrab/vis/ui/util/form/FormValidator.java	47	eb793acc4adbcaaf	
member	com.kotcrab.vis.ui.util.form.FormValidator#<init>(Disableable,Sge)	sge.visui.util.form.FormValidator#<init>(Disableable,Sge)	Renamed	-	com/kotcrab/vis/ui/util/form/FormValidator.java	37	b7b6d90e65d1a3f5	
member	com.kotcrab.vis.ui.util.form.FormValidator#directory(VisValidatableTextField,String)	sge.visui.util.form.FormValidator#directory(VisValidatableTextField,String)	Renamed	-	com/kotcrab/vis/ui/util/form/FormValidator.java	156	4ca80f11c3e943b3	
member	com.kotcrab.vis.ui.util.form.FormValidator#directoryEmpty(VisValidatableTextField,String)	sge.visui.util.form.FormValidator#directoryEmpty(VisValidatableTextField,String)	Renamed	-	com/kotcrab/vis/ui/util/form/FormValidator.java	164	2a8ef1d5966f0594	
member	com.kotcrab.vis.ui.util.form.FormValidator#directoryNotEmpty(VisValidatableTextField,String)	sge.visui.util.form.FormValidator#directoryNotEmpty(VisValidatableTextField,String)	Renamed	-	com/kotcrab/vis/ui/util/form/FormValidator.java	172	cbee7ac2df21c620	
member	com.kotcrab.vis.ui.util.form.FormValidator#fileExists(VisValidatableTextField,File,String)	sge.visui.util.form.FormValidator#fileExists(VisValidatableTextField,File,String)	Renamed	-	com/kotcrab/vis/ui/util/form/FormValidator.java	92	808945e6271fcdff	
member	com.kotcrab.vis.ui.util.form.FormValidator#fileExists(VisValidatableTextField,FileHandle,String)	sge.visui.util.form.FormValidator#fileExists(VisValidatableTextField,FileHandle,String)	Renamed	-	com/kotcrab/vis/ui/util/form/FormValidator.java	103	990adbe108cd1daa	
member	com.kotcrab.vis.ui.util.form.FormValidator#fileExists(VisValidatableTextField,String)	sge.visui.util.form.FormValidator#fileExists(VisValidatableTextField,String)	Renamed	-	com/kotcrab/vis/ui/util/form/FormValidator.java	57	2c96efe0fe64c429	
member	com.kotcrab.vis.ui.util.form.FormValidator#fileExists(VisValidatableTextField,VisTextField,String)	sge.visui.util.form.FormValidator#fileExists(VisValidatableTextField,VisTextField,String)	Renamed	-	com/kotcrab/vis/ui/util/form/FormValidator.java	68	36aae3952b2a8aea	
member	com.kotcrab.vis.ui.util.form.FormValidator#fileExists(VisValidatableTextField,VisTextField,String,boolean)	sge.visui.util.form.FormValidator#fileExists(VisValidatableTextField,VisTextField,String,boolean)	Renamed	-	com/kotcrab/vis/ui/util/form/FormValidator.java	81	af74288fa875dce0	
member	com.kotcrab.vis.ui.util.form.FormValidator#fileNotExists(VisValidatableTextField,File,String)	sge.visui.util.form.FormValidator#fileNotExists(VisValidatableTextField,File,String)	Renamed	-	com/kotcrab/vis/ui/util/form/FormValidator.java	136	e10605e141568baa	
member	com.kotcrab.vis.ui.util.form.FormValidator#fileNotExists(VisValidatableTextField,FileHandle,String)	sge.visui.util.form.FormValidator#fileNotExists(VisValidatableTextField,FileHandle,String)	Renamed	-	com/kotcrab/vis/ui/util/form/FormValidator.java	148	790f25a53655f6da	
member	com.kotcrab.vis.ui.util.form.FormValidator#fileNotExists(VisValidatableTextField,String)	sge.visui.util.form.FormValidator#fileNotExists(VisValidatableTextField,String)	Renamed	-	com/kotcrab/vis/ui/util/form/FormValidator.java	112	06aec27f57f3efa8	
member	com.kotcrab.vis.ui.util.form.FormValidator#fileNotExists(VisValidatableTextField,VisTextField,String)	sge.visui.util.form.FormValidator#fileNotExists(VisValidatableTextField,VisTextField,String)	Renamed	-	com/kotcrab/vis/ui/util/form/FormValidator.java	124	9ef7ac21c1c9bfb9	
member	com.kotcrab.vis.ui.util.form.FormValidator$DirectoryContentValidator#<stmt1>	sge.visui.util.form.FormValidator$DirectoryContentValidator#<stmt1>	Renamed	-	com/kotcrab/vis/ui/util/form/FormValidator.java	203	b283b64a63c6ab16	
member	com.kotcrab.vis.ui.util.form.FormValidator$DirectoryContentValidator#isMustBeEmpty()	sge.visui.util.form.FormValidator$DirectoryContentValidator#isMustBeEmpty()	Renamed	-	com/kotcrab/vis/ui/util/form/FormValidator.java	221	98fddb5224de92e5	
member	com.kotcrab.vis.ui.util.form.FormValidator$DirectoryContentValidator#mustBeEmpty	sge.visui.util.form.FormValidator$DirectoryContentValidator#mustBeEmpty	Renamed	-	com/kotcrab/vis/ui/util/form/FormValidator.java	198	a29da28fffc10a0c	
member	com.kotcrab.vis.ui.util.form.FormValidator$DirectoryContentValidator#setMustBeEmpty(boolean)	sge.visui.util.form.FormValidator$DirectoryContentValidator#setMustBeEmpty(boolean)	Renamed	-	com/kotcrab/vis/ui/util/form/FormValidator.java	217	6f8a7bcd87c1ba06	
member	com.kotcrab.vis.ui.util.form.FormValidator$DirectoryContentValidator#validate(String)	sge.visui.util.form.FormValidator$DirectoryContentValidator#validate(String)	Renamed	-	com/kotcrab/vis/ui/util/form/FormValidator.java	207	104ed472fd1b543c	
member	com.kotcrab.vis.ui.util.form.FormValidator$DirectoryValidator#validate(String)	sge.visui.util.form.FormValidator$DirectoryValidator#validate(String)	Renamed	-	com/kotcrab/vis/ui/util/form/FormValidator.java	186	4f7c9be93baeff97	
member	com.kotcrab.vis.ui.util.form.FormValidator$FileExistsValidator#<init>(File,String)	sge.visui.util.form.FormValidator$FileExistsValidator#<init>(File,String)	Renamed	-	com/kotcrab/vis/ui/util/form/FormValidator.java	250	302a1fb6b853e0f4	
member	com.kotcrab.vis.ui.util.form.FormValidator$FileExistsValidator#<init>(File,String,boolean)	sge.visui.util.form.FormValidator$FileExistsValidator#<init>(File,String,boolean)	Renamed	-	com/kotcrab/vis/ui/util/form/FormValidator.java	254	6ae9cbabfb6fe490	
member	com.kotcrab.vis.ui.util.form.FormValidator$FileExistsValidator#<init>(String)	sge.visui.util.form.FormValidator$FileExistsValidator#<init>(String)	Renamed	-	com/kotcrab/vis/ui/util/form/FormValidator.java	241	fc6b2d4c4fcd0aea	
member	com.kotcrab.vis.ui.util.form.FormValidator$FileExistsValidator#<init>(String,boolean)	sge.visui.util.form.FormValidator$FileExistsValidator#<init>(String,boolean)	Renamed	-	com/kotcrab/vis/ui/util/form/FormValidator.java	245	7cbde047c92b1bd4	
member	com.kotcrab.vis.ui.util.form.FormValidator$FileExistsValidator#<init>(VisTextField,String)	sge.visui.util.form.FormValidator$FileExistsValidator#<init>(VisTextField,String)	Renamed	-	com/kotcrab/vis/ui/util/form/FormValidator.java	260	ee082467237677a2	
member	com.kotcrab.vis.ui.util.form.FormValidator$FileExistsValidator#<init>(VisTextField,String,boolean)	sge.visui.util.form.FormValidator$FileExistsValidator#<init>(VisTextField,String,boolean)	Renamed	-	com/kotcrab/vis/ui/util/form/FormValidator.java	264	aa39cc40238cef71	
member	com.kotcrab.vis.ui.util.form.FormValidator$FileExistsValidator#<init>(VisTextField,String,boolean,boolean)	sge.visui.util.form.FormValidator$FileExistsValidator#<init>(VisTextField,String,boolean,boolean)	Renamed	-	com/kotcrab/vis/ui/util/form/FormValidator.java	271	e97cf3574b642290	
member	com.kotcrab.vis.ui.util.form.FormValidator$FileExistsValidator#errorIfRelativeEmpty	sge.visui.util.form.FormValidator$FileExistsValidator#errorIfRelativeEmpty	Renamed	-	com/kotcrab/vis/ui/util/form/FormValidator.java	239	f25645cb75f62335	
member	com.kotcrab.vis.ui.util.form.FormValidator$FileExistsValidator#mustNotExist	sge.visui.util.form.FormValidator$FileExistsValidator#mustNotExist	Renamed	-	com/kotcrab/vis/ui/util/form/FormValidator.java	238	2bf1ba42c19fe6db	
member	com.kotcrab.vis.ui.util.form.FormValidator$FileExistsValidator#relativeTo	sge.visui.util.form.FormValidator$FileExistsValidator#relativeTo	Renamed	-	com/kotcrab/vis/ui/util/form/FormValidator.java	235	436f894e34476aa2	
member	com.kotcrab.vis.ui.util.form.FormValidator$FileExistsValidator#relativeToFile	sge.visui.util.form.FormValidator$FileExistsValidator#relativeToFile	Renamed	-	com/kotcrab/vis/ui/util/form/FormValidator.java	236	77563863e6081c04	
member	com.kotcrab.vis.ui.util.form.FormValidator$FileExistsValidator#setErrorIfRelativeEmpty(boolean)	sge.visui.util.form.FormValidator$FileExistsValidator#setErrorIfRelativeEmpty(boolean)	Renamed	-	com/kotcrab/vis/ui/util/form/FormValidator.java	318	49d1de2219f51502	
member	com.kotcrab.vis.ui.util.form.FormValidator$FileExistsValidator#setMustNotExist(boolean)	sge.visui.util.form.FormValidator$FileExistsValidator#setMustNotExist(boolean)	Renamed	-	com/kotcrab/vis/ui/util/form/FormValidator.java	314	ce193850b08d485a	
member	com.kotcrab.vis.ui.util.form.FormValidator$FileExistsValidator#setRelativeToFile(File)	sge.visui.util.form.FormValidator$FileExistsValidator#setRelativeToFile(File)	Renamed	-	com/kotcrab/vis/ui/util/form/FormValidator.java	300	c35e03ed21b39d8f	
member	com.kotcrab.vis.ui.util.form.FormValidator$FileExistsValidator#setRelativeToTextField(VisTextField)	sge.visui.util.form.FormValidator$FileExistsValidator#setRelativeToTextField(VisTextField)	Renamed	-	com/kotcrab/vis/ui/util/form/FormValidator.java	307	667102be14d77363	
member	com.kotcrab.vis.ui.util.form.FormValidator$FileExistsValidator#validate(String)	sge.visui.util.form.FormValidator$FileExistsValidator#validate(String)	Renamed	-	com/kotcrab/vis/ui/util/form/FormValidator.java	279	e4353f8e1743974d	
member	com.kotcrab.vis.ui.util.form.SimpleFormValidator#<init>(Disableable)	sge.visui.util.form.SimpleFormValidator#<init>(Disableable)	Renamed	-	com/kotcrab/vis/ui/util/form/SimpleFormValidator.java	64	606908cb12869136	
member	com.kotcrab.vis.ui.util.form.SimpleFormValidator#<init>(Disableable,Label)	sge.visui.util.form.SimpleFormValidator#<init>(Disableable,Label)	Renamed	-	com/kotcrab/vis/ui/util/form/SimpleFormValidator.java	73	f1d6f7207c3309b5	
member	com.kotcrab.vis.ui.util.form.SimpleFormValidator#<init>(Disableable,Label,FormValidatorStyle)	sge.visui.util.form.SimpleFormValidator#<init>(Disableable,Label,FormValidatorStyle)	Renamed	-	com/kotcrab/vis/ui/util/form/SimpleFormValidator.java	91	81bc1343e1b21862	
member	com.kotcrab.vis.ui.util.form.SimpleFormValidator#<init>(Disableable,Label,String)	sge.visui.util.form.SimpleFormValidator#<init>(Disableable,Label,String)	Renamed	-	com/kotcrab/vis/ui/util/form/SimpleFormValidator.java	82	296a3304685ddd2f	
member	com.kotcrab.vis.ui.util.form.SimpleFormValidator#add(VisValidatableTextField)	sge.visui.util.form.SimpleFormValidator#add(VisValidatableTextField)	Renamed	-	com/kotcrab/vis/ui/util/form/SimpleFormValidator.java	184	22edbc7e5dacf951	
member	com.kotcrab.vis.ui.util.form.SimpleFormValidator#addDisableTarget(Disableable)	sge.visui.util.form.SimpleFormValidator#addDisableTarget(Disableable)	Renamed	-	com/kotcrab/vis/ui/util/form/SimpleFormValidator.java	190	4df9021949426678	
member	com.kotcrab.vis.ui.util.form.SimpleFormValidator#buttons	sge.visui.util.form.SimpleFormValidator#buttons	Renamed	-	com/kotcrab/vis/ui/util/form/SimpleFormValidator.java	48	bca312c042e8db31	vis=private
member	com.kotcrab.vis.ui.util.form.SimpleFormValidator#changeListener	sge.visui.util.form.SimpleFormValidator#changeListener	Renamed	-	com/kotcrab/vis/ui/util/form/SimpleFormValidator.java	46	68b8502dcc958691	vis=private
member	com.kotcrab.vis.ui.util.form.SimpleFormValidator#checked(Button,String)	sge.visui.util.form.SimpleFormValidator#checked(Button,String)	Renamed	-	com/kotcrab/vis/ui/util/form/SimpleFormValidator.java	167	a60daad86112887d	
member	com.kotcrab.vis.ui.util.form.SimpleFormValidator#custom(VisValidatableTextField,FormInputValidator)	sge.visui.util.form.SimpleFormValidator#custom(VisValidatableTextField,FormInputValidator)	Renamed	-	com/kotcrab/vis/ui/util/form/SimpleFormValidator.java	160	06f92b5f2a837f2c	
member	com.kotcrab.vis.ui.util.form.SimpleFormValidator#disableTargets	sge.visui.util.form.SimpleFormValidator#disableTargets	Renamed	-	com/kotcrab/vis/ui/util/form/SimpleFormValidator.java	55	3f3c625f74c58ebc	
member	com.kotcrab.vis.ui.util.form.SimpleFormValidator#errorMsgText	sge.visui.util.form.SimpleFormValidator#errorMsgText	Renamed	-	com/kotcrab/vis/ui/util/form/SimpleFormValidator.java	53	b3512d868a9ccd7b	vis=private
member	com.kotcrab.vis.ui.util.form.SimpleFormValidator#fields	sge.visui.util.form.SimpleFormValidator#fields	Renamed	-	com/kotcrab/vis/ui/util/form/SimpleFormValidator.java	47	815507bae0a49377	vis=private
member	com.kotcrab.vis.ui.util.form.SimpleFormValidator#floatNumber(VisValidatableTextField,String)	sge.visui.util.form.SimpleFormValidator#floatNumber(VisValidatableTextField,String)	Renamed	-	com/kotcrab/vis/ui/util/form/SimpleFormValidator.java	114	7f41c4c67b59189e	
member	com.kotcrab.vis.ui.util.form.SimpleFormValidator#formInvalid	sge.visui.util.form.SimpleFormValidator#formInvalid	Renamed	-	com/kotcrab/vis/ui/util/form/SimpleFormValidator.java	52	a02f057ce1a803a8	vis=private
member	com.kotcrab.vis.ui.util.form.SimpleFormValidator#integerNumber(VisValidatableTextField,String)	sge.visui.util.form.SimpleFormValidator#integerNumber(VisValidatableTextField,String)	Renamed	-	com/kotcrab/vis/ui/util/form/SimpleFormValidator.java	106	be4ed43ed3b663dc	
member	com.kotcrab.vis.ui.util.form.SimpleFormValidator#isTreatDisabledFieldsAsValid()	sge.visui.util.form.SimpleFormValidator#isTreatDisabledFieldsAsValid()	Renamed	-	com/kotcrab/vis/ui/util/form/SimpleFormValidator.java	212	74c69939d213dff1	
member	com.kotcrab.vis.ui.util.form.SimpleFormValidator#messageLabel	sge.visui.util.form.SimpleFormValidator#messageLabel	Renamed	-	com/kotcrab/vis/ui/util/form/SimpleFormValidator.java	56	8c62561d18283594	
member	com.kotcrab.vis.ui.util.form.SimpleFormValidator#notEmpty(VisValidatableTextField,String)	sge.visui.util.form.SimpleFormValidator#notEmpty(VisValidatableTextField,String)	Renamed	-	com/kotcrab/vis/ui/util/form/SimpleFormValidator.java	98	5d330fd1ca7ee72b	
member	com.kotcrab.vis.ui.util.form.SimpleFormValidator#removeDisableTarget(Disableable)	sge.visui.util.form.SimpleFormValidator#removeDisableTarget(Disableable)	Renamed	-	com/kotcrab/vis/ui/util/form/SimpleFormValidator.java	195	6c114c20aeb1c70e	
member	com.kotcrab.vis.ui.util.form.SimpleFormValidator#setMessageLabel(Label)	sge.visui.util.form.SimpleFormValidator#setMessageLabel(Label)	Renamed	-	com/kotcrab/vis/ui/util/form/SimpleFormValidator.java	201	635e50df94f9c121	
member	com.kotcrab.vis.ui.util.form.SimpleFormValidator#setSuccessMessage(String)	sge.visui.util.form.SimpleFormValidator#setSuccessMessage(String)	Renamed	-	com/kotcrab/vis/ui/util/form/SimpleFormValidator.java	207	a147ceef44c6d18b	
member	com.kotcrab.vis.ui.util.form.SimpleFormValidator#setTreatDisabledFieldsAsValid(boolean)	sge.visui.util.form.SimpleFormValidator#setTreatDisabledFieldsAsValid(boolean)	Renamed	-	com/kotcrab/vis/ui/util/form/SimpleFormValidator.java	221	f3eb54923fbee894	
member	com.kotcrab.vis.ui.util.form.SimpleFormValidator#style	sge.visui.util.form.SimpleFormValidator#style	Renamed	-	com/kotcrab/vis/ui/util/form/SimpleFormValidator.java	44	40f681c241cb231b	
member	com.kotcrab.vis.ui.util.form.SimpleFormValidator#successMsg	sge.visui.util.form.SimpleFormValidator#successMsg	Renamed	-	com/kotcrab/vis/ui/util/form/SimpleFormValidator.java	50	5c65a4d756433f97	vis=private
member	com.kotcrab.vis.ui.util.form.SimpleFormValidator#treatDisabledFieldsAsValid	sge.visui.util.form.SimpleFormValidator#treatDisabledFieldsAsValid	Renamed	-	com/kotcrab/vis/ui/util/form/SimpleFormValidator.java	58	5330f57bc389cdc2	vis=private
member	com.kotcrab.vis.ui.util.form.SimpleFormValidator#unchecked(Button,String)	sge.visui.util.form.SimpleFormValidator#unchecked(Button,String)	Renamed	-	com/kotcrab/vis/ui/util/form/SimpleFormValidator.java	174	c78d5cdcaa082dab	
member	com.kotcrab.vis.ui.util.form.SimpleFormValidator#updateWidgets()	sge.visui.util.form.SimpleFormValidator#updateWidgets()	Renamed	-	com/kotcrab/vis/ui/util/form/SimpleFormValidator.java	291	3d64b5cb5ba69a1b	vis=private
member	com.kotcrab.vis.ui.util.form.SimpleFormValidator#validate()	sge.visui.util.form.SimpleFormValidator#validate()	Renamed	-	com/kotcrab/vis/ui/util/form/SimpleFormValidator.java	231	530c54e4aeaf122b	
member	com.kotcrab.vis.ui.util.form.SimpleFormValidator#valueGreaterThan(VisValidatableTextField,String,float)	sge.visui.util.form.SimpleFormValidator#valueGreaterThan(VisValidatableTextField,String,float)	Renamed	-	com/kotcrab/vis/ui/util/form/SimpleFormValidator.java	125	6a723381c9206659	
member	com.kotcrab.vis.ui.util.form.SimpleFormValidator#valueGreaterThan(VisValidatableTextField,String,float,boolean)	sge.visui.util.form.SimpleFormValidator#valueGreaterThan(VisValidatableTextField,String,float,boolean)	Renamed	-	com/kotcrab/vis/ui/util/form/SimpleFormValidator.java	141	0b8c3bb4e2cd4721	
member	com.kotcrab.vis.ui.util.form.SimpleFormValidator#valueLesserThan(VisValidatableTextField,String,float)	sge.visui.util.form.SimpleFormValidator#valueLesserThan(VisValidatableTextField,String,float)	Renamed	-	com/kotcrab/vis/ui/util/form/SimpleFormValidator.java	133	4fd479ad956d9286	
member	com.kotcrab.vis.ui.util.form.SimpleFormValidator#valueLesserThan(VisValidatableTextField,String,float,boolean)	sge.visui.util.form.SimpleFormValidator#valueLesserThan(VisValidatableTextField,String,float,boolean)	Renamed	-	com/kotcrab/vis/ui/util/form/SimpleFormValidator.java	152	33251685b57c3f91	
member	com.kotcrab.vis.ui.util.form.SimpleFormValidator$ChangeSharedListener#changed(ChangeEvent,Actor)	sge.visui.util.form.SimpleFormValidator$ChangeSharedListener#changed(ChangeEvent,Actor)	Renamed	-	com/kotcrab/vis/ui/util/form/SimpleFormValidator.java	314	0a26ae3f9f1c0396	
member	com.kotcrab.vis.ui.util.form.SimpleFormValidator$CheckedButtonWrapper#<stmt1>	sge.visui.util.form.SimpleFormValidator$CheckedButtonWrapper#<stmt1>	Renamed	-	com/kotcrab/vis/ui/util/form/SimpleFormValidator.java	325	ef2595cd898b7d9c	
member	com.kotcrab.vis.ui.util.form.SimpleFormValidator$CheckedButtonWrapper#<stmt2>	sge.visui.util.form.SimpleFormValidator$CheckedButtonWrapper#<stmt2>	Renamed	-	com/kotcrab/vis/ui/util/form/SimpleFormValidator.java	326	02263d06d62b9f57	
member	com.kotcrab.vis.ui.util.form.SimpleFormValidator$CheckedButtonWrapper#<stmt3>	sge.visui.util.form.SimpleFormValidator$CheckedButtonWrapper#<stmt3>	Renamed	-	com/kotcrab/vis/ui/util/form/SimpleFormValidator.java	327	23007a206ce0de97	
member	com.kotcrab.vis.ui.util.form.SimpleFormValidator$CheckedButtonWrapper#button	sge.visui.util.form.SimpleFormValidator$CheckedButtonWrapper#button	Renamed	-	com/kotcrab/vis/ui/util/form/SimpleFormValidator.java	320	60f2e96ee7651494	
member	com.kotcrab.vis.ui.util.form.SimpleFormValidator$CheckedButtonWrapper#errorMsg	sge.visui.util.form.SimpleFormValidator$CheckedButtonWrapper#errorMsg	Renamed	-	com/kotcrab/vis/ui/util/form/SimpleFormValidator.java	322	b776c92718a62e36	
member	com.kotcrab.vis.ui.util.form.SimpleFormValidator$CheckedButtonWrapper#mustBeChecked	sge.visui.util.form.SimpleFormValidator$CheckedButtonWrapper#mustBeChecked	Renamed	-	com/kotcrab/vis/ui/util/form/SimpleFormValidator.java	321	9b9a9fc4d018197f	
member	com.kotcrab.vis.ui.util.form.SimpleFormValidator$CheckedButtonWrapper#setButtonStateInvalid(boolean)	sge.visui.util.form.SimpleFormValidator$CheckedButtonWrapper#setButtonStateInvalid(boolean)	Renamed	-	com/kotcrab/vis/ui/util/form/SimpleFormValidator.java	330	1a7e4370dea6447c	
member	com.kotcrab.vis.ui.util.form.SimpleFormValidator$EmptyInputValidator#validate(String)	sge.visui.util.form.SimpleFormValidator$EmptyInputValidator#validate(String)	Renamed	-	com/kotcrab/vis/ui/util/form/SimpleFormValidator.java	343	8616493043737f72	
member	com.kotcrab.vis.ui.util.form.SimpleFormValidator$FormValidatorStyle#<init>()	sge.visui.util.form.SimpleFormValidator$FormValidatorStyle#<init>()	Renamed	-	com/kotcrab/vis/ui/util/form/SimpleFormValidator.java	356	a2739d8096660a99	
member	com.kotcrab.vis.ui.util.form.SimpleFormValidator$FormValidatorStyle#<init>(Color,Color)	sge.visui.util.form.SimpleFormValidator$FormValidatorStyle#<init>(Color,Color)	Renamed	-	com/kotcrab/vis/ui/util/form/SimpleFormValidator.java	359	c0c619cfd9dae81e	
member	com.kotcrab.vis.ui.util.form.SimpleFormValidator$FormValidatorStyle#<init>(FormValidatorStyle)	sge.visui.util.form.SimpleFormValidator$FormValidatorStyle#<init>(FormValidatorStyle)	Renamed	-	com/kotcrab/vis/ui/util/form/SimpleFormValidator.java	364	c0eee260e38d706a	
member	com.kotcrab.vis.ui.util.form.SimpleFormValidator$FormValidatorStyle#colorTransitionDuration	sge.visui.util.form.SimpleFormValidator$FormValidatorStyle#colorTransitionDuration	Renamed	-	com/kotcrab/vis/ui/util/form/SimpleFormValidator.java	354	f29ac504691fa360	
member	com.kotcrab.vis.ui.util.form.SimpleFormValidator$FormValidatorStyle#errorLabelColor	sge.visui.util.form.SimpleFormValidator$FormValidatorStyle#errorLabelColor	Renamed	-	com/kotcrab/vis/ui/util/form/SimpleFormValidator.java	350	cb48242624dcd641	
member	com.kotcrab.vis.ui.util.form.SimpleFormValidator$FormValidatorStyle#validLabelColor	sge.visui.util.form.SimpleFormValidator$FormValidatorStyle#validLabelColor	Renamed	-	com/kotcrab/vis/ui/util/form/SimpleFormValidator.java	352	278b34344b856a7c	
member	com.kotcrab.vis.ui.util.form.ValidatorWrapper#<stmt1>	sge.visui.util.form.ValidatorWrapper#<stmt1>	Renamed	-	com/kotcrab/vis/ui/util/form/ValidatorWrapper.java	32	941b672e63e16a58	
member	com.kotcrab.vis.ui.util.form.ValidatorWrapper#validate(String)	sge.visui.util.form.ValidatorWrapper#validate(String)	Renamed	-	com/kotcrab/vis/ui/util/form/ValidatorWrapper.java	36	f7d0bcc33a557efa	
member	com.kotcrab.vis.ui.util.form.ValidatorWrapper#validator	sge.visui.util.form.ValidatorWrapper#validator	Renamed	-	com/kotcrab/vis/ui/util/form/ValidatorWrapper.java	28	65095003d1dc9e1c	
member	com.kotcrab.vis.ui.util.highlight.BaseHighlighter#addRule(HighlightRule)	sge.visui.util.highlight.BaseHighlighter#addRule(HighlightRule)	Renamed	-	com/kotcrab/vis/ui/util/highlight/BaseHighlighter.java	34	bd1ca420c1e5ac25	
member	com.kotcrab.vis.ui.util.highlight.BaseHighlighter#process(HighlightTextArea,Array)	sge.visui.util.highlight.BaseHighlighter#process(HighlightTextArea,Array<Highlight>)	Renamed	-	com/kotcrab/vis/ui/util/highlight/BaseHighlighter.java	62	b50f8e25a3f464e9	
member	com.kotcrab.vis.ui.util.highlight.BaseHighlighter#rules	sge.visui.util.highlight.BaseHighlighter#rules	Renamed	-	com/kotcrab/vis/ui/util/highlight/BaseHighlighter.java	31	57a495835c0e8b9a	vis=private
member	com.kotcrab.vis.ui.util.highlight.BaseHighlighter#word(Color,Array)	sge.visui.util.highlight.BaseHighlighter#word(Color,Array<String>)	Renamed	-	com/kotcrab/vis/ui/util/highlight/BaseHighlighter.java	52	787e0df8cfffafba	
member	com.kotcrab.vis.ui.util.highlight.BaseHighlighter#word(Color,String)	sge.visui.util.highlight.BaseHighlighter#word(Color,String)	Renamed	-	com/kotcrab/vis/ui/util/highlight/BaseHighlighter.java	43	bd75c39abb83c101	
member	com.kotcrab.vis.ui.util.highlight.Highlight#<stmt1>	sge.visui.util.highlight.Highlight#<stmt1>	Renamed	-	com/kotcrab/vis/ui/util/highlight/Highlight.java	32	00c0a8bbe608aeab	
member	com.kotcrab.vis.ui.util.highlight.Highlight#<stmt2>	sge.visui.util.highlight.Highlight#<stmt2>	Renamed	-	com/kotcrab/vis/ui/util/highlight/Highlight.java	33	c7e32f8ba509dabd	
member	com.kotcrab.vis.ui.util.highlight.Highlight#<stmt3>	sge.visui.util.highlight.Highlight#<stmt3>	Renamed	-	com/kotcrab/vis/ui/util/highlight/Highlight.java	34	040225fcbd808575	
member	com.kotcrab.vis.ui.util.highlight.Highlight#<stmt4>	sge.visui.util.highlight.Highlight#<stmt4>	Renamed	-	com/kotcrab/vis/ui/util/highlight/Highlight.java	35	b8451b3a133fcaa8	
member	com.kotcrab.vis.ui.util.highlight.Highlight#<stmt5>	sge.visui.util.highlight.Highlight#<stmt5>	Renamed	-	com/kotcrab/vis/ui/util/highlight/Highlight.java	36	e5faf041abd4eaee	
member	com.kotcrab.vis.ui.util.highlight.Highlight#color	sge.visui.util.highlight.Highlight#color	Renamed	-	com/kotcrab/vis/ui/util/highlight/Highlight.java	27	37c29621fabb786b	
member	com.kotcrab.vis.ui.util.highlight.Highlight#compareTo(Highlight)	sge.visui.util.highlight.Highlight#compareTo(Highlight)	Renamed	-	com/kotcrab/vis/ui/util/highlight/Highlight.java	52	f30e5f9c152e4d07	
member	com.kotcrab.vis.ui.util.highlight.Highlight#end	sge.visui.util.highlight.Highlight#end	Renamed	-	com/kotcrab/vis/ui/util/highlight/Highlight.java	29	63ef4d28e2e91fa4	
member	com.kotcrab.vis.ui.util.highlight.Highlight#getColor()	sge.visui.util.highlight.Highlight#getColor()	Renamed	-	com/kotcrab/vis/ui/util/highlight/Highlight.java	39	69cb53a67e1db1e6	
member	com.kotcrab.vis.ui.util.highlight.Highlight#getEnd()	sge.visui.util.highlight.Highlight#getEnd()	Renamed	-	com/kotcrab/vis/ui/util/highlight/Highlight.java	47	371c4b6bcc180ff6	
member	com.kotcrab.vis.ui.util.highlight.Highlight#getStart()	sge.visui.util.highlight.Highlight#getStart()	Renamed	-	com/kotcrab/vis/ui/util/highlight/Highlight.java	43	dd2eb1058ccee4c2	
member	com.kotcrab.vis.ui.util.highlight.Highlight#start	sge.visui.util.highlight.Highlight#start	Renamed	-	com/kotcrab/vis/ui/util/highlight/Highlight.java	28	24e5fca6e0b925af	
member	com.kotcrab.vis.ui.util.highlight.HighlightRule#process(HighlightTextArea,Array)	sge.visui.util.highlight.HighlightRule#process(HighlightTextArea,Array<Highlight>)	Renamed	-	com/kotcrab/vis/ui/util/highlight/HighlightRule.java	33	b05e964457147cf2	
member	com.kotcrab.vis.ui.util.highlight.Highlighter#regex(Color,String)	sge.visui.util.highlight.Highlighter#regex(Color,String)	Renamed	-	com/kotcrab/vis/ui/util/highlight/Highlighter.java	31	f0826d79ee3b4ec4	
member	com.kotcrab.vis.ui.util.highlight.RegexHighlightRule#<stmt1>	sge.visui.util.highlight.RegexHighlightRule#<stmt1>	Renamed	-	com/kotcrab/vis/ui/util/highlight/RegexHighlightRule.java	36	040225fcbd808575	
member	com.kotcrab.vis.ui.util.highlight.RegexHighlightRule#<stmt2>	sge.visui.util.highlight.RegexHighlightRule#<stmt2>	Renamed	-	com/kotcrab/vis/ui/util/highlight/RegexHighlightRule.java	37	61a81240c723a9c5	
member	com.kotcrab.vis.ui.util.highlight.RegexHighlightRule#color	sge.visui.util.highlight.RegexHighlightRule#color	Renamed	-	com/kotcrab/vis/ui/util/highlight/RegexHighlightRule.java	32	37c29621fabb786b	
member	com.kotcrab.vis.ui.util.highlight.RegexHighlightRule#pattern	sge.visui.util.highlight.RegexHighlightRule#pattern	Renamed	-	com/kotcrab/vis/ui/util/highlight/RegexHighlightRule.java	33	c06e9c0920404289	
member	com.kotcrab.vis.ui.util.highlight.RegexHighlightRule#process(HighlightTextArea,Array)	sge.visui.util.highlight.RegexHighlightRule#process(HighlightTextArea,Array<Highlight>)	Renamed	-	com/kotcrab/vis/ui/util/highlight/RegexHighlightRule.java	41	483f7c13b080faf6	
member	com.kotcrab.vis.ui.util.highlight.WordHighlightRule#<stmt1>	sge.visui.util.highlight.WordHighlightRule#<stmt1>	Renamed	-	com/kotcrab/vis/ui/util/highlight/WordHighlightRule.java	33	040225fcbd808575	
member	com.kotcrab.vis.ui.util.highlight.WordHighlightRule#<stmt2>	sge.visui.util.highlight.WordHighlightRule#<stmt2>	Renamed	-	com/kotcrab/vis/ui/util/highlight/WordHighlightRule.java	34	427f6684eece90de	
member	com.kotcrab.vis.ui.util.highlight.WordHighlightRule#color	sge.visui.util.highlight.WordHighlightRule#color	Renamed	-	com/kotcrab/vis/ui/util/highlight/WordHighlightRule.java	29	37c29621fabb786b	
member	com.kotcrab.vis.ui.util.highlight.WordHighlightRule#process(HighlightTextArea,Array)	sge.visui.util.highlight.WordHighlightRule#process(HighlightTextArea,Array<Highlight>)	Renamed	-	com/kotcrab/vis/ui/util/highlight/WordHighlightRule.java	38	32889a880210c277	
member	com.kotcrab.vis.ui.util.highlight.WordHighlightRule#word	sge.visui.util.highlight.WordHighlightRule#word	Renamed	-	com/kotcrab/vis/ui/util/highlight/WordHighlightRule.java	30	febfb2a10fb1283a	
member	com.kotcrab.vis.ui.util.value.ConstantIfVisibleValue#<init>(Actor,float)	sge.visui.util.value.ConstantIfVisibleValue#<init>(Actor,float)	Renamed	-	com/kotcrab/vis/ui/util/value/ConstantIfVisibleValue.java	35	e5c1b7a9092e2d74	
member	com.kotcrab.vis.ui.util.value.ConstantIfVisibleValue#<init>(float)	sge.visui.util.value.ConstantIfVisibleValue#<init>(float)	Renamed	-	com/kotcrab/vis/ui/util/value/ConstantIfVisibleValue.java	31	c91b56e2dfa2185a	
member	com.kotcrab.vis.ui.util.value.ConstantIfVisibleValue#actor	sge.visui.util.value.ConstantIfVisibleValue#actor	Renamed	-	com/kotcrab/vis/ui/util/value/ConstantIfVisibleValue.java	28	50183f376aca8eb8	vis=private
member	com.kotcrab.vis.ui.util.value.ConstantIfVisibleValue#constant	sge.visui.util.value.ConstantIfVisibleValue#constant	Renamed	-	com/kotcrab/vis/ui/util/value/ConstantIfVisibleValue.java	29	03c39afdcbb67c95	vis=private
member	com.kotcrab.vis.ui.util.value.ConstantIfVisibleValue#get(Nullable)	sge.visui.util.value.ConstantIfVisibleValue#get(Nullable<Actor>)	Renamed	-	com/kotcrab/vis/ui/util/value/ConstantIfVisibleValue.java	41	03ddb6adbc544163	
member	com.kotcrab.vis.ui.util.value.PrefHeightIfVisibleValue#INSTANCE	sge.visui.util.value.PrefHeightIfVisibleValue#INSTANCE	Renamed	-	com/kotcrab/vis/ui/util/value/PrefHeightIfVisibleValue.java	32	b6214fcc77c9d77a	placement=companion
member	com.kotcrab.vis.ui.util.value.PrefHeightIfVisibleValue#get(Nullable)	sge.visui.util.value.PrefHeightIfVisibleValue#get(Nullable<Actor>)	Renamed	-	com/kotcrab/vis/ui/util/value/PrefHeightIfVisibleValue.java	35	482292029557497b	
member	com.kotcrab.vis.ui.util.value.PrefWidthIfVisibleValue#INSTANCE	sge.visui.util.value.PrefWidthIfVisibleValue#INSTANCE	Renamed	-	com/kotcrab/vis/ui/util/value/PrefWidthIfVisibleValue.java	32	f9b1db7b8146d942	placement=companion
member	com.kotcrab.vis.ui.util.value.PrefWidthIfVisibleValue#get(Nullable)	sge.visui.util.value.PrefWidthIfVisibleValue#get(Nullable<Actor>)	Renamed	-	com/kotcrab/vis/ui/util/value/PrefWidthIfVisibleValue.java	35	16362df9fa5afe4f	
member	com.kotcrab.vis.ui.util.value.VisValue#<stmt1>	sge.visui.util.value.VisValue#<stmt1>	Renamed	-	com/kotcrab/vis/ui/util/value/VisValue.java	33	0f7b6d553bb7f1b1	
member	com.kotcrab.vis.ui.util.value.VisValue#get(Nullable)	sge.visui.util.value.VisValue#get(Nullable<Actor>)	Renamed	-	com/kotcrab/vis/ui/util/value/VisValue.java	37	6ab98ff1282920a4	
member	com.kotcrab.vis.ui.util.value.VisValue#getter	sge.visui.util.value.VisValue#getter	Renamed	-	com/kotcrab/vis/ui/util/value/VisValue.java	30	804c74b695cf5bfd	
member	com.kotcrab.vis.ui.util.value.VisValue$ValueGetter#get(Actor)	sge.visui.util.value.VisValue$ValueGetter#get(Actor)	Renamed	-	com/kotcrab/vis/ui/util/value/VisValue.java	42	c294ab6abeebebbd	
member	com.kotcrab.vis.ui.util.value.VisWidgetValue#<stmt1>	sge.visui.util.value.VisWidgetValue#<stmt1>	Renamed	-	com/kotcrab/vis/ui/util/value/VisWidgetValue.java	36	0f7b6d553bb7f1b1	
member	com.kotcrab.vis.ui.util.value.VisWidgetValue#get(Nullable)	sge.visui.util.value.VisWidgetValue#get(Nullable<Actor>)	Renamed	-	com/kotcrab/vis/ui/util/value/VisWidgetValue.java	40	a73637b6afdc867b	
member	com.kotcrab.vis.ui.util.value.VisWidgetValue#getter	sge.visui.util.value.VisWidgetValue#getter	Renamed	-	com/kotcrab/vis/ui/util/value/VisWidgetValue.java	33	a2f0c7c7d29ba1be	
member	com.kotcrab.vis.ui.util.value.VisWidgetValue$WidgetValueGetter#get(Widget)	sge.visui.util.value.VisWidgetValue$WidgetValueGetter#get(Widget)	Renamed	-	com/kotcrab/vis/ui/util/value/VisWidgetValue.java	45	7dc5c83c7d019447	
member	com.kotcrab.vis.ui.widget.BusyBar#<init>(BusyBarStyle,Sge)	sge.visui.widget.BusyBar#<init>(BusyBarStyle,Sge)	Renamed	-	com/kotcrab/vis/ui/widget/BusyBar.java	47	791ec535277b1a9f	
member	com.kotcrab.vis.ui.widget.BusyBar#<init>(Sge)	sge.visui.widget.BusyBar#<init>(Sge)	Renamed	-	com/kotcrab/vis/ui/widget/BusyBar.java	39	d37f02522dfb618d	
member	com.kotcrab.vis.ui.widget.BusyBar#<init>(String,Sge)	sge.visui.widget.BusyBar#<init>(String,Sge)	Renamed	-	com/kotcrab/vis/ui/widget/BusyBar.java	43	7b3aabea31fc79b6	
member	com.kotcrab.vis.ui.widget.BusyBar#draw(Batch,float)	sge.visui.widget.BusyBar#draw(Batch,float)	Renamed	-	com/kotcrab/vis/ui/widget/BusyBar.java	62	dc151e161b377738	
member	com.kotcrab.vis.ui.widget.BusyBar#getPrefHeight()	sge.visui.widget.BusyBar#getPrefHeight()	Renamed	-	com/kotcrab/vis/ui/widget/BusyBar.java	52	78639c160af1b6ad	
member	com.kotcrab.vis.ui.widget.BusyBar#getPrefWidth()	sge.visui.widget.BusyBar#getPrefWidth()	Renamed	-	com/kotcrab/vis/ui/widget/BusyBar.java	57	13395913d903ff3d	
member	com.kotcrab.vis.ui.widget.BusyBar#getSegmentDeltaX()	sge.visui.widget.BusyBar#getSegmentDeltaX()	Renamed	-	com/kotcrab/vis/ui/widget/BusyBar.java	82	b07dcd62960f41ec	
member	com.kotcrab.vis.ui.widget.BusyBar#getStyle()	sge.visui.widget.BusyBar#getStyle()	Renamed	-	com/kotcrab/vis/ui/widget/BusyBar.java	86	09292edd2262470f	
member	com.kotcrab.vis.ui.widget.BusyBar#resetSegment()	sge.visui.widget.BusyBar#resetSegment()	Renamed	-	com/kotcrab/vis/ui/widget/BusyBar.java	78	200ae0eda53da390	
member	com.kotcrab.vis.ui.widget.BusyBar#segmentX	sge.visui.widget.BusyBar#segmentX	Renamed	-	com/kotcrab/vis/ui/widget/BusyBar.java	37	eb4be44659e1dc49	vis=private
member	com.kotcrab.vis.ui.widget.BusyBar#style	sge.visui.widget.BusyBar#style	Renamed	-	com/kotcrab/vis/ui/widget/BusyBar.java	35	70451938b9287f81	
member	com.kotcrab.vis.ui.widget.BusyBar$BusyBarStyle#<init>()	sge.visui.widget.BusyBar$BusyBarStyle#<init>()	Renamed	-	com/kotcrab/vis/ui/widget/BusyBar.java	96	9d8e249e5373a483	
member	com.kotcrab.vis.ui.widget.BusyBar$BusyBarStyle#<init>(BusyBarStyle)	sge.visui.widget.BusyBar$BusyBarStyle#<init>(BusyBarStyle)	Renamed	-	com/kotcrab/vis/ui/widget/BusyBar.java	99	51dd119a01089ccc	
member	com.kotcrab.vis.ui.widget.BusyBar$BusyBarStyle#<init>(Drawable,int,int,int)	sge.visui.widget.BusyBar$BusyBarStyle#<init>(Drawable,int,int,int)	Renamed	-	com/kotcrab/vis/ui/widget/BusyBar.java	106	53a53625bb90fef4	
member	com.kotcrab.vis.ui.widget.BusyBar$BusyBarStyle#height	sge.visui.widget.BusyBar$BusyBarStyle#height	Renamed	-	com/kotcrab/vis/ui/widget/BusyBar.java	94	f8df0503f45b1626	
member	com.kotcrab.vis.ui.widget.BusyBar$BusyBarStyle#segment	sge.visui.widget.BusyBar$BusyBarStyle#segment	Renamed	-	com/kotcrab/vis/ui/widget/BusyBar.java	91	8cc2e6d9bb8cf4bc	
member	com.kotcrab.vis.ui.widget.BusyBar$BusyBarStyle#segmentOverflow	sge.visui.widget.BusyBar$BusyBarStyle#segmentOverflow	Renamed	-	com/kotcrab/vis/ui/widget/BusyBar.java	92	99d4858fe48f12f5	
member	com.kotcrab.vis.ui.widget.BusyBar$BusyBarStyle#segmentWidth	sge.visui.widget.BusyBar$BusyBarStyle#segmentWidth	Renamed	-	com/kotcrab/vis/ui/widget/BusyBar.java	93	4d0a0109069672cc	
member	com.kotcrab.vis.ui.widget.Sge#<given>	sge.Sge#<given>	Renamed	-	com/kotcrab/vis/ui/widget/ButtonBar.java	154	6d9f199847054ad2	vis=private[TabbedPane]
member	com.kotcrab.vis.ui.widget.ButtonBar#<init>(Sge)	sge.visui.widget.ButtonBar#<init>(Sge)	Renamed	-	com/kotcrab/vis/ui/widget/ButtonBar.java	47	e009ca6e07c696c0	
member	com.kotcrab.vis.ui.widget.ButtonBar#<init>(Sizes,Sge)	sge.visui.widget.ButtonBar#<init>(Sizes,Sge)	Renamed	-	com/kotcrab/vis/ui/widget/ButtonBar.java	55	dd3606802fd9b0c5	
member	com.kotcrab.vis.ui.widget.ButtonBar#<init>(String,Sge)	sge.visui.widget.ButtonBar#<init>(String,Sge)	Renamed	-	com/kotcrab/vis/ui/widget/ButtonBar.java	51	a15bca20378b9fea	
member	com.kotcrab.vis.ui.widget.ButtonBar#<stmt1>	sge.visui.widget.ButtonBar#<stmt1>	Renamed	-	com/kotcrab/vis/ui/widget/ButtonBar.java	60	58daf52c003184f4	
member	com.kotcrab.vis.ui.widget.ButtonBar#<stmt2>	sge.visui.widget.ButtonBar#<stmt2>	Renamed	-	com/kotcrab/vis/ui/widget/ButtonBar.java	61	a2e034e1c3ece77b	
member	com.kotcrab.vis.ui.widget.ButtonBar#<stmt3>	sge.visui.widget.ButtonBar#<stmt3>	Renamed	-	com/kotcrab/vis/ui/widget/ButtonBar.java	62	b8a39cbf3141efe0	
member	com.kotcrab.vis.ui.widget.ButtonBar#LINUX_ORDER	sge.visui.widget.ButtonBar#LINUX_ORDER	Renamed	-	com/kotcrab/vis/ui/widget/ButtonBar.java	38	1c284a9842cf0b34	placement=companion
member	com.kotcrab.vis.ui.widget.ButtonBar#OSX_ORDER	sge.visui.widget.ButtonBar#OSX_ORDER	Renamed	-	com/kotcrab/vis/ui/widget/ButtonBar.java	37	25b8aeac4264a43b	placement=companion
member	com.kotcrab.vis.ui.widget.ButtonBar#WINDOWS_ORDER	sge.visui.widget.ButtonBar#WINDOWS_ORDER	Renamed	-	com/kotcrab/vis/ui/widget/ButtonBar.java	36	6bb03001b7f202fa	placement=companion
member	com.kotcrab.vis.ui.widget.ButtonBar#buttons	sge.visui.widget.ButtonBar#buttons	Renamed	-	com/kotcrab/vis/ui/widget/ButtonBar.java	42	0abb591bd2393857	vis=private
member	com.kotcrab.vis.ui.widget.ButtonBar#createTable()	sge.visui.widget.ButtonBar#createTable()	Renamed	-	com/kotcrab/vis/ui/widget/ButtonBar.java	128	94115b1f5ad5b504	
member	com.kotcrab.vis.ui.widget.ButtonBar#getButton(ButtonType)	sge.visui.widget.ButtonBar#getButton(ButtonType)	Renamed	-	com/kotcrab/vis/ui/widget/ButtonBar.java	112	daabf141ee124d7e	
member	com.kotcrab.vis.ui.widget.ButtonBar#getDefaultOrder()	sge.visui.widget.ButtonBar#getDefaultOrder()	Renamed	-	com/kotcrab/vis/ui/widget/ButtonBar.java	65	44243b423ff275a3	placement=companion vis=private
member	com.kotcrab.vis.ui.widget.ButtonBar#getOrder()	sge.visui.widget.ButtonBar#getOrder()	Renamed	-	com/kotcrab/vis/ui/widget/ButtonBar.java	83	66a511e16ff3735b	
member	com.kotcrab.vis.ui.widget.ButtonBar#getTextButton(ButtonType)	sge.visui.widget.ButtonBar#getTextButton(ButtonType)	Renamed	-	com/kotcrab/vis/ui/widget/ButtonBar.java	120	b72e884ab9cdf294	
member	com.kotcrab.vis.ui.widget.ButtonBar#ignoreSpacing	sge.visui.widget.ButtonBar#ignoreSpacing	Renamed	-	com/kotcrab/vis/ui/widget/ButtonBar.java	44	baa213e5b54df39a	vis=private
member	com.kotcrab.vis.ui.widget.ButtonBar#isIgnoreSpacing()	sge.visui.widget.ButtonBar#isIgnoreSpacing()	Renamed	-	com/kotcrab/vis/ui/widget/ButtonBar.java	74	5ec5aa8030e5e87e	
member	com.kotcrab.vis.ui.widget.ButtonBar#order	sge.visui.widget.ButtonBar#order	Renamed	-	com/kotcrab/vis/ui/widget/ButtonBar.java	45	901d4eefdf494a44	vis=private
member	com.kotcrab.vis.ui.widget.ButtonBar#setButton(ButtonType,Button)	sge.visui.widget.ButtonBar#setButton(ButtonType,Button)	Renamed	-	com/kotcrab/vis/ui/widget/ButtonBar.java	100	f8f31b1ff7409ca1	
member	com.kotcrab.vis.ui.widget.ButtonBar#setButton(ButtonType,Button,ChangeListener)	sge.visui.widget.ButtonBar#setButton(ButtonType,Button,ChangeListener)	Renamed	-	com/kotcrab/vis/ui/widget/ButtonBar.java	104	13e2ed6e82fcb0fa	
member	com.kotcrab.vis.ui.widget.ButtonBar#setButton(ButtonType,ChangeListener)	sge.visui.widget.ButtonBar#setButton(ButtonType,ChangeListener)	Renamed	-	com/kotcrab/vis/ui/widget/ButtonBar.java	92	84c5bae4e210c0b7	
member	com.kotcrab.vis.ui.widget.ButtonBar#setButton(ButtonType,String,ChangeListener)	sge.visui.widget.ButtonBar#setButton(ButtonType,String,ChangeListener)	Renamed	-	com/kotcrab/vis/ui/widget/ButtonBar.java	96	38f0424e08fb7531	
member	com.kotcrab.vis.ui.widget.ButtonBar#setIgnoreSpacing(boolean)	sge.visui.widget.ButtonBar#setIgnoreSpacing(boolean)	Renamed	-	com/kotcrab/vis/ui/widget/ButtonBar.java	79	20e33cb3d3ec1b50	
member	com.kotcrab.vis.ui.widget.ButtonBar#setOrder(String)	sge.visui.widget.ButtonBar#setOrder(String)	Renamed	-	com/kotcrab/vis/ui/widget/ButtonBar.java	87	7710d311c7d01324	
member	com.kotcrab.vis.ui.widget.ButtonBar#sizes	sge.visui.widget.ButtonBar#sizes	Renamed	-	com/kotcrab/vis/ui/widget/ButtonBar.java	40	716ba7cc095036b5	
member	com.kotcrab.vis.ui.widget.ButtonBar$ButtonType#getId()	sge.visui.widget.ButtonBar$ButtonType#getId()	Renamed	-	com/kotcrab/vis/ui/widget/ButtonBar.java	175	d5d447fbe67b6bb7	
member	com.kotcrab.vis.ui.widget.ButtonBar$ButtonType#getText()	sge.visui.widget.ButtonBar$ButtonType#getText()	Renamed	-	com/kotcrab/vis/ui/widget/ButtonBar.java	179	5c2501f5373bd9bc	
member	com.kotcrab.vis.ui.widget.ButtonBar$ButtonType#toString()	sge.visui.widget.ButtonBar$ButtonType#toString()	Renamed	-	com/kotcrab/vis/ui/widget/ButtonBar.java	184	63d35122be518b1a	
member	com.kotcrab.vis.ui.widget.CollapsibleWidget#<init>(Sge)	sge.visui.widget.CollapsibleWidget#<init>(Sge)	Renamed	-	com/kotcrab/vis/ui/widget/CollapsibleWidget.java	46	414e136a5af45dc6	
member	com.kotcrab.vis.ui.widget.CollapsibleWidget#<init>(Table,Sge)	sge.visui.widget.CollapsibleWidget#<init>(Table,Sge)	Renamed	-	com/kotcrab/vis/ui/widget/CollapsibleWidget.java	49	d9ee415f03a69791	
member	com.kotcrab.vis.ui.widget.CollapsibleWidget#<init>(Table,boolean,Sge)	sge.visui.widget.CollapsibleWidget#<init>(Table,boolean,Sge)	Renamed	-	com/kotcrab/vis/ui/widget/CollapsibleWidget.java	53	ed664f958a5fa696	
member	com.kotcrab.vis.ui.widget.CollapsibleWidget#actionRunning	sge.visui.widget.CollapsibleWidget#actionRunning	Renamed	-	com/kotcrab/vis/ui/widget/CollapsibleWidget.java	42	8b4bc58b58eba1fa	vis=private
member	com.kotcrab.vis.ui.widget.CollapsibleWidget#childrenChanged()	sge.visui.widget.CollapsibleWidget#childrenChanged()	Renamed	-	com/kotcrab/vis/ui/widget/CollapsibleWidget.java	171	5412ef308b085edc	
member	com.kotcrab.vis.ui.widget.CollapsibleWidget#collapseAction	sge.visui.widget.CollapsibleWidget#collapseAction	Renamed	-	com/kotcrab/vis/ui/widget/CollapsibleWidget.java	37	613a1b7b2d6fec8e	vis=private
member	com.kotcrab.vis.ui.widget.CollapsibleWidget#collapseDuration	sge.visui.widget.CollapsibleWidget#collapseDuration	Renamed	-	com/kotcrab/vis/ui/widget/CollapsibleWidget.java	38	cd7da08a0f682919	vis=private
member	com.kotcrab.vis.ui.widget.CollapsibleWidget#collapseInterpolation	sge.visui.widget.CollapsibleWidget#collapseInterpolation	Renamed	-	com/kotcrab/vis/ui/widget/CollapsibleWidget.java	39	0bf2f73b94e28fc5	vis=private
member	com.kotcrab.vis.ui.widget.CollapsibleWidget#collapsed	sge.visui.widget.CollapsibleWidget#collapsed	Renamed	-	com/kotcrab/vis/ui/widget/CollapsibleWidget.java	41	8a7343c61cc65ae3	
member	com.kotcrab.vis.ui.widget.CollapsibleWidget#currentHeight	sge.visui.widget.CollapsibleWidget#currentHeight	Renamed	-	com/kotcrab/vis/ui/widget/CollapsibleWidget.java	44	9375736bc60aa220	vis=private
member	com.kotcrab.vis.ui.widget.CollapsibleWidget#draw(Batch,float)	sge.visui.widget.CollapsibleWidget#draw(Batch,float)	Renamed	-	com/kotcrab/vis/ui/widget/CollapsibleWidget.java	115	469b29bc0a76ad89	
member	com.kotcrab.vis.ui.widget.CollapsibleWidget#getPrefHeight()	sge.visui.widget.CollapsibleWidget#getPrefHeight()	Renamed	-	com/kotcrab/vis/ui/widget/CollapsibleWidget.java	151	f1b758744e92f7ca	
member	com.kotcrab.vis.ui.widget.CollapsibleWidget#getPrefWidth()	sge.visui.widget.CollapsibleWidget#getPrefWidth()	Renamed	-	com/kotcrab/vis/ui/widget/CollapsibleWidget.java	146	42f7fbd04f57b169	
member	com.kotcrab.vis.ui.widget.CollapsibleWidget#isCollapsed()	sge.visui.widget.CollapsibleWidget#isCollapsed()	Renamed	-	com/kotcrab/vis/ui/widget/CollapsibleWidget.java	95	c13c33f4ac21e643	
member	com.kotcrab.vis.ui.widget.CollapsibleWidget#layout()	sge.visui.widget.CollapsibleWidget#layout()	Renamed	-	com/kotcrab/vis/ui/widget/CollapsibleWidget.java	132	4c3cc62890c7d1d3	
member	com.kotcrab.vis.ui.widget.CollapsibleWidget#setCollapseDuration(float)	sge.visui.widget.CollapsibleWidget#setCollapseDuration(float)	Renamed	-	com/kotcrab/vis/ui/widget/CollapsibleWidget.java	106	9979eef396822b2c	
member	com.kotcrab.vis.ui.widget.CollapsibleWidget#setCollapseInterpolation(Interpolation)	sge.visui.widget.CollapsibleWidget#setCollapseInterpolation(Interpolation)	Renamed	-	com/kotcrab/vis/ui/widget/CollapsibleWidget.java	110	29457909ad605537	
member	com.kotcrab.vis.ui.widget.CollapsibleWidget#setCollapsed(boolean)	sge.visui.widget.CollapsibleWidget#setCollapsed(boolean)	Renamed	-	com/kotcrab/vis/ui/widget/CollapsibleWidget.java	91	649a8234b8233a35	
member	com.kotcrab.vis.ui.widget.CollapsibleWidget#setCollapsed(boolean,boolean)	sge.visui.widget.CollapsibleWidget#setCollapsed(boolean,boolean)	Renamed	-	com/kotcrab/vis/ui/widget/CollapsibleWidget.java	62	75730ac79acc682f	
member	com.kotcrab.vis.ui.widget.CollapsibleWidget#setTable(Table)	sge.visui.widget.CollapsibleWidget#setTable(Table)	Renamed	-	com/kotcrab/vis/ui/widget/CollapsibleWidget.java	164	5897f077b01e3dae	
member	com.kotcrab.vis.ui.widget.CollapsibleWidget#table	sge.visui.widget.CollapsibleWidget#table	Renamed	-	com/kotcrab/vis/ui/widget/CollapsibleWidget.java	35	74c72f5e36091397	
member	com.kotcrab.vis.ui.widget.CollapsibleWidget#updateTouchable()	sge.visui.widget.CollapsibleWidget#updateTouchable()	Renamed	-	com/kotcrab/vis/ui/widget/CollapsibleWidget.java	99	bec26a9a7df34e36	vis=private
member	com.kotcrab.vis.ui.widget.CollapsibleWidget$CollapseAction#update(float)	sge.visui.widget.CollapsibleWidget$CollapseAction#update(float)	Renamed	-	com/kotcrab/vis/ui/widget/CollapsibleWidget.java	179	0a97641e377c88ba	
member	com.kotcrab.vis.ui.widget.Draggable#<clinit>	sge.visui.widget.Draggable#<clinit>	Renamed	-	com/kotcrab/vis/ui/widget/Draggable.java	109	356cf39ba344e3f0	placement=companion
member	com.kotcrab.vis.ui.widget.Draggable#<init>(Sge)	sge.visui.widget.Draggable#<init>(Sge)	Renamed	-	com/kotcrab/vis/ui/widget/Draggable.java	99	c33b2f70f6d89e35	
member	com.kotcrab.vis.ui.widget.Draggable#<stmt1>	sge.visui.widget.Draggable#<stmt1>	Renamed	-	com/kotcrab/vis/ui/widget/Draggable.java	105	802c342302b2cbcb	
member	com.kotcrab.vis.ui.widget.Draggable#<stmt2>	sge.visui.widget.Draggable#<stmt2>	Renamed	-	com/kotcrab/vis/ui/widget/Draggable.java	106	2be96f736285a733	
member	com.kotcrab.vis.ui.widget.Draggable#BLOCKER	sge.visui.widget.Draggable#BLOCKER	Renamed	-	com/kotcrab/vis/ui/widget/Draggable.java	77	37799931539bceec	placement=companion vis=private
member	com.kotcrab.vis.ui.widget.Draggable#BLOCK_INPUT	sge.visui.widget.Draggable#BLOCK_INPUT	Renamed	-	com/kotcrab/vis/ui/widget/Draggable.java	75	6a358b5f28819c3f	placement=companion
member	com.kotcrab.vis.ui.widget.Draggable#DEFAULT_ALPHA	sge.visui.widget.Draggable#DEFAULT_ALPHA	Renamed	-	com/kotcrab/vis/ui/widget/Draggable.java	63	3a5f884039c62138	placement=companion
member	com.kotcrab.vis.ui.widget.Draggable#DEFAULT_FADING_TIME	sge.visui.widget.Draggable#DEFAULT_FADING_TIME	Renamed	-	com/kotcrab/vis/ui/widget/Draggable.java	43	d5b20e74b0448389	placement=companion
member	com.kotcrab.vis.ui.widget.Draggable#DEFAULT_LISTENER	sge.visui.widget.Draggable#DEFAULT_LISTENER	Renamed	-	com/kotcrab/vis/ui/widget/Draggable.java	70	1188df53078bd1fb	placement=companion
member	com.kotcrab.vis.ui.widget.Draggable#DEFAULT_MOVING_TIME	sge.visui.widget.Draggable#DEFAULT_MOVING_TIME	Renamed	-	com/kotcrab/vis/ui/widget/Draggable.java	48	cf1946492d88a3bd	placement=companion
member	com.kotcrab.vis.ui.widget.Draggable#INVISIBLE_ON_DRAG	sge.visui.widget.Draggable#INVISIBLE_ON_DRAG	Renamed	-	com/kotcrab/vis/ui/widget/Draggable.java	53	a751a88e0f056114	placement=companion
member	com.kotcrab.vis.ui.widget.Draggable#KEEP_WITHIN_PARENT	sge.visui.widget.Draggable#KEEP_WITHIN_PARENT	Renamed	-	com/kotcrab/vis/ui/widget/Draggable.java	58	08db81ec8dedc629	placement=companion
member	com.kotcrab.vis.ui.widget.Draggable#MIMIC_COORDINATES	sge.visui.widget.Draggable#MIMIC_COORDINATES	Renamed	-	com/kotcrab/vis/ui/widget/Draggable.java	36	b1f33b460c900282	placement=companion vis=private
member	com.kotcrab.vis.ui.widget.Draggable#STAGE_COORDINATES	sge.visui.widget.Draggable#STAGE_COORDINATES	Renamed	-	com/kotcrab/vis/ui/widget/Draggable.java	37	d82d0f6dadd79f3b	placement=companion vis=private
member	com.kotcrab.vis.ui.widget.Draggable#addBlocker(Stage)	sge.visui.widget.Draggable#addBlocker(Stage)	Renamed	-	com/kotcrab/vis/ui/widget/Draggable.java	313	29614182eb5febda	placement=companion
member	com.kotcrab.vis.ui.widget.Draggable#addMimicHidingAction(Action,float)	sge.visui.widget.Draggable#addMimicHidingAction(Action,float)	Renamed	-	com/kotcrab/vis/ui/widget/Draggable.java	438	bb15dead0923d6ea	
member	com.kotcrab.vis.ui.widget.Draggable#alpha	sge.visui.widget.Draggable#alpha	Renamed	-	com/kotcrab/vis/ui/widget/Draggable.java	87	3f4b5e46efe08668	vis=private
member	com.kotcrab.vis.ui.widget.Draggable#attachMimic(Actor,InputEvent,float,float)	sge.visui.widget.Draggable#attachMimic(Actor,InputEvent,float,float)	Renamed	-	com/kotcrab/vis/ui/widget/Draggable.java	294	3fb6d1c369522963	
member	com.kotcrab.vis.ui.widget.Draggable#attachTo(Actor)	sge.visui.widget.Draggable#attachTo(Actor)	Renamed	-	com/kotcrab/vis/ui/widget/Draggable.java	135	f9aa72daeb4eb886	
member	com.kotcrab.vis.ui.widget.Draggable#blockInput	sge.visui.widget.Draggable#blockInput	Renamed	-	com/kotcrab/vis/ui/widget/Draggable.java	81	253b06df902aa991	vis=private
member	com.kotcrab.vis.ui.widget.Draggable#deadzoneRadius	sge.visui.widget.Draggable#deadzoneRadius	Renamed	-	com/kotcrab/vis/ui/widget/Draggable.java	84	aa479e791b830430	vis=private
member	com.kotcrab.vis.ui.widget.Draggable#dragStartX	sge.visui.widget.Draggable#dragStartX	Renamed	-	com/kotcrab/vis/ui/widget/Draggable.java	93	5c97f81ee619149a	vis=private
member	com.kotcrab.vis.ui.widget.Draggable#dragStartY	sge.visui.widget.Draggable#dragStartY	Renamed	-	com/kotcrab/vis/ui/widget/Draggable.java	94	236465e8e841cb38	vis=private
member	com.kotcrab.vis.ui.widget.Draggable#fadingInterpolation	sge.visui.widget.Draggable#fadingInterpolation	Renamed	-	com/kotcrab/vis/ui/widget/Draggable.java	88	7b22b45f9e949311	vis=private
member	com.kotcrab.vis.ui.widget.Draggable#fadingTime	sge.visui.widget.Draggable#fadingTime	Renamed	-	com/kotcrab/vis/ui/widget/Draggable.java	85	648b6d20f6bb7082	vis=private
member	com.kotcrab.vis.ui.widget.Draggable#getAlpha()	sge.visui.widget.Draggable#getAlpha()	Renamed	-	com/kotcrab/vis/ui/widget/Draggable.java	156	ec03988eea8f1a08	
member	com.kotcrab.vis.ui.widget.Draggable#getDeadzoneRadius()	sge.visui.widget.Draggable#getDeadzoneRadius()	Renamed	-	com/kotcrab/vis/ui/widget/Draggable.java	203	28e9e3a5547f3765	
member	com.kotcrab.vis.ui.widget.Draggable#getFadingTime()	sge.visui.widget.Draggable#getFadingTime()	Renamed	-	com/kotcrab/vis/ui/widget/Draggable.java	217	eeeb6e73554eeb0d	
member	com.kotcrab.vis.ui.widget.Draggable#getListener()	sge.visui.widget.Draggable#getListener()	Renamed	-	com/kotcrab/vis/ui/widget/Draggable.java	255	85923bbadd2e8304	
member	com.kotcrab.vis.ui.widget.Draggable#getMovingTime()	sge.visui.widget.Draggable#getMovingTime()	Renamed	-	com/kotcrab/vis/ui/widget/Draggable.java	227	67727ccd5099ebe9	
member	com.kotcrab.vis.ui.widget.Draggable#getOffsetX()	sge.visui.widget.Draggable#getOffsetX()	Renamed	-	com/kotcrab/vis/ui/widget/Draggable.java	146	6fadd8cb4a632ece	
member	com.kotcrab.vis.ui.widget.Draggable#getOffsetY()	sge.visui.widget.Draggable#getOffsetY()	Renamed	-	com/kotcrab/vis/ui/widget/Draggable.java	151	42d84850dfcae2fd	
member	com.kotcrab.vis.ui.widget.Draggable#getStageCoordinates(InputEvent)	sge.visui.widget.Draggable#getStageCoordinates(InputEvent)	Renamed	-	com/kotcrab/vis/ui/widget/Draggable.java	325	c10ef33ca18c3fde	
member	com.kotcrab.vis.ui.widget.Draggable#getStageCoordinatesWithDeadzone(InputEvent)	sge.visui.widget.Draggable#getStageCoordinatesWithDeadzone(InputEvent)	Renamed	-	com/kotcrab/vis/ui/widget/Draggable.java	335	19c5508375f48277	vis=private
member	com.kotcrab.vis.ui.widget.Draggable#getStageCoordinatesWithOffset(InputEvent)	sge.visui.widget.Draggable#getStageCoordinatesWithOffset(InputEvent)	Renamed	-	com/kotcrab/vis/ui/widget/Draggable.java	399	27498e411a2d16fe	vis=private
member	com.kotcrab.vis.ui.widget.Draggable#getStageCoordinatesWithinParent(InputEvent)	sge.visui.widget.Draggable#getStageCoordinatesWithinParent(InputEvent)	Renamed	-	com/kotcrab/vis/ui/widget/Draggable.java	372	3069186a32dd42e8	vis=private
member	com.kotcrab.vis.ui.widget.Draggable#invisibleWhenDragged	sge.visui.widget.Draggable#invisibleWhenDragged	Renamed	-	com/kotcrab/vis/ui/widget/Draggable.java	82	06e40670fa41d240	vis=private
member	com.kotcrab.vis.ui.widget.Draggable#isBlockingInput()	sge.visui.widget.Draggable#isBlockingInput()	Renamed	-	com/kotcrab/vis/ui/widget/Draggable.java	166	aa73b8c6cbe7850c	
member	com.kotcrab.vis.ui.widget.Draggable#isDisabled(Actor)	sge.visui.widget.Draggable#isDisabled(Actor)	Renamed	-	com/kotcrab/vis/ui/widget/Draggable.java	284	2a9a3b287f9152de	
member	com.kotcrab.vis.ui.widget.Draggable#isDragged()	sge.visui.widget.Draggable#isDragged()	Renamed	-	com/kotcrab/vis/ui/widget/Draggable.java	433	9240f172abd51aca	
member	com.kotcrab.vis.ui.widget.Draggable#isInvisibleWhenDragged()	sge.visui.widget.Draggable#isInvisibleWhenDragged()	Renamed	-	com/kotcrab/vis/ui/widget/Draggable.java	179	6ead9cc86d6798ce	
member	com.kotcrab.vis.ui.widget.Draggable#isKeptWithinParent()	sge.visui.widget.Draggable#isKeptWithinParent()	Renamed	-	com/kotcrab/vis/ui/widget/Draggable.java	189	234dd3c56f0ab4b0	
member	com.kotcrab.vis.ui.widget.Draggable#isValid(Actor)	sge.visui.widget.Draggable#isValid(Actor)	Renamed	-	com/kotcrab/vis/ui/widget/Draggable.java	276	007396a14bbd008c	
member	com.kotcrab.vis.ui.widget.Draggable#isWithinDeadzone(InputEvent,float,float,float,float)	sge.visui.widget.Draggable#isWithinDeadzone(InputEvent,float,float,float,float)	Renamed	-	com/kotcrab/vis/ui/widget/Draggable.java	367	245ae57c3f4369ba	vis=private
member	com.kotcrab.vis.ui.widget.Draggable#keepWithinParent	sge.visui.widget.Draggable#keepWithinParent	Renamed	-	com/kotcrab/vis/ui/widget/Draggable.java	83	90a896ff8187551d	vis=private
member	com.kotcrab.vis.ui.widget.Draggable#listener	sge.visui.widget.Draggable#listener	Renamed	-	com/kotcrab/vis/ui/widget/Draggable.java	80	2d8bf347d78d9654	
member	com.kotcrab.vis.ui.widget.Draggable#mimic	sge.visui.widget.Draggable#mimic	Renamed	-	com/kotcrab/vis/ui/widget/Draggable.java	92	c3fa46a9e5d08fea	
member	com.kotcrab.vis.ui.widget.Draggable#movingInterpolation	sge.visui.widget.Draggable#movingInterpolation	Renamed	-	com/kotcrab/vis/ui/widget/Draggable.java	89	58c6ff1bcfd287e0	vis=private
member	com.kotcrab.vis.ui.widget.Draggable#movingTime	sge.visui.widget.Draggable#movingTime	Renamed	-	com/kotcrab/vis/ui/widget/Draggable.java	86	8f4b61d76d2aaf17	vis=private
member	com.kotcrab.vis.ui.widget.Draggable#offsetX	sge.visui.widget.Draggable#offsetX	Renamed	-	com/kotcrab/vis/ui/widget/Draggable.java	95	ea23271d4f56865d	vis=private
member	com.kotcrab.vis.ui.widget.Draggable#offsetY	sge.visui.widget.Draggable#offsetY	Renamed	-	com/kotcrab/vis/ui/widget/Draggable.java	96	adac268706848ada	vis=private
member	com.kotcrab.vis.ui.widget.Draggable#removeBlocker()	sge.visui.widget.Draggable#removeBlocker()	Renamed	-	com/kotcrab/vis/ui/widget/Draggable.java	320	946e2e43fa7fe726	placement=companion
member	com.kotcrab.vis.ui.widget.Draggable#setAlpha(float)	sge.visui.widget.Draggable#setAlpha(float)	Renamed	-	com/kotcrab/vis/ui/widget/Draggable.java	161	8f03131538dcebef	
member	com.kotcrab.vis.ui.widget.Draggable#setBlockInput(boolean)	sge.visui.widget.Draggable#setBlockInput(boolean)	Renamed	-	com/kotcrab/vis/ui/widget/Draggable.java	174	edc5567107bfd4ca	
member	com.kotcrab.vis.ui.widget.Draggable#setDeadzoneRadius(float)	sge.visui.widget.Draggable#setDeadzoneRadius(float)	Renamed	-	com/kotcrab/vis/ui/widget/Draggable.java	212	b06932ca510072da	
member	com.kotcrab.vis.ui.widget.Draggable#setFadingInterpolation(Interpolation)	sge.visui.widget.Draggable#setFadingInterpolation(Interpolation)	Renamed	-	com/kotcrab/vis/ui/widget/Draggable.java	242	5514686eba26b08e	
member	com.kotcrab.vis.ui.widget.Draggable#setFadingTime(float)	sge.visui.widget.Draggable#setFadingTime(float)	Renamed	-	com/kotcrab/vis/ui/widget/Draggable.java	222	36906aa9078fd62f	
member	com.kotcrab.vis.ui.widget.Draggable#setInvisibleWhenDragged(boolean)	sge.visui.widget.Draggable#setInvisibleWhenDragged(boolean)	Renamed	-	com/kotcrab/vis/ui/widget/Draggable.java	184	cae9af5d26fc47e0	
member	com.kotcrab.vis.ui.widget.Draggable#setKeepWithinParent(boolean)	sge.visui.widget.Draggable#setKeepWithinParent(boolean)	Renamed	-	com/kotcrab/vis/ui/widget/Draggable.java	198	9932fd7a1152932a	
member	com.kotcrab.vis.ui.widget.Draggable#setListener(DragListener)	sge.visui.widget.Draggable#setListener(DragListener)	Renamed	-	com/kotcrab/vis/ui/widget/Draggable.java	250	efb19d94d20819c9	
member	com.kotcrab.vis.ui.widget.Draggable#setMovingInterpolation(Interpolation)	sge.visui.widget.Draggable#setMovingInterpolation(Interpolation)	Renamed	-	com/kotcrab/vis/ui/widget/Draggable.java	237	d0957640ff44a112	
member	com.kotcrab.vis.ui.widget.Draggable#setMovingTime(float)	sge.visui.widget.Draggable#setMovingTime(float)	Renamed	-	com/kotcrab/vis/ui/widget/Draggable.java	232	8c03d9d5193ad9ec	
member	com.kotcrab.vis.ui.widget.Draggable#touchDown(InputEvent,float,float,int,int)	sge.visui.widget.Draggable#touchDown(InputEvent,float,float,int,int)	Renamed	-	com/kotcrab/vis/ui/widget/Draggable.java	260	854a8be9ddb6750c	
member	com.kotcrab.vis.ui.widget.Draggable#touchDragged(InputEvent,float,float,int)	sge.visui.widget.Draggable#touchDragged(InputEvent,float,float,int)	Renamed	-	com/kotcrab/vis/ui/widget/Draggable.java	405	d39e87795276881c	
member	com.kotcrab.vis.ui.widget.Draggable#touchUp(InputEvent,float,float,int,int)	sge.visui.widget.Draggable#touchUp(InputEvent,float,float,int,int)	Renamed	-	com/kotcrab/vis/ui/widget/Draggable.java	416	a31fb0f86cf605d4	
member	com.kotcrab.vis.ui.widget.Draggable$DragAdapter#onDrag(Draggable,Actor,float,float)	sge.visui.widget.Draggable$DragAdapter#onDrag(Draggable,Actor,float,float)	Renamed	-	com/kotcrab/vis/ui/widget/Draggable.java	492	b34bc005c0dc4ced	
member	com.kotcrab.vis.ui.widget.Draggable$DragAdapter#onEnd(Draggable,Actor,float,float)	sge.visui.widget.Draggable$DragAdapter#onEnd(Draggable,Actor,float,float)	Renamed	-	com/kotcrab/vis/ui/widget/Draggable.java	496	4af5ef61e60e0ee9	
member	com.kotcrab.vis.ui.widget.Draggable$DragAdapter#onStart(Draggable,Actor,float,float)	sge.visui.widget.Draggable$DragAdapter#onStart(Draggable,Actor,float,float)	Renamed	-	com/kotcrab/vis/ui/widget/Draggable.java	487	2272b5429ebfb1fc	
member	com.kotcrab.vis.ui.widget.Draggable$DragListener#APPROVE	sge.visui.widget.Draggable$DragListener#APPROVE	Renamed	-	com/kotcrab/vis/ui/widget/Draggable.java	450	0d5add81dc7b0b3d	placement=companion
member	com.kotcrab.vis.ui.widget.Draggable$DragListener#CANCEL	sge.visui.widget.Draggable$DragListener#CANCEL	Renamed	-	com/kotcrab/vis/ui/widget/Draggable.java	450	6033feac5b1f52bc	placement=companion
member	com.kotcrab.vis.ui.widget.Draggable$DragListener#onDrag(Draggable,Actor,float,float)	sge.visui.widget.Draggable$DragListener#onDrag(Draggable,Actor,float,float)	Renamed	-	com/kotcrab/vis/ui/widget/Draggable.java	467	98dab97770c30225	
member	com.kotcrab.vis.ui.widget.Draggable$DragListener#onEnd(Draggable,Actor,float,float)	sge.visui.widget.Draggable$DragListener#onEnd(Draggable,Actor,float,float)	Renamed	-	com/kotcrab/vis/ui/widget/Draggable.java	477	92fe61452dc7f2f5	
member	com.kotcrab.vis.ui.widget.Draggable$DragListener#onStart(Draggable,Actor,float,float)	sge.visui.widget.Draggable$DragListener#onStart(Draggable,Actor,float,float)	Renamed	-	com/kotcrab/vis/ui/widget/Draggable.java	459	80f198ec0e607149	
member	com.kotcrab.vis.ui.widget.Draggable$MimicActor#<init>(Actor,Sge)	sge.visui.widget.Draggable$MimicActor#<init>(Actor,Sge)	Renamed	-	com/kotcrab/vis/ui/widget/Draggable.java	515	573d1b56ee05fb40	
member	com.kotcrab.vis.ui.widget.Draggable$MimicActor#<init>(Sge)	sge.visui.widget.Draggable$MimicActor#<init>(Sge)	Renamed	-	com/kotcrab/vis/ui/widget/Draggable.java	511	9e3a163f5db7d46f	
member	com.kotcrab.vis.ui.widget.Draggable$MimicActor#LAST_POSITION	sge.visui.widget.Draggable$MimicActor#LAST_POSITION	Renamed	-	com/kotcrab/vis/ui/widget/Draggable.java	507	4e1b68091beacf5b	placement=companion vis=private[Draggable]
member	com.kotcrab.vis.ui.widget.Draggable$MimicActor#actor	sge.visui.widget.Draggable$MimicActor#actor	Renamed	-	com/kotcrab/vis/ui/widget/Draggable.java	508	633beb8a477fe0d8	
member	com.kotcrab.vis.ui.widget.Draggable$MimicActor#draw(Batch,float)	sge.visui.widget.Draggable$MimicActor#draw(Batch,float)	Renamed	-	com/kotcrab/vis/ui/widget/Draggable.java	546	1bf746d64fa0fe15	
member	com.kotcrab.vis.ui.widget.Draggable$MimicActor#getActor()	sge.visui.widget.Draggable$MimicActor#getActor()	Renamed	-	com/kotcrab/vis/ui/widget/Draggable.java	526	7e0e3f43cf268e78	
member	com.kotcrab.vis.ui.widget.Draggable$MimicActor#getHeight()	sge.visui.widget.Draggable$MimicActor#getHeight()	Renamed	-	com/kotcrab/vis/ui/widget/Draggable.java	541	9a75a370acbb3ba2	
member	com.kotcrab.vis.ui.widget.Draggable$MimicActor#getWidth()	sge.visui.widget.Draggable$MimicActor#getWidth()	Renamed	-	com/kotcrab/vis/ui/widget/Draggable.java	536	ecbbfb94f09a9ce3	
member	com.kotcrab.vis.ui.widget.Draggable$MimicActor#remove()	sge.visui.widget.Draggable$MimicActor#remove()	Renamed	-	com/kotcrab/vis/ui/widget/Draggable.java	520	1f9afb4b7c150b6b	
member	com.kotcrab.vis.ui.widget.Draggable$MimicActor#setActor(Actor)	sge.visui.widget.Draggable$MimicActor#setActor(Actor)	Renamed	-	com/kotcrab/vis/ui/widget/Draggable.java	531	790c84a2dae7200d	
member	com.kotcrab.vis.ui.widget.HighlightTextArea#<init>(String,Sge)	sge.visui.widget.HighlightTextArea#<init>(String,Sge)	Renamed	-	com/kotcrab/vis/ui/widget/HighlightTextArea.java	54	f429088585f2625e	
member	com.kotcrab.vis.ui.widget.HighlightTextArea#<init>(String,String,Sge)	sge.visui.widget.HighlightTextArea#<init>(String,String,Sge)	Renamed	-	com/kotcrab/vis/ui/widget/HighlightTextArea.java	59	79afbb3831f1458b	
member	com.kotcrab.vis.ui.widget.HighlightTextArea#<init>(String,VisTextFieldStyle,Sge)	sge.visui.widget.HighlightTextArea#<init>(String,VisTextFieldStyle,Sge)	Renamed	-	com/kotcrab/vis/ui/widget/HighlightTextArea.java	64	48e8f5df1bf7e1bf	
member	com.kotcrab.vis.ui.widget.HighlightTextArea#calculateOffsets()	sge.visui.widget.HighlightTextArea#calculateOffsets()	Renamed	-	com/kotcrab/vis/ui/widget/HighlightTextArea.java	80	837dd505c2d704e2	
member	com.kotcrab.vis.ui.widget.HighlightTextArea#chunkUpdateScheduled	sge.visui.widget.HighlightTextArea#chunkUpdateScheduled	Renamed	-	com/kotcrab/vis/ui/widget/HighlightTextArea.java	46	1ebfd5d54819c8b0	vis=private
member	com.kotcrab.vis.ui.widget.HighlightTextArea#createCompatibleScrollPane()	sge.visui.widget.HighlightTextArea#createCompatibleScrollPane()	Renamed	-	com/kotcrab/vis/ui/widget/HighlightTextArea.java	212	b7b6e6818bd31b60	
member	com.kotcrab.vis.ui.widget.HighlightTextArea#defaultColor	sge.visui.widget.HighlightTextArea#defaultColor	Renamed	-	com/kotcrab/vis/ui/widget/HighlightTextArea.java	47	e2382b58a948ff6c	vis=private
member	com.kotcrab.vis.ui.widget.HighlightTextArea#drawText(Batch,BitmapFont,float,float)	sge.visui.widget.HighlightTextArea#drawText(Batch,BitmapFont,float,float)	Renamed	-	com/kotcrab/vis/ui/widget/HighlightTextArea.java	157	848e56d87fd1558d	
member	com.kotcrab.vis.ui.widget.HighlightTextArea#getHighlighter()	sge.visui.widget.HighlightTextArea#getHighlighter()	Renamed	-	com/kotcrab/vis/ui/widget/HighlightTextArea.java	197	c90e4d988876ab7e	
member	com.kotcrab.vis.ui.widget.HighlightTextArea#getPrefHeight()	sge.visui.widget.HighlightTextArea#getPrefHeight()	Renamed	-	com/kotcrab/vis/ui/widget/HighlightTextArea.java	207	9a93c2ea380d593e	
member	com.kotcrab.vis.ui.widget.HighlightTextArea#getPrefWidth()	sge.visui.widget.HighlightTextArea#getPrefWidth()	Renamed	-	com/kotcrab/vis/ui/widget/HighlightTextArea.java	202	9485b933729a063d	
member	com.kotcrab.vis.ui.widget.HighlightTextArea#highlighter	sge.visui.widget.HighlightTextArea#highlighter	Renamed	-	com/kotcrab/vis/ui/widget/HighlightTextArea.java	49	f9b63d0431557db5	vis=private
member	com.kotcrab.vis.ui.widget.HighlightTextArea#highlights	sge.visui.widget.HighlightTextArea#highlights	Renamed	-	com/kotcrab/vis/ui/widget/HighlightTextArea.java	44	f4f408ab5c1ee301	vis=private
member	com.kotcrab.vis.ui.widget.HighlightTextArea#init()	sge.visui.widget.HighlightTextArea#init()	Renamed	-	com/kotcrab/vis/ui/widget/HighlightTextArea.java	69	9b4f0ab68ce70da6	vis=private
member	com.kotcrab.vis.ui.widget.HighlightTextArea#maxAreaHeight	sge.visui.widget.HighlightTextArea#maxAreaHeight	Renamed	-	com/kotcrab/vis/ui/widget/HighlightTextArea.java	52	395348202c962905	vis=private
member	com.kotcrab.vis.ui.widget.HighlightTextArea#maxAreaWidth	sge.visui.widget.HighlightTextArea#maxAreaWidth	Renamed	-	com/kotcrab/vis/ui/widget/HighlightTextArea.java	51	8457f347650da030	vis=private
member	com.kotcrab.vis.ui.widget.HighlightTextArea#processHighlighter()	sge.visui.widget.HighlightTextArea#processHighlighter()	Renamed	-	com/kotcrab/vis/ui/widget/HighlightTextArea.java	181	e6ea1435e443350a	
member	com.kotcrab.vis.ui.widget.HighlightTextArea#renderChunks	sge.visui.widget.HighlightTextArea#renderChunks	Renamed	-	com/kotcrab/vis/ui/widget/HighlightTextArea.java	45	8b5681affcd5173e	vis=private
member	com.kotcrab.vis.ui.widget.HighlightTextArea#setHighlighter(BaseHighlighter)	sge.visui.widget.HighlightTextArea#setHighlighter(BaseHighlighter)	Renamed	-	com/kotcrab/vis/ui/widget/HighlightTextArea.java	192	bfe42b771aca1c11	
member	com.kotcrab.vis.ui.widget.HighlightTextArea#updateDisplayText()	sge.visui.widget.HighlightTextArea#updateDisplayText()	Renamed	-	com/kotcrab/vis/ui/widget/HighlightTextArea.java	74	704674cb879c2dff	
member	com.kotcrab.vis.ui.widget.HighlightTextArea$Chunk#<stmt1>	sge.visui.widget.HighlightTextArea$Chunk#<stmt1>	Renamed	-	com/kotcrab/vis/ui/widget/HighlightTextArea.java	225	cca0a63234303397	
member	com.kotcrab.vis.ui.widget.HighlightTextArea$Chunk#<stmt2>	sge.visui.widget.HighlightTextArea$Chunk#<stmt2>	Renamed	-	com/kotcrab/vis/ui/widget/HighlightTextArea.java	226	e466b965cc6d236c	
member	com.kotcrab.vis.ui.widget.HighlightTextArea$Chunk#<stmt3>	sge.visui.widget.HighlightTextArea$Chunk#<stmt3>	Renamed	-	com/kotcrab/vis/ui/widget/HighlightTextArea.java	227	c806af94bb64808a	
member	com.kotcrab.vis.ui.widget.HighlightTextArea$Chunk#<stmt4>	sge.visui.widget.HighlightTextArea$Chunk#<stmt4>	Renamed	-	com/kotcrab/vis/ui/widget/HighlightTextArea.java	228	8d57f5b8adabfc44	
member	com.kotcrab.vis.ui.widget.HighlightTextArea$Chunk#color	sge.visui.widget.HighlightTextArea$Chunk#color	Renamed	-	com/kotcrab/vis/ui/widget/HighlightTextArea.java	220	ad9ca498e634f37b	
member	com.kotcrab.vis.ui.widget.HighlightTextArea$Chunk#lineIndex	sge.visui.widget.HighlightTextArea$Chunk#lineIndex	Renamed	-	com/kotcrab/vis/ui/widget/HighlightTextArea.java	222	f53f55814b28493a	
member	com.kotcrab.vis.ui.widget.HighlightTextArea$Chunk#offsetX	sge.visui.widget.HighlightTextArea$Chunk#offsetX	Renamed	-	com/kotcrab/vis/ui/widget/HighlightTextArea.java	221	e42a4c3a4066c742	
member	com.kotcrab.vis.ui.widget.HighlightTextArea$Chunk#text	sge.visui.widget.HighlightTextArea$Chunk#text	Renamed	-	com/kotcrab/vis/ui/widget/HighlightTextArea.java	219	f523be2b8d3180a7	
member	com.kotcrab.vis.ui.widget.HorizontalCollapsibleWidget#<init>(Sge)	sge.visui.widget.HorizontalCollapsibleWidget#<init>(Sge)	Renamed	-	com/kotcrab/vis/ui/widget/HorizontalCollapsibleWidget.java	45	9da4a393aac6edfb	
member	com.kotcrab.vis.ui.widget.HorizontalCollapsibleWidget#<init>(Table,Sge)	sge.visui.widget.HorizontalCollapsibleWidget#<init>(Table,Sge)	Renamed	-	com/kotcrab/vis/ui/widget/HorizontalCollapsibleWidget.java	48	d9ee415f03a69791	
member	com.kotcrab.vis.ui.widget.HorizontalCollapsibleWidget#<init>(Table,boolean,Sge)	sge.visui.widget.HorizontalCollapsibleWidget#<init>(Table,boolean,Sge)	Renamed	-	com/kotcrab/vis/ui/widget/HorizontalCollapsibleWidget.java	52	774ff08ed04e5b7e	
member	com.kotcrab.vis.ui.widget.HorizontalCollapsibleWidget#actionRunning	sge.visui.widget.HorizontalCollapsibleWidget#actionRunning	Renamed	-	com/kotcrab/vis/ui/widget/HorizontalCollapsibleWidget.java	41	8b4bc58b58eba1fa	vis=private
member	com.kotcrab.vis.ui.widget.HorizontalCollapsibleWidget#childrenChanged()	sge.visui.widget.HorizontalCollapsibleWidget#childrenChanged()	Renamed	-	com/kotcrab/vis/ui/widget/HorizontalCollapsibleWidget.java	162	5412ef308b085edc	
member	com.kotcrab.vis.ui.widget.HorizontalCollapsibleWidget#collapseAction	sge.visui.widget.HorizontalCollapsibleWidget#collapseAction	Renamed	-	com/kotcrab/vis/ui/widget/HorizontalCollapsibleWidget.java	36	5569d0dd81a7c8a3	vis=private
member	com.kotcrab.vis.ui.widget.HorizontalCollapsibleWidget#collapseDuration	sge.visui.widget.HorizontalCollapsibleWidget#collapseDuration	Renamed	-	com/kotcrab/vis/ui/widget/HorizontalCollapsibleWidget.java	37	cd7da08a0f682919	vis=private
member	com.kotcrab.vis.ui.widget.HorizontalCollapsibleWidget#collapseInterpolation	sge.visui.widget.HorizontalCollapsibleWidget#collapseInterpolation	Renamed	-	com/kotcrab/vis/ui/widget/HorizontalCollapsibleWidget.java	38	0bf2f73b94e28fc5	vis=private
member	com.kotcrab.vis.ui.widget.HorizontalCollapsibleWidget#collapsed	sge.visui.widget.HorizontalCollapsibleWidget#collapsed	Renamed	-	com/kotcrab/vis/ui/widget/HorizontalCollapsibleWidget.java	40	8a7343c61cc65ae3	
member	com.kotcrab.vis.ui.widget.HorizontalCollapsibleWidget#currentWidth	sge.visui.widget.HorizontalCollapsibleWidget#currentWidth	Renamed	-	com/kotcrab/vis/ui/widget/HorizontalCollapsibleWidget.java	43	faa8faf0abe95ed7	vis=private
member	com.kotcrab.vis.ui.widget.HorizontalCollapsibleWidget#draw(Batch,float)	sge.visui.widget.HorizontalCollapsibleWidget#draw(Batch,float)	Renamed	-	com/kotcrab/vis/ui/widget/HorizontalCollapsibleWidget.java	106	10112a592663c756	
member	com.kotcrab.vis.ui.widget.HorizontalCollapsibleWidget#getPrefHeight()	sge.visui.widget.HorizontalCollapsibleWidget#getPrefHeight()	Renamed	-	com/kotcrab/vis/ui/widget/HorizontalCollapsibleWidget.java	137	bb91f76f6857c1ee	
member	com.kotcrab.vis.ui.widget.HorizontalCollapsibleWidget#getPrefWidth()	sge.visui.widget.HorizontalCollapsibleWidget#getPrefWidth()	Renamed	-	com/kotcrab/vis/ui/widget/HorizontalCollapsibleWidget.java	142	a5145da27565dc87	
member	com.kotcrab.vis.ui.widget.HorizontalCollapsibleWidget#isCollapsed()	sge.visui.widget.HorizontalCollapsibleWidget#isCollapsed()	Renamed	-	com/kotcrab/vis/ui/widget/HorizontalCollapsibleWidget.java	94	c13c33f4ac21e643	
member	com.kotcrab.vis.ui.widget.HorizontalCollapsibleWidget#layout()	sge.visui.widget.HorizontalCollapsibleWidget#layout()	Renamed	-	com/kotcrab/vis/ui/widget/HorizontalCollapsibleWidget.java	123	c87e574e07f1aa1f	
member	com.kotcrab.vis.ui.widget.HorizontalCollapsibleWidget#setCollapsed(boolean)	sge.visui.widget.HorizontalCollapsibleWidget#setCollapsed(boolean)	Renamed	-	com/kotcrab/vis/ui/widget/HorizontalCollapsibleWidget.java	90	649a8234b8233a35	
member	com.kotcrab.vis.ui.widget.HorizontalCollapsibleWidget#setCollapsed(boolean,boolean)	sge.visui.widget.HorizontalCollapsibleWidget#setCollapsed(boolean,boolean)	Renamed	-	com/kotcrab/vis/ui/widget/HorizontalCollapsibleWidget.java	61	207d16425efe9109	
member	com.kotcrab.vis.ui.widget.HorizontalCollapsibleWidget#setTable(Table)	sge.visui.widget.HorizontalCollapsibleWidget#setTable(Table)	Renamed	-	com/kotcrab/vis/ui/widget/HorizontalCollapsibleWidget.java	155	5897f077b01e3dae	
member	com.kotcrab.vis.ui.widget.HorizontalCollapsibleWidget#table	sge.visui.widget.HorizontalCollapsibleWidget#table	Renamed	-	com/kotcrab/vis/ui/widget/HorizontalCollapsibleWidget.java	34	74c72f5e36091397	
member	com.kotcrab.vis.ui.widget.HorizontalCollapsibleWidget#updateTouchable()	sge.visui.widget.HorizontalCollapsibleWidget#updateTouchable()	Renamed	-	com/kotcrab/vis/ui/widget/HorizontalCollapsibleWidget.java	98	bec26a9a7df34e36	vis=private
member	com.kotcrab.vis.ui.widget.HorizontalCollapsibleWidget$CollapseAction#update(float)	sge.visui.widget.HorizontalCollapsibleWidget$CollapseAction#update(float)	Renamed	-	com/kotcrab/vis/ui/widget/HorizontalCollapsibleWidget.java	170	e4e95b1210bc1c46	
member	com.kotcrab.vis.ui.widget.LinkLabel#<init>(CharSequence,CharSequence,LinkLabelStyle,Sge)	sge.visui.widget.LinkLabel#<init>(CharSequence,CharSequence,LinkLabelStyle,Sge)	Renamed	-	com/kotcrab/vis/ui/widget/LinkLabel.java	79	b5394194aa75b62b	
member	com.kotcrab.vis.ui.widget.LinkLabel#<init>(CharSequence,CharSequence,Sge)	sge.visui.widget.LinkLabel#<init>(CharSequence,CharSequence,Sge)	Renamed	-	com/kotcrab/vis/ui/widget/LinkLabel.java	52	7193017062e825f3	
member	com.kotcrab.vis.ui.widget.LinkLabel#<init>(CharSequence,CharSequence,String,Sge)	sge.visui.widget.LinkLabel#<init>(CharSequence,CharSequence,String,Sge)	Renamed	-	com/kotcrab/vis/ui/widget/LinkLabel.java	74	686a38931f64fae0	
member	com.kotcrab.vis.ui.widget.LinkLabel#<init>(CharSequence,Color,Sge)	sge.visui.widget.LinkLabel#<init>(CharSequence,Color,Sge)	Renamed	-	com/kotcrab/vis/ui/widget/LinkLabel.java	63	14de57f5c83fad7f	
member	com.kotcrab.vis.ui.widget.LinkLabel#<init>(CharSequence,LinkLabelStyle,Sge)	sge.visui.widget.LinkLabel#<init>(CharSequence,LinkLabelStyle,Sge)	Renamed	-	com/kotcrab/vis/ui/widget/LinkLabel.java	69	d3a42429f788bf93	
member	com.kotcrab.vis.ui.widget.LinkLabel#<init>(CharSequence,Sge)	sge.visui.widget.LinkLabel#<init>(CharSequence,Sge)	Renamed	-	com/kotcrab/vis/ui/widget/LinkLabel.java	47	8c58e2992c774894	
member	com.kotcrab.vis.ui.widget.LinkLabel#<init>(CharSequence,String,Color,Sge)	sge.visui.widget.LinkLabel#<init>(CharSequence,String,Color,Sge)	Renamed	-	com/kotcrab/vis/ui/widget/LinkLabel.java	84	dbefa825f11dce61	
member	com.kotcrab.vis.ui.widget.LinkLabel#<init>(CharSequence,int,Sge)	sge.visui.widget.LinkLabel#<init>(CharSequence,int,Sge)	Renamed	-	com/kotcrab/vis/ui/widget/LinkLabel.java	57	9b10f613db32c23e	
member	com.kotcrab.vis.ui.widget.LinkLabel#clickListener	sge.visui.widget.LinkLabel#clickListener	Renamed	-	com/kotcrab/vis/ui/widget/LinkLabel.java	42	e48a04cc3ca95c36	vis=private
member	com.kotcrab.vis.ui.widget.LinkLabel#draw(Batch,float)	sge.visui.widget.LinkLabel#draw(Batch,float)	Renamed	-	com/kotcrab/vis/ui/widget/LinkLabel.java	125	78f43fb5a2f1e275	
member	com.kotcrab.vis.ui.widget.LinkLabel#getListener()	sge.visui.widget.LinkLabel#getListener()	Renamed	-	com/kotcrab/vis/ui/widget/LinkLabel.java	145	398f874d6ee18758	
member	com.kotcrab.vis.ui.widget.LinkLabel#getStyle()	sge.visui.widget.LinkLabel#getStyle()	Renamed	-	com/kotcrab/vis/ui/widget/LinkLabel.java	90	e74895c2de3266f4	
member	com.kotcrab.vis.ui.widget.LinkLabel#getUrl()	sge.visui.widget.LinkLabel#getUrl()	Renamed	-	com/kotcrab/vis/ui/widget/LinkLabel.java	137	3fa17a9fb6e10c7c	
member	com.kotcrab.vis.ui.widget.LinkLabel#init(CharSequence)	sge.visui.widget.LinkLabel#init(CharSequence)	Renamed	-	com/kotcrab/vis/ui/widget/LinkLabel.java	94	115c91f48943d55a	vis=private
member	com.kotcrab.vis.ui.widget.LinkLabel#listener	sge.visui.widget.LinkLabel#listener	Renamed	-	com/kotcrab/vis/ui/widget/LinkLabel.java	44	987534a25950dc6a	vis=private
member	com.kotcrab.vis.ui.widget.LinkLabel#setListener(LinkLabelListener)	sge.visui.widget.LinkLabel#setListener(LinkLabelListener)	Renamed	-	com/kotcrab/vis/ui/widget/LinkLabel.java	149	6aa9e6a3807e5f9c	
member	com.kotcrab.vis.ui.widget.LinkLabel#setUrl(CharSequence)	sge.visui.widget.LinkLabel#setUrl(CharSequence)	Renamed	-	com/kotcrab/vis/ui/widget/LinkLabel.java	141	a60e5b454e601fbd	
member	com.kotcrab.vis.ui.widget.LinkLabel#style	sge.visui.widget.LinkLabel#style	Renamed	-	com/kotcrab/vis/ui/widget/LinkLabel.java	41	0de2071de531ad90	name=style$shadow
member	com.kotcrab.vis.ui.widget.LinkLabel#tempColor	sge.visui.widget.LinkLabel#tempColor	Renamed	-	com/kotcrab/vis/ui/widget/LinkLabel.java	39	952b4f7b9ec3c28a	placement=companion vis=private
member	com.kotcrab.vis.ui.widget.LinkLabel#url	sge.visui.widget.LinkLabel#url	Renamed	-	com/kotcrab/vis/ui/widget/LinkLabel.java	45	2af557328e6cec3a	vis=private
member	com.kotcrab.vis.ui.widget.LinkLabel$LinkLabelListener#clicked(String)	sge.visui.widget.LinkLabel$LinkLabelListener#clicked(String)	Renamed	-	com/kotcrab/vis/ui/widget/LinkLabel.java	154	41e79cd20fdd024d	
member	com.kotcrab.vis.ui.widget.LinkLabel$LinkLabelStyle#<init>(BitmapFont,Color,Drawable)	sge.visui.widget.LinkLabel$LinkLabelStyle#<init>(BitmapFont,Color,Drawable)	Renamed	-	com/kotcrab/vis/ui/widget/LinkLabel.java	164	efd6b16a1a68c971	
member	com.kotcrab.vis.ui.widget.LinkLabel$LinkLabelStyle#<init>(LinkLabelStyle)	sge.visui.widget.LinkLabel$LinkLabelStyle#<init>(LinkLabelStyle)	Renamed	-	com/kotcrab/vis/ui/widget/LinkLabel.java	169	4a42a961c3d44dad	
member	com.kotcrab.vis.ui.widget.LinkLabel$LinkLabelStyle#underline	sge.visui.widget.LinkLabel$LinkLabelStyle#underline	Renamed	-	com/kotcrab/vis/ui/widget/LinkLabel.java	159	e22c1d0d4d9876b6	
member	com.kotcrab.vis.ui.widget.ListView#<init>(ListAdapter,Sge)	sge.visui.widget.ListView#<init>(ListAdapter<ItemT>,Sge)	Renamed	-	com/kotcrab/vis/ui/widget/ListView.java	52	f4fea48c26867341	
member	com.kotcrab.vis.ui.widget.ListView#<init>(ListAdapter,String,Sge)	sge.visui.widget.ListView#<init>(ListAdapter<ItemT>,String,Sge)	Renamed	-	com/kotcrab/vis/ui/widget/ListView.java	56	3a44bf1d0e5ebae3	
member	com.kotcrab.vis.ui.widget.ListView#<stmt10>	sge.visui.widget.ListView#<stmt10>	Renamed	-	com/kotcrab/vis/ui/widget/ListView.java	72	a9edcb5e8592379e	
member	com.kotcrab.vis.ui.widget.ListView#<stmt11>	sge.visui.widget.ListView#<stmt11>	Renamed	-	com/kotcrab/vis/ui/widget/ListView.java	73	8cb75858f6464c3b	
member	com.kotcrab.vis.ui.widget.ListView#<stmt12>	sge.visui.widget.ListView#<stmt12>	Renamed	-	com/kotcrab/vis/ui/widget/ListView.java	75	f7cec7688c8eae30	
member	com.kotcrab.vis.ui.widget.ListView#<stmt13>	sge.visui.widget.ListView#<stmt13>	Renamed	-	com/kotcrab/vis/ui/widget/ListView.java	76	3db244612e664597	
member	com.kotcrab.vis.ui.widget.ListView#<stmt1>	sge.visui.widget.ListView#<stmt1>	Renamed	-	com/kotcrab/vis/ui/widget/ListView.java	61	7081a5fcb9f647bc	
member	com.kotcrab.vis.ui.widget.ListView#<stmt2>	sge.visui.widget.ListView#<stmt2>	Renamed	-	com/kotcrab/vis/ui/widget/ListView.java	62	6828f32321082aa3	
member	com.kotcrab.vis.ui.widget.ListView#<stmt3>	sge.visui.widget.ListView#<stmt3>	Renamed	-	com/kotcrab/vis/ui/widget/ListView.java	63	18a602c1495776ca	
member	com.kotcrab.vis.ui.widget.ListView#<stmt4>	sge.visui.widget.ListView#<stmt4>	Renamed	-	com/kotcrab/vis/ui/widget/ListView.java	65	c8ed7d1c70eddeb5	
member	com.kotcrab.vis.ui.widget.ListView#<stmt5>	sge.visui.widget.ListView#<stmt5>	Renamed	-	com/kotcrab/vis/ui/widget/ListView.java	66	b6feb0a2ca423035	
member	com.kotcrab.vis.ui.widget.ListView#<stmt6>	sge.visui.widget.ListView#<stmt6>	Renamed	-	com/kotcrab/vis/ui/widget/ListView.java	67	2e867ab6a95d6b53	
member	com.kotcrab.vis.ui.widget.ListView#<stmt7>	sge.visui.widget.ListView#<stmt7>	Renamed	-	com/kotcrab/vis/ui/widget/ListView.java	69	be00db6f0db8b015	
member	com.kotcrab.vis.ui.widget.ListView#<stmt8>	sge.visui.widget.ListView#<stmt8>	Renamed	-	com/kotcrab/vis/ui/widget/ListView.java	70	adb0b3a48653ccf0	
member	com.kotcrab.vis.ui.widget.ListView#<stmt9>	sge.visui.widget.ListView#<stmt9>	Renamed	-	com/kotcrab/vis/ui/widget/ListView.java	71	8b6c3d6e8a1a3d34	
member	com.kotcrab.vis.ui.widget.ListView#adapter	sge.visui.widget.ListView#adapter	Renamed	-	com/kotcrab/vis/ui/widget/ListView.java	37	f87b0b2226a37af1	
member	com.kotcrab.vis.ui.widget.ListView#clickListener	sge.visui.widget.ListView#clickListener	Renamed	-	com/kotcrab/vis/ui/widget/ListView.java	38	066785e1ca142f96	vis=private
member	com.kotcrab.vis.ui.widget.ListView#dataInvalidated	sge.visui.widget.ListView#dataInvalidated	Renamed	-	com/kotcrab/vis/ui/widget/ListView.java	41	4d86d84f4f816aa6	vis=private
member	com.kotcrab.vis.ui.widget.ListView#footer	sge.visui.widget.ListView#footer	Renamed	-	com/kotcrab/vis/ui/widget/ListView.java	50	bcd0968a8582a2b6	vis=private
member	com.kotcrab.vis.ui.widget.ListView#getAdapter()	sge.visui.widget.ListView#getAdapter()	Renamed	-	com/kotcrab/vis/ui/widget/ListView.java	105	2595afc6835b4204	
member	com.kotcrab.vis.ui.widget.ListView#getClickListener()	sge.visui.widget.ListView#getClickListener()	Renamed	-	com/kotcrab/vis/ui/widget/ListView.java	127	99330fb528723ffa	
member	com.kotcrab.vis.ui.widget.ListView#getFooter()	sge.visui.widget.ListView#getFooter()	Renamed	-	com/kotcrab/vis/ui/widget/ListView.java	140	c96cf1a3dd632d4e	
member	com.kotcrab.vis.ui.widget.ListView#getHeader()	sge.visui.widget.ListView#getHeader()	Renamed	-	com/kotcrab/vis/ui/widget/ListView.java	131	21b0df37126a5eaf	
member	com.kotcrab.vis.ui.widget.ListView#getMainTable()	sge.visui.widget.ListView#getMainTable()	Renamed	-	com/kotcrab/vis/ui/widget/ListView.java	110	eecd8a0519adfbd0	
member	com.kotcrab.vis.ui.widget.ListView#getScrollPane()	sge.visui.widget.ListView#getScrollPane()	Renamed	-	com/kotcrab/vis/ui/widget/ListView.java	118	b65a7926c4a05123	
member	com.kotcrab.vis.ui.widget.ListView#getUpdatePolicy()	sge.visui.widget.ListView#getUpdatePolicy()	Renamed	-	com/kotcrab/vis/ui/widget/ListView.java	153	6ebf191fab1edf81	
member	com.kotcrab.vis.ui.widget.ListView#header	sge.visui.widget.ListView#header	Renamed	-	com/kotcrab/vis/ui/widget/ListView.java	49	e0973cae82a76e48	vis=private
member	com.kotcrab.vis.ui.widget.ListView#itemsTable	sge.visui.widget.ListView#itemsTable	Renamed	-	com/kotcrab/vis/ui/widget/ListView.java	47	92a87a63b4b1448b	
member	com.kotcrab.vis.ui.widget.ListView#mainTable	sge.visui.widget.ListView#mainTable	Renamed	-	com/kotcrab/vis/ui/widget/ListView.java	43	773f5c2a80e7d06e	
member	com.kotcrab.vis.ui.widget.ListView#rebuildView()	sge.visui.widget.ListView#rebuildView()	Renamed	-	com/kotcrab/vis/ui/widget/ListView.java	79	c2f1e63ffe6bf594	
member	com.kotcrab.vis.ui.widget.ListView#rebuildView(boolean)	sge.visui.widget.ListView#rebuildView(boolean)	Renamed	-	com/kotcrab/vis/ui/widget/ListView.java	83	a00697f5439d60c1	vis=private
member	com.kotcrab.vis.ui.widget.ListView#scrollPane	sge.visui.widget.ListView#scrollPane	Renamed	-	com/kotcrab/vis/ui/widget/ListView.java	44	88bf1fa864d21206	
member	com.kotcrab.vis.ui.widget.ListView#scrollTable	sge.visui.widget.ListView#scrollTable	Renamed	-	com/kotcrab/vis/ui/widget/ListView.java	46	80c9b40bbc51a1a0	
member	com.kotcrab.vis.ui.widget.ListView#setFooter(Actor)	sge.visui.widget.ListView#setFooter(Actor)	Renamed	-	com/kotcrab/vis/ui/widget/ListView.java	144	0f48aadf3934adbb	
member	com.kotcrab.vis.ui.widget.ListView#setHeader(Actor)	sge.visui.widget.ListView#setHeader(Actor)	Renamed	-	com/kotcrab/vis/ui/widget/ListView.java	135	74f67638d666769d	
member	com.kotcrab.vis.ui.widget.ListView#setItemClickListener(ItemClickListener)	sge.visui.widget.ListView#setItemClickListener(ItemClickListener<ItemT>)	Renamed	-	com/kotcrab/vis/ui/widget/ListView.java	122	6366ad08f77aa31c	
member	com.kotcrab.vis.ui.widget.ListView#setUpdatePolicy(UpdatePolicy)	sge.visui.widget.ListView#setUpdatePolicy(UpdatePolicy)	Renamed	-	com/kotcrab/vis/ui/widget/ListView.java	149	b73eb6145c39b4ce	
member	com.kotcrab.vis.ui.widget.ListView#updatePolicy	sge.visui.widget.ListView#updatePolicy	Renamed	-	com/kotcrab/vis/ui/widget/ListView.java	40	64d1376225cff07f	vis=private
member	com.kotcrab.vis.ui.widget.ListView$ItemClickListener#clicked(ItemT)	sge.visui.widget.ListView$ItemClickListener#clicked(ItemT)	Renamed	-	com/kotcrab/vis/ui/widget/ListView.java	158	2a11584d6e6192ef	
member	com.kotcrab.vis.ui.widget.ListView$ListAdapterListener#invalidateDataSet()	sge.visui.widget.ListView$ListAdapterListener#invalidateDataSet()	Renamed	-	com/kotcrab/vis/ui/widget/ListView.java	162	c791d9c35ac1e43e	
member	com.kotcrab.vis.ui.widget.ListView$ListViewTable#<stmt1>	sge.visui.widget.ListView$ListViewTable#<stmt1>	Renamed	-	com/kotcrab/vis/ui/widget/ListView.java	188	fdb99f27227c1b9a	
member	com.kotcrab.vis.ui.widget.ListView$ListViewTable#draw(Batch,float)	sge.visui.widget.ListView$ListViewTable#draw(Batch,float)	Renamed	-	com/kotcrab/vis/ui/widget/ListView.java	192	43ff64d1f27a2f5b	
member	com.kotcrab.vis.ui.widget.ListView$ListViewTable#getListView()	sge.visui.widget.ListView$ListViewTable#getListView()	Renamed	-	com/kotcrab/vis/ui/widget/ListView.java	197	34aa750119ae48c9	
member	com.kotcrab.vis.ui.widget.ListView$ListViewTable#listView	sge.visui.widget.ListView$ListViewTable#listView	Renamed	-	com/kotcrab/vis/ui/widget/ListView.java	185	8934c014c1c56b4b	vis=private[ListView]
member	com.kotcrab.vis.ui.widget.ListViewStyle#<init>()	sge.visui.widget.ListViewStyle#<init>()	Renamed	-	com/kotcrab/vis/ui/widget/ListViewStyle.java	25	8aaaa178b0b0e30f	
member	com.kotcrab.vis.ui.widget.ListViewStyle#<init>(ListViewStyle)	sge.visui.widget.ListViewStyle#<init>(ListViewStyle)	Renamed	-	com/kotcrab/vis/ui/widget/ListViewStyle.java	28	d4fdc95ff3f9d06e	
member	com.kotcrab.vis.ui.widget.ListViewStyle#scrollPaneStyle	sge.visui.widget.ListViewStyle#scrollPaneStyle	Renamed	-	com/kotcrab/vis/ui/widget/ListViewStyle.java	23	39efc4d0b31e4e44	
member	com.kotcrab.vis.ui.widget.Menu#<init>(String,Sge)	sge.visui.widget.Menu#<init>(String,Sge)	Renamed	-	com/kotcrab/vis/ui/widget/Menu.java	40	8e8220cc881a70e9	
member	com.kotcrab.vis.ui.widget.Menu#<init>(String,String,Sge)	sge.visui.widget.Menu#<init>(String,String,Sge)	Renamed	-	com/kotcrab/vis/ui/widget/Menu.java	44	0dfbd1788f2ee04a	
member	com.kotcrab.vis.ui.widget.Menu#<stmt1>	sge.visui.widget.Menu#<stmt1>	Renamed	-	com/kotcrab/vis/ui/widget/Menu.java	50	58efed29f8aeb747	
member	com.kotcrab.vis.ui.widget.Menu#<stmt2>	sge.visui.widget.Menu#<stmt2>	Renamed	-	com/kotcrab/vis/ui/widget/Menu.java	52	388d6fd75045190f	
member	com.kotcrab.vis.ui.widget.Menu#<stmt3>	sge.visui.widget.Menu#<stmt3>	Renamed	-	com/kotcrab/vis/ui/widget/Menu.java	53	42d866c0069fd67d	
member	com.kotcrab.vis.ui.widget.Menu#<stmt4>	sge.visui.widget.Menu#<stmt4>	Renamed	-	com/kotcrab/vis/ui/widget/Menu.java	55	4c5be8ade7d0a28b	
member	com.kotcrab.vis.ui.widget.Menu#buttonDefault	sge.visui.widget.Menu#buttonDefault	Renamed	-	com/kotcrab/vis/ui/widget/Menu.java	36	3ac50fe5bb6ae02e	
member	com.kotcrab.vis.ui.widget.Menu#deselectButton()	sge.visui.widget.Menu#deselectButton()	Renamed	-	com/kotcrab/vis/ui/widget/Menu.java	112	84c895b57e0ee7a6	
member	com.kotcrab.vis.ui.widget.Menu#getOpenButton()	sge.visui.widget.Menu#getOpenButton()	Renamed	-	com/kotcrab/vis/ui/widget/Menu.java	104	aa18ea660cbd447a	
member	com.kotcrab.vis.ui.widget.Menu#getTitle()	sge.visui.widget.Menu#getTitle()	Renamed	-	com/kotcrab/vis/ui/widget/Menu.java	75	1e80ffcf288597ad	
member	com.kotcrab.vis.ui.widget.Menu#menuBar	sge.visui.widget.Menu#menuBar	Renamed	-	com/kotcrab/vis/ui/widget/Menu.java	33	fd696951d8e5ace8	vis=private
member	com.kotcrab.vis.ui.widget.Menu#openButton	sge.visui.widget.Menu#openButton	Renamed	-	com/kotcrab/vis/ui/widget/Menu.java	35	3bd91e2667e49f70	
member	com.kotcrab.vis.ui.widget.Menu#remove()	sge.visui.widget.Menu#remove()	Renamed	-	com/kotcrab/vis/ui/widget/Menu.java	92	26cf0e14d547336b	
member	com.kotcrab.vis.ui.widget.Menu#selectButton()	sge.visui.widget.Menu#selectButton()	Renamed	-	com/kotcrab/vis/ui/widget/Menu.java	108	9a777dbcd497b0e5	
member	com.kotcrab.vis.ui.widget.Menu#setMenuBar(MenuBar)	sge.visui.widget.Menu#setMenuBar(MenuBar)	Renamed	-	com/kotcrab/vis/ui/widget/Menu.java	99	b42db7c45ab96063	
member	com.kotcrab.vis.ui.widget.Menu#showMenu()	sge.visui.widget.Menu#showMenu()	Renamed	-	com/kotcrab/vis/ui/widget/Menu.java	84	0f373b99e9efe3e5	vis=private
member	com.kotcrab.vis.ui.widget.Menu#switchMenu()	sge.visui.widget.Menu#switchMenu()	Renamed	-	com/kotcrab/vis/ui/widget/Menu.java	79	2263816abec95c69	vis=private
member	com.kotcrab.vis.ui.widget.Menu#title	sge.visui.widget.Menu#title	Renamed	-	com/kotcrab/vis/ui/widget/Menu.java	38	5674c9f43b21b23d	vis=private
member	com.kotcrab.vis.ui.widget.Menu$MenuStyle#<init>(Drawable,Drawable,VisTextButtonStyle)	sge.visui.widget.Menu$MenuStyle#<init>(Drawable,Drawable,VisTextButtonStyle)	Renamed	-	com/kotcrab/vis/ui/widget/Menu.java	127	552f01ce49814107	
member	com.kotcrab.vis.ui.widget.Menu$MenuStyle#<init>(MenuStyle)	sge.visui.widget.Menu$MenuStyle#<init>(MenuStyle)	Renamed	-	com/kotcrab/vis/ui/widget/Menu.java	122	602356f900c00007	
member	com.kotcrab.vis.ui.widget.Menu$MenuStyle#openButtonStyle	sge.visui.widget.Menu$MenuStyle#openButtonStyle	Renamed	-	com/kotcrab/vis/ui/widget/Menu.java	117	35c4b705e9cf0621	
member	com.kotcrab.vis.ui.widget.MenuBar#<init>(Sge)	sge.visui.widget.MenuBar#<init>(Sge)	Renamed	-	com/kotcrab/vis/ui/widget/MenuBar.java	37	0b4978796beb256d	
member	com.kotcrab.vis.ui.widget.MenuBar#<init>(String,Sge)	sge.visui.widget.MenuBar#<init>(String,Sge)	Renamed	-	com/kotcrab/vis/ui/widget/MenuBar.java	41	00779ba667653828	
member	com.kotcrab.vis.ui.widget.MenuBar#<stmt1>	sge.visui.widget.MenuBar#<stmt1>	Renamed	-	com/kotcrab/vis/ui/widget/MenuBar.java	46	ecbccad753445864	
member	com.kotcrab.vis.ui.widget.MenuBar#<stmt2>	sge.visui.widget.MenuBar#<stmt2>	Renamed	-	com/kotcrab/vis/ui/widget/MenuBar.java	48	46c7fbab6e3f89e0	
member	com.kotcrab.vis.ui.widget.MenuBar#<stmt3>	sge.visui.widget.MenuBar#<stmt3>	Renamed	-	com/kotcrab/vis/ui/widget/MenuBar.java	56	c07859ce667fb2ab	
member	com.kotcrab.vis.ui.widget.MenuBar#<stmt4>	sge.visui.widget.MenuBar#<stmt4>	Renamed	-	com/kotcrab/vis/ui/widget/MenuBar.java	57	7f0e3dbea81bf089	
member	com.kotcrab.vis.ui.widget.MenuBar#<stmt5>	sge.visui.widget.MenuBar#<stmt5>	Renamed	-	com/kotcrab/vis/ui/widget/MenuBar.java	58	1459fbe1eaa68444	
member	com.kotcrab.vis.ui.widget.MenuBar#addMenu(Menu)	sge.visui.widget.MenuBar#addMenu(Menu)	Renamed	-	com/kotcrab/vis/ui/widget/MenuBar.java	61	21ce1d6beed4084b	
member	com.kotcrab.vis.ui.widget.MenuBar#closeMenu()	sge.visui.widget.MenuBar#closeMenu()	Renamed	-	com/kotcrab/vis/ui/widget/MenuBar.java	91	d47f057be2f7c22a	
member	com.kotcrab.vis.ui.widget.MenuBar#currentMenu	sge.visui.widget.MenuBar#currentMenu	Renamed	-	com/kotcrab/vis/ui/widget/MenuBar.java	32	5a450fcbfcdb0506	vis=private
member	com.kotcrab.vis.ui.widget.MenuBar#getCurrentMenu()	sge.visui.widget.MenuBar#getCurrentMenu()	Renamed	-	com/kotcrab/vis/ui/widget/MenuBar.java	99	b1ee92e525aa2cf7	
member	com.kotcrab.vis.ui.widget.MenuBar#getTable()	sge.visui.widget.MenuBar#getTable()	Renamed	-	com/kotcrab/vis/ui/widget/MenuBar.java	121	30c2ce40dd4846cf	
member	com.kotcrab.vis.ui.widget.MenuBar#insertMenu(int,Menu)	sge.visui.widget.MenuBar#insertMenu(int,Menu)	Renamed	-	com/kotcrab/vis/ui/widget/MenuBar.java	78	69c2c3a9e40400cb	
member	com.kotcrab.vis.ui.widget.MenuBar#mainTable	sge.visui.widget.MenuBar#mainTable	Renamed	-	com/kotcrab/vis/ui/widget/MenuBar.java	29	768c5ffe21f1fd2f	vis=private
member	com.kotcrab.vis.ui.widget.MenuBar#menuItems	sge.visui.widget.MenuBar#menuItems	Renamed	-	com/kotcrab/vis/ui/widget/MenuBar.java	30	83d4e7a8e215acfc	vis=private
member	com.kotcrab.vis.ui.widget.MenuBar#menuListener	sge.visui.widget.MenuBar#menuListener	Renamed	-	com/kotcrab/vis/ui/widget/MenuBar.java	35	ee26b4d4cf467a8f	vis=private
member	com.kotcrab.vis.ui.widget.MenuBar#menus	sge.visui.widget.MenuBar#menus	Renamed	-	com/kotcrab/vis/ui/widget/MenuBar.java	33	85f814d8fd7aa202	vis=private
member	com.kotcrab.vis.ui.widget.MenuBar#rebuild()	sge.visui.widget.MenuBar#rebuild()	Renamed	-	com/kotcrab/vis/ui/widget/MenuBar.java	84	f004c3633f20621c	vis=private
member	com.kotcrab.vis.ui.widget.MenuBar#removeMenu(Menu)	sge.visui.widget.MenuBar#removeMenu(Menu)	Renamed	-	com/kotcrab/vis/ui/widget/MenuBar.java	67	b453edb8e8165a88	
member	com.kotcrab.vis.ui.widget.MenuBar#setCurrentMenu(Menu)	sge.visui.widget.MenuBar#setCurrentMenu(Menu)	Renamed	-	com/kotcrab/vis/ui/widget/MenuBar.java	103	54ae3c774d18c00f	
member	com.kotcrab.vis.ui.widget.MenuBar#setMenuListener(MenuBarListener)	sge.visui.widget.MenuBar#setMenuListener(MenuBarListener)	Renamed	-	com/kotcrab/vis/ui/widget/MenuBar.java	116	d158e20693b9cf5f	
member	com.kotcrab.vis.ui.widget.MenuBar$MenuBarListener#menuClosed(Menu)	sge.visui.widget.MenuBar$MenuBarListener#menuClosed(Menu)	Renamed	-	com/kotcrab/vis/ui/widget/MenuBar.java	143	88afe8931e039921	
member	com.kotcrab.vis.ui.widget.MenuBar$MenuBarListener#menuOpened(Menu)	sge.visui.widget.MenuBar$MenuBarListener#menuOpened(Menu)	Renamed	-	com/kotcrab/vis/ui/widget/MenuBar.java	141	9b7982a89c182665	
member	com.kotcrab.vis.ui.widget.MenuBar$MenuBarStyle#<init>()	sge.visui.widget.MenuBar$MenuBarStyle#<init>()	Renamed	-	com/kotcrab/vis/ui/widget/MenuBar.java	128	d787d16f17eccb2d	
member	com.kotcrab.vis.ui.widget.MenuBar$MenuBarStyle#<init>(Drawable)	sge.visui.widget.MenuBar$MenuBarStyle#<init>(Drawable)	Renamed	-	com/kotcrab/vis/ui/widget/MenuBar.java	135	1e05707bc68ff993	
member	com.kotcrab.vis.ui.widget.MenuBar$MenuBarStyle#<init>(MenuBarStyle)	sge.visui.widget.MenuBar$MenuBarStyle#<init>(MenuBarStyle)	Renamed	-	com/kotcrab/vis/ui/widget/MenuBar.java	131	a86820bf88fdaac1	
member	com.kotcrab.vis.ui.widget.MenuBar$MenuBarStyle#background	sge.visui.widget.MenuBar$MenuBarStyle#background	Renamed	-	com/kotcrab/vis/ui/widget/MenuBar.java	126	075c4bce4069ca09	
member	com.kotcrab.vis.ui.widget.MenuItem#<init>(String,ChangeListener,Sge)	sge.visui.widget.MenuItem#<init>(String,ChangeListener,Sge)	Renamed	-	com/kotcrab/vis/ui/widget/MenuItem.java	77	32fc3d7d9a44fb0b	
member	com.kotcrab.vis.ui.widget.MenuItem#<init>(String,Drawable,ChangeListener,Sge)	sge.visui.widget.MenuItem#<init>(String,Drawable,ChangeListener,Sge)	Renamed	-	com/kotcrab/vis/ui/widget/MenuItem.java	86	d22cfac147760754	
member	com.kotcrab.vis.ui.widget.MenuItem#<init>(String,Drawable,MenuItemStyle,Sge)	sge.visui.widget.MenuItem#<init>(String,Drawable,MenuItemStyle,Sge)	Renamed	-	com/kotcrab/vis/ui/widget/MenuItem.java	115	aba635659928e7fc	
member	com.kotcrab.vis.ui.widget.MenuItem#<init>(String,Drawable,Sge)	sge.visui.widget.MenuItem#<init>(String,Drawable,Sge)	Renamed	-	com/kotcrab/vis/ui/widget/MenuItem.java	82	31fe63e7649d3218	
member	com.kotcrab.vis.ui.widget.MenuItem#<init>(String,Drawable,String,Sge)	sge.visui.widget.MenuItem#<init>(String,Drawable,String,Sge)	Renamed	-	com/kotcrab/vis/ui/widget/MenuItem.java	91	43a868cedd95fe5c	
member	com.kotcrab.vis.ui.widget.MenuItem#<init>(String,Image,ChangeListener,Sge)	sge.visui.widget.MenuItem#<init>(String,Image,ChangeListener,Sge)	Renamed	-	com/kotcrab/vis/ui/widget/MenuItem.java	99	eff581a779c99b2f	
member	com.kotcrab.vis.ui.widget.MenuItem#<init>(String,Image,MenuItemStyle,Sge)	sge.visui.widget.MenuItem#<init>(String,Image,MenuItemStyle,Sge)	Renamed	-	com/kotcrab/vis/ui/widget/MenuItem.java	110	13284c8d8f5ab7c7	
member	com.kotcrab.vis.ui.widget.MenuItem#<init>(String,Image,Sge)	sge.visui.widget.MenuItem#<init>(String,Image,Sge)	Renamed	-	com/kotcrab/vis/ui/widget/MenuItem.java	95	b2932fc0977a0ecd	
member	com.kotcrab.vis.ui.widget.MenuItem#<init>(String,Image,String,Sge)	sge.visui.widget.MenuItem#<init>(String,Image,String,Sge)	Renamed	-	com/kotcrab/vis/ui/widget/MenuItem.java	104	c5f1f7c59bb785c8	
member	com.kotcrab.vis.ui.widget.MenuItem#<init>(String,Sge)	sge.visui.widget.MenuItem#<init>(String,Sge)	Renamed	-	com/kotcrab/vis/ui/widget/MenuItem.java	69	afd7eea64b3700df	
member	com.kotcrab.vis.ui.widget.MenuItem#<init>(String,String,Sge)	sge.visui.widget.MenuItem#<init>(String,String,Sge)	Renamed	-	com/kotcrab/vis/ui/widget/MenuItem.java	73	3eccd759ba734bf3	
member	com.kotcrab.vis.ui.widget.MenuItem#containerMenu	sge.visui.widget.MenuItem#containerMenu	Renamed	-	com/kotcrab/vis/ui/widget/MenuItem.java	67	2b2c74b53d712dc4	
member	com.kotcrab.vis.ui.widget.MenuItem#draw(Batch,float)	sge.visui.widget.MenuItem#draw(Batch,float)	Renamed	-	com/kotcrab/vis/ui/widget/MenuItem.java	250	460391b60ea64ccb	
member	com.kotcrab.vis.ui.widget.MenuItem#fireChangeEvent()	sge.visui.widget.MenuItem#fireChangeEvent()	Renamed	-	com/kotcrab/vis/ui/widget/MenuItem.java	224	342874f01eabc6d0	
member	com.kotcrab.vis.ui.widget.MenuItem#generateDisabledImage	sge.visui.widget.MenuItem#generateDisabledImage	Renamed	-	com/kotcrab/vis/ui/widget/MenuItem.java	57	3f7e1826ac50c715	vis=private
member	com.kotcrab.vis.ui.widget.MenuItem#getImage()	sge.visui.widget.MenuItem#getImage()	Renamed	-	com/kotcrab/vis/ui/widget/MenuItem.java	348	8db8bcdaed233b36	
member	com.kotcrab.vis.ui.widget.MenuItem#getImageCell()	sge.visui.widget.MenuItem#getImageCell()	Renamed	-	com/kotcrab/vis/ui/widget/MenuItem.java	352	2a6673440c5f956f	
member	com.kotcrab.vis.ui.widget.MenuItem#getLabel()	sge.visui.widget.MenuItem#getLabel()	Renamed	-	com/kotcrab/vis/ui/widget/MenuItem.java	356	04b24d78a41a8c11	
member	com.kotcrab.vis.ui.widget.MenuItem#getLabelCell()	sge.visui.widget.MenuItem#getLabelCell()	Renamed	-	com/kotcrab/vis/ui/widget/MenuItem.java	360	414faf410caa0a79	
member	com.kotcrab.vis.ui.widget.MenuItem#getShortcut()	sge.visui.widget.MenuItem#getShortcut()	Renamed	-	com/kotcrab/vis/ui/widget/MenuItem.java	310	0bf0cc8c98ba6634	
member	com.kotcrab.vis.ui.widget.MenuItem#getShortcutCell()	sge.visui.widget.MenuItem#getShortcutCell()	Renamed	-	com/kotcrab/vis/ui/widget/MenuItem.java	376	097ca3d0d1d36825	
member	com.kotcrab.vis.ui.widget.MenuItem#getStyle()	sge.visui.widget.MenuItem#getStyle()	Renamed	-	com/kotcrab/vis/ui/widget/MenuItem.java	231	02180f7875cd3660	
member	com.kotcrab.vis.ui.widget.MenuItem#getSubMenu()	sge.visui.widget.MenuItem#getSubMenu()	Renamed	-	com/kotcrab/vis/ui/widget/MenuItem.java	178	168800a9f050c267	
member	com.kotcrab.vis.ui.widget.MenuItem#getSubMenuIconCell()	sge.visui.widget.MenuItem#getSubMenuIconCell()	Renamed	-	com/kotcrab/vis/ui/widget/MenuItem.java	372	929fc26ddfd9efd8	
member	com.kotcrab.vis.ui.widget.MenuItem#getText()	sge.visui.widget.MenuItem#getText()	Renamed	-	com/kotcrab/vis/ui/widget/MenuItem.java	364	5675f7557dfee493	
member	com.kotcrab.vis.ui.widget.MenuItem#hideSubMenu()	sge.visui.widget.MenuItem#hideSubMenu()	Renamed	-	com/kotcrab/vis/ui/widget/MenuItem.java	195	8a6ff0bae1d1e2ce	
member	com.kotcrab.vis.ui.widget.MenuItem#image	sge.visui.widget.MenuItem#image	Renamed	-	com/kotcrab/vis/ui/widget/MenuItem.java	55	eeed1c364e0486ee	vis=private
member	com.kotcrab.vis.ui.widget.MenuItem#imageCell	sge.visui.widget.MenuItem#imageCell	Renamed	-	com/kotcrab/vis/ui/widget/MenuItem.java	56	780baef195a3f91e	vis=private
member	com.kotcrab.vis.ui.widget.MenuItem#init(String,Image,MenuItemStyle)	sge.visui.widget.MenuItem#init(String,Image,MenuItemStyle)	Renamed	-	com/kotcrab/vis/ui/widget/MenuItem.java	120	a1ddc2e7bc284851	vis=private
member	com.kotcrab.vis.ui.widget.MenuItem#isGenerateDisabledImage()	sge.visui.widget.MenuItem#isGenerateDisabledImage()	Renamed	-	com/kotcrab/vis/ui/widget/MenuItem.java	289	a59fad1d868dab83	
member	com.kotcrab.vis.ui.widget.MenuItem#isOver()	sge.visui.widget.MenuItem#isOver()	Renamed	-	com/kotcrab/vis/ui/widget/MenuItem.java	281	f357690242ee3c83	
member	com.kotcrab.vis.ui.widget.MenuItem#label	sge.visui.widget.MenuItem#label	Renamed	-	com/kotcrab/vis/ui/widget/MenuItem.java	58	70ea5f050cde36e6	vis=private
member	com.kotcrab.vis.ui.widget.MenuItem#packContainerMenu()	sge.visui.widget.MenuItem#packContainerMenu()	Renamed	-	com/kotcrab/vis/ui/widget/MenuItem.java	182	0c6deb20627f8d2d	
member	com.kotcrab.vis.ui.widget.MenuItem#setGenerateDisabledImage(boolean)	sge.visui.widget.MenuItem#setGenerateDisabledImage(boolean)	Renamed	-	com/kotcrab/vis/ui/widget/MenuItem.java	297	7e71bb5320c5805e	
member	com.kotcrab.vis.ui.widget.MenuItem#setParent(Nullable)	sge.visui.widget.MenuItem#setParent(Nullable<Group>)	Renamed	-	com/kotcrab/vis/ui/widget/MenuItem.java	187	b87c805404d14126	
member	com.kotcrab.vis.ui.widget.MenuItem#setShortcut(Array)	sge.visui.widget.MenuItem#setShortcut(Array<int>)	Renamed	-	com/kotcrab/vis/ui/widget/MenuItem.java	336	ebcd1bff59560553	
member	com.kotcrab.vis.ui.widget.MenuItem#setShortcut(String)	sge.visui.widget.MenuItem#setShortcut(String)	Renamed	-	com/kotcrab/vis/ui/widget/MenuItem.java	320	7b5ece683c959e2a	
member	com.kotcrab.vis.ui.widget.MenuItem#setShortcut(int)	sge.visui.widget.MenuItem#setShortcut(int)	Renamed	-	com/kotcrab/vis/ui/widget/MenuItem.java	306	dbc6e58838b2b439	
member	com.kotcrab.vis.ui.widget.MenuItem#setStage(Stage)	sge.visui.widget.MenuItem#setStage(Stage)	Renamed	-	com/kotcrab/vis/ui/widget/MenuItem.java	343	b84cdb4573546406	
member	com.kotcrab.vis.ui.widget.MenuItem#setStyle(ButtonStyle)	sge.visui.widget.MenuItem#setStyle(ButtonStyle)	Renamed	-	com/kotcrab/vis/ui/widget/MenuItem.java	236	a093b04409a2a567	
member	com.kotcrab.vis.ui.widget.MenuItem#setSubMenu(PopupMenu)	sge.visui.widget.MenuItem#setSubMenu(PopupMenu)	Renamed	-	com/kotcrab/vis/ui/widget/MenuItem.java	168	a889580fb05fef51	
member	com.kotcrab.vis.ui.widget.MenuItem#setText(CharSequence)	sge.visui.widget.MenuItem#setText(CharSequence)	Renamed	-	com/kotcrab/vis/ui/widget/MenuItem.java	368	617e1cab21888f0e	
member	com.kotcrab.vis.ui.widget.MenuItem#shortcutLabel	sge.visui.widget.MenuItem#shortcutLabel	Renamed	-	com/kotcrab/vis/ui/widget/MenuItem.java	60	984563405186bde3	vis=private
member	com.kotcrab.vis.ui.widget.MenuItem#shortcutLabelColor	sge.visui.widget.MenuItem#shortcutLabelColor	Renamed	-	com/kotcrab/vis/ui/widget/MenuItem.java	59	44e7eb036a311893	vis=private
member	com.kotcrab.vis.ui.widget.MenuItem#showSubMenu()	sge.visui.widget.MenuItem#showSubMenu()	Renamed	-	com/kotcrab/vis/ui/widget/MenuItem.java	201	4544ee30d9aa6f04	
member	com.kotcrab.vis.ui.widget.MenuItem#style	sge.visui.widget.MenuItem#style	Renamed	-	com/kotcrab/vis/ui/widget/MenuItem.java	53	040b577abef98ea2	name=style$shadow
member	com.kotcrab.vis.ui.widget.MenuItem#subMenu	sge.visui.widget.MenuItem#subMenu	Renamed	-	com/kotcrab/vis/ui/widget/MenuItem.java	64	98d3c494d8bac23d	vis=private
member	com.kotcrab.vis.ui.widget.MenuItem#subMenuIconCell	sge.visui.widget.MenuItem#subMenuIconCell	Renamed	-	com/kotcrab/vis/ui/widget/MenuItem.java	62	850f10d84a6e7f92	vis=private
member	com.kotcrab.vis.ui.widget.MenuItem#subMenuImage	sge.visui.widget.MenuItem#subMenuImage	Renamed	-	com/kotcrab/vis/ui/widget/MenuItem.java	61	efac96841da1013e	vis=private
member	com.kotcrab.vis.ui.widget.MenuItem#tmpVector	sge.visui.widget.MenuItem#tmpVector	Renamed	-	com/kotcrab/vis/ui/widget/MenuItem.java	49	be8dda2052a87fa2	placement=companion vis=private
member	com.kotcrab.vis.ui.widget.MenuItem$MenuItemStyle#<init>(Drawable)	sge.visui.widget.MenuItem$MenuItemStyle#<init>(Drawable)	Renamed	-	com/kotcrab/vis/ui/widget/MenuItem.java	386	645bd84cc6590895	
member	com.kotcrab.vis.ui.widget.MenuItem$MenuItemStyle#<init>(MenuItemStyle)	sge.visui.widget.MenuItem$MenuItemStyle#<init>(MenuItemStyle)	Renamed	-	com/kotcrab/vis/ui/widget/MenuItem.java	390	9833d404c93fecad	
member	com.kotcrab.vis.ui.widget.MenuItem$MenuItemStyle#subMenu	sge.visui.widget.MenuItem$MenuItemStyle#subMenu	Renamed	-	com/kotcrab/vis/ui/widget/MenuItem.java	381	5f83fc9fc0ff72ef	
member	com.kotcrab.vis.ui.widget.MultiSplitPane#<init>(boolean,Sge)	sge.visui.widget.MultiSplitPane#<init>(boolean,Sge)	Renamed	-	com/kotcrab/vis/ui/widget/MultiSplitPane.java	64	5f3df88b5adedba3	
member	com.kotcrab.vis.ui.widget.MultiSplitPane#<init>(boolean,String,Sge)	sge.visui.widget.MultiSplitPane#<init>(boolean,String,Sge)	Renamed	-	com/kotcrab/vis/ui/widget/MultiSplitPane.java	68	66c160623dbbd5e3	
member	com.kotcrab.vis.ui.widget.MultiSplitPane#<stmt1>	sge.visui.widget.MultiSplitPane#<stmt1>	Renamed	-	com/kotcrab/vis/ui/widget/MultiSplitPane.java	73	b9293bb40e7c975a	
member	com.kotcrab.vis.ui.widget.MultiSplitPane#<stmt2>	sge.visui.widget.MultiSplitPane#<stmt2>	Renamed	-	com/kotcrab/vis/ui/widget/MultiSplitPane.java	74	5df228fe4ef7aed3	
member	com.kotcrab.vis.ui.widget.MultiSplitPane#<stmt3>	sge.visui.widget.MultiSplitPane#<stmt3>	Renamed	-	com/kotcrab/vis/ui/widget/MultiSplitPane.java	75	431836f48211c3df	
member	com.kotcrab.vis.ui.widget.MultiSplitPane#<stmt4>	sge.visui.widget.MultiSplitPane#<stmt4>	Renamed	-	com/kotcrab/vis/ui/widget/MultiSplitPane.java	76	32fffd18ae01f8b6	
member	com.kotcrab.vis.ui.widget.MultiSplitPane#addActor(Actor)	sge.visui.widget.MultiSplitPane#addActor(Actor)	Renamed	-	com/kotcrab/vis/ui/widget/MultiSplitPane.java	370	c083cda3e68aaa58	
member	com.kotcrab.vis.ui.widget.MultiSplitPane#addActorAfter(Actor,Actor)	sge.visui.widget.MultiSplitPane#addActorAfter(Actor,Actor)	Renamed	-	com/kotcrab/vis/ui/widget/MultiSplitPane.java	365	3afb3a4168160369	
member	com.kotcrab.vis.ui.widget.MultiSplitPane#addActorAt(int,Actor)	sge.visui.widget.MultiSplitPane#addActorAt(int,Actor)	Renamed	-	com/kotcrab/vis/ui/widget/MultiSplitPane.java	375	d26113ff841c72e8	
member	com.kotcrab.vis.ui.widget.MultiSplitPane#addActorBefore(Actor,Actor)	sge.visui.widget.MultiSplitPane#addActorBefore(Actor,Actor)	Renamed	-	com/kotcrab/vis/ui/widget/MultiSplitPane.java	380	b113ab0b33306f2b	
member	com.kotcrab.vis.ui.widget.MultiSplitPane#calculateHorizBoundsAndPositions()	sge.visui.widget.MultiSplitPane#calculateHorizBoundsAndPositions()	Renamed	-	com/kotcrab/vis/ui/widget/MultiSplitPane.java	234	b0aa414329451906	vis=private
member	com.kotcrab.vis.ui.widget.MultiSplitPane#calculateVertBoundsAndPositions()	sge.visui.widget.MultiSplitPane#calculateVertBoundsAndPositions()	Renamed	-	com/kotcrab/vis/ui/widget/MultiSplitPane.java	255	dedbeb9c74e7a04b	vis=private
member	com.kotcrab.vis.ui.widget.MultiSplitPane#draw(Batch,float)	sge.visui.widget.MultiSplitPane#draw(Batch,float)	Renamed	-	com/kotcrab/vis/ui/widget/MultiSplitPane.java	277	c964b40a46718dc5	
member	com.kotcrab.vis.ui.widget.MultiSplitPane#getHandleContaining(float,float)	sge.visui.widget.MultiSplitPane#getHandleContaining(float,float)	Renamed	-	com/kotcrab/vis/ui/widget/MultiSplitPane.java	160	547fb5f661afc36c	vis=private
member	com.kotcrab.vis.ui.widget.MultiSplitPane#getMinHeight()	sge.visui.widget.MultiSplitPane#getMinHeight()	Renamed	-	com/kotcrab/vis/ui/widget/MultiSplitPane.java	226	f0654cd2ffd9d104	
member	com.kotcrab.vis.ui.widget.MultiSplitPane#getMinWidth()	sge.visui.widget.MultiSplitPane#getMinWidth()	Renamed	-	com/kotcrab/vis/ui/widget/MultiSplitPane.java	221	d4564ef6b4a86c91	
member	com.kotcrab.vis.ui.widget.MultiSplitPane#getPrefHeight()	sge.visui.widget.MultiSplitPane#getPrefHeight()	Renamed	-	com/kotcrab/vis/ui/widget/MultiSplitPane.java	210	6d4dedff33f9af91	
member	com.kotcrab.vis.ui.widget.MultiSplitPane#getPrefWidth()	sge.visui.widget.MultiSplitPane#getPrefWidth()	Renamed	-	com/kotcrab/vis/ui/widget/MultiSplitPane.java	200	0173794b4a1f34df	
member	com.kotcrab.vis.ui.widget.MultiSplitPane#getStyle()	sge.visui.widget.MultiSplitPane#getStyle()	Renamed	-	com/kotcrab/vis/ui/widget/MultiSplitPane.java	174	f96a1c75f7b62212	
member	com.kotcrab.vis.ui.widget.MultiSplitPane#handleBounds	sge.visui.widget.MultiSplitPane#handleBounds	Renamed	-	com/kotcrab/vis/ui/widget/MultiSplitPane.java	55	ed1269d26e218452	vis=private
member	com.kotcrab.vis.ui.widget.MultiSplitPane#handleOver	sge.visui.widget.MultiSplitPane#handleOver	Renamed	-	com/kotcrab/vis/ui/widget/MultiSplitPane.java	61	78bc98797dee9e18	vis=private
member	com.kotcrab.vis.ui.widget.MultiSplitPane#handleOverIndex	sge.visui.widget.MultiSplitPane#handleOverIndex	Renamed	-	com/kotcrab/vis/ui/widget/MultiSplitPane.java	62	f8c6c1c8ef133c9e	vis=private
member	com.kotcrab.vis.ui.widget.MultiSplitPane#handlePosition	sge.visui.widget.MultiSplitPane#handlePosition	Renamed	-	com/kotcrab/vis/ui/widget/MultiSplitPane.java	58	11db6e90ac112c7e	vis=private
member	com.kotcrab.vis.ui.widget.MultiSplitPane#hit(float,float,boolean)	sge.visui.widget.MultiSplitPane#hit(float,float,boolean)	Renamed	-	com/kotcrab/vis/ui/widget/MultiSplitPane.java	313	4e796337b4f06b78	
member	com.kotcrab.vis.ui.widget.MultiSplitPane#initialize()	sge.visui.widget.MultiSplitPane#initialize()	Renamed	-	com/kotcrab/vis/ui/widget/MultiSplitPane.java	79	6e6640eee1d645a0	vis=private
member	com.kotcrab.vis.ui.widget.MultiSplitPane#lastPoint	sge.visui.widget.MultiSplitPane#lastPoint	Renamed	-	com/kotcrab/vis/ui/widget/MultiSplitPane.java	59	57b3681d62c8798b	vis=private
member	com.kotcrab.vis.ui.widget.MultiSplitPane#layout()	sge.visui.widget.MultiSplitPane#layout()	Renamed	-	com/kotcrab/vis/ui/widget/MultiSplitPane.java	184	79abebc299bf586c	
member	com.kotcrab.vis.ui.widget.MultiSplitPane#removeActor(Actor)	sge.visui.widget.MultiSplitPane#removeActor(Actor)	Renamed	-	com/kotcrab/vis/ui/widget/MultiSplitPane.java	385	fd3ca106a8a98ff8	
member	com.kotcrab.vis.ui.widget.MultiSplitPane#scissors	sge.visui.widget.MultiSplitPane#scissors	Renamed	-	com/kotcrab/vis/ui/widget/MultiSplitPane.java	53	8b59a5bf57d7c1e0	vis=private
member	com.kotcrab.vis.ui.widget.MultiSplitPane#setSplit(int,float)	sge.visui.widget.MultiSplitPane#setSplit(int,float)	Renamed	-	com/kotcrab/vis/ui/widget/MultiSplitPane.java	355	2f49c81e8e20430d	
member	com.kotcrab.vis.ui.widget.MultiSplitPane#setStyle(MultiSplitPaneStyle)	sge.visui.widget.MultiSplitPane#setStyle(MultiSplitPaneStyle)	Renamed	-	com/kotcrab/vis/ui/widget/MultiSplitPane.java	178	461c4bc1acdcf736	
member	com.kotcrab.vis.ui.widget.MultiSplitPane#setVertical(boolean)	sge.visui.widget.MultiSplitPane#setVertical(boolean)	Renamed	-	com/kotcrab/vis/ui/widget/MultiSplitPane.java	230	2ba27227cb55f559	
member	com.kotcrab.vis.ui.widget.MultiSplitPane#setWidgets(Array)	sge.visui.widget.MultiSplitPane#setWidgets(Array<Actor>)	Renamed	-	com/kotcrab/vis/ui/widget/MultiSplitPane.java	323	31144e09c6216598	
member	com.kotcrab.vis.ui.widget.MultiSplitPane#setWidgets(JavaIterable)	sge.visui.widget.MultiSplitPane#setWidgets(JavaIterable<Actor>)	Renamed	-	com/kotcrab/vis/ui/widget/MultiSplitPane.java	328	2fc3a0423f325664	
member	com.kotcrab.vis.ui.widget.MultiSplitPane#splits	sge.visui.widget.MultiSplitPane#splits	Renamed	-	com/kotcrab/vis/ui/widget/MultiSplitPane.java	56	cdeb23d7eadfef80	vis=private
member	com.kotcrab.vis.ui.widget.MultiSplitPane#style	sge.visui.widget.MultiSplitPane#style	Renamed	-	com/kotcrab/vis/ui/widget/MultiSplitPane.java	49	71bf593faaa48001	vis=private
member	com.kotcrab.vis.ui.widget.MultiSplitPane#vertical	sge.visui.widget.MultiSplitPane#vertical	Renamed	-	com/kotcrab/vis/ui/widget/MultiSplitPane.java	50	135c5494fed4c863	
member	com.kotcrab.vis.ui.widget.MultiSplitPane#widgetBounds	sge.visui.widget.MultiSplitPane#widgetBounds	Renamed	-	com/kotcrab/vis/ui/widget/MultiSplitPane.java	52	d4ab956d735ecedd	vis=private
member	com.kotcrab.vis.ui.widget.MultiSplitPane$MultiSplitPaneStyle#<init>(Drawable,Drawable)	sge.visui.widget.MultiSplitPane$MultiSplitPaneStyle#<init>(Drawable,Drawable)	Renamed	-	com/kotcrab/vis/ui/widget/MultiSplitPane.java	397	1def894743936e1e	
member	com.kotcrab.vis.ui.widget.MultiSplitPane$MultiSplitPaneStyle#<init>(VisSplitPaneStyle)	sge.visui.widget.MultiSplitPane$MultiSplitPaneStyle#<init>(VisSplitPaneStyle)	Renamed	-	com/kotcrab/vis/ui/widget/MultiSplitPane.java	393	0651139d045e0c2f	
member	com.kotcrab.vis.ui.widget.PopupMenu#<init>(PopupMenuStyle,Sge)	sge.visui.widget.PopupMenu#<init>(PopupMenuStyle,Sge)	Renamed	-	com/kotcrab/vis/ui/widget/PopupMenu.java	72	1f8d4066b0a45bfd	
member	com.kotcrab.vis.ui.widget.PopupMenu#<init>(Sizes,PopupMenuStyle,Sge)	sge.visui.widget.PopupMenu#<init>(Sizes,PopupMenuStyle,Sge)	Renamed	-	com/kotcrab/vis/ui/widget/PopupMenu.java	76	db745b78099d0152	
member	com.kotcrab.vis.ui.widget.PopupMenu#<init>(String,Sge)	sge.visui.widget.PopupMenu#<init>(String,Sge)	Renamed	-	com/kotcrab/vis/ui/widget/PopupMenu.java	68	73415af3cf8dc736	
member	com.kotcrab.vis.ui.widget.PopupMenu#activeItem	sge.visui.widget.PopupMenu#activeItem	Renamed	-	com/kotcrab/vis/ui/widget/PopupMenu.java	62	be31a9503bbb5c5a	vis=private
member	com.kotcrab.vis.ui.widget.PopupMenu#activeSubMenu	sge.visui.widget.PopupMenu#activeSubMenu	Renamed	-	com/kotcrab/vis/ui/widget/PopupMenu.java	61	5920410b1e039ab8	vis=private
member	com.kotcrab.vis.ui.widget.PopupMenu#add(Nullable)	sge.visui.widget.PopupMenu#add(Nullable<T>)	Renamed	-	com/kotcrab/vis/ui/widget/PopupMenu.java	226	19a3905129b67f5c	
member	com.kotcrab.vis.ui.widget.PopupMenu#addItem(MenuItem)	sge.visui.widget.PopupMenu#addItem(MenuItem)	Renamed	-	com/kotcrab/vis/ui/widget/PopupMenu.java	234	b6bf87374de0378b	
member	com.kotcrab.vis.ui.widget.PopupMenu#addSeparator()	sge.visui.widget.PopupMenu#addSeparator()	Renamed	-	com/kotcrab/vis/ui/widget/PopupMenu.java	241	2fd98234a38867f1	
member	com.kotcrab.vis.ui.widget.PopupMenu#contains(float,float)	sge.visui.widget.PopupMenu#contains(float,float)	Renamed	-	com/kotcrab/vis/ui/widget/PopupMenu.java	312	2b2d4157158dd437	
member	com.kotcrab.vis.ui.widget.PopupMenu#createListeners()	sge.visui.widget.PopupMenu#createListeners()	Renamed	-	com/kotcrab/vis/ui/widget/PopupMenu.java	99	d872b9e8fa8a5d5a	vis=private
member	com.kotcrab.vis.ui.widget.PopupMenu#defaultInputListener	sge.visui.widget.PopupMenu#defaultInputListener	Renamed	-	com/kotcrab/vis/ui/widget/PopupMenu.java	56	75766237bba2c8a4	vis=private
member	com.kotcrab.vis.ui.widget.PopupMenu#draw(Batch,float)	sge.visui.widget.PopupMenu#draw(Batch,float)	Renamed	-	com/kotcrab/vis/ui/widget/PopupMenu.java	278	6683e7231d664f3b	
member	com.kotcrab.vis.ui.widget.PopupMenu#getActiveItem()	sge.visui.widget.PopupMenu#getActiveItem()	Renamed	-	com/kotcrab/vis/ui/widget/PopupMenu.java	351	fe25ea39b36ffc7b	
member	com.kotcrab.vis.ui.widget.PopupMenu#getActiveSubMenu()	sge.visui.widget.PopupMenu#getActiveSubMenu()	Renamed	-	com/kotcrab/vis/ui/widget/PopupMenu.java	326	1b3c056032401380	
member	com.kotcrab.vis.ui.widget.PopupMenu#getDefaultInputListener()	sge.visui.widget.PopupMenu#getDefaultInputListener()	Renamed	-	com/kotcrab/vis/ui/widget/PopupMenu.java	249	983f0e3f5a0af5c9	
member	com.kotcrab.vis.ui.widget.PopupMenu#getDefaultInputListener(int)	sge.visui.widget.PopupMenu#getDefaultInputListener(int)	Renamed	-	com/kotcrab/vis/ui/widget/PopupMenu.java	258	4b99f25388d5f554	
member	com.kotcrab.vis.ui.widget.PopupMenu#getListener()	sge.visui.widget.PopupMenu#getListener()	Renamed	-	com/kotcrab/vis/ui/widget/PopupMenu.java	359	0806b348bc4dc8fa	
member	com.kotcrab.vis.ui.widget.PopupMenu#getRootMenu()	sge.visui.widget.PopupMenu#getRootMenu()	Renamed	-	com/kotcrab/vis/ui/widget/PopupMenu.java	171	5a0a1c7e0981857c	vis=private
member	com.kotcrab.vis.ui.widget.PopupMenu#hasSelectableMenuItems()	sge.visui.widget.PopupMenu#hasSelectableMenuItems()	Renamed	-	com/kotcrab/vis/ui/widget/PopupMenu.java	217	7f091437380683a8	vis=private
member	com.kotcrab.vis.ui.widget.PopupMenu#listener	sge.visui.widget.PopupMenu#listener	Renamed	-	com/kotcrab/vis/ui/widget/PopupMenu.java	49	e55b0b36775a6b17	vis=private
member	com.kotcrab.vis.ui.widget.PopupMenu#parentSubMenu	sge.visui.widget.PopupMenu#parentSubMenu	Renamed	-	com/kotcrab/vis/ui/widget/PopupMenu.java	58	6aac6f03f61450fe	vis=private
member	com.kotcrab.vis.ui.widget.PopupMenu#remove()	sge.visui.widget.PopupMenu#remove()	Renamed	-	com/kotcrab/vis/ui/widget/PopupMenu.java	337	feef20bb4c0dbe37	
member	com.kotcrab.vis.ui.widget.PopupMenu#removeEveryMenu(Stage)	sge.visui.widget.PopupMenu#removeEveryMenu(Stage)	Renamed	-	com/kotcrab/vis/ui/widget/PopupMenu.java	90	0aa26a26581917c7	placement=companion
member	com.kotcrab.vis.ui.widget.PopupMenu#removeHierarchy()	sge.visui.widget.PopupMenu#removeHierarchy()	Renamed	-	com/kotcrab/vis/ui/widget/PopupMenu.java	182	7e1011604798135a	vis=private
member	com.kotcrab.vis.ui.widget.PopupMenu#selectNextItem()	sge.visui.widget.PopupMenu#selectNextItem()	Renamed	-	com/kotcrab/vis/ui/widget/PopupMenu.java	189	2a4e6d88d3ee9fef	vis=private
member	com.kotcrab.vis.ui.widget.PopupMenu#selectPreviousItem()	sge.visui.widget.PopupMenu#selectPreviousItem()	Renamed	-	com/kotcrab/vis/ui/widget/PopupMenu.java	203	e9039d9edb658566	vis=private
member	com.kotcrab.vis.ui.widget.PopupMenu#setActiveItem(MenuItem,boolean)	sge.visui.widget.PopupMenu#setActiveItem(MenuItem,boolean)	Renamed	-	com/kotcrab/vis/ui/widget/PopupMenu.java	346	f6584e1eae27b188	
member	com.kotcrab.vis.ui.widget.PopupMenu#setActiveSubMenu(PopupMenu)	sge.visui.widget.PopupMenu#setActiveSubMenu(PopupMenu)	Renamed	-	com/kotcrab/vis/ui/widget/PopupMenu.java	317	cb8c3a8c696f3bab	
member	com.kotcrab.vis.ui.widget.PopupMenu#setListener(PopupMenuListener)	sge.visui.widget.PopupMenu#setListener(PopupMenuListener)	Renamed	-	com/kotcrab/vis/ui/widget/PopupMenu.java	363	55865af22defab53	
member	com.kotcrab.vis.ui.widget.PopupMenu#setParentMenu(PopupMenu)	sge.visui.widget.PopupMenu#setParentMenu(PopupMenu)	Renamed	-	com/kotcrab/vis/ui/widget/PopupMenu.java	355	f5103db39098376a	
member	com.kotcrab.vis.ui.widget.PopupMenu#setStage(Stage)	sge.visui.widget.PopupMenu#setStage(Stage)	Renamed	-	com/kotcrab/vis/ui/widget/PopupMenu.java	331	234df0a789ea0dbf	
member	com.kotcrab.vis.ui.widget.PopupMenu#sharedMenuItemChangeListener	sge.visui.widget.PopupMenu#sharedMenuItemChangeListener	Renamed	-	com/kotcrab/vis/ui/widget/PopupMenu.java	54	c499e75f88208b21	vis=private
member	com.kotcrab.vis.ui.widget.PopupMenu#sharedMenuItemInputListener	sge.visui.widget.PopupMenu#sharedMenuItemInputListener	Renamed	-	com/kotcrab/vis/ui/widget/PopupMenu.java	52	ccbc7ddc1bc8c688	vis=private
member	com.kotcrab.vis.ui.widget.PopupMenu#showMenu(Stage,Actor)	sge.visui.widget.PopupMenu#showMenu(Stage,Actor)	Renamed	-	com/kotcrab/vis/ui/widget/PopupMenu.java	301	f2e6feeb787d9079	
member	com.kotcrab.vis.ui.widget.PopupMenu#showMenu(Stage,float,float)	sge.visui.widget.PopupMenu#showMenu(Stage,float,float)	Renamed	-	com/kotcrab/vis/ui/widget/PopupMenu.java	289	12571ae09a5e731d	
member	com.kotcrab.vis.ui.widget.PopupMenu#sizes	sge.visui.widget.PopupMenu#sizes	Renamed	-	com/kotcrab/vis/ui/widget/PopupMenu.java	47	716ba7cc095036b5	
member	com.kotcrab.vis.ui.widget.PopupMenu#stageListener	sge.visui.widget.PopupMenu#stageListener	Renamed	-	com/kotcrab/vis/ui/widget/PopupMenu.java	51	951ad0a492b61666	vis=private
member	com.kotcrab.vis.ui.widget.PopupMenu#style	sge.visui.widget.PopupMenu#style	Renamed	-	com/kotcrab/vis/ui/widget/PopupMenu.java	48	e0fc72957c382d18	
member	com.kotcrab.vis.ui.widget.PopupMenu#subMenuStructureContains(float,float)	sge.visui.widget.PopupMenu#subMenuStructureContains(float,float)	Renamed	-	com/kotcrab/vis/ui/widget/PopupMenu.java	176	b4a98a5ef6ff2186	vis=private
member	com.kotcrab.vis.ui.widget.PopupMenu#tmpVector	sge.visui.widget.PopupMenu#tmpVector	Renamed	-	com/kotcrab/vis/ui/widget/PopupMenu.java	45	be8dda2052a87fa2	placement=companion vis=private
member	com.kotcrab.vis.ui.widget.PopupMenu$PopupMenuListener#activeItemChanged(MenuItem,boolean)	sge.visui.widget.PopupMenu$PopupMenuListener#activeItemChanged(MenuItem,boolean)	Renamed	-	com/kotcrab/vis/ui/widget/PopupMenu.java	378	c213f9d4540805ba	
member	com.kotcrab.vis.ui.widget.PopupMenu$PopupMenuStyle#<init>()	sge.visui.widget.PopupMenu$PopupMenuStyle#<init>()	Renamed	-	com/kotcrab/vis/ui/widget/PopupMenu.java	385	9486a53210e02249	
member	com.kotcrab.vis.ui.widget.PopupMenu$PopupMenuStyle#<init>(Drawable,Drawable)	sge.visui.widget.PopupMenu$PopupMenuStyle#<init>(Drawable,Drawable)	Renamed	-	com/kotcrab/vis/ui/widget/PopupMenu.java	388	00179bd889a39567	
member	com.kotcrab.vis.ui.widget.PopupMenu$PopupMenuStyle#<init>(PopupMenuStyle)	sge.visui.widget.PopupMenu$PopupMenuStyle#<init>(PopupMenuStyle)	Renamed	-	com/kotcrab/vis/ui/widget/PopupMenu.java	393	85eb638769183d3e	
member	com.kotcrab.vis.ui.widget.PopupMenu$PopupMenuStyle#background	sge.visui.widget.PopupMenu$PopupMenuStyle#background	Renamed	-	com/kotcrab/vis/ui/widget/PopupMenu.java	382	075c4bce4069ca09	
member	com.kotcrab.vis.ui.widget.PopupMenu$PopupMenuStyle#border	sge.visui.widget.PopupMenu$PopupMenuStyle#border	Renamed	-	com/kotcrab/vis/ui/widget/PopupMenu.java	383	76da42b1bf860e00	
member	com.kotcrab.vis.ui.widget.ScrollableTextArea#<init>(String,Sge)	sge.visui.widget.ScrollableTextArea#<init>(String,Sge)	Renamed	-	com/kotcrab/vis/ui/widget/ScrollableTextArea.java	40	dac96b3dcc17593a	
member	com.kotcrab.vis.ui.widget.ScrollableTextArea#<init>(String,String,Sge)	sge.visui.widget.ScrollableTextArea#<init>(String,String,Sge)	Renamed	-	com/kotcrab/vis/ui/widget/ScrollableTextArea.java	44	be49d085b2811d1b	
member	com.kotcrab.vis.ui.widget.ScrollableTextArea#<init>(String,VisTextFieldStyle,Sge)	sge.visui.widget.ScrollableTextArea#<init>(String,VisTextFieldStyle,Sge)	Renamed	-	com/kotcrab/vis/ui/widget/ScrollableTextArea.java	48	53845d108fb3356c	
member	com.kotcrab.vis.ui.widget.ScrollableTextArea#changeText(String,String)	sge.visui.widget.ScrollableTextArea#changeText(String,String)	Renamed	-	com/kotcrab/vis/ui/widget/ScrollableTextArea.java	119	e70dc291d3fedcc4	
member	com.kotcrab.vis.ui.widget.ScrollableTextArea#createCompatibleScrollPane()	sge.visui.widget.ScrollableTextArea#createCompatibleScrollPane()	Renamed	-	com/kotcrab/vis/ui/widget/ScrollableTextArea.java	89	98911f64e343d406	
member	com.kotcrab.vis.ui.widget.ScrollableTextArea#createInputListener()	sge.visui.widget.ScrollableTextArea#createInputListener()	Renamed	-	com/kotcrab/vis/ui/widget/ScrollableTextArea.java	53	d151c587e4a7eaf9	
member	com.kotcrab.vis.ui.widget.ScrollableTextArea#cullingArea	sge.visui.widget.ScrollableTextArea#cullingArea	Renamed	-	com/kotcrab/vis/ui/widget/ScrollableTextArea.java	38	6df710909929dc77	vis=private
member	com.kotcrab.vis.ui.widget.ScrollableTextArea#getPrefHeight()	sge.visui.widget.ScrollableTextArea#getPrefHeight()	Renamed	-	com/kotcrab/vis/ui/widget/ScrollableTextArea.java	106	ca8a3ef9ebbe9284	
member	com.kotcrab.vis.ui.widget.ScrollableTextArea#setCullingArea(Nullable)	sge.visui.widget.ScrollableTextArea#setCullingArea(Nullable<Rectangle>)	Renamed	-	com/kotcrab/vis/ui/widget/ScrollableTextArea.java	79	530eaf31ad03ca5e	
member	com.kotcrab.vis.ui.widget.ScrollableTextArea#setParent(Nullable)	sge.visui.widget.ScrollableTextArea#setParent(Nullable<Group>)	Renamed	-	com/kotcrab/vis/ui/widget/ScrollableTextArea.java	58	f0d2a62c9783d971	
member	com.kotcrab.vis.ui.widget.ScrollableTextArea#setText(String)	sge.visui.widget.ScrollableTextArea#setText(String)	Renamed	-	com/kotcrab/vis/ui/widget/ScrollableTextArea.java	111	dd754125970ef84f	
member	com.kotcrab.vis.ui.widget.ScrollableTextArea#sizeChanged()	sge.visui.widget.ScrollableTextArea#sizeChanged()	Renamed	-	com/kotcrab/vis/ui/widget/ScrollableTextArea.java	100	3d701c536d61c0f2	
member	com.kotcrab.vis.ui.widget.ScrollableTextArea#updateScrollLayout()	sge.visui.widget.ScrollableTextArea#updateScrollLayout()	Renamed	-	com/kotcrab/vis/ui/widget/ScrollableTextArea.java	125	5486b9b94640b087	
member	com.kotcrab.vis.ui.widget.ScrollableTextArea#updateScrollPosition()	sge.visui.widget.ScrollableTextArea#updateScrollPosition()	Renamed	-	com/kotcrab/vis/ui/widget/ScrollableTextArea.java	65	5286672c51daa873	vis=private
member	com.kotcrab.vis.ui.widget.ScrollableTextArea$ScrollTextAreaListener#keyDown(InputEvent,int)	sge.visui.widget.ScrollableTextArea$ScrollTextAreaListener#keyDown(InputEvent,int)	Renamed	-	com/kotcrab/vis/ui/widget/ScrollableTextArea.java	134	7682a092437b5680	
member	com.kotcrab.vis.ui.widget.ScrollableTextArea$ScrollTextAreaListener#keyTyped(InputEvent,char)	sge.visui.widget.ScrollableTextArea$ScrollTextAreaListener#keyTyped(InputEvent,char)	Renamed	-	com/kotcrab/vis/ui/widget/ScrollableTextArea.java	140	fd17a9338e8e549d	
member	com.kotcrab.vis.ui.widget.Separator#<init>(SeparatorStyle,Sge)	sge.visui.widget.Separator#<init>(SeparatorStyle,Sge)	Renamed	-	com/kotcrab/vis/ui/widget/Separator.java	44	401c6c672c932ba3	
member	com.kotcrab.vis.ui.widget.Separator#<init>(Sge)	sge.visui.widget.Separator#<init>(Sge)	Renamed	-	com/kotcrab/vis/ui/widget/Separator.java	36	3533b0bfadd2146b	
member	com.kotcrab.vis.ui.widget.Separator#<init>(String,Sge)	sge.visui.widget.Separator#<init>(String,Sge)	Renamed	-	com/kotcrab/vis/ui/widget/Separator.java	40	6d1b9222c29abb88	
member	com.kotcrab.vis.ui.widget.Separator#draw(Batch,float)	sge.visui.widget.Separator#draw(Batch,float)	Renamed	-	com/kotcrab/vis/ui/widget/Separator.java	59	351cb3e4dab77ea7	
member	com.kotcrab.vis.ui.widget.Separator#getPrefHeight()	sge.visui.widget.Separator#getPrefHeight()	Renamed	-	com/kotcrab/vis/ui/widget/Separator.java	49	7b943b27de25b915	
member	com.kotcrab.vis.ui.widget.Separator#getPrefWidth()	sge.visui.widget.Separator#getPrefWidth()	Renamed	-	com/kotcrab/vis/ui/widget/Separator.java	54	8f7bf48ef18adf9d	
member	com.kotcrab.vis.ui.widget.Separator#getStyle()	sge.visui.widget.Separator#getStyle()	Renamed	-	com/kotcrab/vis/ui/widget/Separator.java	65	42408fb7706bee13	
member	com.kotcrab.vis.ui.widget.Separator#style	sge.visui.widget.Separator#style	Renamed	-	com/kotcrab/vis/ui/widget/Separator.java	33	436c0e30149a46b2	
member	com.kotcrab.vis.ui.widget.Separator$SeparatorStyle#<init>()	sge.visui.widget.Separator$SeparatorStyle#<init>()	Renamed	-	com/kotcrab/vis/ui/widget/Separator.java	73	067307ab3b2c5d32	
member	com.kotcrab.vis.ui.widget.Separator$SeparatorStyle#<init>(Drawable,int)	sge.visui.widget.Separator$SeparatorStyle#<init>(Drawable,int)	Renamed	-	com/kotcrab/vis/ui/widget/Separator.java	81	57f13df769c4394d	
member	com.kotcrab.vis.ui.widget.Separator$SeparatorStyle#<init>(SeparatorStyle)	sge.visui.widget.Separator$SeparatorStyle#<init>(SeparatorStyle)	Renamed	-	com/kotcrab/vis/ui/widget/Separator.java	76	1396e5873a061701	
member	com.kotcrab.vis.ui.widget.Separator$SeparatorStyle#background	sge.visui.widget.Separator$SeparatorStyle#background	Renamed	-	com/kotcrab/vis/ui/widget/Separator.java	70	075c4bce4069ca09	
member	com.kotcrab.vis.ui.widget.Separator$SeparatorStyle#thickness	sge.visui.widget.Separator$SeparatorStyle#thickness	Renamed	-	com/kotcrab/vis/ui/widget/Separator.java	71	bb5ddd836d8fe113	
member	com.kotcrab.vis.ui.widget.Tooltip#<init>(Builder,Sge)	sge.visui.widget.Tooltip#<init>(Builder,Sge)	Renamed	-	com/kotcrab/vis/ui/widget/Tooltip.java	64	ee61bd7d9f476766	vis=private
member	com.kotcrab.vis.ui.widget.Tooltip#<init>(Sge)	sge.visui.widget.Tooltip#<init>(Sge)	Renamed	-	com/kotcrab/vis/ui/widget/Tooltip.java	77	0b4978796beb256d	
member	com.kotcrab.vis.ui.widget.Tooltip#<init>(String,Sge)	sge.visui.widget.Tooltip#<init>(String,Sge)	Renamed	-	com/kotcrab/vis/ui/widget/Tooltip.java	81	8feb89799c4d260a	
member	com.kotcrab.vis.ui.widget.Tooltip#<init>(TooltipStyle,Sge)	sge.visui.widget.Tooltip#<init>(TooltipStyle,Sge)	Renamed	-	com/kotcrab/vis/ui/widget/Tooltip.java	86	9c0843d2044b5ace	
member	com.kotcrab.vis.ui.widget.Tooltip#DEFAULT_APPEAR_DELAY_TIME	sge.visui.widget.Tooltip#DEFAULT_APPEAR_DELAY_TIME	Renamed	-	com/kotcrab/vis/ui/widget/Tooltip.java	45	e4b956a8f0968785	placement=companion
member	com.kotcrab.vis.ui.widget.Tooltip#DEFAULT_FADE_TIME	sge.visui.widget.Tooltip#DEFAULT_FADE_TIME	Renamed	-	com/kotcrab/vis/ui/widget/Tooltip.java	44	540bca1446035baf	placement=companion
member	com.kotcrab.vis.ui.widget.Tooltip#MOUSE_MOVED_FADEOUT	sge.visui.widget.Tooltip#MOUSE_MOVED_FADEOUT	Renamed	-	com/kotcrab/vis/ui/widget/Tooltip.java	50	537b400d835ecd9d	placement=companion
member	com.kotcrab.vis.ui.widget.Tooltip#appearDelayTime	sge.visui.widget.Tooltip#appearDelayTime	Renamed	-	com/kotcrab/vis/ui/widget/Tooltip.java	62	00eb51588c76ec9f	vis=private
member	com.kotcrab.vis.ui.widget.Tooltip#attach()	sge.visui.widget.Tooltip#attach()	Renamed	-	com/kotcrab/vis/ui/widget/Tooltip.java	143	6c75aaa548ceabac	
member	com.kotcrab.vis.ui.widget.Tooltip#content	sge.visui.widget.Tooltip#content	Renamed	-	com/kotcrab/vis/ui/widget/Tooltip.java	53	5557e956cffdb4e4	vis=private
member	com.kotcrab.vis.ui.widget.Tooltip#contentCell	sge.visui.widget.Tooltip#contentCell	Renamed	-	com/kotcrab/vis/ui/widget/Tooltip.java	54	1a26b96b81282ded	vis=private
member	com.kotcrab.vis.ui.widget.Tooltip#detach()	sge.visui.widget.Tooltip#detach()	Renamed	-	com/kotcrab/vis/ui/widget/Tooltip.java	159	5b4e5445927cee6f	
member	com.kotcrab.vis.ui.widget.Tooltip#displayTask	sge.visui.widget.Tooltip#displayTask	Renamed	-	com/kotcrab/vis/ui/widget/Tooltip.java	59	6626ec7e34deaf73	vis=private
member	com.kotcrab.vis.ui.widget.Tooltip#fadeIn()	sge.visui.widget.Tooltip#fadeIn()	Renamed	-	com/kotcrab/vis/ui/widget/Tooltip.java	180	cde5885961374697	vis=private
member	com.kotcrab.vis.ui.widget.Tooltip#fadeOut()	sge.visui.widget.Tooltip#fadeOut()	Renamed	-	com/kotcrab/vis/ui/widget/Tooltip.java	175	f559af6bb74552dd	vis=private
member	com.kotcrab.vis.ui.widget.Tooltip#fadeTime	sge.visui.widget.Tooltip#fadeTime	Renamed	-	com/kotcrab/vis/ui/widget/Tooltip.java	61	10e142055d5c6419	vis=private
member	com.kotcrab.vis.ui.widget.Tooltip#getAppearDelayTime()	sge.visui.widget.Tooltip#getAppearDelayTime()	Renamed	-	com/kotcrab/vis/ui/widget/Tooltip.java	220	219b680c9951d673	
member	com.kotcrab.vis.ui.widget.Tooltip#getContent()	sge.visui.widget.Tooltip#getContent()	Renamed	-	com/kotcrab/vis/ui/widget/Tooltip.java	187	6b9cd9bcfeef8e9a	
member	com.kotcrab.vis.ui.widget.Tooltip#getContentCell()	sge.visui.widget.Tooltip#getContentCell()	Renamed	-	com/kotcrab/vis/ui/widget/Tooltip.java	197	f2f7e6362efb9858	
member	com.kotcrab.vis.ui.widget.Tooltip#getFadeTime()	sge.visui.widget.Tooltip#getFadeTime()	Renamed	-	com/kotcrab/vis/ui/widget/Tooltip.java	228	8b633030d0ed5423	
member	com.kotcrab.vis.ui.widget.Tooltip#getTarget()	sge.visui.widget.Tooltip#getTarget()	Renamed	-	com/kotcrab/vis/ui/widget/Tooltip.java	171	3dccc19c001ed960	
member	com.kotcrab.vis.ui.widget.Tooltip#init(TooltipStyle,Actor,Actor)	sge.visui.widget.Tooltip#init(TooltipStyle,Actor,Actor)	Renamed	-	com/kotcrab/vis/ui/widget/Tooltip.java	102	a2c16347710048f8	vis=private
member	com.kotcrab.vis.ui.widget.Tooltip#isMouseMoveFadeOut()	sge.visui.widget.Tooltip#isMouseMoveFadeOut()	Renamed	-	com/kotcrab/vis/ui/widget/Tooltip.java	236	99b41037b772bd43	
member	com.kotcrab.vis.ui.widget.Tooltip#listener	sge.visui.widget.Tooltip#listener	Renamed	-	com/kotcrab/vis/ui/widget/Tooltip.java	57	67a9aec1c931425f	vis=private
member	com.kotcrab.vis.ui.widget.Tooltip#mouseMoveFadeOut	sge.visui.widget.Tooltip#mouseMoveFadeOut	Renamed	-	com/kotcrab/vis/ui/widget/Tooltip.java	56	b308986497540c8d	vis=private
member	com.kotcrab.vis.ui.widget.Tooltip#removeTooltip(Actor)	sge.visui.widget.Tooltip#removeTooltip(Actor)	Renamed	-	com/kotcrab/vis/ui/widget/Tooltip.java	95	e51126aa2645549d	placement=companion
member	com.kotcrab.vis.ui.widget.Tooltip#setAppearDelayTime(float)	sge.visui.widget.Tooltip#setAppearDelayTime(float)	Renamed	-	com/kotcrab/vis/ui/widget/Tooltip.java	224	71c4eed431c72750	
member	com.kotcrab.vis.ui.widget.Tooltip#setContent(Actor)	sge.visui.widget.Tooltip#setContent(Actor)	Renamed	-	com/kotcrab/vis/ui/widget/Tooltip.java	191	6a141844301ff61a	
member	com.kotcrab.vis.ui.widget.Tooltip#setFadeTime(float)	sge.visui.widget.Tooltip#setFadeTime(float)	Renamed	-	com/kotcrab/vis/ui/widget/Tooltip.java	232	7c680013af8dc161	
member	com.kotcrab.vis.ui.widget.Tooltip#setMouseMoveFadeOut(boolean)	sge.visui.widget.Tooltip#setMouseMoveFadeOut(boolean)	Renamed	-	com/kotcrab/vis/ui/widget/Tooltip.java	244	a708d058a329122a	
member	com.kotcrab.vis.ui.widget.Tooltip#setPosition(float,float)	sge.visui.widget.Tooltip#setPosition(float,float)	Renamed	-	com/kotcrab/vis/ui/widget/Tooltip.java	216	f940a4392614324d	
member	com.kotcrab.vis.ui.widget.Tooltip#setTarget(Actor)	sge.visui.widget.Tooltip#setTarget(Actor)	Renamed	-	com/kotcrab/vis/ui/widget/Tooltip.java	165	b3d12b6c9f29601b	
member	com.kotcrab.vis.ui.widget.Tooltip#setText(String)	sge.visui.widget.Tooltip#setText(String)	Renamed	-	com/kotcrab/vis/ui/widget/Tooltip.java	206	2356aff7316e4eec	
member	com.kotcrab.vis.ui.widget.Tooltip#target	sge.visui.widget.Tooltip#target	Renamed	-	com/kotcrab/vis/ui/widget/Tooltip.java	52	92cdbd41cc7b321f	vis=private
member	com.kotcrab.vis.ui.widget.Tooltip$Builder#<init>(Actor,Sge)	sge.visui.widget.Tooltip$Builder#<init>(Actor,Sge)	Renamed	-	com/kotcrab/vis/ui/widget/Tooltip.java	324	0c2b2e4cc979764a	
member	com.kotcrab.vis.ui.widget.Tooltip$Builder#<init>(String,Sge)	sge.visui.widget.Tooltip$Builder#<init>(String,Sge)	Renamed	-	com/kotcrab/vis/ui/widget/Tooltip.java	328	9863a161e923af43	
member	com.kotcrab.vis.ui.widget.Tooltip$Builder#<init>(String,int,Sge)	sge.visui.widget.Tooltip$Builder#<init>(String,int,Sge)	Renamed	-	com/kotcrab/vis/ui/widget/Tooltip.java	332	0b52e6a4d4beee82	
member	com.kotcrab.vis.ui.widget.Tooltip$Builder#build()	sge.visui.widget.Tooltip$Builder#build()	Renamed	-	com/kotcrab/vis/ui/widget/Tooltip.java	362	18d5e34dc34d96fc	
member	com.kotcrab.vis.ui.widget.Tooltip$Builder#content	sge.visui.widget.Tooltip$Builder#content	Renamed	-	com/kotcrab/vis/ui/widget/Tooltip.java	318	75af5f1ef3835441	
member	com.kotcrab.vis.ui.widget.Tooltip$Builder#style	sge.visui.widget.Tooltip$Builder#style	Renamed	-	com/kotcrab/vis/ui/widget/Tooltip.java	321	8966ba7c6d117353	name=style$field
member	com.kotcrab.vis.ui.widget.Tooltip$Builder#style(String)	sge.visui.widget.Tooltip$Builder#style(String)	Renamed	-	com/kotcrab/vis/ui/widget/Tooltip.java	343	82bf90225ee4bff6	
member	com.kotcrab.vis.ui.widget.Tooltip$Builder#style(TooltipStyle)	sge.visui.widget.Tooltip$Builder#style(TooltipStyle)	Renamed	-	com/kotcrab/vis/ui/widget/Tooltip.java	347	b6f80d7b1cba0f2e	
member	com.kotcrab.vis.ui.widget.Tooltip$Builder#target	sge.visui.widget.Tooltip$Builder#target	Renamed	-	com/kotcrab/vis/ui/widget/Tooltip.java	320	466446828de37605	name=target$field
member	com.kotcrab.vis.ui.widget.Tooltip$Builder#target(Actor)	sge.visui.widget.Tooltip$Builder#target(Actor)	Renamed	-	com/kotcrab/vis/ui/widget/Tooltip.java	338	a2d5dc387caa3435	
member	com.kotcrab.vis.ui.widget.Tooltip$Builder#width	sge.visui.widget.Tooltip$Builder#width	Renamed	-	com/kotcrab/vis/ui/widget/Tooltip.java	322	d286e6f07288c267	name=width$field
member	com.kotcrab.vis.ui.widget.Tooltip$Builder#width(float)	sge.visui.widget.Tooltip$Builder#width(float)	Renamed	-	com/kotcrab/vis/ui/widget/Tooltip.java	353	eec57e71d630b3ef	
member	com.kotcrab.vis.ui.widget.Tooltip$DisplayTask#run()	sge.visui.widget.Tooltip$DisplayTask#run()	Renamed	-	com/kotcrab/vis/ui/widget/Tooltip.java	250	e977a67828d5b53e	
member	com.kotcrab.vis.ui.widget.Tooltip$TooltipInputListener#enter(InputEvent,float,float,int,Nullable)	sge.visui.widget.Tooltip$TooltipInputListener#enter(InputEvent,float,float,int,Nullable<Actor>)	Renamed	-	com/kotcrab/vis/ui/widget/Tooltip.java	267	640b1b371780420e	
member	com.kotcrab.vis.ui.widget.Tooltip$TooltipInputListener#exit(InputEvent,float,float,int,Nullable)	sge.visui.widget.Tooltip$TooltipInputListener#exit(InputEvent,float,float,int,Nullable<Actor>)	Renamed	-	com/kotcrab/vis/ui/widget/Tooltip.java	288	620963003e24e95f	
member	com.kotcrab.vis.ui.widget.Tooltip$TooltipInputListener#mouseMoved(InputEvent,float,float)	sge.visui.widget.Tooltip$TooltipInputListener#mouseMoved(InputEvent,float,float)	Renamed	-	com/kotcrab/vis/ui/widget/Tooltip.java	296	5465066097d2c6be	
member	com.kotcrab.vis.ui.widget.Tooltip$TooltipInputListener#touchDown(InputEvent,float,float,int,int)	sge.visui.widget.Tooltip$TooltipInputListener#touchDown(InputEvent,float,float,int,int)	Renamed	-	com/kotcrab/vis/ui/widget/Tooltip.java	259	a1336844725250a3	
member	com.kotcrab.vis.ui.widget.Tooltip$TooltipStyle#<init>()	sge.visui.widget.Tooltip$TooltipStyle#<init>()	Renamed	-	com/kotcrab/vis/ui/widget/Tooltip.java	305	b16bccad8ca6a899	
member	com.kotcrab.vis.ui.widget.Tooltip$TooltipStyle#<init>(Drawable)	sge.visui.widget.Tooltip$TooltipStyle#<init>(Drawable)	Renamed	-	com/kotcrab/vis/ui/widget/Tooltip.java	312	10686800118800b1	
member	com.kotcrab.vis.ui.widget.Tooltip$TooltipStyle#<init>(TooltipStyle)	sge.visui.widget.Tooltip$TooltipStyle#<init>(TooltipStyle)	Renamed	-	com/kotcrab/vis/ui/widget/Tooltip.java	308	68727cc81b0d0869	
member	com.kotcrab.vis.ui.widget.Tooltip$TooltipStyle#background	sge.visui.widget.Tooltip$TooltipStyle#background	Renamed	-	com/kotcrab/vis/ui/widget/Tooltip.java	303	075c4bce4069ca09	
member	com.kotcrab.vis.ui.widget.label	label	Renamed	-	com/kotcrab/vis/ui/widget/VisCheckBox.java	78	ae98bacb619dedec	name=label$p
member	com.kotcrab.vis.ui.widget.VisCheckBox#<init>(String,Sge)	sge.visui.widget.VisCheckBox#<init>(String,Sge)	Renamed	-	com/kotcrab/vis/ui/widget/VisCheckBox.java	58	fb43b7e5d26e26d5	
member	com.kotcrab.vis.ui.widget.VisCheckBox#<init>(String,String,Sge)	sge.visui.widget.VisCheckBox#<init>(String,String,Sge)	Renamed	-	com/kotcrab/vis/ui/widget/VisCheckBox.java	67	8603b8e9a449b699	
member	com.kotcrab.vis.ui.widget.VisCheckBox#<init>(String,boolean,Sge)	sge.visui.widget.VisCheckBox#<init>(String,boolean,Sge)	Renamed	-	com/kotcrab/vis/ui/widget/VisCheckBox.java	62	6fd17d0330ec1dbc	
member	com.kotcrab.vis.ui.widget.VisCheckBox#<stmt1>	sge.visui.widget.VisCheckBox#<stmt1>	Renamed	-	com/kotcrab/vis/ui/widget/VisCheckBox.java	73	d38c36b50d2af0a1	
member	com.kotcrab.vis.ui.widget.VisCheckBox#<stmt2>	sge.visui.widget.VisCheckBox#<stmt2>	Renamed	-	com/kotcrab/vis/ui/widget/VisCheckBox.java	75	43c640f1e0e6a939	
member	com.kotcrab.vis.ui.widget.VisCheckBox#<stmt3>	sge.visui.widget.VisCheckBox#<stmt3>	Renamed	-	com/kotcrab/vis/ui/widget/VisCheckBox.java	76	7c83953413acf205	
member	com.kotcrab.vis.ui.widget.VisCheckBox#<stmt4>	sge.visui.widget.VisCheckBox#<stmt4>	Renamed	-	com/kotcrab/vis/ui/widget/VisCheckBox.java	77	8877bae3eeebad8a	
member	com.kotcrab.vis.ui.widget.VisCheckBox#<stmt5>	sge.visui.widget.VisCheckBox#<stmt5>	Renamed	-	com/kotcrab/vis/ui/widget/VisCheckBox.java	79	71b6a5324ce91c2c	
member	com.kotcrab.vis.ui.widget.VisCheckBox#<stmt6>	sge.visui.widget.VisCheckBox#<stmt6>	Renamed	-	com/kotcrab/vis/ui/widget/VisCheckBox.java	80	175b30fccab70529	
member	com.kotcrab.vis.ui.widget.VisCheckBox#<stmt7>	sge.visui.widget.VisCheckBox#<stmt7>	Renamed	-	com/kotcrab/vis/ui/widget/VisCheckBox.java	81	431836f48211c3df	
member	com.kotcrab.vis.ui.widget.VisCheckBox#<stmt8>	sge.visui.widget.VisCheckBox#<stmt8>	Renamed	-	com/kotcrab/vis/ui/widget/VisCheckBox.java	83	9b40519c6b0f9410	
member	com.kotcrab.vis.ui.widget.VisCheckBox#bgImage	sge.visui.widget.VisCheckBox#bgImage	Renamed	-	com/kotcrab/vis/ui/widget/VisCheckBox.java	49	068d8e634490b4a3	vis=private
member	com.kotcrab.vis.ui.widget.VisCheckBox#draw(Batch,float)	sge.visui.widget.VisCheckBox#draw(Batch,float)	Renamed	-	com/kotcrab/vis/ui/widget/VisCheckBox.java	110	cf3f0478dce8375f	
member	com.kotcrab.vis.ui.widget.VisCheckBox#drawBorder	sge.visui.widget.VisCheckBox#drawBorder	Renamed	-	com/kotcrab/vis/ui/widget/VisCheckBox.java	54	9568ad3b0c250ef8	vis=private
member	com.kotcrab.vis.ui.widget.VisCheckBox#focusBorderEnabled	sge.visui.widget.VisCheckBox#focusBorderEnabled	Renamed	-	com/kotcrab/vis/ui/widget/VisCheckBox.java	56	fde8d01e28c85c52	vis=private
member	com.kotcrab.vis.ui.widget.VisCheckBox#focusGained()	sge.visui.widget.VisCheckBox#focusGained()	Renamed	-	com/kotcrab/vis/ui/widget/VisCheckBox.java	167	a5c9a1cf03abbf80	
member	com.kotcrab.vis.ui.widget.VisCheckBox#focusLost()	sge.visui.widget.VisCheckBox#focusLost()	Renamed	-	com/kotcrab/vis/ui/widget/VisCheckBox.java	162	16db98a6d2791219	
member	com.kotcrab.vis.ui.widget.VisCheckBox#getBackgroundImage()	sge.visui.widget.VisCheckBox#getBackgroundImage()	Renamed	-	com/kotcrab/vis/ui/widget/VisCheckBox.java	136	c43db269412e8db0	
member	com.kotcrab.vis.ui.widget.VisCheckBox#getCheckboxBgImage()	sge.visui.widget.VisCheckBox#getCheckboxBgImage()	Renamed	-	com/kotcrab/vis/ui/widget/VisCheckBox.java	122	979c05d8e998855d	
member	com.kotcrab.vis.ui.widget.VisCheckBox#getCheckboxTickImage()	sge.visui.widget.VisCheckBox#getCheckboxTickImage()	Renamed	-	com/kotcrab/vis/ui/widget/VisCheckBox.java	129	65f9c8729bc6d664	
member	com.kotcrab.vis.ui.widget.VisCheckBox#getImageStack()	sge.visui.widget.VisCheckBox#getImageStack()	Renamed	-	com/kotcrab/vis/ui/widget/VisCheckBox.java	144	bcd1a943c1395f83	
member	com.kotcrab.vis.ui.widget.VisCheckBox#getImageStackCell()	sge.visui.widget.VisCheckBox#getImageStackCell()	Renamed	-	com/kotcrab/vis/ui/widget/VisCheckBox.java	148	da20595b03930af7	
member	com.kotcrab.vis.ui.widget.VisCheckBox#getStyle()	sge.visui.widget.VisCheckBox#getStyle()	Renamed	-	com/kotcrab/vis/ui/widget/VisCheckBox.java	97	41241ad9e05f5d21	
member	com.kotcrab.vis.ui.widget.VisCheckBox#getTickImage()	sge.visui.widget.VisCheckBox#getTickImage()	Renamed	-	com/kotcrab/vis/ui/widget/VisCheckBox.java	140	4cf96cfec612286c	
member	com.kotcrab.vis.ui.widget.VisCheckBox#imageStack	sge.visui.widget.VisCheckBox#imageStack	Renamed	-	com/kotcrab/vis/ui/widget/VisCheckBox.java	51	a8337cf0088927ec	vis=private
member	com.kotcrab.vis.ui.widget.VisCheckBox#imageStackCell	sge.visui.widget.VisCheckBox#imageStackCell	Renamed	-	com/kotcrab/vis/ui/widget/VisCheckBox.java	52	694a265c5263c644	vis=private
member	com.kotcrab.vis.ui.widget.VisCheckBox#isFocusBorderEnabled()	sge.visui.widget.VisCheckBox#isFocusBorderEnabled()	Renamed	-	com/kotcrab/vis/ui/widget/VisCheckBox.java	172	9a7ffc5c1dca520e	
member	com.kotcrab.vis.ui.widget.VisCheckBox#setFocusBorderEnabled(boolean)	sge.visui.widget.VisCheckBox#setFocusBorderEnabled(boolean)	Renamed	-	com/kotcrab/vis/ui/widget/VisCheckBox.java	177	440b83f2a3ea2895	
member	com.kotcrab.vis.ui.widget.VisCheckBox#setStateInvalid()	sge.visui.widget.VisCheckBox#setStateInvalid()	Renamed	-	com/kotcrab/vis/ui/widget/VisCheckBox.java	157	9094112fd97df874	
member	com.kotcrab.vis.ui.widget.VisCheckBox#setStateInvalid(boolean)	sge.visui.widget.VisCheckBox#setStateInvalid(boolean)	Renamed	-	com/kotcrab/vis/ui/widget/VisCheckBox.java	153	ba1644164336e9da	
member	com.kotcrab.vis.ui.widget.VisCheckBox#setStyle(ButtonStyle)	sge.visui.widget.VisCheckBox#setStyle(ButtonStyle)	Renamed	-	com/kotcrab/vis/ui/widget/VisCheckBox.java	102	5683aa6e8be0fc8c	
member	com.kotcrab.vis.ui.widget.VisCheckBox#stateInvalid	sge.visui.widget.VisCheckBox#stateInvalid	Renamed	-	com/kotcrab/vis/ui/widget/VisCheckBox.java	55	48285de3d18a3132	vis=private
member	com.kotcrab.vis.ui.widget.VisCheckBox#style	sge.visui.widget.VisCheckBox#style	Renamed	-	com/kotcrab/vis/ui/widget/VisCheckBox.java	47	471c472e525faaa8	name=style$shadow$
member	com.kotcrab.vis.ui.widget.VisCheckBox#tickImage	sge.visui.widget.VisCheckBox#tickImage	Renamed	-	com/kotcrab/vis/ui/widget/VisCheckBox.java	50	fa97a35798a4843c	vis=private
member	com.kotcrab.vis.ui.widget.VisCheckBox$VisCheckBoxStyle#<init>(Drawable,Drawable,BitmapFont,Color)	sge.visui.widget.VisCheckBox$VisCheckBoxStyle#<init>(Drawable,Drawable,BitmapFont,Color)	Renamed	-	com/kotcrab/vis/ui/widget/VisCheckBox.java	195	f360b1b353e182cc	
member	com.kotcrab.vis.ui.widget.VisCheckBox$VisCheckBoxStyle#<init>(VisCheckBoxStyle)	sge.visui.widget.VisCheckBox$VisCheckBoxStyle#<init>(VisCheckBoxStyle)	Renamed	-	com/kotcrab/vis/ui/widget/VisCheckBox.java	202	9b866ab5ec8e8d7f	
member	com.kotcrab.vis.ui.widget.VisCheckBox$VisCheckBoxStyle#checkBackground	sge.visui.widget.VisCheckBox$VisCheckBoxStyle#checkBackground	Renamed	-	com/kotcrab/vis/ui/widget/VisCheckBox.java	185	38ce34ab8673d976	
member	com.kotcrab.vis.ui.widget.VisCheckBox$VisCheckBoxStyle#checkBackgroundDown	sge.visui.widget.VisCheckBox$VisCheckBoxStyle#checkBackgroundDown	Renamed	-	com/kotcrab/vis/ui/widget/VisCheckBox.java	187	062d0c7899bd56ac	
member	com.kotcrab.vis.ui.widget.VisCheckBox$VisCheckBoxStyle#checkBackgroundOver	sge.visui.widget.VisCheckBox$VisCheckBoxStyle#checkBackgroundOver	Renamed	-	com/kotcrab/vis/ui/widget/VisCheckBox.java	186	56f41d428aa5a7ca	
member	com.kotcrab.vis.ui.widget.VisCheckBox$VisCheckBoxStyle#errorBorder	sge.visui.widget.VisCheckBox$VisCheckBoxStyle#errorBorder	Renamed	-	com/kotcrab/vis/ui/widget/VisCheckBox.java	183	8e0a9f4bce9874ae	
member	com.kotcrab.vis.ui.widget.VisCheckBox$VisCheckBoxStyle#focusBorder	sge.visui.widget.VisCheckBox$VisCheckBoxStyle#focusBorder	Renamed	-	com/kotcrab/vis/ui/widget/VisCheckBox.java	182	ef636d133b4773c6	
member	com.kotcrab.vis.ui.widget.VisCheckBox$VisCheckBoxStyle#tick	sge.visui.widget.VisCheckBox$VisCheckBoxStyle#tick	Renamed	-	com/kotcrab/vis/ui/widget/VisCheckBox.java	188	5deb8709c74afdd9	
member	com.kotcrab.vis.ui.widget.VisCheckBox$VisCheckBoxStyle#tickDisabled	sge.visui.widget.VisCheckBox$VisCheckBoxStyle#tickDisabled	Renamed	-	com/kotcrab/vis/ui/widget/VisCheckBox.java	189	ad4dac47aaa29a84	
member	com.kotcrab.vis.ui.widget.VisDialog#<init>(String,Sge)	sge.visui.widget.VisDialog#<init>(String,Sge)	Renamed	-	com/kotcrab/vis/ui/widget/VisDialog.java	59	357ce1e368c9a751	
member	com.kotcrab.vis.ui.widget.VisDialog#<init>(String,String,Sge)	sge.visui.widget.VisDialog#<init>(String,String,Sge)	Renamed	-	com/kotcrab/vis/ui/widget/VisDialog.java	66	01ac004a8709b79a	
member	com.kotcrab.vis.ui.widget.VisDialog#<init>(String,WindowStyle,Sge)	sge.visui.widget.VisDialog#<init>(String,WindowStyle,Sge)	Renamed	-	com/kotcrab/vis/ui/widget/VisDialog.java	73	b8348873624c9d02	
member	com.kotcrab.vis.ui.widget.VisDialog#button(Button)	sge.visui.widget.VisDialog#button(Button)	Renamed	-	com/kotcrab/vis/ui/widget/VisDialog.java	188	433c77da391bf7fd	
member	com.kotcrab.vis.ui.widget.VisDialog#button(Button,Object)	sge.visui.widget.VisDialog#button(Button,Object)	Renamed	-	com/kotcrab/vis/ui/widget/VisDialog.java	196	db062ed4e06a93c7	
member	com.kotcrab.vis.ui.widget.VisDialog#button(String)	sge.visui.widget.VisDialog#button(String)	Renamed	-	com/kotcrab/vis/ui/widget/VisDialog.java	165	197cb397490a05f2	
member	com.kotcrab.vis.ui.widget.VisDialog#button(String,Object)	sge.visui.widget.VisDialog#button(String,Object)	Renamed	-	com/kotcrab/vis/ui/widget/VisDialog.java	173	3793b60f7daca951	
member	com.kotcrab.vis.ui.widget.VisDialog#button(String,Object,VisTextButtonStyle)	sge.visui.widget.VisDialog#button(String,Object,VisTextButtonStyle)	Renamed	-	com/kotcrab/vis/ui/widget/VisDialog.java	183	42a30c2914bc68be	
member	com.kotcrab.vis.ui.widget.VisDialog#buttonTable	sge.visui.widget.VisDialog#buttonTable	Renamed	-	com/kotcrab/vis/ui/widget/VisDialog.java	43	fd7f80ffc0ec1636	
member	com.kotcrab.vis.ui.widget.VisDialog#cancel()	sge.visui.widget.VisDialog#cancel()	Renamed	-	com/kotcrab/vis/ui/widget/VisDialog.java	290	a7bb5f999101014b	
member	com.kotcrab.vis.ui.widget.VisDialog#cancelHide	sge.visui.widget.VisDialog#cancelHide	Renamed	-	com/kotcrab/vis/ui/widget/VisDialog.java	47	f85e414687b9615d	
member	com.kotcrab.vis.ui.widget.VisDialog#contentTable	sge.visui.widget.VisDialog#contentTable	Renamed	-	com/kotcrab/vis/ui/widget/VisDialog.java	43	f68435ae6f2b2429	
member	com.kotcrab.vis.ui.widget.VisDialog#focusListener	sge.visui.widget.VisDialog#focusListener	Renamed	-	com/kotcrab/vis/ui/widget/VisDialog.java	49	3b19dc8de2d7eded	
member	com.kotcrab.vis.ui.widget.VisDialog#getButtonsTable()	sge.visui.widget.VisDialog#getButtonsTable()	Renamed	-	com/kotcrab/vis/ui/widget/VisDialog.java	139	8e6af863b41729ac	
member	com.kotcrab.vis.ui.widget.VisDialog#getContentTable()	sge.visui.widget.VisDialog#getContentTable()	Renamed	-	com/kotcrab/vis/ui/widget/VisDialog.java	135	6419c71105433923	
member	com.kotcrab.vis.ui.widget.VisDialog#hide()	sge.visui.widget.VisDialog#hide()	Renamed	-	com/kotcrab/vis/ui/widget/VisDialog.java	255	c3301804c8f7cd95	
member	com.kotcrab.vis.ui.widget.VisDialog#hide(Action)	sge.visui.widget.VisDialog#hide(Action)	Renamed	-	com/kotcrab/vis/ui/widget/VisDialog.java	232	e5597e3e46b347cf	
member	com.kotcrab.vis.ui.widget.VisDialog#ignoreTouchDown	sge.visui.widget.VisDialog#ignoreTouchDown	Renamed	-	com/kotcrab/vis/ui/widget/VisDialog.java	51	68cdcc044813f2f9	
member	com.kotcrab.vis.ui.widget.VisDialog#initialize()	sge.visui.widget.VisDialog#initialize()	Renamed	-	com/kotcrab/vis/ui/widget/VisDialog.java	80	35e319e726211918	vis=private
member	com.kotcrab.vis.ui.widget.VisDialog#key(int,Object)	sge.visui.widget.VisDialog#key(int,Object)	Renamed	-	com/kotcrab/vis/ui/widget/VisDialog.java	268	f37759e4e25fbc46	
member	com.kotcrab.vis.ui.widget.VisDialog#previousKeyboardFocus	sge.visui.widget.VisDialog#previousKeyboardFocus	Renamed	-	com/kotcrab/vis/ui/widget/VisDialog.java	48	f109f49d2956ac17	
member	com.kotcrab.vis.ui.widget.VisDialog#previousScrollFocus	sge.visui.widget.VisDialog#previousScrollFocus	Renamed	-	com/kotcrab/vis/ui/widget/VisDialog.java	48	4f969fe245c67b61	
member	com.kotcrab.vis.ui.widget.VisDialog#result(Object)	sge.visui.widget.VisDialog#result(Object)	Renamed	-	com/kotcrab/vis/ui/widget/VisDialog.java	287	5b16179c65e858e4	
member	com.kotcrab.vis.ui.widget.VisDialog#setObject(Actor,Object)	sge.visui.widget.VisDialog#setObject(Actor,Object)	Renamed	-	com/kotcrab/vis/ui/widget/VisDialog.java	260	f4ef1639cf8dc4ec	
member	com.kotcrab.vis.ui.widget.VisDialog#setStage(Stage)	sge.visui.widget.VisDialog#setStage(Stage)	Renamed	-	com/kotcrab/vis/ui/widget/VisDialog.java	127	152095e2a8838e77	
member	com.kotcrab.vis.ui.widget.VisDialog#show(Stage)	sge.visui.widget.VisDialog#show(Stage)	Renamed	-	com/kotcrab/vis/ui/widget/VisDialog.java	225	b37a43a8af5ded8c	
member	com.kotcrab.vis.ui.widget.VisDialog#show(Stage,Action)	sge.visui.widget.VisDialog#show(Stage,Action)	Renamed	-	com/kotcrab/vis/ui/widget/VisDialog.java	203	b582ee4ce859a193	
member	com.kotcrab.vis.ui.widget.VisDialog#skin	sge.visui.widget.VisDialog#skin	Renamed	-	com/kotcrab/vis/ui/widget/VisDialog.java	44	8f133f32b2f3377a	name=skin$shadow
member	com.kotcrab.vis.ui.widget.VisDialog#text(Label)	sge.visui.widget.VisDialog#text(Label)	Renamed	-	com/kotcrab/vis/ui/widget/VisDialog.java	156	157342b5d67af784	
member	com.kotcrab.vis.ui.widget.VisDialog#text(String)	sge.visui.widget.VisDialog#text(String)	Renamed	-	com/kotcrab/vis/ui/widget/VisDialog.java	144	76325837f31f5095	
member	com.kotcrab.vis.ui.widget.VisDialog#text(String,LabelStyle)	sge.visui.widget.VisDialog#text(String,LabelStyle)	Renamed	-	com/kotcrab/vis/ui/widget/VisDialog.java	151	b168733fe4ee3d19	
member	com.kotcrab.vis.ui.widget.VisDialog#values	sge.visui.widget.VisDialog#values	Renamed	-	com/kotcrab/vis/ui/widget/VisDialog.java	46	8e690b2fb8a1f423	
member	com.kotcrab.vis.ui.widget.VisImage#<init>(Drawable,Scaling,Sge)	sge.visui.widget.VisImage#<init>(Drawable,Scaling,Sge)	Renamed	-	com/kotcrab/vis/ui/widget/VisImage.java	62	327b842dd470d703	
member	com.kotcrab.vis.ui.widget.VisImage#<init>(Drawable,Scaling,int,Sge)	sge.visui.widget.VisImage#<init>(Drawable,Scaling,int,Sge)	Renamed	-	com/kotcrab/vis/ui/widget/VisImage.java	66	1375b3202f345805	
member	com.kotcrab.vis.ui.widget.VisImage#<init>(Drawable,Sge)	sge.visui.widget.VisImage#<init>(Drawable,Sge)	Renamed	-	com/kotcrab/vis/ui/widget/VisImage.java	58	6ad07cdb4fa58010	
member	com.kotcrab.vis.ui.widget.VisImage#<init>(NinePatch,Sge)	sge.visui.widget.VisImage#<init>(NinePatch,Sge)	Renamed	-	com/kotcrab/vis/ui/widget/VisImage.java	38	4cb9fba126499cc2	
member	com.kotcrab.vis.ui.widget.VisImage#<init>(Skin,String,Sge)	sge.visui.widget.VisImage#<init>(Skin,String,Sge)	Renamed	-	com/kotcrab/vis/ui/widget/VisImage.java	54	3d11205aac61c6b3	
member	com.kotcrab.vis.ui.widget.VisImage#<init>(String,Sge)	sge.visui.widget.VisImage#<init>(String,Sge)	Renamed	-	com/kotcrab/vis/ui/widget/VisImage.java	50	1b8b3d2fb03412b3	
member	com.kotcrab.vis.ui.widget.VisImage#<init>(Texture,Sge)	sge.visui.widget.VisImage#<init>(Texture,Sge)	Renamed	-	com/kotcrab/vis/ui/widget/VisImage.java	46	178ef073006c6fbe	
member	com.kotcrab.vis.ui.widget.VisImage#<init>(TextureRegion,Sge)	sge.visui.widget.VisImage#<init>(TextureRegion,Sge)	Renamed	-	com/kotcrab/vis/ui/widget/VisImage.java	42	968f6b26152f4cca	
member	com.kotcrab.vis.ui.widget.VisImage#setDrawable(Texture)	sge.visui.widget.VisImage#setDrawable(Texture)	Renamed	-	com/kotcrab/vis/ui/widget/VisImage.java	70	0ab0dfb69c96ec52	
member	com.kotcrab.vis.ui.widget.VisImageButton#<init>(Drawable,Drawable,Drawable,Sge)	sge.visui.widget.VisImageButton#<init>(Drawable,Drawable,Drawable,Sge)	Renamed	-	com/kotcrab/vis/ui/widget/VisImageButton.java	67	01714513d7558326	
member	com.kotcrab.vis.ui.widget.VisImageButton#<init>(Drawable,Drawable,Drawable,String,Sge)	sge.visui.widget.VisImageButton#<init>(Drawable,Drawable,Drawable,String,Sge)	Renamed	-	com/kotcrab/vis/ui/widget/VisImageButton.java	71	7e2b66a969043e67	
member	com.kotcrab.vis.ui.widget.VisImageButton#<init>(Drawable,Drawable,Sge)	sge.visui.widget.VisImageButton#<init>(Drawable,Drawable,Sge)	Renamed	-	com/kotcrab/vis/ui/widget/VisImageButton.java	63	0ec7d2fbebad0a8b	
member	com.kotcrab.vis.ui.widget.VisImageButton#<init>(Drawable,Sge)	sge.visui.widget.VisImageButton#<init>(Drawable,Sge)	Renamed	-	com/kotcrab/vis/ui/widget/VisImageButton.java	54	5b8c0d2cdb333dc1	
member	com.kotcrab.vis.ui.widget.VisImageButton#<init>(Drawable,String,Sge)	sge.visui.widget.VisImageButton#<init>(Drawable,String,Sge)	Renamed	-	com/kotcrab/vis/ui/widget/VisImageButton.java	58	d78f298b93260f23	
member	com.kotcrab.vis.ui.widget.VisImageButton#<init>(String,Sge)	sge.visui.widget.VisImageButton#<init>(String,Sge)	Renamed	-	com/kotcrab/vis/ui/widget/VisImageButton.java	80	4fd7a174c7175d2c	
member	com.kotcrab.vis.ui.widget.VisImageButton#<init>(VisImageButtonStyle,Sge)	sge.visui.widget.VisImageButton#<init>(VisImageButtonStyle,Sge)	Renamed	-	com/kotcrab/vis/ui/widget/VisImageButton.java	85	8aba0657ab38af0d	
member	com.kotcrab.vis.ui.widget.VisImageButton#disabled_=(boolean)	sge.visui.widget.VisImageButton#disabled_=(boolean)	Renamed	-	com/kotcrab/vis/ui/widget/VisImageButton.java	161	856e330b8942d48d	
member	com.kotcrab.vis.ui.widget.VisImageButton#draw(Batch,float)	sge.visui.widget.VisImageButton#draw(Batch,float)	Renamed	-	com/kotcrab/vis/ui/widget/VisImageButton.java	145	e1e78ffe7a69257e	
member	com.kotcrab.vis.ui.widget.VisImageButton#drawBorder	sge.visui.widget.VisImageButton#drawBorder	Renamed	-	com/kotcrab/vis/ui/widget/VisImageButton.java	49	9568ad3b0c250ef8	vis=private
member	com.kotcrab.vis.ui.widget.VisImageButton#focusBorderEnabled	sge.visui.widget.VisImageButton#focusBorderEnabled	Renamed	-	com/kotcrab/vis/ui/widget/VisImageButton.java	50	fde8d01e28c85c52	vis=private
member	com.kotcrab.vis.ui.widget.VisImageButton#focusGained()	sge.visui.widget.VisImageButton#focusGained()	Renamed	-	com/kotcrab/vis/ui/widget/VisImageButton.java	172	a5c9a1cf03abbf80	
member	com.kotcrab.vis.ui.widget.VisImageButton#focusLost()	sge.visui.widget.VisImageButton#focusLost()	Renamed	-	com/kotcrab/vis/ui/widget/VisImageButton.java	167	16db98a6d2791219	
member	com.kotcrab.vis.ui.widget.VisImageButton#generateDisabledImage	sge.visui.widget.VisImageButton#generateDisabledImage	Renamed	-	com/kotcrab/vis/ui/widget/VisImageButton.java	52	da121e1b4de663e1	vis=private
member	com.kotcrab.vis.ui.widget.VisImageButton#getImage()	sge.visui.widget.VisImageButton#getImage()	Renamed	-	com/kotcrab/vis/ui/widget/VisImageButton.java	152	8db8bcdaed233b36	
member	com.kotcrab.vis.ui.widget.VisImageButton#getImageCell()	sge.visui.widget.VisImageButton#getImageCell()	Renamed	-	com/kotcrab/vis/ui/widget/VisImageButton.java	156	666a355292cea616	
member	com.kotcrab.vis.ui.widget.VisImageButton#getStyle()	sge.visui.widget.VisImageButton#getStyle()	Renamed	-	com/kotcrab/vis/ui/widget/VisImageButton.java	108	e85ad94cf6458a56	
member	com.kotcrab.vis.ui.widget.VisImageButton#image	sge.visui.widget.VisImageButton#image	Renamed	-	com/kotcrab/vis/ui/widget/VisImageButton.java	45	eeed1c364e0486ee	vis=private
member	com.kotcrab.vis.ui.widget.VisImageButton#init()	sge.visui.widget.VisImageButton#init()	Renamed	-	com/kotcrab/vis/ui/widget/VisImageButton.java	90	87293182a784937c	vis=private
member	com.kotcrab.vis.ui.widget.VisImageButton#isFocusBorderEnabled()	sge.visui.widget.VisImageButton#isFocusBorderEnabled()	Renamed	-	com/kotcrab/vis/ui/widget/VisImageButton.java	177	9a7ffc5c1dca520e	
member	com.kotcrab.vis.ui.widget.VisImageButton#isGenerateDisabledImage()	sge.visui.widget.VisImageButton#isGenerateDisabledImage()	Renamed	-	com/kotcrab/vis/ui/widget/VisImageButton.java	186	a59fad1d868dab83	
member	com.kotcrab.vis.ui.widget.VisImageButton#setFocusBorderEnabled(boolean)	sge.visui.widget.VisImageButton#setFocusBorderEnabled(boolean)	Renamed	-	com/kotcrab/vis/ui/widget/VisImageButton.java	182	440b83f2a3ea2895	
member	com.kotcrab.vis.ui.widget.VisImageButton#setGenerateDisabledImage(boolean)	sge.visui.widget.VisImageButton#setGenerateDisabledImage(boolean)	Renamed	-	com/kotcrab/vis/ui/widget/VisImageButton.java	194	2bcbdca07e18d152	
member	com.kotcrab.vis.ui.widget.VisImageButton#setStyle(ButtonStyle)	sge.visui.widget.VisImageButton#setStyle(ButtonStyle)	Renamed	-	com/kotcrab/vis/ui/widget/VisImageButton.java	113	f637a5c9e410665c	
member	com.kotcrab.vis.ui.widget.VisImageButton#style	sge.visui.widget.VisImageButton#style	Renamed	-	com/kotcrab/vis/ui/widget/VisImageButton.java	47	dac6a29a9652d18c	name=style$shadow
member	com.kotcrab.vis.ui.widget.VisImageButton#updateImage()	sge.visui.widget.VisImageButton#updateImage()	Renamed	-	com/kotcrab/vis/ui/widget/VisImageButton.java	121	b64c01255014b3ef	vis=private
member	com.kotcrab.vis.ui.widget.VisImageButton$VisImageButtonStyle#<init>(Drawable,Drawable,Drawable,Drawable,Drawable,Drawable)	sge.visui.widget.VisImageButton$VisImageButtonStyle#<init>(Drawable,Drawable,Drawable,Drawable,Drawable,Drawable)	Renamed	-	com/kotcrab/vis/ui/widget/VisImageButton.java	210	9e226d94de66e567	
member	com.kotcrab.vis.ui.widget.VisImageButton$VisImageButtonStyle#<init>(VisImageButtonStyle)	sge.visui.widget.VisImageButton$VisImageButtonStyle#<init>(VisImageButtonStyle)	Renamed	-	com/kotcrab/vis/ui/widget/VisImageButton.java	218	99e5326d7254df6d	
member	com.kotcrab.vis.ui.widget.VisImageButton$VisImageButtonStyle#focusBorder	sge.visui.widget.VisImageButton$VisImageButtonStyle#focusBorder	Renamed	-	com/kotcrab/vis/ui/widget/VisImageButton.java	205	ef636d133b4773c6	
member	com.kotcrab.vis.ui.widget.VisImageButton$VisImageButtonStyle#imageChecked	sge.visui.widget.VisImageButton$VisImageButtonStyle#imageChecked	Renamed	-	com/kotcrab/vis/ui/widget/VisImageButton.java	204	65bff7fb172215b5	
member	com.kotcrab.vis.ui.widget.VisImageButton$VisImageButtonStyle#imageCheckedOver	sge.visui.widget.VisImageButton$VisImageButtonStyle#imageCheckedOver	Renamed	-	com/kotcrab/vis/ui/widget/VisImageButton.java	204	0ec067ff1818da48	
member	com.kotcrab.vis.ui.widget.VisImageButton$VisImageButtonStyle#imageDisabled	sge.visui.widget.VisImageButton$VisImageButtonStyle#imageDisabled	Renamed	-	com/kotcrab/vis/ui/widget/VisImageButton.java	204	69d6b51138d618b1	
member	com.kotcrab.vis.ui.widget.VisImageButton$VisImageButtonStyle#imageDown	sge.visui.widget.VisImageButton$VisImageButtonStyle#imageDown	Renamed	-	com/kotcrab/vis/ui/widget/VisImageButton.java	204	85fed5854ff45390	
member	com.kotcrab.vis.ui.widget.VisImageButton$VisImageButtonStyle#imageOver	sge.visui.widget.VisImageButton$VisImageButtonStyle#imageOver	Renamed	-	com/kotcrab/vis/ui/widget/VisImageButton.java	204	aa0b3dbda73766a4	
member	com.kotcrab.vis.ui.widget.VisImageButton$VisImageButtonStyle#imageUp	sge.visui.widget.VisImageButton$VisImageButtonStyle#imageUp	Renamed	-	com/kotcrab/vis/ui/widget/VisImageButton.java	204	e52777eb6dcc07a5	
member	com.kotcrab.vis.ui.widget.VisImageTextButton#<init>(String,Drawable,Sge)	sge.visui.widget.VisImageTextButton#<init>(String,Drawable,Sge)	Renamed	-	com/kotcrab/vis/ui/widget/VisImageTextButton.java	65	25ef2c21e012eee2	
member	com.kotcrab.vis.ui.widget.VisImageTextButton#<init>(String,String,Drawable,Drawable,Sge)	sge.visui.widget.VisImageTextButton#<init>(String,String,Drawable,Drawable,Sge)	Renamed	-	com/kotcrab/vis/ui/widget/VisImageTextButton.java	73	95ef18f5e62f7b0a	
member	com.kotcrab.vis.ui.widget.VisImageTextButton#<init>(String,String,Drawable,Sge)	sge.visui.widget.VisImageTextButton#<init>(String,String,Drawable,Sge)	Renamed	-	com/kotcrab/vis/ui/widget/VisImageTextButton.java	69	364f9f1460dc5a7a	
member	com.kotcrab.vis.ui.widget.VisImageTextButton#<init>(String,String,Sge)	sge.visui.widget.VisImageTextButton#<init>(String,String,Sge)	Renamed	-	com/kotcrab/vis/ui/widget/VisImageTextButton.java	81	595f32afcee2e392	
member	com.kotcrab.vis.ui.widget.VisImageTextButton#<init>(String,VisImageTextButtonStyle,Sge)	sge.visui.widget.VisImageTextButton#<init>(String,VisImageTextButtonStyle,Sge)	Renamed	-	com/kotcrab/vis/ui/widget/VisImageTextButton.java	86	5a4ed3f6a2483aa8	
member	com.kotcrab.vis.ui.widget.VisImageTextButton#addActorsBasedOnOrientation()	sge.visui.widget.VisImageTextButton#addActorsBasedOnOrientation()	Renamed	-	com/kotcrab/vis/ui/widget/VisImageTextButton.java	115	bd93a2c9b4f344da	vis=private
member	com.kotcrab.vis.ui.widget.VisImageTextButton#disabled_=(boolean)	sge.visui.widget.VisImageTextButton#disabled_=(boolean)	Renamed	-	com/kotcrab/vis/ui/widget/VisImageTextButton.java	255	ecccea647acd18a5	
member	com.kotcrab.vis.ui.widget.VisImageTextButton#draw(Batch,float)	sge.visui.widget.VisImageTextButton#draw(Batch,float)	Renamed	-	com/kotcrab/vis/ui/widget/VisImageTextButton.java	207	109faad25f7ffff2	
member	com.kotcrab.vis.ui.widget.VisImageTextButton#drawBorder	sge.visui.widget.VisImageTextButton#drawBorder	Renamed	-	com/kotcrab/vis/ui/widget/VisImageTextButton.java	57	9568ad3b0c250ef8	vis=private
member	com.kotcrab.vis.ui.widget.VisImageTextButton#focusBorderEnabled	sge.visui.widget.VisImageTextButton#focusBorderEnabled	Renamed	-	com/kotcrab/vis/ui/widget/VisImageTextButton.java	58	fde8d01e28c85c52	vis=private
member	com.kotcrab.vis.ui.widget.VisImageTextButton#focusGained()	sge.visui.widget.VisImageTextButton#focusGained()	Renamed	-	com/kotcrab/vis/ui/widget/VisImageTextButton.java	266	a5c9a1cf03abbf80	
member	com.kotcrab.vis.ui.widget.VisImageTextButton#focusLost()	sge.visui.widget.VisImageTextButton#focusLost()	Renamed	-	com/kotcrab/vis/ui/widget/VisImageTextButton.java	261	16db98a6d2791219	
member	com.kotcrab.vis.ui.widget.VisImageTextButton#generateDisabledImage	sge.visui.widget.VisImageTextButton#generateDisabledImage	Renamed	-	com/kotcrab/vis/ui/widget/VisImageTextButton.java	60	da121e1b4de663e1	vis=private
member	com.kotcrab.vis.ui.widget.VisImageTextButton#getFontColor()	sge.visui.widget.VisImageTextButton#getFontColor()	Renamed	-	com/kotcrab/vis/ui/widget/VisImageTextButton.java	183	2f5770c366be0327	
member	com.kotcrab.vis.ui.widget.VisImageTextButton#getImage()	sge.visui.widget.VisImageTextButton#getImage()	Renamed	-	com/kotcrab/vis/ui/widget/VisImageTextButton.java	226	8db8bcdaed233b36	
member	com.kotcrab.vis.ui.widget.VisImageTextButton#getImageCell()	sge.visui.widget.VisImageTextButton#getImageCell()	Renamed	-	com/kotcrab/vis/ui/widget/VisImageTextButton.java	230	4ce233116400bd37	
member	com.kotcrab.vis.ui.widget.VisImageTextButton#getLabel()	sge.visui.widget.VisImageTextButton#getLabel()	Renamed	-	com/kotcrab/vis/ui/widget/VisImageTextButton.java	234	04b24d78a41a8c11	
member	com.kotcrab.vis.ui.widget.VisImageTextButton#getLabelCell()	sge.visui.widget.VisImageTextButton#getLabelCell()	Renamed	-	com/kotcrab/vis/ui/widget/VisImageTextButton.java	238	1447d5ed90660ea6	
member	com.kotcrab.vis.ui.widget.VisImageTextButton#getOrientation()	sge.visui.widget.VisImageTextButton#getOrientation()	Renamed	-	com/kotcrab/vis/ui/widget/VisImageTextButton.java	216	0a9e24eab6ed696a	
member	com.kotcrab.vis.ui.widget.VisImageTextButton#getStyle()	sge.visui.widget.VisImageTextButton#getStyle()	Renamed	-	com/kotcrab/vis/ui/widget/VisImageTextButton.java	155	1717b09543df2ce9	
member	com.kotcrab.vis.ui.widget.VisImageTextButton#getText()	sge.visui.widget.VisImageTextButton#getText()	Renamed	-	com/kotcrab/vis/ui/widget/VisImageTextButton.java	246	5675f7557dfee493	
member	com.kotcrab.vis.ui.widget.VisImageTextButton#image	sge.visui.widget.VisImageTextButton#image	Renamed	-	com/kotcrab/vis/ui/widget/VisImageTextButton.java	54	eeed1c364e0486ee	vis=private
member	com.kotcrab.vis.ui.widget.VisImageTextButton#init(String)	sge.visui.widget.VisImageTextButton#init(String)	Renamed	-	com/kotcrab/vis/ui/widget/VisImageTextButton.java	91	a203f0ab876ddc65	vis=private
member	com.kotcrab.vis.ui.widget.VisImageTextButton#isFocusBorderEnabled()	sge.visui.widget.VisImageTextButton#isFocusBorderEnabled()	Renamed	-	com/kotcrab/vis/ui/widget/VisImageTextButton.java	271	9a7ffc5c1dca520e	
member	com.kotcrab.vis.ui.widget.VisImageTextButton#isGenerateDisabledImage()	sge.visui.widget.VisImageTextButton#isGenerateDisabledImage()	Renamed	-	com/kotcrab/vis/ui/widget/VisImageTextButton.java	280	a59fad1d868dab83	
member	com.kotcrab.vis.ui.widget.VisImageTextButton#label	sge.visui.widget.VisImageTextButton#label	Renamed	-	com/kotcrab/vis/ui/widget/VisImageTextButton.java	55	70ea5f050cde36e6	vis=private
member	com.kotcrab.vis.ui.widget.VisImageTextButton#orientation	sge.visui.widget.VisImageTextButton#orientation	Renamed	-	com/kotcrab/vis/ui/widget/VisImageTextButton.java	63	ae4e578b542b1000	vis=private
member	com.kotcrab.vis.ui.widget.VisImageTextButton#setFocusBorderEnabled(boolean)	sge.visui.widget.VisImageTextButton#setFocusBorderEnabled(boolean)	Renamed	-	com/kotcrab/vis/ui/widget/VisImageTextButton.java	276	440b83f2a3ea2895	
member	com.kotcrab.vis.ui.widget.VisImageTextButton#setGenerateDisabledImage(boolean)	sge.visui.widget.VisImageTextButton#setGenerateDisabledImage(boolean)	Renamed	-	com/kotcrab/vis/ui/widget/VisImageTextButton.java	288	2bcbdca07e18d152	
member	com.kotcrab.vis.ui.widget.VisImageTextButton#setOrientation(Orientation)	sge.visui.widget.VisImageTextButton#setOrientation(Orientation)	Renamed	-	com/kotcrab/vis/ui/widget/VisImageTextButton.java	220	7065c41b39675092	
member	com.kotcrab.vis.ui.widget.VisImageTextButton#setStyle(ButtonStyle)	sge.visui.widget.VisImageTextButton#setStyle(ButtonStyle)	Renamed	-	com/kotcrab/vis/ui/widget/VisImageTextButton.java	139	7a026af821f4702a	
member	com.kotcrab.vis.ui.widget.VisImageTextButton#setText(CharSequence)	sge.visui.widget.VisImageTextButton#setText(CharSequence)	Renamed	-	com/kotcrab/vis/ui/widget/VisImageTextButton.java	242	617e1cab21888f0e	
member	com.kotcrab.vis.ui.widget.VisImageTextButton#style	sge.visui.widget.VisImageTextButton#style	Renamed	-	com/kotcrab/vis/ui/widget/VisImageTextButton.java	62	6c4d92c5238807dd	name=style$shadow
member	com.kotcrab.vis.ui.widget.VisImageTextButton#toString()	sge.visui.widget.VisImageTextButton#toString()	Renamed	-	com/kotcrab/vis/ui/widget/VisImageTextButton.java	250	1eee9f36155d358b	
member	com.kotcrab.vis.ui.widget.VisImageTextButton#updateImage()	sge.visui.widget.VisImageTextButton#updateImage()	Renamed	-	com/kotcrab/vis/ui/widget/VisImageTextButton.java	159	b64c01255014b3ef	vis=private
member	com.kotcrab.vis.ui.widget.VisImageTextButton$VisImageTextButtonStyle#<init>(Drawable,Drawable,Drawable,BitmapFont)	sge.visui.widget.VisImageTextButton$VisImageTextButtonStyle#<init>(Drawable,Drawable,Drawable,BitmapFont)	Renamed	-	com/kotcrab/vis/ui/widget/VisImageTextButton.java	303	066ccdab548e8c79	
member	com.kotcrab.vis.ui.widget.VisImageTextButton$VisImageTextButtonStyle#<init>(VisImageTextButtonStyle)	sge.visui.widget.VisImageTextButton$VisImageTextButtonStyle#<init>(VisImageTextButtonStyle)	Renamed	-	com/kotcrab/vis/ui/widget/VisImageTextButton.java	307	a4960c489969520c	
member	com.kotcrab.vis.ui.widget.VisImageTextButton$VisImageTextButtonStyle#<init>(VisTextButtonStyle)	sge.visui.widget.VisImageTextButton$VisImageTextButtonStyle#<init>(VisTextButtonStyle)	Renamed	-	com/kotcrab/vis/ui/widget/VisImageTextButton.java	317	74ee4e5c73434539	
member	com.kotcrab.vis.ui.widget.VisImageTextButton$VisImageTextButtonStyle#imageChecked	sge.visui.widget.VisImageTextButton$VisImageTextButtonStyle#imageChecked	Renamed	-	com/kotcrab/vis/ui/widget/VisImageTextButton.java	298	65bff7fb172215b5	
member	com.kotcrab.vis.ui.widget.VisImageTextButton$VisImageTextButtonStyle#imageCheckedOver	sge.visui.widget.VisImageTextButton$VisImageTextButtonStyle#imageCheckedOver	Renamed	-	com/kotcrab/vis/ui/widget/VisImageTextButton.java	298	0ec067ff1818da48	
member	com.kotcrab.vis.ui.widget.VisImageTextButton$VisImageTextButtonStyle#imageDisabled	sge.visui.widget.VisImageTextButton$VisImageTextButtonStyle#imageDisabled	Renamed	-	com/kotcrab/vis/ui/widget/VisImageTextButton.java	298	69d6b51138d618b1	
member	com.kotcrab.vis.ui.widget.VisImageTextButton$VisImageTextButtonStyle#imageDown	sge.visui.widget.VisImageTextButton$VisImageTextButtonStyle#imageDown	Renamed	-	com/kotcrab/vis/ui/widget/VisImageTextButton.java	298	85fed5854ff45390	
member	com.kotcrab.vis.ui.widget.VisImageTextButton$VisImageTextButtonStyle#imageOver	sge.visui.widget.VisImageTextButton$VisImageTextButtonStyle#imageOver	Renamed	-	com/kotcrab/vis/ui/widget/VisImageTextButton.java	298	aa0b3dbda73766a4	
member	com.kotcrab.vis.ui.widget.VisImageTextButton$VisImageTextButtonStyle#imageUp	sge.visui.widget.VisImageTextButton$VisImageTextButtonStyle#imageUp	Renamed	-	com/kotcrab/vis/ui/widget/VisImageTextButton.java	298	e52777eb6dcc07a5	
member	com.kotcrab.vis.ui.widget.VisLabel#<init>(CharSequence,Color,Sge)	sge.visui.widget.VisLabel#<init>(CharSequence,Color,Sge)	Renamed	-	com/kotcrab/vis/ui/widget/VisLabel.java	33	2421d0ef46c08079	
member	com.kotcrab.vis.ui.widget.VisLabel#<init>(CharSequence,LabelStyle,Sge)	sge.visui.widget.VisLabel#<init>(CharSequence,LabelStyle,Sge)	Renamed	-	com/kotcrab/vis/ui/widget/VisLabel.java	47	d474c9bf5b9ed2df	
member	com.kotcrab.vis.ui.widget.VisLabel#<init>(CharSequence,Sge)	sge.visui.widget.VisLabel#<init>(CharSequence,Sge)	Renamed	-	com/kotcrab/vis/ui/widget/VisLabel.java	43	722f84486d44d1e0	
member	com.kotcrab.vis.ui.widget.VisLabel#<init>(CharSequence,String,Color,Sge)	sge.visui.widget.VisLabel#<init>(CharSequence,String,Color,Sge)	Renamed	-	com/kotcrab/vis/ui/widget/VisLabel.java	55	5f706e637d8d2365	
member	com.kotcrab.vis.ui.widget.VisLabel#<init>(CharSequence,String,Sge)	sge.visui.widget.VisLabel#<init>(CharSequence,String,Sge)	Renamed	-	com/kotcrab/vis/ui/widget/VisLabel.java	51	9e67528ca8d36f57	
member	com.kotcrab.vis.ui.widget.VisLabel#<init>(CharSequence,String,String,Sge)	sge.visui.widget.VisLabel#<init>(CharSequence,String,String,Sge)	Renamed	-	com/kotcrab/vis/ui/widget/VisLabel.java	59	382ac07def580de7	
member	com.kotcrab.vis.ui.widget.VisLabel#<init>(CharSequence,int,Sge)	sge.visui.widget.VisLabel#<init>(CharSequence,int,Sge)	Renamed	-	com/kotcrab/vis/ui/widget/VisLabel.java	38	03eeccbe3777e2f6	
member	com.kotcrab.vis.ui.widget.VisList#<init>(ListStyle,Sge)	sge.visui.widget.VisList#<init>(ListStyle,Sge)	Renamed	-	com/kotcrab/vis/ui/widget/VisList.java	43	0949c0daf24f868b	
member	com.kotcrab.vis.ui.widget.VisList#<init>(String,Sge)	sge.visui.widget.VisList#<init>(String,Sge)	Renamed	-	com/kotcrab/vis/ui/widget/VisList.java	38	b2e8feea553228be	
member	com.kotcrab.vis.ui.widget.VisList#<stmt1>	sge.visui.widget.VisList#<stmt1>	Renamed	-	com/kotcrab/vis/ui/widget/VisList.java	35	a90a8c696cfb9d9e	
member	com.kotcrab.vis.ui.widget.VisList#init()	sge.visui.widget.VisList#init()	Renamed	-	com/kotcrab/vis/ui/widget/VisList.java	48	bc1b781958f04205	vis=private
member	com.kotcrab.vis.ui.widget.VisProgressBar#<init>(float,float,float,boolean,Sge)	sge.visui.widget.VisProgressBar#<init>(float,float,float,boolean,Sge)	Renamed	-	com/kotcrab/vis/ui/widget/VisProgressBar.java	28	88926f9bf6084d5c	
member	com.kotcrab.vis.ui.widget.VisProgressBar#<init>(float,float,float,boolean,String,Sge)	sge.visui.widget.VisProgressBar#<init>(float,float,float,boolean,String,Sge)	Renamed	-	com/kotcrab/vis/ui/widget/VisProgressBar.java	33	122b3242493f93e1	
member	com.kotcrab.vis.ui.widget.VisRadioButton#<init>(String,Sge)	sge.visui.widget.VisRadioButton#<init>(String,Sge)	Renamed	-	com/kotcrab/vis/ui/widget/VisRadioButton.java	35	e2106807e89ef50e	
member	com.kotcrab.vis.ui.widget.VisScrollPane#<init>(Actor,ScrollPaneStyle,Sge)	sge.visui.widget.VisScrollPane#<init>(Actor,ScrollPaneStyle,Sge)	Renamed	-	com/kotcrab/vis/ui/widget/VisScrollPane.java	29	d6da4d11200a7dc9	
member	com.kotcrab.vis.ui.widget.VisScrollPane#<init>(Actor,Sge)	sge.visui.widget.VisScrollPane#<init>(Actor,Sge)	Renamed	-	com/kotcrab/vis/ui/widget/VisScrollPane.java	37	42efd8a41bf0daef	
member	com.kotcrab.vis.ui.widget.VisScrollPane#<init>(Actor,String,Sge)	sge.visui.widget.VisScrollPane#<init>(Actor,String,Sge)	Renamed	-	com/kotcrab/vis/ui/widget/VisScrollPane.java	33	3c24d0475416eb28	
member	com.kotcrab.vis.ui.widget.VisSelectBox#<init>(SelectBoxStyle,Sge)	sge.visui.widget.VisSelectBox#<init>(SelectBoxStyle,Sge)	Renamed	-	com/kotcrab/vis/ui/widget/VisSelectBox.java	32	85dd719c71a08ab3	
member	com.kotcrab.vis.ui.widget.VisSelectBox#<init>(String,Sge)	sge.visui.widget.VisSelectBox#<init>(String,Sge)	Renamed	-	com/kotcrab/vis/ui/widget/VisSelectBox.java	37	680a0724b414ee50	
member	com.kotcrab.vis.ui.widget.VisSelectBox#<stmt1>	sge.visui.widget.VisSelectBox#<stmt1>	Renamed	-	com/kotcrab/vis/ui/widget/VisSelectBox.java	44	a90a8c696cfb9d9e	
member	com.kotcrab.vis.ui.widget.VisSelectBox#init()	sge.visui.widget.VisSelectBox#init()	Renamed	-	com/kotcrab/vis/ui/widget/VisSelectBox.java	47	bc1b781958f04205	vis=private
member	com.kotcrab.vis.ui.widget.VisSlider#<init>(float,float,float,boolean,Sge)	sge.visui.widget.VisSlider#<init>(float,float,float,boolean,Sge)	Renamed	-	com/kotcrab/vis/ui/widget/VisSlider.java	28	e048135f72f98436	
member	com.kotcrab.vis.ui.widget.VisSlider#<init>(float,float,float,boolean,SliderStyle,Sge)	sge.visui.widget.VisSlider#<init>(float,float,float,boolean,SliderStyle,Sge)	Renamed	-	com/kotcrab/vis/ui/widget/VisSlider.java	36	f635d45940d9f954	
member	com.kotcrab.vis.ui.widget.VisSlider#<init>(float,float,float,boolean,String,Sge)	sge.visui.widget.VisSlider#<init>(float,float,float,boolean,String,Sge)	Renamed	-	com/kotcrab/vis/ui/widget/VisSlider.java	32	1e7216c654ec696d	
member	com.kotcrab.vis.ui.widget.VisSplitPane#<init>(Actor,Actor,boolean,Sge)	sge.visui.widget.VisSplitPane#<init>(Actor,Actor,boolean,Sge)	Renamed	-	com/kotcrab/vis/ui/widget/VisSplitPane.java	68	ea41f7aaf6145499	
member	com.kotcrab.vis.ui.widget.VisSplitPane#<init>(Actor,Actor,boolean,String,Sge)	sge.visui.widget.VisSplitPane#<init>(Actor,Actor,boolean,String,Sge)	Renamed	-	com/kotcrab/vis/ui/widget/VisSplitPane.java	76	1306a92032c01f78	
member	com.kotcrab.vis.ui.widget.VisSplitPane#<stmt1>	sge.visui.widget.VisSplitPane#<stmt1>	Renamed	-	com/kotcrab/vis/ui/widget/VisSplitPane.java	85	5e77dc031b92abcf	
member	com.kotcrab.vis.ui.widget.VisSplitPane#<stmt2>	sge.visui.widget.VisSplitPane#<stmt2>	Renamed	-	com/kotcrab/vis/ui/widget/VisSplitPane.java	86	bcb76ea79f79959a	
member	com.kotcrab.vis.ui.widget.VisSplitPane#<stmt3>	sge.visui.widget.VisSplitPane#<stmt3>	Renamed	-	com/kotcrab/vis/ui/widget/VisSplitPane.java	87	b9293bb40e7c975a	
member	com.kotcrab.vis.ui.widget.VisSplitPane#<stmt4>	sge.visui.widget.VisSplitPane#<stmt4>	Renamed	-	com/kotcrab/vis/ui/widget/VisSplitPane.java	88	5df228fe4ef7aed3	
member	com.kotcrab.vis.ui.widget.VisSplitPane#<stmt5>	sge.visui.widget.VisSplitPane#<stmt5>	Renamed	-	com/kotcrab/vis/ui/widget/VisSplitPane.java	89	990c39c9d7f23c12	
member	com.kotcrab.vis.ui.widget.VisSplitPane#<stmt6>	sge.visui.widget.VisSplitPane#<stmt6>	Renamed	-	com/kotcrab/vis/ui/widget/VisSplitPane.java	90	f91f151531a89fb2	
member	com.kotcrab.vis.ui.widget.VisSplitPane#<stmt7>	sge.visui.widget.VisSplitPane#<stmt7>	Renamed	-	com/kotcrab/vis/ui/widget/VisSplitPane.java	91	431836f48211c3df	
member	com.kotcrab.vis.ui.widget.VisSplitPane#<stmt8>	sge.visui.widget.VisSplitPane#<stmt8>	Renamed	-	com/kotcrab/vis/ui/widget/VisSplitPane.java	92	32fffd18ae01f8b6	
member	com.kotcrab.vis.ui.widget.VisSplitPane#addActor(Actor)	sge.visui.widget.VisSplitPane#addActor(Actor)	Renamed	-	com/kotcrab/vis/ui/widget/VisSplitPane.java	376	226323eff7469141	
member	com.kotcrab.vis.ui.widget.VisSplitPane#addActorAt(int,Actor)	sge.visui.widget.VisSplitPane#addActorAt(int,Actor)	Renamed	-	com/kotcrab/vis/ui/widget/VisSplitPane.java	381	d168eb972893196a	
member	com.kotcrab.vis.ui.widget.VisSplitPane#addActorBefore(Actor,Actor)	sge.visui.widget.VisSplitPane#addActorBefore(Actor,Actor)	Renamed	-	com/kotcrab/vis/ui/widget/VisSplitPane.java	386	ff391460a7c937e6	
member	com.kotcrab.vis.ui.widget.VisSplitPane#calculateHorizBoundsAndPositions()	sge.visui.widget.VisSplitPane#calculateHorizBoundsAndPositions()	Renamed	-	com/kotcrab/vis/ui/widget/VisSplitPane.java	254	541e69cb38f15b03	vis=private
member	com.kotcrab.vis.ui.widget.VisSplitPane#calculateVertBoundsAndPositions()	sge.visui.widget.VisSplitPane#calculateVertBoundsAndPositions()	Renamed	-	com/kotcrab/vis/ui/widget/VisSplitPane.java	269	aa48fae30b97174d	vis=private
member	com.kotcrab.vis.ui.widget.VisSplitPane#draw(Batch,float)	sge.visui.widget.VisSplitPane#draw(Batch,float)	Renamed	-	com/kotcrab/vis/ui/widget/VisSplitPane.java	286	ed0c59a788b857ce	
member	com.kotcrab.vis.ui.widget.VisSplitPane#firstScissors	sge.visui.widget.VisSplitPane#firstScissors	Renamed	-	com/kotcrab/vis/ui/widget/VisSplitPane.java	56	ec7dcf3eff874ddc	vis=private
member	com.kotcrab.vis.ui.widget.VisSplitPane#firstWidget	sge.visui.widget.VisSplitPane#firstWidget	Renamed	-	com/kotcrab/vis/ui/widget/VisSplitPane.java	48	4c21a51ecf38db54	
member	com.kotcrab.vis.ui.widget.VisSplitPane#firstWidgetBounds	sge.visui.widget.VisSplitPane#firstWidgetBounds	Renamed	-	com/kotcrab/vis/ui/widget/VisSplitPane.java	53	d409102573c86495	vis=private
member	com.kotcrab.vis.ui.widget.VisSplitPane#getFirstWidgetBounds()	sge.visui.widget.VisSplitPane#getFirstWidgetBounds()	Renamed	-	com/kotcrab/vis/ui/widget/VisSplitPane.java	241	9149b69d7179a758	
member	com.kotcrab.vis.ui.widget.VisSplitPane#getMinHeight()	sge.visui.widget.VisSplitPane#getMinHeight()	Renamed	-	com/kotcrab/vis/ui/widget/VisSplitPane.java	236	f0654cd2ffd9d104	
member	com.kotcrab.vis.ui.widget.VisSplitPane#getMinWidth()	sge.visui.widget.VisSplitPane#getMinWidth()	Renamed	-	com/kotcrab/vis/ui/widget/VisSplitPane.java	231	d4564ef6b4a86c91	
member	com.kotcrab.vis.ui.widget.VisSplitPane#getPrefHeight()	sge.visui.widget.VisSplitPane#getPrefHeight()	Renamed	-	com/kotcrab/vis/ui/widget/VisSplitPane.java	220	c7196d4343fcdcdc	
member	com.kotcrab.vis.ui.widget.VisSplitPane#getPrefWidth()	sge.visui.widget.VisSplitPane#getPrefWidth()	Renamed	-	com/kotcrab/vis/ui/widget/VisSplitPane.java	209	ed84102b06460fd1	
member	com.kotcrab.vis.ui.widget.VisSplitPane#getSecondWidgetBounds()	sge.visui.widget.VisSplitPane#getSecondWidgetBounds()	Renamed	-	com/kotcrab/vis/ui/widget/VisSplitPane.java	246	1b8465c8eeb8e01b	
member	com.kotcrab.vis.ui.widget.VisSplitPane#getSplit()	sge.visui.widget.VisSplitPane#getSplit()	Renamed	-	com/kotcrab/vis/ui/widget/VisSplitPane.java	334	194f602f6c43252b	
member	com.kotcrab.vis.ui.widget.VisSplitPane#getStyle()	sge.visui.widget.VisSplitPane#getStyle()	Renamed	-	com/kotcrab/vis/ui/widget/VisSplitPane.java	178	a5935a7b7c6bf927	
member	com.kotcrab.vis.ui.widget.VisSplitPane#handleBounds	sge.visui.widget.VisSplitPane#handleBounds	Renamed	-	com/kotcrab/vis/ui/widget/VisSplitPane.java	55	7cafb03b9520430c	
member	com.kotcrab.vis.ui.widget.VisSplitPane#handlePosition	sge.visui.widget.VisSplitPane#handlePosition	Renamed	-	com/kotcrab/vis/ui/widget/VisSplitPane.java	60	54df50e328f76152	
member	com.kotcrab.vis.ui.widget.VisSplitPane#hit(float,float,boolean)	sge.visui.widget.VisSplitPane#hit(float,float,boolean)	Renamed	-	com/kotcrab/vis/ui/widget/VisSplitPane.java	319	5b8e198620427231	
member	com.kotcrab.vis.ui.widget.VisSplitPane#initialize()	sge.visui.widget.VisSplitPane#initialize()	Renamed	-	com/kotcrab/vis/ui/widget/VisSplitPane.java	95	d8b7c2aeec0095b3	vis=private
member	com.kotcrab.vis.ui.widget.VisSplitPane#lastPoint	sge.visui.widget.VisSplitPane#lastPoint	Renamed	-	com/kotcrab/vis/ui/widget/VisSplitPane.java	59	20022c91ebc4e52c	
member	com.kotcrab.vis.ui.widget.VisSplitPane#layout()	sge.visui.widget.VisSplitPane#layout()	Renamed	-	com/kotcrab/vis/ui/widget/VisSplitPane.java	188	74928f8b2e0c906b	
member	com.kotcrab.vis.ui.widget.VisSplitPane#maxAmount	sge.visui.widget.VisSplitPane#maxAmount	Renamed	-	com/kotcrab/vis/ui/widget/VisSplitPane.java	50	127cbdfc70e7ce41	
member	com.kotcrab.vis.ui.widget.VisSplitPane#minAmount	sge.visui.widget.VisSplitPane#minAmount	Renamed	-	com/kotcrab/vis/ui/widget/VisSplitPane.java	50	914b9a28bf5edde8	
member	com.kotcrab.vis.ui.widget.VisSplitPane#mouseOnHandle	sge.visui.widget.VisSplitPane#mouseOnHandle	Renamed	-	com/kotcrab/vis/ui/widget/VisSplitPane.java	62	c16d873af748188c	vis=private
member	com.kotcrab.vis.ui.widget.VisSplitPane#removeActor(Actor)	sge.visui.widget.VisSplitPane#removeActor(Actor)	Renamed	-	com/kotcrab/vis/ui/widget/VisSplitPane.java	391	0525b5ce19682f0d	
member	com.kotcrab.vis.ui.widget.VisSplitPane#removeActor(Actor,boolean)	sge.visui.widget.VisSplitPane#removeActor(Actor,boolean)	Renamed	-	com/kotcrab/vis/ui/widget/VisSplitPane.java	405	f449bc874b929443	
member	com.kotcrab.vis.ui.widget.VisSplitPane#secondScissors	sge.visui.widget.VisSplitPane#secondScissors	Renamed	-	com/kotcrab/vis/ui/widget/VisSplitPane.java	57	8bc91189fa604009	vis=private
member	com.kotcrab.vis.ui.widget.VisSplitPane#secondWidget	sge.visui.widget.VisSplitPane#secondWidget	Renamed	-	com/kotcrab/vis/ui/widget/VisSplitPane.java	48	006f7cd7fe560333	
member	com.kotcrab.vis.ui.widget.VisSplitPane#secondWidgetBounds	sge.visui.widget.VisSplitPane#secondWidgetBounds	Renamed	-	com/kotcrab/vis/ui/widget/VisSplitPane.java	54	122f95007e646eaa	vis=private
member	com.kotcrab.vis.ui.widget.VisSplitPane#setFirstWidget(Actor)	sge.visui.widget.VisSplitPane#setFirstWidget(Actor)	Renamed	-	com/kotcrab/vis/ui/widget/VisSplitPane.java	360	edf16b5fabe5fd92	
member	com.kotcrab.vis.ui.widget.VisSplitPane#setMaxSplitAmount(float)	sge.visui.widget.VisSplitPane#setMaxSplitAmount(float)	Renamed	-	com/kotcrab/vis/ui/widget/VisSplitPane.java	344	9b27b248707a6e21	
member	com.kotcrab.vis.ui.widget.VisSplitPane#setMinSplitAmount(float)	sge.visui.widget.VisSplitPane#setMinSplitAmount(float)	Renamed	-	com/kotcrab/vis/ui/widget/VisSplitPane.java	338	a11859e6bcbdc54e	
member	com.kotcrab.vis.ui.widget.VisSplitPane#setSecondWidget(Actor)	sge.visui.widget.VisSplitPane#setSecondWidget(Actor)	Renamed	-	com/kotcrab/vis/ui/widget/VisSplitPane.java	368	376b37b7ab49adcd	
member	com.kotcrab.vis.ui.widget.VisSplitPane#setSplitAmount(float)	sge.visui.widget.VisSplitPane#setSplitAmount(float)	Renamed	-	com/kotcrab/vis/ui/widget/VisSplitPane.java	329	fad41bdaa6950406	
member	com.kotcrab.vis.ui.widget.VisSplitPane#setStyle(VisSplitPaneStyle)	sge.visui.widget.VisSplitPane#setStyle(VisSplitPaneStyle)	Renamed	-	com/kotcrab/vis/ui/widget/VisSplitPane.java	182	39e6d2ada22f9c44	
member	com.kotcrab.vis.ui.widget.VisSplitPane#setVertical(boolean)	sge.visui.widget.VisSplitPane#setVertical(boolean)	Renamed	-	com/kotcrab/vis/ui/widget/VisSplitPane.java	250	2ba27227cb55f559	
member	com.kotcrab.vis.ui.widget.VisSplitPane#setWidgets(Actor,Actor)	sge.visui.widget.VisSplitPane#setWidgets(Actor,Actor)	Renamed	-	com/kotcrab/vis/ui/widget/VisSplitPane.java	354	760fd991e6c7cb4c	
member	com.kotcrab.vis.ui.widget.VisSplitPane#splitAmount	sge.visui.widget.VisSplitPane#splitAmount	Renamed	-	com/kotcrab/vis/ui/widget/VisSplitPane.java	50	0790546cdd0c7f42	
member	com.kotcrab.vis.ui.widget.VisSplitPane#style	sge.visui.widget.VisSplitPane#style	Renamed	-	com/kotcrab/vis/ui/widget/VisSplitPane.java	47	85cbfbccad36b041	
member	com.kotcrab.vis.ui.widget.VisSplitPane#vertical	sge.visui.widget.VisSplitPane#vertical	Renamed	-	com/kotcrab/vis/ui/widget/VisSplitPane.java	49	61d222024f38e6c0	
member	com.kotcrab.vis.ui.widget.VisSplitPane$VisSplitPaneStyle#<init>(Drawable,Drawable)	sge.visui.widget.VisSplitPane$VisSplitPaneStyle#<init>(Drawable,Drawable)	Renamed	-	com/kotcrab/vis/ui/widget/VisSplitPane.java	434	1def894743936e1e	
member	com.kotcrab.vis.ui.widget.VisSplitPane$VisSplitPaneStyle#<init>(VisSplitPaneStyle)	sge.visui.widget.VisSplitPane$VisSplitPaneStyle#<init>(VisSplitPaneStyle)	Renamed	-	com/kotcrab/vis/ui/widget/VisSplitPane.java	429	0651139d045e0c2f	
member	com.kotcrab.vis.ui.widget.VisSplitPane$VisSplitPaneStyle#handleOver	sge.visui.widget.VisSplitPane$VisSplitPaneStyle#handleOver	Renamed	-	com/kotcrab/vis/ui/widget/VisSplitPane.java	424	a1e1d02dce3a223d	
member	com.kotcrab.vis.ui.widget.VisTable#<init>(Sge)	sge.visui.widget.VisTable#<init>(Sge)	Renamed	-	com/kotcrab/vis/ui/widget/VisTable.java	31	a3c4ad886f445332	
member	com.kotcrab.vis.ui.widget.VisTable#<init>(boolean,Sge)	sge.visui.widget.VisTable#<init>(boolean,Sge)	Renamed	-	com/kotcrab/vis/ui/widget/VisTable.java	36	1050360be4ffa4bd	
member	com.kotcrab.vis.ui.widget.VisTable#addSeparator()	sge.visui.widget.VisTable#addSeparator()	Renamed	-	com/kotcrab/vis/ui/widget/VisTable.java	62	5c735cd004e9232d	
member	com.kotcrab.vis.ui.widget.VisTable#addSeparator(boolean)	sge.visui.widget.VisTable#addSeparator(boolean)	Renamed	-	com/kotcrab/vis/ui/widget/VisTable.java	45	cbd4aa4deb9571dd	
member	com.kotcrab.vis.ui.widget.VisTextArea#<init>(String,Sge)	sge.visui.widget.VisTextArea#<init>(String,Sge)	Renamed	-	com/kotcrab/vis/ui/widget/VisTextArea.java	80	0d2fcc2ba15335a8	
member	com.kotcrab.vis.ui.widget.VisTextArea#<init>(String,String,Sge)	sge.visui.widget.VisTextArea#<init>(String,String,Sge)	Renamed	-	com/kotcrab/vis/ui/widget/VisTextArea.java	72	19a41218720783dd	
member	com.kotcrab.vis.ui.widget.VisTextArea#<init>(String,VisTextFieldStyle,Sge)	sge.visui.widget.VisTextArea#<init>(String,VisTextFieldStyle,Sge)	Renamed	-	com/kotcrab/vis/ui/widget/VisTextArea.java	76	af1309a464ed352d	
member	com.kotcrab.vis.ui.widget.VisTextArea#calculateCurrentLineIndex(int)	sge.visui.widget.VisTextArea#calculateCurrentLineIndex(int)	Renamed	-	com/kotcrab/vis/ui/widget/VisTextArea.java	203	b46430bd5eefe0aa	vis=private
member	com.kotcrab.vis.ui.widget.VisTextArea#calculateOffsets()	sge.visui.widget.VisTextArea#calculateOffsets()	Renamed	-	com/kotcrab/vis/ui/widget/VisTextArea.java	282	2d980d24cb3a9d8f	
member	com.kotcrab.vis.ui.widget.VisTextArea#continueCursor(int,int)	sge.visui.widget.VisTextArea#continueCursor(int,int)	Renamed	-	com/kotcrab/vis/ui/widget/VisTextArea.java	354	68f110402956d018	
member	com.kotcrab.vis.ui.widget.VisTextArea#createInputListener()	sge.visui.widget.VisTextArea#createInputListener()	Renamed	-	com/kotcrab/vis/ui/widget/VisTextArea.java	326	4e924450a5cf45ec	
member	com.kotcrab.vis.ui.widget.VisTextArea#cursorLine	sge.visui.widget.VisTextArea#cursorLine	Renamed	-	com/kotcrab/vis/ui/widget/VisTextArea.java	48	ddf3950132df74ff	
member	com.kotcrab.vis.ui.widget.VisTextArea#cursorX	sge.visui.widget.VisTextArea#cursorX	Renamed	-	com/kotcrab/vis/ui/widget/VisTextArea.java	66	a5424cb42ede8582	
member	com.kotcrab.vis.ui.widget.VisTextArea#drawCursor(Drawable,Batch,BitmapFont,float,float)	sge.visui.widget.VisTextArea#drawCursor(Drawable,Batch,BitmapFont,float,float)	Renamed	-	com/kotcrab/vis/ui/widget/VisTextArea.java	272	2adb0ff9260b7bff	
member	com.kotcrab.vis.ui.widget.VisTextArea#drawSelection(Drawable,Batch,BitmapFont,float,float)	sge.visui.widget.VisTextArea#drawSelection(Drawable,Batch,BitmapFont,float,float)	Renamed	-	com/kotcrab/vis/ui/widget/VisTextArea.java	234	e1335554b3827fc1	
member	com.kotcrab.vis.ui.widget.VisTextArea#drawText(Batch,BitmapFont,float,float)	sge.visui.widget.VisTextArea#drawText(Batch,BitmapFont,float,float)	Renamed	-	com/kotcrab/vis/ui/widget/VisTextArea.java	263	976a82e0e2a415d6	
member	com.kotcrab.vis.ui.widget.VisTextArea#firstLineShowing	sge.visui.widget.VisTextArea#firstLineShowing	Renamed	-	com/kotcrab/vis/ui/widget/VisTextArea.java	51	680f08f5b8b0fb78	
member	com.kotcrab.vis.ui.widget.VisTextArea#getCursorLine()	sge.visui.widget.VisTextArea#getCursorLine()	Renamed	-	com/kotcrab/vis/ui/widget/VisTextArea.java	360	be95386e379b9258	
member	com.kotcrab.vis.ui.widget.VisTextArea#getCursorX()	sge.visui.widget.VisTextArea#getCursorX()	Renamed	-	com/kotcrab/vis/ui/widget/VisTextArea.java	372	4ba0fc456831379f	
member	com.kotcrab.vis.ui.widget.VisTextArea#getCursorY()	sge.visui.widget.VisTextArea#getCursorY()	Renamed	-	com/kotcrab/vis/ui/widget/VisTextArea.java	376	a891850d39ac0212	
member	com.kotcrab.vis.ui.widget.VisTextArea#getFirstLineShowing()	sge.visui.widget.VisTextArea#getFirstLineShowing()	Renamed	-	com/kotcrab/vis/ui/widget/VisTextArea.java	364	3806112a9cb51f73	
member	com.kotcrab.vis.ui.widget.VisTextArea#getLines()	sge.visui.widget.VisTextArea#getLines()	Renamed	-	com/kotcrab/vis/ui/widget/VisTextArea.java	138	ea52f9f3e6ac1b93	
member	com.kotcrab.vis.ui.widget.VisTextArea#getLinesShowing()	sge.visui.widget.VisTextArea#getLinesShowing()	Renamed	-	com/kotcrab/vis/ui/widget/VisTextArea.java	368	9349115e85a54495	
member	com.kotcrab.vis.ui.widget.VisTextArea#getPrefHeight()	sge.visui.widget.VisTextArea#getPrefHeight()	Renamed	-	com/kotcrab/vis/ui/widget/VisTextArea.java	124	858aa87fcbf099fe	
member	com.kotcrab.vis.ui.widget.VisTextArea#getTextY(BitmapFont,Drawable)	sge.visui.widget.VisTextArea#getTextY(BitmapFont,Drawable)	Renamed	-	com/kotcrab/vis/ui/widget/VisTextArea.java	225	dc7f0324f24d1834	
member	com.kotcrab.vis.ui.widget.VisTextArea#initialize()	sge.visui.widget.VisTextArea#initialize()	Renamed	-	com/kotcrab/vis/ui/widget/VisTextArea.java	85	5a014bbbef62f4a1	
member	com.kotcrab.vis.ui.widget.VisTextArea#lastText	sge.visui.widget.VisTextArea#lastText	Renamed	-	com/kotcrab/vis/ui/widget/VisTextArea.java	45	3f1eb22971831320	vis=private
member	com.kotcrab.vis.ui.widget.VisTextArea#letterUnderCursor(float)	sge.visui.widget.VisTextArea#letterUnderCursor(float)	Renamed	-	com/kotcrab/vis/ui/widget/VisTextArea.java	96	0d89a45300fea497	
member	com.kotcrab.vis.ui.widget.VisTextArea#linesBreak	sge.visui.widget.VisTextArea#linesBreak	Renamed	-	com/kotcrab/vis/ui/widget/VisTextArea.java	42	d57838583413887f	
member	com.kotcrab.vis.ui.widget.VisTextArea#linesShowing	sge.visui.widget.VisTextArea#linesShowing	Renamed	-	com/kotcrab/vis/ui/widget/VisTextArea.java	54	198c1f393551ff2c	
member	com.kotcrab.vis.ui.widget.VisTextArea#moveCursor(boolean,boolean)	sge.visui.widget.VisTextArea#moveCursor(boolean,boolean)	Renamed	-	com/kotcrab/vis/ui/widget/VisTextArea.java	337	cd8be3587a157330	
member	com.kotcrab.vis.ui.widget.VisTextArea#moveCursorLine(int)	sge.visui.widget.VisTextArea#moveCursorLine(int)	Renamed	-	com/kotcrab/vis/ui/widget/VisTextArea.java	149	541d3897c8ea7e8a	
member	com.kotcrab.vis.ui.widget.VisTextArea#moveOffset	sge.visui.widget.VisTextArea#moveOffset	Renamed	-	com/kotcrab/vis/ui/widget/VisTextArea.java	57	77bf8341082ed912	
member	com.kotcrab.vis.ui.widget.VisTextArea#newLineAtEnd()	sge.visui.widget.VisTextArea#newLineAtEnd()	Renamed	-	com/kotcrab/vis/ui/widget/VisTextArea.java	143	408b859403be6436	
member	com.kotcrab.vis.ui.widget.VisTextArea#prefRows	sge.visui.widget.VisTextArea#prefRows	Renamed	-	com/kotcrab/vis/ui/widget/VisTextArea.java	59	c58086bccc75a277	vis=private
member	com.kotcrab.vis.ui.widget.VisTextArea#setPrefRows(float)	sge.visui.widget.VisTextArea#setPrefRows(float)	Renamed	-	com/kotcrab/vis/ui/widget/VisTextArea.java	119	3beb9c34758c2968	
member	com.kotcrab.vis.ui.widget.VisTextArea#setSelection(int,int)	sge.visui.widget.VisTextArea#setSelection(int,int)	Renamed	-	com/kotcrab/vis/ui/widget/VisTextArea.java	331	8ec368da9539cef4	
member	com.kotcrab.vis.ui.widget.VisTextArea#showCursor()	sge.visui.widget.VisTextArea#showCursor()	Renamed	-	com/kotcrab/vis/ui/widget/VisTextArea.java	192	f0bab8858e359961	
member	com.kotcrab.vis.ui.widget.VisTextArea#sizeChanged()	sge.visui.widget.VisTextArea#sizeChanged()	Renamed	-	com/kotcrab/vis/ui/widget/VisTextArea.java	214	a6e1d679a5553172	
member	com.kotcrab.vis.ui.widget.VisTextArea#softwrap	sge.visui.widget.VisTextArea#softwrap	Renamed	-	com/kotcrab/vis/ui/widget/VisTextArea.java	65	931da8535152e00c	
member	com.kotcrab.vis.ui.widget.VisTextArea#updateCurrentLine()	sge.visui.widget.VisTextArea#updateCurrentLine()	Renamed	-	com/kotcrab/vis/ui/widget/VisTextArea.java	177	c01685829e44afc0	
member	com.kotcrab.vis.ui.widget.VisTextArea$TextAreaListener#goEnd(boolean)	sge.visui.widget.VisTextArea$TextAreaListener#goEnd(boolean)	Renamed	-	com/kotcrab/vis/ui/widget/VisTextArea.java	469	62283ac10beb6a64	
member	com.kotcrab.vis.ui.widget.VisTextArea$TextAreaListener#goHome(boolean)	sge.visui.widget.VisTextArea$TextAreaListener#goHome(boolean)	Renamed	-	com/kotcrab/vis/ui/widget/VisTextArea.java	460	6e8d063608e7a80e	
member	com.kotcrab.vis.ui.widget.VisTextArea$TextAreaListener#keyDown(InputEvent,int)	sge.visui.widget.VisTextArea$TextAreaListener#keyDown(InputEvent,int)	Renamed	-	com/kotcrab/vis/ui/widget/VisTextArea.java	410	56a24f0e42aea473	
member	com.kotcrab.vis.ui.widget.VisTextArea$TextAreaListener#keyTyped(InputEvent,char)	sge.visui.widget.VisTextArea$TextAreaListener#keyTyped(InputEvent,char)	Renamed	-	com/kotcrab/vis/ui/widget/VisTextArea.java	453	5456443ba3e38d06	
member	com.kotcrab.vis.ui.widget.VisTextArea$TextAreaListener#setCursorPosition(float,float)	sge.visui.widget.VisTextArea$TextAreaListener#setCursorPosition(float,float)	Renamed	-	com/kotcrab/vis/ui/widget/VisTextArea.java	385	8831b04213a91925	
member	com.kotcrab.vis.ui.widget.VisTextButton#<init>(String,ChangeListener,Sge)	sge.visui.widget.VisTextButton#<init>(String,ChangeListener,Sge)	Renamed	-	com/kotcrab/vis/ui/widget/VisTextButton.java	56	8389579ceac10dee	
member	com.kotcrab.vis.ui.widget.VisTextButton#<init>(String,Sge)	sge.visui.widget.VisTextButton#<init>(String,Sge)	Renamed	-	com/kotcrab/vis/ui/widget/VisTextButton.java	51	61eba76cd7588ed5	
member	com.kotcrab.vis.ui.widget.VisTextButton#<init>(String,String,ChangeListener,Sge)	sge.visui.widget.VisTextButton#<init>(String,String,ChangeListener,Sge)	Renamed	-	com/kotcrab/vis/ui/widget/VisTextButton.java	62	d17e717a2fcd1b0b	
member	com.kotcrab.vis.ui.widget.VisTextButton#<init>(String,String,Sge)	sge.visui.widget.VisTextButton#<init>(String,String,Sge)	Renamed	-	com/kotcrab/vis/ui/widget/VisTextButton.java	46	aa3738075a6cdf83	
member	com.kotcrab.vis.ui.widget.VisTextButton#<init>(String,VisTextButtonStyle,Sge)	sge.visui.widget.VisTextButton#<init>(String,VisTextButtonStyle,Sge)	Renamed	-	com/kotcrab/vis/ui/widget/VisTextButton.java	68	a851751fa87774c5	
member	com.kotcrab.vis.ui.widget.VisTextButton#draw(Batch,float)	sge.visui.widget.VisTextButton#draw(Batch,float)	Renamed	-	com/kotcrab/vis/ui/widget/VisTextButton.java	86	b2c468050b9d137c	
member	com.kotcrab.vis.ui.widget.VisTextButton#drawBorder	sge.visui.widget.VisTextButton#drawBorder	Renamed	-	com/kotcrab/vis/ui/widget/VisTextButton.java	43	9568ad3b0c250ef8	vis=private
member	com.kotcrab.vis.ui.widget.VisTextButton#focusBorderEnabled	sge.visui.widget.VisTextButton#focusBorderEnabled	Renamed	-	com/kotcrab/vis/ui/widget/VisTextButton.java	44	fde8d01e28c85c52	vis=private
member	com.kotcrab.vis.ui.widget.VisTextButton#focusGained()	sge.visui.widget.VisTextButton#focusGained()	Renamed	-	com/kotcrab/vis/ui/widget/VisTextButton.java	126	a5c9a1cf03abbf80	
member	com.kotcrab.vis.ui.widget.VisTextButton#focusLost()	sge.visui.widget.VisTextButton#focusLost()	Renamed	-	com/kotcrab/vis/ui/widget/VisTextButton.java	121	16db98a6d2791219	
member	com.kotcrab.vis.ui.widget.VisTextButton#init()	sge.visui.widget.VisTextButton#init()	Renamed	-	com/kotcrab/vis/ui/widget/VisTextButton.java	73	e0341a6383c53d07	vis=private
member	com.kotcrab.vis.ui.widget.VisTextButton#isFocusBorderEnabled()	sge.visui.widget.VisTextButton#isFocusBorderEnabled()	Renamed	-	com/kotcrab/vis/ui/widget/VisTextButton.java	111	9a7ffc5c1dca520e	
member	com.kotcrab.vis.ui.widget.VisTextButton#setFocusBorderEnabled(boolean)	sge.visui.widget.VisTextButton#setFocusBorderEnabled(boolean)	Renamed	-	com/kotcrab/vis/ui/widget/VisTextButton.java	116	440b83f2a3ea2895	
member	com.kotcrab.vis.ui.widget.VisTextButton#style	sge.visui.widget.VisTextButton#style	Renamed	-	com/kotcrab/vis/ui/widget/VisTextButton.java	41	e09fa0ca5431e6c2	name=style$shadow$
member	com.kotcrab.vis.ui.widget.VisTextButton$VisTextButtonStyle#<init>(Drawable,Drawable,Drawable,BitmapFont)	sge.visui.widget.VisTextButton$VisTextButtonStyle#<init>(Drawable,Drawable,Drawable,BitmapFont)	Renamed	-	com/kotcrab/vis/ui/widget/VisTextButton.java	100	066ccdab548e8c79	
member	com.kotcrab.vis.ui.widget.VisTextButton$VisTextButtonStyle#<init>(VisTextButtonStyle)	sge.visui.widget.VisTextButton$VisTextButtonStyle#<init>(VisTextButtonStyle)	Renamed	-	com/kotcrab/vis/ui/widget/VisTextButton.java	104	74ee4e5c73434539	
member	com.kotcrab.vis.ui.widget.VisTextButton$VisTextButtonStyle#focusBorder	sge.visui.widget.VisTextButton$VisTextButtonStyle#focusBorder	Renamed	-	com/kotcrab/vis/ui/widget/VisTextButton.java	94	ef636d133b4773c6	
member	com.kotcrab.vis.ui.widget.VisTextField#<init>(String,Sge)	sge.visui.widget.VisTextField#<init>(String,Sge)	Renamed	-	com/kotcrab/vis/ui/widget/VisTextField.java	129	4ee24faaabaa69bb	
member	com.kotcrab.vis.ui.widget.VisTextField#<init>(String,String,Sge)	sge.visui.widget.VisTextField#<init>(String,String,Sge)	Renamed	-	com/kotcrab/vis/ui/widget/VisTextField.java	133	ada7cabe0cbe2d33	
member	com.kotcrab.vis.ui.widget.VisTextField#<init>(String,VisTextFieldStyle,Sge)	sge.visui.widget.VisTextField#<init>(String,VisTextFieldStyle,Sge)	Renamed	-	com/kotcrab/vis/ui/widget/VisTextField.java	137	cdc33857be4779a3	
member	com.kotcrab.vis.ui.widget.VisTextField#<stmt1>	sge.visui.widget.VisTextField#<stmt1>	Renamed	-	com/kotcrab/vis/ui/widget/VisTextField.java	138	c7ac7fa9e8209b44	
member	com.kotcrab.vis.ui.widget.VisTextField#<stmt2>	sge.visui.widget.VisTextField#<stmt2>	Renamed	-	com/kotcrab/vis/ui/widget/VisTextField.java	139	366d61d59be6a7dc	
member	com.kotcrab.vis.ui.widget.VisTextField#<stmt3>	sge.visui.widget.VisTextField#<stmt3>	Renamed	-	com/kotcrab/vis/ui/widget/VisTextField.java	140	32fffd18ae01f8b6	
member	com.kotcrab.vis.ui.widget.VisTextField#<stmt4>	sge.visui.widget.VisTextField#<stmt4>	Renamed	-	com/kotcrab/vis/ui/widget/VisTextField.java	141	8f72c50768107fda	
member	com.kotcrab.vis.ui.widget.VisTextField#<stmt5>	sge.visui.widget.VisTextField#<stmt5>	Renamed	-	com/kotcrab/vis/ui/widget/VisTextField.java	142	431836f48211c3df	
member	com.kotcrab.vis.ui.widget.VisTextField#BACKSPACE	sge.visui.widget.VisTextField#BACKSPACE	Renamed	-	com/kotcrab/vis/ui/widget/VisTextField.java	61	62ed05882a6706dd	placement=companion vis=private
member	com.kotcrab.vis.ui.widget.VisTextField#BULLET	sge.visui.widget.VisTextField#BULLET	Renamed	-	com/kotcrab/vis/ui/widget/VisTextField.java	66	1bf63495f7498816	placement=companion vis=private
member	com.kotcrab.vis.ui.widget.VisTextField#DELETE	sge.visui.widget.VisTextField#DELETE	Renamed	-	com/kotcrab/vis/ui/widget/VisTextField.java	65	fb2552ea6735df52	placement=companion vis=private
member	com.kotcrab.vis.ui.widget.VisTextField#ENTER_ANDROID	sge.visui.widget.VisTextField#ENTER_ANDROID	Renamed	-	com/kotcrab/vis/ui/widget/VisTextField.java	63	c6134ade6586dfe7	placement=companion
member	com.kotcrab.vis.ui.widget.VisTextField#ENTER_DESKTOP	sge.visui.widget.VisTextField#ENTER_DESKTOP	Renamed	-	com/kotcrab/vis/ui/widget/VisTextField.java	62	777c641f1e5d9af7	placement=companion
member	com.kotcrab.vis.ui.widget.VisTextField#TAB	sge.visui.widget.VisTextField#TAB	Renamed	-	com/kotcrab/vis/ui/widget/VisTextField.java	64	801937f1fb51b059	placement=companion vis=private
member	com.kotcrab.vis.ui.widget.VisTextField#appendText(String)	sge.visui.widget.VisTextField#appendText(String)	Renamed	-	com/kotcrab/vis/ui/widget/VisTextField.java	675	358ee93e34ed618d	
member	com.kotcrab.vis.ui.widget.VisTextField#beforeChangeEventFired()	sge.visui.widget.VisTextField#beforeChangeEventFired()	Renamed	-	com/kotcrab/vis/ui/widget/VisTextField.java	716	afb2d322fe372d6c	
member	com.kotcrab.vis.ui.widget.VisTextField#blink()	sge.visui.widget.VisTextField#blink()	Renamed	-	com/kotcrab/vis/ui/widget/VisTextField.java	474	22418ab0b06233a0	vis=private
member	com.kotcrab.vis.ui.widget.VisTextField#blinkTime	sge.visui.widget.VisTextField#blinkTime	Renamed	-	com/kotcrab/vis/ui/widget/VisTextField.java	108	c2eb6fef4e1f1e98	vis=private
member	com.kotcrab.vis.ui.widget.VisTextField#calculateOffsets()	sge.visui.widget.VisTextField#calculateOffsets()	Renamed	-	com/kotcrab/vis/ui/widget/VisTextField.java	250	6a84074aba941f28	
member	com.kotcrab.vis.ui.widget.VisTextField#changeText(String,String)	sge.visui.widget.VisTextField#changeText(String,String)	Renamed	-	com/kotcrab/vis/ui/widget/VisTextField.java	705	012c9a9e910e1e19	
member	com.kotcrab.vis.ui.widget.VisTextField#clearSelection()	sge.visui.widget.VisTextField#clearSelection()	Renamed	-	com/kotcrab/vis/ui/widget/VisTextField.java	769	16ba84a84f11bc53	
member	com.kotcrab.vis.ui.widget.VisTextField#clearText()	sge.visui.widget.VisTextField#clearText()	Renamed	-	com/kotcrab/vis/ui/widget/VisTextField.java	774	25832dddd2e52f19	
member	com.kotcrab.vis.ui.widget.VisTextField#clickListener	sge.visui.widget.VisTextField#clickListener	Renamed	-	com/kotcrab/vis/ui/widget/VisTextField.java	117	e48a04cc3ca95c36	vis=private
member	com.kotcrab.vis.ui.widget.VisTextField#clipboard	sge.visui.widget.VisTextField#clipboard	Renamed	-	com/kotcrab/vis/ui/widget/VisTextField.java	85	441d92b2e7f0b647	
member	com.kotcrab.vis.ui.widget.VisTextField#continueCursor(int,int)	sge.visui.widget.VisTextField#continueCursor(int,int)	Renamed	-	com/kotcrab/vis/ui/widget/VisTextField.java	893	cb240c7595bb25eb	
member	com.kotcrab.vis.ui.widget.VisTextField#copy()	sge.visui.widget.VisTextField#copy()	Renamed	-	com/kotcrab/vis/ui/widget/VisTextField.java	487	149c77078c805639	
member	com.kotcrab.vis.ui.widget.VisTextField#createInputListener()	sge.visui.widget.VisTextField#createInputListener()	Renamed	-	com/kotcrab/vis/ui/widget/VisTextField.java	166	326280ba3f2d74b0	
member	com.kotcrab.vis.ui.widget.VisTextField#cursor	sge.visui.widget.VisTextField#cursor	Renamed	-	com/kotcrab/vis/ui/widget/VisTextField.java	77	808d316bdacc3ab4	
member	com.kotcrab.vis.ui.widget.VisTextField#cursorOn	sge.visui.widget.VisTextField#cursorOn	Renamed	-	com/kotcrab/vis/ui/widget/VisTextField.java	109	c846f908ecb9606b	
member	com.kotcrab.vis.ui.widget.VisTextField#cursorPercentHeight	sge.visui.widget.VisTextField#cursorPercentHeight	Renamed	-	com/kotcrab/vis/ui/widget/VisTextField.java	123	94d9315a98301404	vis=private
member	com.kotcrab.vis.ui.widget.VisTextField#cut()	sge.visui.widget.VisTextField#cut()	Renamed	-	com/kotcrab/vis/ui/widget/VisTextField.java	499	7bd072bfd2d08dbc	
member	com.kotcrab.vis.ui.widget.VisTextField#cut(boolean)	sge.visui.widget.VisTextField#cut(boolean)	Renamed	-	com/kotcrab/vis/ui/widget/VisTextField.java	503	849288b2f3801934	
member	com.kotcrab.vis.ui.widget.VisTextField#delete(boolean)	sge.visui.widget.VisTextField#delete(boolean)	Renamed	-	com/kotcrab/vis/ui/widget/VisTextField.java	543	4592d7177bafe19f	
member	com.kotcrab.vis.ui.widget.VisTextField#disabled	sge.visui.widget.VisTextField#disabled	Renamed	-	com/kotcrab/vis/ui/widget/VisTextField.java	90	85789c8178261d70	name=disabled$field
member	com.kotcrab.vis.ui.widget.VisTextField#disabled()	sge.visui.widget.VisTextField#disabled()	Renamed	-	com/kotcrab/vis/ui/widget/VisTextField.java	864	e3a774b4d95be53f	
member	com.kotcrab.vis.ui.widget.VisTextField#disabled_=(boolean)	sge.visui.widget.VisTextField#disabled_=(boolean)	Renamed	-	com/kotcrab/vis/ui/widget/VisTextField.java	869	7f249fa9331f9409	
member	com.kotcrab.vis.ui.widget.VisTextField#displayText	sge.visui.widget.VisTextField#displayText	Renamed	-	com/kotcrab/vis/ui/widget/VisTextField.java	84	505b158b82bfa9a6	
member	com.kotcrab.vis.ui.widget.VisTextField#draw(Batch,float)	sge.visui.widget.VisTextField#draw(Batch,float)	Renamed	-	com/kotcrab/vis/ui/widget/VisTextField.java	314	6cbe8e690ea68285	
member	com.kotcrab.vis.ui.widget.VisTextField#drawBorder	sge.visui.widget.VisTextField#drawBorder	Renamed	-	com/kotcrab/vis/ui/widget/VisTextField.java	118	9568ad3b0c250ef8	vis=private
member	com.kotcrab.vis.ui.widget.VisTextField#drawCursor(Drawable,Batch,BitmapFont,float,float)	sge.visui.widget.VisTextField#drawCursor(Drawable,Batch,BitmapFont,float,float)	Renamed	-	com/kotcrab/vis/ui/widget/VisTextField.java	411	d5d0142cbe7f4781	
member	com.kotcrab.vis.ui.widget.VisTextField#drawSelection(Drawable,Batch,BitmapFont,float,float)	sge.visui.widget.VisTextField#drawSelection(Drawable,Batch,BitmapFont,float,float)	Renamed	-	com/kotcrab/vis/ui/widget/VisTextField.java	402	ada591c107a77be8	
member	com.kotcrab.vis.ui.widget.VisTextField#drawText(Batch,BitmapFont,float,float)	sge.visui.widget.VisTextField#drawText(Batch,BitmapFont,float,float)	Renamed	-	com/kotcrab/vis/ui/widget/VisTextField.java	407	4f9ce1d6f8f4f334	
member	com.kotcrab.vis.ui.widget.VisTextField#enterKeyFocusTraversal	sge.visui.widget.VisTextField#enterKeyFocusTraversal	Renamed	-	com/kotcrab/vis/ui/widget/VisTextField.java	91	1de9245cfbe1a577	
member	com.kotcrab.vis.ui.widget.VisTextField#filter	sge.visui.widget.VisTextField#filter	Renamed	-	com/kotcrab/vis/ui/widget/VisTextField.java	88	49589330fd727faf	
member	com.kotcrab.vis.ui.widget.VisTextField#findModalWindow(Actor)	sge.visui.widget.VisTextField#findModalWindow(Actor)	Renamed	-	com/kotcrab/vis/ui/widget/VisTextField.java	623	cbe5060e51cdb147	vis=private
member	com.kotcrab.vis.ui.widget.VisTextField#findNextTextField(Array,VisTextField,Vector2,Vector2,boolean)	sge.visui.widget.VisTextField#findNextTextField(Array<Actor>,VisTextField,Vector2,Vector2,boolean)	Renamed	-	com/kotcrab/vis/ui/widget/VisTextField.java	581	1f977a028912946d	vis=private
member	com.kotcrab.vis.ui.widget.VisTextField#focusBorderEnabled	sge.visui.widget.VisTextField#focusBorderEnabled	Renamed	-	com/kotcrab/vis/ui/widget/VisTextField.java	119	fde8d01e28c85c52	vis=private
member	com.kotcrab.vis.ui.widget.VisTextField#focusField()	sge.visui.widget.VisTextField#focusField()	Renamed	-	com/kotcrab/vis/ui/widget/VisTextField.java	899	d74bfe66f5d48cb4	
member	com.kotcrab.vis.ui.widget.VisTextField#focusGained()	sge.visui.widget.VisTextField#focusGained()	Renamed	-	com/kotcrab/vis/ui/widget/VisTextField.java	919	a5c9a1cf03abbf80	
member	com.kotcrab.vis.ui.widget.VisTextField#focusLost()	sge.visui.widget.VisTextField#focusLost()	Renamed	-	com/kotcrab/vis/ui/widget/VisTextField.java	914	16db98a6d2791219	
member	com.kotcrab.vis.ui.widget.VisTextField#focusTraversal	sge.visui.widget.VisTextField#focusTraversal	Renamed	-	com/kotcrab/vis/ui/widget/VisTextField.java	90	d3112dfa03f74134	
member	com.kotcrab.vis.ui.widget.VisTextField#fontOffset	sge.visui.widget.VisTextField#fontOffset	Renamed	-	com/kotcrab/vis/ui/widget/VisTextField.java	103	7073ce696368ea45	
member	com.kotcrab.vis.ui.widget.VisTextField#getCursorPosition()	sge.visui.widget.VisTextField#getCursorPosition()	Renamed	-	com/kotcrab/vis/ui/widget/VisTextField.java	785	9e40a1983e378df7	
member	com.kotcrab.vis.ui.widget.VisTextField#getDefaultInputListener()	sge.visui.widget.VisTextField#getDefaultInputListener()	Renamed	-	com/kotcrab/vis/ui/widget/VisTextField.java	629	b2db96692cd0163b	
member	com.kotcrab.vis.ui.widget.VisTextField#getMaxLength()	sge.visui.widget.VisTextField#getMaxLength()	Renamed	-	com/kotcrab/vis/ui/widget/VisTextField.java	213	57582682f510cd97	
member	com.kotcrab.vis.ui.widget.VisTextField#getMessageText()	sge.visui.widget.VisTextField#getMessageText()	Renamed	-	com/kotcrab/vis/ui/widget/VisTextField.java	662	502138e1daf74f05	
member	com.kotcrab.vis.ui.widget.VisTextField#getOnscreenKeyboard()	sge.visui.widget.VisTextField#getOnscreenKeyboard()	Renamed	-	com/kotcrab/vis/ui/widget/VisTextField.java	803	c95a157a00a9d820	
member	com.kotcrab.vis.ui.widget.VisTextField#getPrefHeight()	sge.visui.widget.VisTextField#getPrefHeight()	Renamed	-	com/kotcrab/vis/ui/widget/VisTextField.java	821	31d560676bdedfc5	
member	com.kotcrab.vis.ui.widget.VisTextField#getPrefWidth()	sge.visui.widget.VisTextField#getPrefWidth()	Renamed	-	com/kotcrab/vis/ui/widget/VisTextField.java	816	d3c3f470df8fece4	
member	com.kotcrab.vis.ui.widget.VisTextField#getProgrammaticChangeEvents()	sge.visui.widget.VisTextField#getProgrammaticChangeEvents()	Renamed	-	com/kotcrab/vis/ui/widget/VisTextField.java	720	d5c9014b2bd5ff1f	
member	com.kotcrab.vis.ui.widget.VisTextField#getSelection()	sge.visui.widget.VisTextField#getSelection()	Renamed	-	com/kotcrab/vis/ui/widget/VisTextField.java	736	5f99c9108d7a0368	
member	com.kotcrab.vis.ui.widget.VisTextField#getSelectionStart()	sge.visui.widget.VisTextField#getSelectionStart()	Renamed	-	com/kotcrab/vis/ui/widget/VisTextField.java	732	d960f5914298dd06	
member	com.kotcrab.vis.ui.widget.VisTextField#getStyle()	sge.visui.widget.VisTextField#getStyle()	Renamed	-	com/kotcrab/vis/ui/widget/VisTextField.java	234	eb5b06d0dd9fec74	
member	com.kotcrab.vis.ui.widget.VisTextField#getText()	sge.visui.widget.VisTextField#getText()	Renamed	-	com/kotcrab/vis/ui/widget/VisTextField.java	697	52b0c2b7b91fbed9	
member	com.kotcrab.vis.ui.widget.VisTextField#getTextFieldFilter()	sge.visui.widget.VisTextField#getTextFieldFilter()	Renamed	-	com/kotcrab/vis/ui/widget/VisTextField.java	643	06be81fb03ab67e3	
member	com.kotcrab.vis.ui.widget.VisTextField#getTextY(BitmapFont,Drawable)	sge.visui.widget.VisTextField#getTextY(BitmapFont,Drawable)	Renamed	-	com/kotcrab/vis/ui/widget/VisTextField.java	388	40fa75cf6e84f994	
member	com.kotcrab.vis.ui.widget.VisTextField#glyphPositions	sge.visui.widget.VisTextField#glyphPositions	Renamed	-	com/kotcrab/vis/ui/widget/VisTextField.java	81	0deab8de87f2bbc4	
member	com.kotcrab.vis.ui.widget.VisTextField#hasSelection	sge.visui.widget.VisTextField#hasSelection	Renamed	-	com/kotcrab/vis/ui/widget/VisTextField.java	78	e69c073144684298	
member	com.kotcrab.vis.ui.widget.VisTextField#ignoreEqualsTextChange	sge.visui.widget.VisTextField#ignoreEqualsTextChange	Renamed	-	com/kotcrab/vis/ui/widget/VisTextField.java	121	e27f98427409c4d3	vis=private
member	com.kotcrab.vis.ui.widget.VisTextField#initialize()	sge.visui.widget.VisTextField#initialize()	Renamed	-	com/kotcrab/vis/ui/widget/VisTextField.java	145	a75ab12bc8febded	
member	com.kotcrab.vis.ui.widget.VisTextField#inputListener	sge.visui.widget.VisTextField#inputListener	Renamed	-	com/kotcrab/vis/ui/widget/VisTextField.java	86	334e41b57bcf3375	
member	com.kotcrab.vis.ui.widget.VisTextField#inputValid	sge.visui.widget.VisTextField#inputValid	Renamed	-	com/kotcrab/vis/ui/widget/VisTextField.java	120	6e38187c421ab367	vis=private
member	com.kotcrab.vis.ui.widget.VisTextField#insert(int,CharSequence,String)	sge.visui.widget.VisTextField#insert(int,CharSequence,String)	Renamed	-	com/kotcrab/vis/ui/widget/VisTextField.java	538	999165460366cddc	
member	com.kotcrab.vis.ui.widget.VisTextField#isActorVisibleInStage(Actor)	sge.visui.widget.VisTextField#isActorVisibleInStage(Actor)	Renamed	-	com/kotcrab/vis/ui/widget/VisTextField.java	617	0c6adb5400c46b8b	vis=private
member	com.kotcrab.vis.ui.widget.VisTextField#isEmpty()	sge.visui.widget.VisTextField#isEmpty()	Renamed	-	com/kotcrab/vis/ui/widget/VisTextField.java	923	c9125b4e92aa19d2	
member	com.kotcrab.vis.ui.widget.VisTextField#isFocusBorderEnabled()	sge.visui.widget.VisTextField#isFocusBorderEnabled()	Renamed	-	com/kotcrab/vis/ui/widget/VisTextField.java	936	9a7ffc5c1dca520e	
member	com.kotcrab.vis.ui.widget.VisTextField#isIgnoreEqualsTextChange()	sge.visui.widget.VisTextField#isIgnoreEqualsTextChange()	Renamed	-	com/kotcrab/vis/ui/widget/VisTextField.java	946	81d548a2faf09ae0	
member	com.kotcrab.vis.ui.widget.VisTextField#isInputValid()	sge.visui.widget.VisTextField#isInputValid()	Renamed	-	com/kotcrab/vis/ui/widget/VisTextField.java	927	964ea0f27a63e6dc	
member	com.kotcrab.vis.ui.widget.VisTextField#isPasswordMode()	sge.visui.widget.VisTextField#isPasswordMode()	Renamed	-	com/kotcrab/vis/ui/widget/VisTextField.java	847	3c9ac5ec66280733	
member	com.kotcrab.vis.ui.widget.VisTextField#isReadOnly()	sge.visui.widget.VisTextField#isReadOnly()	Renamed	-	com/kotcrab/vis/ui/widget/VisTextField.java	877	c10e2e0863f656b8	
member	com.kotcrab.vis.ui.widget.VisTextField#isTextSelected()	sge.visui.widget.VisTextField#isTextSelected()	Renamed	-	com/kotcrab/vis/ui/widget/VisTextField.java	740	49c8525e7127b34a	
member	com.kotcrab.vis.ui.widget.VisTextField#isWordCharacter(char)	sge.visui.widget.VisTextField#isWordCharacter(char)	Renamed	-	com/kotcrab/vis/ui/widget/VisTextField.java	183	c37079eba49a6740	
member	com.kotcrab.vis.ui.widget.VisTextField#keyRepeatInitialTime	sge.visui.widget.VisTextField#keyRepeatInitialTime	Renamed	-	com/kotcrab/vis/ui/widget/VisTextField.java	72	7b99ef6523e8c06c	placement=companion
member	com.kotcrab.vis.ui.widget.VisTextField#keyRepeatTask	sge.visui.widget.VisTextField#keyRepeatTask	Renamed	-	com/kotcrab/vis/ui/widget/VisTextField.java	112	f10009aefa2f055a	
member	com.kotcrab.vis.ui.widget.VisTextField#keyRepeatTime	sge.visui.widget.VisTextField#keyRepeatTime	Renamed	-	com/kotcrab/vis/ui/widget/VisTextField.java	74	219226d39cae069d	placement=companion
member	com.kotcrab.vis.ui.widget.VisTextField#keyboard	sge.visui.widget.VisTextField#keyboard	Renamed	-	com/kotcrab/vis/ui/widget/VisTextField.java	89	6d2279c6e1b900b4	
member	com.kotcrab.vis.ui.widget.VisTextField#lastBlink	sge.visui.widget.VisTextField#lastBlink	Renamed	-	com/kotcrab/vis/ui/widget/VisTextField.java	110	71f413f6332b8fc3	
member	com.kotcrab.vis.ui.widget.VisTextField#lastChangeTime	sge.visui.widget.VisTextField#lastChangeTime	Renamed	-	com/kotcrab/vis/ui/widget/VisTextField.java	97	66365e9d8f3fec0b	
member	com.kotcrab.vis.ui.widget.VisTextField#layout	sge.visui.widget.VisTextField#layout	Renamed	-	com/kotcrab/vis/ui/widget/VisTextField.java	80	a03b469efc288876	name=layout$shadow
member	com.kotcrab.vis.ui.widget.VisTextField#letterUnderCursor(float)	sge.visui.widget.VisTextField#letterUnderCursor(float)	Renamed	-	com/kotcrab/vis/ui/widget/VisTextField.java	170	47301183fd4cd6ff	
member	com.kotcrab.vis.ui.widget.VisTextField#listener	sge.visui.widget.VisTextField#listener	Renamed	-	com/kotcrab/vis/ui/widget/VisTextField.java	87	df77ce66c114b44f	
member	com.kotcrab.vis.ui.widget.VisTextField#maxLength	sge.visui.widget.VisTextField#maxLength	Renamed	-	com/kotcrab/vis/ui/widget/VisTextField.java	106	03286b4fb9456bcf	vis=private
member	com.kotcrab.vis.ui.widget.VisTextField#messageText	sge.visui.widget.VisTextField#messageText	Renamed	-	com/kotcrab/vis/ui/widget/VisTextField.java	83	a974e78dbd3b4ac6	vis=private
member	com.kotcrab.vis.ui.widget.VisTextField#moveCursor(boolean,boolean)	sge.visui.widget.VisTextField#moveCursor(boolean,boolean)	Renamed	-	com/kotcrab/vis/ui/widget/VisTextField.java	885	37c8b79f0172e412	
member	com.kotcrab.vis.ui.widget.VisTextField#next(boolean)	sge.visui.widget.VisTextField#next(boolean)	Renamed	-	com/kotcrab/vis/ui/widget/VisTextField.java	562	1b8d05b2d4f19c7e	
member	com.kotcrab.vis.ui.widget.VisTextField#onlyFontChars	sge.visui.widget.VisTextField#onlyFontChars	Renamed	-	com/kotcrab/vis/ui/widget/VisTextField.java	90	da77b84661d426bb	
member	com.kotcrab.vis.ui.widget.VisTextField#passwordBuffer	sge.visui.widget.VisTextField#passwordBuffer	Renamed	-	com/kotcrab/vis/ui/widget/VisTextField.java	100	0f153e0e50ebb932	vis=private
member	com.kotcrab.vis.ui.widget.VisTextField#passwordCharacter	sge.visui.widget.VisTextField#passwordCharacter	Renamed	-	com/kotcrab/vis/ui/widget/VisTextField.java	101	218005cfb5bc4705	vis=private
member	com.kotcrab.vis.ui.widget.VisTextField#passwordMode	sge.visui.widget.VisTextField#passwordMode	Renamed	-	com/kotcrab/vis/ui/widget/VisTextField.java	99	2102746e981176cc	
member	com.kotcrab.vis.ui.widget.VisTextField#paste(String,boolean)	sge.visui.widget.VisTextField#paste(String,boolean)	Renamed	-	com/kotcrab/vis/ui/widget/VisTextField.java	511	ccfe8fa279fb08e6	
member	com.kotcrab.vis.ui.widget.VisTextField#programmaticChangeEvents	sge.visui.widget.VisTextField#programmaticChangeEvents	Renamed	-	com/kotcrab/vis/ui/widget/VisTextField.java	113	15c15abfd01546c6	
member	com.kotcrab.vis.ui.widget.VisTextField#readOnly	sge.visui.widget.VisTextField#readOnly	Renamed	-	com/kotcrab/vis/ui/widget/VisTextField.java	122	f2ad1987f50611c0	vis=private
member	com.kotcrab.vis.ui.widget.VisTextField#renderOffset	sge.visui.widget.VisTextField#renderOffset	Renamed	-	com/kotcrab/vis/ui/widget/VisTextField.java	104	4f78b1fda721b6cc	
member	com.kotcrab.vis.ui.widget.VisTextField#selectAll()	sge.visui.widget.VisTextField#selectAll()	Renamed	-	com/kotcrab/vis/ui/widget/VisTextField.java	765	9287861a23b4cf5c	
member	com.kotcrab.vis.ui.widget.VisTextField#selectionStart	sge.visui.widget.VisTextField#selectionStart	Renamed	-	com/kotcrab/vis/ui/widget/VisTextField.java	77	82fdcb654ec14696	
member	com.kotcrab.vis.ui.widget.VisTextField#selectionWidth	sge.visui.widget.VisTextField#selectionWidth	Renamed	-	com/kotcrab/vis/ui/widget/VisTextField.java	93	3ccd6f0d6bf98b30	vis=private
member	com.kotcrab.vis.ui.widget.VisTextField#selectionX	sge.visui.widget.VisTextField#selectionX	Renamed	-	com/kotcrab/vis/ui/widget/VisTextField.java	93	d01ea2b069bf4c65	vis=private
member	com.kotcrab.vis.ui.widget.VisTextField#setAlignment(int)	sge.visui.widget.VisTextField#setAlignment(int)	Renamed	-	com/kotcrab/vis/ui/widget/VisTextField.java	834	8798096001844250	
member	com.kotcrab.vis.ui.widget.VisTextField#setBlinkTime(float)	sge.visui.widget.VisTextField#setBlinkTime(float)	Renamed	-	com/kotcrab/vis/ui/widget/VisTextField.java	860	169271a9b83d4e62	
member	com.kotcrab.vis.ui.widget.VisTextField#setClipboard(Clipboard)	sge.visui.widget.VisTextField#setClipboard(Clipboard)	Renamed	-	com/kotcrab/vis/ui/widget/VisTextField.java	811	981f32ee088836d4	
member	com.kotcrab.vis.ui.widget.VisTextField#setCursorAtTextEnd()	sge.visui.widget.VisTextField#setCursorAtTextEnd()	Renamed	-	com/kotcrab/vis/ui/widget/VisTextField.java	789	965ee7e3bdf36e83	
member	com.kotcrab.vis.ui.widget.VisTextField#setCursorPercentHeight(float)	sge.visui.widget.VisTextField#setCursorPercentHeight(float)	Renamed	-	com/kotcrab/vis/ui/widget/VisTextField.java	796	a19eb2818c873756	
member	com.kotcrab.vis.ui.widget.VisTextField#setCursorPosition(int)	sge.visui.widget.VisTextField#setCursorPosition(int)	Renamed	-	com/kotcrab/vis/ui/widget/VisTextField.java	779	f5873f8db70d0f31	
member	com.kotcrab.vis.ui.widget.VisTextField#setEnterKeyFocusTraversal(boolean)	sge.visui.widget.VisTextField#setEnterKeyFocusTraversal(boolean)	Renamed	-	com/kotcrab/vis/ui/widget/VisTextField.java	657	09d31bc09739b53b	
member	com.kotcrab.vis.ui.widget.VisTextField#setFocusBorderEnabled(boolean)	sge.visui.widget.VisTextField#setFocusBorderEnabled(boolean)	Renamed	-	com/kotcrab/vis/ui/widget/VisTextField.java	941	440b83f2a3ea2895	
member	com.kotcrab.vis.ui.widget.VisTextField#setFocusTraversal(boolean)	sge.visui.widget.VisTextField#setFocusTraversal(boolean)	Renamed	-	com/kotcrab/vis/ui/widget/VisTextField.java	648	1dcda769634f3255	
member	com.kotcrab.vis.ui.widget.VisTextField#setIgnoreEqualsTextChange(boolean)	sge.visui.widget.VisTextField#setIgnoreEqualsTextChange(boolean)	Renamed	-	com/kotcrab/vis/ui/widget/VisTextField.java	957	6ed35d8254d9e509	
member	com.kotcrab.vis.ui.widget.VisTextField#setInputValid(boolean)	sge.visui.widget.VisTextField#setInputValid(boolean)	Renamed	-	com/kotcrab/vis/ui/widget/VisTextField.java	931	101b9f783ba28771	
member	com.kotcrab.vis.ui.widget.VisTextField#setMaxLength(int)	sge.visui.widget.VisTextField#setMaxLength(int)	Renamed	-	com/kotcrab/vis/ui/widget/VisTextField.java	217	8a6357f2f669b66f	
member	com.kotcrab.vis.ui.widget.VisTextField#setMessageText(String)	sge.visui.widget.VisTextField#setMessageText(String)	Renamed	-	com/kotcrab/vis/ui/widget/VisTextField.java	670	d4f167d3eb9f1cbb	
member	com.kotcrab.vis.ui.widget.VisTextField#setOnlyFontChars(boolean)	sge.visui.widget.VisTextField#setOnlyFontChars(boolean)	Renamed	-	com/kotcrab/vis/ui/widget/VisTextField.java	226	a570ded8f4d19650	
member	com.kotcrab.vis.ui.widget.VisTextField#setOnscreenKeyboard(OnscreenKeyboard)	sge.visui.widget.VisTextField#setOnscreenKeyboard(OnscreenKeyboard)	Renamed	-	com/kotcrab/vis/ui/widget/VisTextField.java	807	56e2d5092a91dca0	
member	com.kotcrab.vis.ui.widget.VisTextField#setPasswordCharacter(char)	sge.visui.widget.VisTextField#setPasswordCharacter(char)	Renamed	-	com/kotcrab/vis/ui/widget/VisTextField.java	855	973cee2bd27ab713	
member	com.kotcrab.vis.ui.widget.VisTextField#setPasswordMode(boolean)	sge.visui.widget.VisTextField#setPasswordMode(boolean)	Renamed	-	com/kotcrab/vis/ui/widget/VisTextField.java	842	614edaefd4abb9ca	
member	com.kotcrab.vis.ui.widget.VisTextField#setProgrammaticChangeEvents(boolean)	sge.visui.widget.VisTextField#setProgrammaticChangeEvents(boolean)	Renamed	-	com/kotcrab/vis/ui/widget/VisTextField.java	728	69e4d3ecdce23660	
member	com.kotcrab.vis.ui.widget.VisTextField#setReadOnly(boolean)	sge.visui.widget.VisTextField#setReadOnly(boolean)	Renamed	-	com/kotcrab/vis/ui/widget/VisTextField.java	881	c6e0cf8faade214d	
member	com.kotcrab.vis.ui.widget.VisTextField#setSelection(int,int)	sge.visui.widget.VisTextField#setSelection(int,int)	Renamed	-	com/kotcrab/vis/ui/widget/VisTextField.java	745	00d76130c3676396	
member	com.kotcrab.vis.ui.widget.VisTextField#setStyle(VisTextFieldStyle)	sge.visui.widget.VisTextField#setStyle(VisTextFieldStyle)	Renamed	-	com/kotcrab/vis/ui/widget/VisTextField.java	238	cf6c8fef38724bf0	
member	com.kotcrab.vis.ui.widget.VisTextField#setText(String)	sge.visui.widget.VisTextField#setText(String)	Renamed	-	com/kotcrab/vis/ui/widget/VisTextField.java	684	48845930c5e84451	
member	com.kotcrab.vis.ui.widget.VisTextField#setTextFieldFilter(TextFieldFilter)	sge.visui.widget.VisTextField#setTextFieldFilter(TextFieldFilter)	Renamed	-	com/kotcrab/vis/ui/widget/VisTextField.java	639	58864e7ac98022d7	
member	com.kotcrab.vis.ui.widget.VisTextField#setTextFieldListener(TextFieldListener)	sge.visui.widget.VisTextField#setTextFieldListener(TextFieldListener)	Renamed	-	com/kotcrab/vis/ui/widget/VisTextField.java	634	01fcbf02542ce131	
member	com.kotcrab.vis.ui.widget.VisTextField#style	sge.visui.widget.VisTextField#style	Renamed	-	com/kotcrab/vis/ui/widget/VisTextField.java	116	93715118c0b1cf17	
member	com.kotcrab.vis.ui.widget.VisTextField#text	sge.visui.widget.VisTextField#text	Renamed	-	com/kotcrab/vis/ui/widget/VisTextField.java	76	48ae5ad5624f20fb	
member	com.kotcrab.vis.ui.widget.VisTextField#textHAlign	sge.visui.widget.VisTextField#textHAlign	Renamed	-	com/kotcrab/vis/ui/widget/VisTextField.java	92	fd38a1d839629951	vis=private
member	com.kotcrab.vis.ui.widget.VisTextField#textHeight	sge.visui.widget.VisTextField#textHeight	Renamed	-	com/kotcrab/vis/ui/widget/VisTextField.java	103	47272f00f0a40d40	
member	com.kotcrab.vis.ui.widget.VisTextField#textOffset	sge.visui.widget.VisTextField#textOffset	Renamed	-	com/kotcrab/vis/ui/widget/VisTextField.java	103	286ceba75e515464	
member	com.kotcrab.vis.ui.widget.VisTextField#tmp1	sge.visui.widget.VisTextField#tmp1	Renamed	-	com/kotcrab/vis/ui/widget/VisTextField.java	68	6f40120f78aec4e8	placement=companion vis=private
member	com.kotcrab.vis.ui.widget.VisTextField#tmp2	sge.visui.widget.VisTextField#tmp2	Renamed	-	com/kotcrab/vis/ui/widget/VisTextField.java	69	e78dd0d5fef518ab	placement=companion vis=private
member	com.kotcrab.vis.ui.widget.VisTextField#tmp3	sge.visui.widget.VisTextField#tmp3	Renamed	-	com/kotcrab/vis/ui/widget/VisTextField.java	70	17e0a8c9d841b734	placement=companion vis=private
member	com.kotcrab.vis.ui.widget.VisTextField#toString()	sge.visui.widget.VisTextField#toString()	Renamed	-	com/kotcrab/vis/ui/widget/VisTextField.java	246	9603a92ace0fa77d	
member	com.kotcrab.vis.ui.widget.VisTextField#undoCursorPos	sge.visui.widget.VisTextField#undoCursorPos	Renamed	-	com/kotcrab/vis/ui/widget/VisTextField.java	96	3b27490dced9f18b	
member	com.kotcrab.vis.ui.widget.VisTextField#undoText	sge.visui.widget.VisTextField#undoText	Renamed	-	com/kotcrab/vis/ui/widget/VisTextField.java	95	f59786a8c8ee4954	
member	com.kotcrab.vis.ui.widget.VisTextField#updateDisplayText()	sge.visui.widget.VisTextField#updateDisplayText()	Renamed	-	com/kotcrab/vis/ui/widget/VisTextField.java	419	5ff98c30932ae101	
member	com.kotcrab.vis.ui.widget.VisTextField#visibleTextEnd	sge.visui.widget.VisTextField#visibleTextEnd	Renamed	-	com/kotcrab/vis/ui/widget/VisTextField.java	105	c18f15dd904a2c24	vis=private
member	com.kotcrab.vis.ui.widget.VisTextField#visibleTextStart	sge.visui.widget.VisTextField#visibleTextStart	Renamed	-	com/kotcrab/vis/ui/widget/VisTextField.java	105	1a98076d428c289b	vis=private
member	com.kotcrab.vis.ui.widget.VisTextField#withinMaxLength(int)	sge.visui.widget.VisTextField#withinMaxLength(int)	Renamed	-	com/kotcrab/vis/ui/widget/VisTextField.java	209	ebd4dd62fd73db08	
member	com.kotcrab.vis.ui.widget.VisTextField#wordUnderCursor(float)	sge.visui.widget.VisTextField#wordUnderCursor(float)	Renamed	-	com/kotcrab/vis/ui/widget/VisTextField.java	205	3b7135870cf666c0	
member	com.kotcrab.vis.ui.widget.VisTextField#wordUnderCursor(int)	sge.visui.widget.VisTextField#wordUnderCursor(int)	Renamed	-	com/kotcrab/vis/ui/widget/VisTextField.java	187	8e38e8f9241bd056	
member	com.kotcrab.vis.ui.widget.VisTextField#writeEnters	sge.visui.widget.VisTextField#writeEnters	Renamed	-	com/kotcrab/vis/ui/widget/VisTextField.java	79	8b5f1fe89be075e8	
member	com.kotcrab.vis.ui.widget.VisTextField$KeyRepeatTask#keycode	sge.visui.widget.VisTextField$KeyRepeatTask#keycode	Renamed	-	com/kotcrab/vis/ui/widget/VisTextField.java	1006	f815be88c208fd9b	
member	com.kotcrab.vis.ui.widget.VisTextField$KeyRepeatTask#run()	sge.visui.widget.VisTextField$KeyRepeatTask#run()	Renamed	-	com/kotcrab/vis/ui/widget/VisTextField.java	1009	d2a90e76e555c3cd	
member	com.kotcrab.vis.ui.widget.VisTextField$TextFieldClickListener#clicked(InputEvent,float,float)	sge.visui.widget.VisTextField$TextFieldClickListener#clicked(InputEvent,float,float)	Renamed	-	com/kotcrab/vis/ui/widget/VisTextField.java	1017	53f65f95d056cdc7	
member	com.kotcrab.vis.ui.widget.VisTextField$TextFieldClickListener#goEnd(boolean)	sge.visui.widget.VisTextField$TextFieldClickListener#goEnd(boolean)	Renamed	-	com/kotcrab/vis/ui/widget/VisTextField.java	1064	9ff50feafaf384a6	
member	com.kotcrab.vis.ui.widget.VisTextField$TextFieldClickListener#goHome(boolean)	sge.visui.widget.VisTextField$TextFieldClickListener#goHome(boolean)	Renamed	-	com/kotcrab/vis/ui/widget/VisTextField.java	1060	d640fca206276cb8	
member	com.kotcrab.vis.ui.widget.VisTextField$TextFieldClickListener#keyDown(InputEvent,int)	sge.visui.widget.VisTextField$TextFieldClickListener#keyDown(InputEvent,int)	Renamed	-	com/kotcrab/vis/ui/widget/VisTextField.java	1069	99b1ee5964278475	
member	com.kotcrab.vis.ui.widget.VisTextField$TextFieldClickListener#keyTyped(InputEvent,char)	sge.visui.widget.VisTextField$TextFieldClickListener#keyTyped(InputEvent,char)	Renamed	-	com/kotcrab/vis/ui/widget/VisTextField.java	1192	98afb267c8cdbea2	
member	com.kotcrab.vis.ui.widget.VisTextField$TextFieldClickListener#keyUp(InputEvent,int)	sge.visui.widget.VisTextField$TextFieldClickListener#keyUp(InputEvent,int)	Renamed	-	com/kotcrab/vis/ui/widget/VisTextField.java	1185	2498593ed2af8fed	
member	com.kotcrab.vis.ui.widget.VisTextField$TextFieldClickListener#scheduleKeyRepeatTask(int)	sge.visui.widget.VisTextField$TextFieldClickListener#scheduleKeyRepeatTask(int)	Renamed	-	com/kotcrab/vis/ui/widget/VisTextField.java	1174	0a8c1d4a4f6ad04d	
member	com.kotcrab.vis.ui.widget.VisTextField$TextFieldClickListener#setCursorPosition(float,float)	sge.visui.widget.VisTextField$TextFieldClickListener#setCursorPosition(float,float)	Renamed	-	com/kotcrab/vis/ui/widget/VisTextField.java	1054	b034f4e903b04307	
member	com.kotcrab.vis.ui.widget.VisTextField$TextFieldClickListener#touchDown(InputEvent,float,float,int,int)	sge.visui.widget.VisTextField$TextFieldClickListener#touchDown(InputEvent,float,float,int,int)	Renamed	-	com/kotcrab/vis/ui/widget/VisTextField.java	1028	bc470593f744a76c	
member	com.kotcrab.vis.ui.widget.VisTextField$TextFieldClickListener#touchDragged(InputEvent,float,float,int)	sge.visui.widget.VisTextField$TextFieldClickListener#touchDragged(InputEvent,float,float,int)	Renamed	-	com/kotcrab/vis/ui/widget/VisTextField.java	1043	f80e5f274acb77e6	
member	com.kotcrab.vis.ui.widget.VisTextField$TextFieldClickListener#touchUp(InputEvent,float,float,int,int)	sge.visui.widget.VisTextField$TextFieldClickListener#touchUp(InputEvent,float,float,int,int)	Renamed	-	com/kotcrab/vis/ui/widget/VisTextField.java	1049	62f5b6b69e839ed4	
member	com.kotcrab.vis.ui.widget.VisTextField$TextFieldFilter#acceptChar(VisTextField,char)	sge.visui.widget.VisTextField$TextFieldFilter#acceptChar(VisTextField,char)	Renamed	-	com/kotcrab/vis/ui/widget/VisTextField.java	994	a977ae404b76fe6f	
member	com.kotcrab.vis.ui.widget.VisTextField$TextFieldFilter$DigitsOnlyFilter#acceptChar(VisTextField,char)	sge.visui.widget.VisTextField$TextFieldFilter$DigitsOnlyFilter#acceptChar(VisTextField,char)	Renamed	-	com/kotcrab/vis/ui/widget/VisTextField.java	998	ca26f397cf091d90	
member	com.kotcrab.vis.ui.widget.VisTextField$TextFieldListener#keyTyped(VisTextField,char)	sge.visui.widget.VisTextField$TextFieldListener#keyTyped(VisTextField,char)	Renamed	-	com/kotcrab/vis/ui/widget/VisTextField.java	986	eed7c0949cea82c5	
member	com.kotcrab.vis.ui.widget.VisTextField$VisTextFieldStyle#<init>(BitmapFont,Color,Drawable,Drawable,Drawable)	sge.visui.widget.VisTextField$VisTextFieldStyle#<init>(BitmapFont,Color,Drawable,Drawable,Drawable)	Renamed	-	com/kotcrab/vis/ui/widget/VisTextField.java	969	5a06a3c20df638b5	
member	com.kotcrab.vis.ui.widget.VisTextField$VisTextFieldStyle#<init>(VisTextFieldStyle)	sge.visui.widget.VisTextField$VisTextFieldStyle#<init>(VisTextFieldStyle)	Renamed	-	com/kotcrab/vis/ui/widget/VisTextField.java	973	8ece14f3f6806379	
member	com.kotcrab.vis.ui.widget.VisTextField$VisTextFieldStyle#backgroundOver	sge.visui.widget.VisTextField$VisTextFieldStyle#backgroundOver	Renamed	-	com/kotcrab/vis/ui/widget/VisTextField.java	964	a585ac334a2a347e	
member	com.kotcrab.vis.ui.widget.VisTextField$VisTextFieldStyle#errorBorder	sge.visui.widget.VisTextField$VisTextFieldStyle#errorBorder	Renamed	-	com/kotcrab/vis/ui/widget/VisTextField.java	963	8e0a9f4bce9874ae	
member	com.kotcrab.vis.ui.widget.VisTextField$VisTextFieldStyle#focusBorder	sge.visui.widget.VisTextField$VisTextFieldStyle#focusBorder	Renamed	-	com/kotcrab/vis/ui/widget/VisTextField.java	962	ef636d133b4773c6	
member	com.kotcrab.vis.ui.widget.VisTree#<init>(String,Sge)	sge.visui.widget.VisTree#<init>(String,Sge)	Renamed	-	com/kotcrab/vis/ui/widget/VisTree.java	35	7f11c83f371ac054	
member	com.kotcrab.vis.ui.widget.VisTree#<init>(TreeStyle,Sge)	sge.visui.widget.VisTree#<init>(TreeStyle,Sge)	Renamed	-	com/kotcrab/vis/ui/widget/VisTree.java	45	87fe85b16c85d187	
member	com.kotcrab.vis.ui.widget.VisTree#<stmt1>	sge.visui.widget.VisTree#<stmt1>	Renamed	-	com/kotcrab/vis/ui/widget/VisTree.java	42	a90a8c696cfb9d9e	
member	com.kotcrab.vis.ui.widget.VisTree#init()	sge.visui.widget.VisTree#init()	Renamed	-	com/kotcrab/vis/ui/widget/VisTree.java	50	66b4f1862a3ddf20	vis=private
member	com.kotcrab.vis.ui.widget.VisValidatableTextField#<init>(Array,Sge)	sge.visui.widget.VisValidatableTextField#<init>(Array<InputValidator>,Sge)	Renamed	-	com/kotcrab/vis/ui/widget/VisValidatableTextField.java	65	f838117205d3b655	
member	com.kotcrab.vis.ui.widget.VisValidatableTextField#<init>(InputValidator,Sge)	sge.visui.widget.VisValidatableTextField#<init>(InputValidator,Sge)	Renamed	-	com/kotcrab/vis/ui/widget/VisValidatableTextField.java	59	154f4aad2cef9828	
member	com.kotcrab.vis.ui.widget.VisValidatableTextField#<init>(String,Sge)	sge.visui.widget.VisValidatableTextField#<init>(String,Sge)	Renamed	-	com/kotcrab/vis/ui/widget/VisValidatableTextField.java	44	4272338ba9de30c2	
member	com.kotcrab.vis.ui.widget.VisValidatableTextField#<init>(String,String,Sge)	sge.visui.widget.VisValidatableTextField#<init>(String,String,Sge)	Renamed	-	com/kotcrab/vis/ui/widget/VisValidatableTextField.java	49	87bf7cbc17bdb1e9	
member	com.kotcrab.vis.ui.widget.VisValidatableTextField#<init>(String,VisTextFieldStyle,Sge)	sge.visui.widget.VisValidatableTextField#<init>(String,VisTextFieldStyle,Sge)	Renamed	-	com/kotcrab/vis/ui/widget/VisValidatableTextField.java	54	57237ec83e502d47	
member	com.kotcrab.vis.ui.widget.VisValidatableTextField#<init>(boolean,Array,Sge)	sge.visui.widget.VisValidatableTextField#<init>(boolean,Array<InputValidator>,Sge)	Renamed	-	com/kotcrab/vis/ui/widget/VisValidatableTextField.java	80	8d23fea50604e38b	
member	com.kotcrab.vis.ui.widget.VisValidatableTextField#<init>(boolean,InputValidator,Sge)	sge.visui.widget.VisValidatableTextField#<init>(boolean,InputValidator,Sge)	Renamed	-	com/kotcrab/vis/ui/widget/VisValidatableTextField.java	73	48c4fb1c4c650752	
member	com.kotcrab.vis.ui.widget.VisValidatableTextField#<stmt1>	sge.visui.widget.VisValidatableTextField#<stmt1>	Renamed	-	com/kotcrab/vis/ui/widget/VisValidatableTextField.java	41	a90a8c696cfb9d9e	
member	com.kotcrab.vis.ui.widget.VisValidatableTextField#addValidator(InputValidator)	sge.visui.widget.VisValidatableTextField#addValidator(InputValidator)	Renamed	-	com/kotcrab/vis/ui/widget/VisValidatableTextField.java	119	36b85bb2b86c972e	
member	com.kotcrab.vis.ui.widget.VisValidatableTextField#beforeChangeEventFired()	sge.visui.widget.VisValidatableTextField#beforeChangeEventFired()	Renamed	-	com/kotcrab/vis/ui/widget/VisValidatableTextField.java	95	831e26e46cc9cf26	
member	com.kotcrab.vis.ui.widget.VisValidatableTextField#getValidators()	sge.visui.widget.VisValidatableTextField#getValidators()	Renamed	-	com/kotcrab/vis/ui/widget/VisValidatableTextField.java	124	cc34ae5162f61843	
member	com.kotcrab.vis.ui.widget.VisValidatableTextField#init()	sge.visui.widget.VisValidatableTextField#init()	Renamed	-	com/kotcrab/vis/ui/widget/VisValidatableTextField.java	89	501a85ab1fc214a0	vis=private
member	com.kotcrab.vis.ui.widget.VisValidatableTextField#isRestoreLastValid()	sge.visui.widget.VisValidatableTextField#isRestoreLastValid()	Renamed	-	com/kotcrab/vis/ui/widget/VisValidatableTextField.java	142	8d9f2b7c0173841d	
member	com.kotcrab.vis.ui.widget.VisValidatableTextField#isValidationEnabled()	sge.visui.widget.VisValidatableTextField#isValidationEnabled()	Renamed	-	com/kotcrab/vis/ui/widget/VisValidatableTextField.java	128	1b53e51597818da0	
member	com.kotcrab.vis.ui.widget.VisValidatableTextField#lastValid	sge.visui.widget.VisValidatableTextField#lastValid	Renamed	-	com/kotcrab/vis/ui/widget/VisValidatableTextField.java	37	5b6407189a51fff2	vis=private
member	com.kotcrab.vis.ui.widget.VisValidatableTextField#restoreFocusListener	sge.visui.widget.VisValidatableTextField#restoreFocusListener	Renamed	-	com/kotcrab/vis/ui/widget/VisValidatableTextField.java	35	a36dddcec2830871	vis=private
member	com.kotcrab.vis.ui.widget.VisValidatableTextField#restoreLastValid	sge.visui.widget.VisValidatableTextField#restoreLastValid	Renamed	-	com/kotcrab/vis/ui/widget/VisValidatableTextField.java	36	2f72b33bd5eea8aa	vis=private
member	com.kotcrab.vis.ui.widget.VisValidatableTextField#restoreLastValidText()	sge.visui.widget.VisValidatableTextField#restoreLastValidText()	Renamed	-	com/kotcrab/vis/ui/widget/VisValidatableTextField.java	164	3922965c182bf280	
member	com.kotcrab.vis.ui.widget.VisValidatableTextField#setRestoreLastValid(boolean)	sge.visui.widget.VisValidatableTextField#setRestoreLastValid(boolean)	Renamed	-	com/kotcrab/vis/ui/widget/VisValidatableTextField.java	150	b3c35a6116adaef2	
member	com.kotcrab.vis.ui.widget.VisValidatableTextField#setText(String)	sge.visui.widget.VisValidatableTextField#setText(String)	Renamed	-	com/kotcrab/vis/ui/widget/VisValidatableTextField.java	100	4bec9b586aeb94ca	
member	com.kotcrab.vis.ui.widget.VisValidatableTextField#setValidationEnabled(boolean)	sge.visui.widget.VisValidatableTextField#setValidationEnabled(boolean)	Renamed	-	com/kotcrab/vis/ui/widget/VisValidatableTextField.java	137	4ccc3be2af8abc96	
member	com.kotcrab.vis.ui.widget.VisValidatableTextField#validateInput()	sge.visui.widget.VisValidatableTextField#validateInput()	Renamed	-	com/kotcrab/vis/ui/widget/VisValidatableTextField.java	105	9400d7bbc78a7b48	
member	com.kotcrab.vis.ui.widget.VisValidatableTextField#validationEnabled	sge.visui.widget.VisValidatableTextField#validationEnabled	Renamed	-	com/kotcrab/vis/ui/widget/VisValidatableTextField.java	33	c584e2ec724e8067	vis=private
member	com.kotcrab.vis.ui.widget.VisValidatableTextField#validators	sge.visui.widget.VisValidatableTextField#validators	Renamed	-	com/kotcrab/vis/ui/widget/VisValidatableTextField.java	32	c7aaab4d02f8bd36	vis=private
member	com.kotcrab.vis.ui.widget.VisValidatableTextField$LastValidFocusListener#keyboardFocusChanged(FocusEvent,Actor,boolean)	sge.visui.widget.VisValidatableTextField$LastValidFocusListener#keyboardFocusChanged(FocusEvent,Actor,boolean)	Renamed	-	com/kotcrab/vis/ui/widget/VisValidatableTextField.java	175	458d7be60c40e207	
member	com.kotcrab.vis.ui.widget.VisWindow#<init>(String,Sge)	sge.visui.widget.VisWindow#<init>(String,Sge)	Renamed	-	com/kotcrab/vis/ui/widget/VisWindow.java	46	44a0649db9638918	
member	com.kotcrab.vis.ui.widget.VisWindow#<init>(String,String,Sge)	sge.visui.widget.VisWindow#<init>(String,String,Sge)	Renamed	-	com/kotcrab/vis/ui/widget/VisWindow.java	56	5e1d90fe07fdda76	
member	com.kotcrab.vis.ui.widget.VisWindow#<init>(String,WindowStyle,Sge)	sge.visui.widget.VisWindow#<init>(String,WindowStyle,Sge)	Renamed	-	com/kotcrab/vis/ui/widget/VisWindow.java	61	2e6b9f8701ac0901	
member	com.kotcrab.vis.ui.widget.VisWindow#<init>(String,boolean,Sge)	sge.visui.widget.VisWindow#<init>(String,boolean,Sge)	Renamed	-	com/kotcrab/vis/ui/widget/VisWindow.java	51	7b80377b3eaa3d46	
member	com.kotcrab.vis.ui.widget.VisWindow#FADE_TIME	sge.visui.widget.VisWindow#FADE_TIME	Renamed	-	com/kotcrab/vis/ui/widget/VisWindow.java	39	31241e24baee2d86	placement=companion
member	com.kotcrab.vis.ui.widget.VisWindow#addCloseButton()	sge.visui.widget.VisWindow#addCloseButton()	Renamed	-	com/kotcrab/vis/ui/widget/VisWindow.java	169	afd1231dc366c0c3	
member	com.kotcrab.vis.ui.widget.VisWindow#centerOnAdd	sge.visui.widget.VisWindow#centerOnAdd	Renamed	-	com/kotcrab/vis/ui/widget/VisWindow.java	41	a961300373210a13	vis=private
member	com.kotcrab.vis.ui.widget.VisWindow#centerWindow()	sge.visui.widget.VisWindow#centerWindow()	Renamed	-	com/kotcrab/vis/ui/widget/VisWindow.java	76	247709ff617429be	
member	com.kotcrab.vis.ui.widget.VisWindow#closeOnEscape()	sge.visui.widget.VisWindow#closeOnEscape()	Renamed	-	com/kotcrab/vis/ui/widget/VisWindow.java	197	1b3254d4cd8d16f5	
member	com.kotcrab.vis.ui.widget.VisWindow#closeWindow()	sge.visui.widget.VisWindow#closeWindow()	Renamed	-	com/kotcrab/vis/ui/widget/VisWindow.java	161	40ac704939f28a94	
member	com.kotcrab.vis.ui.widget.VisWindow#draw(Batch,float)	sge.visui.widget.VisWindow#draw(Batch,float)	Renamed	-	com/kotcrab/vis/ui/widget/VisWindow.java	230	1a07c5aff5562341	
member	com.kotcrab.vis.ui.widget.VisWindow#fadeIn()	sge.visui.widget.VisWindow#fadeIn()	Renamed	-	com/kotcrab/vis/ui/widget/VisWindow.java	152	e50427ea4026b647	
member	com.kotcrab.vis.ui.widget.VisWindow#fadeIn(float)	sge.visui.widget.VisWindow#fadeIn(float)	Renamed	-	com/kotcrab/vis/ui/widget/VisWindow.java	140	d68177d571bc3584	
member	com.kotcrab.vis.ui.widget.VisWindow#fadeOut()	sge.visui.widget.VisWindow#fadeOut()	Renamed	-	com/kotcrab/vis/ui/widget/VisWindow.java	147	0ecf38958de4d3d1	
member	com.kotcrab.vis.ui.widget.VisWindow#fadeOut(float)	sge.visui.widget.VisWindow#fadeOut(float)	Renamed	-	com/kotcrab/vis/ui/widget/VisWindow.java	118	bf8caca91d48580f	
member	com.kotcrab.vis.ui.widget.VisWindow#fadeOutActionRunning	sge.visui.widget.VisWindow#fadeOutActionRunning	Renamed	-	com/kotcrab/vis/ui/widget/VisWindow.java	44	09677bed5f2accff	vis=private
member	com.kotcrab.vis.ui.widget.VisWindow#isKeepWithinParent()	sge.visui.widget.VisWindow#isKeepWithinParent()	Renamed	-	com/kotcrab/vis/ui/widget/VisWindow.java	221	9d90358687f28593	
member	com.kotcrab.vis.ui.widget.VisWindow#keepWithinParent	sge.visui.widget.VisWindow#keepWithinParent	Renamed	-	com/kotcrab/vis/ui/widget/VisWindow.java	42	b663335d56be8b90	vis=private
member	com.kotcrab.vis.ui.widget.VisWindow#moveToCenter()	sge.visui.widget.VisWindow#moveToCenter()	Renamed	-	com/kotcrab/vis/ui/widget/VisWindow.java	109	2380839f37378b6c	vis=private
member	com.kotcrab.vis.ui.widget.VisWindow#setCenterOnAdd(boolean)	sge.visui.widget.VisWindow#setCenterOnAdd(boolean)	Renamed	-	com/kotcrab/vis/ui/widget/VisWindow.java	91	2c6ce1037396128e	
member	com.kotcrab.vis.ui.widget.VisWindow#setKeepWithinParent(boolean)	sge.visui.widget.VisWindow#setKeepWithinParent(boolean)	Renamed	-	com/kotcrab/vis/ui/widget/VisWindow.java	225	975ce1e3b055a521	
member	com.kotcrab.vis.ui.widget.VisWindow#setPosition(float,float)	sge.visui.widget.VisWindow#setPosition(float,float)	Renamed	-	com/kotcrab/vis/ui/widget/VisWindow.java	67	f940a4392614324d	
member	com.kotcrab.vis.ui.widget.VisWindow#setStage(Stage)	sge.visui.widget.VisWindow#setStage(Stage)	Renamed	-	com/kotcrab/vis/ui/widget/VisWindow.java	96	92615b8d9136b07b	
member	com.kotcrab.vis.ui.widget.color.BasicColorPicker#<init>(ColorPickerListener,Sge)	sge.visui.widget.color.BasicColorPicker#<init>(ColorPickerListener,Sge)	Renamed	-	com/kotcrab/vis/ui/widget/color/BasicColorPicker.java	104	7604c90cde5d297c	
member	com.kotcrab.vis.ui.widget.color.BasicColorPicker#<init>(ColorPickerWidgetStyle,ColorPickerListener,Sge)	sge.visui.widget.color.BasicColorPicker#<init>(ColorPickerWidgetStyle,ColorPickerListener,Sge)	Renamed	-	com/kotcrab/vis/ui/widget/color/BasicColorPicker.java	112	e0121ed0f49c9295	
member	com.kotcrab.vis.ui.widget.color.BasicColorPicker#<init>(Sge)	sge.visui.widget.color.BasicColorPicker#<init>(Sge)	Renamed	-	com/kotcrab/vis/ui/widget/color/BasicColorPicker.java	100	dc3a53cc316f6078	
member	com.kotcrab.vis.ui.widget.color.BasicColorPicker#<init>(String,ColorPickerListener,Sge)	sge.visui.widget.color.BasicColorPicker#<init>(String,ColorPickerListener,Sge)	Renamed	-	com/kotcrab/vis/ui/widget/color/BasicColorPicker.java	108	d7a33c2b45717505	
member	com.kotcrab.vis.ui.widget.color.BasicColorPicker#<stmt10>	sge.visui.widget.color.BasicColorPicker#<stmt10>	Renamed	-	com/kotcrab/vis/ui/widget/color/BasicColorPicker.java	130	53f285dbb74869d6	
member	com.kotcrab.vis.ui.widget.color.BasicColorPicker#<stmt1>	sge.visui.widget.color.BasicColorPicker#<stmt1>	Renamed	-	com/kotcrab/vis/ui/widget/color/BasicColorPicker.java	117	802c342302b2cbcb	
member	com.kotcrab.vis.ui.widget.color.BasicColorPicker#<stmt2>	sge.visui.widget.color.BasicColorPicker#<stmt2>	Renamed	-	com/kotcrab/vis/ui/widget/color/BasicColorPicker.java	118	d43bf9f451d17d77	
member	com.kotcrab.vis.ui.widget.color.BasicColorPicker#<stmt3>	sge.visui.widget.color.BasicColorPicker#<stmt3>	Renamed	-	com/kotcrab/vis/ui/widget/color/BasicColorPicker.java	119	feb02d9230123701	
member	com.kotcrab.vis.ui.widget.color.BasicColorPicker#<stmt4>	sge.visui.widget.color.BasicColorPicker#<stmt4>	Renamed	-	com/kotcrab/vis/ui/widget/color/BasicColorPicker.java	121	2457e325752c256f	
member	com.kotcrab.vis.ui.widget.color.BasicColorPicker#<stmt5>	sge.visui.widget.color.BasicColorPicker#<stmt5>	Renamed	-	com/kotcrab/vis/ui/widget/color/BasicColorPicker.java	122	2575eb592fdf53dd	
member	com.kotcrab.vis.ui.widget.color.BasicColorPicker#<stmt6>	sge.visui.widget.color.BasicColorPicker#<stmt6>	Renamed	-	com/kotcrab/vis/ui/widget/color/BasicColorPicker.java	124	ab2c581210f10df1	
member	com.kotcrab.vis.ui.widget.color.BasicColorPicker#<stmt7>	sge.visui.widget.color.BasicColorPicker#<stmt7>	Renamed	-	com/kotcrab/vis/ui/widget/color/BasicColorPicker.java	126	374b3c8fc1588f6e	
member	com.kotcrab.vis.ui.widget.color.BasicColorPicker#<stmt8>	sge.visui.widget.color.BasicColorPicker#<stmt8>	Renamed	-	com/kotcrab/vis/ui/widget/color/BasicColorPicker.java	127	8e3d95daf59d42ef	
member	com.kotcrab.vis.ui.widget.color.BasicColorPicker#<stmt9>	sge.visui.widget.color.BasicColorPicker#<stmt9>	Renamed	-	com/kotcrab/vis/ui/widget/color/BasicColorPicker.java	129	3de248e11bbe98ce	
member	com.kotcrab.vis.ui.widget.color.BasicColorPicker#BAR_HEIGHT	sge.visui.widget.color.BasicColorPicker#BAR_HEIGHT	Renamed	-	com/kotcrab/vis/ui/widget/color/BasicColorPicker.java	65	f6563ef3e46e7f8d	placement=companion
member	com.kotcrab.vis.ui.widget.color.BasicColorPicker#BAR_WIDTH	sge.visui.widget.color.BasicColorPicker#BAR_WIDTH	Renamed	-	com/kotcrab/vis/ui/widget/color/BasicColorPicker.java	64	0010e52e8bd41e13	placement=companion
member	com.kotcrab.vis.ui.widget.color.BasicColorPicker#FIELD_WIDTH	sge.visui.widget.color.BasicColorPicker#FIELD_WIDTH	Renamed	-	com/kotcrab/vis/ui/widget/color/BasicColorPicker.java	61	0c7ba2ef415dc9e5	placement=companion
member	com.kotcrab.vis.ui.widget.color.BasicColorPicker#HEX_COLOR_LENGTH	sge.visui.widget.color.BasicColorPicker#HEX_COLOR_LENGTH	Renamed	-	com/kotcrab/vis/ui/widget/color/BasicColorPicker.java	70	69df753ea3158e87	placement=companion vis=private
member	com.kotcrab.vis.ui.widget.color.BasicColorPicker#HEX_COLOR_LENGTH_WITH_ALPHA	sge.visui.widget.color.BasicColorPicker#HEX_COLOR_LENGTH_WITH_ALPHA	Renamed	-	com/kotcrab/vis/ui/widget/color/BasicColorPicker.java	71	7aaa0aa2638cb92d	placement=companion vis=private
member	com.kotcrab.vis.ui.widget.color.BasicColorPicker#HEX_FIELD_WIDTH	sge.visui.widget.color.BasicColorPicker#HEX_FIELD_WIDTH	Renamed	-	com/kotcrab/vis/ui/widget/color/BasicColorPicker.java	69	e5646257dfd25831	placement=companion vis=private
member	com.kotcrab.vis.ui.widget.color.BasicColorPicker#PALETTE_SIZE	sge.visui.widget.color.BasicColorPicker#PALETTE_SIZE	Renamed	-	com/kotcrab/vis/ui/widget/color/BasicColorPicker.java	63	d010a379fbfdf131	placement=companion
member	com.kotcrab.vis.ui.widget.color.BasicColorPicker#VERTICAL_BAR_WIDTH	sge.visui.widget.color.BasicColorPicker#VERTICAL_BAR_WIDTH	Renamed	-	com/kotcrab/vis/ui/widget/color/BasicColorPicker.java	67	64d7d61e3873dd81	placement=companion vis=private
member	com.kotcrab.vis.ui.widget.color.BasicColorPicker#allowAlphaEdit	sge.visui.widget.color.BasicColorPicker#allowAlphaEdit	Renamed	-	com/kotcrab/vis/ui/widget/color/BasicColorPicker.java	94	bfc5cee0eea14bf4	vis=private
member	com.kotcrab.vis.ui.widget.color.BasicColorPicker#close()	sge.visui.widget.color.BasicColorPicker#close()	Renamed	-	com/kotcrab/vis/ui/widget/color/BasicColorPicker.java	331	775cbe6db6d7c538	
member	com.kotcrab.vis.ui.widget.color.BasicColorPicker#color	sge.visui.widget.color.BasicColorPicker#color	Renamed	-	com/kotcrab/vis/ui/widget/color/BasicColorPicker.java	79	c088f604925c48a7	name=color$shadow
member	com.kotcrab.vis.ui.widget.color.BasicColorPicker#colorPreviewsTable	sge.visui.widget.color.BasicColorPicker#colorPreviewsTable	Renamed	-	com/kotcrab/vis/ui/widget/color/BasicColorPicker.java	87	c7e45e09606247f1	vis=private
member	com.kotcrab.vis.ui.widget.color.BasicColorPicker#commons	sge.visui.widget.color.BasicColorPicker#commons	Renamed	-	com/kotcrab/vis/ui/widget/color/BasicColorPicker.java	81	e7a65353efadf9ff	
member	com.kotcrab.vis.ui.widget.color.BasicColorPicker#createColorWidgets()	sge.visui.widget.color.BasicColorPicker#createColorWidgets()	Renamed	-	com/kotcrab/vis/ui/widget/color/BasicColorPicker.java	216	0c37fb44d1edf53d	
member	com.kotcrab.vis.ui.widget.color.BasicColorPicker#createColorsPreviewTable()	sge.visui.widget.color.BasicColorPicker#createColorsPreviewTable()	Renamed	-	com/kotcrab/vis/ui/widget/color/BasicColorPicker.java	160	779da0a04036cd76	vis=private
member	com.kotcrab.vis.ui.widget.color.BasicColorPicker#createHexTable()	sge.visui.widget.color.BasicColorPicker#createHexTable()	Renamed	-	com/kotcrab/vis/ui/widget/color/BasicColorPicker.java	181	c448d49f729df5e9	vis=private
member	com.kotcrab.vis.ui.widget.color.BasicColorPicker#createUI()	sge.visui.widget.color.BasicColorPicker#createUI()	Renamed	-	com/kotcrab/vis/ui/widget/color/BasicColorPicker.java	133	12b4c9d928366ca8	
member	com.kotcrab.vis.ui.widget.color.BasicColorPicker#currentColorImg	sge.visui.widget.color.BasicColorPicker#currentColorImg	Renamed	-	com/kotcrab/vis/ui/widget/color/BasicColorPicker.java	91	cdd28f5ebd2f0895	vis=private
member	com.kotcrab.vis.ui.widget.color.BasicColorPicker#disposed	sge.visui.widget.color.BasicColorPicker#disposed	Renamed	-	com/kotcrab/vis/ui/widget/color/BasicColorPicker.java	98	3f833972782d1402	vis=private
member	com.kotcrab.vis.ui.widget.color.BasicColorPicker#draw(Batch,float)	sge.visui.widget.color.BasicColorPicker#draw(Batch,float)	Renamed	-	com/kotcrab/vis/ui/widget/color/BasicColorPicker.java	319	8ef7b44ed72a16a9	
member	com.kotcrab.vis.ui.widget.color.BasicColorPicker#focusHexField()	sge.visui.widget.color.BasicColorPicker#focusHexField()	Renamed	-	com/kotcrab/vis/ui/widget/color/BasicColorPicker.java	208	db402663f8024086	
member	com.kotcrab.vis.ui.widget.color.BasicColorPicker#getListener()	sge.visui.widget.color.BasicColorPicker#getListener()	Renamed	-	com/kotcrab/vis/ui/widget/color/BasicColorPicker.java	272	851e659858981e2f	
member	com.kotcrab.vis.ui.widget.color.BasicColorPicker#hexField	sge.visui.widget.color.BasicColorPicker#hexField	Renamed	-	com/kotcrab/vis/ui/widget/color/BasicColorPicker.java	89	1b9b7e9917247eda	vis=private
member	com.kotcrab.vis.ui.widget.color.BasicColorPicker#hexTable	sge.visui.widget.color.BasicColorPicker#hexTable	Renamed	-	com/kotcrab/vis/ui/widget/color/BasicColorPicker.java	88	264e527d71358f9a	vis=private
member	com.kotcrab.vis.ui.widget.color.BasicColorPicker#isAllowAlphaEdit()	sge.visui.widget.color.BasicColorPicker#isAllowAlphaEdit()	Renamed	-	com/kotcrab/vis/ui/widget/color/BasicColorPicker.java	294	63f49249aeaf7769	
member	com.kotcrab.vis.ui.widget.color.BasicColorPicker#isDisposed()	sge.visui.widget.color.BasicColorPicker#isDisposed()	Renamed	-	com/kotcrab/vis/ui/widget/color/BasicColorPicker.java	326	d49696f8c0d34e4d	
member	com.kotcrab.vis.ui.widget.color.BasicColorPicker#isShowColorPreviews()	sge.visui.widget.color.BasicColorPicker#isShowColorPreviews()	Renamed	-	com/kotcrab/vis/ui/widget/color/BasicColorPicker.java	314	f903b76983528348	
member	com.kotcrab.vis.ui.widget.color.BasicColorPicker#isShowHexFields()	sge.visui.widget.color.BasicColorPicker#isShowHexFields()	Renamed	-	com/kotcrab/vis/ui/widget/color/BasicColorPicker.java	304	35094e3004972b58	
member	com.kotcrab.vis.ui.widget.color.BasicColorPicker#listener	sge.visui.widget.color.BasicColorPicker#listener	Renamed	-	com/kotcrab/vis/ui/widget/color/BasicColorPicker.java	76	9e74f26e5f389cde	
member	com.kotcrab.vis.ui.widget.color.BasicColorPicker#mainTable	sge.visui.widget.color.BasicColorPicker#mainTable	Renamed	-	com/kotcrab/vis/ui/widget/color/BasicColorPicker.java	86	b3b36acc5bd67df3	vis=private
member	com.kotcrab.vis.ui.widget.color.BasicColorPicker#newColorImg	sge.visui.widget.color.BasicColorPicker#newColorImg	Renamed	-	com/kotcrab/vis/ui/widget/color/BasicColorPicker.java	92	18963a3a2a9bc375	vis=private
member	com.kotcrab.vis.ui.widget.color.BasicColorPicker#oldColor	sge.visui.widget.color.BasicColorPicker#oldColor	Renamed	-	com/kotcrab/vis/ui/widget/color/BasicColorPicker.java	78	42210de568d70543	
member	com.kotcrab.vis.ui.widget.color.BasicColorPicker#palette	sge.visui.widget.color.BasicColorPicker#palette	Renamed	-	com/kotcrab/vis/ui/widget/color/BasicColorPicker.java	83	e35d9e0bc3f26686	
member	com.kotcrab.vis.ui.widget.color.BasicColorPicker#rebuildMainTable()	sge.visui.widget.color.BasicColorPicker#rebuildMainTable()	Renamed	-	com/kotcrab/vis/ui/widget/color/BasicColorPicker.java	144	64156540fdc60dfc	vis=private
member	com.kotcrab.vis.ui.widget.color.BasicColorPicker#restoreLastColor()	sge.visui.widget.color.BasicColorPicker#restoreLastColor()	Renamed	-	com/kotcrab/vis/ui/widget/color/BasicColorPicker.java	248	7a56a0b76a91ecc4	
member	com.kotcrab.vis.ui.widget.color.BasicColorPicker#setAllowAlphaEdit(boolean)	sge.visui.widget.color.BasicColorPicker#setAllowAlphaEdit(boolean)	Renamed	-	com/kotcrab/vis/ui/widget/color/BasicColorPicker.java	285	8654c96512b00784	
member	com.kotcrab.vis.ui.widget.color.BasicColorPicker#setColor(Color)	sge.visui.widget.color.BasicColorPicker#setColor(Color)	Renamed	-	com/kotcrab/vis/ui/widget/color/BasicColorPicker.java	256	b68ca2bc1aa67f47	
member	com.kotcrab.vis.ui.widget.color.BasicColorPicker#setColor(Color,boolean)	sge.visui.widget.color.BasicColorPicker#setColor(Color,boolean)	Renamed	-	com/kotcrab/vis/ui/widget/color/BasicColorPicker.java	262	efe40688e6a1901e	
member	com.kotcrab.vis.ui.widget.color.BasicColorPicker#setListener(ColorPickerListener)	sge.visui.widget.color.BasicColorPicker#setListener(ColorPickerListener)	Renamed	-	com/kotcrab/vis/ui/widget/color/BasicColorPicker.java	276	e9f4748d1a740df1	
member	com.kotcrab.vis.ui.widget.color.BasicColorPicker#setShowColorPreviews(boolean)	sge.visui.widget.color.BasicColorPicker#setShowColorPreviews(boolean)	Renamed	-	com/kotcrab/vis/ui/widget/color/BasicColorPicker.java	308	790e97ecdc25d6d7	
member	com.kotcrab.vis.ui.widget.color.BasicColorPicker#setShowHexFields(boolean)	sge.visui.widget.color.BasicColorPicker#setShowHexFields(boolean)	Renamed	-	com/kotcrab/vis/ui/widget/color/BasicColorPicker.java	298	46dfaf6f6c2a819b	
member	com.kotcrab.vis.ui.widget.color.BasicColorPicker#showColorPreviews	sge.visui.widget.color.BasicColorPicker#showColorPreviews	Renamed	-	com/kotcrab/vis/ui/widget/color/BasicColorPicker.java	96	587529b246c244bb	vis=private
member	com.kotcrab.vis.ui.widget.color.BasicColorPicker#showHexFields	sge.visui.widget.color.BasicColorPicker#showHexFields	Renamed	-	com/kotcrab/vis/ui/widget/color/BasicColorPicker.java	95	415e249b73996982	vis=private
member	com.kotcrab.vis.ui.widget.color.BasicColorPicker#sizes	sge.visui.widget.color.BasicColorPicker#sizes	Renamed	-	com/kotcrab/vis/ui/widget/color/BasicColorPicker.java	74	ef988377f911e904	
member	com.kotcrab.vis.ui.widget.color.BasicColorPicker#style	sge.visui.widget.color.BasicColorPicker#style	Renamed	-	com/kotcrab/vis/ui/widget/color/BasicColorPicker.java	73	7150738d1ddeff50	
member	com.kotcrab.vis.ui.widget.color.BasicColorPicker#updateUI()	sge.visui.widget.color.BasicColorPicker#updateUI()	Renamed	-	com/kotcrab/vis/ui/widget/color/BasicColorPicker.java	222	9f8921a838447c67	
member	com.kotcrab.vis.ui.widget.color.BasicColorPicker#updateValuesFromCurrentColor()	sge.visui.widget.color.BasicColorPicker#updateValuesFromCurrentColor()	Renamed	-	com/kotcrab/vis/ui/widget/color/BasicColorPicker.java	234	50171e571e820159	
member	com.kotcrab.vis.ui.widget.color.BasicColorPicker#updateValuesFromHSVFields()	sge.visui.widget.color.BasicColorPicker#updateValuesFromHSVFields()	Renamed	-	com/kotcrab/vis/ui/widget/color/BasicColorPicker.java	244	1c9204a54e41268d	
member	com.kotcrab.vis.ui.widget.color.BasicColorPicker#verticalBar	sge.visui.widget.color.BasicColorPicker#verticalBar	Renamed	-	com/kotcrab/vis/ui/widget/color/BasicColorPicker.java	84	80ccf995c7c7e8f4	
member	com.kotcrab.vis.ui.widget.color.BasicColorPicker$PickerChangeListener#changed(ChangeEvent,Actor)	sge.visui.widget.color.BasicColorPicker$PickerChangeListener#changed(ChangeEvent,Actor)	Renamed	-	com/kotcrab/vis/ui/widget/color/BasicColorPicker.java	344	b686165a7f184d31	
member	com.kotcrab.vis.ui.widget.color.BasicColorPicker$PickerChangeListener#updateLinkedWidget()	sge.visui.widget.color.BasicColorPicker$PickerChangeListener#updateLinkedWidget()	Renamed	-	com/kotcrab/vis/ui/widget/color/BasicColorPicker.java	339	25181a1c3a779e7a	
member	com.kotcrab.vis.ui.widget.color.ColorPicker#<init>(ColorPickerListener,Sge)	sge.visui.widget.color.ColorPicker#<init>(ColorPickerListener,Sge)	Renamed	-	com/kotcrab/vis/ui/widget/color/ColorPicker.java	68	de4f014e8676773e	
member	com.kotcrab.vis.ui.widget.color.ColorPicker#<init>(Sge)	sge.visui.widget.color.ColorPicker#<init>(Sge)	Renamed	-	com/kotcrab/vis/ui/widget/color/ColorPicker.java	56	3f8783acd71d4cde	
member	com.kotcrab.vis.ui.widget.color.ColorPicker#<init>(String,ColorPickerListener,Sge)	sge.visui.widget.color.ColorPicker#<init>(String,ColorPickerListener,Sge)	Renamed	-	com/kotcrab/vis/ui/widget/color/ColorPicker.java	64	d969c90bdb46e091	
member	com.kotcrab.vis.ui.widget.color.ColorPicker#<init>(String,Sge)	sge.visui.widget.color.ColorPicker#<init>(String,Sge)	Renamed	-	com/kotcrab/vis/ui/widget/color/ColorPicker.java	60	df0cc0585644f332	
member	com.kotcrab.vis.ui.widget.color.ColorPicker#<stmt10>	sge.visui.widget.color.ColorPicker#<stmt10>	Renamed	-	com/kotcrab/vis/ui/widget/color/ColorPicker.java	90	9f3e42c41ba1c881	
member	com.kotcrab.vis.ui.widget.color.ColorPicker#<stmt11>	sge.visui.widget.color.ColorPicker#<stmt11>	Renamed	-	com/kotcrab/vis/ui/widget/color/ColorPicker.java	92	d8f4da4603150de4	
member	com.kotcrab.vis.ui.widget.color.ColorPicker#<stmt12>	sge.visui.widget.color.ColorPicker#<stmt12>	Renamed	-	com/kotcrab/vis/ui/widget/color/ColorPicker.java	93	e6d028b126e46c53	
member	com.kotcrab.vis.ui.widget.color.ColorPicker#<stmt13>	sge.visui.widget.color.ColorPicker#<stmt13>	Renamed	-	com/kotcrab/vis/ui/widget/color/ColorPicker.java	95	1a10f0f251f3c20c	
member	com.kotcrab.vis.ui.widget.color.ColorPicker#<stmt1>	sge.visui.widget.color.ColorPicker#<stmt1>	Renamed	-	com/kotcrab/vis/ui/widget/color/ColorPicker.java	74	802c342302b2cbcb	
member	com.kotcrab.vis.ui.widget.color.ColorPicker#<stmt2>	sge.visui.widget.color.ColorPicker#<stmt2>	Renamed	-	com/kotcrab/vis/ui/widget/color/ColorPicker.java	78	5df6b06c2300a2b7	
member	com.kotcrab.vis.ui.widget.color.ColorPicker#<stmt3>	sge.visui.widget.color.ColorPicker#<stmt3>	Renamed	-	com/kotcrab/vis/ui/widget/color/ColorPicker.java	80	60528e66933605cd	
member	com.kotcrab.vis.ui.widget.color.ColorPicker#<stmt4>	sge.visui.widget.color.ColorPicker#<stmt4>	Renamed	-	com/kotcrab/vis/ui/widget/color/ColorPicker.java	81	ea1590795d90c449	
member	com.kotcrab.vis.ui.widget.color.ColorPicker#<stmt5>	sge.visui.widget.color.ColorPicker#<stmt5>	Renamed	-	com/kotcrab/vis/ui/widget/color/ColorPicker.java	83	a7e502379a6bf5a3	
member	com.kotcrab.vis.ui.widget.color.ColorPicker#<stmt6>	sge.visui.widget.color.ColorPicker#<stmt6>	Renamed	-	com/kotcrab/vis/ui/widget/color/ColorPicker.java	84	09882ebe9fb4b054	
member	com.kotcrab.vis.ui.widget.color.ColorPicker#<stmt7>	sge.visui.widget.color.ColorPicker#<stmt7>	Renamed	-	com/kotcrab/vis/ui/widget/color/ColorPicker.java	86	9650cc73284127d7	
member	com.kotcrab.vis.ui.widget.color.ColorPicker#<stmt8>	sge.visui.widget.color.ColorPicker#<stmt8>	Renamed	-	com/kotcrab/vis/ui/widget/color/ColorPicker.java	88	e28210918d8825d2	
member	com.kotcrab.vis.ui.widget.color.ColorPicker#<stmt9>	sge.visui.widget.color.ColorPicker#<stmt9>	Renamed	-	com/kotcrab/vis/ui/widget/color/ColorPicker.java	89	383e1514503cf14f	
member	com.kotcrab.vis.ui.widget.color.ColorPicker#cancelButton	sge.visui.widget.color.ColorPicker#cancelButton	Renamed	-	com/kotcrab/vis/ui/widget/color/ColorPicker.java	49	388dbe59af212e4d	vis=private
member	com.kotcrab.vis.ui.widget.color.ColorPicker#close()	sge.visui.widget.color.ColorPicker#close()	Renamed	-	com/kotcrab/vis/ui/widget/color/ColorPicker.java	159	f78ccf04b0030be1	
member	com.kotcrab.vis.ui.widget.color.ColorPicker#closeAfterPickingFinished	sge.visui.widget.color.ColorPicker#closeAfterPickingFinished	Renamed	-	com/kotcrab/vis/ui/widget/color/ColorPicker.java	52	eac2595e1870f835	vis=private
member	com.kotcrab.vis.ui.widget.color.ColorPicker#closeWindow()	sge.visui.widget.color.ColorPicker#closeWindow()	Renamed	-	com/kotcrab/vis/ui/widget/color/ColorPicker.java	153	8a4a26df2cbbaedb	
member	com.kotcrab.vis.ui.widget.color.ColorPicker#createButtons()	sge.visui.widget.color.ColorPicker#createButtons()	Renamed	-	com/kotcrab/vis/ui/widget/color/ColorPicker.java	98	f14e3266e6ae7e21	vis=private
member	com.kotcrab.vis.ui.widget.color.ColorPicker#createListeners()	sge.visui.widget.color.ColorPicker#createListeners()	Renamed	-	com/kotcrab/vis/ui/widget/color/ColorPicker.java	107	94f0e8390aefadd8	vis=private
member	com.kotcrab.vis.ui.widget.color.ColorPicker#fadeOutDueToCanceled	sge.visui.widget.color.ColorPicker#fadeOutDueToCanceled	Renamed	-	com/kotcrab/vis/ui/widget/color/ColorPicker.java	54	de0af6e88fb9c2c2	vis=private
member	com.kotcrab.vis.ui.widget.color.ColorPicker#getListener()	sge.visui.widget.color.ColorPicker#getListener()	Renamed	-	com/kotcrab/vis/ui/widget/color/ColorPicker.java	204	0b186a3942db5024	
member	com.kotcrab.vis.ui.widget.color.ColorPicker#getPicker()	sge.visui.widget.color.ColorPicker#getPicker()	Renamed	-	com/kotcrab/vis/ui/widget/color/ColorPicker.java	164	987c3ba32b952c63	
member	com.kotcrab.vis.ui.widget.color.ColorPicker#isAllowAlphaEdit()	sge.visui.widget.color.ColorPicker#isAllowAlphaEdit()	Renamed	-	com/kotcrab/vis/ui/widget/color/ColorPicker.java	186	80a85b8a78e63455	
member	com.kotcrab.vis.ui.widget.color.ColorPicker#isDisposed()	sge.visui.widget.color.ColorPicker#isDisposed()	Renamed	-	com/kotcrab/vis/ui/widget/color/ColorPicker.java	178	f4467814834f69d6	
member	com.kotcrab.vis.ui.widget.color.ColorPicker#isShowHexFields()	sge.visui.widget.color.ColorPicker#isShowHexFields()	Renamed	-	com/kotcrab/vis/ui/widget/color/ColorPicker.java	170	4b84a74b03aacbb1	
member	com.kotcrab.vis.ui.widget.color.ColorPicker#listener	sge.visui.widget.color.ColorPicker#listener	Renamed	-	com/kotcrab/vis/ui/widget/color/ColorPicker.java	46	cfcae5b8df9c6361	vis=private
member	com.kotcrab.vis.ui.widget.color.ColorPicker#okButton	sge.visui.widget.color.ColorPicker#okButton	Renamed	-	com/kotcrab/vis/ui/widget/color/ColorPicker.java	50	c10c351bc07bee17	vis=private
member	com.kotcrab.vis.ui.widget.color.ColorPicker#picker	sge.visui.widget.color.ColorPicker#picker	Renamed	-	com/kotcrab/vis/ui/widget/color/ColorPicker.java	44	6b35c79cd0de6601	vis=private
member	com.kotcrab.vis.ui.widget.color.ColorPicker#restoreButton	sge.visui.widget.color.ColorPicker#restoreButton	Renamed	-	com/kotcrab/vis/ui/widget/color/ColorPicker.java	48	e7b9e7e056517f47	vis=private
member	com.kotcrab.vis.ui.widget.color.ColorPicker#restoreLastColor()	sge.visui.widget.color.ColorPicker#restoreLastColor()	Renamed	-	com/kotcrab/vis/ui/widget/color/ColorPicker.java	190	ef37370a43db49c8	
member	com.kotcrab.vis.ui.widget.color.ColorPicker#setAllowAlphaEdit(boolean)	sge.visui.widget.color.ColorPicker#setAllowAlphaEdit(boolean)	Renamed	-	com/kotcrab/vis/ui/widget/color/ColorPicker.java	182	27666e7bb40e229e	
member	com.kotcrab.vis.ui.widget.color.ColorPicker#setCloseAfterPickingFinished(boolean)	sge.visui.widget.color.ColorPicker#setCloseAfterPickingFinished(boolean)	Renamed	-	com/kotcrab/vis/ui/widget/color/ColorPicker.java	148	323ae3b52fbe26d0	
member	com.kotcrab.vis.ui.widget.color.ColorPicker#setColor(Color)	sge.visui.widget.color.ColorPicker#setColor(Color)	Renamed	-	com/kotcrab/vis/ui/widget/color/ColorPicker.java	195	a0055dd99a792e46	
member	com.kotcrab.vis.ui.widget.color.ColorPicker#setListener(ColorPickerListener)	sge.visui.widget.color.ColorPicker#setListener(ColorPickerListener)	Renamed	-	com/kotcrab/vis/ui/widget/color/ColorPicker.java	199	384a6cde9a1af7ae	
member	com.kotcrab.vis.ui.widget.color.ColorPicker#setShowHexFields(boolean)	sge.visui.widget.color.ColorPicker#setShowHexFields(boolean)	Renamed	-	com/kotcrab/vis/ui/widget/color/ColorPicker.java	174	149af3a6b6eee067	
member	com.kotcrab.vis.ui.widget.color.ColorPicker#setStage(Stage)	sge.visui.widget.color.ColorPicker#setStage(Stage)	Renamed	-	com/kotcrab/vis/ui/widget/color/ColorPicker.java	134	ac2d9bfe38164b8a	
member	com.kotcrab.vis.ui.widget.color.style	style	Renamed	-	com/kotcrab/vis/ui/widget/color/ColorPicker.java	76	ed2eee75093c1aa0	name=style$p$
member	com.kotcrab.vis.ui.widget.color.ColorPickerAdapter#canceled(Color)	sge.visui.widget.color.ColorPickerAdapter#canceled(Color)	Renamed	-	com/kotcrab/vis/ui/widget/color/ColorPickerAdapter.java	27	8b4369363a478394	
member	com.kotcrab.vis.ui.widget.color.ColorPickerAdapter#changed(Color)	sge.visui.widget.color.ColorPickerAdapter#changed(Color)	Renamed	-	com/kotcrab/vis/ui/widget/color/ColorPickerAdapter.java	32	727e465c9121c484	
member	com.kotcrab.vis.ui.widget.color.ColorPickerAdapter#finished(Color)	sge.visui.widget.color.ColorPickerAdapter#finished(Color)	Renamed	-	com/kotcrab/vis/ui/widget/color/ColorPickerAdapter.java	42	33003b849988055e	
member	com.kotcrab.vis.ui.widget.color.ColorPickerAdapter#reset(Color,Color)	sge.visui.widget.color.ColorPickerAdapter#reset(Color,Color)	Renamed	-	com/kotcrab/vis/ui/widget/color/ColorPickerAdapter.java	37	192409d7ba5fca37	
member	com.kotcrab.vis.ui.widget.color.ColorPickerListener#canceled(Color)	sge.visui.widget.color.ColorPickerListener#canceled(Color)	Renamed	-	com/kotcrab/vis/ui/widget/color/ColorPickerListener.java	30	0ef3edb6e480c552	
member	com.kotcrab.vis.ui.widget.color.ColorPickerListener#changed(Color)	sge.visui.widget.color.ColorPickerListener#changed(Color)	Renamed	-	com/kotcrab/vis/ui/widget/color/ColorPickerListener.java	36	28ba8d55c59fc05f	
member	com.kotcrab.vis.ui.widget.color.ColorPickerListener#finished(Color)	sge.visui.widget.color.ColorPickerListener#finished(Color)	Renamed	-	com/kotcrab/vis/ui/widget/color/ColorPickerListener.java	49	f70bb6da5ec3fef6	
member	com.kotcrab.vis.ui.widget.color.ColorPickerListener#reset(Color,Color)	sge.visui.widget.color.ColorPickerListener#reset(Color,Color)	Renamed	-	com/kotcrab/vis/ui/widget/color/ColorPickerListener.java	43	118830e97b779cdb	
member	com.kotcrab.vis.ui.widget.color.ColorPickerStyle#<init>(ColorPickerStyle)	sge.visui.widget.color.ColorPickerStyle#<init>(ColorPickerStyle)	Renamed	-	com/kotcrab/vis/ui/widget/color/ColorPickerStyle.java	28	99ba3e1a04eedcda	
member	com.kotcrab.vis.ui.widget.color.ColorPickerStyle#pickerStyle	sge.visui.widget.color.ColorPickerStyle#pickerStyle	Renamed	-	com/kotcrab/vis/ui/widget/color/ColorPickerStyle.java	23	c583abbf5af3990a	
member	com.kotcrab.vis.ui.widget.color.ColorPickerWidgetStyle#<init>()	sge.visui.widget.color.ColorPickerWidgetStyle#<init>()	Renamed	-	com/kotcrab/vis/ui/widget/color/ColorPickerWidgetStyle.java	33	57351f0917b5c7be	
member	com.kotcrab.vis.ui.widget.color.ColorPickerWidgetStyle#<init>(ColorPickerWidgetStyle)	sge.visui.widget.color.ColorPickerWidgetStyle#<init>(ColorPickerWidgetStyle)	Renamed	-	com/kotcrab/vis/ui/widget/color/ColorPickerWidgetStyle.java	36	ee0e4c04b89b629c	
member	com.kotcrab.vis.ui.widget.color.ColorPickerWidgetStyle#barSelector	sge.visui.widget.color.ColorPickerWidgetStyle#barSelector	Renamed	-	com/kotcrab/vis/ui/widget/color/ColorPickerWidgetStyle.java	27	4902f9a59146ca2b	
member	com.kotcrab.vis.ui.widget.color.ColorPickerWidgetStyle#cross	sge.visui.widget.color.ColorPickerWidgetStyle#cross	Renamed	-	com/kotcrab/vis/ui/widget/color/ColorPickerWidgetStyle.java	28	07fbfc4d6c291d1b	
member	com.kotcrab.vis.ui.widget.color.ColorPickerWidgetStyle#horizontalSelector	sge.visui.widget.color.ColorPickerWidgetStyle#horizontalSelector	Renamed	-	com/kotcrab/vis/ui/widget/color/ColorPickerWidgetStyle.java	30	f3ea7e5e6c6899bc	
member	com.kotcrab.vis.ui.widget.color.ColorPickerWidgetStyle#iconArrowRight	sge.visui.widget.color.ColorPickerWidgetStyle#iconArrowRight	Renamed	-	com/kotcrab/vis/ui/widget/color/ColorPickerWidgetStyle.java	31	f4fe4ef0165a436c	
member	com.kotcrab.vis.ui.widget.color.ColorPickerWidgetStyle#verticalSelector	sge.visui.widget.color.ColorPickerWidgetStyle#verticalSelector	Renamed	-	com/kotcrab/vis/ui/widget/color/ColorPickerWidgetStyle.java	29	7857c07ea5ade466	
member	com.kotcrab.vis.ui.widget.color.ExtendedColorPicker#<init>(ColorPickerListener,Sge)	sge.visui.widget.color.ExtendedColorPicker#<init>(ColorPickerListener,Sge)	Renamed	-	com/kotcrab/vis/ui/widget/color/ExtendedColorPicker.java	59	7604c90cde5d297c	
member	com.kotcrab.vis.ui.widget.color.ExtendedColorPicker#<init>(Sge)	sge.visui.widget.color.ExtendedColorPicker#<init>(Sge)	Renamed	-	com/kotcrab/vis/ui/widget/color/ExtendedColorPicker.java	55	dc3a53cc316f6078	
member	com.kotcrab.vis.ui.widget.color.ExtendedColorPicker#<init>(String,ColorPickerListener,Sge)	sge.visui.widget.color.ExtendedColorPicker#<init>(String,ColorPickerListener,Sge)	Renamed	-	com/kotcrab/vis/ui/widget/color/ExtendedColorPicker.java	63	44d4324af09577c6	
member	com.kotcrab.vis.ui.widget.color.ExtendedColorPicker#<stmt1>	sge.visui.widget.color.ExtendedColorPicker#<stmt1>	Renamed	-	com/kotcrab/vis/ui/widget/color/ExtendedColorPicker.java	69	8c0b020b57134954	
member	com.kotcrab.vis.ui.widget.color.ExtendedColorPicker#aBar	sge.visui.widget.color.ExtendedColorPicker#aBar	Renamed	-	com/kotcrab/vis/ui/widget/color/ExtendedColorPicker.java	53	2f7455ec56bb85d7	vis=private
member	com.kotcrab.vis.ui.widget.color.ExtendedColorPicker#bBar	sge.visui.widget.color.ExtendedColorPicker#bBar	Renamed	-	com/kotcrab/vis/ui/widget/color/ExtendedColorPicker.java	51	0abcac8cfee43bce	vis=private
member	com.kotcrab.vis.ui.widget.color.ExtendedColorPicker#createColorWidgets()	sge.visui.widget.color.ExtendedColorPicker#createColorWidgets()	Renamed	-	com/kotcrab/vis/ui/widget/color/ExtendedColorPicker.java	98	e3df34ade64423a9	
member	com.kotcrab.vis.ui.widget.color.ExtendedColorPicker#createUI()	sge.visui.widget.color.ExtendedColorPicker#createUI()	Renamed	-	com/kotcrab/vis/ui/widget/color/ExtendedColorPicker.java	73	eb38f3ba39773a82	
member	com.kotcrab.vis.ui.widget.color.ExtendedColorPicker#gBar	sge.visui.widget.color.ExtendedColorPicker#gBar	Renamed	-	com/kotcrab/vis/ui/widget/color/ExtendedColorPicker.java	50	e2bc2b7646563ff3	vis=private
member	com.kotcrab.vis.ui.widget.color.ExtendedColorPicker#hBar	sge.visui.widget.color.ExtendedColorPicker#hBar	Renamed	-	com/kotcrab/vis/ui/widget/color/ExtendedColorPicker.java	45	84cbd6d35b1f0f13	vis=private
member	com.kotcrab.vis.ui.widget.color.ExtendedColorPicker#rBar	sge.visui.widget.color.ExtendedColorPicker#rBar	Renamed	-	com/kotcrab/vis/ui/widget/color/ExtendedColorPicker.java	49	72dfbedde7f9ef0b	vis=private
member	com.kotcrab.vis.ui.widget.color.ExtendedColorPicker#sBar	sge.visui.widget.color.ExtendedColorPicker#sBar	Renamed	-	com/kotcrab/vis/ui/widget/color/ExtendedColorPicker.java	46	b0778f0517476570	vis=private
member	com.kotcrab.vis.ui.widget.color.ExtendedColorPicker#setAllowAlphaEdit(boolean)	sge.visui.widget.color.ExtendedColorPicker#setAllowAlphaEdit(boolean)	Renamed	-	com/kotcrab/vis/ui/widget/color/ExtendedColorPicker.java	140	8cd51e4a2e8befe5	
member	com.kotcrab.vis.ui.widget.color.ExtendedColorPicker#updateValuesFromCurrentColor()	sge.visui.widget.color.ExtendedColorPicker#updateValuesFromCurrentColor()	Renamed	-	com/kotcrab/vis/ui/widget/color/ExtendedColorPicker.java	146	69c615143c8b193b	
member	com.kotcrab.vis.ui.widget.color.ExtendedColorPicker#updateValuesFromHSVFields()	sge.visui.widget.color.ExtendedColorPicker#updateValuesFromHSVFields()	Renamed	-	com/kotcrab/vis/ui/widget/color/ExtendedColorPicker.java	173	a0bb4d37db294687	
member	com.kotcrab.vis.ui.widget.color.ExtendedColorPicker#updateValuesFromRGBFields()	sge.visui.widget.color.ExtendedColorPicker#updateValuesFromRGBFields()	Renamed	-	com/kotcrab/vis/ui/widget/color/ExtendedColorPicker.java	195	2ca760e94eede939	vis=private
member	com.kotcrab.vis.ui.widget.color.ExtendedColorPicker#vBar	sge.visui.widget.color.ExtendedColorPicker#vBar	Renamed	-	com/kotcrab/vis/ui/widget/color/ExtendedColorPicker.java	47	ffa36159de8a1219	vis=private
member	com.kotcrab.vis.ui.widget.color.ExtendedColorPicker$AlphaChannelBarListener#updateFields()	sge.visui.widget.color.ExtendedColorPicker$AlphaChannelBarListener#updateFields()	Renamed	-	com/kotcrab/vis/ui/widget/color/ExtendedColorPicker.java	236	efe086cfeb9973e4	
member	com.kotcrab.vis.ui.widget.color.ExtendedColorPicker$HsvChannelBarListener#setShaderUniforms(ShaderProgram)	sge.visui.widget.color.ExtendedColorPicker$HsvChannelBarListener#setShaderUniforms(ShaderProgram)	Renamed	-	com/kotcrab/vis/ui/widget/color/ExtendedColorPicker.java	251	8c019dde4bcbdc06	
member	com.kotcrab.vis.ui.widget.color.ExtendedColorPicker$HsvChannelBarListener#updateFields()	sge.visui.widget.color.ExtendedColorPicker$HsvChannelBarListener#updateFields()	Renamed	-	com/kotcrab/vis/ui/widget/color/ExtendedColorPicker.java	244	399c8e1aa2906491	
member	com.kotcrab.vis.ui.widget.color.ExtendedColorPicker$HsvChannelBarListener#updateLinkedWidget()	sge.visui.widget.color.ExtendedColorPicker$HsvChannelBarListener#updateLinkedWidget()	Renamed	-	com/kotcrab/vis/ui/widget/color/ExtendedColorPicker.java	257	56befa2b63d1b864	
member	com.kotcrab.vis.ui.widget.color.ExtendedColorPicker$RgbChannelBarListener#setShaderUniforms(ShaderProgram)	sge.visui.widget.color.ExtendedColorPicker$RgbChannelBarListener#setShaderUniforms(ShaderProgram)	Renamed	-	com/kotcrab/vis/ui/widget/color/ExtendedColorPicker.java	227	ee8d11e52ad677fa	
member	com.kotcrab.vis.ui.widget.color.ExtendedColorPicker$RgbChannelBarListener#updateFields()	sge.visui.widget.color.ExtendedColorPicker$RgbChannelBarListener#updateFields()	Renamed	-	com/kotcrab/vis/ui/widget/color/ExtendedColorPicker.java	221	57e601b19e348149	
member	com.kotcrab.vis.ui.widget.color.internal.AlphaChannelBar#<stmt1>	sge.visui.widget.color.internal.AlphaChannelBar#<stmt1>	Renamed	-	com/kotcrab/vis/ui/widget/color/internal/AlphaChannelBar.java	31	efa2578ada7e7b03	
member	com.kotcrab.vis.ui.widget.color.internal.AlphaChannelBar#draw(Batch,float)	sge.visui.widget.color.internal.AlphaChannelBar#draw(Batch,float)	Renamed	-	com/kotcrab/vis/ui/widget/color/internal/AlphaChannelBar.java	35	757713a3b5fb28bc	
member	com.kotcrab.vis.ui.widget.color.internal.AlphaChannelBar#gridImage	sge.visui.widget.color.internal.AlphaChannelBar#gridImage	Renamed	-	com/kotcrab/vis/ui/widget/color/internal/AlphaChannelBar.java	27	5074b988afbb4dc8	vis=private
member	com.kotcrab.vis.ui.widget.color.internal.AlphaImage#<stmt1>	sge.visui.widget.color.internal.AlphaImage#<stmt1>	Renamed	-	com/kotcrab/vis/ui/widget/color/internal/AlphaImage.java	33	66914afd241b59ea	
member	com.kotcrab.vis.ui.widget.color.internal.AlphaImage#draw(Batch,float)	sge.visui.widget.color.internal.AlphaImage#draw(Batch,float)	Renamed	-	com/kotcrab/vis/ui/widget/color/internal/AlphaImage.java	37	7afdc17be5b526de	
member	com.kotcrab.vis.ui.widget.color.internal.AlphaImage#gridImage	sge.visui.widget.color.internal.AlphaImage#gridImage	Renamed	-	com/kotcrab/vis/ui/widget/color/internal/AlphaImage.java	29	9d3c60089d6c9948	
member	com.kotcrab.vis.ui.widget.color.internal.ChannelBar#<stmt1>	sge.visui.widget.color.internal.ChannelBar#<stmt1>	Renamed	-	com/kotcrab/vis/ui/widget/color/internal/ChannelBar.java	58	d6675f158f086eea	
member	com.kotcrab.vis.ui.widget.color.internal.ChannelBar#<stmt2>	sge.visui.widget.color.internal.ChannelBar#<stmt2>	Renamed	-	com/kotcrab/vis/ui/widget/color/internal/ChannelBar.java	59	0b070819ca65beb4	
member	com.kotcrab.vis.ui.widget.color.internal.ChannelBar#<stmt3>	sge.visui.widget.color.internal.ChannelBar#<stmt3>	Renamed	-	com/kotcrab/vis/ui/widget/color/internal/ChannelBar.java	60	87175dd0f0cadad5	
member	com.kotcrab.vis.ui.widget.color.internal.ChannelBar#<stmt4>	sge.visui.widget.color.internal.ChannelBar#<stmt4>	Renamed	-	com/kotcrab/vis/ui/widget/color/internal/ChannelBar.java	61	62cc11b35ae51e5c	
member	com.kotcrab.vis.ui.widget.color.internal.ChannelBar#<stmt5>	sge.visui.widget.color.internal.ChannelBar#<stmt5>	Renamed	-	com/kotcrab/vis/ui/widget/color/internal/ChannelBar.java	63	780cf0c39886fa85	
member	com.kotcrab.vis.ui.widget.color.internal.ChannelBar#<stmt6>	sge.visui.widget.color.internal.ChannelBar#<stmt6>	Renamed	-	com/kotcrab/vis/ui/widget/color/internal/ChannelBar.java	64	0f4c3c2d45a0eccc	
member	com.kotcrab.vis.ui.widget.color.internal.ChannelBar#<stmt7>	sge.visui.widget.color.internal.ChannelBar#<stmt7>	Renamed	-	com/kotcrab/vis/ui/widget/color/internal/ChannelBar.java	65	38cf5195276f41e5	
member	com.kotcrab.vis.ui.widget.color.internal.ChannelBar#<stmt8>	sge.visui.widget.color.internal.ChannelBar#<stmt8>	Renamed	-	com/kotcrab/vis/ui/widget/color/internal/ChannelBar.java	67	69e7aa6648822d66	
member	com.kotcrab.vis.ui.widget.color.internal.ChannelBar#MODE_ALPHA	sge.visui.widget.color.internal.ChannelBar#MODE_ALPHA	Renamed	-	com/kotcrab/vis/ui/widget/color/internal/ChannelBar.java	36	a0c92b73be4b57bf	placement=companion
member	com.kotcrab.vis.ui.widget.color.internal.ChannelBar#MODE_B	sge.visui.widget.color.internal.ChannelBar#MODE_B	Renamed	-	com/kotcrab/vis/ui/widget/color/internal/ChannelBar.java	40	44e5cfaa13b575d5	placement=companion
member	com.kotcrab.vis.ui.widget.color.internal.ChannelBar#MODE_G	sge.visui.widget.color.internal.ChannelBar#MODE_G	Renamed	-	com/kotcrab/vis/ui/widget/color/internal/ChannelBar.java	39	7000d799b762f7e4	placement=companion
member	com.kotcrab.vis.ui.widget.color.internal.ChannelBar#MODE_H	sge.visui.widget.color.internal.ChannelBar#MODE_H	Renamed	-	com/kotcrab/vis/ui/widget/color/internal/ChannelBar.java	42	262ce736bb70eb8a	placement=companion
member	com.kotcrab.vis.ui.widget.color.internal.ChannelBar#MODE_R	sge.visui.widget.color.internal.ChannelBar#MODE_R	Renamed	-	com/kotcrab/vis/ui/widget/color/internal/ChannelBar.java	38	ff3ebd2dc55f2036	placement=companion
member	com.kotcrab.vis.ui.widget.color.internal.ChannelBar#MODE_S	sge.visui.widget.color.internal.ChannelBar#MODE_S	Renamed	-	com/kotcrab/vis/ui/widget/color/internal/ChannelBar.java	43	d34fcd1324d5dc6d	placement=companion
member	com.kotcrab.vis.ui.widget.color.internal.ChannelBar#MODE_V	sge.visui.widget.color.internal.ChannelBar#MODE_V	Renamed	-	com/kotcrab/vis/ui/widget/color/internal/ChannelBar.java	44	1011f270faadaf19	placement=companion
member	com.kotcrab.vis.ui.widget.color.internal.ChannelBar#channelBarListener	sge.visui.widget.color.internal.ChannelBar#channelBarListener	Renamed	-	com/kotcrab/vis/ui/widget/color/internal/ChannelBar.java	54	f523fc10ac51d424	vis=private
member	com.kotcrab.vis.ui.widget.color.internal.ChannelBar#draw(Batch,float)	sge.visui.widget.color.internal.ChannelBar#draw(Batch,float)	Renamed	-	com/kotcrab/vis/ui/widget/color/internal/ChannelBar.java	82	1317f4db966f0303	
member	com.kotcrab.vis.ui.widget.color.internal.ChannelBar#getValue()	sge.visui.widget.color.internal.ChannelBar#getValue()	Renamed	-	com/kotcrab/vis/ui/widget/color/internal/ChannelBar.java	95	f5ddae65c775c0f4	
member	com.kotcrab.vis.ui.widget.color.internal.ChannelBar#maxValue	sge.visui.widget.color.internal.ChannelBar#maxValue	Renamed	-	com/kotcrab/vis/ui/widget/color/internal/ChannelBar.java	49	2c9033b12f0e5ddf	vis=private
member	com.kotcrab.vis.ui.widget.color.internal.ChannelBar#mode	sge.visui.widget.color.internal.ChannelBar#mode	Renamed	-	com/kotcrab/vis/ui/widget/color/internal/ChannelBar.java	53	5071e2e089715a2c	vis=private
member	com.kotcrab.vis.ui.widget.color.internal.ChannelBar#selectorX	sge.visui.widget.color.internal.ChannelBar#selectorX	Renamed	-	com/kotcrab/vis/ui/widget/color/internal/ChannelBar.java	51	2447acbc69810ace	vis=private
member	com.kotcrab.vis.ui.widget.color.internal.ChannelBar#setChannelBarListener(ChannelBarListener)	sge.visui.widget.color.internal.ChannelBar#setChannelBarListener(ChannelBarListener)	Renamed	-	com/kotcrab/vis/ui/widget/color/internal/ChannelBar.java	114	3bcba121e2a06be7	
member	com.kotcrab.vis.ui.widget.color.internal.ChannelBar#setShaderUniforms(ShaderProgram)	sge.visui.widget.color.internal.ChannelBar#setShaderUniforms(ShaderProgram)	Renamed	-	com/kotcrab/vis/ui/widget/color/internal/ChannelBar.java	109	34c4facf49a7a1ec	
member	com.kotcrab.vis.ui.widget.color.internal.ChannelBar#setValue(int)	sge.visui.widget.color.internal.ChannelBar#setValue(int)	Renamed	-	com/kotcrab/vis/ui/widget/color/internal/ChannelBar.java	87	a1a3324326227825	
member	com.kotcrab.vis.ui.widget.color.internal.ChannelBar#sizes	sge.visui.widget.color.internal.ChannelBar#sizes	Renamed	-	com/kotcrab/vis/ui/widget/color/internal/ChannelBar.java	47	c32d3f187262a6cf	vis=private
member	com.kotcrab.vis.ui.widget.color.internal.ChannelBar#style	sge.visui.widget.color.internal.ChannelBar#style	Renamed	-	com/kotcrab/vis/ui/widget/color/internal/ChannelBar.java	46	1ff738cd95db542e	
member	com.kotcrab.vis.ui.widget.color.internal.ChannelBar#updateValueFromTouch(float)	sge.visui.widget.color.internal.ChannelBar#updateValueFromTouch(float)	Renamed	-	com/kotcrab/vis/ui/widget/color/internal/ChannelBar.java	99	481bb249adbb1798	vis=private
member	com.kotcrab.vis.ui.widget.color.internal.ChannelBar#value	sge.visui.widget.color.internal.ChannelBar#value	Renamed	-	com/kotcrab/vis/ui/widget/color/internal/ChannelBar.java	50	c59da7995cf19596	vis=private
member	com.kotcrab.vis.ui.widget.color.internal.ChannelBar$ChannelBarListener#setShaderUniforms(ShaderProgram)	sge.visui.widget.color.internal.ChannelBar$ChannelBarListener#setShaderUniforms(ShaderProgram)	Renamed	-	com/kotcrab/vis/ui/widget/color/internal/ChannelBar.java	121	c7bc4848c19699a3	
member	com.kotcrab.vis.ui.widget.color.internal.ChannelBar$ChannelBarListener#updateFields()	sge.visui.widget.color.internal.ChannelBar$ChannelBarListener#updateFields()	Renamed	-	com/kotcrab/vis/ui/widget/color/internal/ChannelBar.java	119	ce30edcca84174eb	
member	com.kotcrab.vis.ui.widget.color.internal.ColorChannelWidget#<stmt10>	sge.visui.widget.color.internal.ColorChannelWidget#<stmt10>	Renamed	-	com/kotcrab/vis/ui/widget/color/internal/ColorChannelWidget.java	73	f7387dbc6f58b206	
member	com.kotcrab.vis.ui.widget.color.internal.ColorChannelWidget#<stmt11>	sge.visui.widget.color.internal.ColorChannelWidget#<stmt11>	Renamed	-	com/kotcrab/vis/ui/widget/color/internal/ColorChannelWidget.java	75	8866de7b39b5538d	
member	com.kotcrab.vis.ui.widget.color.internal.ColorChannelWidget#<stmt1>	sge.visui.widget.color.internal.ColorChannelWidget#<stmt1>	Renamed	-	com/kotcrab/vis/ui/widget/color/internal/ColorChannelWidget.java	47	825e06a743f463e1	
member	com.kotcrab.vis.ui.widget.color.internal.ColorChannelWidget#<stmt2>	sge.visui.widget.color.internal.ColorChannelWidget#<stmt2>	Renamed	-	com/kotcrab/vis/ui/widget/color/internal/ColorChannelWidget.java	49	d6675f158f086eea	
member	com.kotcrab.vis.ui.widget.color.internal.ColorChannelWidget#<stmt3>	sge.visui.widget.color.internal.ColorChannelWidget#<stmt3>	Renamed	-	com/kotcrab/vis/ui/widget/color/internal/ColorChannelWidget.java	50	0b070819ca65beb4	
member	com.kotcrab.vis.ui.widget.color.internal.ColorChannelWidget#<stmt4>	sge.visui.widget.color.internal.ColorChannelWidget#<stmt4>	Renamed	-	com/kotcrab/vis/ui/widget/color/internal/ColorChannelWidget.java	51	87175dd0f0cadad5	
member	com.kotcrab.vis.ui.widget.color.internal.ColorChannelWidget#<stmt5>	sge.visui.widget.color.internal.ColorChannelWidget#<stmt5>	Renamed	-	com/kotcrab/vis/ui/widget/color/internal/ColorChannelWidget.java	52	62cc11b35ae51e5c	
member	com.kotcrab.vis.ui.widget.color.internal.ColorChannelWidget#<stmt6>	sge.visui.widget.color.internal.ColorChannelWidget#<stmt6>	Renamed	-	com/kotcrab/vis/ui/widget/color/internal/ColorChannelWidget.java	54	9f48d9ac0fb852b6	
member	com.kotcrab.vis.ui.widget.color.internal.ColorChannelWidget#<stmt7>	sge.visui.widget.color.internal.ColorChannelWidget#<stmt7>	Renamed	-	com/kotcrab/vis/ui/widget/color/internal/ColorChannelWidget.java	63	733b1340182661e5	
member	com.kotcrab.vis.ui.widget.color.internal.ColorChannelWidget#<stmt8>	sge.visui.widget.color.internal.ColorChannelWidget#<stmt8>	Renamed	-	com/kotcrab/vis/ui/widget/color/internal/ColorChannelWidget.java	64	7ef685bd7b45d672	
member	com.kotcrab.vis.ui.widget.color.internal.ColorChannelWidget#<stmt9>	sge.visui.widget.color.internal.ColorChannelWidget#<stmt9>	Renamed	-	com/kotcrab/vis/ui/widget/color/internal/ColorChannelWidget.java	72	0316d70b876ab638	
member	com.kotcrab.vis.ui.widget.color.internal.ColorChannelWidget#bar	sge.visui.widget.color.internal.ColorChannelWidget#bar	Renamed	-	com/kotcrab/vis/ui/widget/color/internal/ColorChannelWidget.java	37	e65b5d3dcd101003	
member	com.kotcrab.vis.ui.widget.color.internal.ColorChannelWidget#barListener	sge.visui.widget.color.internal.ColorChannelWidget#barListener	Renamed	-	com/kotcrab/vis/ui/widget/color/internal/ColorChannelWidget.java	38	5a72e8c8ef589e9e	
member	com.kotcrab.vis.ui.widget.color.internal.ColorChannelWidget#commons	sge.visui.widget.color.internal.ColorChannelWidget#commons	Renamed	-	com/kotcrab/vis/ui/widget/color/internal/ColorChannelWidget.java	33	764ebb91c8db1853	
member	com.kotcrab.vis.ui.widget.color.internal.ColorChannelWidget#createBarImage()	sge.visui.widget.color.internal.ColorChannelWidget#createBarImage()	Renamed	-	com/kotcrab/vis/ui/widget/color/internal/ColorChannelWidget.java	88	521dd8e090a662a4	vis=private
member	com.kotcrab.vis.ui.widget.color.internal.ColorChannelWidget#getBar()	sge.visui.widget.color.internal.ColorChannelWidget#getBar()	Renamed	-	com/kotcrab/vis/ui/widget/color/internal/ColorChannelWidget.java	95	b51c62de4c4cc394	
member	com.kotcrab.vis.ui.widget.color.internal.ColorChannelWidget#getValue()	sge.visui.widget.color.internal.ColorChannelWidget#getValue()	Renamed	-	com/kotcrab/vis/ui/widget/color/internal/ColorChannelWidget.java	78	f5ddae65c775c0f4	
member	com.kotcrab.vis.ui.widget.color.internal.ColorChannelWidget#inputField	sge.visui.widget.color.internal.ColorChannelWidget#inputField	Renamed	-	com/kotcrab/vis/ui/widget/color/internal/ColorChannelWidget.java	39	ae438226874da85a	
member	com.kotcrab.vis.ui.widget.color.internal.ColorChannelWidget#isInputValid()	sge.visui.widget.color.internal.ColorChannelWidget#isInputValid()	Renamed	-	com/kotcrab/vis/ui/widget/color/internal/ColorChannelWidget.java	99	66e08299ef81689d	
member	com.kotcrab.vis.ui.widget.color.internal.ColorChannelWidget#maxValue	sge.visui.widget.color.internal.ColorChannelWidget#maxValue	Renamed	-	com/kotcrab/vis/ui/widget/color/internal/ColorChannelWidget.java	43	52faca5f060eb24f	
member	com.kotcrab.vis.ui.widget.color.internal.ColorChannelWidget#mode	sge.visui.widget.color.internal.ColorChannelWidget#mode	Renamed	-	com/kotcrab/vis/ui/widget/color/internal/ColorChannelWidget.java	41	c5073db131462bbc	
member	com.kotcrab.vis.ui.widget.color.internal.ColorChannelWidget#setValue(int)	sge.visui.widget.color.internal.ColorChannelWidget#setValue(int)	Renamed	-	com/kotcrab/vis/ui/widget/color/internal/ColorChannelWidget.java	82	a1a1694d818dd738	
member	com.kotcrab.vis.ui.widget.color.internal.ColorChannelWidget#sizes	sge.visui.widget.color.internal.ColorChannelWidget#sizes	Renamed	-	com/kotcrab/vis/ui/widget/color/internal/ColorChannelWidget.java	35	716ba7cc095036b5	
member	com.kotcrab.vis.ui.widget.color.internal.ColorChannelWidget#style	sge.visui.widget.color.internal.ColorChannelWidget#style	Renamed	-	com/kotcrab/vis/ui/widget/color/internal/ColorChannelWidget.java	34	aa19ed0c3fc2cd14	
member	com.kotcrab.vis.ui.widget.color.internal.ColorChannelWidget#value	sge.visui.widget.color.internal.ColorChannelWidget#value	Renamed	-	com/kotcrab/vis/ui/widget/color/internal/ColorChannelWidget.java	42	c0c385d4eca17374	
member	com.kotcrab.vis.ui.widget.color.internal.ColorInputField#<stmt1>	sge.visui.widget.color.internal.ColorInputField#<stmt1>	Renamed	-	com/kotcrab/vis/ui/widget/color/internal/ColorInputField.java	40	c2089e78c7d7e9d2	
member	com.kotcrab.vis.ui.widget.color.internal.ColorInputField#<stmt2>	sge.visui.widget.color.internal.ColorInputField#<stmt2>	Renamed	-	com/kotcrab/vis/ui/widget/color/internal/ColorInputField.java	41	62cc11b35ae51e5c	
member	com.kotcrab.vis.ui.widget.color.internal.ColorInputField#<stmt3>	sge.visui.widget.color.internal.ColorInputField#<stmt3>	Renamed	-	com/kotcrab/vis/ui/widget/color/internal/ColorInputField.java	43	c97fd9f4bc2badee	
member	com.kotcrab.vis.ui.widget.color.internal.ColorInputField#<stmt4>	sge.visui.widget.color.internal.ColorInputField#<stmt4>	Renamed	-	com/kotcrab/vis/ui/widget/color/internal/ColorInputField.java	44	b14b3ef9e0eb3eb2	
member	com.kotcrab.vis.ui.widget.color.internal.ColorInputField#<stmt5>	sge.visui.widget.color.internal.ColorInputField#<stmt5>	Renamed	-	com/kotcrab/vis/ui/widget/color/internal/ColorInputField.java	45	f3e4f5a00363fc62	
member	com.kotcrab.vis.ui.widget.color.internal.ColorInputField#<stmt6>	sge.visui.widget.color.internal.ColorInputField#<stmt6>	Renamed	-	com/kotcrab/vis/ui/widget/color/internal/ColorInputField.java	47	f9f0b3193d9bef82	
member	com.kotcrab.vis.ui.widget.color.internal.ColorInputField#<stmt7>	sge.visui.widget.color.internal.ColorInputField#<stmt7>	Renamed	-	com/kotcrab/vis/ui/widget/color/internal/ColorInputField.java	55	2da6ec549df2f093	
member	com.kotcrab.vis.ui.widget.color.internal.ColorInputField#<stmt8>	sge.visui.widget.color.internal.ColorInputField#<stmt8>	Renamed	-	com/kotcrab/vis/ui/widget/color/internal/ColorInputField.java	68	927e1402f65bfb85	
member	com.kotcrab.vis.ui.widget.color.internal.ColorInputField#changeValue(int)	sge.visui.widget.color.internal.ColorInputField#changeValue(int)	Renamed	-	com/kotcrab/vis/ui/widget/color/internal/ColorInputField.java	77	1066d18e317a5293	
member	com.kotcrab.vis.ui.widget.color.internal.ColorInputField#getValue()	sge.visui.widget.color.internal.ColorInputField#getValue()	Renamed	-	com/kotcrab/vis/ui/widget/color/internal/ColorInputField.java	86	f5ddae65c775c0f4	
member	com.kotcrab.vis.ui.widget.color.internal.ColorInputField#maxValue	sge.visui.widget.color.internal.ColorInputField#maxValue	Renamed	-	com/kotcrab/vis/ui/widget/color/internal/ColorInputField.java	36	2c9033b12f0e5ddf	vis=private
member	com.kotcrab.vis.ui.widget.color.internal.ColorInputField#setValue(int)	sge.visui.widget.color.internal.ColorInputField#setValue(int)	Renamed	-	com/kotcrab/vis/ui/widget/color/internal/ColorInputField.java	90	683e6778cd35e271	
member	com.kotcrab.vis.ui.widget.color.internal.ColorInputField#updateUI()	sge.visui.widget.color.internal.ColorInputField#updateUI()	Renamed	-	com/kotcrab/vis/ui/widget/color/internal/ColorInputField.java	95	0e13f6779b49597b	vis=private
member	com.kotcrab.vis.ui.widget.color.internal.ColorInputField#value	sge.visui.widget.color.internal.ColorInputField#value	Renamed	-	com/kotcrab/vis/ui/widget/color/internal/ColorInputField.java	35	c59da7995cf19596	vis=private
member	com.kotcrab.vis.ui.widget.color.internal.ColorInputField$ColorFieldValidator#<stmt1>	sge.visui.widget.color.internal.ColorInputField$ColorFieldValidator#<stmt1>	Renamed	-	com/kotcrab/vis/ui/widget/color/internal/ColorInputField.java	115	ae4e654f4059388b	
member	com.kotcrab.vis.ui.widget.color.internal.ColorInputField$ColorFieldValidator#maxValue	sge.visui.widget.color.internal.ColorInputField$ColorFieldValidator#maxValue	Renamed	-	com/kotcrab/vis/ui/widget/color/internal/ColorInputField.java	112	c43214c91e73430c	
member	com.kotcrab.vis.ui.widget.color.internal.ColorInputField$ColorFieldValidator#validateInput(String)	sge.visui.widget.color.internal.ColorInputField$ColorFieldValidator#validateInput(String)	Renamed	-	com/kotcrab/vis/ui/widget/color/internal/ColorInputField.java	119	64a952c43b558bb8	
member	com.kotcrab.vis.ui.widget.color.internal.ColorInputField$ColorInputFieldListener#changed(int)	sge.visui.widget.color.internal.ColorInputField$ColorInputFieldListener#changed(int)	Renamed	-	com/kotcrab/vis/ui/widget/color/internal/ColorInputField.java	101	29b87ab7cf19dd0a	
member	com.kotcrab.vis.ui.widget.color.internal.ColorInputField$NumberFilter#acceptChar(VisTextField,char)	sge.visui.widget.color.internal.ColorInputField$NumberFilter#acceptChar(VisTextField,char)	Renamed	-	com/kotcrab/vis/ui/widget/color/internal/ColorInputField.java	106	6ac87a2ff4fdafe9	
member	com.kotcrab.vis.ui.widget.color.internal.Sge#<given-static>	sge.Sge#<given-static>	Renamed	-	com/kotcrab/vis/ui/widget/color/internal/ColorPickerText.java	28	92d5b1cd759201d5	placement=companion vis=private[TabbedPane]
member	com.kotcrab.vis.ui.widget.color.internal.Sge#<given>	sge.Sge#<given>	Renamed	-	com/kotcrab/vis/ui/widget/color/internal/ColorPickerText.java	28	92d5b1cd759201d5	vis=private[TabbedPane]
member	com.kotcrab.vis.ui.widget.color.internal.ColorPickerText#format()	sge.visui.widget.color.internal.ColorPickerText#format()	Renamed	-	com/kotcrab/vis/ui/widget/color/internal/ColorPickerText.java	56	03ab60248191a304	
member	com.kotcrab.vis.ui.widget.color.internal.ColorPickerText#format(Array)	sge.visui.widget.color.internal.ColorPickerText#format(Array<Object>)	Renamed	-	com/kotcrab/vis/ui/widget/color/internal/ColorPickerText.java	61	faf4184ca9564293	
member	com.kotcrab.vis.ui.widget.color.internal.ColorPickerText#get()	sge.visui.widget.color.internal.ColorPickerText#get()	Renamed	-	com/kotcrab/vis/ui/widget/color/internal/ColorPickerText.java	51	2a08067d67222711	
member	com.kotcrab.vis.ui.widget.color.internal.ColorPickerText#getBundle(Sge)	sge.visui.widget.color.internal.ColorPickerText#getBundle(Sge)	Renamed	-	com/kotcrab/vis/ui/widget/color/internal/ColorPickerText.java	41	f60057ef61693166	placement=companion vis=private
member	com.kotcrab.vis.ui.widget.color.internal.ColorPickerText#getName()	sge.visui.widget.color.internal.ColorPickerText#getName()	Renamed	-	com/kotcrab/vis/ui/widget/color/internal/ColorPickerText.java	46	b81ba2456945b4e3	
member	com.kotcrab.vis.ui.widget.color.internal.ColorPickerText#toString()	sge.visui.widget.color.internal.ColorPickerText#toString()	Renamed	-	com/kotcrab/vis/ui/widget/color/internal/ColorPickerText.java	66	e63072b2745ef875	
member	com.kotcrab.vis.ui.widget.color.internal.GridSubImage#<stmt1>	sge.visui.widget.color.internal.GridSubImage#<stmt1>	Renamed	-	com/kotcrab/vis/ui/widget/color/internal/GridSubImage.java	31	c91f3f8da89b533d	
member	com.kotcrab.vis.ui.widget.color.internal.GridSubImage#<stmt2>	sge.visui.widget.color.internal.GridSubImage#<stmt2>	Renamed	-	com/kotcrab/vis/ui/widget/color/internal/GridSubImage.java	32	4c8925522637ed09	
member	com.kotcrab.vis.ui.widget.color.internal.GridSubImage#<stmt3>	sge.visui.widget.color.internal.GridSubImage#<stmt3>	Renamed	-	com/kotcrab/vis/ui/widget/color/internal/GridSubImage.java	33	18a5a62455e9cc59	
member	com.kotcrab.vis.ui.widget.color.internal.GridSubImage#draw(Batch,Image)	sge.visui.widget.color.internal.GridSubImage#draw(Batch,Image)	Renamed	-	com/kotcrab/vis/ui/widget/color/internal/GridSubImage.java	36	7946cbab3289ce74	
member	com.kotcrab.vis.ui.widget.color.internal.GridSubImage#gridShader	sge.visui.widget.color.internal.GridSubImage#gridShader	Renamed	-	com/kotcrab/vis/ui/widget/color/internal/GridSubImage.java	26	5529dae9a42b5bad	
member	com.kotcrab.vis.ui.widget.color.internal.GridSubImage#gridSize	sge.visui.widget.color.internal.GridSubImage#gridSize	Renamed	-	com/kotcrab/vis/ui/widget/color/internal/GridSubImage.java	28	5d963e5d73f27806	
member	com.kotcrab.vis.ui.widget.color.internal.GridSubImage#whiteTexture	sge.visui.widget.color.internal.GridSubImage#whiteTexture	Renamed	-	com/kotcrab/vis/ui/widget/color/internal/GridSubImage.java	27	47d762b1da9ada85	
member	com.kotcrab.vis.ui.widget.color.internal.Palette#<stmt1>	sge.visui.widget.color.internal.Palette#<stmt1>	Renamed	-	com/kotcrab/vis/ui/widget/color/internal/Palette.java	49	d6675f158f086eea	
member	com.kotcrab.vis.ui.widget.color.internal.Palette#<stmt2>	sge.visui.widget.color.internal.Palette#<stmt2>	Renamed	-	com/kotcrab/vis/ui/widget/color/internal/Palette.java	50	0b070819ca65beb4	
member	com.kotcrab.vis.ui.widget.color.internal.Palette#<stmt3>	sge.visui.widget.color.internal.Palette#<stmt3>	Renamed	-	com/kotcrab/vis/ui/widget/color/internal/Palette.java	51	62cc11b35ae51e5c	
member	com.kotcrab.vis.ui.widget.color.internal.Palette#<stmt4>	sge.visui.widget.color.internal.Palette#<stmt4>	Renamed	-	com/kotcrab/vis/ui/widget/color/internal/Palette.java	53	780cf0c39886fa85	
member	com.kotcrab.vis.ui.widget.color.internal.Palette#<stmt5>	sge.visui.widget.color.internal.Palette#<stmt5>	Renamed	-	com/kotcrab/vis/ui/widget/color/internal/Palette.java	54	07454ded86b2836d	
member	com.kotcrab.vis.ui.widget.color.internal.Palette#<stmt6>	sge.visui.widget.color.internal.Palette#<stmt6>	Renamed	-	com/kotcrab/vis/ui/widget/color/internal/Palette.java	55	8c9ccbf1ed1b8d03	
member	com.kotcrab.vis.ui.widget.color.internal.Palette#<stmt7>	sge.visui.widget.color.internal.Palette#<stmt7>	Renamed	-	com/kotcrab/vis/ui/widget/color/internal/Palette.java	57	bd8bb85a0c9447a4	
member	com.kotcrab.vis.ui.widget.color.internal.Palette#draw(Batch,float)	sge.visui.widget.color.internal.Palette#draw(Batch,float)	Renamed	-	com/kotcrab/vis/ui/widget/color/internal/Palette.java	72	9768da1727b1e3e3	
member	com.kotcrab.vis.ui.widget.color.internal.Palette#getS()	sge.visui.widget.color.internal.Palette#getS()	Renamed	-	com/kotcrab/vis/ui/widget/color/internal/Palette.java	129	6973b15f767616b1	
member	com.kotcrab.vis.ui.widget.color.internal.Palette#getV()	sge.visui.widget.color.internal.Palette#getV()	Renamed	-	com/kotcrab/vis/ui/widget/color/internal/Palette.java	125	7536a77f4c842021	
member	com.kotcrab.vis.ui.widget.color.internal.Palette#maxValue	sge.visui.widget.color.internal.Palette#maxValue	Renamed	-	com/kotcrab/vis/ui/widget/color/internal/Palette.java	40	2c9033b12f0e5ddf	vis=private
member	com.kotcrab.vis.ui.widget.color.internal.Palette#pickerHue	sge.visui.widget.color.internal.Palette#pickerHue	Renamed	-	com/kotcrab/vis/ui/widget/color/internal/Palette.java	45	23ac3adbede2cb16	vis=private
member	com.kotcrab.vis.ui.widget.color.internal.Palette#selectorX	sge.visui.widget.color.internal.Palette#selectorX	Renamed	-	com/kotcrab/vis/ui/widget/color/internal/Palette.java	42	2447acbc69810ace	vis=private
member	com.kotcrab.vis.ui.widget.color.internal.Palette#selectorY	sge.visui.widget.color.internal.Palette#selectorY	Renamed	-	com/kotcrab/vis/ui/widget/color/internal/Palette.java	43	526287a169ff6744	vis=private
member	com.kotcrab.vis.ui.widget.color.internal.Palette#setPickerHue(int)	sge.visui.widget.color.internal.Palette#setPickerHue(int)	Renamed	-	com/kotcrab/vis/ui/widget/color/internal/Palette.java	96	9c6fd4e0b01c15ca	
member	com.kotcrab.vis.ui.widget.color.internal.Palette#setShaderUniforms(ShaderProgram)	sge.visui.widget.color.internal.Palette#setShaderUniforms(ShaderProgram)	Renamed	-	com/kotcrab/vis/ui/widget/color/internal/Palette.java	92	8bd2e559d48eec31	
member	com.kotcrab.vis.ui.widget.color.internal.Palette#setValue(int,int)	sge.visui.widget.color.internal.Palette#setValue(int,int)	Renamed	-	com/kotcrab/vis/ui/widget/color/internal/Palette.java	100	57f5d47bec13032c	
member	com.kotcrab.vis.ui.widget.color.internal.Palette#sizes	sge.visui.widget.color.internal.Palette#sizes	Renamed	-	com/kotcrab/vis/ui/widget/color/internal/Palette.java	37	c32d3f187262a6cf	vis=private
member	com.kotcrab.vis.ui.widget.color.internal.Palette#style	sge.visui.widget.color.internal.Palette#style	Renamed	-	com/kotcrab/vis/ui/widget/color/internal/Palette.java	36	e5c3e6200583bf79	vis=private
member	com.kotcrab.vis.ui.widget.color.internal.Palette#updateValueFromTouch(float,float)	sge.visui.widget.color.internal.Palette#updateValueFromTouch(float,float)	Renamed	-	com/kotcrab/vis/ui/widget/color/internal/Palette.java	114	e431bc653e27480e	vis=private
member	com.kotcrab.vis.ui.widget.color.internal.Palette#xV	sge.visui.widget.color.internal.Palette#xV	Renamed	-	com/kotcrab/vis/ui/widget/color/internal/Palette.java	39	7ad1f2e4e4d3e33d	vis=private
member	com.kotcrab.vis.ui.widget.color.internal.Palette#yS	sge.visui.widget.color.internal.Palette#yS	Renamed	-	com/kotcrab/vis/ui/widget/color/internal/Palette.java	39	79bb90e5092b9f84	vis=private
member	com.kotcrab.vis.ui.widget.color.internal.PickerCommons#<stmt1>	sge.visui.widget.color.internal.PickerCommons#<stmt1>	Renamed	-	com/kotcrab/vis/ui/widget/color/internal/PickerCommons.java	45	d43bf9f451d17d77	
member	com.kotcrab.vis.ui.widget.color.internal.PickerCommons#<stmt2>	sge.visui.widget.color.internal.PickerCommons#<stmt2>	Renamed	-	com/kotcrab/vis/ui/widget/color/internal/PickerCommons.java	46	a2e034e1c3ece77b	
member	com.kotcrab.vis.ui.widget.color.internal.PickerCommons#<stmt3>	sge.visui.widget.color.internal.PickerCommons#<stmt3>	Renamed	-	com/kotcrab/vis/ui/widget/color/internal/PickerCommons.java	47	8d4f612a2f471716	
member	com.kotcrab.vis.ui.widget.color.internal.PickerCommons#<stmt4>	sge.visui.widget.color.internal.PickerCommons#<stmt4>	Renamed	-	com/kotcrab/vis/ui/widget/color/internal/PickerCommons.java	49	0cf1f447fbc670a0	
member	com.kotcrab.vis.ui.widget.color.internal.PickerCommons#<stmt5>	sge.visui.widget.color.internal.PickerCommons#<stmt5>	Renamed	-	com/kotcrab/vis/ui/widget/color/internal/PickerCommons.java	50	fd0d19a83825f80c	
member	com.kotcrab.vis.ui.widget.color.internal.PickerCommons#close()	sge.visui.widget.color.internal.PickerCommons#close()	Renamed	-	com/kotcrab/vis/ui/widget/color/internal/PickerCommons.java	102	211f088e2facb7b1	
member	com.kotcrab.vis.ui.widget.color.internal.PickerCommons#createPixmap()	sge.visui.widget.color.internal.PickerCommons#createPixmap()	Renamed	-	com/kotcrab/vis/ui/widget/color/internal/PickerCommons.java	53	9a9cb0ceacd5e981	vis=private
member	com.kotcrab.vis.ui.widget.color.internal.PickerCommons#getBarShader(int)	sge.visui.widget.color.internal.PickerCommons#getBarShader(int)	Renamed	-	com/kotcrab/vis/ui/widget/color/internal/PickerCommons.java	85	8b31f576c0aa10cb	
member	com.kotcrab.vis.ui.widget.color.internal.PickerCommons#gridShader	sge.visui.widget.color.internal.PickerCommons#gridShader	Renamed	-	com/kotcrab/vis/ui/widget/color/internal/PickerCommons.java	40	80816cdff0838eeb	
member	com.kotcrab.vis.ui.widget.color.internal.PickerCommons#hsvShader	sge.visui.widget.color.internal.PickerCommons#hsvShader	Renamed	-	com/kotcrab/vis/ui/widget/color/internal/PickerCommons.java	38	8750d72fea3edd79	
member	com.kotcrab.vis.ui.widget.color.internal.PickerCommons#loadExtendedShaders	sge.visui.widget.color.internal.PickerCommons#loadExtendedShaders	Renamed	-	com/kotcrab/vis/ui/widget/color/internal/PickerCommons.java	35	9acb5179fc0b7429	
member	com.kotcrab.vis.ui.widget.color.internal.PickerCommons#loadShader(String,String)	sge.visui.widget.color.internal.PickerCommons#loadShader(String,String)	Renamed	-	com/kotcrab/vis/ui/widget/color/internal/PickerCommons.java	73	3fe32067048596e5	vis=private
member	com.kotcrab.vis.ui.widget.color.internal.PickerCommons#loadShaders()	sge.visui.widget.color.internal.PickerCommons#loadShaders()	Renamed	-	com/kotcrab/vis/ui/widget/color/internal/PickerCommons.java	62	7e4c997ce542b25e	vis=private
member	com.kotcrab.vis.ui.widget.color.internal.PickerCommons#paletteShader	sge.visui.widget.color.internal.PickerCommons#paletteShader	Renamed	-	com/kotcrab/vis/ui/widget/color/internal/PickerCommons.java	36	45d359911e8ccbd7	
member	com.kotcrab.vis.ui.widget.color.internal.PickerCommons#rgbShader	sge.visui.widget.color.internal.PickerCommons#rgbShader	Renamed	-	com/kotcrab/vis/ui/widget/color/internal/PickerCommons.java	39	ff79b61391438f43	
member	com.kotcrab.vis.ui.widget.color.internal.PickerCommons#sizes	sge.visui.widget.color.internal.PickerCommons#sizes	Renamed	-	com/kotcrab/vis/ui/widget/color/internal/PickerCommons.java	33	8b7ad729ff9df8f1	
member	com.kotcrab.vis.ui.widget.color.internal.PickerCommons#style	sge.visui.widget.color.internal.PickerCommons#style	Renamed	-	com/kotcrab/vis/ui/widget/color/internal/PickerCommons.java	32	8fda830bf7173e66	
member	com.kotcrab.vis.ui.widget.color.internal.PickerCommons#verticalChannelShader	sge.visui.widget.color.internal.PickerCommons#verticalChannelShader	Renamed	-	com/kotcrab/vis/ui/widget/color/internal/PickerCommons.java	37	cbce6bf9fa09e09c	
member	com.kotcrab.vis.ui.widget.color.internal.PickerCommons#whiteTexture	sge.visui.widget.color.internal.PickerCommons#whiteTexture	Renamed	-	com/kotcrab/vis/ui/widget/color/internal/PickerCommons.java	42	2ef5262f256d9e32	
member	com.kotcrab.vis.ui.widget.color.internal.ShaderImage#<stmt1>	sge.visui.widget.color.internal.ShaderImage#<stmt1>	Renamed	-	com/kotcrab/vis/ui/widget/color/internal/ShaderImage.java	33	b51fba6329514cfd	
member	com.kotcrab.vis.ui.widget.color.internal.ShaderImage#draw(Batch,float)	sge.visui.widget.color.internal.ShaderImage#draw(Batch,float)	Renamed	-	com/kotcrab/vis/ui/widget/color/internal/ShaderImage.java	37	bddbcb9cc8c77817	
member	com.kotcrab.vis.ui.widget.color.internal.ShaderImage#setShaderUniforms(ShaderProgram)	sge.visui.widget.color.internal.ShaderImage#setShaderUniforms(ShaderProgram)	Renamed	-	com/kotcrab/vis/ui/widget/color/internal/ShaderImage.java	47	af41513c758812c1	
member	com.kotcrab.vis.ui.widget.color.internal.ShaderImage#shader	sge.visui.widget.color.internal.ShaderImage#shader	Renamed	-	com/kotcrab/vis/ui/widget/color/internal/ShaderImage.java	29	e35a715b0fee7ed7	
member	com.kotcrab.vis.ui.widget.color.internal.VerticalChannelBar#<stmt1>	sge.visui.widget.color.internal.VerticalChannelBar#<stmt1>	Renamed	-	com/kotcrab/vis/ui/widget/color/internal/VerticalChannelBar.java	43	d6675f158f086eea	
member	com.kotcrab.vis.ui.widget.color.internal.VerticalChannelBar#<stmt2>	sge.visui.widget.color.internal.VerticalChannelBar#<stmt2>	Renamed	-	com/kotcrab/vis/ui/widget/color/internal/VerticalChannelBar.java	44	0b070819ca65beb4	
member	com.kotcrab.vis.ui.widget.color.internal.VerticalChannelBar#<stmt3>	sge.visui.widget.color.internal.VerticalChannelBar#<stmt3>	Renamed	-	com/kotcrab/vis/ui/widget/color/internal/VerticalChannelBar.java	45	62cc11b35ae51e5c	
member	com.kotcrab.vis.ui.widget.color.internal.VerticalChannelBar#<stmt4>	sge.visui.widget.color.internal.VerticalChannelBar#<stmt4>	Renamed	-	com/kotcrab/vis/ui/widget/color/internal/VerticalChannelBar.java	47	780cf0c39886fa85	
member	com.kotcrab.vis.ui.widget.color.internal.VerticalChannelBar#<stmt5>	sge.visui.widget.color.internal.VerticalChannelBar#<stmt5>	Renamed	-	com/kotcrab/vis/ui/widget/color/internal/VerticalChannelBar.java	48	a23c98d0d63ad923	
member	com.kotcrab.vis.ui.widget.color.internal.VerticalChannelBar#<stmt6>	sge.visui.widget.color.internal.VerticalChannelBar#<stmt6>	Renamed	-	com/kotcrab/vis/ui/widget/color/internal/VerticalChannelBar.java	49	8c9ccbf1ed1b8d03	
member	com.kotcrab.vis.ui.widget.color.internal.VerticalChannelBar#<stmt7>	sge.visui.widget.color.internal.VerticalChannelBar#<stmt7>	Renamed	-	com/kotcrab/vis/ui/widget/color/internal/VerticalChannelBar.java	51	04d3bb730fd02fce	
member	com.kotcrab.vis.ui.widget.color.internal.VerticalChannelBar#draw(Batch,float)	sge.visui.widget.color.internal.VerticalChannelBar#draw(Batch,float)	Renamed	-	com/kotcrab/vis/ui/widget/color/internal/VerticalChannelBar.java	66	9cf80a2cd3b27d72	
member	com.kotcrab.vis.ui.widget.color.internal.VerticalChannelBar#getValue()	sge.visui.widget.color.internal.VerticalChannelBar#getValue()	Renamed	-	com/kotcrab/vis/ui/widget/color/internal/VerticalChannelBar.java	88	f5ddae65c775c0f4	
member	com.kotcrab.vis.ui.widget.color.internal.VerticalChannelBar#maxValue	sge.visui.widget.color.internal.VerticalChannelBar#maxValue	Renamed	-	com/kotcrab/vis/ui/widget/color/internal/VerticalChannelBar.java	37	2c9033b12f0e5ddf	vis=private
member	com.kotcrab.vis.ui.widget.color.internal.VerticalChannelBar#selectorY	sge.visui.widget.color.internal.VerticalChannelBar#selectorY	Renamed	-	com/kotcrab/vis/ui/widget/color/internal/VerticalChannelBar.java	38	526287a169ff6744	vis=private
member	com.kotcrab.vis.ui.widget.color.internal.VerticalChannelBar#setValue(int)	sge.visui.widget.color.internal.VerticalChannelBar#setValue(int)	Renamed	-	com/kotcrab/vis/ui/widget/color/internal/VerticalChannelBar.java	71	91d72da145e92394	
member	com.kotcrab.vis.ui.widget.color.internal.VerticalChannelBar#sizes	sge.visui.widget.color.internal.VerticalChannelBar#sizes	Renamed	-	com/kotcrab/vis/ui/widget/color/internal/VerticalChannelBar.java	36	c32d3f187262a6cf	vis=private
member	com.kotcrab.vis.ui.widget.color.internal.VerticalChannelBar#style	sge.visui.widget.color.internal.VerticalChannelBar#style	Renamed	-	com/kotcrab/vis/ui/widget/color/internal/VerticalChannelBar.java	35	e5c3e6200583bf79	vis=private
member	com.kotcrab.vis.ui.widget.color.internal.VerticalChannelBar#updateValueFromTouch(float)	sge.visui.widget.color.internal.VerticalChannelBar#updateValueFromTouch(float)	Renamed	-	com/kotcrab/vis/ui/widget/color/internal/VerticalChannelBar.java	79	a4c7bf50e5bfb369	vis=private
member	com.kotcrab.vis.ui.widget.color.internal.VerticalChannelBar#value	sge.visui.widget.color.internal.VerticalChannelBar#value	Renamed	-	com/kotcrab/vis/ui/widget/color/internal/VerticalChannelBar.java	39	c59da7995cf19596	vis=private
member	com.kotcrab.vis.ui.widget.file.icon	icon	Renamed	-	com/kotcrab/vis/ui/widget/file/FileChooser.java	1824	7db4e0ff1c3f34de	name=icon$p
member	com.kotcrab.vis.ui.widget.file.labelCell	labelCell	Renamed	-	com/kotcrab/vis/ui/widget/file/FileChooser.java	2056	ce78afe49152c91c	name=labelCell$p
member	com.kotcrab.vis.ui.widget.file.name	name	Renamed	-	com/kotcrab/vis/ui/widget/file/FileChooser.java	1822	5ce9356b5c7ccbf6	name=name$p
member	com.kotcrab.vis.ui.widget.file.FileChooser#<init>(FileHandle,Mode,Sge)	sge.visui.widget.file.FileChooser#<init>(FileHandle,Mode,Sge)	Renamed	-	com/kotcrab/vis/ui/widget/file/FileChooser.java	171	5f2610b7ff6d4f83	
member	com.kotcrab.vis.ui.widget.file.FileChooser#<init>(Mode,Sge)	sge.visui.widget.file.FileChooser#<init>(Mode,Sge)	Renamed	-	com/kotcrab/vis/ui/widget/file/FileChooser.java	163	421927ea4571928c	
member	com.kotcrab.vis.ui.widget.file.FileChooser#<init>(String,Mode,Sge)	sge.visui.widget.file.FileChooser#<init>(String,Mode,Sge)	Renamed	-	com/kotcrab/vis/ui/widget/file/FileChooser.java	188	1ccd9ee60c78e128	
member	com.kotcrab.vis.ui.widget.file.FileChooser#<init>(String,String,Mode,Sge)	sge.visui.widget.file.FileChooser#<init>(String,String,Mode,Sge)	Renamed	-	com/kotcrab/vis/ui/widget/file/FileChooser.java	197	8abd6c3f59e8d52f	
member	com.kotcrab.vis.ui.widget.file.FileChooser#DEFAULT_KEY	sge.visui.widget.file.FileChooser#DEFAULT_KEY	Renamed	-	com/kotcrab/vis/ui/widget/file/FileChooser.java	109	b6ec46b9d609c469	placement=companion
member	com.kotcrab.vis.ui.widget.file.FileChooser#FILE_WATCHER_CHECK_DELAY_MILLIS	sge.visui.widget.file.FileChooser#FILE_WATCHER_CHECK_DELAY_MILLIS	Renamed	-	com/kotcrab/vis/ui/widget/file/FileChooser.java	77	c8124d772be948b1	placement=companion vis=private
member	com.kotcrab.vis.ui.widget.file.FileChooser#SHORTCUTS_COMPARATOR	sge.visui.widget.file.FileChooser#SHORTCUTS_COMPARATOR	Renamed	-	com/kotcrab/vis/ui/widget/file/FileChooser.java	78	fbb8b94ef84de9b2	placement=companion vis=private
member	com.kotcrab.vis.ui.widget.file.FileChooser#activeFileTypeRule	sge.visui.widget.file.FileChooser#activeFileTypeRule	Renamed	-	com/kotcrab/vis/ui/widget/file/FileChooser.java	95	7c536243efefec77	vis=private
member	com.kotcrab.vis.ui.widget.file.FileChooser#addFavorite(FileHandle)	sge.visui.widget.file.FileChooser#addFavorite(FileHandle)	Renamed	-	com/kotcrab/vis/ui/widget/file/FileChooser.java	1003	4e66e8c6ea567c4c	
member	com.kotcrab.vis.ui.widget.file.FileChooser#addRecentDirectory(FileHandle)	sge.visui.widget.file.FileChooser#addRecentDirectory(FileHandle)	Renamed	-	com/kotcrab/vis/ui/widget/file/FileChooser.java	1025	0303137594de28b2	vis=private
member	com.kotcrab.vis.ui.widget.file.FileChooser#buildFileList(Array,IdentityMap,Array,boolean)	sge.visui.widget.file.FileChooser#buildFileList(Array<FileHandle>,IdentityMap<FileHandle,FileHandleMetadata>,Array<FileHandle>,boolean)	Renamed	-	com/kotcrab/vis/ui/widget/file/FileChooser.java	923	df12fbdd07e552fe	vis=private
member	com.kotcrab.vis.ui.widget.file.FileChooser#chooserWinService	sge.visui.widget.file.FileChooser#chooserWinService	Renamed	-	com/kotcrab/vis/ui/widget/file/FileChooser.java	100	f06d02e4f06a6355	vis=private
member	com.kotcrab.vis.ui.widget.file.FileChooser#clearRecentDirectories()	sge.visui.widget.file.FileChooser#clearRecentDirectories()	Renamed	-	com/kotcrab/vis/ui/widget/file/FileChooser.java	1032	f652ff1642698451	
member	com.kotcrab.vis.ui.widget.file.FileChooser#closeWindow()	sge.visui.widget.file.FileChooser#closeWindow()	Renamed	-	com/kotcrab/vis/ui/widget/file/FileChooser.java	709	d3ecd1a13a17fb53	
member	com.kotcrab.vis.ui.widget.file.FileChooser#confirmButton	sge.visui.widget.file.FileChooser#confirmButton	Renamed	-	com/kotcrab/vis/ui/widget/file/FileChooser.java	155	e1a58770d1c6dbe1	vis=private
member	com.kotcrab.vis.ui.widget.file.FileChooser#createBottomButtons()	sge.visui.widget.file.FileChooser#createBottomButtons()	Renamed	-	com/kotcrab/vis/ui/widget/file/FileChooser.java	593	0d1a3586b7baa177	vis=private
member	com.kotcrab.vis.ui.widget.file.FileChooser#createCenterContentPanel()	sge.visui.widget.file.FileChooser#createCenterContentPanel()	Renamed	-	com/kotcrab/vis/ui/widget/file/FileChooser.java	451	294511324ece88a4	vis=private
member	com.kotcrab.vis.ui.widget.file.FileChooser#createFileTextBox()	sge.visui.widget.file.FileChooser#createFileTextBox()	Renamed	-	com/kotcrab/vis/ui/widget/file/FileChooser.java	517	ed3c00f1b2d4fc91	vis=private
member	com.kotcrab.vis.ui.widget.file.FileChooser#createListeners()	sge.visui.widget.file.FileChooser#createListeners()	Renamed	-	com/kotcrab/vis/ui/widget/file/FileChooser.java	634	5ec30f4cc58be5c5	vis=private
member	com.kotcrab.vis.ui.widget.file.FileChooser#createShortcutsMainPanel()	sge.visui.widget.file.FileChooser#createShortcutsMainPanel()	Renamed	-	com/kotcrab/vis/ui/widget/file/FileChooser.java	623	48dd56b00b420fbf	vis=private
member	com.kotcrab.vis.ui.widget.file.FileChooser#createToolbar()	sge.visui.widget.file.FileChooser#createToolbar()	Renamed	-	com/kotcrab/vis/ui/widget/file/FileChooser.java	288	f9e160efda2833ce	vis=private
member	com.kotcrab.vis.ui.widget.file.FileChooser#createViewModePopupMenu()	sge.visui.widget.file.FileChooser#createViewModePopupMenu()	Renamed	-	com/kotcrab/vis/ui/widget/file/FileChooser.java	405	ea2129e6f7884734	vis=private
member	com.kotcrab.vis.ui.widget.file.FileChooser#currentDirectory	sge.visui.widget.file.FileChooser#currentDirectory	Renamed	-	com/kotcrab/vis/ui/widget/file/FileChooser.java	118	20d2f69a408ff250	vis=private
member	com.kotcrab.vis.ui.widget.file.FileChooser#currentFiles	sge.visui.widget.file.FileChooser#currentFiles	Renamed	-	com/kotcrab/vis/ui/widget/file/FileChooser.java	119	907aa14e280aac0f	vis=private
member	com.kotcrab.vis.ui.widget.file.FileChooser#currentFilesMetadata	sge.visui.widget.file.FileChooser#currentFilesMetadata	Renamed	-	com/kotcrab/vis/ui/widget/file/FileChooser.java	120	aa7c50cd17bf10fc	vis=private
member	com.kotcrab.vis.ui.widget.file.FileChooser#currentPath	sge.visui.widget.file.FileChooser#currentPath	Renamed	-	com/kotcrab/vis/ui/widget/file/FileChooser.java	151	595ad61df0b339e8	vis=private
member	com.kotcrab.vis.ui.widget.file.FileChooser#dateFormat	sge.visui.widget.file.FileChooser#dateFormat	Renamed	-	com/kotcrab/vis/ui/widget/file/FileChooser.java	106	2cc14b29691fb5f5	vis=private
member	com.kotcrab.vis.ui.widget.file.FileChooser#defaultFileName	sge.visui.widget.file.FileChooser#defaultFileName	Renamed	-	com/kotcrab/vis/ui/widget/file/FileChooser.java	124	b86e69e04f4eb8e3	vis=private
member	com.kotcrab.vis.ui.widget.file.FileChooser#deselectAll()	sge.visui.widget.file.FileChooser#deselectAll()	Renamed	-	com/kotcrab/vis/ui/widget/file/FileChooser.java	1045	1706df72d3412848	vis=private
member	com.kotcrab.vis.ui.widget.file.FileChooser#deselectAll(boolean)	sge.visui.widget.file.FileChooser#deselectAll(boolean)	Renamed	-	com/kotcrab/vis/ui/widget/file/FileChooser.java	1049	22349e255c0ca163	vis=private
member	com.kotcrab.vis.ui.widget.file.FileChooser#dirsSuggestionPopup	sge.visui.widget.file.FileChooser#dirsSuggestionPopup	Renamed	-	com/kotcrab/vis/ui/widget/file/FileChooser.java	158	7896407e26137b4b	vis=private
member	com.kotcrab.vis.ui.widget.file.FileChooser#draw(Batch,float)	sge.visui.widget.file.FileChooser#draw(Batch,float)	Renamed	-	com/kotcrab/vis/ui/widget/file/FileChooser.java	1412	6208eee67773ea28	
member	com.kotcrab.vis.ui.widget.file.FileChooser#driveCheckerListeners	sge.visui.widget.file.FileChooser#driveCheckerListeners	Renamed	-	com/kotcrab/vis/ui/widget/file/FileChooser.java	99	3fb54d129c69b7d7	vis=private
member	com.kotcrab.vis.ui.widget.file.FileChooser#driveCheckerService	sge.visui.widget.file.FileChooser#driveCheckerService	Renamed	-	com/kotcrab/vis/ui/widget/file/FileChooser.java	98	ebfaabb8516d3b44	vis=private
member	com.kotcrab.vis.ui.widget.file.FileChooser#fadeOut(float)	sge.visui.widget.file.FileChooser#fadeOut(float)	Renamed	-	com/kotcrab/vis/ui/widget/file/FileChooser.java	738	2ae0cea7f548dca0	
member	com.kotcrab.vis.ui.widget.file.FileChooser#favoriteFolderButton	sge.visui.widget.file.FileChooser#favoriteFolderButton	Renamed	-	com/kotcrab/vis/ui/widget/file/FileChooser.java	148	417fa4807c22b026	vis=private
member	com.kotcrab.vis.ui.widget.file.FileChooser#favoriteFolderButtonTooltip	sge.visui.widget.file.FileChooser#favoriteFolderButtonTooltip	Renamed	-	com/kotcrab/vis/ui/widget/file/FileChooser.java	150	b895f8ce2db9231e	vis=private
member	com.kotcrab.vis.ui.widget.file.FileChooser#favorites	sge.visui.widget.file.FileChooser#favorites	Renamed	-	com/kotcrab/vis/ui/widget/file/FileChooser.java	115	d6a750e66ef674b1	vis=private
member	com.kotcrab.vis.ui.widget.file.FileChooser#fileDeleter	sge.visui.widget.file.FileChooser#fileDeleter	Renamed	-	com/kotcrab/vis/ui/widget/file/FileChooser.java	93	eec74f2899a60dae	vis=private
member	com.kotcrab.vis.ui.widget.file.FileChooser#fileFilter	sge.visui.widget.file.FileChooser#fileFilter	Renamed	-	com/kotcrab/vis/ui/widget/file/FileChooser.java	92	0cfce8e5edcfb6d3	vis=private
member	com.kotcrab.vis.ui.widget.file.FileChooser#fileListAdapter	sge.visui.widget.file.FileChooser#fileListAdapter	Renamed	-	com/kotcrab/vis/ui/widget/file/FileChooser.java	121	12fcc76e6c22d3bf	vis=private
member	com.kotcrab.vis.ui.widget.file.FileChooser#fileListBusyBar	sge.visui.widget.file.FileChooser#fileListBusyBar	Renamed	-	com/kotcrab/vis/ui/widget/file/FileChooser.java	146	fcb97d8d7fdf3ea4	vis=private
member	com.kotcrab.vis.ui.widget.file.FileChooser#fileListView	sge.visui.widget.file.FileChooser#fileListView	Renamed	-	com/kotcrab/vis/ui/widget/file/FileChooser.java	144	4b3496a7ed771a97	vis=private
member	com.kotcrab.vis.ui.widget.file.FileChooser#fileMenu	sge.visui.widget.file.FileChooser#fileMenu	Renamed	-	com/kotcrab/vis/ui/widget/file/FileChooser.java	156	20f53c3dfbfecb67	vis=private
member	com.kotcrab.vis.ui.widget.file.FileChooser#fileNameSuggestionPopup	sge.visui.widget.file.FileChooser#fileNameSuggestionPopup	Renamed	-	com/kotcrab/vis/ui/widget/file/FileChooser.java	157	69e0de1c0a8a4336	vis=private
member	com.kotcrab.vis.ui.widget.file.FileChooser#fileTypeFilter	sge.visui.widget.file.FileChooser#fileTypeFilter	Renamed	-	com/kotcrab/vis/ui/widget/file/FileChooser.java	94	a760be3023bda5f7	vis=private
member	com.kotcrab.vis.ui.widget.file.FileChooser#fileTypeLabel	sge.visui.widget.file.FileChooser#fileTypeLabel	Renamed	-	com/kotcrab/vis/ui/widget/file/FileChooser.java	159	a978830fbff06d2a	vis=private
member	com.kotcrab.vis.ui.widget.file.FileChooser#fileTypeSelectBox	sge.visui.widget.file.FileChooser#fileTypeSelectBox	Renamed	-	com/kotcrab/vis/ui/widget/file/FileChooser.java	153	c3661429cab096b8	vis=private
member	com.kotcrab.vis.ui.widget.file.FileChooser#fileWatcherThread	sge.visui.widget.file.FileChooser#fileWatcherThread	Renamed	-	com/kotcrab/vis/ui/widget/file/FileChooser.java	127	efab7529d5f3ca3e	vis=private
member	com.kotcrab.vis.ui.widget.file.FileChooser#filesListRebuildScheduled	sge.visui.widget.file.FileChooser#filesListRebuildScheduled	Renamed	-	com/kotcrab/vis/ui/widget/file/FileChooser.java	129	166c5cbc3ed29a7b	vis=private
member	com.kotcrab.vis.ui.widget.file.FileChooser#focusFileScrollPaneOnShow	sge.visui.widget.file.FileChooser#focusFileScrollPaneOnShow	Renamed	-	com/kotcrab/vis/ui/widget/file/FileChooser.java	83	c2ef537438983259	placement=companion
member	com.kotcrab.vis.ui.widget.file.FileChooser#focusSelectedFileTextFieldOnShow	sge.visui.widget.file.FileChooser#focusSelectedFileTextFieldOnShow	Renamed	-	com/kotcrab/vis/ui/widget/file/FileChooser.java	84	d248ef4ddc3d86c3	placement=companion
member	com.kotcrab.vis.ui.widget.file.FileChooser#getActiveFileTypeFilterRule()	sge.visui.widget.file.FileChooser#getActiveFileTypeFilterRule()	Renamed	-	com/kotcrab/vis/ui/widget/file/FileChooser.java	1252	b2d8d3f4e861cb2a	
member	com.kotcrab.vis.ui.widget.file.FileChooser#getChooserStage()	sge.visui.widget.file.FileChooser#getChooserStage()	Renamed	-	com/kotcrab/vis/ui/widget/file/FileChooser.java	1385	07ae239e9f137ea0	vis=private
member	com.kotcrab.vis.ui.widget.file.FileChooser#getChooserStyle()	sge.visui.widget.file.FileChooser#getChooserStyle()	Renamed	-	com/kotcrab/vis/ui/widget/file/FileChooser.java	1377	108328f42b4611c4	
member	com.kotcrab.vis.ui.widget.file.FileChooser#getCurrentDirectory()	sge.visui.widget.file.FileChooser#getCurrentDirectory()	Renamed	-	com/kotcrab/vis/ui/widget/file/FileChooser.java	1195	8e4c049a3923de4c	
member	com.kotcrab.vis.ui.widget.file.FileChooser#getDefaultStartingDirectory()	sge.visui.widget.file.FileChooser#getDefaultStartingDirectory()	Renamed	-	com/kotcrab/vis/ui/widget/file/FileChooser.java	1199	ae817f21602fe27d	vis=private
member	com.kotcrab.vis.ui.widget.file.FileChooser#getFileFilter()	sge.visui.widget.file.FileChooser#getFileFilter()	Renamed	-	com/kotcrab/vis/ui/widget/file/FileChooser.java	1223	525431ea22d5d242	
member	com.kotcrab.vis.ui.widget.file.FileChooser#getFileListFromSelected()	sge.visui.widget.file.FileChooser#getFileListFromSelected()	Renamed	-	com/kotcrab/vis/ui/widget/file/FileChooser.java	754	fa955bf632721d8a	vis=private
member	com.kotcrab.vis.ui.widget.file.FileChooser#getGroupMultiSelectKey()	sge.visui.widget.file.FileChooser#getGroupMultiSelectKey()	Renamed	-	com/kotcrab/vis/ui/widget/file/FileChooser.java	1354	fa4050f4c38cf908	
member	com.kotcrab.vis.ui.widget.file.FileChooser#getIconProvider()	sge.visui.widget.file.FileChooser#getIconProvider()	Renamed	-	com/kotcrab/vis/ui/widget/file/FileChooser.java	1562	60d112bd1fe4459a	
member	com.kotcrab.vis.ui.widget.file.FileChooser#getMode()	sge.visui.widget.file.FileChooser#getMode()	Renamed	-	com/kotcrab/vis/ui/widget/file/FileChooser.java	1141	0e722b8e1b32ec66	
member	com.kotcrab.vis.ui.widget.file.FileChooser#getMultiSelectKey()	sge.visui.widget.file.FileChooser#getMultiSelectKey()	Renamed	-	com/kotcrab/vis/ui/widget/file/FileChooser.java	1345	c359dd25dc5a634c	
member	com.kotcrab.vis.ui.widget.file.FileChooser#getSelectionMode()	sge.visui.widget.file.FileChooser#getSelectionMode()	Renamed	-	com/kotcrab/vis/ui/widget/file/FileChooser.java	1256	f9e0978a7c563a91	
member	com.kotcrab.vis.ui.widget.file.FileChooser#getSizes()	sge.visui.widget.file.FileChooser#getSizes()	Renamed	-	com/kotcrab/vis/ui/widget/file/FileChooser.java	1381	47750fcfd37a142e	
member	com.kotcrab.vis.ui.widget.file.FileChooser#getSorting()	sge.visui.widget.file.FileChooser#getSorting()	Renamed	-	com/kotcrab/vis/ui/widget/file/FileChooser.java	1283	4e953d01f0305771	
member	com.kotcrab.vis.ui.widget.file.FileChooser#getViewMode()	sge.visui.widget.file.FileChooser#getViewMode()	Renamed	-	com/kotcrab/vis/ui/widget/file/FileChooser.java	1151	56a19c99391c3369	
member	com.kotcrab.vis.ui.widget.file.FileChooser#groupMultiSelectKey	sge.visui.widget.file.FileChooser#groupMultiSelectKey	Renamed	-	com/kotcrab/vis/ui/widget/file/FileChooser.java	111	edc9141ed7a4662a	vis=private
member	com.kotcrab.vis.ui.widget.file.FileChooser#highlightFiles(Array)	sge.visui.widget.file.FileChooser#highlightFiles(Array<FileHandle>)	Renamed	-	com/kotcrab/vis/ui/widget/file/FileChooser.java	1069	b6ee9d3f2ca7ca13	
member	com.kotcrab.vis.ui.widget.file.FileChooser#historyManager	sge.visui.widget.file.FileChooser#historyManager	Renamed	-	com/kotcrab/vis/ui/widget/file/FileChooser.java	131	f592d7c4d93d7b86	vis=private
member	com.kotcrab.vis.ui.widget.file.FileChooser#iconProvider	sge.visui.widget.file.FileChooser#iconProvider	Renamed	-	com/kotcrab/vis/ui/widget/file/FileChooser.java	96	37edeb35579c36b3	vis=private
member	com.kotcrab.vis.ui.widget.file.FileChooser#init(FileHandle)	sge.visui.widget.file.FileChooser#init(FileHandle)	Renamed	-	com/kotcrab/vis/ui/widget/file/FileChooser.java	222	33fb2da116a1ea58	vis=private
member	com.kotcrab.vis.ui.widget.file.FileChooser#invalidateChildHierarchy(WidgetGroup)	sge.visui.widget.file.FileChooser#invalidateChildHierarchy(WidgetGroup)	Renamed	-	com/kotcrab/vis/ui/widget/file/FileChooser.java	500	e40d38d391e2c2f7	vis=private
member	com.kotcrab.vis.ui.widget.file.FileChooser#isFavoriteFolderButtonVisible()	sge.visui.widget.file.FileChooser#isFavoriteFolderButtonVisible()	Renamed	-	com/kotcrab/vis/ui/widget/file/FileChooser.java	1311	740393c351518930	
member	com.kotcrab.vis.ui.widget.file.FileChooser#isGroupMultiSelectKeyPressed()	sge.visui.widget.file.FileChooser#isGroupMultiSelectKeyPressed()	Renamed	-	com/kotcrab/vis/ui/widget/file/FileChooser.java	1370	a2f7ccabc594d17b	vis=private
member	com.kotcrab.vis.ui.widget.file.FileChooser#isMultiSelectKeyPressed()	sge.visui.widget.file.FileChooser#isMultiSelectKeyPressed()	Renamed	-	com/kotcrab/vis/ui/widget/file/FileChooser.java	1363	60cc419357c156fa	vis=private
member	com.kotcrab.vis.ui.widget.file.FileChooser#isMultiSelectionEnabled()	sge.visui.widget.file.FileChooser#isMultiSelectionEnabled()	Renamed	-	com/kotcrab/vis/ui/widget/file/FileChooser.java	1323	cde69a58b0864535	
member	com.kotcrab.vis.ui.widget.file.FileChooser#isSaveLastDirectory()	sge.visui.widget.file.FileChooser#isSaveLastDirectory()	Renamed	-	com/kotcrab/vis/ui/widget/file/FileChooser.java	1566	df8de020421c8113	placement=companion
member	com.kotcrab.vis.ui.widget.file.FileChooser#isShowSelectionCheckboxes()	sge.visui.widget.file.FileChooser#isShowSelectionCheckboxes()	Renamed	-	com/kotcrab/vis/ui/widget/file/FileChooser.java	1336	63a612cbdd65849d	
member	com.kotcrab.vis.ui.widget.file.FileChooser#isSortingOrderAscending()	sge.visui.widget.file.FileChooser#isSortingOrderAscending()	Renamed	-	com/kotcrab/vis/ui/widget/file/FileChooser.java	1298	6bc8e225d2360c5b	
member	com.kotcrab.vis.ui.widget.file.FileChooser#isViewModeButtonVisible()	sge.visui.widget.file.FileChooser#isViewModeButtonVisible()	Renamed	-	com/kotcrab/vis/ui/widget/file/FileChooser.java	1319	93c9b052848ab41c	
member	com.kotcrab.vis.ui.widget.file.FileChooser#listDirExecutor	sge.visui.widget.file.FileChooser#listDirExecutor	Renamed	-	com/kotcrab/vis/ui/widget/file/FileChooser.java	102	a3a01fc1c78c1f99	vis=private
member	com.kotcrab.vis.ui.widget.file.FileChooser#listDirFuture	sge.visui.widget.file.FileChooser#listDirFuture	Renamed	-	com/kotcrab/vis/ui/widget/file/FileChooser.java	103	90bd0fcab45eeec3	vis=private
member	com.kotcrab.vis.ui.widget.file.FileChooser#listFilteredCurrentDirectory()	sge.visui.widget.file.FileChooser#listFilteredCurrentDirectory()	Renamed	-	com/kotcrab/vis/ui/widget/file/FileChooser.java	1204	5fbefdcbd552fce3	vis=private
member	com.kotcrab.vis.ui.widget.file.FileChooser#listener	sge.visui.widget.file.FileChooser#listener	Renamed	-	com/kotcrab/vis/ui/widget/file/FileChooser.java	91	46f030fc7bfbcd8e	vis=private
member	com.kotcrab.vis.ui.widget.file.FileChooser#mainSplitPane	sge.visui.widget.file.FileChooser#mainSplitPane	Renamed	-	com/kotcrab/vis/ui/widget/file/FileChooser.java	138	d3adc5610cfcf464	vis=private
member	com.kotcrab.vis.ui.widget.file.FileChooser#maxDateLabelWidth	sge.visui.widget.file.FileChooser#maxDateLabelWidth	Renamed	-	com/kotcrab/vis/ui/widget/file/FileChooser.java	145	affbf8a4ad173068	vis=private
member	com.kotcrab.vis.ui.widget.file.FileChooser#mode	sge.visui.widget.file.FileChooser#mode	Renamed	-	com/kotcrab/vis/ui/widget/file/FileChooser.java	86	8af399898383b168	vis=private
member	com.kotcrab.vis.ui.widget.file.FileChooser#multiSelectKey	sge.visui.widget.file.FileChooser#multiSelectKey	Renamed	-	com/kotcrab/vis/ui/widget/file/FileChooser.java	112	65bb4288812ed2f9	vis=private
member	com.kotcrab.vis.ui.widget.file.FileChooser#multiSelectionEnabled	sge.visui.widget.file.FileChooser#multiSelectionEnabled	Renamed	-	com/kotcrab/vis/ui/widget/file/FileChooser.java	110	a9ce04a5128cd305	vis=private
member	com.kotcrab.vis.ui.widget.file.FileChooser#notifyListenerAndCloseDialog(Array)	sge.visui.widget.file.FileChooser#notifyListenerAndCloseDialog(Array<FileHandle>)	Renamed	-	com/kotcrab/vis/ui/widget/file/FileChooser.java	714	f7e6a66f725d7f84	vis=private
member	com.kotcrab.vis.ui.widget.file.FileChooser#preferencesIO	sge.visui.widget.file.FileChooser#preferencesIO	Renamed	-	com/kotcrab/vis/ui/widget/file/FileChooser.java	114	cfd6a5299fddefdf	vis=private
member	com.kotcrab.vis.ui.widget.file.FileChooser#rebuildFileList()	sge.visui.widget.file.FileChooser#rebuildFileList()	Renamed	-	com/kotcrab/vis/ui/widget/file/FileChooser.java	873	2e0c867367f48c96	vis=private
member	com.kotcrab.vis.ui.widget.file.FileChooser#rebuildFileList(boolean)	sge.visui.widget.file.FileChooser#rebuildFileList(boolean)	Renamed	-	com/kotcrab/vis/ui/widget/file/FileChooser.java	877	01b89e2a158e6c61	vis=private
member	com.kotcrab.vis.ui.widget.file.FileChooser#rebuildFileRootsCache()	sge.visui.widget.file.FileChooser#rebuildFileRootsCache()	Renamed	-	com/kotcrab/vis/ui/widget/file/FileChooser.java	838	93b4052d8f6ae18a	vis=private
member	com.kotcrab.vis.ui.widget.file.FileChooser#rebuildShortcutsFavoritesPanel()	sge.visui.widget.file.FileChooser#rebuildShortcutsFavoritesPanel()	Renamed	-	com/kotcrab/vis/ui/widget/file/FileChooser.java	865	03f64e36c7ce8ac1	vis=private
member	com.kotcrab.vis.ui.widget.file.FileChooser#rebuildShortcutsList()	sge.visui.widget.file.FileChooser#rebuildShortcutsList()	Renamed	-	com/kotcrab/vis/ui/widget/file/FileChooser.java	833	3df1f6e8cd04bbb2	vis=private
member	com.kotcrab.vis.ui.widget.file.FileChooser#rebuildShortcutsList(boolean)	sge.visui.widget.file.FileChooser#rebuildShortcutsList(boolean)	Renamed	-	com/kotcrab/vis/ui/widget/file/FileChooser.java	818	9ab32b7a96967ee2	vis=private
member	com.kotcrab.vis.ui.widget.file.FileChooser#rebuildViewModePopupMenu()	sge.visui.widget.file.FileChooser#rebuildViewModePopupMenu()	Renamed	-	com/kotcrab/vis/ui/widget/file/FileChooser.java	424	9b286f25151c19df	vis=private
member	com.kotcrab.vis.ui.widget.file.FileChooser#recentDirectories	sge.visui.widget.file.FileChooser#recentDirectories	Renamed	-	com/kotcrab/vis/ui/widget/file/FileChooser.java	116	41f76dbd7eedd926	vis=private
member	com.kotcrab.vis.ui.widget.file.FileChooser#refresh()	sge.visui.widget.file.FileChooser#refresh()	Renamed	-	com/kotcrab/vis/ui/widget/file/FileChooser.java	990	d9133982e5d382fa	
member	com.kotcrab.vis.ui.widget.file.FileChooser#refresh(boolean)	sge.visui.widget.file.FileChooser#refresh(boolean)	Renamed	-	com/kotcrab/vis/ui/widget/file/FileChooser.java	994	a09ed84a14663e54	vis=private
member	com.kotcrab.vis.ui.widget.file.FileChooser#reloadPreferences(boolean)	sge.visui.widget.file.FileChooser#reloadPreferences(boolean)	Renamed	-	com/kotcrab/vis/ui/widget/file/FileChooser.java	1405	227c0fd15a281903	vis=private
member	com.kotcrab.vis.ui.widget.file.FileChooser#removeFavorite(FileHandle)	sge.visui.widget.file.FileChooser#removeFavorite(FileHandle)	Renamed	-	com/kotcrab/vis/ui/widget/file/FileChooser.java	1016	c5fecd5b5e5923fd	
member	com.kotcrab.vis.ui.widget.file.FileChooser#removeInvalidSelections()	sge.visui.widget.file.FileChooser#removeInvalidSelections()	Renamed	-	com/kotcrab/vis/ui/widget/file/FileChooser.java	1115	4a5fb2ceef3e814c	vis=private
member	com.kotcrab.vis.ui.widget.file.FileChooser#saveLastDirectory	sge.visui.widget.file.FileChooser#saveLastDirectory	Renamed	-	com/kotcrab/vis/ui/widget/file/FileChooser.java	81	7dc45e24c25965ad	placement=companion vis=private
member	com.kotcrab.vis.ui.widget.file.FileChooser#selectAll()	sge.visui.widget.file.FileChooser#selectAll()	Renamed	-	com/kotcrab/vis/ui/widget/file/FileChooser.java	1057	13ac89cd4cfe54db	vis=private
member	com.kotcrab.vis.ui.widget.file.FileChooser#selectedFileTextField	sge.visui.widget.file.FileChooser#selectedFileTextField	Renamed	-	com/kotcrab/vis/ui/widget/file/FileChooser.java	152	25b42193aa2065eb	vis=private
member	com.kotcrab.vis.ui.widget.file.FileChooser#selectedItems	sge.visui.widget.file.FileChooser#selectedItems	Renamed	-	com/kotcrab/vis/ui/widget/file/FileChooser.java	122	41386fb60ff9f33b	vis=private
member	com.kotcrab.vis.ui.widget.file.FileChooser#selectedShortcut	sge.visui.widget.file.FileChooser#selectedShortcut	Renamed	-	com/kotcrab/vis/ui/widget/file/FileChooser.java	123	9cda3210ae9828b3	vis=private
member	com.kotcrab.vis.ui.widget.file.FileChooser#selectionFinished()	sge.visui.widget.file.FileChooser#selectionFinished()	Renamed	-	com/kotcrab/vis/ui/widget/file/FileChooser.java	664	e1c6a1c2f561a48d	vis=private
member	com.kotcrab.vis.ui.widget.file.FileChooser#selectionMode	sge.visui.widget.file.FileChooser#selectionMode	Renamed	-	com/kotcrab/vis/ui/widget/file/FileChooser.java	88	e2b48ce8cb4a809e	vis=private
member	com.kotcrab.vis.ui.widget.file.FileChooser#setCurrentPathFieldText(String)	sge.visui.widget.file.FileChooser#setCurrentPathFieldText(String)	Renamed	-	com/kotcrab/vis/ui/widget/file/FileChooser.java	512	1294f693147d3de4	vis=private
member	com.kotcrab.vis.ui.widget.file.FileChooser#setDefaultFileName(String)	sge.visui.widget.file.FileChooser#setDefaultFileName(String)	Renamed	-	com/kotcrab/vis/ui/widget/file/FileChooser.java	985	81c6ba5a6819fda2	
member	com.kotcrab.vis.ui.widget.file.FileChooser#setDefaultPrefsName(String)	sge.visui.widget.file.FileChooser#setDefaultPrefsName(String)	Renamed	-	com/kotcrab/vis/ui/widget/file/FileChooser.java	212	4e43b468cd62e255	placement=companion
member	com.kotcrab.vis.ui.widget.file.FileChooser#setDirectory(File)	sge.visui.widget.file.FileChooser#setDirectory(File)	Renamed	-	com/kotcrab/vis/ui/widget/file/FileChooser.java	1166	2dea69b147f3de17	
member	com.kotcrab.vis.ui.widget.file.FileChooser#setDirectory(FileHandle)	sge.visui.widget.file.FileChooser#setDirectory(FileHandle)	Renamed	-	com/kotcrab/vis/ui/widget/file/FileChooser.java	1170	b7ccccd33015777e	
member	com.kotcrab.vis.ui.widget.file.FileChooser#setDirectory(FileHandle,HistoryPolicy)	sge.visui.widget.file.FileChooser#setDirectory(FileHandle,HistoryPolicy)	Renamed	-	com/kotcrab/vis/ui/widget/file/FileChooser.java	1180	46e739e90540912b	
member	com.kotcrab.vis.ui.widget.file.FileChooser#setDirectory(String)	sge.visui.widget.file.FileChooser#setDirectory(String)	Renamed	-	com/kotcrab/vis/ui/widget/file/FileChooser.java	1162	65070957f19a9efb	
member	com.kotcrab.vis.ui.widget.file.FileChooser#setFavoriteFolderButtonVisible(boolean)	sge.visui.widget.file.FileChooser#setFavoriteFolderButtonVisible(boolean)	Renamed	-	com/kotcrab/vis/ui/widget/file/FileChooser.java	1307	bad40099a0932900	
member	com.kotcrab.vis.ui.widget.file.FileChooser#setFavoritesPrefsName(String)	sge.visui.widget.file.FileChooser#setFavoritesPrefsName(String)	Renamed	-	com/kotcrab/vis/ui/widget/file/FileChooser.java	218	eb93a2b343ffffdc	placement=companion
member	com.kotcrab.vis.ui.widget.file.FileChooser#setFileDeleter(FileDeleter)	sge.visui.widget.file.FileChooser#setFileDeleter(FileDeleter)	Renamed	-	com/kotcrab/vis/ui/widget/file/FileChooser.java	1551	6681b5b5a99f1043	
member	com.kotcrab.vis.ui.widget.file.FileChooser#setFileFilter(FileFilter)	sge.visui.widget.file.FileChooser#setFileFilter(FileFilter)	Renamed	-	com/kotcrab/vis/ui/widget/file/FileChooser.java	1227	62334d08d5d9d62c	
member	com.kotcrab.vis.ui.widget.file.FileChooser#setFileTypeFilter(FileTypeFilter)	sge.visui.widget.file.FileChooser#setFileTypeFilter(FileTypeFilter)	Renamed	-	com/kotcrab/vis/ui/widget/file/FileChooser.java	1237	a02f03db006cc2ca	
member	com.kotcrab.vis.ui.widget.file.FileChooser#setGroupMultiSelectKey(int)	sge.visui.widget.file.FileChooser#setGroupMultiSelectKey(int)	Renamed	-	com/kotcrab/vis/ui/widget/file/FileChooser.java	1359	ba8925153d17cd2d	
member	com.kotcrab.vis.ui.widget.file.FileChooser#setIconProvider(FileIconProvider)	sge.visui.widget.file.FileChooser#setIconProvider(FileIconProvider)	Renamed	-	com/kotcrab/vis/ui/widget/file/FileChooser.java	1557	8c9caf77c0fb5f80	
member	com.kotcrab.vis.ui.widget.file.FileChooser#setListener(FileChooserListener)	sge.visui.widget.file.FileChooser#setListener(FileChooserListener)	Renamed	-	com/kotcrab/vis/ui/widget/file/FileChooser.java	1331	2deb1ea85f4fdc5e	
member	com.kotcrab.vis.ui.widget.file.FileChooser#setMode(Mode)	sge.visui.widget.file.FileChooser#setMode(Mode)	Renamed	-	com/kotcrab/vis/ui/widget/file/FileChooser.java	1145	d841eb6c65f238b2	
member	com.kotcrab.vis.ui.widget.file.FileChooser#setMultiSelectKey(int)	sge.visui.widget.file.FileChooser#setMultiSelectKey(int)	Renamed	-	com/kotcrab/vis/ui/widget/file/FileChooser.java	1350	104c3383b79175db	
member	com.kotcrab.vis.ui.widget.file.FileChooser#setMultiSelectionEnabled(boolean)	sge.visui.widget.file.FileChooser#setMultiSelectionEnabled(boolean)	Renamed	-	com/kotcrab/vis/ui/widget/file/FileChooser.java	1327	9180e9f57e393b3b	
member	com.kotcrab.vis.ui.widget.file.FileChooser#setPrefsName(String)	sge.visui.widget.file.FileChooser#setPrefsName(String)	Renamed	-	com/kotcrab/vis/ui/widget/file/FileChooser.java	1400	e92752b45792eb8e	
member	com.kotcrab.vis.ui.widget.file.FileChooser#setSaveLastDirectory(boolean)	sge.visui.widget.file.FileChooser#setSaveLastDirectory(boolean)	Renamed	-	com/kotcrab/vis/ui/widget/file/FileChooser.java	1575	459b733faf270647	placement=companion
member	com.kotcrab.vis.ui.widget.file.FileChooser#setSelectedFiles(Array)	sge.visui.widget.file.FileChooser#setSelectedFiles(Array<FileHandle>)	Renamed	-	com/kotcrab/vis/ui/widget/file/FileChooser.java	958	3a75ae4aab5d9c09	
member	com.kotcrab.vis.ui.widget.file.FileChooser#setSelectionMode(SelectionMode)	sge.visui.widget.file.FileChooser#setSelectionMode(SelectionMode)	Renamed	-	com/kotcrab/vis/ui/widget/file/FileChooser.java	1264	c904e50c351883cc	
member	com.kotcrab.vis.ui.widget.file.FileChooser#setShowSelectionCheckboxes(boolean)	sge.visui.widget.file.FileChooser#setShowSelectionCheckboxes(boolean)	Renamed	-	com/kotcrab/vis/ui/widget/file/FileChooser.java	1340	301ca2d14c9edb9d	
member	com.kotcrab.vis.ui.widget.file.FileChooser#setSorting(FileSorting)	sge.visui.widget.file.FileChooser#setSorting(FileSorting)	Renamed	-	com/kotcrab/vis/ui/widget/file/FileChooser.java	1293	801d7765a1f5c6ab	
member	com.kotcrab.vis.ui.widget.file.FileChooser#setSorting(FileSorting,boolean)	sge.visui.widget.file.FileChooser#setSorting(FileSorting,boolean)	Renamed	-	com/kotcrab/vis/ui/widget/file/FileChooser.java	1287	fb3c87267c9f440b	
member	com.kotcrab.vis.ui.widget.file.FileChooser#setSortingOrderAscending(boolean)	sge.visui.widget.file.FileChooser#setSortingOrderAscending(boolean)	Renamed	-	com/kotcrab/vis/ui/widget/file/FileChooser.java	1302	a8470352f50bdf11	
member	com.kotcrab.vis.ui.widget.file.FileChooser#setStage(Stage)	sge.visui.widget.file.FileChooser#setStage(Stage)	Renamed	-	com/kotcrab/vis/ui/widget/file/FileChooser.java	1420	94a915bde8827bf4	
member	com.kotcrab.vis.ui.widget.file.FileChooser#setViewMode(ViewMode)	sge.visui.widget.file.FileChooser#setViewMode(ViewMode)	Renamed	-	com/kotcrab/vis/ui/widget/file/FileChooser.java	1155	df271ec70ddd457d	
member	com.kotcrab.vis.ui.widget.file.FileChooser#setViewModeButtonVisible(boolean)	sge.visui.widget.file.FileChooser#setViewModeButtonVisible(boolean)	Renamed	-	com/kotcrab/vis/ui/widget/file/FileChooser.java	1315	242a624203f000df	
member	com.kotcrab.vis.ui.widget.file.FileChooser#setVisible(boolean)	sge.visui.widget.file.FileChooser#setVisible(boolean)	Renamed	-	com/kotcrab/vis/ui/widget/file/FileChooser.java	1038	d8e0d9cd85d96306	
member	com.kotcrab.vis.ui.widget.file.FileChooser#setWatchingFilesEnabled(boolean)	sge.visui.widget.file.FileChooser#setWatchingFilesEnabled(boolean)	Renamed	-	com/kotcrab/vis/ui/widget/file/FileChooser.java	1393	5055bfefa83fc690	
member	com.kotcrab.vis.ui.widget.file.FileChooser#setupDefaultScrollPane(VisScrollPane)	sge.visui.widget.file.FileChooser#setupDefaultScrollPane(VisScrollPane)	Renamed	-	com/kotcrab/vis/ui/widget/file/FileChooser.java	746	392dfe3c4b83cf23	
member	com.kotcrab.vis.ui.widget.file.FileChooser#shortcutsFavoritesPanel	sge.visui.widget.file.FileChooser#shortcutsFavoritesPanel	Renamed	-	com/kotcrab/vis/ui/widget/file/FileChooser.java	143	3d88af180dfc36bc	vis=private
member	com.kotcrab.vis.ui.widget.file.FileChooser#shortcutsListRebuildScheduled	sge.visui.widget.file.FileChooser#shortcutsListRebuildScheduled	Renamed	-	com/kotcrab/vis/ui/widget/file/FileChooser.java	128	80891b455d69b9be	vis=private
member	com.kotcrab.vis.ui.widget.file.FileChooser#shortcutsMainPanel	sge.visui.widget.file.FileChooser#shortcutsMainPanel	Renamed	-	com/kotcrab/vis/ui/widget/file/FileChooser.java	141	427c653296f9da22	vis=private
member	com.kotcrab.vis.ui.widget.file.FileChooser#shortcutsRootsPanel	sge.visui.widget.file.FileChooser#shortcutsRootsPanel	Renamed	-	com/kotcrab/vis/ui/widget/file/FileChooser.java	142	97cc2159fa7062ab	vis=private
member	com.kotcrab.vis.ui.widget.file.FileChooser#shortcutsTable	sge.visui.widget.file.FileChooser#shortcutsTable	Renamed	-	com/kotcrab/vis/ui/widget/file/FileChooser.java	140	1c67348ed8fe5394	vis=private
member	com.kotcrab.vis.ui.widget.file.FileChooser#showBusyBarTask	sge.visui.widget.file.FileChooser#showBusyBarTask	Renamed	-	com/kotcrab/vis/ui/widget/file/FileChooser.java	104	41aa92db31cd94fb	vis=private
member	com.kotcrab.vis.ui.widget.file.FileChooser#showDialog(String)	sge.visui.widget.file.FileChooser#showDialog(String)	Renamed	-	com/kotcrab/vis/ui/widget/file/FileChooser.java	804	75189a7ba2877cf5	vis=private
member	com.kotcrab.vis.ui.widget.file.FileChooser#showFileDeleteDialog(FileHandle)	sge.visui.widget.file.FileChooser#showFileDeleteDialog(FileHandle)	Renamed	-	com/kotcrab/vis/ui/widget/file/FileChooser.java	1525	99b30ecc468f8c37	vis=private
member	com.kotcrab.vis.ui.widget.file.FileChooser#showNewDirectoryDialog()	sge.visui.widget.file.FileChooser#showNewDirectoryDialog()	Renamed	-	com/kotcrab/vis/ui/widget/file/FileChooser.java	1501	3ee781145e87d3b7	vis=private
member	com.kotcrab.vis.ui.widget.file.FileChooser#showOverwriteQuestion(Array)	sge.visui.widget.file.FileChooser#showOverwriteQuestion(Array<FileHandle>)	Renamed	-	com/kotcrab/vis/ui/widget/file/FileChooser.java	808	d04b9fdd749741fe	vis=private
member	com.kotcrab.vis.ui.widget.file.FileChooser#showSelectionCheckboxes	sge.visui.widget.file.FileChooser#showSelectionCheckboxes	Renamed	-	com/kotcrab/vis/ui/widget/file/FileChooser.java	108	537fb0483b57a1fe	vis=private
member	com.kotcrab.vis.ui.widget.file.FileChooser#sizes	sge.visui.widget.file.FileChooser#sizes	Renamed	-	com/kotcrab/vis/ui/widget/file/FileChooser.java	136	c32d3f187262a6cf	vis=private
member	com.kotcrab.vis.ui.widget.file.FileChooser#sorting	sge.visui.widget.file.FileChooser#sorting	Renamed	-	com/kotcrab/vis/ui/widget/file/FileChooser.java	89	b9e8352ead925bbf	vis=private
member	com.kotcrab.vis.ui.widget.file.FileChooser#sortingOrderAscending	sge.visui.widget.file.FileChooser#sortingOrderAscending	Renamed	-	com/kotcrab/vis/ui/widget/file/FileChooser.java	90	bf6d6a6aa3272e91	vis=private
member	com.kotcrab.vis.ui.widget.file.FileChooser#startFileWatcher()	sge.visui.widget.file.FileChooser#startFileWatcher()	Renamed	-	com/kotcrab/vis/ui/widget/file/FileChooser.java	1445	b1d1b554650ec178	vis=private
member	com.kotcrab.vis.ui.widget.file.FileChooser#stopFileWatcher()	sge.visui.widget.file.FileChooser#stopFileWatcher()	Renamed	-	com/kotcrab/vis/ui/widget/file/FileChooser.java	1495	acd638a8d9c1233f	vis=private
member	com.kotcrab.vis.ui.widget.file.FileChooser#style	sge.visui.widget.file.FileChooser#style	Renamed	-	com/kotcrab/vis/ui/widget/file/FileChooser.java	134	a481b5ec03b7d8a7	name=style$shadow
member	com.kotcrab.vis.ui.widget.file.FileChooser#tmpVector	sge.visui.widget.file.FileChooser#tmpVector	Renamed	-	com/kotcrab/vis/ui/widget/file/FileChooser.java	79	be8dda2052a87fa2	placement=companion vis=private
member	com.kotcrab.vis.ui.widget.file.FileChooser#updateFavoriteFolderButton()	sge.visui.widget.file.FileChooser#updateFavoriteFolderButton()	Renamed	-	com/kotcrab/vis/ui/widget/file/FileChooser.java	437	4efcee453362e354	vis=private
member	com.kotcrab.vis.ui.widget.file.FileChooser#updateFileTypeSelectBox()	sge.visui.widget.file.FileChooser#updateFileTypeSelectBox()	Renamed	-	com/kotcrab/vis/ui/widget/file/FileChooser.java	571	1a8a346f5631e5cf	vis=private
member	com.kotcrab.vis.ui.widget.file.FileChooser#updateSelectedFileFieldText()	sge.visui.widget.file.FileChooser#updateSelectedFileFieldText()	Renamed	-	com/kotcrab/vis/ui/widget/file/FileChooser.java	1089	0329718b59b2ffab	vis=private
member	com.kotcrab.vis.ui.widget.file.FileChooser#updateSelectedFileFieldText(boolean)	sge.visui.widget.file.FileChooser#updateSelectedFileFieldText(boolean)	Renamed	-	com/kotcrab/vis/ui/widget/file/FileChooser.java	1093	0814eb48db815f82	vis=private
member	com.kotcrab.vis.ui.widget.file.FileChooser#viewMode	sge.visui.widget.file.FileChooser#viewMode	Renamed	-	com/kotcrab/vis/ui/widget/file/FileChooser.java	87	fe7fbe105ed14e81	vis=private
member	com.kotcrab.vis.ui.widget.file.FileChooser#viewModeButton	sge.visui.widget.file.FileChooser#viewModeButton	Renamed	-	com/kotcrab/vis/ui/widget/file/FileChooser.java	149	0269bc953ba32bc2	vis=private
member	com.kotcrab.vis.ui.widget.file.FileChooser#viewModePopupMenu	sge.visui.widget.file.FileChooser#viewModePopupMenu	Renamed	-	com/kotcrab/vis/ui/widget/file/FileChooser.java	160	afc5fef55632a48f	vis=private
member	com.kotcrab.vis.ui.widget.file.FileChooser#watchingFilesEnabled	sge.visui.widget.file.FileChooser#watchingFilesEnabled	Renamed	-	com/kotcrab/vis/ui/widget/file/FileChooser.java	126	ec5547ba3b6ab37f	vis=private
member	com.kotcrab.vis.ui.widget.file.FileChooser$DefaultFileDeleter#delete(FileHandle)	sge.visui.widget.file.FileChooser$DefaultFileDeleter#delete(FileHandle)	Renamed	-	com/kotcrab/vis/ui/widget/file/FileChooser.java	1786	81ccece142c83734	
member	com.kotcrab.vis.ui.widget.file.FileChooser$DefaultFileDeleter#hasTrash()	sge.visui.widget.file.FileChooser$DefaultFileDeleter#hasTrash()	Renamed	-	com/kotcrab/vis/ui/widget/file/FileChooser.java	1781	2184f9de6f1b1083	
member	com.kotcrab.vis.ui.widget.file.FileChooser$DefaultFileFilter#<stmt1>	sge.visui.widget.file.FileChooser$DefaultFileFilter#<stmt1>	Renamed	-	com/kotcrab/vis/ui/widget/file/FileChooser.java	1749	c495c4e7f8ccc098	
member	com.kotcrab.vis.ui.widget.file.FileChooser$DefaultFileFilter#accept(File)	sge.visui.widget.file.FileChooser$DefaultFileFilter#accept(File)	Renamed	-	com/kotcrab/vis/ui/widget/file/FileChooser.java	1753	583751347d8e343d	
member	com.kotcrab.vis.ui.widget.file.FileChooser$DefaultFileFilter#chooser	sge.visui.widget.file.FileChooser$DefaultFileFilter#chooser	Renamed	-	com/kotcrab/vis/ui/widget/file/FileChooser.java	1745	6e03350478c7c763	
member	com.kotcrab.vis.ui.widget.file.FileChooser$DefaultFileFilter#ignoreChooserSelectionMode	sge.visui.widget.file.FileChooser$DefaultFileFilter#ignoreChooserSelectionMode	Renamed	-	com/kotcrab/vis/ui/widget/file/FileChooser.java	1746	621ba82c024ad1e7	vis=private[FileChooser]
member	com.kotcrab.vis.ui.widget.file.FileChooser$DefaultFileFilter#isIgnoreChooserSelectionMode()	sge.visui.widget.file.FileChooser$DefaultFileFilter#isIgnoreChooserSelectionMode()	Renamed	-	com/kotcrab/vis/ui/widget/file/FileChooser.java	1764	27857cba37d7bbac	
member	com.kotcrab.vis.ui.widget.file.FileChooser$DefaultFileFilter#setIgnoreChooserSelectionMode(boolean)	sge.visui.widget.file.FileChooser$DefaultFileFilter#setIgnoreChooserSelectionMode(boolean)	Renamed	-	com/kotcrab/vis/ui/widget/file/FileChooser.java	1768	e1c3ec6be1a72ce6	
member	com.kotcrab.vis.ui.widget.file.FileChooser$DefaultFileIconProvider#<stmt1>	sge.visui.widget.file.FileChooser$DefaultFileIconProvider#<stmt1>	Renamed	-	com/kotcrab/vis/ui/widget/file/FileChooser.java	1688	c495c4e7f8ccc098	
member	com.kotcrab.vis.ui.widget.file.FileChooser$DefaultFileIconProvider#<stmt2>	sge.visui.widget.file.FileChooser$DefaultFileIconProvider#<stmt2>	Renamed	-	com/kotcrab/vis/ui/widget/file/FileChooser.java	1689	1072b1138df5644a	
member	com.kotcrab.vis.ui.widget.file.FileChooser$DefaultFileIconProvider#chooser	sge.visui.widget.file.FileChooser$DefaultFileIconProvider#chooser	Renamed	-	com/kotcrab/vis/ui/widget/file/FileChooser.java	1684	b39e77c812bc339c	
member	com.kotcrab.vis.ui.widget.file.FileChooser$DefaultFileIconProvider#directoryChanged(FileHandle)	sge.visui.widget.file.FileChooser$DefaultFileIconProvider#directoryChanged(FileHandle)	Renamed	-	com/kotcrab/vis/ui/widget/file/FileChooser.java	1734	5161c692644d8ae8	
member	com.kotcrab.vis.ui.widget.file.FileChooser$DefaultFileIconProvider#getAudioIcon(FileItem)	sge.visui.widget.file.FileChooser$DefaultFileIconProvider#getAudioIcon(FileItem)	Renamed	-	com/kotcrab/vis/ui/widget/file/FileChooser.java	1712	c796338b4fc311ef	
member	com.kotcrab.vis.ui.widget.file.FileChooser$DefaultFileIconProvider#getDefaultIcon(FileItem)	sge.visui.widget.file.FileChooser$DefaultFileIconProvider#getDefaultIcon(FileItem)	Renamed	-	com/kotcrab/vis/ui/widget/file/FileChooser.java	1724	e6d12efa472fd203	
member	com.kotcrab.vis.ui.widget.file.FileChooser$DefaultFileIconProvider#getDirIcon(FileItem)	sge.visui.widget.file.FileChooser$DefaultFileIconProvider#getDirIcon(FileItem)	Renamed	-	com/kotcrab/vis/ui/widget/file/FileChooser.java	1704	f777f370e3628f0b	
member	com.kotcrab.vis.ui.widget.file.FileChooser$DefaultFileIconProvider#getImageIcon(FileItem)	sge.visui.widget.file.FileChooser$DefaultFileIconProvider#getImageIcon(FileItem)	Renamed	-	com/kotcrab/vis/ui/widget/file/FileChooser.java	1708	0628b60b6ea745cb	
member	com.kotcrab.vis.ui.widget.file.FileChooser$DefaultFileIconProvider#getPdfIcon(FileItem)	sge.visui.widget.file.FileChooser$DefaultFileIconProvider#getPdfIcon(FileItem)	Renamed	-	com/kotcrab/vis/ui/widget/file/FileChooser.java	1716	e22c0298b738253e	
member	com.kotcrab.vis.ui.widget.file.FileChooser$DefaultFileIconProvider#getTextIcon(FileItem)	sge.visui.widget.file.FileChooser$DefaultFileIconProvider#getTextIcon(FileItem)	Renamed	-	com/kotcrab/vis/ui/widget/file/FileChooser.java	1720	b616b52a6c8e476d	
member	com.kotcrab.vis.ui.widget.file.FileChooser$DefaultFileIconProvider#isThumbnailModesSupported()	sge.visui.widget.file.FileChooser$DefaultFileIconProvider#isThumbnailModesSupported()	Renamed	-	com/kotcrab/vis/ui/widget/file/FileChooser.java	1729	8ccb1659bb39b8f8	
member	com.kotcrab.vis.ui.widget.file.FileChooser$DefaultFileIconProvider#provideIcon(FileItem)	sge.visui.widget.file.FileChooser$DefaultFileIconProvider#provideIcon(FileItem)	Renamed	-	com/kotcrab/vis/ui/widget/file/FileChooser.java	1693	5176500ce7a4ec5b	
member	com.kotcrab.vis.ui.widget.file.FileChooser$DefaultFileIconProvider#style	sge.visui.widget.file.FileChooser$DefaultFileIconProvider#style	Renamed	-	com/kotcrab/vis/ui/widget/file/FileChooser.java	1685	7831208ae66dd3a6	
member	com.kotcrab.vis.ui.widget.file.FileChooser$DefaultFileIconProvider#viewModeChanged(ViewMode)	sge.visui.widget.file.FileChooser$DefaultFileIconProvider#viewModeChanged(ViewMode)	Renamed	-	com/kotcrab/vis/ui/widget/file/FileChooser.java	1739	3181340d22cd1d32	
member	com.kotcrab.vis.ui.widget.file.FileChooser$FileDeleter#delete(FileHandle)	sge.visui.widget.file.FileChooser$FileDeleter#delete(FileHandle)	Renamed	-	com/kotcrab/vis/ui/widget/file/FileChooser.java	1776	593db0ff8190b4e5	
member	com.kotcrab.vis.ui.widget.file.FileChooser$FileDeleter#hasTrash()	sge.visui.widget.file.FileChooser$FileDeleter#hasTrash()	Renamed	-	com/kotcrab/vis/ui/widget/file/FileChooser.java	1774	16bdffae84bd68df	
member	com.kotcrab.vis.ui.widget.file.FileChooser$FileIconProvider#directoryChanged(FileHandle)	sge.visui.widget.file.FileChooser$FileIconProvider#directoryChanged(FileHandle)	Renamed	-	com/kotcrab/vis/ui/widget/file/FileChooser.java	1678	141999342d3c1ebd	
member	com.kotcrab.vis.ui.widget.file.FileChooser$FileIconProvider#isThumbnailModesSupported()	sge.visui.widget.file.FileChooser$FileIconProvider#isThumbnailModesSupported()	Renamed	-	com/kotcrab/vis/ui/widget/file/FileChooser.java	1676	2cf10d3d900e4864	
member	com.kotcrab.vis.ui.widget.file.FileChooser$FileIconProvider#provideIcon(FileItem)	sge.visui.widget.file.FileChooser$FileIconProvider#provideIcon(FileItem)	Renamed	-	com/kotcrab/vis/ui/widget/file/FileChooser.java	1670	6bde9585a82f8646	
member	com.kotcrab.vis.ui.widget.file.FileChooser$FileIconProvider#viewModeChanged(ViewMode)	sge.visui.widget.file.FileChooser$FileIconProvider#viewModeChanged(ViewMode)	Renamed	-	com/kotcrab/vis/ui/widget/file/FileChooser.java	1680	6c91c152bd6f3d4c	
member	com.kotcrab.vis.ui.widget.file.FileChooser$FileItem#<stmt10>	sge.visui.widget.file.FileChooser$FileItem#<stmt10>	Renamed	-	com/kotcrab/vis/ui/widget/file/FileChooser.java	1836	158a66585a48e655	
member	com.kotcrab.vis.ui.widget.file.FileChooser$FileItem#<stmt11>	sge.visui.widget.file.FileChooser$FileItem#<stmt11>	Renamed	-	com/kotcrab/vis/ui/widget/file/FileChooser.java	1866	fda632fc495d1585	
member	com.kotcrab.vis.ui.widget.file.FileChooser$FileItem#<stmt1>	sge.visui.widget.file.FileChooser$FileItem#<stmt1>	Renamed	-	com/kotcrab/vis/ui/widget/file/FileChooser.java	1817	3c23d45e092571d5	
member	com.kotcrab.vis.ui.widget.file.FileChooser$FileItem#<stmt2>	sge.visui.widget.file.FileChooser$FileItem#<stmt2>	Renamed	-	com/kotcrab/vis/ui/widget/file/FileChooser.java	1818	0999d7d4d38a8547	
member	com.kotcrab.vis.ui.widget.file.FileChooser$FileItem#<stmt3>	sge.visui.widget.file.FileChooser$FileItem#<stmt3>	Renamed	-	com/kotcrab/vis/ui/widget/file/FileChooser.java	1819	89f2d667e577a08a	
member	com.kotcrab.vis.ui.widget.file.FileChooser$FileItem#<stmt4>	sge.visui.widget.file.FileChooser$FileItem#<stmt4>	Renamed	-	com/kotcrab/vis/ui/widget/file/FileChooser.java	1820	7569538d4e81ee99	
member	com.kotcrab.vis.ui.widget.file.FileChooser$FileItem#<stmt5>	sge.visui.widget.file.FileChooser$FileItem#<stmt5>	Renamed	-	com/kotcrab/vis/ui/widget/file/FileChooser.java	1823	eae035d6c788ed40	
member	com.kotcrab.vis.ui.widget.file.FileChooser$FileItem#<stmt6>	sge.visui.widget.file.FileChooser$FileItem#<stmt6>	Renamed	-	com/kotcrab/vis/ui/widget/file/FileChooser.java	1826	4ffe98b1f1d2a965	
member	com.kotcrab.vis.ui.widget.file.FileChooser$FileItem#<stmt7>	sge.visui.widget.file.FileChooser$FileItem#<stmt7>	Renamed	-	com/kotcrab/vis/ui/widget/file/FileChooser.java	1827	356a46ac0d5c76a9	
member	com.kotcrab.vis.ui.widget.file.FileChooser$FileItem#<stmt8>	sge.visui.widget.file.FileChooser$FileItem#<stmt8>	Renamed	-	com/kotcrab/vis/ui/widget/file/FileChooser.java	1828	591edd39c50475be	
member	com.kotcrab.vis.ui.widget.file.FileChooser$FileItem#<stmt9>	sge.visui.widget.file.FileChooser$FileItem#<stmt9>	Renamed	-	com/kotcrab/vis/ui/widget/file/FileChooser.java	1835	a71dfa8a9fe21835	
member	com.kotcrab.vis.ui.widget.file.FileChooser$FileItem#addListeners()	sge.visui.widget.file.FileChooser$FileItem#addListeners()	Renamed	-	com/kotcrab/vis/ui/widget/file/FileChooser.java	1879	993d8e07e669ea29	vis=private[FileChooser]
member	com.kotcrab.vis.ui.widget.file.FileChooser$FileItem#deselect()	sge.visui.widget.file.FileChooser$FileItem#deselect()	Renamed	-	com/kotcrab/vis/ui/widget/file/FileChooser.java	2017	ed1c37f595178802	vis=private[FileChooser]
member	com.kotcrab.vis.ui.widget.file.FileChooser$FileItem#deselect(boolean)	sge.visui.widget.file.FileChooser$FileItem#deselect(boolean)	Renamed	-	com/kotcrab/vis/ui/widget/file/FileChooser.java	2021	004e157c615daac2	vis=private[FileChooser]
member	com.kotcrab.vis.ui.widget.file.FileChooser$FileItem#file	sge.visui.widget.file.FileChooser$FileItem#file	Renamed	-	com/kotcrab/vis/ui/widget/file/FileChooser.java	1810	51b15ba67235a494	vis=private[FileChooser]
member	com.kotcrab.vis.ui.widget.file.FileChooser$FileItem#focusGained()	sge.visui.widget.file.FileChooser$FileItem#focusGained()	Renamed	-	com/kotcrab/vis/ui/widget/file/FileChooser.java	2033	5da5f29230632c1e	
member	com.kotcrab.vis.ui.widget.file.FileChooser$FileItem#focusLost()	sge.visui.widget.file.FileChooser$FileItem#focusLost()	Renamed	-	com/kotcrab/vis/ui/widget/file/FileChooser.java	2028	81715186694f5087	
member	com.kotcrab.vis.ui.widget.file.FileChooser$FileItem#getFile()	sge.visui.widget.file.FileChooser$FileItem#getFile()	Renamed	-	com/kotcrab/vis/ui/widget/file/FileChooser.java	2037	1710a60fbddec9a1	
member	com.kotcrab.vis.ui.widget.file.FileChooser$FileItem#getItemId(Array,FileItem)	sge.visui.widget.file.FileChooser$FileItem#getItemId(Array<FileItem>,FileItem)	Renamed	-	com/kotcrab/vis/ui/widget/file/FileChooser.java	1992	514c474d68c612f2	vis=private[FileChooser]
member	com.kotcrab.vis.ui.widget.file.FileChooser$FileItem#handleSelectClick(boolean)	sge.visui.widget.file.FileChooser$FileItem#handleSelectClick(boolean)	Renamed	-	com/kotcrab/vis/ui/widget/file/FileChooser.java	1946	5b9987e485cb2f8a	vis=private[FileChooser]
member	com.kotcrab.vis.ui.widget.file.FileChooser$FileItem#iconImage	sge.visui.widget.file.FileChooser$FileItem#iconImage	Renamed	-	com/kotcrab/vis/ui/widget/file/FileChooser.java	1814	2c9ed68dff79b785	vis=private[FileChooser]
member	com.kotcrab.vis.ui.widget.file.FileChooser$FileItem#isDirectory()	sge.visui.widget.file.FileChooser$FileItem#isDirectory()	Renamed	-	com/kotcrab/vis/ui/widget/file/FileChooser.java	2041	768175387054bf65	
member	com.kotcrab.vis.ui.widget.file.FileChooser$FileItem#metadata	sge.visui.widget.file.FileChooser$FileItem#metadata	Renamed	-	com/kotcrab/vis/ui/widget/file/FileChooser.java	1811	b64be402a7edefb6	vis=private[FileChooser]
member	com.kotcrab.vis.ui.widget.file.FileChooser$FileItem#select()	sge.visui.widget.file.FileChooser$FileItem#select()	Renamed	-	com/kotcrab/vis/ui/widget/file/FileChooser.java	2001	1014672d85290e54	vis=private[FileChooser]
member	com.kotcrab.vis.ui.widget.file.FileChooser$FileItem#select(boolean)	sge.visui.widget.file.FileChooser$FileItem#select(boolean)	Renamed	-	com/kotcrab/vis/ui/widget/file/FileChooser.java	2005	80b91a5484aa35c8	vis=private[FileChooser]
member	com.kotcrab.vis.ui.widget.file.FileChooser$FileItem#selectCheckBox	sge.visui.widget.file.FileChooser$FileItem#selectCheckBox	Renamed	-	com/kotcrab/vis/ui/widget/file/FileChooser.java	1813	a7de593cc72be68b	vis=private[FileChooser]
member	com.kotcrab.vis.ui.widget.file.FileChooser$FileItem#selectGroup()	sge.visui.widget.file.FileChooser$FileItem#selectGroup()	Renamed	-	com/kotcrab/vis/ui/widget/file/FileChooser.java	1969	888389c6474a2201	vis=private[FileChooser]
member	com.kotcrab.vis.ui.widget.file.FileChooser$FileItem#setIcon(Drawable,Scaling)	sge.visui.widget.file.FileChooser$FileItem#setIcon(Drawable,Scaling)	Renamed	-	com/kotcrab/vis/ui/widget/file/FileChooser.java	1873	01e4480cefc23b3e	
member	com.kotcrab.vis.ui.widget.file.FileChooser$ShortcutItem#<stmt1>	sge.visui.widget.file.FileChooser$ShortcutItem#<stmt1>	Renamed	-	com/kotcrab/vis/ui/widget/file/FileChooser.java	2052	3c23d45e092571d5	
member	com.kotcrab.vis.ui.widget.file.FileChooser$ShortcutItem#<stmt2>	sge.visui.widget.file.FileChooser$ShortcutItem#<stmt2>	Renamed	-	com/kotcrab/vis/ui/widget/file/FileChooser.java	2053	7426dd5ab5803fab	
member	com.kotcrab.vis.ui.widget.file.FileChooser$ShortcutItem#<stmt3>	sge.visui.widget.file.FileChooser$ShortcutItem#<stmt3>	Renamed	-	com/kotcrab/vis/ui/widget/file/FileChooser.java	2054	d7014704d862a7fb	
member	com.kotcrab.vis.ui.widget.file.FileChooser$ShortcutItem#<stmt4>	sge.visui.widget.file.FileChooser$ShortcutItem#<stmt4>	Renamed	-	com/kotcrab/vis/ui/widget/file/FileChooser.java	2055	3a8d976279a790e2	
member	com.kotcrab.vis.ui.widget.file.FileChooser$ShortcutItem#<stmt5>	sge.visui.widget.file.FileChooser$ShortcutItem#<stmt5>	Renamed	-	com/kotcrab/vis/ui/widget/file/FileChooser.java	2057	74129611cf20f019	
member	com.kotcrab.vis.ui.widget.file.FileChooser$ShortcutItem#<stmt6>	sge.visui.widget.file.FileChooser$ShortcutItem#<stmt6>	Renamed	-	com/kotcrab/vis/ui/widget/file/FileChooser.java	2064	8c0d810c510e57c8	
member	com.kotcrab.vis.ui.widget.file.FileChooser$ShortcutItem#addListener()	sge.visui.widget.file.FileChooser$ShortcutItem#addListener()	Renamed	-	com/kotcrab/vis/ui/widget/file/FileChooser.java	2067	c74e62171681cd92	vis=private[FileChooser]
member	com.kotcrab.vis.ui.widget.file.FileChooser$ShortcutItem#deselect()	sge.visui.widget.file.FileChooser$ShortcutItem#deselect()	Renamed	-	com/kotcrab/vis/ui/widget/file/FileChooser.java	2141	2bf265911f116d76	vis=private[FileChooser]
member	com.kotcrab.vis.ui.widget.file.FileChooser$ShortcutItem#file	sge.visui.widget.file.FileChooser$ShortcutItem#file	Renamed	-	com/kotcrab/vis/ui/widget/file/FileChooser.java	2047	f3396ef5c1628b46	
member	com.kotcrab.vis.ui.widget.file.FileChooser$ShortcutItem#focusGained()	sge.visui.widget.file.FileChooser$ShortcutItem#focusGained()	Renamed	-	com/kotcrab/vis/ui/widget/file/FileChooser.java	2151	5da5f29230632c1e	
member	com.kotcrab.vis.ui.widget.file.FileChooser$ShortcutItem#focusLost()	sge.visui.widget.file.FileChooser$ShortcutItem#focusLost()	Renamed	-	com/kotcrab/vis/ui/widget/file/FileChooser.java	2155	81715186694f5087	
member	com.kotcrab.vis.ui.widget.file.FileChooser$ShortcutItem#getLabelText()	sge.visui.widget.file.FileChooser$ShortcutItem#getLabelText()	Renamed	-	com/kotcrab/vis/ui/widget/file/FileChooser.java	2131	669403661f8251b4	
member	com.kotcrab.vis.ui.widget.file.FileChooser$ShortcutItem#name	sge.visui.widget.file.FileChooser$ShortcutItem#name	Renamed	-	com/kotcrab/vis/ui/widget/file/FileChooser.java	2048	37f298123511f4cc	name=name$shadow
member	com.kotcrab.vis.ui.widget.file.FileChooser$ShortcutItem#select()	sge.visui.widget.file.FileChooser$ShortcutItem#select()	Renamed	-	com/kotcrab/vis/ui/widget/file/FileChooser.java	2135	7639589b0ea05001	vis=private[FileChooser]
member	com.kotcrab.vis.ui.widget.file.FileChooser$ShortcutItem#setLabelText(String)	sge.visui.widget.file.FileChooser$ShortcutItem#setLabelText(String)	Renamed	-	com/kotcrab/vis/ui/widget/file/FileChooser.java	2127	a64c4ed26739fe13	
member	com.kotcrab.vis.ui.widget.file.FileChooser$ShortcutItem#setRootName(String)	sge.visui.widget.file.FileChooser$ShortcutItem#setRootName(String)	Renamed	-	com/kotcrab/vis/ui/widget/file/FileChooser.java	2146	1414b34b76802493	
member	com.kotcrab.vis.ui.widget.file.FileChooser$ShortcutsComparator#compare(Actor,Actor)	sge.visui.widget.file.FileChooser$ShortcutsComparator#compare(Actor,Actor)	Renamed	-	com/kotcrab/vis/ui/widget/file/FileChooser.java	2161	fd4019df01fda80d	
member	com.kotcrab.vis.ui.widget.file.FileChooser$ShowBusyBarTask#cancel()	sge.visui.widget.file.FileChooser$ShowBusyBarTask#cancel()	Renamed	-	com/kotcrab/vis/ui/widget/file/FileChooser.java	1802	c08016ca35c63c3c	
member	com.kotcrab.vis.ui.widget.file.FileChooser$ShowBusyBarTask#run()	sge.visui.widget.file.FileChooser$ShowBusyBarTask#run()	Renamed	-	com/kotcrab/vis/ui/widget/file/FileChooser.java	1793	0280093d11cbbe78	
member	com.kotcrab.vis.ui.widget.file.FileChooser$ViewMode#getBundleText()	sge.visui.widget.file.FileChooser$ViewMode#getBundleText()	Renamed	-	com/kotcrab/vis/ui/widget/file/FileChooser.java	1620	b27a3f7a3a429003	
member	com.kotcrab.vis.ui.widget.file.FileChooser$ViewMode#getGridSize(Sizes)	sge.visui.widget.file.FileChooser$ViewMode#getGridSize(Sizes)	Renamed	-	com/kotcrab/vis/ui/widget/file/FileChooser.java	1646	7dd7db6c39cc1425	
member	com.kotcrab.vis.ui.widget.file.FileChooser$ViewMode#isGridMode()	sge.visui.widget.file.FileChooser$ViewMode#isGridMode()	Renamed	-	com/kotcrab/vis/ui/widget/file/FileChooser.java	1638	8b39402aac8d4e68	
member	com.kotcrab.vis.ui.widget.file.FileChooser$ViewMode#isThumbnailMode()	sge.visui.widget.file.FileChooser$ViewMode#isThumbnailMode()	Renamed	-	com/kotcrab/vis/ui/widget/file/FileChooser.java	1642	4ad1cdb1f72ed240	
member	com.kotcrab.vis.ui.widget.file.FileChooser$ViewMode#setupGridGroup(Sizes,GridGroup)	sge.visui.widget.file.FileChooser$ViewMode#setupGridGroup(Sizes,GridGroup)	Renamed	-	com/kotcrab/vis/ui/widget/file/FileChooser.java	1624	783f86f571f0dcc2	
member	com.kotcrab.vis.ui.widget.file.shouldShowItemShowCheckBox	shouldShowItemShowCheckBox	Renamed	-	com/kotcrab/vis/ui/widget/file/FileChooser.java	1829	e630072c09fa6456	name=shouldShowItemShowCheckBox$p
member	com.kotcrab.vis.ui.widget.file.FileChooserAdapter#canceled()	sge.visui.widget.file.FileChooserAdapter#canceled()	Renamed	-	com/kotcrab/vis/ui/widget/file/FileChooserAdapter.java	28	faf314aab1f6af7e	
member	com.kotcrab.vis.ui.widget.file.FileChooserAdapter#selected(Array)	sge.visui.widget.file.FileChooserAdapter#selected(Array<FileHandle>)	Renamed	-	com/kotcrab/vis/ui/widget/file/FileChooserAdapter.java	33	9d8bc4232a9ba1e5	
member	com.kotcrab.vis.ui.widget.file.FileChooserListener#canceled()	sge.visui.widget.file.FileChooserListener#canceled()	Renamed	-	com/kotcrab/vis/ui/widget/file/FileChooserListener.java	31	933b69359dd2ebb3	
member	com.kotcrab.vis.ui.widget.file.FileChooserListener#selected(Array)	sge.visui.widget.file.FileChooserListener#selected(Array<FileHandle>)	Renamed	-	com/kotcrab/vis/ui/widget/file/FileChooserListener.java	28	d5d108c65d7d157b	
member	com.kotcrab.vis.ui.widget.file.FileChooserStyle#<init>()	sge.visui.widget.file.FileChooserStyle#<init>()	Renamed	-	com/kotcrab/vis/ui/widget/file/FileChooserStyle.java	48	978155568bb170ac	
member	com.kotcrab.vis.ui.widget.file.FileChooserStyle#<init>(FileChooserStyle)	sge.visui.widget.file.FileChooserStyle#<init>(FileChooserStyle)	Renamed	-	com/kotcrab/vis/ui/widget/file/FileChooserStyle.java	51	54a98def829afce4	
member	com.kotcrab.vis.ui.widget.file.FileChooserStyle#contextMenuSelectedItem	sge.visui.widget.file.FileChooserStyle#contextMenuSelectedItem	Renamed	-	com/kotcrab/vis/ui/widget/file/FileChooserStyle.java	45	84f6b845af93a7f2	
member	com.kotcrab.vis.ui.widget.file.FileChooserStyle#expandDropdown	sge.visui.widget.file.FileChooserStyle#expandDropdown	Renamed	-	com/kotcrab/vis/ui/widget/file/FileChooserStyle.java	46	949afbe32e65386b	
member	com.kotcrab.vis.ui.widget.file.FileChooserStyle#highlight	sge.visui.widget.file.FileChooserStyle#highlight	Renamed	-	com/kotcrab/vis/ui/widget/file/FileChooserStyle.java	26	f5e7d453d6c549f4	
member	com.kotcrab.vis.ui.widget.file.FileChooserStyle#iconArrowLeft	sge.visui.widget.file.FileChooserStyle#iconArrowLeft	Renamed	-	com/kotcrab/vis/ui/widget/file/FileChooserStyle.java	27	e588dc3ff9a9f13c	
member	com.kotcrab.vis.ui.widget.file.FileChooserStyle#iconArrowRight	sge.visui.widget.file.FileChooserStyle#iconArrowRight	Renamed	-	com/kotcrab/vis/ui/widget/file/FileChooserStyle.java	28	f4fe4ef0165a436c	
member	com.kotcrab.vis.ui.widget.file.FileChooserStyle#iconDrive	sge.visui.widget.file.FileChooserStyle#iconDrive	Renamed	-	com/kotcrab/vis/ui/widget/file/FileChooserStyle.java	33	ec337cd6141d6a98	
member	com.kotcrab.vis.ui.widget.file.FileChooserStyle#iconFileAudio	sge.visui.widget.file.FileChooserStyle#iconFileAudio	Renamed	-	com/kotcrab/vis/ui/widget/file/FileChooserStyle.java	43	19d4f1eba9ff2822	
member	com.kotcrab.vis.ui.widget.file.FileChooserStyle#iconFileImage	sge.visui.widget.file.FileChooserStyle#iconFileImage	Renamed	-	com/kotcrab/vis/ui/widget/file/FileChooserStyle.java	41	795a3495e6fb3b8a	
member	com.kotcrab.vis.ui.widget.file.FileChooserStyle#iconFilePdf	sge.visui.widget.file.FileChooserStyle#iconFilePdf	Renamed	-	com/kotcrab/vis/ui/widget/file/FileChooserStyle.java	42	e8ca267c5da6e9f9	
member	com.kotcrab.vis.ui.widget.file.FileChooserStyle#iconFileText	sge.visui.widget.file.FileChooserStyle#iconFileText	Renamed	-	com/kotcrab/vis/ui/widget/file/FileChooserStyle.java	40	4440917ac54088b8	
member	com.kotcrab.vis.ui.widget.file.FileChooserStyle#iconFolder	sge.visui.widget.file.FileChooserStyle#iconFolder	Renamed	-	com/kotcrab/vis/ui/widget/file/FileChooserStyle.java	29	f797e5265c5b268a	
member	com.kotcrab.vis.ui.widget.file.FileChooserStyle#iconFolderNew	sge.visui.widget.file.FileChooserStyle#iconFolderNew	Renamed	-	com/kotcrab/vis/ui/widget/file/FileChooserStyle.java	32	c03c2a07b6a28f20	
member	com.kotcrab.vis.ui.widget.file.FileChooserStyle#iconFolderParent	sge.visui.widget.file.FileChooserStyle#iconFolderParent	Renamed	-	com/kotcrab/vis/ui/widget/file/FileChooserStyle.java	30	867a383f0f6550fe	
member	com.kotcrab.vis.ui.widget.file.FileChooserStyle#iconFolderStar	sge.visui.widget.file.FileChooserStyle#iconFolderStar	Renamed	-	com/kotcrab/vis/ui/widget/file/FileChooserStyle.java	31	dbb8932cab1d85c0	
member	com.kotcrab.vis.ui.widget.file.FileChooserStyle#iconListSettings	sge.visui.widget.file.FileChooserStyle#iconListSettings	Renamed	-	com/kotcrab/vis/ui/widget/file/FileChooserStyle.java	38	8598d0df6b359e91	
member	com.kotcrab.vis.ui.widget.file.FileChooserStyle#iconRefresh	sge.visui.widget.file.FileChooserStyle#iconRefresh	Renamed	-	com/kotcrab/vis/ui/widget/file/FileChooserStyle.java	37	b34e867733466252	
member	com.kotcrab.vis.ui.widget.file.FileChooserStyle#iconStar	sge.visui.widget.file.FileChooserStyle#iconStar	Renamed	-	com/kotcrab/vis/ui/widget/file/FileChooserStyle.java	35	81dafd6cfc0584c0	
member	com.kotcrab.vis.ui.widget.file.FileChooserStyle#iconStarOutline	sge.visui.widget.file.FileChooserStyle#iconStarOutline	Renamed	-	com/kotcrab/vis/ui/widget/file/FileChooserStyle.java	36	e2b06c6cca483f26	
member	com.kotcrab.vis.ui.widget.file.FileChooserStyle#iconTrash	sge.visui.widget.file.FileChooserStyle#iconTrash	Renamed	-	com/kotcrab/vis/ui/widget/file/FileChooserStyle.java	34	f17d42e4a48a6d5e	
member	com.kotcrab.vis.ui.widget.file.FileChooserStyle#popupMenuStyle	sge.visui.widget.file.FileChooserStyle#popupMenuStyle	Renamed	-	com/kotcrab/vis/ui/widget/file/FileChooserStyle.java	24	1b60dceba7a4f9ea	
member	com.kotcrab.vis.ui.widget.file.FileTypeFilter#<init>(FileTypeFilter)	sge.visui.widget.file.FileTypeFilter#<init>(FileTypeFilter)	Renamed	-	com/kotcrab/vis/ui/widget/file/FileTypeFilter.java	42	7860aff7ef6f72b5	
member	com.kotcrab.vis.ui.widget.file.FileTypeFilter#<init>(boolean)	sge.visui.widget.file.FileTypeFilter#<init>(boolean)	Renamed	-	com/kotcrab/vis/ui/widget/file/FileTypeFilter.java	48	636f9bd3921fa2d2	
member	com.kotcrab.vis.ui.widget.file.FileTypeFilter#addRule(String,Array)	sge.visui.widget.file.FileTypeFilter#addRule(String,Array<String>)	Renamed	-	com/kotcrab/vis/ui/widget/file/FileTypeFilter.java	57	c1718cd55a77d2ff	
member	com.kotcrab.vis.ui.widget.file.FileTypeFilter#allTypesAllowed	sge.visui.widget.file.FileTypeFilter#allTypesAllowed	Renamed	-	com/kotcrab/vis/ui/widget/file/FileTypeFilter.java	39	f79d6eeae66f9e32	
member	com.kotcrab.vis.ui.widget.file.FileTypeFilter#getRules()	sge.visui.widget.file.FileTypeFilter#getRules()	Renamed	-	com/kotcrab/vis/ui/widget/file/FileTypeFilter.java	61	10e3db55c664202e	
member	com.kotcrab.vis.ui.widget.file.FileTypeFilter#isAllTypesAllowed()	sge.visui.widget.file.FileTypeFilter#isAllTypesAllowed()	Renamed	-	com/kotcrab/vis/ui/widget/file/FileTypeFilter.java	73	deac10961269ec75	
member	com.kotcrab.vis.ui.widget.file.FileTypeFilter#rules	sge.visui.widget.file.FileTypeFilter#rules	Renamed	-	com/kotcrab/vis/ui/widget/file/FileTypeFilter.java	40	24627323d9a9d262	
member	com.kotcrab.vis.ui.widget.file.FileTypeFilter#setAllTypesAllowed(boolean)	sge.visui.widget.file.FileTypeFilter#setAllTypesAllowed(boolean)	Renamed	-	com/kotcrab/vis/ui/widget/file/FileTypeFilter.java	69	d8ce9766fd7bd9ef	
member	com.kotcrab.vis.ui.widget.file.FileTypeFilter$Rule#<init>(String)	sge.visui.widget.file.FileTypeFilter$Rule#<init>(String)	Renamed	-	com/kotcrab/vis/ui/widget/file/FileTypeFilter.java	83	9dce34b33e3f3158	
member	com.kotcrab.vis.ui.widget.file.FileTypeFilter$Rule#<init>(String,Array)	sge.visui.widget.file.FileTypeFilter$Rule#<init>(String,Array<String>)	Renamed	-	com/kotcrab/vis/ui/widget/file/FileTypeFilter.java	89	4d10ff5f6fb2d65b	
member	com.kotcrab.vis.ui.widget.file.FileTypeFilter$Rule#accept(FileHandle)	sge.visui.widget.file.FileTypeFilter$Rule#accept(FileHandle)	Renamed	-	com/kotcrab/vis/ui/widget/file/FileTypeFilter.java	101	b46a6c586858138c	
member	com.kotcrab.vis.ui.widget.file.FileTypeFilter$Rule#allowAll	sge.visui.widget.file.FileTypeFilter$Rule#allowAll	Renamed	-	com/kotcrab/vis/ui/widget/file/FileTypeFilter.java	81	1b8aa707cd8cfce9	
member	com.kotcrab.vis.ui.widget.file.FileTypeFilter$Rule#description	sge.visui.widget.file.FileTypeFilter$Rule#description	Renamed	-	com/kotcrab/vis/ui/widget/file/FileTypeFilter.java	79	e72e0506eb7ab2e6	
member	com.kotcrab.vis.ui.widget.file.FileTypeFilter$Rule#extensions	sge.visui.widget.file.FileTypeFilter$Rule#extensions	Renamed	-	com/kotcrab/vis/ui/widget/file/FileTypeFilter.java	80	9b4abadfe8dc886e	
member	com.kotcrab.vis.ui.widget.file.FileTypeFilter$Rule#getDescription()	sge.visui.widget.file.FileTypeFilter$Rule#getDescription()	Renamed	-	com/kotcrab/vis/ui/widget/file/FileTypeFilter.java	107	0a582f27a23e1ab9	
member	com.kotcrab.vis.ui.widget.file.FileTypeFilter$Rule#getExtensions()	sge.visui.widget.file.FileTypeFilter$Rule#getExtensions()	Renamed	-	com/kotcrab/vis/ui/widget/file/FileTypeFilter.java	112	77e42ea8a5d41f08	
member	com.kotcrab.vis.ui.widget.file.FileTypeFilter$Rule#toString()	sge.visui.widget.file.FileTypeFilter$Rule#toString()	Renamed	-	com/kotcrab/vis/ui/widget/file/FileTypeFilter.java	117	d52dd8f6768e5ace	
member	com.kotcrab.vis.ui.widget.file.FileUtils#FILE_MODIFIED_DATE_COMPARATOR	sge.visui.widget.file.FileUtils#FILE_MODIFIED_DATE_COMPARATOR	Renamed	-	com/kotcrab/vis/ui/widget/file/FileUtils.java	48	14f5d799f032bcb8	placement=companion
member	com.kotcrab.vis.ui.widget.file.FileUtils#FILE_NAME_COMPARATOR	sge.visui.widget.file.FileUtils#FILE_NAME_COMPARATOR	Renamed	-	com/kotcrab/vis/ui/widget/file/FileUtils.java	40	d6bbf215de549af6	placement=companion
member	com.kotcrab.vis.ui.widget.file.FileUtils#FILE_SIZE_COMPARATOR	sge.visui.widget.file.FileUtils#FILE_SIZE_COMPARATOR	Renamed	-	com/kotcrab/vis/ui/widget/file/FileUtils.java	58	08a5584750957e47	placement=companion
member	com.kotcrab.vis.ui.widget.file.FileUtils#UNITS	sge.visui.widget.file.FileUtils#UNITS	Renamed	-	com/kotcrab/vis/ui/widget/file/FileUtils.java	37	576570b6bd6eb900	placement=companion vis=private
member	com.kotcrab.vis.ui.widget.file.FileUtils#isValidFileName(String)	sge.visui.widget.file.FileUtils#isValidFileName(String)	Renamed	-	com/kotcrab/vis/ui/widget/file/FileUtils.java	140	d7f7d29ad473f1f4	placement=companion
member	com.kotcrab.vis.ui.widget.file.FileUtils#readableFileSize(long)	sge.visui.widget.file.FileUtils#readableFileSize(long)	Renamed	-	com/kotcrab/vis/ui/widget/file/FileUtils.java	77	980bae93f18fa99f	placement=companion
member	com.kotcrab.vis.ui.widget.file.FileUtils#showDirInExplorer(FileHandle,Sge)	sge.visui.widget.file.FileUtils#showDirInExplorer(FileHandle,Sge)	Renamed	-	com/kotcrab/vis/ui/widget/file/FileUtils.java	159	ee082bcf30419ee7	placement=companion
member	com.kotcrab.vis.ui.widget.file.FileUtils#sortFiles(Array)	sge.visui.widget.file.FileUtils#sortFiles(Array<FileHandle>)	Renamed	-	com/kotcrab/vis/ui/widget/file/FileUtils.java	89	fa882195964c2ede	placement=companion
member	com.kotcrab.vis.ui.widget.file.FileUtils#sortFiles(Array,Ordering)	sge.visui.widget.file.FileUtils#sortFiles(Array<FileHandle>,Ordering<FileHandle>)	Renamed	-	com/kotcrab/vis/ui/widget/file/FileUtils.java	99	8349e8406d431c2d	placement=companion
member	com.kotcrab.vis.ui.widget.file.FileUtils#sortFiles(Array,Ordering,boolean)	sge.visui.widget.file.FileUtils#sortFiles(Array<FileHandle>,Ordering<FileHandle>,boolean)	Renamed	-	com/kotcrab/vis/ui/widget/file/FileUtils.java	110	663cd37450c64f9f	placement=companion
member	com.kotcrab.vis.ui.widget.file.FileUtils#toFileHandle(File,Sge)	sge.visui.widget.file.FileUtils#toFileHandle(File,Sge)	Renamed	-	com/kotcrab/vis/ui/widget/file/FileUtils.java	153	63d05cab35f99d32	placement=companion
member	com.kotcrab.vis.ui.widget.file.SingleFileChooserListener#canceled()	sge.visui.widget.file.SingleFileChooserListener#canceled()	Renamed	-	com/kotcrab/vis/ui/widget/file/SingleFileChooserListener.java	41	faf314aab1f6af7e	
member	com.kotcrab.vis.ui.widget.file.SingleFileChooserListener#selected(Array)	sge.visui.widget.file.SingleFileChooserListener#selected(Array<FileHandle>)	Renamed	-	com/kotcrab/vis/ui/widget/file/SingleFileChooserListener.java	33	8df61491e1480be6	
member	com.kotcrab.vis.ui.widget.file.SingleFileChooserListener#selected(FileHandle)	sge.visui.widget.file.SingleFileChooserListener#selected(FileHandle)	Renamed	-	com/kotcrab/vis/ui/widget/file/SingleFileChooserListener.java	38	931fb7b0ad53422d	
member	com.kotcrab.vis.ui.widget.file.StreamingFileChooserListener#begin()	sge.visui.widget.file.StreamingFileChooserListener#begin()	Renamed	-	com/kotcrab/vis/ui/widget/file/StreamingFileChooserListener.java	48	fb1abc095e56159e	
member	com.kotcrab.vis.ui.widget.file.StreamingFileChooserListener#canceled()	sge.visui.widget.file.StreamingFileChooserListener#canceled()	Renamed	-	com/kotcrab/vis/ui/widget/file/StreamingFileChooserListener.java	58	faf314aab1f6af7e	
member	com.kotcrab.vis.ui.widget.file.StreamingFileChooserListener#end()	sge.visui.widget.file.StreamingFileChooserListener#end()	Renamed	-	com/kotcrab/vis/ui/widget/file/StreamingFileChooserListener.java	53	bcbc5f3688f3488a	
member	com.kotcrab.vis.ui.widget.file.StreamingFileChooserListener#selected(Array)	sge.visui.widget.file.StreamingFileChooserListener#selected(Array<FileHandle>)	Renamed	-	com/kotcrab/vis/ui/widget/file/StreamingFileChooserListener.java	31	b7c96239e08571f2	
member	com.kotcrab.vis.ui.widget.file.StreamingFileChooserListener#selected(FileHandle)	sge.visui.widget.file.StreamingFileChooserListener#selected(FileHandle)	Renamed	-	com/kotcrab/vis/ui/widget/file/StreamingFileChooserListener.java	45	771978ea13c2fdf0	
member	com.kotcrab.vis.ui.widget.file.internal.AbstractSuggestionPopup#<stmt1>	sge.visui.widget.file.internal.AbstractSuggestionPopup#<stmt1>	Renamed	-	com/kotcrab/vis/ui/widget/file/internal/AbstractSuggestionPopup.java	31	810d882229068647	
member	com.kotcrab.vis.ui.widget.file.internal.AbstractSuggestionPopup#MAX_SUGGESTIONS	sge.visui.widget.file.internal.AbstractSuggestionPopup#MAX_SUGGESTIONS	Renamed	-	com/kotcrab/vis/ui/widget/file/internal/AbstractSuggestionPopup.java	25	c3ed7a89c7e05e0c	placement=companion
member	com.kotcrab.vis.ui.widget.file.internal.AbstractSuggestionPopup#chooser	sge.visui.widget.file.internal.AbstractSuggestionPopup#chooser	Renamed	-	com/kotcrab/vis/ui/widget/file/internal/AbstractSuggestionPopup.java	27	7ffa3a6624bb8b31	
member	com.kotcrab.vis.ui.widget.file.internal.AbstractSuggestionPopup#createMenuItem(String)	sge.visui.widget.file.internal.AbstractSuggestionPopup#createMenuItem(String)	Renamed	-	com/kotcrab/vis/ui/widget/file/internal/AbstractSuggestionPopup.java	34	00563b3028a9e88c	
member	com.kotcrab.vis.ui.widget.file.internal.DirsSuggestionPopup#<stmt1>	sge.visui.widget.file.internal.DirsSuggestionPopup#<stmt1>	Renamed	-	com/kotcrab/vis/ui/widget/file/internal/DirsSuggestionPopup.java	43	630648ac7821a4cc	
member	com.kotcrab.vis.ui.widget.file.internal.DirsSuggestionPopup#createDirSuggestions(Stage,float)	sge.visui.widget.file.internal.DirsSuggestionPopup#createDirSuggestions(Stage,float)	Renamed	-	com/kotcrab/vis/ui/widget/file/internal/DirsSuggestionPopup.java	54	8a8abe9fe14c002c	vis=private
member	com.kotcrab.vis.ui.widget.file.internal.DirsSuggestionPopup#createRecentDirSuggestions(Array,float)	sge.visui.widget.file.internal.DirsSuggestionPopup#createRecentDirSuggestions(Array<FileHandle>,float)	Renamed	-	com/kotcrab/vis/ui/widget/file/internal/DirsSuggestionPopup.java	131	142981a6120a2406	vis=private
member	com.kotcrab.vis.ui.widget.file.internal.DirsSuggestionPopup#listDirExecutor	sge.visui.widget.file.internal.DirsSuggestionPopup#listDirExecutor	Renamed	-	com/kotcrab/vis/ui/widget/file/internal/DirsSuggestionPopup.java	38	a3a01fc1c78c1f99	vis=private
member	com.kotcrab.vis.ui.widget.file.internal.DirsSuggestionPopup#listDirFuture	sge.visui.widget.file.internal.DirsSuggestionPopup#listDirFuture	Renamed	-	com/kotcrab/vis/ui/widget/file/internal/DirsSuggestionPopup.java	39	90bd0fcab45eeec3	vis=private
member	com.kotcrab.vis.ui.widget.file.internal.DirsSuggestionPopup#pathField	sge.visui.widget.file.internal.DirsSuggestionPopup#pathField	Renamed	-	com/kotcrab/vis/ui/widget/file/internal/DirsSuggestionPopup.java	36	bd8763edb4e246b6	
member	com.kotcrab.vis.ui.widget.file.internal.DirsSuggestionPopup#pathFieldKeyTyped(Stage,float)	sge.visui.widget.file.internal.DirsSuggestionPopup#pathFieldKeyTyped(Stage,float)	Renamed	-	com/kotcrab/vis/ui/widget/file/internal/DirsSuggestionPopup.java	46	48df66d6a5b8642c	
member	com.kotcrab.vis.ui.widget.file.internal.DirsSuggestionPopup#showRecentDirectories(Stage,Array,float)	sge.visui.widget.file.internal.DirsSuggestionPopup#showRecentDirectories(Stage,Array<FileHandle>,float)	Renamed	-	com/kotcrab/vis/ui/widget/file/internal/DirsSuggestionPopup.java	120	b5ea56b17ff4f86a	
member	com.kotcrab.vis.ui.widget.file.internal.roots	roots	Renamed	-	com/kotcrab/vis/ui/widget/file/internal/DriveCheckerService.java	52	8e2cc3328965c895	name=roots$p
member	com.kotcrab.vis.ui.widget.file.internal.DriveCheckerService#<stmt1>	sge.visui.widget.file.internal.DriveCheckerService#<stmt1>	Renamed	-	com/kotcrab/vis/ui/widget/file/internal/DriveCheckerService.java	50	d65674ef72663055	
member	com.kotcrab.vis.ui.widget.file.internal.DriveCheckerService#<stmt2>	sge.visui.widget.file.internal.DriveCheckerService#<stmt2>	Renamed	-	com/kotcrab/vis/ui/widget/file/internal/DriveCheckerService.java	54	b1651e223bcb6a88	
member	com.kotcrab.vis.ui.widget.file.internal.DriveCheckerService#addListener(File,RootMode,DriveCheckerListener)	sge.visui.widget.file.internal.DriveCheckerService#addListener(File,RootMode,DriveCheckerListener)	Renamed	-	com/kotcrab/vis/ui/widget/file/internal/DriveCheckerService.java	91	8f0d8af68dcc9068	
member	com.kotcrab.vis.ui.widget.file.internal.DriveCheckerService#addListener(File,RootMode,DriveCheckerListener,Array,Map)	sge.visui.widget.file.internal.DriveCheckerService#addListener(File,RootMode,DriveCheckerListener,Array<File>,Map<File,ListenerSet>)	Renamed	-	com/kotcrab/vis/ui/widget/file/internal/DriveCheckerService.java	102	600799f7ae3d3930	vis=private
member	com.kotcrab.vis.ui.widget.file.internal.DriveCheckerService#getInstance(Sge)	sge.visui.widget.file.internal.DriveCheckerService#getInstance(Sge)	Renamed	-	com/kotcrab/vis/ui/widget/file/internal/DriveCheckerService.java	44	6fb4a1e802ae910e	placement=companion
member	com.kotcrab.vis.ui.widget.file.internal.DriveCheckerService#instance	sge.visui.widget.file.internal.DriveCheckerService#instance	Renamed	-	com/kotcrab/vis/ui/widget/file/internal/DriveCheckerService.java	34	3a973cb26086e435	placement=companion vis=private
member	com.kotcrab.vis.ui.widget.file.internal.DriveCheckerService#pool	sge.visui.widget.file.internal.DriveCheckerService#pool	Renamed	-	com/kotcrab/vis/ui/widget/file/internal/DriveCheckerService.java	36	675f3eb1ac6d1346	vis=private
member	com.kotcrab.vis.ui.widget.file.internal.DriveCheckerService#processResults(File,boolean,boolean)	sge.visui.widget.file.internal.DriveCheckerService#processResults(File,boolean,boolean)	Renamed	-	com/kotcrab/vis/ui/widget/file/internal/DriveCheckerService.java	68	9225726a671be012	vis=private
member	com.kotcrab.vis.ui.widget.file.internal.DriveCheckerService#processRoot(File)	sge.visui.widget.file.internal.DriveCheckerService#processRoot(File)	Renamed	-	com/kotcrab/vis/ui/widget/file/internal/DriveCheckerService.java	59	8c6b62de49be826e	vis=private
member	com.kotcrab.vis.ui.widget.file.internal.DriveCheckerService#readableListeners	sge.visui.widget.file.internal.DriveCheckerService#readableListeners	Renamed	-	com/kotcrab/vis/ui/widget/file/internal/DriveCheckerService.java	41	de114b31c52f21ef	vis=private
member	com.kotcrab.vis.ui.widget.file.internal.DriveCheckerService#readableRoots	sge.visui.widget.file.internal.DriveCheckerService#readableRoots	Renamed	-	com/kotcrab/vis/ui/widget/file/internal/DriveCheckerService.java	38	bfb5c5a3fbe0680d	vis=private
member	com.kotcrab.vis.ui.widget.file.internal.DriveCheckerService#writableListeners	sge.visui.widget.file.internal.DriveCheckerService#writableListeners	Renamed	-	com/kotcrab/vis/ui/widget/file/internal/DriveCheckerService.java	42	699b43684fed617c	vis=private
member	com.kotcrab.vis.ui.widget.file.internal.DriveCheckerService#writableRoots	sge.visui.widget.file.internal.DriveCheckerService#writableRoots	Renamed	-	com/kotcrab/vis/ui/widget/file/internal/DriveCheckerService.java	39	914d4638567fafb5	vis=private
member	com.kotcrab.vis.ui.widget.file.internal.DriveCheckerService$DriveCheckerListener#rootMode(File,RootMode)	sge.visui.widget.file.internal.DriveCheckerService$DriveCheckerListener#rootMode(File,RootMode)	Renamed	-	com/kotcrab/vis/ui/widget/file/internal/DriveCheckerService.java	124	c3fce26323463b78	
member	com.kotcrab.vis.ui.widget.file.internal.DriveCheckerService$ListenerSet#add(DriveCheckerListener)	sge.visui.widget.file.internal.DriveCheckerService$ListenerSet#add(DriveCheckerListener)	Renamed	-	com/kotcrab/vis/ui/widget/file/internal/DriveCheckerService.java	130	7fac409adb0916cd	
member	com.kotcrab.vis.ui.widget.file.internal.DriveCheckerService$ListenerSet#list	sge.visui.widget.file.internal.DriveCheckerService$ListenerSet#list	Renamed	-	com/kotcrab/vis/ui/widget/file/internal/DriveCheckerService.java	128	c037ecbe69f824a4	
member	com.kotcrab.vis.ui.widget.file.internal.DriveCheckerService$ListenerSet#notifyListeners(File,RootMode)	sge.visui.widget.file.internal.DriveCheckerService$ListenerSet#notifyListeners(File,RootMode)	Renamed	-	com/kotcrab/vis/ui/widget/file/internal/DriveCheckerService.java	134	e6dca9676f0933e9	
member	com.kotcrab.vis.ui.widget.file.internal.Sge#<given-static>	sge.Sge#<given-static>	Renamed	-	com/kotcrab/vis/ui/widget/file/internal/FileChooserText.java	28	92d5b1cd759201d5	placement=companion vis=private[TabbedPane]
member	com.kotcrab.vis.ui.widget.file.internal.Sge#<given>	sge.Sge#<given>	Renamed	-	com/kotcrab/vis/ui/widget/file/internal/FileChooserText.java	28	92d5b1cd759201d5	vis=private[TabbedPane]
member	com.kotcrab.vis.ui.widget.file.internal.FileChooserText#format()	sge.visui.widget.file.internal.FileChooserText#format()	Renamed	-	com/kotcrab/vis/ui/widget/file/internal/FileChooserText.java	110	1fc9d399e0025120	
member	com.kotcrab.vis.ui.widget.file.internal.FileChooserText#format(Array)	sge.visui.widget.file.internal.FileChooserText#format(Array<Object>)	Renamed	-	com/kotcrab/vis/ui/widget/file/internal/FileChooserText.java	115	16b021c410b81ea5	
member	com.kotcrab.vis.ui.widget.file.internal.FileChooserText#get()	sge.visui.widget.file.internal.FileChooserText#get()	Renamed	-	com/kotcrab/vis/ui/widget/file/internal/FileChooserText.java	105	509082fb0ea06c43	
member	com.kotcrab.vis.ui.widget.file.internal.FileChooserText#getBundle(Sge)	sge.visui.widget.file.internal.FileChooserText#getBundle(Sge)	Renamed	-	com/kotcrab/vis/ui/widget/file/internal/FileChooserText.java	95	b2d0c3a6eaf96583	placement=companion vis=private
member	com.kotcrab.vis.ui.widget.file.internal.FileChooserText#getName()	sge.visui.widget.file.internal.FileChooserText#getName()	Renamed	-	com/kotcrab/vis/ui/widget/file/internal/FileChooserText.java	100	b81ba2456945b4e3	
member	com.kotcrab.vis.ui.widget.file.internal.FileChooserText#toString()	sge.visui.widget.file.internal.FileChooserText#toString()	Renamed	-	com/kotcrab/vis/ui/widget/file/internal/FileChooserText.java	120	e63072b2745ef875	
member	com.kotcrab.vis.ui.widget.file.internal.roots	roots	Renamed	-	com/kotcrab/vis/ui/widget/file/internal/FileChooserWinService.java	69	859a90e0e7eeb8e9	name=roots$p
member	com.kotcrab.vis.ui.widget.file.internal.FileChooserWinService#<stmt1>	sge.visui.widget.file.internal.FileChooserWinService#<stmt1>	Renamed	-	com/kotcrab/vis/ui/widget/file/internal/FileChooserWinService.java	58	00a172b491011733	
member	com.kotcrab.vis.ui.widget.file.internal.FileChooserWinService#<stmt2>	sge.visui.widget.file.internal.FileChooserWinService#<stmt2>	Renamed	-	com/kotcrab/vis/ui/widget/file/internal/FileChooserWinService.java	60	96a37ce20a089b2d	
member	com.kotcrab.vis.ui.widget.file.internal.FileChooserWinService#<stmt3>	sge.visui.widget.file.internal.FileChooserWinService#<stmt3>	Renamed	-	com/kotcrab/vis/ui/widget/file/internal/FileChooserWinService.java	71	b1651e223bcb6a88	
member	com.kotcrab.vis.ui.widget.file.internal.FileChooserWinService#addListener(File,RootNameListener)	sge.visui.widget.file.internal.FileChooserWinService#addListener(File,RootNameListener)	Renamed	-	com/kotcrab/vis/ui/widget/file/internal/FileChooserWinService.java	100	6a37620acf8c2f86	
member	com.kotcrab.vis.ui.widget.file.internal.FileChooserWinService#getInstance(Sge)	sge.visui.widget.file.internal.FileChooserWinService#getInstance(Sge)	Renamed	-	com/kotcrab/vis/ui/widget/file/internal/FileChooserWinService.java	50	526c01a349faa3d2	placement=companion
member	com.kotcrab.vis.ui.widget.file.internal.FileChooserWinService#getShellFolderDisplayNameMethod	sge.visui.widget.file.internal.FileChooserWinService#getShellFolderDisplayNameMethod	Renamed	-	com/kotcrab/vis/ui/widget/file/internal/FileChooserWinService.java	48	5ce398e24f754cbe	vis=private
member	com.kotcrab.vis.ui.widget.file.internal.FileChooserWinService#getShellFolderMethod	sge.visui.widget.file.internal.FileChooserWinService#getShellFolderMethod	Renamed	-	com/kotcrab/vis/ui/widget/file/internal/FileChooserWinService.java	47	cbd8c7e740bbf66a	vis=private
member	com.kotcrab.vis.ui.widget.file.internal.FileChooserWinService#getSystemDisplayName(File)	sge.visui.widget.file.internal.FileChooserWinService#getSystemDisplayName(File)	Renamed	-	com/kotcrab/vis/ui/widget/file/internal/FileChooserWinService.java	118	0b8d2ef936a280cc	vis=private
member	com.kotcrab.vis.ui.widget.file.internal.FileChooserWinService#instance	sge.visui.widget.file.internal.FileChooserWinService#instance	Renamed	-	com/kotcrab/vis/ui/widget/file/internal/FileChooserWinService.java	39	02266fa8cdf8dee3	placement=companion vis=private
member	com.kotcrab.vis.ui.widget.file.internal.FileChooserWinService#listeners	sge.visui.widget.file.internal.FileChooserWinService#listeners	Renamed	-	com/kotcrab/vis/ui/widget/file/internal/FileChooserWinService.java	43	06753193a39ffb50	vis=private
member	com.kotcrab.vis.ui.widget.file.internal.FileChooserWinService#nameCache	sge.visui.widget.file.internal.FileChooserWinService#nameCache	Renamed	-	com/kotcrab/vis/ui/widget/file/internal/FileChooserWinService.java	41	3eb94825bfb14e1c	vis=private
member	com.kotcrab.vis.ui.widget.file.internal.FileChooserWinService#pool	sge.visui.widget.file.internal.FileChooserWinService#pool	Renamed	-	com/kotcrab/vis/ui/widget/file/internal/FileChooserWinService.java	44	675f3eb1ac6d1346	vis=private
member	com.kotcrab.vis.ui.widget.file.internal.FileChooserWinService#processResult(File,String)	sge.visui.widget.file.internal.FileChooserWinService#processResult(File,String)	Renamed	-	com/kotcrab/vis/ui/widget/file/internal/FileChooserWinService.java	85	ce2897b7522b50a8	vis=private
member	com.kotcrab.vis.ui.widget.file.internal.FileChooserWinService#processRoot(File)	sge.visui.widget.file.internal.FileChooserWinService#processRoot(File)	Renamed	-	com/kotcrab/vis/ui/widget/file/internal/FileChooserWinService.java	76	7f0bd6d454fb930b	vis=private
member	com.kotcrab.vis.ui.widget.file.internal.FileChooserWinService#shellFolderSupported	sge.visui.widget.file.internal.FileChooserWinService#shellFolderSupported	Renamed	-	com/kotcrab/vis/ui/widget/file/internal/FileChooserWinService.java	46	8aeba045fdb49ec5	vis=private
member	com.kotcrab.vis.ui.widget.file.internal.FileChooserWinService$ListenerSet#add(RootNameListener)	sge.visui.widget.file.internal.FileChooserWinService$ListenerSet#add(RootNameListener)	Renamed	-	com/kotcrab/vis/ui/widget/file/internal/FileChooserWinService.java	146	9392241b711888f4	
member	com.kotcrab.vis.ui.widget.file.internal.FileChooserWinService$ListenerSet#list	sge.visui.widget.file.internal.FileChooserWinService$ListenerSet#list	Renamed	-	com/kotcrab/vis/ui/widget/file/internal/FileChooserWinService.java	144	14684641f033316c	
member	com.kotcrab.vis.ui.widget.file.internal.FileChooserWinService$ListenerSet#notifyListeners(String)	sge.visui.widget.file.internal.FileChooserWinService$ListenerSet#notifyListeners(String)	Renamed	-	com/kotcrab/vis/ui/widget/file/internal/FileChooserWinService.java	150	2a33fd71cd5a5c91	
member	com.kotcrab.vis.ui.widget.file.internal.FileChooserWinService$RootNameListener#setRootName(String)	sge.visui.widget.file.internal.FileChooserWinService$RootNameListener#setRootName(String)	Renamed	-	com/kotcrab/vis/ui/widget/file/internal/FileChooserWinService.java	140	c51bba6a6337d206	
member	com.kotcrab.vis.ui.widget.file.internal.FileHandleMetadata#<stmt1>	sge.visui.widget.file.internal.FileHandleMetadata#<stmt1>	Renamed	-	com/kotcrab/vis/ui/widget/file/internal/FileHandleMetadata.java	34	de61d0422b7899fb	
member	com.kotcrab.vis.ui.widget.file.internal.FileHandleMetadata#<stmt2>	sge.visui.widget.file.internal.FileHandleMetadata#<stmt2>	Renamed	-	com/kotcrab/vis/ui/widget/file/internal/FileHandleMetadata.java	35	15332933782b1bb6	
member	com.kotcrab.vis.ui.widget.file.internal.FileHandleMetadata#<stmt3>	sge.visui.widget.file.internal.FileHandleMetadata#<stmt3>	Renamed	-	com/kotcrab/vis/ui/widget/file/internal/FileHandleMetadata.java	36	39794b8ace267d04	
member	com.kotcrab.vis.ui.widget.file.internal.FileHandleMetadata#<stmt4>	sge.visui.widget.file.internal.FileHandleMetadata#<stmt4>	Renamed	-	com/kotcrab/vis/ui/widget/file/internal/FileHandleMetadata.java	37	b622013ff1d1560a	
member	com.kotcrab.vis.ui.widget.file.internal.FileHandleMetadata#<stmt5>	sge.visui.widget.file.internal.FileHandleMetadata#<stmt5>	Renamed	-	com/kotcrab/vis/ui/widget/file/internal/FileHandleMetadata.java	38	9bb813782bccb2c0	
member	com.kotcrab.vis.ui.widget.file.internal.FileHandleMetadata#directory	sge.visui.widget.file.internal.FileHandleMetadata#directory	Renamed	-	com/kotcrab/vis/ui/widget/file/internal/FileHandleMetadata.java	24	3927a464d4445b2b	vis=private
member	com.kotcrab.vis.ui.widget.file.internal.FileHandleMetadata#isDirectory()	sge.visui.widget.file.internal.FileHandleMetadata#isDirectory()	Renamed	-	com/kotcrab/vis/ui/widget/file/internal/FileHandleMetadata.java	45	c3b567b3bbaa5448	
member	com.kotcrab.vis.ui.widget.file.internal.FileHandleMetadata#lastModified	sge.visui.widget.file.internal.FileHandleMetadata#lastModified	Renamed	-	com/kotcrab/vis/ui/widget/file/internal/FileHandleMetadata.java	25	35f99b6260d1f918	name=lastModified$field
member	com.kotcrab.vis.ui.widget.file.internal.FileHandleMetadata#lastModified()	sge.visui.widget.file.internal.FileHandleMetadata#lastModified()	Renamed	-	com/kotcrab/vis/ui/widget/file/internal/FileHandleMetadata.java	49	f26df3608d3ee2d4	
member	com.kotcrab.vis.ui.widget.file.internal.FileHandleMetadata#length	sge.visui.widget.file.internal.FileHandleMetadata#length	Renamed	-	com/kotcrab/vis/ui/widget/file/internal/FileHandleMetadata.java	26	ae2e68d41ab10378	name=length$field
member	com.kotcrab.vis.ui.widget.file.internal.FileHandleMetadata#length()	sge.visui.widget.file.internal.FileHandleMetadata#length()	Renamed	-	com/kotcrab/vis/ui/widget/file/internal/FileHandleMetadata.java	53	973a13e947a4ed4b	
member	com.kotcrab.vis.ui.widget.file.internal.FileHandleMetadata#name	sge.visui.widget.file.internal.FileHandleMetadata#name	Renamed	-	com/kotcrab/vis/ui/widget/file/internal/FileHandleMetadata.java	23	19a929d870c7cbda	name=name$field
member	com.kotcrab.vis.ui.widget.file.internal.FileHandleMetadata#name()	sge.visui.widget.file.internal.FileHandleMetadata#name()	Renamed	-	com/kotcrab/vis/ui/widget/file/internal/FileHandleMetadata.java	41	413b3c3b46a19f34	
member	com.kotcrab.vis.ui.widget.file.internal.FileHandleMetadata#of(FileHandle)	sge.visui.widget.file.internal.FileHandleMetadata#of(FileHandle)	Renamed	-	com/kotcrab/vis/ui/widget/file/internal/FileHandleMetadata.java	29	a11b6f304c455704	placement=companion
member	com.kotcrab.vis.ui.widget.file.internal.FileHandleMetadata#readableFileSize	sge.visui.widget.file.internal.FileHandleMetadata#readableFileSize	Renamed	-	com/kotcrab/vis/ui/widget/file/internal/FileHandleMetadata.java	27	b17312d5c68c6c14	name=readableFileSize$field
member	com.kotcrab.vis.ui.widget.file.internal.FileHandleMetadata#readableFileSize()	sge.visui.widget.file.internal.FileHandleMetadata#readableFileSize()	Renamed	-	com/kotcrab/vis/ui/widget/file/internal/FileHandleMetadata.java	57	f8e60b5f40de5388	
member	com.kotcrab.vis.ui.widget.file.internal.FileHistoryManager#<stmt10>	sge.visui.widget.file.internal.FileHistoryManager#<stmt10>	Renamed	-	com/kotcrab/vis/ui/widget/file/internal/FileHistoryManager.java	62	ad657813635f76be	
member	com.kotcrab.vis.ui.widget.file.internal.FileHistoryManager#<stmt11>	sge.visui.widget.file.internal.FileHistoryManager#<stmt11>	Renamed	-	com/kotcrab/vis/ui/widget/file/internal/FileHistoryManager.java	64	c9c1b678f6147f5c	
member	com.kotcrab.vis.ui.widget.file.internal.FileHistoryManager#<stmt12>	sge.visui.widget.file.internal.FileHistoryManager#<stmt12>	Renamed	-	com/kotcrab/vis/ui/widget/file/internal/FileHistoryManager.java	71	914132cb1e651023	
member	com.kotcrab.vis.ui.widget.file.internal.FileHistoryManager#<stmt1>	sge.visui.widget.file.internal.FileHistoryManager#<stmt1>	Renamed	-	com/kotcrab/vis/ui/widget/file/internal/FileHistoryManager.java	52	001e021011fdcf2c	
member	com.kotcrab.vis.ui.widget.file.internal.FileHistoryManager#<stmt2>	sge.visui.widget.file.internal.FileHistoryManager#<stmt2>	Renamed	-	com/kotcrab/vis/ui/widget/file/internal/FileHistoryManager.java	53	f310c6d35d60d203	
member	com.kotcrab.vis.ui.widget.file.internal.FileHistoryManager#<stmt3>	sge.visui.widget.file.internal.FileHistoryManager#<stmt3>	Renamed	-	com/kotcrab/vis/ui/widget/file/internal/FileHistoryManager.java	54	9568287060f4aa5c	
member	com.kotcrab.vis.ui.widget.file.internal.FileHistoryManager#<stmt4>	sge.visui.widget.file.internal.FileHistoryManager#<stmt4>	Renamed	-	com/kotcrab/vis/ui/widget/file/internal/FileHistoryManager.java	55	4b5389b1663e5862	
member	com.kotcrab.vis.ui.widget.file.internal.FileHistoryManager#<stmt5>	sge.visui.widget.file.internal.FileHistoryManager#<stmt5>	Renamed	-	com/kotcrab/vis/ui/widget/file/internal/FileHistoryManager.java	56	a4987241de0e6329	
member	com.kotcrab.vis.ui.widget.file.internal.FileHistoryManager#<stmt6>	sge.visui.widget.file.internal.FileHistoryManager#<stmt6>	Renamed	-	com/kotcrab/vis/ui/widget/file/internal/FileHistoryManager.java	57	97f069926c04ade9	
member	com.kotcrab.vis.ui.widget.file.internal.FileHistoryManager#<stmt7>	sge.visui.widget.file.internal.FileHistoryManager#<stmt7>	Renamed	-	com/kotcrab/vis/ui/widget/file/internal/FileHistoryManager.java	58	aedf02f2a6f10ff7	
member	com.kotcrab.vis.ui.widget.file.internal.FileHistoryManager#<stmt8>	sge.visui.widget.file.internal.FileHistoryManager#<stmt8>	Renamed	-	com/kotcrab/vis/ui/widget/file/internal/FileHistoryManager.java	60	88e836e10b43e12f	
member	com.kotcrab.vis.ui.widget.file.internal.FileHistoryManager#<stmt9>	sge.visui.widget.file.internal.FileHistoryManager#<stmt9>	Renamed	-	com/kotcrab/vis/ui/widget/file/internal/FileHistoryManager.java	61	58993ffeb456ca78	
member	com.kotcrab.vis.ui.widget.file.internal.FileHistoryManager#backButton	sge.visui.widget.file.internal.FileHistoryManager#backButton	Renamed	-	com/kotcrab/vis/ui/widget/file/internal/FileHistoryManager.java	48	c4bbd48e9ad426be	
member	com.kotcrab.vis.ui.widget.file.internal.FileHistoryManager#buttonsTable	sge.visui.widget.file.internal.FileHistoryManager#buttonsTable	Renamed	-	com/kotcrab/vis/ui/widget/file/internal/FileHistoryManager.java	47	43317a3f4fe1dfd4	
member	com.kotcrab.vis.ui.widget.file.internal.FileHistoryManager#callback	sge.visui.widget.file.internal.FileHistoryManager#callback	Renamed	-	com/kotcrab/vis/ui/widget/file/internal/FileHistoryManager.java	42	eb606419ba1c84ec	
member	com.kotcrab.vis.ui.widget.file.internal.FileHistoryManager#forwardButton	sge.visui.widget.file.internal.FileHistoryManager#forwardButton	Renamed	-	com/kotcrab/vis/ui/widget/file/internal/FileHistoryManager.java	49	e3a6d2d9a90ac952	
member	com.kotcrab.vis.ui.widget.file.internal.FileHistoryManager#getButtonsTable()	sge.visui.widget.file.internal.FileHistoryManager#getButtonsTable()	Renamed	-	com/kotcrab/vis/ui/widget/file/internal/FileHistoryManager.java	102	54fa89c7942578ea	
member	com.kotcrab.vis.ui.widget.file.internal.FileHistoryManager#getDefaultClickListener()	sge.visui.widget.file.internal.FileHistoryManager#getDefaultClickListener()	Renamed	-	com/kotcrab/vis/ui/widget/file/internal/FileHistoryManager.java	79	adffe49e04658778	
member	com.kotcrab.vis.ui.widget.file.internal.FileHistoryManager#hasHistoryBack()	sge.visui.widget.file.internal.FileHistoryManager#hasHistoryBack()	Renamed	-	com/kotcrab/vis/ui/widget/file/internal/FileHistoryManager.java	160	98a05f6b7aee80f7	vis=private
member	com.kotcrab.vis.ui.widget.file.internal.FileHistoryManager#hasHistoryForward()	sge.visui.widget.file.internal.FileHistoryManager#hasHistoryForward()	Renamed	-	com/kotcrab/vis/ui/widget/file/internal/FileHistoryManager.java	155	feb606d4f6fd2e1c	vis=private
member	com.kotcrab.vis.ui.widget.file.internal.FileHistoryManager#history	sge.visui.widget.file.internal.FileHistoryManager#history	Renamed	-	com/kotcrab/vis/ui/widget/file/internal/FileHistoryManager.java	44	60811194d2d04cd8	vis=private
member	com.kotcrab.vis.ui.widget.file.internal.FileHistoryManager#historyAdd()	sge.visui.widget.file.internal.FileHistoryManager#historyAdd()	Renamed	-	com/kotcrab/vis/ui/widget/file/internal/FileHistoryManager.java	113	c13c7b8f4752f3b1	
member	com.kotcrab.vis.ui.widget.file.internal.FileHistoryManager#historyBack()	sge.visui.widget.file.internal.FileHistoryManager#historyBack()	Renamed	-	com/kotcrab/vis/ui/widget/file/internal/FileHistoryManager.java	120	901f10dd41a359db	
member	com.kotcrab.vis.ui.widget.file.internal.FileHistoryManager#historyClear()	sge.visui.widget.file.internal.FileHistoryManager#historyClear()	Renamed	-	com/kotcrab/vis/ui/widget/file/internal/FileHistoryManager.java	106	8158986d50adc314	
member	com.kotcrab.vis.ui.widget.file.internal.FileHistoryManager#historyForward	sge.visui.widget.file.internal.FileHistoryManager#historyForward	Renamed	-	com/kotcrab/vis/ui/widget/file/internal/FileHistoryManager.java	45	1adf10730016540a	name=historyForward$field
member	com.kotcrab.vis.ui.widget.file.internal.FileHistoryManager#historyForward()	sge.visui.widget.file.internal.FileHistoryManager#historyForward()	Renamed	-	com/kotcrab/vis/ui/widget/file/internal/FileHistoryManager.java	132	45f36cbd0df85b8e	
member	com.kotcrab.vis.ui.widget.file.internal.FileHistoryManager#setDirectoryFromHistory(FileHandle)	sge.visui.widget.file.internal.FileHistoryManager#setDirectoryFromHistory(FileHandle)	Renamed	-	com/kotcrab/vis/ui/widget/file/internal/FileHistoryManager.java	144	bbb1031effe100af	vis=private
member	com.kotcrab.vis.ui.widget.file.internal.FileHistoryManager$FileHistoryCallback#getCurrentDirectory()	sge.visui.widget.file.internal.FileHistoryManager$FileHistoryCallback#getCurrentDirectory()	Renamed	-	com/kotcrab/vis/ui/widget/file/internal/FileHistoryManager.java	165	111842e69845b5a1	
member	com.kotcrab.vis.ui.widget.file.internal.FileHistoryManager$FileHistoryCallback#getStage()	sge.visui.widget.file.internal.FileHistoryManager$FileHistoryCallback#getStage()	Renamed	-	com/kotcrab/vis/ui/widget/file/internal/FileHistoryManager.java	169	e217bf6e893edcc5	
member	com.kotcrab.vis.ui.widget.file.internal.FileHistoryManager$FileHistoryCallback#setDirectory(FileHandle,HistoryPolicy)	sge.visui.widget.file.internal.FileHistoryManager$FileHistoryCallback#setDirectory(FileHandle,HistoryPolicy)	Renamed	-	com/kotcrab/vis/ui/widget/file/internal/FileHistoryManager.java	167	d02ca64f8163ea34	
member	com.kotcrab.vis.ui.widget.file.internal.FileListAdapter#<stmt1>	sge.visui.widget.file.internal.FileListAdapter#<stmt1>	Renamed	-	com/kotcrab/vis/ui/widget/file/internal/FileListAdapter.java	35	810d882229068647	
member	com.kotcrab.vis.ui.widget.file.internal.FileListAdapter#<stmt2>	sge.visui.widget.file.internal.FileListAdapter#<stmt2>	Renamed	-	com/kotcrab/vis/ui/widget/file/internal/FileListAdapter.java	36	8181a331e83a4087	
member	com.kotcrab.vis.ui.widget.file.internal.FileListAdapter#chooser	sge.visui.widget.file.internal.FileListAdapter#chooser	Renamed	-	com/kotcrab/vis/ui/widget/file/internal/FileListAdapter.java	29	4f998316eb175fc0	
member	com.kotcrab.vis.ui.widget.file.internal.FileListAdapter#createView(FileHandle)	sge.visui.widget.file.internal.FileListAdapter#createView(FileHandle)	Renamed	-	com/kotcrab/vis/ui/widget/file/internal/FileListAdapter.java	40	df1aaed886e3adda	
member	com.kotcrab.vis.ui.widget.file.internal.FileListAdapter#fillTable(VisTable)	sge.visui.widget.file.internal.FileListAdapter#fillTable(VisTable)	Renamed	-	com/kotcrab/vis/ui/widget/file/internal/FileListAdapter.java	45	7e7fdd7b2d67e744	
member	com.kotcrab.vis.ui.widget.file.internal.FileListAdapter#getOrderedViews()	sge.visui.widget.file.internal.FileListAdapter#getOrderedViews()	Renamed	-	com/kotcrab/vis/ui/widget/file/internal/FileListAdapter.java	80	b57882e93fcd6c8e	
member	com.kotcrab.vis.ui.widget.file.internal.FileListAdapter#getViews()	sge.visui.widget.file.internal.FileListAdapter#getViews()	Renamed	-	com/kotcrab/vis/ui/widget/file/internal/FileListAdapter.java	76	f0c49fe2015dff17	
member	com.kotcrab.vis.ui.widget.file.internal.FileListAdapter#gridGroup	sge.visui.widget.file.internal.FileListAdapter#gridGroup	Renamed	-	com/kotcrab/vis/ui/widget/file/internal/FileListAdapter.java	31	a174912e6777fcf2	
member	com.kotcrab.vis.ui.widget.file.internal.FileListAdapter#orderedViews	sge.visui.widget.file.internal.FileListAdapter#orderedViews	Renamed	-	com/kotcrab/vis/ui/widget/file/internal/FileListAdapter.java	30	9ddb7a8e282da55f	vis=private
member	com.kotcrab.vis.ui.widget.file.internal.FilePopupMenu#<stmt10>	sge.visui.widget.file.internal.FilePopupMenu#<stmt10>	Renamed	-	com/kotcrab/vis/ui/widget/file/internal/FilePopupMenu.java	67	b12973e4cda4f86e	
member	com.kotcrab.vis.ui.widget.file.internal.FilePopupMenu#<stmt11>	sge.visui.widget.file.internal.FilePopupMenu#<stmt11>	Renamed	-	com/kotcrab/vis/ui/widget/file/internal/FilePopupMenu.java	69	c395a2dc5e5147f9	
member	com.kotcrab.vis.ui.widget.file.internal.FilePopupMenu#<stmt12>	sge.visui.widget.file.internal.FilePopupMenu#<stmt12>	Renamed	-	com/kotcrab/vis/ui/widget/file/internal/FilePopupMenu.java	76	35069443b6ce4c88	
member	com.kotcrab.vis.ui.widget.file.internal.FilePopupMenu#<stmt13>	sge.visui.widget.file.internal.FilePopupMenu#<stmt13>	Renamed	-	com/kotcrab/vis/ui/widget/file/internal/FilePopupMenu.java	83	1886935cff847708	
member	com.kotcrab.vis.ui.widget.file.internal.FilePopupMenu#<stmt14>	sge.visui.widget.file.internal.FilePopupMenu#<stmt14>	Renamed	-	com/kotcrab/vis/ui/widget/file/internal/FilePopupMenu.java	94	68bce6ed5c59c2d9	
member	com.kotcrab.vis.ui.widget.file.internal.FilePopupMenu#<stmt15>	sge.visui.widget.file.internal.FilePopupMenu#<stmt15>	Renamed	-	com/kotcrab/vis/ui/widget/file/internal/FilePopupMenu.java	101	4c269a0311c729a4	
member	com.kotcrab.vis.ui.widget.file.internal.FilePopupMenu#<stmt16>	sge.visui.widget.file.internal.FilePopupMenu#<stmt16>	Renamed	-	com/kotcrab/vis/ui/widget/file/internal/FilePopupMenu.java	108	32b051d3f06badf1	
member	com.kotcrab.vis.ui.widget.file.internal.FilePopupMenu#<stmt1>	sge.visui.widget.file.internal.FilePopupMenu#<stmt1>	Renamed	-	com/kotcrab/vis/ui/widget/file/internal/FilePopupMenu.java	56	5e3ca95936c98ec9	
member	com.kotcrab.vis.ui.widget.file.internal.FilePopupMenu#<stmt2>	sge.visui.widget.file.internal.FilePopupMenu#<stmt2>	Renamed	-	com/kotcrab/vis/ui/widget/file/internal/FilePopupMenu.java	58	ff6d3b1af3e2876d	
member	com.kotcrab.vis.ui.widget.file.internal.FilePopupMenu#<stmt3>	sge.visui.widget.file.internal.FilePopupMenu#<stmt3>	Renamed	-	com/kotcrab/vis/ui/widget/file/internal/FilePopupMenu.java	60	16a1868f7be50312	
member	com.kotcrab.vis.ui.widget.file.internal.FilePopupMenu#<stmt4>	sge.visui.widget.file.internal.FilePopupMenu#<stmt4>	Renamed	-	com/kotcrab/vis/ui/widget/file/internal/FilePopupMenu.java	61	4cafe21d4b8f0726	
member	com.kotcrab.vis.ui.widget.file.internal.FilePopupMenu#<stmt5>	sge.visui.widget.file.internal.FilePopupMenu#<stmt5>	Renamed	-	com/kotcrab/vis/ui/widget/file/internal/FilePopupMenu.java	62	087d58f8ae51544a	
member	com.kotcrab.vis.ui.widget.file.internal.FilePopupMenu#<stmt6>	sge.visui.widget.file.internal.FilePopupMenu#<stmt6>	Renamed	-	com/kotcrab/vis/ui/widget/file/internal/FilePopupMenu.java	63	b1915067c2bc0aeb	
member	com.kotcrab.vis.ui.widget.file.internal.FilePopupMenu#<stmt7>	sge.visui.widget.file.internal.FilePopupMenu#<stmt7>	Renamed	-	com/kotcrab/vis/ui/widget/file/internal/FilePopupMenu.java	64	ac530a45dfa176a1	
member	com.kotcrab.vis.ui.widget.file.internal.FilePopupMenu#<stmt8>	sge.visui.widget.file.internal.FilePopupMenu#<stmt8>	Renamed	-	com/kotcrab/vis/ui/widget/file/internal/FilePopupMenu.java	65	0ef10cf2c43ef3e3	
member	com.kotcrab.vis.ui.widget.file.internal.FilePopupMenu#<stmt9>	sge.visui.widget.file.internal.FilePopupMenu#<stmt9>	Renamed	-	com/kotcrab/vis/ui/widget/file/internal/FilePopupMenu.java	66	763b88412fb9ca70	
member	com.kotcrab.vis.ui.widget.file.internal.FilePopupMenu#addToFavorites	sge.visui.widget.file.internal.FilePopupMenu#addToFavorites	Renamed	-	com/kotcrab/vis/ui/widget/file/internal/FilePopupMenu.java	50	28d754b27755856d	
member	com.kotcrab.vis.ui.widget.file.internal.FilePopupMenu#build()	sge.visui.widget.file.internal.FilePopupMenu#build()	Renamed	-	com/kotcrab/vis/ui/widget/file/internal/FilePopupMenu.java	116	50b867395ed0f287	
member	com.kotcrab.vis.ui.widget.file.internal.FilePopupMenu#build(Array,FileHandle)	sge.visui.widget.file.internal.FilePopupMenu#build(Array<FileHandle>,FileHandle)	Renamed	-	com/kotcrab/vis/ui/widget/file/internal/FilePopupMenu.java	124	99c5046132b7fa01	
member	com.kotcrab.vis.ui.widget.file.internal.FilePopupMenu#buildForFavorite(Array,File)	sge.visui.widget.file.internal.FilePopupMenu#buildForFavorite(Array<FileHandle>,File)	Renamed	-	com/kotcrab/vis/ui/widget/file/internal/FilePopupMenu.java	149	a03701d42327797d	
member	com.kotcrab.vis.ui.widget.file.internal.FilePopupMenu#delete	sge.visui.widget.file.internal.FilePopupMenu#delete	Renamed	-	com/kotcrab/vis/ui/widget/file/internal/FilePopupMenu.java	46	f8d064ed1ed71500	
member	com.kotcrab.vis.ui.widget.file.internal.FilePopupMenu#file	sge.visui.widget.file.internal.FilePopupMenu#file	Renamed	-	com/kotcrab/vis/ui/widget/file/internal/FilePopupMenu.java	44	1588831583b428b4	
member	com.kotcrab.vis.ui.widget.file.internal.FilePopupMenu#fileDeleterChanged(boolean)	sge.visui.widget.file.internal.FilePopupMenu#fileDeleterChanged(boolean)	Renamed	-	com/kotcrab/vis/ui/widget/file/internal/FilePopupMenu.java	163	2656105aaa3a7397	
member	com.kotcrab.vis.ui.widget.file.internal.FilePopupMenu#isAddedToStage()	sge.visui.widget.file.internal.FilePopupMenu#isAddedToStage()	Renamed	-	com/kotcrab/vis/ui/widget/file/internal/FilePopupMenu.java	159	a56c89420b189944	
member	com.kotcrab.vis.ui.widget.file.internal.FilePopupMenu#newDirectory	sge.visui.widget.file.internal.FilePopupMenu#newDirectory	Renamed	-	com/kotcrab/vis/ui/widget/file/internal/FilePopupMenu.java	47	0c2198498e10d81a	
member	com.kotcrab.vis.ui.widget.file.internal.FilePopupMenu#refresh	sge.visui.widget.file.internal.FilePopupMenu#refresh	Renamed	-	com/kotcrab/vis/ui/widget/file/internal/FilePopupMenu.java	49	06c3e32a8e081d4c	
member	com.kotcrab.vis.ui.widget.file.internal.FilePopupMenu#removeFromFavorites	sge.visui.widget.file.internal.FilePopupMenu#removeFromFavorites	Renamed	-	com/kotcrab/vis/ui/widget/file/internal/FilePopupMenu.java	51	6ed00b52d2a18b00	
member	com.kotcrab.vis.ui.widget.file.internal.FilePopupMenu#showInExplorer	sge.visui.widget.file.internal.FilePopupMenu#showInExplorer	Renamed	-	com/kotcrab/vis/ui/widget/file/internal/FilePopupMenu.java	48	c3f2b24e819360ec	
member	com.kotcrab.vis.ui.widget.file.internal.FilePopupMenu#sortBy	sge.visui.widget.file.internal.FilePopupMenu#sortBy	Renamed	-	com/kotcrab/vis/ui/widget/file/internal/FilePopupMenu.java	52	884fb302878f3646	
member	com.kotcrab.vis.ui.widget.file.internal.FilePopupMenu#sortingPopupMenu	sge.visui.widget.file.internal.FilePopupMenu#sortingPopupMenu	Renamed	-	com/kotcrab/vis/ui/widget/file/internal/FilePopupMenu.java	42	f4d71ce4750db119	
member	com.kotcrab.vis.ui.widget.file.internal.FilePopupMenu#style	sge.visui.widget.file.internal.FilePopupMenu#style	Renamed	-	com/kotcrab/vis/ui/widget/file/internal/FilePopupMenu.java	40	bcf7afab10f6624c	name=style$shadow
member	com.kotcrab.vis.ui.widget.file.internal.FilePopupMenu$FilePopupMenuCallback#showFileDelDialog(FileHandle)	sge.visui.widget.file.internal.FilePopupMenu$FilePopupMenuCallback#showFileDelDialog(FileHandle)	Renamed	-	com/kotcrab/vis/ui/widget/file/internal/FilePopupMenu.java	170	3d4d8e5791fd23b1	
member	com.kotcrab.vis.ui.widget.file.internal.FilePopupMenu$FilePopupMenuCallback#showNewDirDialog()	sge.visui.widget.file.internal.FilePopupMenu$FilePopupMenuCallback#showNewDirDialog()	Renamed	-	com/kotcrab/vis/ui/widget/file/internal/FilePopupMenu.java	168	1a39f87277c3f9b3	
member	com.kotcrab.vis.ui.widget.file.internal.FileSuggestionPopup#createSuggestions(Array,VisTextField)	sge.visui.widget.file.internal.FileSuggestionPopup#createSuggestions(Array<FileHandle>,VisTextField)	Renamed	-	com/kotcrab/vis/ui/widget/file/internal/FileSuggestionPopup.java	50	b29b23a4515ccede	vis=private
member	com.kotcrab.vis.ui.widget.file.internal.FileSuggestionPopup#getTrimmedName(String)	sge.visui.widget.file.internal.FileSuggestionPopup#getTrimmedName(String)	Renamed	-	com/kotcrab/vis/ui/widget/file/internal/FileSuggestionPopup.java	93	25bda22a68cfb038	vis=private
member	com.kotcrab.vis.ui.widget.file.internal.FileSuggestionPopup#pathFieldKeyTyped(Stage,Array,VisTextField)	sge.visui.widget.file.internal.FileSuggestionPopup#pathFieldKeyTyped(Stage,Array<FileHandle>,VisTextField)	Renamed	-	com/kotcrab/vis/ui/widget/file/internal/FileSuggestionPopup.java	35	45f1861c3a1dc346	
member	com.kotcrab.vis.ui.widget.file.internal.IconStack#<stmt1>	sge.visui.widget.file.internal.IconStack#<stmt1>	Renamed	-	com/kotcrab/vis/ui/widget/file/internal/IconStack.java	35	9ffb48d06b64ae44	
member	com.kotcrab.vis.ui.widget.file.internal.IconStack#<stmt2>	sge.visui.widget.file.internal.IconStack#<stmt2>	Renamed	-	com/kotcrab/vis/ui/widget/file/internal/IconStack.java	36	29b0723f1308eb2e	
member	com.kotcrab.vis.ui.widget.file.internal.IconStack#<stmt3>	sge.visui.widget.file.internal.IconStack#<stmt3>	Renamed	-	com/kotcrab/vis/ui/widget/file/internal/IconStack.java	37	2b32faf88ab509ea	
member	com.kotcrab.vis.ui.widget.file.internal.IconStack#<stmt4>	sge.visui.widget.file.internal.IconStack#<stmt4>	Renamed	-	com/kotcrab/vis/ui/widget/file/internal/IconStack.java	38	38fceb2beb86ad1d	
member	com.kotcrab.vis.ui.widget.file.internal.IconStack#<stmt5>	sge.visui.widget.file.internal.IconStack#<stmt5>	Renamed	-	com/kotcrab/vis/ui/widget/file/internal/IconStack.java	39	75c8e8ff4053555d	
member	com.kotcrab.vis.ui.widget.file.internal.IconStack#<stmt6>	sge.visui.widget.file.internal.IconStack#<stmt6>	Renamed	-	com/kotcrab/vis/ui/widget/file/internal/IconStack.java	40	fc7aa122a0c09fdf	
member	com.kotcrab.vis.ui.widget.file.internal.IconStack#add(Actor)	sge.visui.widget.file.internal.IconStack#add(Actor)	Renamed	-	com/kotcrab/vis/ui/widget/file/internal/IconStack.java	82	76c8667035c96ba0	
member	com.kotcrab.vis.ui.widget.file.internal.IconStack#checkBox	sge.visui.widget.file.internal.IconStack#checkBox	Renamed	-	com/kotcrab/vis/ui/widget/file/internal/IconStack.java	32	71817f2c669d1d9e	
member	com.kotcrab.vis.ui.widget.file.internal.IconStack#computeSize()	sge.visui.widget.file.internal.IconStack#computeSize()	Renamed	-	com/kotcrab/vis/ui/widget/file/internal/IconStack.java	49	e94a31780268a4ba	vis=private
member	com.kotcrab.vis.ui.widget.file.internal.IconStack#getMaxHeight()	sge.visui.widget.file.internal.IconStack#getMaxHeight()	Renamed	-	com/kotcrab/vis/ui/widget/file/internal/IconStack.java	128	a890e429902252fa	
member	com.kotcrab.vis.ui.widget.file.internal.IconStack#getMaxWidth()	sge.visui.widget.file.internal.IconStack#getMaxWidth()	Renamed	-	com/kotcrab/vis/ui/widget/file/internal/IconStack.java	122	5dd187f791f25a4d	
member	com.kotcrab.vis.ui.widget.file.internal.IconStack#getMinHeight()	sge.visui.widget.file.internal.IconStack#getMinHeight()	Renamed	-	com/kotcrab/vis/ui/widget/file/internal/IconStack.java	116	bd5cc747d1f6e99c	
member	com.kotcrab.vis.ui.widget.file.internal.IconStack#getMinWidth()	sge.visui.widget.file.internal.IconStack#getMinWidth()	Renamed	-	com/kotcrab/vis/ui/widget/file/internal/IconStack.java	110	eee45efc8a1ee9e7	
member	com.kotcrab.vis.ui.widget.file.internal.IconStack#getPrefHeight()	sge.visui.widget.file.internal.IconStack#getPrefHeight()	Renamed	-	com/kotcrab/vis/ui/widget/file/internal/IconStack.java	104	67a037757ae2b85a	
member	com.kotcrab.vis.ui.widget.file.internal.IconStack#getPrefWidth()	sge.visui.widget.file.internal.IconStack#getPrefWidth()	Renamed	-	com/kotcrab/vis/ui/widget/file/internal/IconStack.java	98	bd4b05cda6986b97	
member	com.kotcrab.vis.ui.widget.file.internal.IconStack#icon	sge.visui.widget.file.internal.IconStack#icon	Renamed	-	com/kotcrab/vis/ui/widget/file/internal/IconStack.java	31	d57eee0041f168df	
member	com.kotcrab.vis.ui.widget.file.internal.IconStack#invalidate()	sge.visui.widget.file.internal.IconStack#invalidate()	Renamed	-	com/kotcrab/vis/ui/widget/file/internal/IconStack.java	44	1aec628741a0bf77	
member	com.kotcrab.vis.ui.widget.file.internal.IconStack#layout()	sge.visui.widget.file.internal.IconStack#layout()	Renamed	-	com/kotcrab/vis/ui/widget/file/internal/IconStack.java	87	ebd7459b3cd009bd	
member	com.kotcrab.vis.ui.widget.file.internal.IconStack#maxHeight	sge.visui.widget.file.internal.IconStack#maxHeight	Renamed	-	com/kotcrab/vis/ui/widget/file/internal/IconStack.java	29	25d195794581c97a	vis=private
member	com.kotcrab.vis.ui.widget.file.internal.IconStack#maxWidth	sge.visui.widget.file.internal.IconStack#maxWidth	Renamed	-	com/kotcrab/vis/ui/widget/file/internal/IconStack.java	29	33b062ab2bebc72e	vis=private
member	com.kotcrab.vis.ui.widget.file.internal.IconStack#minHeight	sge.visui.widget.file.internal.IconStack#minHeight	Renamed	-	com/kotcrab/vis/ui/widget/file/internal/IconStack.java	29	c946dcb1d0bb6c8f	vis=private
member	com.kotcrab.vis.ui.widget.file.internal.IconStack#minWidth	sge.visui.widget.file.internal.IconStack#minWidth	Renamed	-	com/kotcrab/vis/ui/widget/file/internal/IconStack.java	29	39019c2b8d86ee55	vis=private
member	com.kotcrab.vis.ui.widget.file.internal.IconStack#prefHeight	sge.visui.widget.file.internal.IconStack#prefHeight	Renamed	-	com/kotcrab/vis/ui/widget/file/internal/IconStack.java	29	24a59deb68a83c20	vis=private
member	com.kotcrab.vis.ui.widget.file.internal.IconStack#prefWidth	sge.visui.widget.file.internal.IconStack#prefWidth	Renamed	-	com/kotcrab/vis/ui/widget/file/internal/IconStack.java	29	462a0aaefcd4ab97	vis=private
member	com.kotcrab.vis.ui.widget.file.internal.IconStack#sizeInvalid	sge.visui.widget.file.internal.IconStack#sizeInvalid	Renamed	-	com/kotcrab/vis/ui/widget/file/internal/IconStack.java	30	55eb84a402d1dab5	vis=private
member	com.kotcrab.vis.ui.widget.file.internal.PreferencesIO#<init>(Sge)	sge.visui.widget.file.internal.PreferencesIO#<init>(Sge)	Renamed	-	com/kotcrab/vis/ui/widget/file/internal/PreferencesIO.java	38	0e1cad646d89ebf4	
member	com.kotcrab.vis.ui.widget.file.internal.PreferencesIO#<stmt1>	sge.visui.widget.file.internal.PreferencesIO#<stmt1>	Renamed	-	com/kotcrab/vis/ui/widget/file/internal/PreferencesIO.java	43	335c327cd7866484	
member	com.kotcrab.vis.ui.widget.file.internal.PreferencesIO#<stmt2>	sge.visui.widget.file.internal.PreferencesIO#<stmt2>	Renamed	-	com/kotcrab/vis/ui/widget/file/internal/PreferencesIO.java	44	6aefce32ca308885	
member	com.kotcrab.vis.ui.widget.file.internal.PreferencesIO#VIS_DEFAULT_PREFS_NAME	sge.visui.widget.file.internal.PreferencesIO#VIS_DEFAULT_PREFS_NAME	Renamed	-	com/kotcrab/vis/ui/widget/file/internal/PreferencesIO.java	28	8be61862a43cc4c5	placement=companion vis=private
member	com.kotcrab.vis.ui.widget.file.internal.PreferencesIO#checkIfUsingDefaultName()	sge.visui.widget.file.internal.PreferencesIO#checkIfUsingDefaultName()	Renamed	-	com/kotcrab/vis/ui/widget/file/internal/PreferencesIO.java	47	03cdbb6df07e9903	
member	com.kotcrab.vis.ui.widget.file.internal.PreferencesIO#defaultPrefsName	sge.visui.widget.file.internal.PreferencesIO#defaultPrefsName	Renamed	-	com/kotcrab/vis/ui/widget/file/internal/PreferencesIO.java	29	b7c7106fc3053d00	placement=companion vis=private
member	com.kotcrab.vis.ui.widget.file.internal.PreferencesIO#favoritesKeyName	sge.visui.widget.file.internal.PreferencesIO#favoritesKeyName	Renamed	-	com/kotcrab/vis/ui/widget/file/internal/PreferencesIO.java	31	6e4dbf0d0ee720fc	vis=private
member	com.kotcrab.vis.ui.widget.file.internal.PreferencesIO#json	sge.visui.widget.file.internal.PreferencesIO#json	Renamed	-	com/kotcrab/vis/ui/widget/file/internal/PreferencesIO.java	36	d38bf63c57fdb851	vis=private
member	com.kotcrab.vis.ui.widget.file.internal.PreferencesIO#lastDirKeyName	sge.visui.widget.file.internal.PreferencesIO#lastDirKeyName	Renamed	-	com/kotcrab/vis/ui/widget/file/internal/PreferencesIO.java	33	6c4e750990c573a5	vis=private
member	com.kotcrab.vis.ui.widget.file.internal.PreferencesIO#loadFavorites()	sge.visui.widget.file.internal.PreferencesIO#loadFavorites()	Renamed	-	com/kotcrab/vis/ui/widget/file/internal/PreferencesIO.java	58	5c28a8fd0f0e1fa9	
member	com.kotcrab.vis.ui.widget.file.internal.PreferencesIO#loadLastDirectory()	sge.visui.widget.file.internal.PreferencesIO#loadLastDirectory()	Renamed	-	com/kotcrab/vis/ui/widget/file/internal/PreferencesIO.java	84	a01fd8a649fa1ba9	
member	com.kotcrab.vis.ui.widget.file.internal.PreferencesIO#loadRecentDirectories()	sge.visui.widget.file.internal.PreferencesIO#loadRecentDirectories()	Renamed	-	com/kotcrab/vis/ui/widget/file/internal/PreferencesIO.java	71	bbace48bb6de0fc4	
member	com.kotcrab.vis.ui.widget.file.internal.PreferencesIO#prefs	sge.visui.widget.file.internal.PreferencesIO#prefs	Renamed	-	com/kotcrab/vis/ui/widget/file/internal/PreferencesIO.java	35	4c5134fa3762dc17	
member	com.kotcrab.vis.ui.widget.file.internal.PreferencesIO#recentDirKeyName	sge.visui.widget.file.internal.PreferencesIO#recentDirKeyName	Renamed	-	com/kotcrab/vis/ui/widget/file/internal/PreferencesIO.java	32	a3a19d75bc6bc035	vis=private
member	com.kotcrab.vis.ui.widget.file.internal.PreferencesIO#saveFavorites(Array)	sge.visui.widget.file.internal.PreferencesIO#saveFavorites(Array<FileHandle>)	Renamed	-	com/kotcrab/vis/ui/widget/file/internal/PreferencesIO.java	66	4e9bbb28fd5fd1b2	
member	com.kotcrab.vis.ui.widget.file.internal.PreferencesIO#saveLastDirectory(FileHandle)	sge.visui.widget.file.internal.PreferencesIO#saveLastDirectory(FileHandle)	Renamed	-	com/kotcrab/vis/ui/widget/file/internal/PreferencesIO.java	90	ca812c21b6f99275	
member	com.kotcrab.vis.ui.widget.file.internal.PreferencesIO#saveRecentDirectories(Array)	sge.visui.widget.file.internal.PreferencesIO#saveRecentDirectories(Array<FileHandle>)	Renamed	-	com/kotcrab/vis/ui/widget/file/internal/PreferencesIO.java	79	c0351ef97d035f00	
member	com.kotcrab.vis.ui.widget.file.internal.PreferencesIO#setDefaultPrefsName(String)	sge.visui.widget.file.internal.PreferencesIO#setDefaultPrefsName(String)	Renamed	-	com/kotcrab/vis/ui/widget/file/internal/PreferencesIO.java	53	85dab0b1fc869d72	placement=companion
member	com.kotcrab.vis.ui.widget.file.internal.PreferencesIO$FileArrayData#<init>(Array,Sge)	sge.visui.widget.file.internal.PreferencesIO$FileArrayData#<init>(Array<FileHandle>,Sge)	Renamed	-	com/kotcrab/vis/ui/widget/file/internal/PreferencesIO.java	102	053621bcd04331eb	
member	com.kotcrab.vis.ui.widget.file.internal.PreferencesIO$FileArrayData#<init>(Sge)	sge.visui.widget.file.internal.PreferencesIO$FileArrayData#<init>(Sge)	Renamed	-	com/kotcrab/vis/ui/widget/file/internal/PreferencesIO.java	98	706cbc2b342efc81	
member	com.kotcrab.vis.ui.widget.file.internal.PreferencesIO$FileArrayData#data	sge.visui.widget.file.internal.PreferencesIO$FileArrayData#data	Renamed	-	com/kotcrab/vis/ui/widget/file/internal/PreferencesIO.java	96	b855361450c6d421	
member	com.kotcrab.vis.ui.widget.file.internal.PreferencesIO$FileArrayData#toFileHandleArray()	sge.visui.widget.file.internal.PreferencesIO$FileArrayData#toFileHandleArray()	Renamed	-	com/kotcrab/vis/ui/widget/file/internal/PreferencesIO.java	108	57946ac32410fecd	
member	com.kotcrab.vis.ui.widget.file.internal.PreferencesIO$FileHandleData#<init>(FileHandle,Sge)	sge.visui.widget.file.internal.PreferencesIO$FileHandleData#<init>(FileHandle,Sge)	Renamed	-	com/kotcrab/vis/ui/widget/file/internal/PreferencesIO.java	126	4d309207d6027b0d	
member	com.kotcrab.vis.ui.widget.file.internal.PreferencesIO$FileHandleData#<init>(Sge)	sge.visui.widget.file.internal.PreferencesIO$FileHandleData#<init>(Sge)	Renamed	-	com/kotcrab/vis/ui/widget/file/internal/PreferencesIO.java	123	7a4ca5110fe314fb	
member	com.kotcrab.vis.ui.widget.file.internal.PreferencesIO$FileHandleData#path	sge.visui.widget.file.internal.PreferencesIO$FileHandleData#path	Renamed	-	com/kotcrab/vis/ui/widget/file/internal/PreferencesIO.java	121	91633d1b749f4f69	
member	com.kotcrab.vis.ui.widget.file.internal.PreferencesIO$FileHandleData#toFileHandle()	sge.visui.widget.file.internal.PreferencesIO$FileHandleData#toFileHandle()	Renamed	-	com/kotcrab/vis/ui/widget/file/internal/PreferencesIO.java	131	09516c014f6d8cd6	
member	com.kotcrab.vis.ui.widget.file.internal.PreferencesIO$FileHandleData#type	sge.visui.widget.file.internal.PreferencesIO$FileHandleData#type	Renamed	-	com/kotcrab/vis/ui/widget/file/internal/PreferencesIO.java	120	a0a0686dba7ef187	
member	com.kotcrab.vis.ui.widget.file.internal.ServiceThreadFactory#<stmt1>	sge.visui.widget.file.internal.ServiceThreadFactory#<stmt1>	Renamed	-	com/kotcrab/vis/ui/widget/file/internal/ServiceThreadFactory.java	30	a6cb208d3b586412	
member	com.kotcrab.vis.ui.widget.file.internal.ServiceThreadFactory#count	sge.visui.widget.file.internal.ServiceThreadFactory#count	Renamed	-	com/kotcrab/vis/ui/widget/file/internal/ServiceThreadFactory.java	25	d330a9569cde1b19	vis=private
member	com.kotcrab.vis.ui.widget.file.internal.ServiceThreadFactory#newThread(Runnable)	sge.visui.widget.file.internal.ServiceThreadFactory#newThread(Runnable)	Renamed	-	com/kotcrab/vis/ui/widget/file/internal/ServiceThreadFactory.java	34	8cd7c5bd7cf363dc	
member	com.kotcrab.vis.ui.widget.file.internal.ServiceThreadFactory#threadPrefix	sge.visui.widget.file.internal.ServiceThreadFactory#threadPrefix	Renamed	-	com/kotcrab/vis/ui/widget/file/internal/ServiceThreadFactory.java	26	abff9e50a0792d74	
member	com.kotcrab.vis.ui.widget.file.internal.SortingPopupMenu#<stmt10>	sge.visui.widget.file.internal.SortingPopupMenu#<stmt10>	Renamed	-	com/kotcrab/vis/ui/widget/file/internal/SortingPopupMenu.java	86	c9b6bc5f475731e5	
member	com.kotcrab.vis.ui.widget.file.internal.SortingPopupMenu#<stmt11>	sge.visui.widget.file.internal.SortingPopupMenu#<stmt11>	Renamed	-	com/kotcrab/vis/ui/widget/file/internal/SortingPopupMenu.java	87	577ce20300d88ca0	
member	com.kotcrab.vis.ui.widget.file.internal.SortingPopupMenu#<stmt12>	sge.visui.widget.file.internal.SortingPopupMenu#<stmt12>	Renamed	-	com/kotcrab/vis/ui/widget/file/internal/SortingPopupMenu.java	88	850dbf1c18dd0b44	
member	com.kotcrab.vis.ui.widget.file.internal.SortingPopupMenu#<stmt13>	sge.visui.widget.file.internal.SortingPopupMenu#<stmt13>	Renamed	-	com/kotcrab/vis/ui/widget/file/internal/SortingPopupMenu.java	89	8b9ea036cafc8011	
member	com.kotcrab.vis.ui.widget.file.internal.SortingPopupMenu#<stmt14>	sge.visui.widget.file.internal.SortingPopupMenu#<stmt14>	Renamed	-	com/kotcrab/vis/ui/widget/file/internal/SortingPopupMenu.java	91	1c8bb1c14820a894	
member	com.kotcrab.vis.ui.widget.file.internal.SortingPopupMenu#<stmt15>	sge.visui.widget.file.internal.SortingPopupMenu#<stmt15>	Renamed	-	com/kotcrab/vis/ui/widget/file/internal/SortingPopupMenu.java	92	ab64b8526743024f	
member	com.kotcrab.vis.ui.widget.file.internal.SortingPopupMenu#<stmt16>	sge.visui.widget.file.internal.SortingPopupMenu#<stmt16>	Renamed	-	com/kotcrab/vis/ui/widget/file/internal/SortingPopupMenu.java	93	a6f7136cf7c704a6	
member	com.kotcrab.vis.ui.widget.file.internal.SortingPopupMenu#<stmt17>	sge.visui.widget.file.internal.SortingPopupMenu#<stmt17>	Renamed	-	com/kotcrab/vis/ui/widget/file/internal/SortingPopupMenu.java	94	fafea78599b2c7e6	
member	com.kotcrab.vis.ui.widget.file.internal.SortingPopupMenu#<stmt18>	sge.visui.widget.file.internal.SortingPopupMenu#<stmt18>	Renamed	-	com/kotcrab/vis/ui/widget/file/internal/SortingPopupMenu.java	95	7193e47d3d3c22e2	
member	com.kotcrab.vis.ui.widget.file.internal.SortingPopupMenu#<stmt1>	sge.visui.widget.file.internal.SortingPopupMenu#<stmt1>	Renamed	-	com/kotcrab/vis/ui/widget/file/internal/SortingPopupMenu.java	48	66f690a5ea8a5214	
member	com.kotcrab.vis.ui.widget.file.internal.SortingPopupMenu#<stmt2>	sge.visui.widget.file.internal.SortingPopupMenu#<stmt2>	Renamed	-	com/kotcrab/vis/ui/widget/file/internal/SortingPopupMenu.java	49	810d882229068647	
member	com.kotcrab.vis.ui.widget.file.internal.SortingPopupMenu#<stmt3>	sge.visui.widget.file.internal.SortingPopupMenu#<stmt3>	Renamed	-	com/kotcrab/vis/ui/widget/file/internal/SortingPopupMenu.java	51	92013b756b3ec7eb	
member	com.kotcrab.vis.ui.widget.file.internal.SortingPopupMenu#<stmt4>	sge.visui.widget.file.internal.SortingPopupMenu#<stmt4>	Renamed	-	com/kotcrab/vis/ui/widget/file/internal/SortingPopupMenu.java	57	ccbbe37a0fb47fe0	
member	com.kotcrab.vis.ui.widget.file.internal.SortingPopupMenu#<stmt5>	sge.visui.widget.file.internal.SortingPopupMenu#<stmt5>	Renamed	-	com/kotcrab/vis/ui/widget/file/internal/SortingPopupMenu.java	63	c024688d2dc689b9	
member	com.kotcrab.vis.ui.widget.file.internal.SortingPopupMenu#<stmt6>	sge.visui.widget.file.internal.SortingPopupMenu#<stmt6>	Renamed	-	com/kotcrab/vis/ui/widget/file/internal/SortingPopupMenu.java	70	f66ad5c39711cb87	
member	com.kotcrab.vis.ui.widget.file.internal.SortingPopupMenu#<stmt7>	sge.visui.widget.file.internal.SortingPopupMenu#<stmt7>	Renamed	-	com/kotcrab/vis/ui/widget/file/internal/SortingPopupMenu.java	72	4b55f34677e0c5b0	
member	com.kotcrab.vis.ui.widget.file.internal.SortingPopupMenu#<stmt8>	sge.visui.widget.file.internal.SortingPopupMenu#<stmt8>	Renamed	-	com/kotcrab/vis/ui/widget/file/internal/SortingPopupMenu.java	78	ca3910ea6ce71250	
member	com.kotcrab.vis.ui.widget.file.internal.SortingPopupMenu#<stmt9>	sge.visui.widget.file.internal.SortingPopupMenu#<stmt9>	Renamed	-	com/kotcrab/vis/ui/widget/file/internal/SortingPopupMenu.java	85	d8068bf23fdc905a	
member	com.kotcrab.vis.ui.widget.file.internal.SortingPopupMenu#build()	sge.visui.widget.file.internal.SortingPopupMenu#build()	Renamed	-	com/kotcrab/vis/ui/widget/file/internal/SortingPopupMenu.java	98	82deafca90bf9474	
member	com.kotcrab.vis.ui.widget.file.internal.SortingPopupMenu#chooser	sge.visui.widget.file.internal.SortingPopupMenu#chooser	Renamed	-	com/kotcrab/vis/ui/widget/file/internal/SortingPopupMenu.java	32	4f998316eb175fc0	
member	com.kotcrab.vis.ui.widget.file.internal.SortingPopupMenu#selectedMenuItem	sge.visui.widget.file.internal.SortingPopupMenu#selectedMenuItem	Renamed	-	com/kotcrab/vis/ui/widget/file/internal/SortingPopupMenu.java	33	96607ddbc5512433	
member	com.kotcrab.vis.ui.widget.file.internal.SortingPopupMenu#sortByAscending	sge.visui.widget.file.internal.SortingPopupMenu#sortByAscending	Renamed	-	com/kotcrab/vis/ui/widget/file/internal/SortingPopupMenu.java	38	022e772fb0c0c783	
member	com.kotcrab.vis.ui.widget.file.internal.SortingPopupMenu#sortByAscendingImage	sge.visui.widget.file.internal.SortingPopupMenu#sortByAscendingImage	Renamed	-	com/kotcrab/vis/ui/widget/file/internal/SortingPopupMenu.java	44	57e45b61f618e0f1	
member	com.kotcrab.vis.ui.widget.file.internal.SortingPopupMenu#sortByDate	sge.visui.widget.file.internal.SortingPopupMenu#sortByDate	Renamed	-	com/kotcrab/vis/ui/widget/file/internal/SortingPopupMenu.java	36	64d919d5d8c4cd9a	
member	com.kotcrab.vis.ui.widget.file.internal.SortingPopupMenu#sortByDateImage	sge.visui.widget.file.internal.SortingPopupMenu#sortByDateImage	Renamed	-	com/kotcrab/vis/ui/widget/file/internal/SortingPopupMenu.java	42	dcf4eeeddbe4905e	
member	com.kotcrab.vis.ui.widget.file.internal.SortingPopupMenu#sortByDescending	sge.visui.widget.file.internal.SortingPopupMenu#sortByDescending	Renamed	-	com/kotcrab/vis/ui/widget/file/internal/SortingPopupMenu.java	39	f4974379fe2fea10	
member	com.kotcrab.vis.ui.widget.file.internal.SortingPopupMenu#sortByDescendingImage	sge.visui.widget.file.internal.SortingPopupMenu#sortByDescendingImage	Renamed	-	com/kotcrab/vis/ui/widget/file/internal/SortingPopupMenu.java	45	3acb98e36a5d3594	
member	com.kotcrab.vis.ui.widget.file.internal.SortingPopupMenu#sortByName	sge.visui.widget.file.internal.SortingPopupMenu#sortByName	Renamed	-	com/kotcrab/vis/ui/widget/file/internal/SortingPopupMenu.java	35	b8138f71d17336a8	
member	com.kotcrab.vis.ui.widget.file.internal.SortingPopupMenu#sortByNameImage	sge.visui.widget.file.internal.SortingPopupMenu#sortByNameImage	Renamed	-	com/kotcrab/vis/ui/widget/file/internal/SortingPopupMenu.java	41	c7f7bec0b276ec4e	
member	com.kotcrab.vis.ui.widget.file.internal.SortingPopupMenu#sortBySize	sge.visui.widget.file.internal.SortingPopupMenu#sortBySize	Renamed	-	com/kotcrab/vis/ui/widget/file/internal/SortingPopupMenu.java	37	f2d8617d3be59c30	
member	com.kotcrab.vis.ui.widget.file.internal.SortingPopupMenu#sortBySizeImage	sge.visui.widget.file.internal.SortingPopupMenu#sortBySizeImage	Renamed	-	com/kotcrab/vis/ui/widget/file/internal/SortingPopupMenu.java	43	44654f5d3ebb991f	
member	com.kotcrab.vis.ui.widget.internal.SplitPaneCursorManager#<stmt1>	sge.visui.widget.internal.SplitPaneCursorManager#<stmt1>	Renamed	-	com/kotcrab/vis/ui/widget/internal/SplitPaneCursorManager.java	39	bf3fc443a808b2b5	
member	com.kotcrab.vis.ui.widget.internal.SplitPaneCursorManager#<stmt2>	sge.visui.widget.internal.SplitPaneCursorManager#<stmt2>	Renamed	-	com/kotcrab/vis/ui/widget/internal/SplitPaneCursorManager.java	40	b9293bb40e7c975a	
member	com.kotcrab.vis.ui.widget.internal.SplitPaneCursorManager#clearCustomCursor()	sge.visui.widget.internal.SplitPaneCursorManager#clearCustomCursor()	Renamed	-	com/kotcrab/vis/ui/widget/internal/SplitPaneCursorManager.java	92	84f873059b7f31e2	vis=private
member	com.kotcrab.vis.ui.widget.internal.SplitPaneCursorManager#contains(float,float)	sge.visui.widget.internal.SplitPaneCursorManager#contains(float,float)	Renamed	-	com/kotcrab/vis/ui/widget/internal/SplitPaneCursorManager.java	101	f47e0ca4650973ab	
member	com.kotcrab.vis.ui.widget.internal.SplitPaneCursorManager#currentCursor	sge.visui.widget.internal.SplitPaneCursorManager#currentCursor	Renamed	-	com/kotcrab/vis/ui/widget/internal/SplitPaneCursorManager.java	36	93374bb19893d23e	vis=private
member	com.kotcrab.vis.ui.widget.internal.SplitPaneCursorManager#exit(InputEvent,float,float,int,Nullable)	sge.visui.widget.internal.SplitPaneCursorManager#exit(InputEvent,float,float,int,Nullable<Actor>)	Renamed	-	com/kotcrab/vis/ui/widget/internal/SplitPaneCursorManager.java	71	64bf727ecf06c817	
member	com.kotcrab.vis.ui.widget.internal.SplitPaneCursorManager#handleBoundsContains(float,float)	sge.visui.widget.internal.SplitPaneCursorManager#handleBoundsContains(float,float)	Renamed	-	com/kotcrab/vis/ui/widget/internal/SplitPaneCursorManager.java	99	014674f0cb66aca3	
member	com.kotcrab.vis.ui.widget.internal.SplitPaneCursorManager#mouseMoved(InputEvent,float,float)	sge.visui.widget.internal.SplitPaneCursorManager#mouseMoved(InputEvent,float,float)	Renamed	-	com/kotcrab/vis/ui/widget/internal/SplitPaneCursorManager.java	59	b5c175aff60facc0	
member	com.kotcrab.vis.ui.widget.internal.SplitPaneCursorManager#owner	sge.visui.widget.internal.SplitPaneCursorManager#owner	Renamed	-	com/kotcrab/vis/ui/widget/internal/SplitPaneCursorManager.java	33	d35e7f94726d3689	
member	com.kotcrab.vis.ui.widget.internal.SplitPaneCursorManager#setCustomCursor()	sge.visui.widget.internal.SplitPaneCursorManager#setCustomCursor()	Renamed	-	com/kotcrab/vis/ui/widget/internal/SplitPaneCursorManager.java	78	8d2923d8e183ff43	vis=private
member	com.kotcrab.vis.ui.widget.internal.SplitPaneCursorManager#touchDown(InputEvent,float,float,int,int)	sge.visui.widget.internal.SplitPaneCursorManager#touchDown(InputEvent,float,float,int,int)	Renamed	-	com/kotcrab/vis/ui/widget/internal/SplitPaneCursorManager.java	44	c5b322b9eed81352	
member	com.kotcrab.vis.ui.widget.internal.SplitPaneCursorManager#touchDragged(InputEvent,float,float,int)	sge.visui.widget.internal.SplitPaneCursorManager#touchDragged(InputEvent,float,float,int)	Renamed	-	com/kotcrab/vis/ui/widget/internal/SplitPaneCursorManager.java	49	2397064e9fc09fa7	
member	com.kotcrab.vis.ui.widget.internal.SplitPaneCursorManager#vertical	sge.visui.widget.internal.SplitPaneCursorManager#vertical	Renamed	-	com/kotcrab/vis/ui/widget/internal/SplitPaneCursorManager.java	34	135c5494fed4c863	
member	com.kotcrab.vis.ui.widget.spinner.AbstractSpinnerModel#<stmt1>	sge.visui.widget.spinner.AbstractSpinnerModel#<stmt1>	Renamed	-	com/kotcrab/vis/ui/widget/spinner/AbstractSpinnerModel.java	36	f85fbdd713f30193	
member	com.kotcrab.vis.ui.widget.spinner.AbstractSpinnerModel#allowRebind	sge.visui.widget.spinner.AbstractSpinnerModel#allowRebind	Renamed	-	com/kotcrab/vis/ui/widget/spinner/AbstractSpinnerModel.java	32	a69c34a9902eed52	
member	com.kotcrab.vis.ui.widget.spinner.AbstractSpinnerModel#bind(Spinner)	sge.visui.widget.spinner.AbstractSpinnerModel#bind(Spinner)	Renamed	-	com/kotcrab/vis/ui/widget/spinner/AbstractSpinnerModel.java	40	46387beaa03381d6	
member	com.kotcrab.vis.ui.widget.spinner.AbstractSpinnerModel#decrement()	sge.visui.widget.spinner.AbstractSpinnerModel#decrement()	Renamed	-	com/kotcrab/vis/ui/widget/spinner/AbstractSpinnerModel.java	71	5bc7cb77e4b513cd	
member	com.kotcrab.vis.ui.widget.spinner.AbstractSpinnerModel#decrement(boolean)	sge.visui.widget.spinner.AbstractSpinnerModel#decrement(boolean)	Renamed	-	com/kotcrab/vis/ui/widget/spinner/AbstractSpinnerModel.java	76	4f0d9f471206e55d	
member	com.kotcrab.vis.ui.widget.spinner.AbstractSpinnerModel#decrementModel()	sge.visui.widget.spinner.AbstractSpinnerModel#decrementModel()	Renamed	-	com/kotcrab/vis/ui/widget/spinner/AbstractSpinnerModel.java	56	ff63fbde34aa85b1	
member	com.kotcrab.vis.ui.widget.spinner.AbstractSpinnerModel#increment()	sge.visui.widget.spinner.AbstractSpinnerModel#increment()	Renamed	-	com/kotcrab/vis/ui/widget/spinner/AbstractSpinnerModel.java	59	64b45494e29127c5	
member	com.kotcrab.vis.ui.widget.spinner.AbstractSpinnerModel#increment(boolean)	sge.visui.widget.spinner.AbstractSpinnerModel#increment(boolean)	Renamed	-	com/kotcrab/vis/ui/widget/spinner/AbstractSpinnerModel.java	64	e20e4f5c3d534591	
member	com.kotcrab.vis.ui.widget.spinner.AbstractSpinnerModel#incrementModel()	sge.visui.widget.spinner.AbstractSpinnerModel#incrementModel()	Renamed	-	com/kotcrab/vis/ui/widget/spinner/AbstractSpinnerModel.java	50	92bfef7d800ae606	
member	com.kotcrab.vis.ui.widget.spinner.AbstractSpinnerModel#isAllowRebind()	sge.visui.widget.spinner.AbstractSpinnerModel#isAllowRebind()	Renamed	-	com/kotcrab/vis/ui/widget/spinner/AbstractSpinnerModel.java	93	650197d325cf3ade	
member	com.kotcrab.vis.ui.widget.spinner.AbstractSpinnerModel#isWrap()	sge.visui.widget.spinner.AbstractSpinnerModel#isWrap()	Renamed	-	com/kotcrab/vis/ui/widget/spinner/AbstractSpinnerModel.java	83	86db9651fd7a1646	
member	com.kotcrab.vis.ui.widget.spinner.AbstractSpinnerModel#setAllowRebind(boolean)	sge.visui.widget.spinner.AbstractSpinnerModel#setAllowRebind(boolean)	Renamed	-	com/kotcrab/vis/ui/widget/spinner/AbstractSpinnerModel.java	97	adcba3968a47b403	
member	com.kotcrab.vis.ui.widget.spinner.AbstractSpinnerModel#setWrap(boolean)	sge.visui.widget.spinner.AbstractSpinnerModel#setWrap(boolean)	Renamed	-	com/kotcrab/vis/ui/widget/spinner/AbstractSpinnerModel.java	88	95d960b18612389d	
member	com.kotcrab.vis.ui.widget.spinner.AbstractSpinnerModel#spinner	sge.visui.widget.spinner.AbstractSpinnerModel#spinner	Renamed	-	com/kotcrab/vis/ui/widget/spinner/AbstractSpinnerModel.java	30	a574b79bd72ed088	
member	com.kotcrab.vis.ui.widget.spinner.AbstractSpinnerModel#wrap	sge.visui.widget.spinner.AbstractSpinnerModel#wrap	Renamed	-	com/kotcrab/vis/ui/widget/spinner/AbstractSpinnerModel.java	33	6bacf5a2defdd85d	vis=private
member	com.kotcrab.vis.ui.widget.spinner.ArraySpinnerModel#<init>()	sge.visui.widget.spinner.ArraySpinnerModel#<init>()	Renamed	-	com/kotcrab/vis/ui/widget/spinner/ArraySpinnerModel.java	43	9d623e04320ff1b7	
member	com.kotcrab.vis.ui.widget.spinner.ArraySpinnerModel#<init>(Array)	sge.visui.widget.spinner.ArraySpinnerModel#<init>(Array<T>)	Renamed	-	com/kotcrab/vis/ui/widget/spinner/ArraySpinnerModel.java	52	dc71a269be372be8	
member	com.kotcrab.vis.ui.widget.spinner.ArraySpinnerModel#bind(Spinner)	sge.visui.widget.spinner.ArraySpinnerModel#bind(Spinner)	Renamed	-	com/kotcrab/vis/ui/widget/spinner/ArraySpinnerModel.java	58	4944e469ce9bece3	
member	com.kotcrab.vis.ui.widget.spinner.ArraySpinnerModel#current	sge.visui.widget.spinner.ArraySpinnerModel#current	Renamed	-	com/kotcrab/vis/ui/widget/spinner/ArraySpinnerModel.java	36	262729635fb31143	vis=private
member	com.kotcrab.vis.ui.widget.spinner.ArraySpinnerModel#currentIndex	sge.visui.widget.spinner.ArraySpinnerModel#currentIndex	Renamed	-	com/kotcrab/vis/ui/widget/spinner/ArraySpinnerModel.java	37	a158446521427566	vis=private
member	com.kotcrab.vis.ui.widget.spinner.ArraySpinnerModel#decrementModel()	sge.visui.widget.spinner.ArraySpinnerModel#decrementModel()	Renamed	-	com/kotcrab/vis/ui/widget/spinner/ArraySpinnerModel.java	113	09d332265e81a1d3	
member	com.kotcrab.vis.ui.widget.spinner.ArraySpinnerModel#getCurrent()	sge.visui.widget.spinner.ArraySpinnerModel#getCurrent()	Renamed	-	com/kotcrab/vis/ui/widget/spinner/ArraySpinnerModel.java	156	824021d9a71a8586	
member	com.kotcrab.vis.ui.widget.spinner.ArraySpinnerModel#getCurrentIndex()	sge.visui.widget.spinner.ArraySpinnerModel#getCurrentIndex()	Renamed	-	com/kotcrab/vis/ui/widget/spinner/ArraySpinnerModel.java	151	5bc597792af3a205	
member	com.kotcrab.vis.ui.widget.spinner.ArraySpinnerModel#getItemIndexForText(String)	sge.visui.widget.spinner.ArraySpinnerModel#getItemIndexForText(String)	Renamed	-	com/kotcrab/vis/ui/widget/spinner/ArraySpinnerModel.java	80	ec26c9745901a50b	vis=private
member	com.kotcrab.vis.ui.widget.spinner.ArraySpinnerModel#getItems()	sge.visui.widget.spinner.ArraySpinnerModel#getItems()	Renamed	-	com/kotcrab/vis/ui/widget/spinner/ArraySpinnerModel.java	138	2b81973c45385424	
member	com.kotcrab.vis.ui.widget.spinner.ArraySpinnerModel#getText()	sge.visui.widget.spinner.ArraySpinnerModel#getText()	Renamed	-	com/kotcrab/vis/ui/widget/spinner/ArraySpinnerModel.java	127	1295e473317cb2ed	
member	com.kotcrab.vis.ui.widget.spinner.ArraySpinnerModel#incrementModel()	sge.visui.widget.spinner.ArraySpinnerModel#incrementModel()	Renamed	-	com/kotcrab/vis/ui/widget/spinner/ArraySpinnerModel.java	99	9c1ea3c859b12d83	
member	com.kotcrab.vis.ui.widget.spinner.ArraySpinnerModel#invalidateDataSet()	sge.visui.widget.spinner.ArraySpinnerModel#invalidateDataSet()	Renamed	-	com/kotcrab/vis/ui/widget/spinner/ArraySpinnerModel.java	132	cfd7f9adf13db58f	
member	com.kotcrab.vis.ui.widget.spinner.ArraySpinnerModel#itemToString(T)	sge.visui.widget.spinner.ArraySpinnerModel#itemToString(T)	Renamed	-	com/kotcrab/vis/ui/widget/spinner/ArraySpinnerModel.java	75	393258be7d08ef66	
member	com.kotcrab.vis.ui.widget.spinner.ArraySpinnerModel#items	sge.visui.widget.spinner.ArraySpinnerModel#items	Renamed	-	com/kotcrab/vis/ui/widget/spinner/ArraySpinnerModel.java	35	2dc585516158c97b	
member	com.kotcrab.vis.ui.widget.spinner.ArraySpinnerModel#setCurrent(T)	sge.visui.widget.spinner.ArraySpinnerModel#setCurrent(T)	Renamed	-	com/kotcrab/vis/ui/widget/spinner/ArraySpinnerModel.java	172	7e4f8fea9e9cf50a	
member	com.kotcrab.vis.ui.widget.spinner.ArraySpinnerModel#setCurrent(T,boolean)	sge.visui.widget.spinner.ArraySpinnerModel#setCurrent(T,boolean)	Renamed	-	com/kotcrab/vis/ui/widget/spinner/ArraySpinnerModel.java	177	b1d4a7fcd493381c	
member	com.kotcrab.vis.ui.widget.spinner.ArraySpinnerModel#setCurrent(int)	sge.visui.widget.spinner.ArraySpinnerModel#setCurrent(int)	Renamed	-	com/kotcrab/vis/ui/widget/spinner/ArraySpinnerModel.java	161	e932b54033a268a9	
member	com.kotcrab.vis.ui.widget.spinner.ArraySpinnerModel#setCurrent(int,boolean)	sge.visui.widget.spinner.ArraySpinnerModel#setCurrent(int,boolean)	Renamed	-	com/kotcrab/vis/ui/widget/spinner/ArraySpinnerModel.java	166	8c55639d36033e94	
member	com.kotcrab.vis.ui.widget.spinner.ArraySpinnerModel#setItems(Array)	sge.visui.widget.spinner.ArraySpinnerModel#setItems(Array<T>)	Renamed	-	com/kotcrab/vis/ui/widget/spinner/ArraySpinnerModel.java	143	fcdf9a7b2a491d12	
member	com.kotcrab.vis.ui.widget.spinner.ArraySpinnerModel#textChanged()	sge.visui.widget.spinner.ArraySpinnerModel#textChanged()	Renamed	-	com/kotcrab/vis/ui/widget/spinner/ArraySpinnerModel.java	91	79e7ea8b989ac613	
member	com.kotcrab.vis.ui.widget.spinner.ArraySpinnerModel#updateCurrentItem(int)	sge.visui.widget.spinner.ArraySpinnerModel#updateCurrentItem(int)	Renamed	-	com/kotcrab/vis/ui/widget/spinner/ArraySpinnerModel.java	186	59dc468eae5f7abf	vis=private
member	com.kotcrab.vis.ui.widget.spinner.FloatSpinnerModel#<init>(String,String,String)	sge.visui.widget.spinner.FloatSpinnerModel#<init>(String,String,String)	Renamed	-	com/kotcrab/vis/ui/widget/spinner/FloatSpinnerModel.java	42	1d5a096686188186	
member	com.kotcrab.vis.ui.widget.spinner.FloatSpinnerModel#<init>(String,String,String,String)	sge.visui.widget.spinner.FloatSpinnerModel#<init>(String,String,String,String)	Renamed	-	com/kotcrab/vis/ui/widget/spinner/FloatSpinnerModel.java	46	1613d9d8a266f5a6	
member	com.kotcrab.vis.ui.widget.spinner.FloatSpinnerModel#<init>(String,String,String,String,int)	sge.visui.widget.spinner.FloatSpinnerModel#<init>(String,String,String,String,int)	Renamed	-	com/kotcrab/vis/ui/widget/spinner/FloatSpinnerModel.java	50	e38a0424bc183be1	
member	com.kotcrab.vis.ui.widget.spinner.FloatSpinnerModel#<stmt1>	sge.visui.widget.spinner.FloatSpinnerModel#<stmt1>	Renamed	-	com/kotcrab/vis/ui/widget/spinner/FloatSpinnerModel.java	56	9ebfa1c38163a370	
member	com.kotcrab.vis.ui.widget.spinner.FloatSpinnerModel#<stmt2>	sge.visui.widget.spinner.FloatSpinnerModel#<stmt2>	Renamed	-	com/kotcrab/vis/ui/widget/spinner/FloatSpinnerModel.java	57	b59dac09fdc25a13	
member	com.kotcrab.vis.ui.widget.spinner.FloatSpinnerModel#<stmt3>	sge.visui.widget.spinner.FloatSpinnerModel#<stmt3>	Renamed	-	com/kotcrab/vis/ui/widget/spinner/FloatSpinnerModel.java	58	b733366022dcb7a7	
member	com.kotcrab.vis.ui.widget.spinner.FloatSpinnerModel#<stmt4>	sge.visui.widget.spinner.FloatSpinnerModel#<stmt4>	Renamed	-	com/kotcrab/vis/ui/widget/spinner/FloatSpinnerModel.java	59	1989b169163868cf	
member	com.kotcrab.vis.ui.widget.spinner.FloatSpinnerModel#<stmt5>	sge.visui.widget.spinner.FloatSpinnerModel#<stmt5>	Renamed	-	com/kotcrab/vis/ui/widget/spinner/FloatSpinnerModel.java	60	98eb33393b7510c6	
member	com.kotcrab.vis.ui.widget.spinner.FloatSpinnerModel#<stmt6>	sge.visui.widget.spinner.FloatSpinnerModel#<stmt6>	Renamed	-	com/kotcrab/vis/ui/widget/spinner/FloatSpinnerModel.java	62	8c0862810a4a3e0c	
member	com.kotcrab.vis.ui.widget.spinner.FloatSpinnerModel#<stmt7>	sge.visui.widget.spinner.FloatSpinnerModel#<stmt7>	Renamed	-	com/kotcrab/vis/ui/widget/spinner/FloatSpinnerModel.java	63	d9c3b478a510350f	
member	com.kotcrab.vis.ui.widget.spinner.FloatSpinnerModel#<stmt8>	sge.visui.widget.spinner.FloatSpinnerModel#<stmt8>	Renamed	-	com/kotcrab/vis/ui/widget/spinner/FloatSpinnerModel.java	64	3ad66bb1262b767f	
member	com.kotcrab.vis.ui.widget.spinner.FloatSpinnerModel#bind(Spinner)	sge.visui.widget.spinner.FloatSpinnerModel#bind(Spinner)	Renamed	-	com/kotcrab/vis/ui/widget/spinner/FloatSpinnerModel.java	68	ee8909a11df44a34	
member	com.kotcrab.vis.ui.widget.spinner.FloatSpinnerModel#boundsValidator	sge.visui.widget.spinner.FloatSpinnerModel#boundsValidator	Renamed	-	com/kotcrab/vis/ui/widget/spinner/FloatSpinnerModel.java	33	288ba8087f0a4540	vis=private
member	com.kotcrab.vis.ui.widget.spinner.FloatSpinnerModel#checkInputBounds(String)	sge.visui.widget.spinner.FloatSpinnerModel#checkInputBounds(String)	Renamed	-	com/kotcrab/vis/ui/widget/spinner/FloatSpinnerModel.java	244	5dd6e54c671f5230	vis=private
member	com.kotcrab.vis.ui.widget.spinner.FloatSpinnerModel#current	sge.visui.widget.spinner.FloatSpinnerModel#current	Renamed	-	com/kotcrab/vis/ui/widget/spinner/FloatSpinnerModel.java	39	e70b72714c341182	
member	com.kotcrab.vis.ui.widget.spinner.FloatSpinnerModel#decrementModel()	sge.visui.widget.spinner.FloatSpinnerModel#decrementModel()	Renamed	-	com/kotcrab/vis/ui/widget/spinner/FloatSpinnerModel.java	104	f55389f752b65b3d	
member	com.kotcrab.vis.ui.widget.spinner.FloatSpinnerModel#getMax()	sge.visui.widget.spinner.FloatSpinnerModel#getMax()	Renamed	-	com/kotcrab/vis/ui/widget/spinner/FloatSpinnerModel.java	219	bb70ec3002423b85	
member	com.kotcrab.vis.ui.widget.spinner.FloatSpinnerModel#getMin()	sge.visui.widget.spinner.FloatSpinnerModel#getMin()	Renamed	-	com/kotcrab/vis/ui/widget/spinner/FloatSpinnerModel.java	197	6be439ca618acf11	
member	com.kotcrab.vis.ui.widget.spinner.FloatSpinnerModel#getScale()	sge.visui.widget.spinner.FloatSpinnerModel#getScale()	Renamed	-	com/kotcrab/vis/ui/widget/spinner/FloatSpinnerModel.java	128	7abaf6ec91f5ff83	
member	com.kotcrab.vis.ui.widget.spinner.FloatSpinnerModel#getStep()	sge.visui.widget.spinner.FloatSpinnerModel#getStep()	Renamed	-	com/kotcrab/vis/ui/widget/spinner/FloatSpinnerModel.java	235	186187dd6bc543e6	
member	com.kotcrab.vis.ui.widget.spinner.FloatSpinnerModel#getText()	sge.visui.widget.spinner.FloatSpinnerModel#getText()	Renamed	-	com/kotcrab/vis/ui/widget/spinner/FloatSpinnerModel.java	124	db8223cc7ececfa3	
member	com.kotcrab.vis.ui.widget.spinner.FloatSpinnerModel#getValue()	sge.visui.widget.spinner.FloatSpinnerModel#getValue()	Renamed	-	com/kotcrab/vis/ui/widget/spinner/FloatSpinnerModel.java	193	52e84107cf622b83	
member	com.kotcrab.vis.ui.widget.spinner.FloatSpinnerModel#incrementModel()	sge.visui.widget.spinner.FloatSpinnerModel#incrementModel()	Renamed	-	com/kotcrab/vis/ui/widget/spinner/FloatSpinnerModel.java	85	c1c94b0a47d9aa9b	
member	com.kotcrab.vis.ui.widget.spinner.FloatSpinnerModel#max	sge.visui.widget.spinner.FloatSpinnerModel#max	Renamed	-	com/kotcrab/vis/ui/widget/spinner/FloatSpinnerModel.java	36	e6e746d872fcb6ee	
member	com.kotcrab.vis.ui.widget.spinner.FloatSpinnerModel#min	sge.visui.widget.spinner.FloatSpinnerModel#min	Renamed	-	com/kotcrab/vis/ui/widget/spinner/FloatSpinnerModel.java	37	42a83e333ee0c8df	
member	com.kotcrab.vis.ui.widget.spinner.FloatSpinnerModel#scale	sge.visui.widget.spinner.FloatSpinnerModel#scale	Renamed	-	com/kotcrab/vis/ui/widget/spinner/FloatSpinnerModel.java	40	a5b06bba3f475abd	
member	com.kotcrab.vis.ui.widget.spinner.FloatSpinnerModel#setMax(BigDecimal)	sge.visui.widget.spinner.FloatSpinnerModel#setMax(BigDecimal)	Renamed	-	com/kotcrab/vis/ui/widget/spinner/FloatSpinnerModel.java	224	cdf1f842693e7610	
member	com.kotcrab.vis.ui.widget.spinner.FloatSpinnerModel#setMin(BigDecimal)	sge.visui.widget.spinner.FloatSpinnerModel#setMin(BigDecimal)	Renamed	-	com/kotcrab/vis/ui/widget/spinner/FloatSpinnerModel.java	202	32a9b27d64f12eaf	
member	com.kotcrab.vis.ui.widget.spinner.FloatSpinnerModel#setScale(int)	sge.visui.widget.spinner.FloatSpinnerModel#setScale(int)	Renamed	-	com/kotcrab/vis/ui/widget/spinner/FloatSpinnerModel.java	137	2493131c79e19faa	
member	com.kotcrab.vis.ui.widget.spinner.FloatSpinnerModel#setScale(int,boolean)	sge.visui.widget.spinner.FloatSpinnerModel#setScale(int,boolean)	Renamed	-	com/kotcrab/vis/ui/widget/spinner/FloatSpinnerModel.java	141	3ce1c4f8686db2fa	vis=private
member	com.kotcrab.vis.ui.widget.spinner.FloatSpinnerModel#setStep(BigDecimal)	sge.visui.widget.spinner.FloatSpinnerModel#setStep(BigDecimal)	Renamed	-	com/kotcrab/vis/ui/widget/spinner/FloatSpinnerModel.java	239	69f807e002b87873	
member	com.kotcrab.vis.ui.widget.spinner.FloatSpinnerModel#setValue(BigDecimal)	sge.visui.widget.spinner.FloatSpinnerModel#setValue(BigDecimal)	Renamed	-	com/kotcrab/vis/ui/widget/spinner/FloatSpinnerModel.java	177	6dc3d9e284e95a4d	
member	com.kotcrab.vis.ui.widget.spinner.FloatSpinnerModel#setValue(BigDecimal,boolean)	sge.visui.widget.spinner.FloatSpinnerModel#setValue(BigDecimal,boolean)	Renamed	-	com/kotcrab/vis/ui/widget/spinner/FloatSpinnerModel.java	181	655fe5a716e6ca2f	
member	com.kotcrab.vis.ui.widget.spinner.FloatSpinnerModel#step	sge.visui.widget.spinner.FloatSpinnerModel#step	Renamed	-	com/kotcrab/vis/ui/widget/spinner/FloatSpinnerModel.java	38	03725952a69fd53f	
member	com.kotcrab.vis.ui.widget.spinner.FloatSpinnerModel#textChanged()	sge.visui.widget.spinner.FloatSpinnerModel#textChanged()	Renamed	-	com/kotcrab/vis/ui/widget/spinner/FloatSpinnerModel.java	75	eaaf4e088f2022ad	
member	com.kotcrab.vis.ui.widget.spinner.FloatSpinnerModel#textFieldFilter	sge.visui.widget.spinner.FloatSpinnerModel#textFieldFilter	Renamed	-	com/kotcrab/vis/ui/widget/spinner/FloatSpinnerModel.java	34	55ad384aa83ac642	vis=private
member	com.kotcrab.vis.ui.widget.spinner.FloatSpinnerModel$BoundsValidator#validateInput(String)	sge.visui.widget.spinner.FloatSpinnerModel$BoundsValidator#validateInput(String)	Renamed	-	com/kotcrab/vis/ui/widget/spinner/FloatSpinnerModel.java	255	564f866852950acb	
member	com.kotcrab.vis.ui.widget.spinner.IntSpinnerModel#<init>(int,int,int)	sge.visui.widget.spinner.IntSpinnerModel#<init>(int,int,int)	Renamed	-	com/kotcrab/vis/ui/widget/spinner/IntSpinnerModel.java	40	17848ab56d620cf5	
member	com.kotcrab.vis.ui.widget.spinner.IntSpinnerModel#<stmt1>	sge.visui.widget.spinner.IntSpinnerModel#<stmt1>	Renamed	-	com/kotcrab/vis/ui/widget/spinner/IntSpinnerModel.java	46	a0feffcf86cccc43	
member	com.kotcrab.vis.ui.widget.spinner.IntSpinnerModel#<stmt2>	sge.visui.widget.spinner.IntSpinnerModel#<stmt2>	Renamed	-	com/kotcrab/vis/ui/widget/spinner/IntSpinnerModel.java	47	9eae5ce685376e92	
member	com.kotcrab.vis.ui.widget.spinner.IntSpinnerModel#<stmt3>	sge.visui.widget.spinner.IntSpinnerModel#<stmt3>	Renamed	-	com/kotcrab/vis/ui/widget/spinner/IntSpinnerModel.java	49	9ebfa1c38163a370	
member	com.kotcrab.vis.ui.widget.spinner.IntSpinnerModel#<stmt4>	sge.visui.widget.spinner.IntSpinnerModel#<stmt4>	Renamed	-	com/kotcrab/vis/ui/widget/spinner/IntSpinnerModel.java	50	b59dac09fdc25a13	
member	com.kotcrab.vis.ui.widget.spinner.IntSpinnerModel#<stmt5>	sge.visui.widget.spinner.IntSpinnerModel#<stmt5>	Renamed	-	com/kotcrab/vis/ui/widget/spinner/IntSpinnerModel.java	51	b733366022dcb7a7	
member	com.kotcrab.vis.ui.widget.spinner.IntSpinnerModel#<stmt6>	sge.visui.widget.spinner.IntSpinnerModel#<stmt6>	Renamed	-	com/kotcrab/vis/ui/widget/spinner/IntSpinnerModel.java	52	1989b169163868cf	
member	com.kotcrab.vis.ui.widget.spinner.IntSpinnerModel#bind(Spinner)	sge.visui.widget.spinner.IntSpinnerModel#bind(Spinner)	Renamed	-	com/kotcrab/vis/ui/widget/spinner/IntSpinnerModel.java	56	6764a2b23e33c1d1	
member	com.kotcrab.vis.ui.widget.spinner.IntSpinnerModel#boundsValidator	sge.visui.widget.spinner.IntSpinnerModel#boundsValidator	Renamed	-	com/kotcrab/vis/ui/widget/spinner/IntSpinnerModel.java	32	4f0078155676934b	vis=private
member	com.kotcrab.vis.ui.widget.spinner.IntSpinnerModel#checkInputBounds(String)	sge.visui.widget.spinner.IntSpinnerModel#checkInputBounds(String)	Renamed	-	com/kotcrab/vis/ui/widget/spinner/IntSpinnerModel.java	196	1ca83ea425a8d907	vis=private
member	com.kotcrab.vis.ui.widget.spinner.IntSpinnerModel#current	sge.visui.widget.spinner.IntSpinnerModel#current	Renamed	-	com/kotcrab/vis/ui/widget/spinner/IntSpinnerModel.java	38	88b418462730c552	
member	com.kotcrab.vis.ui.widget.spinner.IntSpinnerModel#decrementModel()	sge.visui.widget.spinner.IntSpinnerModel#decrementModel()	Renamed	-	com/kotcrab/vis/ui/widget/spinner/IntSpinnerModel.java	105	d9c3663744900beb	
member	com.kotcrab.vis.ui.widget.spinner.IntSpinnerModel#getMax()	sge.visui.widget.spinner.IntSpinnerModel#getMax()	Renamed	-	com/kotcrab/vis/ui/widget/spinner/IntSpinnerModel.java	170	03ebd1f181aca12a	
member	com.kotcrab.vis.ui.widget.spinner.IntSpinnerModel#getMin()	sge.visui.widget.spinner.IntSpinnerModel#getMin()	Renamed	-	com/kotcrab/vis/ui/widget/spinner/IntSpinnerModel.java	148	22724bc5fe8db88d	
member	com.kotcrab.vis.ui.widget.spinner.IntSpinnerModel#getStep()	sge.visui.widget.spinner.IntSpinnerModel#getStep()	Renamed	-	com/kotcrab/vis/ui/widget/spinner/IntSpinnerModel.java	186	a99b969be3fd88ff	
member	com.kotcrab.vis.ui.widget.spinner.IntSpinnerModel#getText()	sge.visui.widget.spinner.IntSpinnerModel#getText()	Renamed	-	com/kotcrab/vis/ui/widget/spinner/IntSpinnerModel.java	124	09550d0cf658c8be	
member	com.kotcrab.vis.ui.widget.spinner.IntSpinnerModel#getValue()	sge.visui.widget.spinner.IntSpinnerModel#getValue()	Renamed	-	com/kotcrab/vis/ui/widget/spinner/IntSpinnerModel.java	144	e60d885a5650a59f	
member	com.kotcrab.vis.ui.widget.spinner.IntSpinnerModel#incrementModel()	sge.visui.widget.spinner.IntSpinnerModel#incrementModel()	Renamed	-	com/kotcrab/vis/ui/widget/spinner/IntSpinnerModel.java	86	2ded762371c2558d	
member	com.kotcrab.vis.ui.widget.spinner.IntSpinnerModel#max	sge.visui.widget.spinner.IntSpinnerModel#max	Renamed	-	com/kotcrab/vis/ui/widget/spinner/IntSpinnerModel.java	35	723f902a1b0e56e1	
member	com.kotcrab.vis.ui.widget.spinner.IntSpinnerModel#min	sge.visui.widget.spinner.IntSpinnerModel#min	Renamed	-	com/kotcrab/vis/ui/widget/spinner/IntSpinnerModel.java	36	fe1f9a8a9e2941c5	
member	com.kotcrab.vis.ui.widget.spinner.IntSpinnerModel#setMax(int)	sge.visui.widget.spinner.IntSpinnerModel#setMax(int)	Renamed	-	com/kotcrab/vis/ui/widget/spinner/IntSpinnerModel.java	175	5bf2163b28e8101a	
member	com.kotcrab.vis.ui.widget.spinner.IntSpinnerModel#setMin(int)	sge.visui.widget.spinner.IntSpinnerModel#setMin(int)	Renamed	-	com/kotcrab/vis/ui/widget/spinner/IntSpinnerModel.java	153	351907cecfd21c66	
member	com.kotcrab.vis.ui.widget.spinner.IntSpinnerModel#setStep(int)	sge.visui.widget.spinner.IntSpinnerModel#setStep(int)	Renamed	-	com/kotcrab/vis/ui/widget/spinner/IntSpinnerModel.java	190	3c3a3177e6c19fdd	
member	com.kotcrab.vis.ui.widget.spinner.IntSpinnerModel#setValue(int)	sge.visui.widget.spinner.IntSpinnerModel#setValue(int)	Renamed	-	com/kotcrab/vis/ui/widget/spinner/IntSpinnerModel.java	128	5fe4f2bf5a7417c7	
member	com.kotcrab.vis.ui.widget.spinner.IntSpinnerModel#setValue(int,boolean)	sge.visui.widget.spinner.IntSpinnerModel#setValue(int,boolean)	Renamed	-	com/kotcrab/vis/ui/widget/spinner/IntSpinnerModel.java	132	8aa0630fce73bb75	
member	com.kotcrab.vis.ui.widget.spinner.IntSpinnerModel#step	sge.visui.widget.spinner.IntSpinnerModel#step	Renamed	-	com/kotcrab/vis/ui/widget/spinner/IntSpinnerModel.java	37	9011768486211572	
member	com.kotcrab.vis.ui.widget.spinner.IntSpinnerModel#textChanged()	sge.visui.widget.spinner.IntSpinnerModel#textChanged()	Renamed	-	com/kotcrab/vis/ui/widget/spinner/IntSpinnerModel.java	76	c3cc36afe9c98281	
member	com.kotcrab.vis.ui.widget.spinner.IntSpinnerModel#textFieldFilter	sge.visui.widget.spinner.IntSpinnerModel#textFieldFilter	Renamed	-	com/kotcrab/vis/ui/widget/spinner/IntSpinnerModel.java	33	2fbab20b0121a056	vis=private
member	com.kotcrab.vis.ui.widget.spinner.IntSpinnerModel$BoundsValidator#validateInput(String)	sge.visui.widget.spinner.IntSpinnerModel$BoundsValidator#validateInput(String)	Renamed	-	com/kotcrab/vis/ui/widget/spinner/IntSpinnerModel.java	207	5241fcdcfd9bb9d9	
member	com.kotcrab.vis.ui.widget.spinner.SimpleFloatSpinnerModel#<init>(float,float,float)	sge.visui.widget.spinner.SimpleFloatSpinnerModel#<init>(float,float,float)	Renamed	-	com/kotcrab/vis/ui/widget/spinner/SimpleFloatSpinnerModel.java	43	d3b73b37f7639c79	
member	com.kotcrab.vis.ui.widget.spinner.SimpleFloatSpinnerModel#<init>(float,float,float,float)	sge.visui.widget.spinner.SimpleFloatSpinnerModel#<init>(float,float,float,float)	Renamed	-	com/kotcrab/vis/ui/widget/spinner/SimpleFloatSpinnerModel.java	47	2dfab80134b56d78	
member	com.kotcrab.vis.ui.widget.spinner.SimpleFloatSpinnerModel#<stmt1>	sge.visui.widget.spinner.SimpleFloatSpinnerModel#<stmt1>	Renamed	-	com/kotcrab/vis/ui/widget/spinner/SimpleFloatSpinnerModel.java	53	a0feffcf86cccc43	
member	com.kotcrab.vis.ui.widget.spinner.SimpleFloatSpinnerModel#<stmt2>	sge.visui.widget.spinner.SimpleFloatSpinnerModel#<stmt2>	Renamed	-	com/kotcrab/vis/ui/widget/spinner/SimpleFloatSpinnerModel.java	54	9eae5ce685376e92	
member	com.kotcrab.vis.ui.widget.spinner.SimpleFloatSpinnerModel#<stmt3>	sge.visui.widget.spinner.SimpleFloatSpinnerModel#<stmt3>	Renamed	-	com/kotcrab/vis/ui/widget/spinner/SimpleFloatSpinnerModel.java	55	ee581d38c7f3a6b5	
member	com.kotcrab.vis.ui.widget.spinner.SimpleFloatSpinnerModel#<stmt4>	sge.visui.widget.spinner.SimpleFloatSpinnerModel#<stmt4>	Renamed	-	com/kotcrab/vis/ui/widget/spinner/SimpleFloatSpinnerModel.java	57	9ebfa1c38163a370	
member	com.kotcrab.vis.ui.widget.spinner.SimpleFloatSpinnerModel#<stmt5>	sge.visui.widget.spinner.SimpleFloatSpinnerModel#<stmt5>	Renamed	-	com/kotcrab/vis/ui/widget/spinner/SimpleFloatSpinnerModel.java	58	b59dac09fdc25a13	
member	com.kotcrab.vis.ui.widget.spinner.SimpleFloatSpinnerModel#<stmt6>	sge.visui.widget.spinner.SimpleFloatSpinnerModel#<stmt6>	Renamed	-	com/kotcrab/vis/ui/widget/spinner/SimpleFloatSpinnerModel.java	59	b733366022dcb7a7	
member	com.kotcrab.vis.ui.widget.spinner.SimpleFloatSpinnerModel#<stmt7>	sge.visui.widget.spinner.SimpleFloatSpinnerModel#<stmt7>	Renamed	-	com/kotcrab/vis/ui/widget/spinner/SimpleFloatSpinnerModel.java	60	1989b169163868cf	
member	com.kotcrab.vis.ui.widget.spinner.SimpleFloatSpinnerModel#<stmt8>	sge.visui.widget.spinner.SimpleFloatSpinnerModel#<stmt8>	Renamed	-	com/kotcrab/vis/ui/widget/spinner/SimpleFloatSpinnerModel.java	61	8cd91bcc10b8e7fd	
member	com.kotcrab.vis.ui.widget.spinner.SimpleFloatSpinnerModel#bind(Spinner)	sge.visui.widget.spinner.SimpleFloatSpinnerModel#bind(Spinner)	Renamed	-	com/kotcrab/vis/ui/widget/spinner/SimpleFloatSpinnerModel.java	65	de872eeec79396c9	
member	com.kotcrab.vis.ui.widget.spinner.SimpleFloatSpinnerModel#boundsValidator	sge.visui.widget.spinner.SimpleFloatSpinnerModel#boundsValidator	Renamed	-	com/kotcrab/vis/ui/widget/spinner/SimpleFloatSpinnerModel.java	34	288ba8087f0a4540	vis=private
member	com.kotcrab.vis.ui.widget.spinner.SimpleFloatSpinnerModel#checkInputBounds(String)	sge.visui.widget.spinner.SimpleFloatSpinnerModel#checkInputBounds(String)	Renamed	-	com/kotcrab/vis/ui/widget/spinner/SimpleFloatSpinnerModel.java	245	865835e646ab15a2	vis=private
member	com.kotcrab.vis.ui.widget.spinner.SimpleFloatSpinnerModel#current	sge.visui.widget.spinner.SimpleFloatSpinnerModel#current	Renamed	-	com/kotcrab/vis/ui/widget/spinner/SimpleFloatSpinnerModel.java	40	4f1f58b71ba17166	
member	com.kotcrab.vis.ui.widget.spinner.SimpleFloatSpinnerModel#decrementModel()	sge.visui.widget.spinner.SimpleFloatSpinnerModel#decrementModel()	Renamed	-	com/kotcrab/vis/ui/widget/spinner/SimpleFloatSpinnerModel.java	100	d9c3663744900beb	
member	com.kotcrab.vis.ui.widget.spinner.SimpleFloatSpinnerModel#getMax()	sge.visui.widget.spinner.SimpleFloatSpinnerModel#getMax()	Renamed	-	com/kotcrab/vis/ui/widget/spinner/SimpleFloatSpinnerModel.java	219	1e666cf2858930f8	
member	com.kotcrab.vis.ui.widget.spinner.SimpleFloatSpinnerModel#getMin()	sge.visui.widget.spinner.SimpleFloatSpinnerModel#getMin()	Renamed	-	com/kotcrab/vis/ui/widget/spinner/SimpleFloatSpinnerModel.java	197	dcd5691c153fce54	
member	com.kotcrab.vis.ui.widget.spinner.SimpleFloatSpinnerModel#getPrecision()	sge.visui.widget.spinner.SimpleFloatSpinnerModel#getPrecision()	Renamed	-	com/kotcrab/vis/ui/widget/spinner/SimpleFloatSpinnerModel.java	129	05cd7afca59ebed6	
member	com.kotcrab.vis.ui.widget.spinner.SimpleFloatSpinnerModel#getStep()	sge.visui.widget.spinner.SimpleFloatSpinnerModel#getStep()	Renamed	-	com/kotcrab/vis/ui/widget/spinner/SimpleFloatSpinnerModel.java	235	de4ffa681991b668	
member	com.kotcrab.vis.ui.widget.spinner.SimpleFloatSpinnerModel#getText()	sge.visui.widget.spinner.SimpleFloatSpinnerModel#getText()	Renamed	-	com/kotcrab/vis/ui/widget/spinner/SimpleFloatSpinnerModel.java	118	2ee3aa6163572bbc	
member	com.kotcrab.vis.ui.widget.spinner.SimpleFloatSpinnerModel#getValue()	sge.visui.widget.spinner.SimpleFloatSpinnerModel#getValue()	Renamed	-	com/kotcrab/vis/ui/widget/spinner/SimpleFloatSpinnerModel.java	193	488ecd5b6f49db65	
member	com.kotcrab.vis.ui.widget.spinner.SimpleFloatSpinnerModel#incrementModel()	sge.visui.widget.spinner.SimpleFloatSpinnerModel#incrementModel()	Renamed	-	com/kotcrab/vis/ui/widget/spinner/SimpleFloatSpinnerModel.java	82	2ded762371c2558d	
member	com.kotcrab.vis.ui.widget.spinner.SimpleFloatSpinnerModel#max	sge.visui.widget.spinner.SimpleFloatSpinnerModel#max	Renamed	-	com/kotcrab/vis/ui/widget/spinner/SimpleFloatSpinnerModel.java	37	077bf4cfd268d032	
member	com.kotcrab.vis.ui.widget.spinner.SimpleFloatSpinnerModel#min	sge.visui.widget.spinner.SimpleFloatSpinnerModel#min	Renamed	-	com/kotcrab/vis/ui/widget/spinner/SimpleFloatSpinnerModel.java	38	41e0c7ecd0b4b0fa	
member	com.kotcrab.vis.ui.widget.spinner.SimpleFloatSpinnerModel#precision	sge.visui.widget.spinner.SimpleFloatSpinnerModel#precision	Renamed	-	com/kotcrab/vis/ui/widget/spinner/SimpleFloatSpinnerModel.java	41	8c483e1e81152207	
member	com.kotcrab.vis.ui.widget.spinner.SimpleFloatSpinnerModel#setMax(float)	sge.visui.widget.spinner.SimpleFloatSpinnerModel#setMax(float)	Renamed	-	com/kotcrab/vis/ui/widget/spinner/SimpleFloatSpinnerModel.java	224	27ea76367e761b87	
member	com.kotcrab.vis.ui.widget.spinner.SimpleFloatSpinnerModel#setMin(float)	sge.visui.widget.spinner.SimpleFloatSpinnerModel#setMin(float)	Renamed	-	com/kotcrab/vis/ui/widget/spinner/SimpleFloatSpinnerModel.java	202	370587af9607822d	
member	com.kotcrab.vis.ui.widget.spinner.SimpleFloatSpinnerModel#setPrecision(int)	sge.visui.widget.spinner.SimpleFloatSpinnerModel#setPrecision(int)	Renamed	-	com/kotcrab/vis/ui/widget/spinner/SimpleFloatSpinnerModel.java	138	6af78c1827e38236	
member	com.kotcrab.vis.ui.widget.spinner.SimpleFloatSpinnerModel#setPrecision(int,boolean)	sge.visui.widget.spinner.SimpleFloatSpinnerModel#setPrecision(int,boolean)	Renamed	-	com/kotcrab/vis/ui/widget/spinner/SimpleFloatSpinnerModel.java	142	9405cdcbf641f87e	vis=private
member	com.kotcrab.vis.ui.widget.spinner.SimpleFloatSpinnerModel#setStep(float)	sge.visui.widget.spinner.SimpleFloatSpinnerModel#setStep(float)	Renamed	-	com/kotcrab/vis/ui/widget/spinner/SimpleFloatSpinnerModel.java	239	beb8604f108592a7	
member	com.kotcrab.vis.ui.widget.spinner.SimpleFloatSpinnerModel#setValue(float)	sge.visui.widget.spinner.SimpleFloatSpinnerModel#setValue(float)	Renamed	-	com/kotcrab/vis/ui/widget/spinner/SimpleFloatSpinnerModel.java	177	b19a7fd4bbb4d61c	
member	com.kotcrab.vis.ui.widget.spinner.SimpleFloatSpinnerModel#setValue(float,boolean)	sge.visui.widget.spinner.SimpleFloatSpinnerModel#setValue(float,boolean)	Renamed	-	com/kotcrab/vis/ui/widget/spinner/SimpleFloatSpinnerModel.java	181	47dd5f45374cf81a	
member	com.kotcrab.vis.ui.widget.spinner.SimpleFloatSpinnerModel#step	sge.visui.widget.spinner.SimpleFloatSpinnerModel#step	Renamed	-	com/kotcrab/vis/ui/widget/spinner/SimpleFloatSpinnerModel.java	39	49c57a0c5d2a0cc0	
member	com.kotcrab.vis.ui.widget.spinner.SimpleFloatSpinnerModel#textChanged()	sge.visui.widget.spinner.SimpleFloatSpinnerModel#textChanged()	Renamed	-	com/kotcrab/vis/ui/widget/spinner/SimpleFloatSpinnerModel.java	72	d0c3f3462d4035f4	
member	com.kotcrab.vis.ui.widget.spinner.SimpleFloatSpinnerModel#textFieldFilter	sge.visui.widget.spinner.SimpleFloatSpinnerModel#textFieldFilter	Renamed	-	com/kotcrab/vis/ui/widget/spinner/SimpleFloatSpinnerModel.java	35	55ad384aa83ac642	vis=private
member	com.kotcrab.vis.ui.widget.spinner.SimpleFloatSpinnerModel$BoundsValidator#validateInput(String)	sge.visui.widget.spinner.SimpleFloatSpinnerModel$BoundsValidator#validateInput(String)	Renamed	-	com/kotcrab/vis/ui/widget/spinner/SimpleFloatSpinnerModel.java	256	f7f74dabf6ee5703	
member	com.kotcrab.vis.ui.widget.spinner.buttonsTable	buttonsTable	Renamed	-	com/kotcrab/vis/ui/widget/spinner/Spinner.java	77	36e1656a136c0fd0	name=buttonsTable$p
member	com.kotcrab.vis.ui.widget.spinner.Spinner#<init>(String,SpinnerModel,Sge)	sge.visui.widget.spinner.Spinner#<init>(String,SpinnerModel,Sge)	Renamed	-	com/kotcrab/vis/ui/widget/spinner/Spinner.java	65	7f0ae6b1e93ca998	
member	com.kotcrab.vis.ui.widget.spinner.Spinner#<init>(String,String,SpinnerModel,Sge)	sge.visui.widget.spinner.Spinner#<init>(String,String,SpinnerModel,Sge)	Renamed	-	com/kotcrab/vis/ui/widget/spinner/Spinner.java	69	e2cc9e945ee91644	
member	com.kotcrab.vis.ui.widget.spinner.Spinner#<stmt10>	sge.visui.widget.spinner.Spinner#<stmt10>	Renamed	-	com/kotcrab/vis/ui/widget/spinner/Spinner.java	88	71d967281bcca853	
member	com.kotcrab.vis.ui.widget.spinner.Spinner#<stmt11>	sge.visui.widget.spinner.Spinner#<stmt11>	Renamed	-	com/kotcrab/vis/ui/widget/spinner/Spinner.java	90	94975f37bdc28375	
member	com.kotcrab.vis.ui.widget.spinner.Spinner#<stmt12>	sge.visui.widget.spinner.Spinner#<stmt12>	Renamed	-	com/kotcrab/vis/ui/widget/spinner/Spinner.java	92	e30398adb5a028fa	
member	com.kotcrab.vis.ui.widget.spinner.Spinner#<stmt1>	sge.visui.widget.spinner.Spinner#<stmt1>	Renamed	-	com/kotcrab/vis/ui/widget/spinner/Spinner.java	74	a2e034e1c3ece77b	
member	com.kotcrab.vis.ui.widget.spinner.Spinner#<stmt2>	sge.visui.widget.spinner.Spinner#<stmt2>	Renamed	-	com/kotcrab/vis/ui/widget/spinner/Spinner.java	75	f51098a6db464658	
member	com.kotcrab.vis.ui.widget.spinner.Spinner#<stmt3>	sge.visui.widget.spinner.Spinner#<stmt3>	Renamed	-	com/kotcrab/vis/ui/widget/spinner/Spinner.java	79	c3a38154ebe6a570	
member	com.kotcrab.vis.ui.widget.spinner.Spinner#<stmt4>	sge.visui.widget.spinner.Spinner#<stmt4>	Renamed	-	com/kotcrab/vis/ui/widget/spinner/Spinner.java	80	b4e39121f93150bd	
member	com.kotcrab.vis.ui.widget.spinner.Spinner#<stmt5>	sge.visui.widget.spinner.Spinner#<stmt5>	Renamed	-	com/kotcrab/vis/ui/widget/spinner/Spinner.java	81	526f7f4436bef05b	
member	com.kotcrab.vis.ui.widget.spinner.Spinner#<stmt6>	sge.visui.widget.spinner.Spinner#<stmt6>	Renamed	-	com/kotcrab/vis/ui/widget/spinner/Spinner.java	82	e58f2781c3fc95d2	
member	com.kotcrab.vis.ui.widget.spinner.Spinner#<stmt7>	sge.visui.widget.spinner.Spinner#<stmt7>	Renamed	-	com/kotcrab/vis/ui/widget/spinner/Spinner.java	84	9f1e5da5e6b76f64	
member	com.kotcrab.vis.ui.widget.spinner.Spinner#<stmt8>	sge.visui.widget.spinner.Spinner#<stmt8>	Renamed	-	com/kotcrab/vis/ui/widget/spinner/Spinner.java	85	9d8bf76754e1f227	
member	com.kotcrab.vis.ui.widget.spinner.Spinner#<stmt9>	sge.visui.widget.spinner.Spinner#<stmt9>	Renamed	-	com/kotcrab/vis/ui/widget/spinner/Spinner.java	87	b1a6b09568d2ad01	
member	com.kotcrab.vis.ui.widget.spinner.Spinner#addButtonsListeners(VisImageButton,VisImageButton)	sge.visui.widget.spinner.Spinner#addButtonsListeners(VisImageButton,VisImageButton)	Renamed	-	com/kotcrab/vis/ui/widget/spinner/Spinner.java	114	3a9b3b2dfc24d10d	vis=private
member	com.kotcrab.vis.ui.widget.spinner.Spinner#addTextFieldListeners(VisTextField)	sge.visui.widget.spinner.Spinner#addTextFieldListeners(VisTextField)	Renamed	-	com/kotcrab/vis/ui/widget/spinner/Spinner.java	137	b2a91701323979c1	vis=private
member	com.kotcrab.vis.ui.widget.spinner.Spinner#buttonRepeatTask	sge.visui.widget.spinner.Spinner#buttonRepeatTask	Renamed	-	com/kotcrab/vis/ui/widget/spinner/Spinner.java	54	2722867d382511cf	vis=private
member	com.kotcrab.vis.ui.widget.spinner.Spinner#createTextField()	sge.visui.widget.spinner.Spinner#createTextField()	Renamed	-	com/kotcrab/vis/ui/widget/spinner/Spinner.java	95	b6d09691e8051336	vis=private
member	com.kotcrab.vis.ui.widget.spinner.Spinner#decrement()	sge.visui.widget.spinner.Spinner#decrement()	Renamed	-	com/kotcrab/vis/ui/widget/spinner/Spinner.java	228	fb8c031e3fb6a16d	
member	com.kotcrab.vis.ui.widget.spinner.Spinner#decrement(boolean)	sge.visui.widget.spinner.Spinner#decrement(boolean)	Renamed	-	com/kotcrab/vis/ui/widget/spinner/Spinner.java	232	ddc38a52ddf7767c	vis=private
member	com.kotcrab.vis.ui.widget.spinner.Spinner#disabled	sge.visui.widget.spinner.Spinner#disabled	Renamed	-	com/kotcrab/vis/ui/widget/spinner/Spinner.java	63	1df52d1e1fa178e2	name=disabled$field
member	com.kotcrab.vis.ui.widget.spinner.Spinner#disabled()	sge.visui.widget.spinner.Spinner#disabled()	Renamed	-	com/kotcrab/vis/ui/widget/spinner/Spinner.java	203	108293b90e8024a5	
member	com.kotcrab.vis.ui.widget.spinner.Spinner#disabled_=(boolean)	sge.visui.widget.spinner.Spinner#disabled_=(boolean)	Renamed	-	com/kotcrab/vis/ui/widget/spinner/Spinner.java	195	9a153487e63c32c2	
member	com.kotcrab.vis.ui.widget.spinner.Spinner#downButton	sge.visui.widget.spinner.Spinner#downButton	Renamed	-	com/kotcrab/vis/ui/widget/spinner/Spinner.java	57	a35c751930bd59ae	
member	com.kotcrab.vis.ui.widget.spinner.Spinner#getMaxLength()	sge.visui.widget.spinner.Spinner#getMaxLength()	Renamed	-	com/kotcrab/vis/ui/widget/spinner/Spinner.java	253	9e8ae440c57f6109	
member	com.kotcrab.vis.ui.widget.spinner.Spinner#getModel()	sge.visui.widget.spinner.Spinner#getModel()	Renamed	-	com/kotcrab/vis/ui/widget/spinner/Spinner.java	261	fd7b36c5f5a76fbf	
member	com.kotcrab.vis.ui.widget.spinner.Spinner#getSelectorName()	sge.visui.widget.spinner.Spinner#getSelectorName()	Renamed	-	com/kotcrab/vis/ui/widget/spinner/Spinner.java	216	4e3d6b5d943659cc	
member	com.kotcrab.vis.ui.widget.spinner.Spinner#getTextField()	sge.visui.widget.spinner.Spinner#getTextField()	Renamed	-	com/kotcrab/vis/ui/widget/spinner/Spinner.java	284	600e3c417c32ab26	
member	com.kotcrab.vis.ui.widget.spinner.Spinner#getTextFieldEventPolicy()	sge.visui.widget.spinner.Spinner#getTextFieldEventPolicy()	Renamed	-	com/kotcrab/vis/ui/widget/spinner/Spinner.java	249	e5103720d70c5bb3	
member	com.kotcrab.vis.ui.widget.spinner.Spinner#increment()	sge.visui.widget.spinner.Spinner#increment()	Renamed	-	com/kotcrab/vis/ui/widget/spinner/Spinner.java	220	82609f4d1a54096c	
member	com.kotcrab.vis.ui.widget.spinner.Spinner#increment(boolean)	sge.visui.widget.spinner.Spinner#increment(boolean)	Renamed	-	com/kotcrab/vis/ui/widget/spinner/Spinner.java	224	58b9637a69c24f73	vis=private
member	com.kotcrab.vis.ui.widget.spinner.Spinner#isProgrammaticChangeEvents()	sge.visui.widget.spinner.Spinner#isProgrammaticChangeEvents()	Renamed	-	com/kotcrab/vis/ui/widget/spinner/Spinner.java	241	9b91c0cd6df1d293	
member	com.kotcrab.vis.ui.widget.spinner.Spinner#labelCell	sge.visui.widget.spinner.Spinner#labelCell	Renamed	-	com/kotcrab/vis/ui/widget/spinner/Spinner.java	59	bc084c75c6fc20bf	
member	com.kotcrab.vis.ui.widget.spinner.Spinner#model	sge.visui.widget.spinner.Spinner#model	Renamed	-	com/kotcrab/vis/ui/widget/spinner/Spinner.java	51	2405896ab34cb55a	
member	com.kotcrab.vis.ui.widget.spinner.Spinner#notifyValueChanged(boolean)	sge.visui.widget.spinner.Spinner#notifyValueChanged(boolean)	Renamed	-	com/kotcrab/vis/ui/widget/spinner/Spinner.java	270	ef90cfba8d4676c1	
member	com.kotcrab.vis.ui.widget.spinner.Spinner#programmaticChangeEvents	sge.visui.widget.spinner.Spinner#programmaticChangeEvents	Renamed	-	com/kotcrab/vis/ui/widget/spinner/Spinner.java	62	124b5849a1f20122	vis=private
member	com.kotcrab.vis.ui.widget.spinner.Spinner#setMaxLength(int)	sge.visui.widget.spinner.Spinner#setMaxLength(int)	Renamed	-	com/kotcrab/vis/ui/widget/spinner/Spinner.java	257	cc2bea1f8a233186	
member	com.kotcrab.vis.ui.widget.spinner.Spinner#setModel(SpinnerModel)	sge.visui.widget.spinner.Spinner#setModel(SpinnerModel)	Renamed	-	com/kotcrab/vis/ui/widget/spinner/Spinner.java	108	adba4b47c492a913	
member	com.kotcrab.vis.ui.widget.spinner.Spinner#setProgrammaticChangeEvents(boolean)	sge.visui.widget.spinner.Spinner#setProgrammaticChangeEvents(boolean)	Renamed	-	com/kotcrab/vis/ui/widget/spinner/Spinner.java	237	9a49c3fbf8aec6c2	
member	com.kotcrab.vis.ui.widget.spinner.Spinner#setSelectorName(String)	sge.visui.widget.spinner.Spinner#setSelectorName(String)	Renamed	-	com/kotcrab/vis/ui/widget/spinner/Spinner.java	207	4e402bb3581be0b6	
member	com.kotcrab.vis.ui.widget.spinner.Spinner#setTextFieldEventPolicy(TextFieldEventPolicy)	sge.visui.widget.spinner.Spinner#setTextFieldEventPolicy(TextFieldEventPolicy)	Renamed	-	com/kotcrab/vis/ui/widget/spinner/Spinner.java	245	b1c7943d85e989f7	
member	com.kotcrab.vis.ui.widget.spinner.Spinner#sizes	sge.visui.widget.spinner.Spinner#sizes	Renamed	-	com/kotcrab/vis/ui/widget/spinner/Spinner.java	49	716ba7cc095036b5	
member	com.kotcrab.vis.ui.widget.spinner.Spinner#textFieldCell	sge.visui.widget.spinner.Spinner#textFieldCell	Renamed	-	com/kotcrab/vis/ui/widget/spinner/Spinner.java	58	45026274e46f10c8	
member	com.kotcrab.vis.ui.widget.spinner.Spinner#textFieldEventPolicy	sge.visui.widget.spinner.Spinner#textFieldEventPolicy	Renamed	-	com/kotcrab/vis/ui/widget/spinner/Spinner.java	61	aa11858ee95f9c64	vis=private
member	com.kotcrab.vis.ui.widget.spinner.Spinner#upButton	sge.visui.widget.spinner.Spinner#upButton	Renamed	-	com/kotcrab/vis/ui/widget/spinner/Spinner.java	56	8e5d2ca9d11bc930	
member	com.kotcrab.vis.ui.widget.spinner.Spinner$ButtonInputListener#<stmt1>	sge.visui.widget.spinner.Spinner$ButtonInputListener#<stmt1>	Renamed	-	com/kotcrab/vis/ui/widget/spinner/Spinner.java	350	fd30f8e499e8f35e	
member	com.kotcrab.vis.ui.widget.spinner.Spinner$ButtonInputListener#advance	sge.visui.widget.spinner.Spinner$ButtonInputListener#advance	Renamed	-	com/kotcrab/vis/ui/widget/spinner/Spinner.java	347	b29af3d1bef0ece0	
member	com.kotcrab.vis.ui.widget.spinner.Spinner$ButtonInputListener#buttonRepeatInitialTime	sge.visui.widget.spinner.Spinner$ButtonInputListener#buttonRepeatInitialTime	Renamed	-	com/kotcrab/vis/ui/widget/spinner/Spinner.java	344	33a6e6e4515bbb3d	vis=private[Spinner]
member	com.kotcrab.vis.ui.widget.spinner.Spinner$ButtonInputListener#buttonRepeatTime	sge.visui.widget.spinner.Spinner$ButtonInputListener#buttonRepeatTime	Renamed	-	com/kotcrab/vis/ui/widget/spinner/Spinner.java	345	87f0c499233acccf	vis=private[Spinner]
member	com.kotcrab.vis.ui.widget.spinner.Spinner$ButtonInputListener#touchDown(InputEvent,float,float,int,int)	sge.visui.widget.spinner.Spinner$ButtonInputListener#touchDown(InputEvent,float,float,int,int)	Renamed	-	com/kotcrab/vis/ui/widget/spinner/Spinner.java	354	dbb79986a696d459	
member	com.kotcrab.vis.ui.widget.spinner.Spinner$ButtonInputListener#touchUp(InputEvent,float,float,int,int)	sge.visui.widget.spinner.Spinner$ButtonInputListener#touchUp(InputEvent,float,float,int,int)	Renamed	-	com/kotcrab/vis/ui/widget/spinner/Spinner.java	364	ae5dc5c8d0674b2b	
member	com.kotcrab.vis.ui.widget.spinner.Spinner$ButtonRepeatTask#advance	sge.visui.widget.spinner.Spinner$ButtonRepeatTask#advance	Renamed	-	com/kotcrab/vis/ui/widget/spinner/Spinner.java	307	997e87cadfb3d74f	
member	com.kotcrab.vis.ui.widget.spinner.Spinner$ButtonRepeatTask#run()	sge.visui.widget.spinner.Spinner$ButtonRepeatTask#run()	Renamed	-	com/kotcrab/vis/ui/widget/spinner/Spinner.java	310	39bb159a7c889be1	
member	com.kotcrab.vis.ui.widget.spinner.Spinner$SpinnerStyle#<init>()	sge.visui.widget.spinner.Spinner$SpinnerStyle#<init>()	Renamed	-	com/kotcrab/vis/ui/widget/spinner/Spinner.java	292	03140f0d9264321b	
member	com.kotcrab.vis.ui.widget.spinner.Spinner$SpinnerStyle#<init>(Drawable,Drawable)	sge.visui.widget.spinner.Spinner$SpinnerStyle#<init>(Drawable,Drawable)	Renamed	-	com/kotcrab/vis/ui/widget/spinner/Spinner.java	300	a2ba8405534b2573	
member	com.kotcrab.vis.ui.widget.spinner.Spinner$SpinnerStyle#<init>(SpinnerStyle)	sge.visui.widget.spinner.Spinner$SpinnerStyle#<init>(SpinnerStyle)	Renamed	-	com/kotcrab/vis/ui/widget/spinner/Spinner.java	295	43fd8866681554fe	
member	com.kotcrab.vis.ui.widget.spinner.Spinner$SpinnerStyle#down	sge.visui.widget.spinner.Spinner$SpinnerStyle#down	Renamed	-	com/kotcrab/vis/ui/widget/spinner/Spinner.java	290	1b60df8b5b5d3370	
member	com.kotcrab.vis.ui.widget.spinner.Spinner$SpinnerStyle#up	sge.visui.widget.spinner.Spinner$SpinnerStyle#up	Renamed	-	com/kotcrab/vis/ui/widget/spinner/Spinner.java	289	44f55bc0825adf63	
member	com.kotcrab.vis.ui.widget.spinner.textField	textField	Renamed	-	com/kotcrab/vis/ui/widget/spinner/Spinner.java	78	7ce0e7f1fd2b3f7c	name=textField$p
member	com.kotcrab.vis.ui.widget.spinner.SpinnerModel#bind(Spinner)	sge.visui.widget.spinner.SpinnerModel#bind(Spinner)	Renamed	-	com/kotcrab/vis/ui/widget/spinner/SpinnerModel.java	44	837536e318fa73ec	
member	com.kotcrab.vis.ui.widget.spinner.SpinnerModel#decrement()	sge.visui.widget.spinner.SpinnerModel#decrement()	Renamed	-	com/kotcrab/vis/ui/widget/spinner/SpinnerModel.java	77	d42a85c118825768	
member	com.kotcrab.vis.ui.widget.spinner.SpinnerModel#decrement(boolean)	sge.visui.widget.spinner.SpinnerModel#decrement(boolean)	Renamed	-	com/kotcrab/vis/ui/widget/spinner/SpinnerModel.java	85	1ebd1d65f4ae51af	
member	com.kotcrab.vis.ui.widget.spinner.SpinnerModel#getText()	sge.visui.widget.spinner.SpinnerModel#getText()	Renamed	-	com/kotcrab/vis/ui/widget/spinner/SpinnerModel.java	98	3493244e7d2574aa	
member	com.kotcrab.vis.ui.widget.spinner.SpinnerModel#increment()	sge.visui.widget.spinner.SpinnerModel#increment()	Renamed	-	com/kotcrab/vis/ui/widget/spinner/SpinnerModel.java	60	b5d43d6495744aea	
member	com.kotcrab.vis.ui.widget.spinner.SpinnerModel#increment(boolean)	sge.visui.widget.spinner.SpinnerModel#increment(boolean)	Renamed	-	com/kotcrab/vis/ui/widget/spinner/SpinnerModel.java	68	4262ecf8a0599acb	
member	com.kotcrab.vis.ui.widget.spinner.SpinnerModel#isWrap()	sge.visui.widget.spinner.SpinnerModel#isWrap()	Renamed	-	com/kotcrab/vis/ui/widget/spinner/SpinnerModel.java	95	4b65d8bfd0ca91db	
member	com.kotcrab.vis.ui.widget.spinner.SpinnerModel#setWrap(boolean)	sge.visui.widget.spinner.SpinnerModel#setWrap(boolean)	Renamed	-	com/kotcrab/vis/ui/widget/spinner/SpinnerModel.java	92	885120872d06a65f	
member	com.kotcrab.vis.ui.widget.spinner.SpinnerModel#textChanged()	sge.visui.widget.spinner.SpinnerModel#textChanged()	Renamed	-	com/kotcrab/vis/ui/widget/spinner/SpinnerModel.java	51	a4bcf1d22f7929c3	
member	com.kotcrab.vis.ui.widget.tabbedpane.Tab#<init>()	sge.visui.widget.tabbedpane.Tab#<init>()	Renamed	-	com/kotcrab/vis/ui/widget/tabbedpane/Tab.java	36	ea8f73768c41cc55	
member	com.kotcrab.vis.ui.widget.tabbedpane.Tab#<init>(boolean)	sge.visui.widget.tabbedpane.Tab#<init>(boolean)	Renamed	-	com/kotcrab/vis/ui/widget/tabbedpane/Tab.java	40	73a4af6b753b8538	
member	com.kotcrab.vis.ui.widget.tabbedpane.Tab#<init>(boolean,boolean)	sge.visui.widget.tabbedpane.Tab#<init>(boolean,boolean)	Renamed	-	com/kotcrab/vis/ui/widget/tabbedpane/Tab.java	48	27f81f493b1bc568	
member	com.kotcrab.vis.ui.widget.tabbedpane.Tab#activeTab	sge.visui.widget.tabbedpane.Tab#activeTab	Renamed	-	com/kotcrab/vis/ui/widget/tabbedpane/Tab.java	29	b3c3b88bcac84471	vis=private
member	com.kotcrab.vis.ui.widget.tabbedpane.Tab#checkSavable()	sge.visui.widget.tabbedpane.Tab#checkSavable()	Renamed	-	com/kotcrab/vis/ui/widget/tabbedpane/Tab.java	125	1f65b0b4cbce094d	vis=private
member	com.kotcrab.vis.ui.widget.tabbedpane.Tab#close()	sge.visui.widget.tabbedpane.Tab#close()	Renamed	-	com/kotcrab/vis/ui/widget/tabbedpane/Tab.java	136	5948db60683bb26b	
member	com.kotcrab.vis.ui.widget.tabbedpane.Tab#closeableByUser	sge.visui.widget.tabbedpane.Tab#closeableByUser	Renamed	-	com/kotcrab/vis/ui/widget/tabbedpane/Tab.java	32	77711b39641fb195	vis=private
member	com.kotcrab.vis.ui.widget.tabbedpane.Tab#dirty	sge.visui.widget.tabbedpane.Tab#dirty	Renamed	-	com/kotcrab/vis/ui/widget/tabbedpane/Tab.java	34	8fee9e98ad7b3fea	name=dirty$field
member	com.kotcrab.vis.ui.widget.tabbedpane.Tab#dirty()	sge.visui.widget.tabbedpane.Tab#dirty()	Renamed	-	com/kotcrab/vis/ui/widget/tabbedpane/Tab.java	111	82fddf85f881e9c6	
member	com.kotcrab.vis.ui.widget.tabbedpane.Tab#getContentTable()	sge.visui.widget.tabbedpane.Tab#getContentTable()	Renamed	-	com/kotcrab/vis/ui/widget/tabbedpane/Tab.java	60	8d36ee1483cd32d0	
member	com.kotcrab.vis.ui.widget.tabbedpane.Tab#getPane()	sge.visui.widget.tabbedpane.Tab#getPane()	Renamed	-	com/kotcrab/vis/ui/widget/tabbedpane/Tab.java	78	dea329e2caf36ed5	
member	com.kotcrab.vis.ui.widget.tabbedpane.Tab#getTabTitle()	sge.visui.widget.tabbedpane.Tab#getTabTitle()	Renamed	-	com/kotcrab/vis/ui/widget/tabbedpane/Tab.java	54	16f65268e9c76bfc	
member	com.kotcrab.vis.ui.widget.tabbedpane.Tab#isActiveTab()	sge.visui.widget.tabbedpane.Tab#isActiveTab()	Renamed	-	com/kotcrab/vis/ui/widget/tabbedpane/Tab.java	73	52d1e944f6e877ca	
member	com.kotcrab.vis.ui.widget.tabbedpane.Tab#isCloseableByUser()	sge.visui.widget.tabbedpane.Tab#isCloseableByUser()	Renamed	-	com/kotcrab/vis/ui/widget/tabbedpane/Tab.java	91	181d567c4fa246a9	
member	com.kotcrab.vis.ui.widget.tabbedpane.Tab#isDirty()	sge.visui.widget.tabbedpane.Tab#isDirty()	Renamed	-	com/kotcrab/vis/ui/widget/tabbedpane/Tab.java	95	e83e79c5227cd227	
member	com.kotcrab.vis.ui.widget.tabbedpane.Tab#isSavable()	sge.visui.widget.tabbedpane.Tab#isSavable()	Renamed	-	com/kotcrab/vis/ui/widget/tabbedpane/Tab.java	87	ffaa02aa6274ffc0	
member	com.kotcrab.vis.ui.widget.tabbedpane.Tab#onHide()	sge.visui.widget.tabbedpane.Tab#onHide()	Renamed	-	com/kotcrab/vis/ui/widget/tabbedpane/Tab.java	68	3ea970b4464fecb0	
member	com.kotcrab.vis.ui.widget.tabbedpane.Tab#onShow()	sge.visui.widget.tabbedpane.Tab#onShow()	Renamed	-	com/kotcrab/vis/ui/widget/tabbedpane/Tab.java	63	28b041f7bbaf0cc7	
member	com.kotcrab.vis.ui.widget.tabbedpane.Tab#pane	sge.visui.widget.tabbedpane.Tab#pane	Renamed	-	com/kotcrab/vis/ui/widget/tabbedpane/Tab.java	30	cefdc13527137d3a	vis=private
member	com.kotcrab.vis.ui.widget.tabbedpane.Tab#removeFromTabPane()	sge.visui.widget.tabbedpane.Tab#removeFromTabPane()	Renamed	-	com/kotcrab/vis/ui/widget/tabbedpane/Tab.java	130	8113fcd405630520	
member	com.kotcrab.vis.ui.widget.tabbedpane.Tab#savable	sge.visui.widget.tabbedpane.Tab#savable	Renamed	-	com/kotcrab/vis/ui/widget/tabbedpane/Tab.java	33	1fe8a30fa6250ed2	vis=private
member	com.kotcrab.vis.ui.widget.tabbedpane.Tab#save()	sge.visui.widget.tabbedpane.Tab#save()	Renamed	-	com/kotcrab/vis/ui/widget/tabbedpane/Tab.java	119	4320ac0684cda3f6	
member	com.kotcrab.vis.ui.widget.tabbedpane.Tab#setDirty(boolean)	sge.visui.widget.tabbedpane.Tab#setDirty(boolean)	Renamed	-	com/kotcrab/vis/ui/widget/tabbedpane/Tab.java	99	535e839405979cd3	
member	com.kotcrab.vis.ui.widget.tabbedpane.Tab#setPane(TabbedPane)	sge.visui.widget.tabbedpane.Tab#setPane(TabbedPane)	Renamed	-	com/kotcrab/vis/ui/widget/tabbedpane/Tab.java	83	326dacb40437a772	
member	com.kotcrab.vis.ui.widget.tabbedpane.separatorCell	separatorCell	Renamed	-	com/kotcrab/vis/ui/widget/tabbedpane/TabbedPane.java	122	4391833ff93e10c1	name=separatorCell$p
member	com.kotcrab.vis.ui.widget.tabbedpane.Sge#<given-static>	sge.Sge#<given-static>	Renamed	-	com/kotcrab/vis/ui/widget/tabbedpane/TabbedPane.java	737	6d9f199847054ad2	placement=companion vis=private[TabbedPane]
member	com.kotcrab.vis.ui.widget.tabbedpane.Sge#<given>	sge.Sge#<given>	Renamed	-	com/kotcrab/vis/ui/widget/tabbedpane/TabbedPane.java	737	6d9f199847054ad2	vis=private[TabbedPane]
member	com.kotcrab.vis.ui.widget.tabbedpane.TabbedPane#<init>(Sge)	sge.visui.widget.tabbedpane.TabbedPane#<init>(Sge)	Renamed	-	com/kotcrab/vis/ui/widget/tabbedpane/TabbedPane.java	91	77e1df90b552e380	
member	com.kotcrab.vis.ui.widget.tabbedpane.TabbedPane#<init>(String,Sge)	sge.visui.widget.tabbedpane.TabbedPane#<init>(String,Sge)	Renamed	-	com/kotcrab/vis/ui/widget/tabbedpane/TabbedPane.java	95	993e9c184333d9fc	
member	com.kotcrab.vis.ui.widget.tabbedpane.TabbedPane#<init>(TabbedPaneStyle,Sge)	sge.visui.widget.tabbedpane.TabbedPane#<init>(TabbedPaneStyle,Sge)	Renamed	-	com/kotcrab/vis/ui/widget/tabbedpane/TabbedPane.java	99	d7f274d18a5f9f8f	
member	com.kotcrab.vis.ui.widget.tabbedpane.TabbedPane#<stmt10>	sge.visui.widget.tabbedpane.TabbedPane#<stmt10>	Renamed	-	com/kotcrab/vis/ui/widget/tabbedpane/TabbedPane.java	118	95a45b51da853e8d	
member	com.kotcrab.vis.ui.widget.tabbedpane.TabbedPane#<stmt11>	sge.visui.widget.tabbedpane.TabbedPane#<stmt11>	Renamed	-	com/kotcrab/vis/ui/widget/tabbedpane/TabbedPane.java	119	aa1b8b2570f5a8fa	
member	com.kotcrab.vis.ui.widget.tabbedpane.TabbedPane#<stmt12>	sge.visui.widget.tabbedpane.TabbedPane#<stmt12>	Renamed	-	com/kotcrab/vis/ui/widget/tabbedpane/TabbedPane.java	124	85f9365bdfbba904	
member	com.kotcrab.vis.ui.widget.tabbedpane.TabbedPane#<stmt13>	sge.visui.widget.tabbedpane.TabbedPane#<stmt13>	Renamed	-	com/kotcrab/vis/ui/widget/tabbedpane/TabbedPane.java	131	916bfefced277ec6	
member	com.kotcrab.vis.ui.widget.tabbedpane.TabbedPane#<stmt14>	sge.visui.widget.tabbedpane.TabbedPane#<stmt14>	Renamed	-	com/kotcrab/vis/ui/widget/tabbedpane/TabbedPane.java	147	9a45ff61b243ff80	
member	com.kotcrab.vis.ui.widget.tabbedpane.TabbedPane#<stmt1>	sge.visui.widget.tabbedpane.TabbedPane#<stmt1>	Renamed	-	com/kotcrab/vis/ui/widget/tabbedpane/TabbedPane.java	104	d43bf9f451d17d77	
member	com.kotcrab.vis.ui.widget.tabbedpane.TabbedPane#<stmt2>	sge.visui.widget.tabbedpane.TabbedPane#<stmt2>	Renamed	-	com/kotcrab/vis/ui/widget/tabbedpane/TabbedPane.java	105	a2e034e1c3ece77b	
member	com.kotcrab.vis.ui.widget.tabbedpane.TabbedPane#<stmt3>	sge.visui.widget.tabbedpane.TabbedPane#<stmt3>	Renamed	-	com/kotcrab/vis/ui/widget/tabbedpane/TabbedPane.java	106	7b8296c82e71be8f	
member	com.kotcrab.vis.ui.widget.tabbedpane.TabbedPane#<stmt4>	sge.visui.widget.tabbedpane.TabbedPane#<stmt4>	Renamed	-	com/kotcrab/vis/ui/widget/tabbedpane/TabbedPane.java	108	26d2adaa606137d2	
member	com.kotcrab.vis.ui.widget.tabbedpane.TabbedPane#<stmt5>	sge.visui.widget.tabbedpane.TabbedPane#<stmt5>	Renamed	-	com/kotcrab/vis/ui/widget/tabbedpane/TabbedPane.java	110	49e4d351463663e7	
member	com.kotcrab.vis.ui.widget.tabbedpane.TabbedPane#<stmt6>	sge.visui.widget.tabbedpane.TabbedPane#<stmt6>	Renamed	-	com/kotcrab/vis/ui/widget/tabbedpane/TabbedPane.java	112	2d696cbfcbdb8d4b	
member	com.kotcrab.vis.ui.widget.tabbedpane.TabbedPane#<stmt7>	sge.visui.widget.tabbedpane.TabbedPane#<stmt7>	Renamed	-	com/kotcrab/vis/ui/widget/tabbedpane/TabbedPane.java	113	08ef6446f9d1980d	
member	com.kotcrab.vis.ui.widget.tabbedpane.TabbedPane#<stmt8>	sge.visui.widget.tabbedpane.TabbedPane#<stmt8>	Renamed	-	com/kotcrab/vis/ui/widget/tabbedpane/TabbedPane.java	114	a844a13875a494b4	
member	com.kotcrab.vis.ui.widget.tabbedpane.TabbedPane#<stmt9>	sge.visui.widget.tabbedpane.TabbedPane#<stmt9>	Renamed	-	com/kotcrab/vis/ui/widget/tabbedpane/TabbedPane.java	116	1459fbe1eaa68444	
member	com.kotcrab.vis.ui.widget.tabbedpane.TabbedPane#activeTab	sge.visui.widget.tabbedpane.TabbedPane#activeTab	Renamed	-	com/kotcrab/vis/ui/widget/tabbedpane/TabbedPane.java	86	af5c82100a6a5ef0	vis=private
member	com.kotcrab.vis.ui.widget.tabbedpane.TabbedPane#add(Tab)	sge.visui.widget.tabbedpane.TabbedPane#add(Tab)	Renamed	-	com/kotcrab/vis/ui/widget/tabbedpane/TabbedPane.java	228	d86495cc2c70a5af	
member	com.kotcrab.vis.ui.widget.tabbedpane.TabbedPane#addListener(TabbedPaneListener)	sge.visui.widget.tabbedpane.TabbedPane#addListener(TabbedPaneListener)	Renamed	-	com/kotcrab/vis/ui/widget/tabbedpane/TabbedPane.java	461	99d26cceb7046be1	
member	com.kotcrab.vis.ui.widget.tabbedpane.TabbedPane#addTab(Tab,int)	sge.visui.widget.tabbedpane.TabbedPane#addTab(Tab,int)	Renamed	-	com/kotcrab/vis/ui/widget/tabbedpane/TabbedPane.java	246	2ff2aaaac5cf5e39	
member	com.kotcrab.vis.ui.widget.tabbedpane.TabbedPane#allowTabDeselect	sge.visui.widget.tabbedpane.TabbedPane#allowTabDeselect	Renamed	-	com/kotcrab/vis/ui/widget/tabbedpane/TabbedPane.java	89	0ac6d4722fe1a38f	vis=private
member	com.kotcrab.vis.ui.widget.tabbedpane.TabbedPane#checkIfTabsBelongsToThisPane(Tab)	sge.visui.widget.tabbedpane.TabbedPane#checkIfTabsBelongsToThisPane(Tab)	Renamed	-	com/kotcrab/vis/ui/widget/tabbedpane/TabbedPane.java	322	b518e090704312a7	vis=private
member	com.kotcrab.vis.ui.widget.tabbedpane.TabbedPane#configureDragPane(TabbedPaneStyle)	sge.visui.widget.tabbedpane.TabbedPane#configureDragPane(TabbedPaneStyle)	Renamed	-	com/kotcrab/vis/ui/widget/tabbedpane/TabbedPane.java	150	ccd308443620058e	vis=private
member	com.kotcrab.vis.ui.widget.tabbedpane.TabbedPane#disableTab(Tab,boolean)	sge.visui.widget.tabbedpane.TabbedPane#disableTab(Tab,boolean)	Renamed	-	com/kotcrab/vis/ui/widget/tabbedpane/TabbedPane.java	282	fdc63aa6092d3697	
member	com.kotcrab.vis.ui.widget.tabbedpane.TabbedPane#getActiveTab()	sge.visui.widget.tabbedpane.TabbedPane#getActiveTab()	Renamed	-	com/kotcrab/vis/ui/widget/tabbedpane/TabbedPane.java	457	a65ba489067bf1e8	
member	com.kotcrab.vis.ui.widget.tabbedpane.TabbedPane#getTabTitle(Tab)	sge.visui.widget.tabbedpane.TabbedPane#getTabTitle(Tab)	Renamed	-	com/kotcrab/vis/ui/widget/tabbedpane/TabbedPane.java	448	819e3736e365eed4	
member	com.kotcrab.vis.ui.widget.tabbedpane.TabbedPane#getTable()	sge.visui.widget.tabbedpane.TabbedPane#getTable()	Renamed	-	com/kotcrab/vis/ui/widget/tabbedpane/TabbedPane.java	452	5ce5a26a0e560a32	
member	com.kotcrab.vis.ui.widget.tabbedpane.TabbedPane#getTabs()	sge.visui.widget.tabbedpane.TabbedPane#getTabs()	Renamed	-	com/kotcrab/vis/ui/widget/tabbedpane/TabbedPane.java	488	154d029f970093f2	
member	com.kotcrab.vis.ui.widget.tabbedpane.TabbedPane#getTabsPane()	sge.visui.widget.tabbedpane.TabbedPane#getTabsPane()	Renamed	-	com/kotcrab/vis/ui/widget/tabbedpane/TabbedPane.java	207	04aefc5625f22d75	
member	com.kotcrab.vis.ui.widget.tabbedpane.TabbedPane#getUIOrderedTabs()	sge.visui.widget.tabbedpane.TabbedPane#getUIOrderedTabs()	Renamed	-	com/kotcrab/vis/ui/widget/tabbedpane/TabbedPane.java	496	a0ac3e7f781804bc	
member	com.kotcrab.vis.ui.widget.tabbedpane.TabbedPane#group	sge.visui.widget.tabbedpane.TabbedPane#group	Renamed	-	com/kotcrab/vis/ui/widget/tabbedpane/TabbedPane.java	84	ec8559100981673f	
member	com.kotcrab.vis.ui.widget.tabbedpane.TabbedPane#insert(int,Tab)	sge.visui.widget.tabbedpane.TabbedPane#insert(int,Tab)	Renamed	-	com/kotcrab/vis/ui/widget/tabbedpane/TabbedPane.java	236	749a541f74ca3b3f	
member	com.kotcrab.vis.ui.widget.tabbedpane.TabbedPane#isAllowTabDeselect()	sge.visui.widget.tabbedpane.TabbedPane#isAllowTabDeselect()	Renamed	-	com/kotcrab/vis/ui/widget/tabbedpane/TabbedPane.java	224	3b95f76232f2e285	
member	com.kotcrab.vis.ui.widget.tabbedpane.TabbedPane#isTabDisabled(Tab)	sge.visui.widget.tabbedpane.TabbedPane#isTabDisabled(Tab)	Renamed	-	com/kotcrab/vis/ui/widget/tabbedpane/TabbedPane.java	303	11dcf3e95b29496a	
member	com.kotcrab.vis.ui.widget.tabbedpane.TabbedPane#listeners	sge.visui.widget.tabbedpane.TabbedPane#listeners	Renamed	-	com/kotcrab/vis/ui/widget/tabbedpane/TabbedPane.java	88	b6a588a27c0a1d4a	
member	com.kotcrab.vis.ui.widget.tabbedpane.TabbedPane#mainTable	sge.visui.widget.tabbedpane.TabbedPane#mainTable	Renamed	-	com/kotcrab/vis/ui/widget/tabbedpane/TabbedPane.java	80	68656d994209d560	
member	com.kotcrab.vis.ui.widget.tabbedpane.TabbedPane#notifyListenersRemoved(Tab)	sge.visui.widget.tabbedpane.TabbedPane#notifyListenersRemoved(Tab)	Renamed	-	com/kotcrab/vis/ui/widget/tabbedpane/TabbedPane.java	475	4df5ac2ff262bb41	vis=private
member	com.kotcrab.vis.ui.widget.tabbedpane.TabbedPane#notifyListenersRemovedAll()	sge.visui.widget.tabbedpane.TabbedPane#notifyListenersRemovedAll()	Renamed	-	com/kotcrab/vis/ui/widget/tabbedpane/TabbedPane.java	481	e7269464bcca99f0	vis=private
member	com.kotcrab.vis.ui.widget.tabbedpane.TabbedPane#notifyListenersSwitched(Tab)	sge.visui.widget.tabbedpane.TabbedPane#notifyListenersSwitched(Tab)	Renamed	-	com/kotcrab/vis/ui/widget/tabbedpane/TabbedPane.java	469	602414dca130d6d8	vis=private
member	com.kotcrab.vis.ui.widget.tabbedpane.TabbedPane#remove(Tab)	sge.visui.widget.tabbedpane.TabbedPane#remove(Tab)	Renamed	-	com/kotcrab/vis/ui/widget/tabbedpane/TabbedPane.java	337	b578e1656365528b	
member	com.kotcrab.vis.ui.widget.tabbedpane.TabbedPane#remove(Tab,boolean)	sge.visui.widget.tabbedpane.TabbedPane#remove(Tab,boolean)	Renamed	-	com/kotcrab/vis/ui/widget/tabbedpane/TabbedPane.java	345	580642aec3025372	
member	com.kotcrab.vis.ui.widget.tabbedpane.TabbedPane#removeAll()	sge.visui.widget.tabbedpane.TabbedPane#removeAll()	Renamed	-	com/kotcrab/vis/ui/widget/tabbedpane/TabbedPane.java	408	670e2aef864c90d7	
member	com.kotcrab.vis.ui.widget.tabbedpane.TabbedPane#removeListener(TabbedPaneListener)	sge.visui.widget.tabbedpane.TabbedPane#removeListener(TabbedPaneListener)	Renamed	-	com/kotcrab/vis/ui/widget/tabbedpane/TabbedPane.java	465	cdc542f409d7565e	
member	com.kotcrab.vis.ui.widget.tabbedpane.TabbedPane#removeTab(Tab)	sge.visui.widget.tabbedpane.TabbedPane#removeTab(Tab)	Renamed	-	com/kotcrab/vis/ui/widget/tabbedpane/TabbedPane.java	373	2aa0b1c1cc153919	vis=private
member	com.kotcrab.vis.ui.widget.tabbedpane.TabbedPane#selectFirstEnabledTab()	sge.visui.widget.tabbedpane.TabbedPane#selectFirstEnabledTab()	Renamed	-	com/kotcrab/vis/ui/widget/tabbedpane/TabbedPane.java	311	9d5152b4b2dfb1bd	vis=private
member	com.kotcrab.vis.ui.widget.tabbedpane.TabbedPane#setAllowTabDeselect(boolean)	sge.visui.widget.tabbedpane.TabbedPane#setAllowTabDeselect(boolean)	Renamed	-	com/kotcrab/vis/ui/widget/tabbedpane/TabbedPane.java	215	4e064f6cd391cf57	
member	com.kotcrab.vis.ui.widget.tabbedpane.TabbedPane#sharedCloseActiveButtonStyle	sge.visui.widget.tabbedpane.TabbedPane#sharedCloseActiveButtonStyle	Renamed	-	com/kotcrab/vis/ui/widget/tabbedpane/TabbedPane.java	77	9e8fd9b05b2497cc	
member	com.kotcrab.vis.ui.widget.tabbedpane.TabbedPane#sizes	sge.visui.widget.tabbedpane.TabbedPane#sizes	Renamed	-	com/kotcrab/vis/ui/widget/tabbedpane/TabbedPane.java	76	716ba7cc095036b5	
member	com.kotcrab.vis.ui.widget.tabbedpane.TabbedPane#style	sge.visui.widget.tabbedpane.TabbedPane#style	Renamed	-	com/kotcrab/vis/ui/widget/tabbedpane/TabbedPane.java	75	994f9e8e65583d46	
member	com.kotcrab.vis.ui.widget.tabbedpane.TabbedPane#switchTab(Tab)	sge.visui.widget.tabbedpane.TabbedPane#switchTab(Tab)	Renamed	-	com/kotcrab/vis/ui/widget/tabbedpane/TabbedPane.java	427	896da3690fff1d4b	
member	com.kotcrab.vis.ui.widget.tabbedpane.TabbedPane#switchTab(int)	sge.visui.widget.tabbedpane.TabbedPane#switchTab(int)	Renamed	-	com/kotcrab/vis/ui/widget/tabbedpane/TabbedPane.java	423	4547bef9f4912b2a	
member	com.kotcrab.vis.ui.widget.tabbedpane.TabbedPane#tabs	sge.visui.widget.tabbedpane.TabbedPane#tabs	Renamed	-	com/kotcrab/vis/ui/widget/tabbedpane/TabbedPane.java	82	f47da128c16b4275	
member	com.kotcrab.vis.ui.widget.tabbedpane.TabbedPane#tabsButtonMap	sge.visui.widget.tabbedpane.TabbedPane#tabsButtonMap	Renamed	-	com/kotcrab/vis/ui/widget/tabbedpane/TabbedPane.java	83	e8011c0f0766853f	
member	com.kotcrab.vis.ui.widget.tabbedpane.TabbedPane#tabsPane	sge.visui.widget.tabbedpane.TabbedPane#tabsPane	Renamed	-	com/kotcrab/vis/ui/widget/tabbedpane/TabbedPane.java	79	b760249dee16722b	
member	com.kotcrab.vis.ui.widget.tabbedpane.TabbedPane#throwNotBelongingTabException(Tab)	sge.visui.widget.tabbedpane.TabbedPane#throwNotBelongingTabException(Tab)	Renamed	-	com/kotcrab/vis/ui/widget/tabbedpane/TabbedPane.java	328	8b264c55bbcc48ed	
member	com.kotcrab.vis.ui.widget.tabbedpane.TabbedPane#tmpRect	sge.visui.widget.tabbedpane.TabbedPane#tmpRect	Renamed	-	com/kotcrab/vis/ui/widget/tabbedpane/TabbedPane.java	73	dd2e026b3878bb4c	placement=companion vis=private
member	com.kotcrab.vis.ui.widget.tabbedpane.TabbedPane#tmpVector	sge.visui.widget.tabbedpane.TabbedPane#tmpVector	Renamed	-	com/kotcrab/vis/ui/widget/tabbedpane/TabbedPane.java	72	be8dda2052a87fa2	placement=companion vis=private
member	com.kotcrab.vis.ui.widget.tabbedpane.TabbedPane#updateTabTitle(Tab)	sge.visui.widget.tabbedpane.TabbedPane#updateTabTitle(Tab)	Renamed	-	com/kotcrab/vis/ui/widget/tabbedpane/TabbedPane.java	440	24b3d771329c35c5	
member	com.kotcrab.vis.ui.widget.tabbedpane.TabbedPane$TabButtonTable#<stmt10>	sge.visui.widget.tabbedpane.TabbedPane$TabButtonTable#<stmt10>	Renamed	-	com/kotcrab/vis/ui/widget/tabbedpane/TabbedPane.java	599	fda632fc495d1585	
member	com.kotcrab.vis.ui.widget.tabbedpane.TabbedPane$TabButtonTable#<stmt11>	sge.visui.widget.tabbedpane.TabbedPane$TabButtonTable#<stmt11>	Renamed	-	com/kotcrab/vis/ui/widget/tabbedpane/TabbedPane.java	601	0c9ef9422db28394	
member	com.kotcrab.vis.ui.widget.tabbedpane.TabbedPane$TabButtonTable#<stmt12>	sge.visui.widget.tabbedpane.TabbedPane$TabButtonTable#<stmt12>	Renamed	-	com/kotcrab/vis/ui/widget/tabbedpane/TabbedPane.java	602	e7f722be8b5da009	
member	com.kotcrab.vis.ui.widget.tabbedpane.TabbedPane$TabButtonTable#<stmt13>	sge.visui.widget.tabbedpane.TabbedPane$TabButtonTable#<stmt13>	Renamed	-	com/kotcrab/vis/ui/widget/tabbedpane/TabbedPane.java	603	b67e66be05ebab09	
member	com.kotcrab.vis.ui.widget.tabbedpane.TabbedPane$TabButtonTable#<stmt14>	sge.visui.widget.tabbedpane.TabbedPane$TabButtonTable#<stmt14>	Renamed	-	com/kotcrab/vis/ui/widget/tabbedpane/TabbedPane.java	604	f7ff1b23342eb9ab	
member	com.kotcrab.vis.ui.widget.tabbedpane.TabbedPane$TabButtonTable#<stmt15>	sge.visui.widget.tabbedpane.TabbedPane$TabButtonTable#<stmt15>	Renamed	-	com/kotcrab/vis/ui/widget/tabbedpane/TabbedPane.java	606	c1981879eda41c0f	
member	com.kotcrab.vis.ui.widget.tabbedpane.TabbedPane$TabButtonTable#<stmt16>	sge.visui.widget.tabbedpane.TabbedPane$TabButtonTable#<stmt16>	Renamed	-	com/kotcrab/vis/ui/widget/tabbedpane/TabbedPane.java	607	1f3065bba5b6823b	
member	com.kotcrab.vis.ui.widget.tabbedpane.TabbedPane$TabButtonTable#<stmt1>	sge.visui.widget.tabbedpane.TabbedPane$TabButtonTable#<stmt1>	Renamed	-	com/kotcrab/vis/ui/widget/tabbedpane/TabbedPane.java	580	4762e082fa9c99c9	
member	com.kotcrab.vis.ui.widget.tabbedpane.TabbedPane$TabButtonTable#<stmt2>	sge.visui.widget.tabbedpane.TabbedPane$TabButtonTable#<stmt2>	Renamed	-	com/kotcrab/vis/ui/widget/tabbedpane/TabbedPane.java	581	25868e3925f2b0f4	
member	com.kotcrab.vis.ui.widget.tabbedpane.TabbedPane$TabButtonTable#<stmt3>	sge.visui.widget.tabbedpane.TabbedPane$TabButtonTable#<stmt3>	Renamed	-	com/kotcrab/vis/ui/widget/tabbedpane/TabbedPane.java	589	4225ee7826c34734	
member	com.kotcrab.vis.ui.widget.tabbedpane.TabbedPane$TabButtonTable#<stmt4>	sge.visui.widget.tabbedpane.TabbedPane$TabButtonTable#<stmt4>	Renamed	-	com/kotcrab/vis/ui/widget/tabbedpane/TabbedPane.java	590	1ceea0f0ec0cf3a3	
member	com.kotcrab.vis.ui.widget.tabbedpane.TabbedPane$TabButtonTable#<stmt5>	sge.visui.widget.tabbedpane.TabbedPane$TabButtonTable#<stmt5>	Renamed	-	com/kotcrab/vis/ui/widget/tabbedpane/TabbedPane.java	592	0717bd9ce69a6ca5	
member	com.kotcrab.vis.ui.widget.tabbedpane.TabbedPane$TabButtonTable#<stmt6>	sge.visui.widget.tabbedpane.TabbedPane$TabButtonTable#<stmt6>	Renamed	-	com/kotcrab/vis/ui/widget/tabbedpane/TabbedPane.java	594	82381ab6634225f2	
member	com.kotcrab.vis.ui.widget.tabbedpane.TabbedPane$TabButtonTable#<stmt7>	sge.visui.widget.tabbedpane.TabbedPane$TabButtonTable#<stmt7>	Renamed	-	com/kotcrab/vis/ui/widget/tabbedpane/TabbedPane.java	595	280fee256f80dc4f	
member	com.kotcrab.vis.ui.widget.tabbedpane.TabbedPane$TabButtonTable#<stmt8>	sge.visui.widget.tabbedpane.TabbedPane$TabButtonTable#<stmt8>	Renamed	-	com/kotcrab/vis/ui/widget/tabbedpane/TabbedPane.java	596	04f315759089d020	
member	com.kotcrab.vis.ui.widget.tabbedpane.TabbedPane$TabButtonTable#<stmt9>	sge.visui.widget.tabbedpane.TabbedPane$TabButtonTable#<stmt9>	Renamed	-	com/kotcrab/vis/ui/widget/tabbedpane/TabbedPane.java	597	6d696adccae6c4b2	
member	com.kotcrab.vis.ui.widget.tabbedpane.TabbedPane$TabButtonTable#addListeners()	sge.visui.widget.tabbedpane.TabbedPane$TabButtonTable#addListeners()	Renamed	-	com/kotcrab/vis/ui/widget/tabbedpane/TabbedPane.java	612	cba9bc93bbc3f3ce	vis=private[TabbedPane]
member	com.kotcrab.vis.ui.widget.tabbedpane.TabbedPane$TabButtonTable#button	sge.visui.widget.tabbedpane.TabbedPane$TabButtonTable#button	Renamed	-	com/kotcrab/vis/ui/widget/tabbedpane/TabbedPane.java	571	1c774e13844cbee2	
member	com.kotcrab.vis.ui.widget.tabbedpane.TabbedPane$TabButtonTable#buttonStyle	sge.visui.widget.tabbedpane.TabbedPane$TabButtonTable#buttonStyle	Renamed	-	com/kotcrab/vis/ui/widget/tabbedpane/TabbedPane.java	575	cb54481d2a571e0a	vis=private[TabbedPane]
member	com.kotcrab.vis.ui.widget.tabbedpane.TabbedPane$TabButtonTable#closeButton	sge.visui.widget.tabbedpane.TabbedPane$TabButtonTable#closeButton	Renamed	-	com/kotcrab/vis/ui/widget/tabbedpane/TabbedPane.java	572	2213edf93c37c71f	
member	com.kotcrab.vis.ui.widget.tabbedpane.TabbedPane$TabButtonTable#closeButtonStyle	sge.visui.widget.tabbedpane.TabbedPane$TabButtonTable#closeButtonStyle	Renamed	-	com/kotcrab/vis/ui/widget/tabbedpane/TabbedPane.java	576	1e4d46253fba8825	vis=private[TabbedPane]
member	com.kotcrab.vis.ui.widget.tabbedpane.TabbedPane$TabButtonTable#closeTabAsUser()	sge.visui.widget.tabbedpane.TabbedPane$TabButtonTable#closeTabAsUser()	Renamed	-	com/kotcrab/vis/ui/widget/tabbedpane/TabbedPane.java	721	c3bfb33eeed6eb6a	vis=private[TabbedPane]
member	com.kotcrab.vis.ui.widget.tabbedpane.TabbedPane$TabButtonTable#deselect()	sge.visui.widget.tabbedpane.TabbedPane$TabButtonTable#deselect()	Renamed	-	com/kotcrab/vis/ui/widget/tabbedpane/TabbedPane.java	732	36a7d5e404ac06e8	vis=private[TabbedPane]
member	com.kotcrab.vis.ui.widget.tabbedpane.TabbedPane$TabButtonTable#select()	sge.visui.widget.tabbedpane.TabbedPane$TabButtonTable#select()	Renamed	-	com/kotcrab/vis/ui/widget/tabbedpane/TabbedPane.java	727	ba48be2ab11ca9cd	vis=private[TabbedPane]
member	com.kotcrab.vis.ui.widget.tabbedpane.TabbedPane$TabButtonTable#switchToNewTab()	sge.visui.widget.tabbedpane.TabbedPane$TabButtonTable#switchToNewTab()	Renamed	-	com/kotcrab/vis/ui/widget/tabbedpane/TabbedPane.java	696	fe33610e97a0fc51	vis=private[TabbedPane]
member	com.kotcrab.vis.ui.widget.tabbedpane.TabbedPane$TabButtonTable#tab	sge.visui.widget.tabbedpane.TabbedPane$TabButtonTable#tab	Renamed	-	com/kotcrab/vis/ui/widget/tabbedpane/TabbedPane.java	573	fa5df8cf4f68edfb	vis=private[TabbedPane]
member	com.kotcrab.vis.ui.widget.tabbedpane.TabbedPane$TabButtonTable#up	sge.visui.widget.tabbedpane.TabbedPane$TabButtonTable#up	Renamed	-	com/kotcrab/vis/ui/widget/tabbedpane/TabbedPane.java	577	a1185981d8bbc8cc	vis=private[TabbedPane]
member	com.kotcrab.vis.ui.widget.tabbedpane.TabbedPane$TabbedPaneStyle#<init>()	sge.visui.widget.tabbedpane.TabbedPane$TabbedPaneStyle#<init>()	Renamed	-	com/kotcrab/vis/ui/widget/tabbedpane/TabbedPane.java	516	aecdb5d3e7979dc6	
member	com.kotcrab.vis.ui.widget.tabbedpane.TabbedPane$TabbedPaneStyle#<init>(Drawable,Drawable,VisTextButtonStyle)	sge.visui.widget.tabbedpane.TabbedPane$TabbedPaneStyle#<init>(Drawable,Drawable,VisTextButtonStyle)	Renamed	-	com/kotcrab/vis/ui/widget/tabbedpane/TabbedPane.java	527	1d7b2c0d689124ee	
member	com.kotcrab.vis.ui.widget.tabbedpane.TabbedPane$TabbedPaneStyle#<init>(Drawable,Drawable,VisTextButtonStyle,boolean,boolean)	sge.visui.widget.tabbedpane.TabbedPane$TabbedPaneStyle#<init>(Drawable,Drawable,VisTextButtonStyle,boolean,boolean)	Renamed	-	com/kotcrab/vis/ui/widget/tabbedpane/TabbedPane.java	533	94f6e5ace2e8f62d	
member	com.kotcrab.vis.ui.widget.tabbedpane.TabbedPane$TabbedPaneStyle#<init>(TabbedPaneStyle)	sge.visui.widget.tabbedpane.TabbedPane$TabbedPaneStyle#<init>(TabbedPaneStyle)	Renamed	-	com/kotcrab/vis/ui/widget/tabbedpane/TabbedPane.java	519	c44894b078f83320	
member	com.kotcrab.vis.ui.widget.tabbedpane.TabbedPane$TabbedPaneStyle#background	sge.visui.widget.tabbedpane.TabbedPane$TabbedPaneStyle#background	Renamed	-	com/kotcrab/vis/ui/widget/tabbedpane/TabbedPane.java	507	075c4bce4069ca09	
member	com.kotcrab.vis.ui.widget.tabbedpane.TabbedPane$TabbedPaneStyle#buttonStyle	sge.visui.widget.tabbedpane.TabbedPane$TabbedPaneStyle#buttonStyle	Renamed	-	com/kotcrab/vis/ui/widget/tabbedpane/TabbedPane.java	508	2702066a03100007	
member	com.kotcrab.vis.ui.widget.tabbedpane.TabbedPane$TabbedPaneStyle#draggable	sge.visui.widget.tabbedpane.TabbedPane$TabbedPaneStyle#draggable	Renamed	-	com/kotcrab/vis/ui/widget/tabbedpane/TabbedPane.java	514	a9b438eef4d5eee3	
member	com.kotcrab.vis.ui.widget.tabbedpane.TabbedPane$TabbedPaneStyle#separatorBar	sge.visui.widget.tabbedpane.TabbedPane$TabbedPaneStyle#separatorBar	Renamed	-	com/kotcrab/vis/ui/widget/tabbedpane/TabbedPane.java	510	66956b09b6922d23	
member	com.kotcrab.vis.ui.widget.tabbedpane.TabbedPane$TabbedPaneStyle#vertical	sge.visui.widget.tabbedpane.TabbedPane$TabbedPaneStyle#vertical	Renamed	-	com/kotcrab/vis/ui/widget/tabbedpane/TabbedPane.java	512	6cd0138b08781459	
member	com.kotcrab.vis.ui.widget.tabbedpane.TabbedPane$TabbedPaneTable#<stmt1>	sge.visui.widget.tabbedpane.TabbedPane$TabbedPaneTable#<stmt1>	Renamed	-	com/kotcrab/vis/ui/widget/tabbedpane/TabbedPane.java	548	c8f7c33a508b7e3d	
member	com.kotcrab.vis.ui.widget.tabbedpane.TabbedPane$TabbedPaneTable#getSeparatorCell()	sge.visui.widget.tabbedpane.TabbedPane$TabbedPaneTable#getSeparatorCell()	Renamed	-	com/kotcrab/vis/ui/widget/tabbedpane/TabbedPane.java	561	ccb1b94c43895871	
member	com.kotcrab.vis.ui.widget.tabbedpane.TabbedPane$TabbedPaneTable#getTabbedPane()	sge.visui.widget.tabbedpane.TabbedPane$TabbedPaneTable#getTabbedPane()	Renamed	-	com/kotcrab/vis/ui/widget/tabbedpane/TabbedPane.java	565	303752dfc8808323	
member	com.kotcrab.vis.ui.widget.tabbedpane.TabbedPane$TabbedPaneTable#getTabsPaneCell()	sge.visui.widget.tabbedpane.TabbedPane$TabbedPaneTable#getTabsPaneCell()	Renamed	-	com/kotcrab/vis/ui/widget/tabbedpane/TabbedPane.java	556	b51d39a782f11230	
member	com.kotcrab.vis.ui.widget.tabbedpane.TabbedPane$TabbedPaneTable#separatorCell	sge.visui.widget.tabbedpane.TabbedPane$TabbedPaneTable#separatorCell	Renamed	-	com/kotcrab/vis/ui/widget/tabbedpane/TabbedPane.java	545	89d76f3c638617f6	vis=private[TabbedPane]
member	com.kotcrab.vis.ui.widget.tabbedpane.TabbedPane$TabbedPaneTable#setPaneCells(Cell,Cell)	sge.visui.widget.tabbedpane.TabbedPane$TabbedPaneTable#setPaneCells(Cell<DragPane>,Cell<Image>)	Renamed	-	com/kotcrab/vis/ui/widget/tabbedpane/TabbedPane.java	551	ace7e7a737fbd584	vis=private[TabbedPane]
member	com.kotcrab.vis.ui.widget.tabbedpane.TabbedPane$TabbedPaneTable#tabbedPane	sge.visui.widget.tabbedpane.TabbedPane$TabbedPaneTable#tabbedPane	Renamed	-	com/kotcrab/vis/ui/widget/tabbedpane/TabbedPane.java	543	78cd59fcc081e434	
member	com.kotcrab.vis.ui.widget.tabbedpane.TabbedPane$TabbedPaneTable#tabsPaneCell	sge.visui.widget.tabbedpane.TabbedPane$TabbedPaneTable#tabsPaneCell	Renamed	-	com/kotcrab/vis/ui/widget/tabbedpane/TabbedPane.java	544	fae38292904a6117	vis=private[TabbedPane]
member	com.kotcrab.vis.ui.widget.tabbedpane.TabbedPane$Text#format()	sge.visui.widget.tabbedpane.TabbedPane$Text#format()	Renamed	-	com/kotcrab/vis/ui/widget/tabbedpane/TabbedPane.java	761	02b8e3c728fb2acc	
member	com.kotcrab.vis.ui.widget.tabbedpane.TabbedPane$Text#format(Array)	sge.visui.widget.tabbedpane.TabbedPane$Text#format(Array<Object>)	Renamed	-	com/kotcrab/vis/ui/widget/tabbedpane/TabbedPane.java	766	ad4cc2bacbf53881	
member	com.kotcrab.vis.ui.widget.tabbedpane.TabbedPane$Text#get()	sge.visui.widget.tabbedpane.TabbedPane$Text#get()	Renamed	-	com/kotcrab/vis/ui/widget/tabbedpane/TabbedPane.java	756	2fcd532163442284	
member	com.kotcrab.vis.ui.widget.tabbedpane.TabbedPane$Text#getBundle(Sge)	sge.visui.widget.tabbedpane.TabbedPane$Text#getBundle(Sge)	Renamed	-	com/kotcrab/vis/ui/widget/tabbedpane/TabbedPane.java	746	c5b56ff281516a03	placement=companion vis=private[TabbedPane]
member	com.kotcrab.vis.ui.widget.tabbedpane.TabbedPane$Text#getName()	sge.visui.widget.tabbedpane.TabbedPane$Text#getName()	Renamed	-	com/kotcrab/vis/ui/widget/tabbedpane/TabbedPane.java	751	1401cff5507a790f	
member	com.kotcrab.vis.ui.widget.tabbedpane.TabbedPane$Text#toString()	sge.visui.widget.tabbedpane.TabbedPane$Text#toString()	Renamed	-	com/kotcrab/vis/ui/widget/tabbedpane/TabbedPane.java	771	2ce080f9e62bea25	
member	com.kotcrab.vis.ui.widget.tabbedpane.tabsPaneCell	tabsPaneCell	Renamed	-	com/kotcrab/vis/ui/widget/tabbedpane/TabbedPane.java	121	4d2fed98074a2fcc	name=tabsPaneCell$p
member	com.kotcrab.vis.ui.widget.tabbedpane.TabbedPaneAdapter#removedAllTabs()	sge.visui.widget.tabbedpane.TabbedPaneAdapter#removedAllTabs()	Renamed	-	com/kotcrab/vis/ui/widget/tabbedpane/TabbedPaneAdapter.java	35	7eac53fad6fdeea3	
member	com.kotcrab.vis.ui.widget.tabbedpane.TabbedPaneAdapter#removedTab(Tab)	sge.visui.widget.tabbedpane.TabbedPaneAdapter#removedTab(Tab)	Renamed	-	com/kotcrab/vis/ui/widget/tabbedpane/TabbedPaneAdapter.java	30	fcd80e4982b615b3	
member	com.kotcrab.vis.ui.widget.tabbedpane.TabbedPaneAdapter#switchedTab(Tab)	sge.visui.widget.tabbedpane.TabbedPaneAdapter#switchedTab(Tab)	Renamed	-	com/kotcrab/vis/ui/widget/tabbedpane/TabbedPaneAdapter.java	25	5ed9767236360e94	
member	com.kotcrab.vis.ui.widget.tabbedpane.TabbedPaneListener#removedAllTabs()	sge.visui.widget.tabbedpane.TabbedPaneListener#removedAllTabs()	Renamed	-	com/kotcrab/vis/ui/widget/tabbedpane/TabbedPaneListener.java	38	f1126b7867bd00d2	
member	com.kotcrab.vis.ui.widget.tabbedpane.TabbedPaneListener#removedTab(Tab)	sge.visui.widget.tabbedpane.TabbedPaneListener#removedTab(Tab)	Renamed	-	com/kotcrab/vis/ui/widget/tabbedpane/TabbedPaneListener.java	35	2ff52fe8181236fd	
member	com.kotcrab.vis.ui.widget.tabbedpane.TabbedPaneListener#switchedTab(Tab)	sge.visui.widget.tabbedpane.TabbedPaneListener#switchedTab(Tab)	Renamed	-	com/kotcrab/vis/ui/widget/tabbedpane/TabbedPaneListener.java	29	407852bbda4deadf	
member	com.kotcrab.vis.ui.widget.toast.MessageToast#<stmt1>	sge.visui.widget.toast.MessageToast#<stmt1>	Renamed	-	com/kotcrab/vis/ui/widget/toast/MessageToast.java	34	eb1b8272add25e98	
member	com.kotcrab.vis.ui.widget.toast.MessageToast#<stmt2>	sge.visui.widget.toast.MessageToast#<stmt2>	Renamed	-	com/kotcrab/vis/ui/widget/toast/MessageToast.java	35	27ef9e6ed58de1c9	
member	com.kotcrab.vis.ui.widget.toast.MessageToast#addLinkLabel(String,LinkLabelListener)	sge.visui.widget.toast.MessageToast#addLinkLabel(String,LinkLabelListener)	Renamed	-	com/kotcrab/vis/ui/widget/toast/MessageToast.java	44	f734a491b6419c0a	
member	com.kotcrab.vis.ui.widget.toast.MessageToast#linkLabelTable	sge.visui.widget.toast.MessageToast#linkLabelTable	Renamed	-	com/kotcrab/vis/ui/widget/toast/MessageToast.java	30	4055c3c487f2ed48	
member	com.kotcrab.vis.ui.widget.toast.Toast#<init>(String,Table,Sge)	sge.visui.widget.toast.Toast#<init>(String,Table,Sge)	Renamed	-	com/kotcrab/vis/ui/widget/toast/Toast.java	58	24f6bc4c9cf41d91	
member	com.kotcrab.vis.ui.widget.toast.Toast#<init>(Table,Sge)	sge.visui.widget.toast.Toast#<init>(Table,Sge)	Renamed	-	com/kotcrab/vis/ui/widget/toast/Toast.java	53	0ed48ec0f2f002c0	
member	com.kotcrab.vis.ui.widget.toast.Toast#<stmt1>	sge.visui.widget.toast.Toast#<stmt1>	Renamed	-	com/kotcrab/vis/ui/widget/toast/Toast.java	64	d43bf9f451d17d77	
member	com.kotcrab.vis.ui.widget.toast.Toast#<stmt2>	sge.visui.widget.toast.Toast#<stmt2>	Renamed	-	com/kotcrab/vis/ui/widget/toast/Toast.java	65	ac6892c59d013f67	
member	com.kotcrab.vis.ui.widget.toast.Toast#<stmt3>	sge.visui.widget.toast.Toast#<stmt3>	Renamed	-	com/kotcrab/vis/ui/widget/toast/Toast.java	66	1ddec1b1ea24db19	
member	com.kotcrab.vis.ui.widget.toast.Toast#<stmt4>	sge.visui.widget.toast.Toast#<stmt4>	Renamed	-	com/kotcrab/vis/ui/widget/toast/Toast.java	69	ac668057b2bbffa2	
member	com.kotcrab.vis.ui.widget.toast.Toast#close()	sge.visui.widget.toast.Toast#close()	Renamed	-	com/kotcrab/vis/ui/widget/toast/Toast.java	89	05d92f55a28b7958	
member	com.kotcrab.vis.ui.widget.toast.Toast#contentTable	sge.visui.widget.toast.Toast#contentTable	Renamed	-	com/kotcrab/vis/ui/widget/toast/Toast.java	50	41300389223d0edc	
member	com.kotcrab.vis.ui.widget.toast.Toast#createMainTable()	sge.visui.widget.toast.Toast#createMainTable()	Renamed	-	com/kotcrab/vis/ui/widget/toast/Toast.java	72	0ce97f71faa2943b	
member	com.kotcrab.vis.ui.widget.toast.Toast#fadeIn()	sge.visui.widget.toast.Toast#fadeIn()	Renamed	-	com/kotcrab/vis/ui/widget/toast/Toast.java	103	e1cd7379b56bd6f3	
member	com.kotcrab.vis.ui.widget.toast.Toast#fadeOut()	sge.visui.widget.toast.Toast#fadeOut()	Renamed	-	com/kotcrab/vis/ui/widget/toast/Toast.java	93	6375c531e358517d	
member	com.kotcrab.vis.ui.widget.toast.Toast#getContentTable()	sge.visui.widget.toast.Toast#getContentTable()	Renamed	-	com/kotcrab/vis/ui/widget/toast/Toast.java	109	6419c71105433923	
member	com.kotcrab.vis.ui.widget.toast.Toast#getMainTable()	sge.visui.widget.toast.Toast#getMainTable()	Renamed	-	com/kotcrab/vis/ui/widget/toast/Toast.java	113	26a57835cbd43c0b	
member	com.kotcrab.vis.ui.widget.toast.Toast#getToastManager()	sge.visui.widget.toast.Toast#getToastManager()	Renamed	-	com/kotcrab/vis/ui/widget/toast/Toast.java	121	9dd51b9435ff598d	
member	com.kotcrab.vis.ui.widget.toast.Toast#mainTable	sge.visui.widget.toast.Toast#mainTable	Renamed	-	com/kotcrab/vis/ui/widget/toast/Toast.java	49	768c5ffe21f1fd2f	vis=private
member	com.kotcrab.vis.ui.widget.toast.Toast#setToastManager(ToastManager)	sge.visui.widget.toast.Toast#setToastManager(ToastManager)	Renamed	-	com/kotcrab/vis/ui/widget/toast/Toast.java	117	64ca7d60c83a02ca	
member	com.kotcrab.vis.ui.widget.toast.Toast#style	sge.visui.widget.toast.Toast#style	Renamed	-	com/kotcrab/vis/ui/widget/toast/Toast.java	45	1e47746827e4c82b	
member	com.kotcrab.vis.ui.widget.toast.Toast#toastManager	sge.visui.widget.toast.Toast#toastManager	Renamed	-	com/kotcrab/vis/ui/widget/toast/Toast.java	47	49eaf0b0db9f6154	vis=private
member	com.kotcrab.vis.ui.widget.toast.Toast$ToastStyle#<init>()	sge.visui.widget.toast.Toast$ToastStyle#<init>()	Renamed	-	com/kotcrab/vis/ui/widget/toast/Toast.java	129	e34507a7e5b52b2a	
member	com.kotcrab.vis.ui.widget.toast.Toast$ToastStyle#<init>(Drawable,VisImageButtonStyle)	sge.visui.widget.toast.Toast$ToastStyle#<init>(Drawable,VisImageButtonStyle)	Renamed	-	com/kotcrab/vis/ui/widget/toast/Toast.java	137	70585a527358efbf	
member	com.kotcrab.vis.ui.widget.toast.Toast$ToastStyle#<init>(ToastStyle)	sge.visui.widget.toast.Toast$ToastStyle#<init>(ToastStyle)	Renamed	-	com/kotcrab/vis/ui/widget/toast/Toast.java	132	eb2ececda5b5b42b	
member	com.kotcrab.vis.ui.widget.toast.Toast$ToastStyle#background	sge.visui.widget.toast.Toast$ToastStyle#background	Renamed	-	com/kotcrab/vis/ui/widget/toast/Toast.java	126	075c4bce4069ca09	
member	com.kotcrab.vis.ui.widget.toast.Toast$ToastStyle#closeButtonStyle	sge.visui.widget.toast.Toast$ToastStyle#closeButtonStyle	Renamed	-	com/kotcrab/vis/ui/widget/toast/Toast.java	127	5156336ae16ce194	
member	com.kotcrab.vis.ui.widget.toast.ToastTable#<init>(boolean,Sge)	sge.visui.widget.toast.ToastTable#<init>(boolean,Sge)	Renamed	-	com/kotcrab/vis/ui/widget/toast/ToastTable.java	34	582faebd8de61a18	
member	com.kotcrab.vis.ui.widget.toast.ToastTable#fadeOut()	sge.visui.widget.toast.ToastTable#fadeOut()	Renamed	-	com/kotcrab/vis/ui/widget/toast/ToastTable.java	38	3dd5d98655166074	
member	com.kotcrab.vis.ui.widget.toast.ToastTable#getToast()	sge.visui.widget.toast.ToastTable#getToast()	Renamed	-	com/kotcrab/vis/ui/widget/toast/ToastTable.java	50	29dc5bccd332915e	
member	com.kotcrab.vis.ui.widget.toast.ToastTable#setToast(Toast)	sge.visui.widget.toast.ToastTable#setToast(Toast)	Renamed	-	com/kotcrab/vis/ui/widget/toast/ToastTable.java	45	72b5422df5e838da	
member	com.kotcrab.vis.ui.widget.toast.ToastTable#toast	sge.visui.widget.toast.ToastTable#toast	Renamed	-	com/kotcrab/vis/ui/widget/toast/ToastTable.java	29	d6eb802372cfb8bc	
member	com.badlogic.gdx.graphics.g3d.particles.ParallelArray$ChannelDescriptor#<init>(int,Class,int)		Dropped	-		0		
member	com.badlogic.gdx.graphics.g3d.particles.batches.BufferedParticleBatch#<init>(Class)		Dropped	-		0		
member	com.badlogic.gdx.scenes.scene2d.ui.Skin#findMethod		Dropped	-		0		
member	com.badlogic.gdx.scenes.scene2d.ui.Skin#setEnabledReflection		Dropped	-		0		
member	com.badlogic.gdx.utils.Array#<init>(Class)		Dropped	-		0		
member	com.badlogic.gdx.utils.Array#<init>(boolean,int,Class)		Dropped	-		0		
member	com.badlogic.gdx.utils.Array#of(Class)		Dropped	-		0		
member	com.badlogic.gdx.utils.Array#of(boolean,int,Class)		Dropped	-		0		
member	com.badlogic.gdx.utils.Array#toArray(Class)		Dropped	-		0		
member	com.badlogic.gdx.utils.ArrayMap#<init>(Class,Class)		Dropped	-		0		
member	com.badlogic.gdx.utils.ArrayMap#<init>(boolean,int,Class,Class)		Dropped	-		0		
member	com.badlogic.gdx.utils.DelayedRemovalArray#<init>(Class)		Dropped	-		0		
member	com.badlogic.gdx.utils.DelayedRemovalArray#<init>(boolean,int,Class)		Dropped	-		0		
member	com.badlogic.gdx.utils.Queue#<init>(int,Class)		Dropped	-		0		
member	com.badlogic.gdx.utils.SnapshotArray#<init>(Class)		Dropped	-		0		
member	com.badlogic.gdx.utils.SnapshotArray#<init>(boolean,int,Class)		Dropped	-		0		
member	com.kotcrab.vis.ui.widget.PopupMenu#<init>()	sge.visui.widget.PopupMenu#<init>()	Dropped	-		0		refusal=ctor-funnel/nilary-dropped(C11)
