# balticporter port map	schema=3	module=vfx	engine=balticporter/0.1.0-SNAPSHOT	sources=9c70572f550ff922	files=44	policy=f378a1f95ab5c135
#kind	upstream	emitted	disposition	body	javaPath	javaLine	digest	shape
type	core.src.com.crashinvaders.vfx.VfxManager	sge.vfx.VfxManager	Renamed	-		0		companion=yes flags=final form=class parents=java.lang.AutoCloseable primary=(Format,int,int) primaryKind=unique-root primaryVis=public secondaries=(Format) statics=MAX_FRAME_BUFFER_SIDE,constrainFrameBufferSize,tmpVec
type	core.src.com.crashinvaders.vfx.VfxRenderContext	sge.vfx.VfxRenderContext	Renamed	-		0		form=class parents=java.lang.AutoCloseable primary=(Format,int,int) primaryKind=unique-root primaryVis=public
type	core.src.com.crashinvaders.vfx.effects.AbstractVfxEffect	sge.vfx.effects.AbstractVfxEffect	Renamed	-		0		flags=abstract form=class parents=sge.vfx.effects.VfxEffect primary=() primaryKind=unique-root primaryVis=public
type	effects.src.com.crashinvaders.vfx.effects.BloomEffect	sge.vfx.effects.BloomEffect	Renamed	-		0		companion=yes form=class parents=sge.vfx.effects.CompositeVfxEffect,sge.vfx.effects.ChainVfxEffect primary=(Settings) primaryKind=unique-root primaryVis=public secondaries=() statics=Settings
type	com.crashinvaders.vfx.effects.BloomEffect$Settings	sge.vfx.effects.BloomEffect$Settings	Renamed	-		0		form=class primary=() primaryKind=not-funnelled primaryVis=public secondaries=(int,float,float,float,float,float);(BlurType,int,float,float,float,float,float,float);(Settings)
type	core.src.com.crashinvaders.vfx.effects.ChainVfxEffect	sge.vfx.effects.ChainVfxEffect	Renamed	-		0		form=trait parents=sge.vfx.effects.VfxEffect
type	effects.src.com.crashinvaders.vfx.effects.ChromaticAberrationEffect	sge.vfx.effects.ChromaticAberrationEffect	Renamed	-		0		companion=yes form=class parents=sge.vfx.effects.ShaderVfxEffect,sge.vfx.effects.ChainVfxEffect primary=(int) primaryKind=unique-root primaryVis=public statics=U_MAX_DISTORTION,U_TEXTURE0
type	core.src.com.crashinvaders.vfx.effects.CompositeVfxEffect	sge.vfx.effects.CompositeVfxEffect	Renamed	-		0		flags=abstract form=class parents=sge.vfx.effects.AbstractVfxEffect primary=() primaryKind=unique-root primaryVis=public
type	effects.src.com.crashinvaders.vfx.effects.CrtEffect	sge.vfx.effects.CrtEffect	Renamed	-		0		companion=yes form=class parents=sge.vfx.effects.ShaderVfxEffect,sge.vfx.effects.ChainVfxEffect primary=(LineStyle,float,float) primaryKind=unique-root primaryVis=public secondaries=() statics=LineStyle,SizeSource,U_RESOLUTION,U_TEXTURE0,tmpVec
type	com.crashinvaders.vfx.effects.CrtEffect$LineStyle	sge.vfx.effects.CrtEffect$LineStyle	Renamed	-		0		companion=yes flags=abstract,sealed form=enum-class parents=java.lang.Enum primary=() primaryKind=not-funnelled primaryVis=public
type	com.crashinvaders.vfx.effects.CrtEffect$SizeSource	sge.vfx.effects.CrtEffect$SizeSource	Renamed	-		0		companion=yes flags=abstract,sealed form=enum-class parents=java.lang.Enum primary=() primaryKind=not-funnelled primaryVis=public
type	effects.src.com.crashinvaders.vfx.effects.FilmGrainEffect	sge.vfx.effects.FilmGrainEffect	Renamed	-		0		companion=yes form=class parents=sge.vfx.effects.ShaderVfxEffect,sge.vfx.effects.ChainVfxEffect primary=() primaryKind=unique-root primaryVis=public statics=U_NOISE_AMOUNT,U_SEED,U_TEXTURE0
type	effects.src.com.crashinvaders.vfx.effects.FisheyeEffect	sge.vfx.effects.FisheyeEffect	Renamed	-		0		companion=yes form=class parents=sge.vfx.effects.ShaderVfxEffect,sge.vfx.effects.ChainVfxEffect primary=() primaryKind=unique-root primaryVis=public statics=U_TEXTURE0
type	effects.src.com.crashinvaders.vfx.effects.FxaaEffect	sge.vfx.effects.FxaaEffect	Renamed	-		0		companion=yes form=class parents=sge.vfx.effects.ShaderVfxEffect,sge.vfx.effects.ChainVfxEffect primary=(float,float,float,boolean) primaryKind=unique-root primaryVis=public secondaries=() statics=U_FXAA_REDUCE_MIN,U_FXAA_REDUCE_MUL,U_FXAA_SPAN_MAX,U_TEXTURE0,U_VIEWPORT_INVERSE
type	effects.src.com.crashinvaders.vfx.effects.GaussianBlurEffect	sge.vfx.effects.GaussianBlurEffect	Renamed	-		0		companion=yes form=class parents=sge.vfx.effects.AbstractVfxEffect,sge.vfx.effects.ChainVfxEffect primary=(BlurType) primaryKind=unique-root primaryVis=public secondaries=() statics=BlurType,Convolve1DEffect,Convolve2DEffect,Tap
type	com.crashinvaders.vfx.effects.GaussianBlurEffect$BlurType	sge.vfx.effects.GaussianBlurEffect$BlurType	Renamed	-		0		companion=yes flags=abstract,sealed form=enum-class parents=java.lang.Enum primary=(Tap) primaryKind=not-funnelled primaryVis=public
type	com.crashinvaders.vfx.effects.GaussianBlurEffect$Convolve1DEffect	sge.vfx.effects.GaussianBlurEffect$Convolve1DEffect	Renamed	-		0		companion=yes flags=final form=class parents=sge.vfx.effects.ShaderVfxEffect,sge.vfx.effects.ChainVfxEffect primary=(int,float[],float[]) primaryKind=unique-root primaryVis=public secondaries=(int);(int,float[]) statics=U_SAMPLE_OFFSETS,U_SAMPLE_WEIGHTS,U_TEXTURE
type	com.crashinvaders.vfx.effects.GaussianBlurEffect$Convolve2DEffect	sge.vfx.effects.GaussianBlurEffect$Convolve2DEffect	Renamed	-		0		flags=final form=class parents=sge.vfx.effects.CompositeVfxEffect,sge.vfx.effects.ChainVfxEffect primary=(int) primaryKind=unique-root primaryVis=public
type	com.crashinvaders.vfx.effects.GaussianBlurEffect$Tap	sge.vfx.effects.GaussianBlurEffect$Tap	Renamed	-		0		companion=yes flags=abstract,sealed form=enum-class parents=java.lang.Enum primary=(int) primaryKind=not-funnelled primaryVis=public
type	effects.src.com.crashinvaders.vfx.effects.LensFlareEffect	sge.vfx.effects.LensFlareEffect	Renamed	-		0		companion=yes form=class parents=sge.vfx.effects.ShaderVfxEffect,sge.vfx.effects.ChainVfxEffect primary=() primaryKind=unique-root primaryVis=public statics=U_COLOR,U_INTENSITY,U_LIGHT_POSITION,U_TEXTURE0,U_VIEWPORT
type	effects.src.com.crashinvaders.vfx.effects.LevelsEffect	sge.vfx.effects.LevelsEffect	Renamed	-		0		companion=yes form=class parents=sge.vfx.effects.ShaderVfxEffect,sge.vfx.effects.ChainVfxEffect primary=() primaryKind=unique-root primaryVis=public statics=Brightness,Contrast,Gamma,Hue,Saturation,Texture
type	effects.src.com.crashinvaders.vfx.effects.MotionBlurEffect	sge.vfx.effects.MotionBlurEffect	Renamed	-		0		form=class parents=sge.vfx.effects.CompositeVfxEffect,sge.vfx.effects.ChainVfxEffect primary=(Format,Method,float) primaryKind=unique-root primaryVis=public
type	core.src.com.crashinvaders.vfx.effects.MultipassEffectWrapper	sge.vfx.effects.MultipassEffectWrapper	Renamed	-		0		form=class parents=sge.vfx.effects.AbstractVfxEffect,sge.vfx.effects.ChainVfxEffect primary=(ChainVfxEffect) primaryKind=unique-root primaryVis=public
type	effects.src.com.crashinvaders.vfx.effects.NfaaEffect	sge.vfx.effects.NfaaEffect	Renamed	-		0		companion=yes form=class parents=sge.vfx.effects.ShaderVfxEffect,sge.vfx.effects.ChainVfxEffect primary=(boolean) primaryKind=unique-root primaryVis=public statics=U_TEXTURE0,U_VIEWPORT_INVERSE
type	effects.src.com.crashinvaders.vfx.effects.OldTvEffect	sge.vfx.effects.OldTvEffect	Renamed	-		0		companion=yes form=class parents=sge.vfx.effects.ShaderVfxEffect,sge.vfx.effects.ChainVfxEffect primary=() primaryKind=unique-root primaryVis=public statics=Resolution,Texture0,Time
type	effects.src.com.crashinvaders.vfx.effects.RadialBlurEffect	sge.vfx.effects.RadialBlurEffect	Renamed	-		0		companion=yes form=class parents=sge.vfx.effects.ShaderVfxEffect,sge.vfx.effects.ChainVfxEffect primary=(int) primaryKind=unique-root primaryVis=public statics=U_BLUR_DIV,U_OFFSET_X,U_OFFSET_Y,U_TEXTURE,U_ZOOM
type	effects.src.com.crashinvaders.vfx.effects.RadialDistortionEffect	sge.vfx.effects.RadialDistortionEffect	Renamed	-		0		companion=yes form=class parents=sge.vfx.effects.ShaderVfxEffect,sge.vfx.effects.ChainVfxEffect primary=() primaryKind=unique-root primaryVis=public statics=U_DISTORTION,U_TEXTURE0,U_ZOOM
type	core.src.com.crashinvaders.vfx.effects.ShaderVfxEffect	sge.vfx.effects.ShaderVfxEffect	Renamed	-		0		companion=yes flags=abstract form=class parents=sge.vfx.effects.AbstractVfxEffect primary=(ShaderProgram) primaryKind=unique-root primaryVis=public statics=TEXTURE_HANDLE0,TEXTURE_HANDLE1,TEXTURE_HANDLE2,TEXTURE_HANDLE3,TEXTURE_HANDLE4,TEXTURE_HANDLE5,TEXTURE_HANDLE6,TEXTURE_HANDLE7
type	core.src.com.crashinvaders.vfx.effects.VfxEffect	sge.vfx.effects.VfxEffect	Renamed	-		0		form=trait parents=java.lang.AutoCloseable
type	effects.src.com.crashinvaders.vfx.effects.VignettingEffect	sge.vfx.effects.VignettingEffect	Renamed	-		0		companion=yes form=class parents=sge.vfx.effects.ShaderVfxEffect,sge.vfx.effects.ChainVfxEffect primary=(boolean) primaryKind=unique-root primaryVis=public statics=CENTER_X,CENTER_Y,SATURATION,SATURATION_MUL,TEXTURE0,VIGNETTE_INTENSITY,VIGNETTE_X,VIGNETTE_Y
type	effects.src.com.crashinvaders.vfx.effects.WaterDistortionEffect	sge.vfx.effects.WaterDistortionEffect	Renamed	-		0		companion=yes form=class parents=sge.vfx.effects.ShaderVfxEffect,sge.vfx.effects.ChainVfxEffect primary=(float,float) primaryKind=unique-root primaryVis=public statics=U_AMOUNT,U_SPEED,U_TEXTURE0,U_TIME
type	effects.src.com.crashinvaders.vfx.effects.ZoomEffect	sge.vfx.effects.ZoomEffect	Renamed	-		0		companion=yes form=class parents=sge.vfx.effects.ShaderVfxEffect,sge.vfx.effects.ChainVfxEffect primary=() primaryKind=unique-root primaryVis=public statics=U_OFFSET_X,U_OFFSET_Y,U_TEXTURE0,U_ZOOM
type	effects.src.com.crashinvaders.vfx.effects.util.CombineEffect	sge.vfx.effects.util.CombineEffect	Renamed	-		0		companion=yes form=class parents=sge.vfx.effects.ShaderVfxEffect primary=() primaryKind=unique-root primaryVis=public statics=U_SOURCE0_INTENSITY,U_SOURCE0_SATURATION,U_SOURCE1_INTENSITY,U_SOURCE1_SATURATION,U_TEXTURE0,U_TEXTURE1
type	effects.src.com.crashinvaders.vfx.effects.util.CopyEffect	sge.vfx.effects.util.CopyEffect	Renamed	-		0		companion=yes form=class parents=sge.vfx.effects.ShaderVfxEffect,sge.vfx.effects.ChainVfxEffect primary=() primaryKind=unique-root primaryVis=public statics=U_TEXTURE0
type	effects.src.com.crashinvaders.vfx.effects.util.GammaThresholdEffect	sge.vfx.effects.util.GammaThresholdEffect	Renamed	-		0		companion=yes form=class parents=sge.vfx.effects.ShaderVfxEffect,sge.vfx.effects.ChainVfxEffect primary=(Type) primaryKind=unique-root primaryVis=public statics=Type,U_TEXTURE0,U_THRESHOLD,U_THRESHOLD_INV
type	com.crashinvaders.vfx.effects.util.GammaThresholdEffect$Type	sge.vfx.effects.util.GammaThresholdEffect$Type	Renamed	-		0		companion=yes flags=abstract,sealed form=enum-class parents=java.lang.Enum primary=() primaryKind=not-funnelled primaryVis=public
type	effects.src.com.crashinvaders.vfx.effects.util.MixEffect	sge.vfx.effects.util.MixEffect	Renamed	-		0		companion=yes form=class parents=sge.vfx.effects.ShaderVfxEffect primary=(Method) primaryKind=unique-root primaryVis=public statics=Method,U_MIX,U_TEXTURE0,U_TEXTURE1
type	com.crashinvaders.vfx.effects.util.MixEffect$Method	sge.vfx.effects.util.MixEffect$Method	Renamed	-		0		companion=yes flags=abstract,sealed form=enum-class parents=java.lang.Enum primary=() primaryKind=not-funnelled primaryVis=public
type	core.src.com.crashinvaders.vfx.framebuffer.VfxFrameBuffer	sge.vfx.framebuffer.VfxFrameBuffer	Renamed	-		0		companion=yes form=class parents=java.lang.AutoCloseable primary=(Format) primaryKind=unique-root primaryVis=public statics=BatchRendererAdapter,Renderer,RendererAdapter,RendererManager,ShapeRendererAdapter,bufferNesting,getBufferNesting,tmpCam,zeroTransform
type	com.crashinvaders.vfx.framebuffer.VfxFrameBuffer$BatchRendererAdapter	sge.vfx.framebuffer.VfxFrameBuffer$BatchRendererAdapter	Renamed	-		0		companion=yes disambiguator=marker form=class parents=sge.vfx.framebuffer.VfxFrameBuffer$RendererAdapter,sge.utils.Pool$Poolable primary=(?) primaryKind=synthesised-primary primaryVis=protected secondaries=();(Batch)
type	com.crashinvaders.vfx.framebuffer.VfxFrameBuffer$Renderer	sge.vfx.framebuffer.VfxFrameBuffer$Renderer	Renamed	-		0		form=trait
type	com.crashinvaders.vfx.framebuffer.VfxFrameBuffer$RendererAdapter	sge.vfx.framebuffer.VfxFrameBuffer$RendererAdapter	Renamed	-		0		flags=abstract form=class parents=sge.vfx.framebuffer.VfxFrameBuffer$Renderer primary=() primaryKind=unique-root primaryVis=public
type	com.crashinvaders.vfx.framebuffer.VfxFrameBuffer$RendererManager	sge.vfx.framebuffer.VfxFrameBuffer$RendererManager	Renamed	-		0		form=class parents=sge.vfx.framebuffer.VfxFrameBuffer$Renderer primary=() primaryKind=unique-root primaryVis=public
type	com.crashinvaders.vfx.framebuffer.VfxFrameBuffer$ShapeRendererAdapter	sge.vfx.framebuffer.VfxFrameBuffer$ShapeRendererAdapter	Renamed	-		0		companion=yes disambiguator=marker form=class parents=sge.vfx.framebuffer.VfxFrameBuffer$RendererAdapter,sge.utils.Pool$Poolable primary=(?) primaryKind=synthesised-primary primaryVis=protected secondaries=();(ShapeRenderer)
type	core.src.com.crashinvaders.vfx.framebuffer.VfxFrameBufferPool	sge.vfx.framebuffer.VfxFrameBufferPool	Renamed	-		0		companion=yes form=class parents=java.lang.AutoCloseable primary=(Format,int,int,int) primaryKind=unique-root primaryVis=public secondaries=() statics=TAG
type	core.src.com.crashinvaders.vfx.framebuffer.VfxFrameBufferQueue	sge.vfx.framebuffer.VfxFrameBufferQueue	Renamed	-		0		form=class parents=java.lang.AutoCloseable primary=(Format,int) primaryKind=unique-root primaryVis=public
type	core.src.com.crashinvaders.vfx.framebuffer.VfxFrameBufferRenderer	sge.vfx.framebuffer.VfxFrameBufferRenderer	Renamed	-		0		form=class parents=java.lang.AutoCloseable primary=() primaryKind=unique-root primaryVis=public
type	core.src.com.crashinvaders.vfx.framebuffer.VfxPingPongWrapper	sge.vfx.framebuffer.VfxPingPongWrapper	Renamed	-		0		companion=yes disambiguator=marker form=class parents=sge.utils.Pool$Poolable primary=(?) primaryKind=synthesised-primary primaryVis=protected secondaries=();(VfxFrameBufferPool);(VfxFrameBuffer,VfxFrameBuffer)
type	core.src.com.crashinvaders.vfx.gl.DefaultVfxGlExtension	sge.vfx.gl.DefaultVfxGlExtension	Renamed	-		0		companion=yes form=class parents=sge.vfx.gl.VfxGlExtension primary=() primaryKind=unique-root primaryVis=public statics=tmpIntBuf
type	core.src.com.crashinvaders.vfx.gl.VfxGLUtils	sge.vfx.gl.VfxGLUtils	Renamed	-		0		companion=yes form=class primary=() primaryKind=unique-root primaryVis=public statics=TAG,compileShader,enableGLQueryStates,getBoundFboHandle,getViewport,glExtension,isGLEnabled,prependFragmentCode,prependVertexCode,tmpByteBuffer,tmpIntBuf,tmpViewport
type	core.src.com.crashinvaders.vfx.gl.VfxGlExtension	sge.vfx.gl.VfxGlExtension	Renamed	-		0		form=trait
type	core.src.com.crashinvaders.vfx.gl.VfxGlViewport	sge.vfx.gl.VfxGlViewport	Renamed	-		0		form=class primary=() primaryKind=unique-root primaryVis=public
type	core.src.com.crashinvaders.vfx.scene2d.VfxWidgetGroup	sge.vfx.scene2d.VfxWidgetGroup	Renamed	-		0		companion=yes form=class parents=sge.scenes.scene2d.ui.WidgetGroup primary=(Format) primaryKind=unique-root primaryVis=public
type	com.crashinvaders.vfx.scene2d.VfxWidgetGroup$CustomRendererAdapter	sge.vfx.scene2d.VfxWidgetGroup$CustomRendererAdapter	Renamed	-		0		form=class parents=sge.vfx.framebuffer.VfxFrameBuffer$Renderer primary=() primaryKind=unique-root primaryVis=private[VfxWidgetGroup]
type	core.src.com.crashinvaders.vfx.utils.CommonUtils	sge.vfx.utils.CommonUtils	Renamed	-		0		form=object primary=() primaryKind=unique-root primaryVis=public
type	core.src.com.crashinvaders.vfx.utils.PrioritizedArray	sge.vfx.utils.PrioritizedArray	Renamed	-		0		companion=yes disambiguator=marker form=class parents=balticporter.runtime.JavaIterable primary=(?) primaryKind=synthesised-primary primaryVis=protected secondaries=();(int) statics=PrioritizedArrayIterable,PrioritizedArrayIterator,Wrapper,WrapperComparator tparams="[T <: java.lang.Object]"
type	com.crashinvaders.vfx.utils.PrioritizedArray$PrioritizedArrayIterable	sge.vfx.utils.PrioritizedArray$PrioritizedArrayIterable	Renamed	-		0		form=class parents=balticporter.runtime.JavaIterable primary=(PrioritizedArray,boolean) primaryKind=unique-root primaryVis=public secondaries=(PrioritizedArray) tparams="[T <: java.lang.Object]"
type	com.crashinvaders.vfx.utils.PrioritizedArray$PrioritizedArrayIterator	sge.vfx.utils.PrioritizedArray$PrioritizedArrayIterator	Renamed	-		0		form=class parents=balticporter.runtime.JavaIterator,balticporter.runtime.JavaIterable primary=(PrioritizedArray,boolean) primaryKind=unique-root primaryVis=public secondaries=(PrioritizedArray) tparams="[T <: java.lang.Object]"
type	com.crashinvaders.vfx.utils.PrioritizedArray$Wrapper	sge.vfx.utils.PrioritizedArray$Wrapper	Renamed	-		0		companion=yes form=class parents=sge.utils.Pool$Poolable primary=() primaryKind=unique-root primaryVis=private[PrioritizedArray] statics=pool tparams="[T <: java.lang.Object]"
type	com.crashinvaders.vfx.utils.PrioritizedArray$WrapperComparator	sge.vfx.utils.PrioritizedArray$WrapperComparator	Renamed	-		0		form=class parents=scala.math.Ordering primary=() primaryKind=unique-root primaryVis=private[PrioritizedArray] tparams="[T <: java.lang.Object]"
type	core.src.com.crashinvaders.vfx.utils.UniformBatcher	sge.vfx.utils.UniformBatcher	Renamed	-		0		form=class parents=sge.utils.Pool$Poolable primary=() primaryKind=unique-root primaryVis=public
type	core.src.com.crashinvaders.vfx.utils.ValueArrayMap	sge.vfx.utils.ValueArrayMap	Renamed	-		0		form=class primary=(int) primaryKind=unique-root primaryVis=public secondaries=() tparams="[K <: java.lang.Object, V <: java.lang.Object]"
type	core.src.com.crashinvaders.vfx.utils.ViewportQuadMesh	sge.vfx.utils.ViewportQuadMesh	Renamed	-		0		companion=yes form=class primary=(VertexAttribute[]) primaryKind=unique-root primaryVis=public secondaries=() statics=U1,U2,U3,U4,V1,V2,V3,V4,VERT_SIZE,X1,X2,X3,X4,Y1,Y2,Y3,Y4,verts
type	com.badlogic.gdx.net.NetJavaImpl		Dropped	-		0		
type	com.badlogic.gdx.utils.Disposable		Dropped	-		0		
type	com.badlogic.gdx.utils.Json		Dropped	-		0		
type	com.badlogic.gdx.utils.Pools		Dropped	-		0		
type	com.badlogic.gdx.utils.ReflectionPool		Dropped	-		0		
type	com.badlogic.gdx.utils.reflect.Annotation		Dropped	-		0		
type	com.badlogic.gdx.utils.reflect.ArrayReflection		Dropped	-		0		
type	com.badlogic.gdx.utils.reflect.ClassReflection		Dropped	-		0		
type	com.badlogic.gdx.utils.reflect.Constructor		Dropped	-		0		
type	com.badlogic.gdx.utils.reflect.Field		Dropped	-		0		
type	com.badlogic.gdx.utils.reflect.Method		Dropped	-		0		
type	com.badlogic.gdx.utils.reflect.ReflectionException		Dropped	-		0		
type		balticporter.runtime.JavaCollection	Added	-		0		
type		balticporter.runtime.JavaCollections	Added	-		0		
type		balticporter.runtime.JavaIterable	Added	-		0		
type		balticporter.runtime.JavaIterator	Added	-		0		
member	core.src.com.crashinvaders.vfx.VfxManager#<init>(Format)	sge.vfx.VfxManager#<init>(Format)	Renamed	-	core/src/com/crashinvaders/vfx/VfxManager.java	67	cdff726579d6abe3	
member	core.src.com.crashinvaders.vfx.VfxManager#<stmt1>	sge.vfx.VfxManager#<stmt1>	Renamed	-	core/src/com/crashinvaders/vfx/VfxManager.java	72	bc7eab8e0abb0a05	
member	core.src.com.crashinvaders.vfx.VfxManager#<stmt2>	sge.vfx.VfxManager#<stmt2>	Renamed	-	core/src/com/crashinvaders/vfx/VfxManager.java	73	68cf25b6767b63d6	
member	core.src.com.crashinvaders.vfx.VfxManager#<stmt3>	sge.vfx.VfxManager#<stmt3>	Renamed	-	core/src/com/crashinvaders/vfx/VfxManager.java	75	8adbe284e48c4608	
member	core.src.com.crashinvaders.vfx.VfxManager#<stmt4>	sge.vfx.VfxManager#<stmt4>	Renamed	-	core/src/com/crashinvaders/vfx/VfxManager.java	78	656ce1cc95b67c69	
member	core.src.com.crashinvaders.vfx.VfxManager#MAX_FRAME_BUFFER_SIDE	sge.vfx.VfxManager#MAX_FRAME_BUFFER_SIDE	Renamed	-	core/src/com/crashinvaders/vfx/VfxManager.java	47	d518c2500232c9bd	placement=companion
member	core.src.com.crashinvaders.vfx.VfxManager#addEffect(ChainVfxEffect)	sge.vfx.VfxManager#addEffect(ChainVfxEffect)	Renamed	-	core/src/com/crashinvaders/vfx/VfxManager.java	162	7adc955723f4aa4e	
member	core.src.com.crashinvaders.vfx.VfxManager#addEffect(ChainVfxEffect,int)	sge.vfx.VfxManager#addEffect(ChainVfxEffect,int)	Renamed	-	core/src/com/crashinvaders/vfx/VfxManager.java	166	14a373f1afc62114	
member	core.src.com.crashinvaders.vfx.VfxManager#anyEnabledEffects()	sge.vfx.VfxManager#anyEnabledEffects()	Renamed	-	core/src/com/crashinvaders/vfx/VfxManager.java	344	a5211a4421d9ab10	
member	core.src.com.crashinvaders.vfx.VfxManager#applyEffects()	sge.vfx.VfxManager#applyEffects()	Renamed	-	core/src/com/crashinvaders/vfx/VfxManager.java	264	93f197c3159e87a7	
member	core.src.com.crashinvaders.vfx.VfxManager#applyingEffects	sge.vfx.VfxManager#applyingEffects	Renamed	-	core/src/com/crashinvaders/vfx/VfxManager.java	61	0aa033b8fad9693d	vis=private
member	core.src.com.crashinvaders.vfx.VfxManager#beginInputCapture()	sge.vfx.VfxManager#beginInputCapture()	Renamed	-	core/src/com/crashinvaders/vfx/VfxManager.java	227	d6530ea667fa6102	
member	core.src.com.crashinvaders.vfx.VfxManager#blendingEnabled	sge.vfx.VfxManager#blendingEnabled	Renamed	-	core/src/com/crashinvaders/vfx/VfxManager.java	63	dfa0b7dff4a6813a	vis=private
member	core.src.com.crashinvaders.vfx.VfxManager#capturing	sge.vfx.VfxManager#capturing	Renamed	-	core/src/com/crashinvaders/vfx/VfxManager.java	58	59c872d745ef836f	vis=private
member	core.src.com.crashinvaders.vfx.VfxManager#cleanUpBuffers()	sge.vfx.VfxManager#cleanUpBuffers()	Renamed	-	core/src/com/crashinvaders/vfx/VfxManager.java	187	7900551e845bf6dd	
member	core.src.com.crashinvaders.vfx.VfxManager#cleanUpBuffers(Color)	sge.vfx.VfxManager#cleanUpBuffers(Color)	Renamed	-	core/src/com/crashinvaders/vfx/VfxManager.java	192	e8c6296148d4f309	
member	core.src.com.crashinvaders.vfx.VfxManager#close()	sge.vfx.VfxManager#close()	Renamed	-	core/src/com/crashinvaders/vfx/VfxManager.java	82	ea31020460874617	
member	core.src.com.crashinvaders.vfx.VfxManager#constrainFrameBufferSize(int,int)	sge.vfx.VfxManager#constrainFrameBufferSize(int,int)	Renamed	-	core/src/com/crashinvaders/vfx/VfxManager.java	363	f8e633ac3bbce2cd	placement=companion
member	core.src.com.crashinvaders.vfx.VfxManager#context	sge.vfx.VfxManager#context	Renamed	-	core/src/com/crashinvaders/vfx/VfxManager.java	54	cf25d2e2c6c7f88e	vis=private
member	core.src.com.crashinvaders.vfx.VfxManager#disabled	sge.vfx.VfxManager#disabled	Renamed	-	core/src/com/crashinvaders/vfx/VfxManager.java	59	51dbc992e2906763	vis=private
member	core.src.com.crashinvaders.vfx.VfxManager#effects	sge.vfx.VfxManager#effects	Renamed	-	core/src/com/crashinvaders/vfx/VfxManager.java	51	e90e9307ab923c32	vis=private
member	core.src.com.crashinvaders.vfx.VfxManager#endInputCapture()	sge.vfx.VfxManager#endInputCapture()	Renamed	-	core/src/com/crashinvaders/vfx/VfxManager.java	238	70e27d8456b3290a	
member	core.src.com.crashinvaders.vfx.VfxManager#filterEnabledEffects(Array)	sge.vfx.VfxManager#filterEnabledEffects(Array<ChainVfxEffect>)	Renamed	-	core/src/com/crashinvaders/vfx/VfxManager.java	353	43666e32c722eb0b	vis=private
member	core.src.com.crashinvaders.vfx.VfxManager#getHeight()	sge.vfx.VfxManager#getHeight()	Renamed	-	core/src/com/crashinvaders/vfx/VfxManager.java	91	5b0a36211bc20052	
member	core.src.com.crashinvaders.vfx.VfxManager#getPingPongWrapper()	sge.vfx.VfxManager#getPingPongWrapper()	Renamed	-	core/src/com/crashinvaders/vfx/VfxManager.java	146	7173c874123f0457	
member	core.src.com.crashinvaders.vfx.VfxManager#getPixelFormat()	sge.vfx.VfxManager#getPixelFormat()	Renamed	-	core/src/com/crashinvaders/vfx/VfxManager.java	124	a6c7c68d015ca364	
member	core.src.com.crashinvaders.vfx.VfxManager#getRenderContext()	sge.vfx.VfxManager#getRenderContext()	Renamed	-	core/src/com/crashinvaders/vfx/VfxManager.java	150	5818916fba44b46d	
member	core.src.com.crashinvaders.vfx.VfxManager#getResultBuffer()	sge.vfx.VfxManager#getResultBuffer()	Renamed	-	core/src/com/crashinvaders/vfx/VfxManager.java	141	61598f1fd4dd50f4	
member	core.src.com.crashinvaders.vfx.VfxManager#getWidth()	sge.vfx.VfxManager#getWidth()	Renamed	-	core/src/com/crashinvaders/vfx/VfxManager.java	87	7b8a631860df51ca	
member	core.src.com.crashinvaders.vfx.VfxManager#height	sge.vfx.VfxManager#height	Renamed	-	core/src/com/crashinvaders/vfx/VfxManager.java	65	6eec677c009c9372	vis=private
member	core.src.com.crashinvaders.vfx.VfxManager#isApplyingEffects()	sge.vfx.VfxManager#isApplyingEffects()	Renamed	-	core/src/com/crashinvaders/vfx/VfxManager.java	136	dd4c536bf6861cf8	
member	core.src.com.crashinvaders.vfx.VfxManager#isBlendingEnabled()	sge.vfx.VfxManager#isBlendingEnabled()	Renamed	-	core/src/com/crashinvaders/vfx/VfxManager.java	108	29ff423ce4306f7b	
member	core.src.com.crashinvaders.vfx.VfxManager#isCapturing()	sge.vfx.VfxManager#isCapturing()	Renamed	-	core/src/com/crashinvaders/vfx/VfxManager.java	95	b0c97fe8fdb3eb18	
member	core.src.com.crashinvaders.vfx.VfxManager#isDisabled()	sge.vfx.VfxManager#isDisabled()	Renamed	-	core/src/com/crashinvaders/vfx/VfxManager.java	99	52ac08e46643704b	
member	core.src.com.crashinvaders.vfx.VfxManager#pingPongWrapper	sge.vfx.VfxManager#pingPongWrapper	Renamed	-	core/src/com/crashinvaders/vfx/VfxManager.java	56	00a6396a6f57d50b	vis=private
member	core.src.com.crashinvaders.vfx.VfxManager#rebind()	sge.vfx.VfxManager#rebind()	Renamed	-	core/src/com/crashinvaders/vfx/VfxManager.java	212	822d61796c9eb7f0	
member	core.src.com.crashinvaders.vfx.VfxManager#removeAllEffects()	sge.vfx.VfxManager#removeAllEffects()	Renamed	-	core/src/com/crashinvaders/vfx/VfxManager.java	177	cd7b55215c90e35d	
member	core.src.com.crashinvaders.vfx.VfxManager#removeEffect(ChainVfxEffect)	sge.vfx.VfxManager#removeEffect(ChainVfxEffect)	Renamed	-	core/src/com/crashinvaders/vfx/VfxManager.java	172	9503bf998e3b8169	
member	core.src.com.crashinvaders.vfx.VfxManager#renderToFbo(VfxFrameBuffer)	sge.vfx.VfxManager#renderToFbo(VfxFrameBuffer)	Renamed	-	core/src/com/crashinvaders/vfx/VfxManager.java	333	dc542adddb82029c	
member	core.src.com.crashinvaders.vfx.VfxManager#renderToScreen()	sge.vfx.VfxManager#renderToScreen()	Renamed	-	core/src/com/crashinvaders/vfx/VfxManager.java	311	2b63ff16172637f2	
member	core.src.com.crashinvaders.vfx.VfxManager#renderToScreen(int,int,int,int)	sge.vfx.VfxManager#renderToScreen(int,int,int,int)	Renamed	-	core/src/com/crashinvaders/vfx/VfxManager.java	322	8fd026fbcb620e82	
member	core.src.com.crashinvaders.vfx.VfxManager#resize(int,int)	sge.vfx.VfxManager#resize(int,int)	Renamed	-	core/src/com/crashinvaders/vfx/VfxManager.java	199	c46c9eb650074e4c	
member	core.src.com.crashinvaders.vfx.VfxManager#setBlendingEnabled(boolean)	sge.vfx.VfxManager#setBlendingEnabled(boolean)	Renamed	-	core/src/com/crashinvaders/vfx/VfxManager.java	116	635ea37f5a88ac0a	
member	core.src.com.crashinvaders.vfx.VfxManager#setDisabled(boolean)	sge.vfx.VfxManager#setDisabled(boolean)	Renamed	-	core/src/com/crashinvaders/vfx/VfxManager.java	104	5fce24e8ef724372	
member	core.src.com.crashinvaders.vfx.VfxManager#setEffectPriority(ChainVfxEffect,int)	sge.vfx.VfxManager#setEffectPriority(ChainVfxEffect,int)	Renamed	-	core/src/com/crashinvaders/vfx/VfxManager.java	182	381b5ada3b11e9a5	
member	core.src.com.crashinvaders.vfx.VfxManager#setEffectTextureParams(TextureWrap,TextureWrap,TextureFilter,TextureFilter)	sge.vfx.VfxManager#setEffectTextureParams(TextureWrap,TextureWrap,TextureFilter,TextureFilter)	Renamed	-	core/src/com/crashinvaders/vfx/VfxManager.java	128	8d9fc6741527f562	
member	core.src.com.crashinvaders.vfx.VfxManager#tmpEffectArray	sge.vfx.VfxManager#tmpEffectArray	Renamed	-	core/src/com/crashinvaders/vfx/VfxManager.java	52	9d65484b8ddb6b1a	vis=private
member	core.src.com.crashinvaders.vfx.VfxManager#tmpVec	sge.vfx.VfxManager#tmpVec	Renamed	-	core/src/com/crashinvaders/vfx/VfxManager.java	49	c9749fd589e3eb7d	placement=companion vis=private
member	core.src.com.crashinvaders.vfx.VfxManager#update(float)	sge.vfx.VfxManager#update(float)	Renamed	-	core/src/com/crashinvaders/vfx/VfxManager.java	220	89f5f7b29f6c5119	
member	core.src.com.crashinvaders.vfx.VfxManager#useAsInput(Texture)	sge.vfx.VfxManager#useAsInput(Texture)	Renamed	-	core/src/com/crashinvaders/vfx/VfxManager.java	252	e5765b1fea6def4b	
member	core.src.com.crashinvaders.vfx.VfxManager#useAsInput(VfxFrameBuffer)	sge.vfx.VfxManager#useAsInput(VfxFrameBuffer)	Renamed	-	core/src/com/crashinvaders/vfx/VfxManager.java	246	f1aa36fa7ef9d890	
member	core.src.com.crashinvaders.vfx.VfxManager#width	sge.vfx.VfxManager#width	Renamed	-	core/src/com/crashinvaders/vfx/VfxManager.java	65	1c8d1b100e2d8990	vis=private
member	core.src.com.crashinvaders.vfx.VfxRenderContext#<stmt1>	sge.vfx.VfxRenderContext#<stmt1>	Renamed	-	core/src/com/crashinvaders/vfx/VfxRenderContext.java	36	b76a325cdd0bc1b0	
member	core.src.com.crashinvaders.vfx.VfxRenderContext#<stmt2>	sge.vfx.VfxRenderContext#<stmt2>	Renamed	-	core/src/com/crashinvaders/vfx/VfxRenderContext.java	37	56f350c0e9b5959e	
member	core.src.com.crashinvaders.vfx.VfxRenderContext#<stmt3>	sge.vfx.VfxRenderContext#<stmt3>	Renamed	-	core/src/com/crashinvaders/vfx/VfxRenderContext.java	38	c8179272566866ba	
member	core.src.com.crashinvaders.vfx.VfxRenderContext#<stmt4>	sge.vfx.VfxRenderContext#<stmt4>	Renamed	-	core/src/com/crashinvaders/vfx/VfxRenderContext.java	39	7bf4786985f6af0b	
member	core.src.com.crashinvaders.vfx.VfxRenderContext#<stmt5>	sge.vfx.VfxRenderContext#<stmt5>	Renamed	-	core/src/com/crashinvaders/vfx/VfxRenderContext.java	40	8a48ebe5aa1e78ee	
member	core.src.com.crashinvaders.vfx.VfxRenderContext#bufferHeight	sge.vfx.VfxRenderContext#bufferHeight	Renamed	-	core/src/com/crashinvaders/vfx/VfxRenderContext.java	33	a4eb23787d344612	vis=private
member	core.src.com.crashinvaders.vfx.VfxRenderContext#bufferPool	sge.vfx.VfxRenderContext#bufferPool	Renamed	-	core/src/com/crashinvaders/vfx/VfxRenderContext.java	28	40784c17bbc9f026	vis=private
member	core.src.com.crashinvaders.vfx.VfxRenderContext#bufferRenderer	sge.vfx.VfxRenderContext#bufferRenderer	Renamed	-	core/src/com/crashinvaders/vfx/VfxRenderContext.java	29	b8c3d7b8d0d37228	vis=private
member	core.src.com.crashinvaders.vfx.VfxRenderContext#bufferWidth	sge.vfx.VfxRenderContext#bufferWidth	Renamed	-	core/src/com/crashinvaders/vfx/VfxRenderContext.java	32	83d7ea52bb64f7ac	vis=private
member	core.src.com.crashinvaders.vfx.VfxRenderContext#close()	sge.vfx.VfxRenderContext#close()	Renamed	-	core/src/com/crashinvaders/vfx/VfxRenderContext.java	44	0fe3e44a39eece2c	
member	core.src.com.crashinvaders.vfx.VfxRenderContext#getBufferHeight()	sge.vfx.VfxRenderContext#getBufferHeight()	Renamed	-	core/src/com/crashinvaders/vfx/VfxRenderContext.java	79	627b62ad615c332f	
member	core.src.com.crashinvaders.vfx.VfxRenderContext#getBufferPool()	sge.vfx.VfxRenderContext#getBufferPool()	Renamed	-	core/src/com/crashinvaders/vfx/VfxRenderContext.java	55	9babafd445b39419	
member	core.src.com.crashinvaders.vfx.VfxRenderContext#getBufferRenderer()	sge.vfx.VfxRenderContext#getBufferRenderer()	Renamed	-	core/src/com/crashinvaders/vfx/VfxRenderContext.java	67	65b0f79c11759c85	
member	core.src.com.crashinvaders.vfx.VfxRenderContext#getBufferWidth()	sge.vfx.VfxRenderContext#getBufferWidth()	Renamed	-	core/src/com/crashinvaders/vfx/VfxRenderContext.java	75	6f9da11d17234089	
member	core.src.com.crashinvaders.vfx.VfxRenderContext#getPixelFormat()	sge.vfx.VfxRenderContext#getPixelFormat()	Renamed	-	core/src/com/crashinvaders/vfx/VfxRenderContext.java	63	99cfb041d811acc1	
member	core.src.com.crashinvaders.vfx.VfxRenderContext#getViewportMesh()	sge.vfx.VfxRenderContext#getViewportMesh()	Renamed	-	core/src/com/crashinvaders/vfx/VfxRenderContext.java	71	761232ff3ad96db1	
member	core.src.com.crashinvaders.vfx.VfxRenderContext#pixelFormat	sge.vfx.VfxRenderContext#pixelFormat	Renamed	-	core/src/com/crashinvaders/vfx/VfxRenderContext.java	30	a61c9717587869d7	vis=private
member	core.src.com.crashinvaders.vfx.VfxRenderContext#rebind()	sge.vfx.VfxRenderContext#rebind()	Renamed	-	core/src/com/crashinvaders/vfx/VfxRenderContext.java	59	d347407347978e2a	
member	core.src.com.crashinvaders.vfx.VfxRenderContext#resize(int,int)	sge.vfx.VfxRenderContext#resize(int,int)	Renamed	-	core/src/com/crashinvaders/vfx/VfxRenderContext.java	49	0a12ca833776e6b1	
member	core.src.com.crashinvaders.vfx.effects.AbstractVfxEffect#disabled	sge.vfx.effects.AbstractVfxEffect#disabled	Renamed	-	core/src/com/crashinvaders/vfx/effects/AbstractVfxEffect.java	21	313c619a7edb785a	vis=private
member	core.src.com.crashinvaders.vfx.effects.AbstractVfxEffect#isDisabled()	sge.vfx.effects.AbstractVfxEffect#isDisabled()	Renamed	-	core/src/com/crashinvaders/vfx/effects/AbstractVfxEffect.java	24	f4a4e7c5e42f857d	
member	core.src.com.crashinvaders.vfx.effects.AbstractVfxEffect#setDisabled(boolean)	sge.vfx.effects.AbstractVfxEffect#setDisabled(boolean)	Renamed	-	core/src/com/crashinvaders/vfx/effects/AbstractVfxEffect.java	29	44417992945195b3	
member	effects.src.com.crashinvaders.vfx.effects.BloomEffect#<init>()	sge.vfx.effects.BloomEffect#<init>()	Renamed	-	effects/src/com/crashinvaders/vfx/effects/BloomEffect.java	41	1334c1a65f3c302a	
member	effects.src.com.crashinvaders.vfx.effects.BloomEffect#<stmt1>	sge.vfx.effects.BloomEffect#<stmt1>	Renamed	-	effects/src/com/crashinvaders/vfx/effects/BloomEffect.java	46	e7c44752ae78e8b0	
member	effects.src.com.crashinvaders.vfx.effects.BloomEffect#<stmt2>	sge.vfx.effects.BloomEffect#<stmt2>	Renamed	-	effects/src/com/crashinvaders/vfx/effects/BloomEffect.java	47	6ff1f1a972eb0d25	
member	effects.src.com.crashinvaders.vfx.effects.BloomEffect#<stmt3>	sge.vfx.effects.BloomEffect#<stmt3>	Renamed	-	effects/src/com/crashinvaders/vfx/effects/BloomEffect.java	48	ab29e2d453730d3b	
member	effects.src.com.crashinvaders.vfx.effects.BloomEffect#<stmt4>	sge.vfx.effects.BloomEffect#<stmt4>	Renamed	-	effects/src/com/crashinvaders/vfx/effects/BloomEffect.java	49	95fccfcaf6d5a762	
member	effects.src.com.crashinvaders.vfx.effects.BloomEffect#<stmt5>	sge.vfx.effects.BloomEffect#<stmt5>	Renamed	-	effects/src/com/crashinvaders/vfx/effects/BloomEffect.java	51	e440bd3e02ae233f	
member	effects.src.com.crashinvaders.vfx.effects.BloomEffect#applySettings(Settings)	sge.vfx.effects.BloomEffect#applySettings(Settings)	Renamed	-	effects/src/com/crashinvaders/vfx/effects/BloomEffect.java	173	efe53b4ef2843cc9	
member	effects.src.com.crashinvaders.vfx.effects.BloomEffect#blending	sge.vfx.effects.BloomEffect#blending	Renamed	-	effects/src/com/crashinvaders/vfx/effects/BloomEffect.java	38	a435e72b894d0a08	vis=private
member	effects.src.com.crashinvaders.vfx.effects.BloomEffect#blur	sge.vfx.effects.BloomEffect#blur	Renamed	-	effects/src/com/crashinvaders/vfx/effects/BloomEffect.java	34	caef3f5d8f159522	vis=private
member	effects.src.com.crashinvaders.vfx.effects.BloomEffect#combine	sge.vfx.effects.BloomEffect#combine	Renamed	-	effects/src/com/crashinvaders/vfx/effects/BloomEffect.java	36	47916c59e6286f55	vis=private
member	effects.src.com.crashinvaders.vfx.effects.BloomEffect#copy	sge.vfx.effects.BloomEffect#copy	Renamed	-	effects/src/com/crashinvaders/vfx/effects/BloomEffect.java	33	3f594e3ef4be654c	vis=private
member	effects.src.com.crashinvaders.vfx.effects.BloomEffect#dfactor	sge.vfx.effects.BloomEffect#dfactor	Renamed	-	effects/src/com/crashinvaders/vfx/effects/BloomEffect.java	39	0cfab57ac618d912	vis=private
member	effects.src.com.crashinvaders.vfx.effects.BloomEffect#disableBlending()	sge.vfx.effects.BloomEffect#disableBlending()	Renamed	-	effects/src/com/crashinvaders/vfx/effects/BloomEffect.java	161	4c7fb0de422c8976	
member	effects.src.com.crashinvaders.vfx.effects.BloomEffect#enableBlending(int,int)	sge.vfx.effects.BloomEffect#enableBlending(int,int)	Renamed	-	effects/src/com/crashinvaders/vfx/effects/BloomEffect.java	155	00a98272438c74cc	
member	effects.src.com.crashinvaders.vfx.effects.BloomEffect#getBaseIntensity()	sge.vfx.effects.BloomEffect#getBaseIntensity()	Renamed	-	effects/src/com/crashinvaders/vfx/effects/BloomEffect.java	87	ca37af7b9eae92f7	
member	effects.src.com.crashinvaders.vfx.effects.BloomEffect#getBaseSaturation()	sge.vfx.effects.BloomEffect#getBaseSaturation()	Renamed	-	effects/src/com/crashinvaders/vfx/effects/BloomEffect.java	95	992a56e6ae5dca17	
member	effects.src.com.crashinvaders.vfx.effects.BloomEffect#getBlendingDestFactor()	sge.vfx.effects.BloomEffect#getBlendingDestFactor()	Renamed	-	effects/src/com/crashinvaders/vfx/effects/BloomEffect.java	147	7c585ee5390a75ad	
member	effects.src.com.crashinvaders.vfx.effects.BloomEffect#getBlendingSourceFactor()	sge.vfx.effects.BloomEffect#getBlendingSourceFactor()	Renamed	-	effects/src/com/crashinvaders/vfx/effects/BloomEffect.java	143	ab842b7f66db2a2c	
member	effects.src.com.crashinvaders.vfx.effects.BloomEffect#getBloomIntensity()	sge.vfx.effects.BloomEffect#getBloomIntensity()	Renamed	-	effects/src/com/crashinvaders/vfx/effects/BloomEffect.java	103	48c1f038fef10241	
member	effects.src.com.crashinvaders.vfx.effects.BloomEffect#getBloomSaturation()	sge.vfx.effects.BloomEffect#getBloomSaturation()	Renamed	-	effects/src/com/crashinvaders/vfx/effects/BloomEffect.java	111	1fcdbb9a529106f5	
member	effects.src.com.crashinvaders.vfx.effects.BloomEffect#getBlurAmount()	sge.vfx.effects.BloomEffect#getBlurAmount()	Renamed	-	effects/src/com/crashinvaders/vfx/effects/BloomEffect.java	127	27356e25cd885a4c	
member	effects.src.com.crashinvaders.vfx.effects.BloomEffect#getBlurPasses()	sge.vfx.effects.BloomEffect#getBlurPasses()	Renamed	-	effects/src/com/crashinvaders/vfx/effects/BloomEffect.java	119	4ddef45fa31dd937	
member	effects.src.com.crashinvaders.vfx.effects.BloomEffect#getBlurType()	sge.vfx.effects.BloomEffect#getBlurType()	Renamed	-	effects/src/com/crashinvaders/vfx/effects/BloomEffect.java	165	ea858e0cecb886dc	
member	effects.src.com.crashinvaders.vfx.effects.BloomEffect#getThreshold()	sge.vfx.effects.BloomEffect#getThreshold()	Renamed	-	effects/src/com/crashinvaders/vfx/effects/BloomEffect.java	139	3f229918c37a7250	
member	effects.src.com.crashinvaders.vfx.effects.BloomEffect#isBlendingEnabled()	sge.vfx.effects.BloomEffect#isBlendingEnabled()	Renamed	-	effects/src/com/crashinvaders/vfx/effects/BloomEffect.java	135	83959484eb5abce7	
member	effects.src.com.crashinvaders.vfx.effects.BloomEffect#render(VfxRenderContext,VfxPingPongWrapper)	sge.vfx.effects.BloomEffect#render(VfxRenderContext,VfxPingPongWrapper)	Renamed	-	effects/src/com/crashinvaders/vfx/effects/BloomEffect.java	55	643881d41114f74b	
member	effects.src.com.crashinvaders.vfx.effects.BloomEffect#setBaseIntensity(float)	sge.vfx.effects.BloomEffect#setBaseIntensity(float)	Renamed	-	effects/src/com/crashinvaders/vfx/effects/BloomEffect.java	91	951d342a49b685c3	
member	effects.src.com.crashinvaders.vfx.effects.BloomEffect#setBaseSaturation(float)	sge.vfx.effects.BloomEffect#setBaseSaturation(float)	Renamed	-	effects/src/com/crashinvaders/vfx/effects/BloomEffect.java	99	4f36d7a29ac2bea7	
member	effects.src.com.crashinvaders.vfx.effects.BloomEffect#setBloomIntensity(float)	sge.vfx.effects.BloomEffect#setBloomIntensity(float)	Renamed	-	effects/src/com/crashinvaders/vfx/effects/BloomEffect.java	107	6793f8370cdd35e8	
member	effects.src.com.crashinvaders.vfx.effects.BloomEffect#setBloomSaturation(float)	sge.vfx.effects.BloomEffect#setBloomSaturation(float)	Renamed	-	effects/src/com/crashinvaders/vfx/effects/BloomEffect.java	115	2d2c0f67a5bb33ef	
member	effects.src.com.crashinvaders.vfx.effects.BloomEffect#setBlurAmount(float)	sge.vfx.effects.BloomEffect#setBlurAmount(float)	Renamed	-	effects/src/com/crashinvaders/vfx/effects/BloomEffect.java	131	87e40c74ec4297f3	
member	effects.src.com.crashinvaders.vfx.effects.BloomEffect#setBlurPasses(int)	sge.vfx.effects.BloomEffect#setBlurPasses(int)	Renamed	-	effects/src/com/crashinvaders/vfx/effects/BloomEffect.java	123	87fbdd23f290ff09	
member	effects.src.com.crashinvaders.vfx.effects.BloomEffect#setBlurType(BlurType)	sge.vfx.effects.BloomEffect#setBlurType(BlurType)	Renamed	-	effects/src/com/crashinvaders/vfx/effects/BloomEffect.java	169	a5fb23010cef6b76	
member	effects.src.com.crashinvaders.vfx.effects.BloomEffect#setThreshold(float)	sge.vfx.effects.BloomEffect#setThreshold(float)	Renamed	-	effects/src/com/crashinvaders/vfx/effects/BloomEffect.java	151	ea8c0e6fbff45fb2	
member	effects.src.com.crashinvaders.vfx.effects.BloomEffect#sfactor	sge.vfx.effects.BloomEffect#sfactor	Renamed	-	effects/src/com/crashinvaders/vfx/effects/BloomEffect.java	39	189a9a63de135833	vis=private
member	effects.src.com.crashinvaders.vfx.effects.BloomEffect#threshold	sge.vfx.effects.BloomEffect#threshold	Renamed	-	effects/src/com/crashinvaders/vfx/effects/BloomEffect.java	35	ec5d65e63694a03c	vis=private
member	effects.src.com.crashinvaders.vfx.effects.BloomEffect$Settings#<init>(BlurType,int,float,float,float,float,float,float)	sge.vfx.effects.BloomEffect$Settings#<init>(BlurType,int,float,float,float,float,float,float)	Renamed	-	effects/src/com/crashinvaders/vfx/effects/BloomEffect.java	208	43a92980582feed6	
member	effects.src.com.crashinvaders.vfx.effects.BloomEffect$Settings#<init>(Settings)	sge.vfx.effects.BloomEffect$Settings#<init>(Settings)	Renamed	-	effects/src/com/crashinvaders/vfx/effects/BloomEffect.java	221	b7ac23c86c62deac	
member	effects.src.com.crashinvaders.vfx.effects.BloomEffect$Settings#<init>(int,float,float,float,float,float)	sge.vfx.effects.BloomEffect$Settings#<init>(int,float,float,float,float,float)	Renamed	-	effects/src/com/crashinvaders/vfx/effects/BloomEffect.java	201	e7b4557f6d938ac6	
member	effects.src.com.crashinvaders.vfx.effects.BloomEffect$Settings#baseIntensity	sge.vfx.effects.BloomEffect$Settings#baseIntensity	Renamed	-	effects/src/com/crashinvaders/vfx/effects/BloomEffect.java	198	c7bef6c008ec15b1	
member	effects.src.com.crashinvaders.vfx.effects.BloomEffect$Settings#baseSaturation	sge.vfx.effects.BloomEffect$Settings#baseSaturation	Renamed	-	effects/src/com/crashinvaders/vfx/effects/BloomEffect.java	199	66bbf04b5116d1da	
member	effects.src.com.crashinvaders.vfx.effects.BloomEffect$Settings#bloomIntensity	sge.vfx.effects.BloomEffect$Settings#bloomIntensity	Renamed	-	effects/src/com/crashinvaders/vfx/effects/BloomEffect.java	196	833345ee4fec60a1	
member	effects.src.com.crashinvaders.vfx.effects.BloomEffect$Settings#bloomSaturation	sge.vfx.effects.BloomEffect$Settings#bloomSaturation	Renamed	-	effects/src/com/crashinvaders/vfx/effects/BloomEffect.java	197	46c3e0fdfe7795ff	
member	effects.src.com.crashinvaders.vfx.effects.BloomEffect$Settings#bloomThreshold	sge.vfx.effects.BloomEffect$Settings#bloomThreshold	Renamed	-	effects/src/com/crashinvaders/vfx/effects/BloomEffect.java	194	9852fde045c37d5e	
member	effects.src.com.crashinvaders.vfx.effects.BloomEffect$Settings#blurAmount	sge.vfx.effects.BloomEffect$Settings#blurAmount	Renamed	-	effects/src/com/crashinvaders/vfx/effects/BloomEffect.java	193	1a62e9204339a661	
member	effects.src.com.crashinvaders.vfx.effects.BloomEffect$Settings#blurPasses	sge.vfx.effects.BloomEffect$Settings#blurPasses	Renamed	-	effects/src/com/crashinvaders/vfx/effects/BloomEffect.java	192	5769b817cb9a1612	
member	effects.src.com.crashinvaders.vfx.effects.BloomEffect$Settings#blurType	sge.vfx.effects.BloomEffect$Settings#blurType	Renamed	-	effects/src/com/crashinvaders/vfx/effects/BloomEffect.java	191	488c677b766865de	
member	core.src.com.crashinvaders.vfx.effects.ChainVfxEffect#render(VfxRenderContext,VfxPingPongWrapper)	sge.vfx.effects.ChainVfxEffect#render(VfxRenderContext,VfxPingPongWrapper)	Renamed	-	core/src/com/crashinvaders/vfx/effects/ChainVfxEffect.java	24	742d2daa41e91ad2	
member	effects.src.com.crashinvaders.vfx.effects.ChromaticAberrationEffect#<stmt1>	sge.vfx.effects.ChromaticAberrationEffect#<stmt1>	Renamed	-	effects/src/com/crashinvaders/vfx/effects/ChromaticAberrationEffect.java	37	5e3db9e8fb1acb4f	
member	effects.src.com.crashinvaders.vfx.effects.ChromaticAberrationEffect#U_MAX_DISTORTION	sge.vfx.effects.ChromaticAberrationEffect#U_MAX_DISTORTION	Renamed	-	effects/src/com/crashinvaders/vfx/effects/ChromaticAberrationEffect.java	28	368fb6a6c06041f8	placement=companion vis=private
member	effects.src.com.crashinvaders.vfx.effects.ChromaticAberrationEffect#U_TEXTURE0	sge.vfx.effects.ChromaticAberrationEffect#U_TEXTURE0	Renamed	-	effects/src/com/crashinvaders/vfx/effects/ChromaticAberrationEffect.java	27	84c2b4ea4638c1a2	placement=companion vis=private
member	effects.src.com.crashinvaders.vfx.effects.ChromaticAberrationEffect#getMaxDistortion()	sge.vfx.effects.ChromaticAberrationEffect#getMaxDistortion()	Renamed	-	effects/src/com/crashinvaders/vfx/effects/ChromaticAberrationEffect.java	49	2adc719374ac638f	
member	effects.src.com.crashinvaders.vfx.effects.ChromaticAberrationEffect#maxDistortion	sge.vfx.effects.ChromaticAberrationEffect#maxDistortion	Renamed	-	effects/src/com/crashinvaders/vfx/effects/ChromaticAberrationEffect.java	30	a6adea14ffa45e63	vis=private
member	effects.src.com.crashinvaders.vfx.effects.ChromaticAberrationEffect#rebind()	sge.vfx.effects.ChromaticAberrationEffect#rebind()	Renamed	-	effects/src/com/crashinvaders/vfx/effects/ChromaticAberrationEffect.java	41	d48abda00a4693a4	
member	effects.src.com.crashinvaders.vfx.effects.ChromaticAberrationEffect#render(VfxRenderContext,VfxFrameBuffer,VfxFrameBuffer)	sge.vfx.effects.ChromaticAberrationEffect#render(VfxRenderContext,VfxFrameBuffer,VfxFrameBuffer)	Renamed	-	effects/src/com/crashinvaders/vfx/effects/ChromaticAberrationEffect.java	63	8f0ecb54af55f12f	
member	effects.src.com.crashinvaders.vfx.effects.ChromaticAberrationEffect#render(VfxRenderContext,VfxPingPongWrapper)	sge.vfx.effects.ChromaticAberrationEffect#render(VfxRenderContext,VfxPingPongWrapper)	Renamed	-	effects/src/com/crashinvaders/vfx/effects/ChromaticAberrationEffect.java	59	34eb468b9ae4f864	
member	effects.src.com.crashinvaders.vfx.effects.ChromaticAberrationEffect#setMaxDistortion(float)	sge.vfx.effects.ChromaticAberrationEffect#setMaxDistortion(float)	Renamed	-	effects/src/com/crashinvaders/vfx/effects/ChromaticAberrationEffect.java	53	99af01ae9da1eb02	
member	core.src.com.crashinvaders.vfx.effects.CompositeVfxEffect#close()	sge.vfx.effects.CompositeVfxEffect#close()	Renamed	-	core/src/com/crashinvaders/vfx/effects/CompositeVfxEffect.java	54	bc503261823073bb	
member	core.src.com.crashinvaders.vfx.effects.CompositeVfxEffect#managedEffects	sge.vfx.effects.CompositeVfxEffect#managedEffects	Renamed	-	core/src/com/crashinvaders/vfx/effects/CompositeVfxEffect.java	30	34d22392ff3cc357	
member	core.src.com.crashinvaders.vfx.effects.CompositeVfxEffect#rebind()	sge.vfx.effects.CompositeVfxEffect#rebind()	Renamed	-	core/src/com/crashinvaders/vfx/effects/CompositeVfxEffect.java	40	2a7796bf530cf273	
member	core.src.com.crashinvaders.vfx.effects.CompositeVfxEffect#register(T)	sge.vfx.effects.CompositeVfxEffect#register(T)	Renamed	-	core/src/com/crashinvaders/vfx/effects/CompositeVfxEffect.java	60	b5a363d742907f74	
member	core.src.com.crashinvaders.vfx.effects.CompositeVfxEffect#resize(int,int)	sge.vfx.effects.CompositeVfxEffect#resize(int,int)	Renamed	-	core/src/com/crashinvaders/vfx/effects/CompositeVfxEffect.java	33	38aea77ea2535500	
member	core.src.com.crashinvaders.vfx.effects.CompositeVfxEffect#unregister(T)	sge.vfx.effects.CompositeVfxEffect#unregister(T)	Renamed	-	core/src/com/crashinvaders/vfx/effects/CompositeVfxEffect.java	65	6fbed057905dc54f	
member	core.src.com.crashinvaders.vfx.effects.CompositeVfxEffect#update(float)	sge.vfx.effects.CompositeVfxEffect#update(float)	Renamed	-	core/src/com/crashinvaders/vfx/effects/CompositeVfxEffect.java	47	45b3cfb12733a027	
member	effects.src.com.crashinvaders.vfx.effects.CrtEffect#<init>()	sge.vfx.effects.CrtEffect#<init>()	Renamed	-	effects/src/com/crashinvaders/vfx/effects/CrtEffect.java	35	4a8d68f862495871	
member	effects.src.com.crashinvaders.vfx.effects.CrtEffect#<stmt1>	sge.vfx.effects.CrtEffect#<stmt1>	Renamed	-	effects/src/com/crashinvaders/vfx/effects/CrtEffect.java	47	5e3db9e8fb1acb4f	
member	effects.src.com.crashinvaders.vfx.effects.CrtEffect#U_RESOLUTION	sge.vfx.effects.CrtEffect#U_RESOLUTION	Renamed	-	effects/src/com/crashinvaders/vfx/effects/CrtEffect.java	30	eb3ba9546b3ccb97	placement=companion vis=private
member	effects.src.com.crashinvaders.vfx.effects.CrtEffect#U_TEXTURE0	sge.vfx.effects.CrtEffect#U_TEXTURE0	Renamed	-	effects/src/com/crashinvaders/vfx/effects/CrtEffect.java	29	84c2b4ea4638c1a2	placement=companion vis=private
member	effects.src.com.crashinvaders.vfx.effects.CrtEffect#getSizeSource()	sge.vfx.effects.CrtEffect#getSizeSource()	Renamed	-	effects/src/com/crashinvaders/vfx/effects/CrtEffect.java	85	0b535090f484435a	
member	effects.src.com.crashinvaders.vfx.effects.CrtEffect#rebind()	sge.vfx.effects.CrtEffect#rebind()	Renamed	-	effects/src/com/crashinvaders/vfx/effects/CrtEffect.java	58	0381a8024d4ab69a	
member	effects.src.com.crashinvaders.vfx.effects.CrtEffect#render(VfxRenderContext,VfxFrameBuffer,VfxFrameBuffer)	sge.vfx.effects.CrtEffect#render(VfxRenderContext,VfxFrameBuffer,VfxFrameBuffer)	Renamed	-	effects/src/com/crashinvaders/vfx/effects/CrtEffect.java	78	8f0ecb54af55f12f	
member	effects.src.com.crashinvaders.vfx.effects.CrtEffect#render(VfxRenderContext,VfxPingPongWrapper)	sge.vfx.effects.CrtEffect#render(VfxRenderContext,VfxPingPongWrapper)	Renamed	-	effects/src/com/crashinvaders/vfx/effects/CrtEffect.java	74	34eb468b9ae4f864	
member	effects.src.com.crashinvaders.vfx.effects.CrtEffect#resize(int,int)	sge.vfx.effects.CrtEffect#resize(int,int)	Renamed	-	effects/src/com/crashinvaders/vfx/effects/CrtEffect.java	51	d433a05f4050e079	
member	effects.src.com.crashinvaders.vfx.effects.CrtEffect#setSizeSource(SizeSource)	sge.vfx.effects.CrtEffect#setSizeSource(SizeSource)	Renamed	-	effects/src/com/crashinvaders/vfx/effects/CrtEffect.java	91	8ad550b541b5e86a	
member	effects.src.com.crashinvaders.vfx.effects.CrtEffect#sizeSource	sge.vfx.effects.CrtEffect#sizeSource	Renamed	-	effects/src/com/crashinvaders/vfx/effects/CrtEffect.java	33	0b491cc00fbb122d	vis=private
member	effects.src.com.crashinvaders.vfx.effects.CrtEffect#tmpVec	sge.vfx.effects.CrtEffect#tmpVec	Renamed	-	effects/src/com/crashinvaders/vfx/effects/CrtEffect.java	27	c9749fd589e3eb7d	placement=companion vis=private
member	effects.src.com.crashinvaders.vfx.effects.CrtEffect#viewportSize	sge.vfx.effects.CrtEffect#viewportSize	Renamed	-	effects/src/com/crashinvaders/vfx/effects/CrtEffect.java	32	e28570e3eadc9bf5	vis=private
member	effects.src.com.crashinvaders.vfx.effects.FilmGrainEffect#<stmt1>	sge.vfx.effects.FilmGrainEffect#<stmt1>	Renamed	-	effects/src/com/crashinvaders/vfx/effects/FilmGrainEffect.java	38	5e3db9e8fb1acb4f	
member	effects.src.com.crashinvaders.vfx.effects.FilmGrainEffect#U_NOISE_AMOUNT	sge.vfx.effects.FilmGrainEffect#U_NOISE_AMOUNT	Renamed	-	effects/src/com/crashinvaders/vfx/effects/FilmGrainEffect.java	29	b9e8f843f575ba4c	placement=companion vis=private
member	effects.src.com.crashinvaders.vfx.effects.FilmGrainEffect#U_SEED	sge.vfx.effects.FilmGrainEffect#U_SEED	Renamed	-	effects/src/com/crashinvaders/vfx/effects/FilmGrainEffect.java	28	9a317289979fe096	placement=companion vis=private
member	effects.src.com.crashinvaders.vfx.effects.FilmGrainEffect#U_TEXTURE0	sge.vfx.effects.FilmGrainEffect#U_TEXTURE0	Renamed	-	effects/src/com/crashinvaders/vfx/effects/FilmGrainEffect.java	27	84c2b4ea4638c1a2	placement=companion vis=private
member	effects.src.com.crashinvaders.vfx.effects.FilmGrainEffect#getNoiseAmount()	sge.vfx.effects.FilmGrainEffect#getNoiseAmount()	Renamed	-	effects/src/com/crashinvaders/vfx/effects/FilmGrainEffect.java	79	9659de0498b166ee	
member	effects.src.com.crashinvaders.vfx.effects.FilmGrainEffect#getSeed()	sge.vfx.effects.FilmGrainEffect#getSeed()	Renamed	-	effects/src/com/crashinvaders/vfx/effects/FilmGrainEffect.java	70	5b665432023abc30	
member	effects.src.com.crashinvaders.vfx.effects.FilmGrainEffect#noiseAmount	sge.vfx.effects.FilmGrainEffect#noiseAmount	Renamed	-	effects/src/com/crashinvaders/vfx/effects/FilmGrainEffect.java	32	bace7fe49307de31	vis=private
member	effects.src.com.crashinvaders.vfx.effects.FilmGrainEffect#rebind()	sge.vfx.effects.FilmGrainEffect#rebind()	Renamed	-	effects/src/com/crashinvaders/vfx/effects/FilmGrainEffect.java	49	e1765ddaa77e385f	
member	effects.src.com.crashinvaders.vfx.effects.FilmGrainEffect#render(VfxRenderContext,VfxFrameBuffer,VfxFrameBuffer)	sge.vfx.effects.FilmGrainEffect#render(VfxRenderContext,VfxFrameBuffer,VfxFrameBuffer)	Renamed	-	effects/src/com/crashinvaders/vfx/effects/FilmGrainEffect.java	63	8f0ecb54af55f12f	
member	effects.src.com.crashinvaders.vfx.effects.FilmGrainEffect#render(VfxRenderContext,VfxPingPongWrapper)	sge.vfx.effects.FilmGrainEffect#render(VfxRenderContext,VfxPingPongWrapper)	Renamed	-	effects/src/com/crashinvaders/vfx/effects/FilmGrainEffect.java	59	34eb468b9ae4f864	
member	effects.src.com.crashinvaders.vfx.effects.FilmGrainEffect#seed	sge.vfx.effects.FilmGrainEffect#seed	Renamed	-	effects/src/com/crashinvaders/vfx/effects/FilmGrainEffect.java	31	10c5afc125f8c661	vis=private
member	effects.src.com.crashinvaders.vfx.effects.FilmGrainEffect#setNoiseAmount(float)	sge.vfx.effects.FilmGrainEffect#setNoiseAmount(float)	Renamed	-	effects/src/com/crashinvaders/vfx/effects/FilmGrainEffect.java	83	939212a67a1d43bb	
member	effects.src.com.crashinvaders.vfx.effects.FilmGrainEffect#setSeed(float)	sge.vfx.effects.FilmGrainEffect#setSeed(float)	Renamed	-	effects/src/com/crashinvaders/vfx/effects/FilmGrainEffect.java	74	9409511af25fd55e	
member	effects.src.com.crashinvaders.vfx.effects.FilmGrainEffect#update(float)	sge.vfx.effects.FilmGrainEffect#update(float)	Renamed	-	effects/src/com/crashinvaders/vfx/effects/FilmGrainEffect.java	42	0fa131584ff6e0d4	
member	effects.src.com.crashinvaders.vfx.effects.FisheyeEffect#<stmt1>	sge.vfx.effects.FisheyeEffect#<stmt1>	Renamed	-	effects/src/com/crashinvaders/vfx/effects/FisheyeEffect.java	38	5e3db9e8fb1acb4f	
member	effects.src.com.crashinvaders.vfx.effects.FisheyeEffect#U_TEXTURE0	sge.vfx.effects.FisheyeEffect#U_TEXTURE0	Renamed	-	effects/src/com/crashinvaders/vfx/effects/FisheyeEffect.java	32	84c2b4ea4638c1a2	placement=companion vis=private
member	effects.src.com.crashinvaders.vfx.effects.FisheyeEffect#rebind()	sge.vfx.effects.FisheyeEffect#rebind()	Renamed	-	effects/src/com/crashinvaders/vfx/effects/FisheyeEffect.java	42	df1c568e43839c54	
member	effects.src.com.crashinvaders.vfx.effects.FisheyeEffect#render(VfxRenderContext,VfxFrameBuffer,VfxFrameBuffer)	sge.vfx.effects.FisheyeEffect#render(VfxRenderContext,VfxFrameBuffer,VfxFrameBuffer)	Renamed	-	effects/src/com/crashinvaders/vfx/effects/FisheyeEffect.java	52	8f0ecb54af55f12f	
member	effects.src.com.crashinvaders.vfx.effects.FisheyeEffect#render(VfxRenderContext,VfxPingPongWrapper)	sge.vfx.effects.FisheyeEffect#render(VfxRenderContext,VfxPingPongWrapper)	Renamed	-	effects/src/com/crashinvaders/vfx/effects/FisheyeEffect.java	48	34eb468b9ae4f864	
member	effects.src.com.crashinvaders.vfx.effects.FxaaEffect#<init>()	sge.vfx.effects.FxaaEffect#<init>()	Renamed	-	effects/src/com/crashinvaders/vfx/effects/FxaaEffect.java	45	bce11d7b1c0df168	
member	effects.src.com.crashinvaders.vfx.effects.FxaaEffect#<stmt1>	sge.vfx.effects.FxaaEffect#<stmt1>	Renamed	-	effects/src/com/crashinvaders/vfx/effects/FxaaEffect.java	54	c321040717373843	
member	effects.src.com.crashinvaders.vfx.effects.FxaaEffect#<stmt2>	sge.vfx.effects.FxaaEffect#<stmt2>	Renamed	-	effects/src/com/crashinvaders/vfx/effects/FxaaEffect.java	55	837034611f6d20f2	
member	effects.src.com.crashinvaders.vfx.effects.FxaaEffect#<stmt3>	sge.vfx.effects.FxaaEffect#<stmt3>	Renamed	-	effects/src/com/crashinvaders/vfx/effects/FxaaEffect.java	56	87918a4cf09d0001	
member	effects.src.com.crashinvaders.vfx.effects.FxaaEffect#<stmt4>	sge.vfx.effects.FxaaEffect#<stmt4>	Renamed	-	effects/src/com/crashinvaders/vfx/effects/FxaaEffect.java	57	5e3db9e8fb1acb4f	
member	effects.src.com.crashinvaders.vfx.effects.FxaaEffect#U_FXAA_REDUCE_MIN	sge.vfx.effects.FxaaEffect#U_FXAA_REDUCE_MIN	Renamed	-	effects/src/com/crashinvaders/vfx/effects/FxaaEffect.java	36	65393e0dc82e6b01	placement=companion vis=private
member	effects.src.com.crashinvaders.vfx.effects.FxaaEffect#U_FXAA_REDUCE_MUL	sge.vfx.effects.FxaaEffect#U_FXAA_REDUCE_MUL	Renamed	-	effects/src/com/crashinvaders/vfx/effects/FxaaEffect.java	37	fdae044aa829ff5a	placement=companion vis=private
member	effects.src.com.crashinvaders.vfx.effects.FxaaEffect#U_FXAA_SPAN_MAX	sge.vfx.effects.FxaaEffect#U_FXAA_SPAN_MAX	Renamed	-	effects/src/com/crashinvaders/vfx/effects/FxaaEffect.java	38	7fefa4080a94e480	placement=companion vis=private
member	effects.src.com.crashinvaders.vfx.effects.FxaaEffect#U_TEXTURE0	sge.vfx.effects.FxaaEffect#U_TEXTURE0	Renamed	-	effects/src/com/crashinvaders/vfx/effects/FxaaEffect.java	34	84c2b4ea4638c1a2	placement=companion vis=private
member	effects.src.com.crashinvaders.vfx.effects.FxaaEffect#U_VIEWPORT_INVERSE	sge.vfx.effects.FxaaEffect#U_VIEWPORT_INVERSE	Renamed	-	effects/src/com/crashinvaders/vfx/effects/FxaaEffect.java	35	97abfb66be10c202	placement=companion vis=private
member	effects.src.com.crashinvaders.vfx.effects.FxaaEffect#fxaaReduceMin	sge.vfx.effects.FxaaEffect#fxaaReduceMin	Renamed	-	effects/src/com/crashinvaders/vfx/effects/FxaaEffect.java	41	539ce01da0b025ac	vis=private
member	effects.src.com.crashinvaders.vfx.effects.FxaaEffect#fxaaReduceMul	sge.vfx.effects.FxaaEffect#fxaaReduceMul	Renamed	-	effects/src/com/crashinvaders/vfx/effects/FxaaEffect.java	42	6702065eddbc321f	vis=private
member	effects.src.com.crashinvaders.vfx.effects.FxaaEffect#fxaaSpanMax	sge.vfx.effects.FxaaEffect#fxaaSpanMax	Renamed	-	effects/src/com/crashinvaders/vfx/effects/FxaaEffect.java	43	02fbff4f11292655	vis=private
member	effects.src.com.crashinvaders.vfx.effects.FxaaEffect#rebind()	sge.vfx.effects.FxaaEffect#rebind()	Renamed	-	effects/src/com/crashinvaders/vfx/effects/FxaaEffect.java	68	cd0df41c0a001928	
member	effects.src.com.crashinvaders.vfx.effects.FxaaEffect#render(VfxRenderContext,VfxFrameBuffer,VfxFrameBuffer)	sge.vfx.effects.FxaaEffect#render(VfxRenderContext,VfxFrameBuffer,VfxFrameBuffer)	Renamed	-	effects/src/com/crashinvaders/vfx/effects/FxaaEffect.java	84	8f0ecb54af55f12f	
member	effects.src.com.crashinvaders.vfx.effects.FxaaEffect#render(VfxRenderContext,VfxPingPongWrapper)	sge.vfx.effects.FxaaEffect#render(VfxRenderContext,VfxPingPongWrapper)	Renamed	-	effects/src/com/crashinvaders/vfx/effects/FxaaEffect.java	80	34eb468b9ae4f864	
member	effects.src.com.crashinvaders.vfx.effects.FxaaEffect#resize(int,int)	sge.vfx.effects.FxaaEffect#resize(int,int)	Renamed	-	effects/src/com/crashinvaders/vfx/effects/FxaaEffect.java	61	29db9046c5e17552	
member	effects.src.com.crashinvaders.vfx.effects.FxaaEffect#setReduceMin(float)	sge.vfx.effects.FxaaEffect#setReduceMin(float)	Renamed	-	effects/src/com/crashinvaders/vfx/effects/FxaaEffect.java	93	57d60b43f7cd6d5c	
member	effects.src.com.crashinvaders.vfx.effects.FxaaEffect#setReduceMul(float)	sge.vfx.effects.FxaaEffect#setReduceMul(float)	Renamed	-	effects/src/com/crashinvaders/vfx/effects/FxaaEffect.java	100	87ab2b6c74971db3	
member	effects.src.com.crashinvaders.vfx.effects.FxaaEffect#setSpanMax(float)	sge.vfx.effects.FxaaEffect#setSpanMax(float)	Renamed	-	effects/src/com/crashinvaders/vfx/effects/FxaaEffect.java	107	7693f9afa365f44b	
member	effects.src.com.crashinvaders.vfx.effects.FxaaEffect#viewportInverse	sge.vfx.effects.FxaaEffect#viewportInverse	Renamed	-	effects/src/com/crashinvaders/vfx/effects/FxaaEffect.java	40	958d4eb8e6fd9e69	vis=private
member	effects.src.com.crashinvaders.vfx.effects.GaussianBlurEffect#<init>()	sge.vfx.effects.GaussianBlurEffect#<init>()	Renamed	-	effects/src/com/crashinvaders/vfx/effects/GaussianBlurEffect.java	61	38ce2884bb523c31	
member	effects.src.com.crashinvaders.vfx.effects.GaussianBlurEffect#<stmt1>	sge.vfx.effects.GaussianBlurEffect#<stmt1>	Renamed	-	effects/src/com/crashinvaders/vfx/effects/GaussianBlurEffect.java	66	c0fb3c209a67c1d5	
member	effects.src.com.crashinvaders.vfx.effects.GaussianBlurEffect#amount	sge.vfx.effects.GaussianBlurEffect#amount	Renamed	-	effects/src/com/crashinvaders/vfx/effects/GaussianBlurEffect.java	55	15684f28a4986c61	vis=private
member	effects.src.com.crashinvaders.vfx.effects.GaussianBlurEffect#close()	sge.vfx.effects.GaussianBlurEffect#close()	Renamed	-	effects/src/com/crashinvaders/vfx/effects/GaussianBlurEffect.java	70	5b3adce3fcd39280	
member	effects.src.com.crashinvaders.vfx.effects.GaussianBlurEffect#computeBlurWeightings()	sge.vfx.effects.GaussianBlurEffect#computeBlurWeightings()	Renamed	-	effects/src/com/crashinvaders/vfx/effects/GaussianBlurEffect.java	147	18269fb1d1a91547	vis=private
member	effects.src.com.crashinvaders.vfx.effects.GaussianBlurEffect#computeKernel(int,float,Array)	sge.vfx.effects.GaussianBlurEffect#computeKernel(int,float,Array<float>)	Renamed	-	effects/src/com/crashinvaders/vfx/effects/GaussianBlurEffect.java	252	930bad9a61ccffc3	vis=private
member	effects.src.com.crashinvaders.vfx.effects.GaussianBlurEffect#computeOffsets(int,float,float,Array,Array)	sge.vfx.effects.GaussianBlurEffect#computeOffsets(int,float,float,Array<float>,Array<float>)	Renamed	-	effects/src/com/crashinvaders/vfx/effects/GaussianBlurEffect.java	277	9433e8f95a17ca69	vis=private
member	effects.src.com.crashinvaders.vfx.effects.GaussianBlurEffect#convolve	sge.vfx.effects.GaussianBlurEffect#convolve	Renamed	-	effects/src/com/crashinvaders/vfx/effects/GaussianBlurEffect.java	59	77c8f6f895c1a4f4	vis=private
member	effects.src.com.crashinvaders.vfx.effects.GaussianBlurEffect#getAmount()	sge.vfx.effects.GaussianBlurEffect#getAmount()	Renamed	-	effects/src/com/crashinvaders/vfx/effects/GaussianBlurEffect.java	127	191c73002162bbe1	
member	effects.src.com.crashinvaders.vfx.effects.GaussianBlurEffect#getPasses()	sge.vfx.effects.GaussianBlurEffect#getPasses()	Renamed	-	effects/src/com/crashinvaders/vfx/effects/GaussianBlurEffect.java	137	18cc7f3713f210a5	
member	effects.src.com.crashinvaders.vfx.effects.GaussianBlurEffect#getType()	sge.vfx.effects.GaussianBlurEffect#getType()	Renamed	-	effects/src/com/crashinvaders/vfx/effects/GaussianBlurEffect.java	105	703d9f629d28dd47	
member	effects.src.com.crashinvaders.vfx.effects.GaussianBlurEffect#invHeight	sge.vfx.effects.GaussianBlurEffect#invHeight	Renamed	-	effects/src/com/crashinvaders/vfx/effects/GaussianBlurEffect.java	58	9fa3068179272383	vis=private
member	effects.src.com.crashinvaders.vfx.effects.GaussianBlurEffect#invWidth	sge.vfx.effects.GaussianBlurEffect#invWidth	Renamed	-	effects/src/com/crashinvaders/vfx/effects/GaussianBlurEffect.java	58	0b4dd417b867b733	vis=private
member	effects.src.com.crashinvaders.vfx.effects.GaussianBlurEffect#passes	sge.vfx.effects.GaussianBlurEffect#passes	Renamed	-	effects/src/com/crashinvaders/vfx/effects/GaussianBlurEffect.java	56	8c9d6a6504401874	vis=private
member	effects.src.com.crashinvaders.vfx.effects.GaussianBlurEffect#rebind()	sge.vfx.effects.GaussianBlurEffect#rebind()	Renamed	-	effects/src/com/crashinvaders/vfx/effects/GaussianBlurEffect.java	84	78bd2925f5bff2b4	
member	effects.src.com.crashinvaders.vfx.effects.GaussianBlurEffect#render(VfxRenderContext,VfxPingPongWrapper)	sge.vfx.effects.GaussianBlurEffect#render(VfxRenderContext,VfxPingPongWrapper)	Renamed	-	effects/src/com/crashinvaders/vfx/effects/GaussianBlurEffect.java	90	4d4abe7a6c961de8	
member	effects.src.com.crashinvaders.vfx.effects.GaussianBlurEffect#resize(int,int)	sge.vfx.effects.GaussianBlurEffect#resize(int,int)	Renamed	-	effects/src/com/crashinvaders/vfx/effects/GaussianBlurEffect.java	75	d170f8a9eef31085	
member	effects.src.com.crashinvaders.vfx.effects.GaussianBlurEffect#setAmount(float)	sge.vfx.effects.GaussianBlurEffect#setAmount(float)	Renamed	-	effects/src/com/crashinvaders/vfx/effects/GaussianBlurEffect.java	132	3b7194c0e482e9de	
member	effects.src.com.crashinvaders.vfx.effects.GaussianBlurEffect#setPasses(int)	sge.vfx.effects.GaussianBlurEffect#setPasses(int)	Renamed	-	effects/src/com/crashinvaders/vfx/effects/GaussianBlurEffect.java	141	3beb25894e532fd3	
member	effects.src.com.crashinvaders.vfx.effects.GaussianBlurEffect#setType(BlurType)	sge.vfx.effects.GaussianBlurEffect#setType(BlurType)	Renamed	-	effects/src/com/crashinvaders/vfx/effects/GaussianBlurEffect.java	109	def7c087acbdd588	
member	effects.src.com.crashinvaders.vfx.effects.GaussianBlurEffect#type	sge.vfx.effects.GaussianBlurEffect#type	Renamed	-	effects/src/com/crashinvaders/vfx/effects/GaussianBlurEffect.java	54	86ec3590e1aabae4	vis=private
member	effects.src.com.crashinvaders.vfx.effects.GaussianBlurEffect#update(float)	sge.vfx.effects.GaussianBlurEffect#update(float)	Renamed	-	effects/src/com/crashinvaders/vfx/effects/GaussianBlurEffect.java	101	2fa4f96e0c8e75be	
member	effects.src.com.crashinvaders.vfx.effects.GaussianBlurEffect$Convolve1DEffect#<init>(int)	sge.vfx.effects.GaussianBlurEffect$Convolve1DEffect#<init>(int)	Renamed	-	effects/src/com/crashinvaders/vfx/effects/GaussianBlurEffect.java	300	bb7e7d5b17e22e7a	
member	effects.src.com.crashinvaders.vfx.effects.GaussianBlurEffect$Convolve1DEffect#<init>(int,Array)	sge.vfx.effects.GaussianBlurEffect$Convolve1DEffect#<init>(int,Array<float>)	Renamed	-	effects/src/com/crashinvaders/vfx/effects/GaussianBlurEffect.java	304	672206c6c2282407	
member	effects.src.com.crashinvaders.vfx.effects.GaussianBlurEffect$Convolve1DEffect#<stmt1>	sge.vfx.effects.GaussianBlurEffect$Convolve1DEffect#<stmt1>	Renamed	-	effects/src/com/crashinvaders/vfx/effects/GaussianBlurEffect.java	313	54ee90dc7ea8a9c2	
member	effects.src.com.crashinvaders.vfx.effects.GaussianBlurEffect$Convolve1DEffect#<stmt2>	sge.vfx.effects.GaussianBlurEffect$Convolve1DEffect#<stmt2>	Renamed	-	effects/src/com/crashinvaders/vfx/effects/GaussianBlurEffect.java	314	ce08020196862b93	
member	effects.src.com.crashinvaders.vfx.effects.GaussianBlurEffect$Convolve1DEffect#U_SAMPLE_OFFSETS	sge.vfx.effects.GaussianBlurEffect$Convolve1DEffect#U_SAMPLE_OFFSETS	Renamed	-	effects/src/com/crashinvaders/vfx/effects/GaussianBlurEffect.java	294	db7312a9b25e79f7	placement=companion vis=private[GaussianBlurEffect]
member	effects.src.com.crashinvaders.vfx.effects.GaussianBlurEffect$Convolve1DEffect#U_SAMPLE_WEIGHTS	sge.vfx.effects.GaussianBlurEffect$Convolve1DEffect#U_SAMPLE_WEIGHTS	Renamed	-	effects/src/com/crashinvaders/vfx/effects/GaussianBlurEffect.java	293	f37ebbfafd626150	placement=companion vis=private[GaussianBlurEffect]
member	effects.src.com.crashinvaders.vfx.effects.GaussianBlurEffect$Convolve1DEffect#U_TEXTURE	sge.vfx.effects.GaussianBlurEffect$Convolve1DEffect#U_TEXTURE	Renamed	-	effects/src/com/crashinvaders/vfx/effects/GaussianBlurEffect.java	292	c54fad3b6c5120a7	placement=companion vis=private[GaussianBlurEffect]
member	effects.src.com.crashinvaders.vfx.effects.GaussianBlurEffect$Convolve1DEffect#length	sge.vfx.effects.GaussianBlurEffect$Convolve1DEffect#length	Renamed	-	effects/src/com/crashinvaders/vfx/effects/GaussianBlurEffect.java	296	04809d89cfcdb7ba	
member	effects.src.com.crashinvaders.vfx.effects.GaussianBlurEffect$Convolve1DEffect#offsets	sge.vfx.effects.GaussianBlurEffect$Convolve1DEffect#offsets	Renamed	-	effects/src/com/crashinvaders/vfx/effects/GaussianBlurEffect.java	298	71bf25fa4c23d7a5	
member	effects.src.com.crashinvaders.vfx.effects.GaussianBlurEffect$Convolve1DEffect#rebind()	sge.vfx.effects.GaussianBlurEffect$Convolve1DEffect#rebind()	Renamed	-	effects/src/com/crashinvaders/vfx/effects/GaussianBlurEffect.java	318	123856651b200ffa	
member	effects.src.com.crashinvaders.vfx.effects.GaussianBlurEffect$Convolve1DEffect#render(VfxRenderContext,VfxFrameBuffer,VfxFrameBuffer)	sge.vfx.effects.GaussianBlurEffect$Convolve1DEffect#render(VfxRenderContext,VfxFrameBuffer,VfxFrameBuffer)	Renamed	-	effects/src/com/crashinvaders/vfx/effects/GaussianBlurEffect.java	332	62c816cef46239bc	
member	effects.src.com.crashinvaders.vfx.effects.GaussianBlurEffect$Convolve1DEffect#render(VfxRenderContext,VfxPingPongWrapper)	sge.vfx.effects.GaussianBlurEffect$Convolve1DEffect#render(VfxRenderContext,VfxPingPongWrapper)	Renamed	-	effects/src/com/crashinvaders/vfx/effects/GaussianBlurEffect.java	328	be8f239ed9354f82	
member	effects.src.com.crashinvaders.vfx.effects.GaussianBlurEffect$Convolve1DEffect#setWeights(int,Array,Array)	sge.vfx.effects.GaussianBlurEffect$Convolve1DEffect#setWeights(int,Array<float>,Array<float>)	Renamed	-	effects/src/com/crashinvaders/vfx/effects/GaussianBlurEffect.java	339	76d057b3a8438de8	
member	effects.src.com.crashinvaders.vfx.effects.GaussianBlurEffect$Convolve1DEffect#weights	sge.vfx.effects.GaussianBlurEffect$Convolve1DEffect#weights	Renamed	-	effects/src/com/crashinvaders/vfx/effects/GaussianBlurEffect.java	297	3a67a008ca730199	
member	effects.src.com.crashinvaders.vfx.effects.GaussianBlurEffect$Convolve2DEffect#<stmt1>	sge.vfx.effects.GaussianBlurEffect$Convolve2DEffect#<stmt1>	Renamed	-	effects/src/com/crashinvaders/vfx/effects/GaussianBlurEffect.java	356	d607054138533e8a	
member	effects.src.com.crashinvaders.vfx.effects.GaussianBlurEffect$Convolve2DEffect#<stmt2>	sge.vfx.effects.GaussianBlurEffect$Convolve2DEffect#<stmt2>	Renamed	-	effects/src/com/crashinvaders/vfx/effects/GaussianBlurEffect.java	357	e98e8ce21b85b651	
member	effects.src.com.crashinvaders.vfx.effects.GaussianBlurEffect$Convolve2DEffect#<stmt3>	sge.vfx.effects.GaussianBlurEffect$Convolve2DEffect#<stmt3>	Renamed	-	effects/src/com/crashinvaders/vfx/effects/GaussianBlurEffect.java	359	b84a8abbed02ae8d	
member	effects.src.com.crashinvaders.vfx.effects.GaussianBlurEffect$Convolve2DEffect#<stmt4>	sge.vfx.effects.GaussianBlurEffect$Convolve2DEffect#<stmt4>	Renamed	-	effects/src/com/crashinvaders/vfx/effects/GaussianBlurEffect.java	360	384dfca659991408	
member	effects.src.com.crashinvaders.vfx.effects.GaussianBlurEffect$Convolve2DEffect#<stmt5>	sge.vfx.effects.GaussianBlurEffect$Convolve2DEffect#<stmt5>	Renamed	-	effects/src/com/crashinvaders/vfx/effects/GaussianBlurEffect.java	362	43983224c8cfeae1	
member	effects.src.com.crashinvaders.vfx.effects.GaussianBlurEffect$Convolve2DEffect#<stmt6>	sge.vfx.effects.GaussianBlurEffect$Convolve2DEffect#<stmt6>	Renamed	-	effects/src/com/crashinvaders/vfx/effects/GaussianBlurEffect.java	363	ea41f05296c129d1	
member	effects.src.com.crashinvaders.vfx.effects.GaussianBlurEffect$Convolve2DEffect#<stmt7>	sge.vfx.effects.GaussianBlurEffect$Convolve2DEffect#<stmt7>	Renamed	-	effects/src/com/crashinvaders/vfx/effects/GaussianBlurEffect.java	364	f2f89791a59b544a	
member	effects.src.com.crashinvaders.vfx.effects.GaussianBlurEffect$Convolve2DEffect#getLength()	sge.vfx.effects.GaussianBlurEffect$Convolve2DEffect#getLength()	Renamed	-	effects/src/com/crashinvaders/vfx/effects/GaussianBlurEffect.java	378	5a3b3bdcb30b9e9d	
member	effects.src.com.crashinvaders.vfx.effects.GaussianBlurEffect$Convolve2DEffect#getOffsetsHor()	sge.vfx.effects.GaussianBlurEffect$Convolve2DEffect#getOffsetsHor()	Renamed	-	effects/src/com/crashinvaders/vfx/effects/GaussianBlurEffect.java	386	b14bacba770d9ab7	
member	effects.src.com.crashinvaders.vfx.effects.GaussianBlurEffect$Convolve2DEffect#getOffsetsVert()	sge.vfx.effects.GaussianBlurEffect$Convolve2DEffect#getOffsetsVert()	Renamed	-	effects/src/com/crashinvaders/vfx/effects/GaussianBlurEffect.java	390	d038ee851ff0359f	
member	effects.src.com.crashinvaders.vfx.effects.GaussianBlurEffect$Convolve2DEffect#getRadius()	sge.vfx.effects.GaussianBlurEffect$Convolve2DEffect#getRadius()	Renamed	-	effects/src/com/crashinvaders/vfx/effects/GaussianBlurEffect.java	374	d9b2758b0743de14	
member	effects.src.com.crashinvaders.vfx.effects.GaussianBlurEffect$Convolve2DEffect#getWeights()	sge.vfx.effects.GaussianBlurEffect$Convolve2DEffect#getWeights()	Renamed	-	effects/src/com/crashinvaders/vfx/effects/GaussianBlurEffect.java	382	63fd892c964ceca7	
member	effects.src.com.crashinvaders.vfx.effects.GaussianBlurEffect$Convolve2DEffect#hor	sge.vfx.effects.GaussianBlurEffect$Convolve2DEffect#hor	Renamed	-	effects/src/com/crashinvaders/vfx/effects/GaussianBlurEffect.java	353	bb5926a3afe75b01	vis=private[GaussianBlurEffect]
member	effects.src.com.crashinvaders.vfx.effects.GaussianBlurEffect$Convolve2DEffect#length	sge.vfx.effects.GaussianBlurEffect$Convolve2DEffect#length	Renamed	-	effects/src/com/crashinvaders/vfx/effects/GaussianBlurEffect.java	350	edf8a844d7b642a6	vis=private[GaussianBlurEffect]
member	effects.src.com.crashinvaders.vfx.effects.GaussianBlurEffect$Convolve2DEffect#offsetsHor	sge.vfx.effects.GaussianBlurEffect$Convolve2DEffect#offsetsHor	Renamed	-	effects/src/com/crashinvaders/vfx/effects/GaussianBlurEffect.java	351	cc58522a93645acd	vis=private[GaussianBlurEffect]
member	effects.src.com.crashinvaders.vfx.effects.GaussianBlurEffect$Convolve2DEffect#offsetsVert	sge.vfx.effects.GaussianBlurEffect$Convolve2DEffect#offsetsVert	Renamed	-	effects/src/com/crashinvaders/vfx/effects/GaussianBlurEffect.java	351	d58616ae1248ceae	vis=private[GaussianBlurEffect]
member	effects.src.com.crashinvaders.vfx.effects.GaussianBlurEffect$Convolve2DEffect#radius	sge.vfx.effects.GaussianBlurEffect$Convolve2DEffect#radius	Renamed	-	effects/src/com/crashinvaders/vfx/effects/GaussianBlurEffect.java	349	42170904c4419378	vis=private[GaussianBlurEffect]
member	effects.src.com.crashinvaders.vfx.effects.GaussianBlurEffect$Convolve2DEffect#render(VfxRenderContext,VfxPingPongWrapper)	sge.vfx.effects.GaussianBlurEffect$Convolve2DEffect#render(VfxRenderContext,VfxPingPongWrapper)	Renamed	-	effects/src/com/crashinvaders/vfx/effects/GaussianBlurEffect.java	368	3b8f7508d4146a5b	
member	effects.src.com.crashinvaders.vfx.effects.GaussianBlurEffect$Convolve2DEffect#vert	sge.vfx.effects.GaussianBlurEffect$Convolve2DEffect#vert	Renamed	-	effects/src/com/crashinvaders/vfx/effects/GaussianBlurEffect.java	353	ed40fd867c199941	vis=private[GaussianBlurEffect]
member	effects.src.com.crashinvaders.vfx.effects.GaussianBlurEffect$Convolve2DEffect#weights	sge.vfx.effects.GaussianBlurEffect$Convolve2DEffect#weights	Renamed	-	effects/src/com/crashinvaders/vfx/effects/GaussianBlurEffect.java	351	ee64b820cb0d5ec3	vis=private[GaussianBlurEffect]
member	effects.src.com.crashinvaders.vfx.effects.LensFlareEffect#<stmt1>	sge.vfx.effects.LensFlareEffect#<stmt1>	Renamed	-	effects/src/com/crashinvaders/vfx/effects/LensFlareEffect.java	64	5e3db9e8fb1acb4f	
member	effects.src.com.crashinvaders.vfx.effects.LensFlareEffect#U_COLOR	sge.vfx.effects.LensFlareEffect#U_COLOR	Renamed	-	effects/src/com/crashinvaders/vfx/effects/LensFlareEffect.java	52	1ff6e2955e4c2993	placement=companion vis=private
member	effects.src.com.crashinvaders.vfx.effects.LensFlareEffect#U_INTENSITY	sge.vfx.effects.LensFlareEffect#U_INTENSITY	Renamed	-	effects/src/com/crashinvaders/vfx/effects/LensFlareEffect.java	51	c70fe3cf58392bda	placement=companion vis=private
member	effects.src.com.crashinvaders.vfx.effects.LensFlareEffect#U_LIGHT_POSITION	sge.vfx.effects.LensFlareEffect#U_LIGHT_POSITION	Renamed	-	effects/src/com/crashinvaders/vfx/effects/LensFlareEffect.java	50	70973b1d8418bd80	placement=companion vis=private
member	effects.src.com.crashinvaders.vfx.effects.LensFlareEffect#U_TEXTURE0	sge.vfx.effects.LensFlareEffect#U_TEXTURE0	Renamed	-	effects/src/com/crashinvaders/vfx/effects/LensFlareEffect.java	49	84c2b4ea4638c1a2	placement=companion vis=private
member	effects.src.com.crashinvaders.vfx.effects.LensFlareEffect#U_VIEWPORT	sge.vfx.effects.LensFlareEffect#U_VIEWPORT	Renamed	-	effects/src/com/crashinvaders/vfx/effects/LensFlareEffect.java	53	06b65b3954f21195	placement=companion vis=private
member	effects.src.com.crashinvaders.vfx.effects.LensFlareEffect#color	sge.vfx.effects.LensFlareEffect#color	Renamed	-	effects/src/com/crashinvaders/vfx/effects/LensFlareEffect.java	57	45ac42be6c0fd7d4	vis=private
member	effects.src.com.crashinvaders.vfx.effects.LensFlareEffect#getColor()	sge.vfx.effects.LensFlareEffect#getColor()	Renamed	-	effects/src/com/crashinvaders/vfx/effects/LensFlareEffect.java	123	1cfc505301a2d727	
member	effects.src.com.crashinvaders.vfx.effects.LensFlareEffect#getIntensity()	sge.vfx.effects.LensFlareEffect#getIntensity()	Renamed	-	effects/src/com/crashinvaders/vfx/effects/LensFlareEffect.java	114	f1ba479411a30ee8	
member	effects.src.com.crashinvaders.vfx.effects.LensFlareEffect#getLightPosition()	sge.vfx.effects.LensFlareEffect#getLightPosition()	Renamed	-	effects/src/com/crashinvaders/vfx/effects/LensFlareEffect.java	98	26115253dee7d7bd	
member	effects.src.com.crashinvaders.vfx.effects.LensFlareEffect#intensity	sge.vfx.effects.LensFlareEffect#intensity	Renamed	-	effects/src/com/crashinvaders/vfx/effects/LensFlareEffect.java	58	355823431307aff2	vis=private
member	effects.src.com.crashinvaders.vfx.effects.LensFlareEffect#lightPosition	sge.vfx.effects.LensFlareEffect#lightPosition	Renamed	-	effects/src/com/crashinvaders/vfx/effects/LensFlareEffect.java	55	be9ceb770df7b896	vis=private
member	effects.src.com.crashinvaders.vfx.effects.LensFlareEffect#rebind()	sge.vfx.effects.LensFlareEffect#rebind()	Renamed	-	effects/src/com/crashinvaders/vfx/effects/LensFlareEffect.java	75	be82cf10286b530b	
member	effects.src.com.crashinvaders.vfx.effects.LensFlareEffect#render(VfxRenderContext,VfxFrameBuffer,VfxFrameBuffer)	sge.vfx.effects.LensFlareEffect#render(VfxRenderContext,VfxFrameBuffer,VfxFrameBuffer)	Renamed	-	effects/src/com/crashinvaders/vfx/effects/LensFlareEffect.java	91	8f0ecb54af55f12f	
member	effects.src.com.crashinvaders.vfx.effects.LensFlareEffect#render(VfxRenderContext,VfxPingPongWrapper)	sge.vfx.effects.LensFlareEffect#render(VfxRenderContext,VfxPingPongWrapper)	Renamed	-	effects/src/com/crashinvaders/vfx/effects/LensFlareEffect.java	87	34eb468b9ae4f864	
member	effects.src.com.crashinvaders.vfx.effects.LensFlareEffect#resize(int,int)	sge.vfx.effects.LensFlareEffect#resize(int,int)	Renamed	-	effects/src/com/crashinvaders/vfx/effects/LensFlareEffect.java	68	7ce256619306597d	
member	effects.src.com.crashinvaders.vfx.effects.LensFlareEffect#setColor(Color)	sge.vfx.effects.LensFlareEffect#setColor(Color)	Renamed	-	effects/src/com/crashinvaders/vfx/effects/LensFlareEffect.java	127	66808a16e302d7bd	
member	effects.src.com.crashinvaders.vfx.effects.LensFlareEffect#setColor(float,float,float)	sge.vfx.effects.LensFlareEffect#setColor(float,float,float)	Renamed	-	effects/src/com/crashinvaders/vfx/effects/LensFlareEffect.java	131	bd010f614f083907	
member	effects.src.com.crashinvaders.vfx.effects.LensFlareEffect#setIntensity(float)	sge.vfx.effects.LensFlareEffect#setIntensity(float)	Renamed	-	effects/src/com/crashinvaders/vfx/effects/LensFlareEffect.java	118	c4aff8591ef6d101	
member	effects.src.com.crashinvaders.vfx.effects.LensFlareEffect#setLightPosition(Vector2)	sge.vfx.effects.LensFlareEffect#setLightPosition(Vector2)	Renamed	-	effects/src/com/crashinvaders/vfx/effects/LensFlareEffect.java	102	757a2d32d9a7ff47	
member	effects.src.com.crashinvaders.vfx.effects.LensFlareEffect#setLightPosition(float,float)	sge.vfx.effects.LensFlareEffect#setLightPosition(float,float)	Renamed	-	effects/src/com/crashinvaders/vfx/effects/LensFlareEffect.java	109	7a5f4bb2156e4009	
member	effects.src.com.crashinvaders.vfx.effects.LensFlareEffect#viewport	sge.vfx.effects.LensFlareEffect#viewport	Renamed	-	effects/src/com/crashinvaders/vfx/effects/LensFlareEffect.java	56	513a1bc4581a5cb8	vis=private
member	effects.src.com.crashinvaders.vfx.effects.LevelsEffect#<stmt1>	sge.vfx.effects.LevelsEffect#<stmt1>	Renamed	-	effects/src/com/crashinvaders/vfx/effects/LevelsEffect.java	60	5e3db9e8fb1acb4f	
member	effects.src.com.crashinvaders.vfx.effects.LevelsEffect#Brightness	sge.vfx.effects.LevelsEffect#Brightness	Renamed	-	effects/src/com/crashinvaders/vfx/effects/LevelsEffect.java	44	5a3cc3287c8a47b5	placement=companion vis=private
member	effects.src.com.crashinvaders.vfx.effects.LevelsEffect#Contrast	sge.vfx.effects.LevelsEffect#Contrast	Renamed	-	effects/src/com/crashinvaders/vfx/effects/LevelsEffect.java	45	ba0796ec92bebe19	placement=companion vis=private
member	effects.src.com.crashinvaders.vfx.effects.LevelsEffect#Gamma	sge.vfx.effects.LevelsEffect#Gamma	Renamed	-	effects/src/com/crashinvaders/vfx/effects/LevelsEffect.java	48	73f3ea028dce2be8	placement=companion vis=private
member	effects.src.com.crashinvaders.vfx.effects.LevelsEffect#Hue	sge.vfx.effects.LevelsEffect#Hue	Renamed	-	effects/src/com/crashinvaders/vfx/effects/LevelsEffect.java	47	519ec2ad1edc7512	placement=companion vis=private
member	effects.src.com.crashinvaders.vfx.effects.LevelsEffect#Saturation	sge.vfx.effects.LevelsEffect#Saturation	Renamed	-	effects/src/com/crashinvaders/vfx/effects/LevelsEffect.java	46	fdb2f2bbdcc12e8d	placement=companion vis=private
member	effects.src.com.crashinvaders.vfx.effects.LevelsEffect#Texture	sge.vfx.effects.LevelsEffect#Texture	Renamed	-	effects/src/com/crashinvaders/vfx/effects/LevelsEffect.java	43	4dc2477e0b7a0075	placement=companion vis=private
member	effects.src.com.crashinvaders.vfx.effects.LevelsEffect#brightness	sge.vfx.effects.LevelsEffect#brightness	Renamed	-	effects/src/com/crashinvaders/vfx/effects/LevelsEffect.java	50	86154f473e3421a3	vis=private
member	effects.src.com.crashinvaders.vfx.effects.LevelsEffect#contrast	sge.vfx.effects.LevelsEffect#contrast	Renamed	-	effects/src/com/crashinvaders/vfx/effects/LevelsEffect.java	51	f23203ec1203e0e8	vis=private
member	effects.src.com.crashinvaders.vfx.effects.LevelsEffect#gamma	sge.vfx.effects.LevelsEffect#gamma	Renamed	-	effects/src/com/crashinvaders/vfx/effects/LevelsEffect.java	54	e4831196aaaa2cd7	vis=private
member	effects.src.com.crashinvaders.vfx.effects.LevelsEffect#getBrightness()	sge.vfx.effects.LevelsEffect#getBrightness()	Renamed	-	effects/src/com/crashinvaders/vfx/effects/LevelsEffect.java	101	5304846cb40ae086	
member	effects.src.com.crashinvaders.vfx.effects.LevelsEffect#getContrast()	sge.vfx.effects.LevelsEffect#getContrast()	Renamed	-	effects/src/com/crashinvaders/vfx/effects/LevelsEffect.java	88	1ab31b7f45d5a752	
member	effects.src.com.crashinvaders.vfx.effects.LevelsEffect#getGamma()	sge.vfx.effects.LevelsEffect#getGamma()	Renamed	-	effects/src/com/crashinvaders/vfx/effects/LevelsEffect.java	140	7a6d21294cf88d11	
member	effects.src.com.crashinvaders.vfx.effects.LevelsEffect#getHue()	sge.vfx.effects.LevelsEffect#getHue()	Renamed	-	effects/src/com/crashinvaders/vfx/effects/LevelsEffect.java	127	5908517d1b4f9260	
member	effects.src.com.crashinvaders.vfx.effects.LevelsEffect#getSaturation()	sge.vfx.effects.LevelsEffect#getSaturation()	Renamed	-	effects/src/com/crashinvaders/vfx/effects/LevelsEffect.java	114	06b4cd7daf517781	
member	effects.src.com.crashinvaders.vfx.effects.LevelsEffect#hue	sge.vfx.effects.LevelsEffect#hue	Renamed	-	effects/src/com/crashinvaders/vfx/effects/LevelsEffect.java	53	250cd273e18fcc70	vis=private
member	effects.src.com.crashinvaders.vfx.effects.LevelsEffect#rebind()	sge.vfx.effects.LevelsEffect#rebind()	Renamed	-	effects/src/com/crashinvaders/vfx/effects/LevelsEffect.java	64	9c261ebeee6085b7	
member	effects.src.com.crashinvaders.vfx.effects.LevelsEffect#render(VfxRenderContext,VfxFrameBuffer,VfxFrameBuffer)	sge.vfx.effects.LevelsEffect#render(VfxRenderContext,VfxFrameBuffer,VfxFrameBuffer)	Renamed	-	effects/src/com/crashinvaders/vfx/effects/LevelsEffect.java	81	8f0ecb54af55f12f	
member	effects.src.com.crashinvaders.vfx.effects.LevelsEffect#render(VfxRenderContext,VfxPingPongWrapper)	sge.vfx.effects.LevelsEffect#render(VfxRenderContext,VfxPingPongWrapper)	Renamed	-	effects/src/com/crashinvaders/vfx/effects/LevelsEffect.java	77	34eb468b9ae4f864	
member	effects.src.com.crashinvaders.vfx.effects.LevelsEffect#saturation	sge.vfx.effects.LevelsEffect#saturation	Renamed	-	effects/src/com/crashinvaders/vfx/effects/LevelsEffect.java	52	70cf132e6081a8df	vis=private
member	effects.src.com.crashinvaders.vfx.effects.LevelsEffect#setBrightness(float)	sge.vfx.effects.LevelsEffect#setBrightness(float)	Renamed	-	effects/src/com/crashinvaders/vfx/effects/LevelsEffect.java	109	b2b77b369538ad46	
member	effects.src.com.crashinvaders.vfx.effects.LevelsEffect#setContrast(float)	sge.vfx.effects.LevelsEffect#setContrast(float)	Renamed	-	effects/src/com/crashinvaders/vfx/effects/LevelsEffect.java	96	76420acc6b459fc2	
member	effects.src.com.crashinvaders.vfx.effects.LevelsEffect#setGamma(float)	sge.vfx.effects.LevelsEffect#setGamma(float)	Renamed	-	effects/src/com/crashinvaders/vfx/effects/LevelsEffect.java	148	c3d32cc530d77750	
member	effects.src.com.crashinvaders.vfx.effects.LevelsEffect#setHue(float)	sge.vfx.effects.LevelsEffect#setHue(float)	Renamed	-	effects/src/com/crashinvaders/vfx/effects/LevelsEffect.java	135	360d09d48f6b2ee8	
member	effects.src.com.crashinvaders.vfx.effects.LevelsEffect#setSaturation(float)	sge.vfx.effects.LevelsEffect#setSaturation(float)	Renamed	-	effects/src/com/crashinvaders/vfx/effects/LevelsEffect.java	122	45cba25e4e3fd9fb	
member	effects.src.com.crashinvaders.vfx.effects.MotionBlurEffect#<stmt1>	sge.vfx.effects.MotionBlurEffect#<stmt1>	Renamed	-	effects/src/com/crashinvaders/vfx/effects/MotionBlurEffect.java	42	46dcba920fb0cc68	
member	effects.src.com.crashinvaders.vfx.effects.MotionBlurEffect#<stmt2>	sge.vfx.effects.MotionBlurEffect#<stmt2>	Renamed	-	effects/src/com/crashinvaders/vfx/effects/MotionBlurEffect.java	43	7df6e4f4597def25	
member	effects.src.com.crashinvaders.vfx.effects.MotionBlurEffect#<stmt3>	sge.vfx.effects.MotionBlurEffect#<stmt3>	Renamed	-	effects/src/com/crashinvaders/vfx/effects/MotionBlurEffect.java	45	efda43e98d94510b	
member	effects.src.com.crashinvaders.vfx.effects.MotionBlurEffect#<stmt4>	sge.vfx.effects.MotionBlurEffect#<stmt4>	Renamed	-	effects/src/com/crashinvaders/vfx/effects/MotionBlurEffect.java	47	f0621949fc9698b7	
member	effects.src.com.crashinvaders.vfx.effects.MotionBlurEffect#close()	sge.vfx.effects.MotionBlurEffect#close()	Renamed	-	effects/src/com/crashinvaders/vfx/effects/MotionBlurEffect.java	55	cdcc20a832a26e15	
member	effects.src.com.crashinvaders.vfx.effects.MotionBlurEffect#copyFilter	sge.vfx.effects.MotionBlurEffect#copyFilter	Renamed	-	effects/src/com/crashinvaders/vfx/effects/MotionBlurEffect.java	35	cdb057fee510d2b2	vis=private
member	effects.src.com.crashinvaders.vfx.effects.MotionBlurEffect#firstFrameRendered	sge.vfx.effects.MotionBlurEffect#firstFrameRendered	Renamed	-	effects/src/com/crashinvaders/vfx/effects/MotionBlurEffect.java	39	0dac7b1326f6441b	vis=private
member	effects.src.com.crashinvaders.vfx.effects.MotionBlurEffect#localBuffer	sge.vfx.effects.MotionBlurEffect#localBuffer	Renamed	-	effects/src/com/crashinvaders/vfx/effects/MotionBlurEffect.java	37	c59125c4bb355070	vis=private
member	effects.src.com.crashinvaders.vfx.effects.MotionBlurEffect#mixFilter	sge.vfx.effects.MotionBlurEffect#mixFilter	Renamed	-	effects/src/com/crashinvaders/vfx/effects/MotionBlurEffect.java	34	3c8df7c6a8b9bebd	vis=private
member	effects.src.com.crashinvaders.vfx.effects.MotionBlurEffect#rebind()	sge.vfx.effects.MotionBlurEffect#rebind()	Renamed	-	effects/src/com/crashinvaders/vfx/effects/MotionBlurEffect.java	68	17c44a53ad0e7ffc	
member	effects.src.com.crashinvaders.vfx.effects.MotionBlurEffect#render(VfxRenderContext,VfxPingPongWrapper)	sge.vfx.effects.MotionBlurEffect#render(VfxRenderContext,VfxPingPongWrapper)	Renamed	-	effects/src/com/crashinvaders/vfx/effects/MotionBlurEffect.java	74	703db81af6d72fa1	
member	effects.src.com.crashinvaders.vfx.effects.MotionBlurEffect#resize(int,int)	sge.vfx.effects.MotionBlurEffect#resize(int,int)	Renamed	-	effects/src/com/crashinvaders/vfx/effects/MotionBlurEffect.java	61	89f9e4fe15e1d979	
member	core.src.com.crashinvaders.vfx.effects.MultipassEffectWrapper#<stmt1>	sge.vfx.effects.MultipassEffectWrapper#<stmt1>	Renamed	-	core/src/com/crashinvaders/vfx/effects/MultipassEffectWrapper.java	28	21af2816614a9525	
member	core.src.com.crashinvaders.vfx.effects.MultipassEffectWrapper#close()	sge.vfx.effects.MultipassEffectWrapper#close()	Renamed	-	core/src/com/crashinvaders/vfx/effects/MultipassEffectWrapper.java	47	e5d29466f652680f	
member	core.src.com.crashinvaders.vfx.effects.MultipassEffectWrapper#effect	sge.vfx.effects.MultipassEffectWrapper#effect	Renamed	-	core/src/com/crashinvaders/vfx/effects/MultipassEffectWrapper.java	24	4851e5de920a87c7	vis=private
member	core.src.com.crashinvaders.vfx.effects.MultipassEffectWrapper#getPasses()	sge.vfx.effects.MultipassEffectWrapper#getPasses()	Renamed	-	core/src/com/crashinvaders/vfx/effects/MultipassEffectWrapper.java	68	18cc7f3713f210a5	
member	core.src.com.crashinvaders.vfx.effects.MultipassEffectWrapper#passes	sge.vfx.effects.MultipassEffectWrapper#passes	Renamed	-	core/src/com/crashinvaders/vfx/effects/MultipassEffectWrapper.java	25	8c9d6a6504401874	vis=private
member	core.src.com.crashinvaders.vfx.effects.MultipassEffectWrapper#rebind()	sge.vfx.effects.MultipassEffectWrapper#rebind()	Renamed	-	core/src/com/crashinvaders/vfx/effects/MultipassEffectWrapper.java	42	c163bd9f2b3f81df	
member	core.src.com.crashinvaders.vfx.effects.MultipassEffectWrapper#render(VfxRenderContext,VfxPingPongWrapper)	sge.vfx.effects.MultipassEffectWrapper#render(VfxRenderContext,VfxPingPongWrapper)	Renamed	-	core/src/com/crashinvaders/vfx/effects/MultipassEffectWrapper.java	52	a2acd072999e2ce3	
member	core.src.com.crashinvaders.vfx.effects.MultipassEffectWrapper#resize(int,int)	sge.vfx.effects.MultipassEffectWrapper#resize(int,int)	Renamed	-	core/src/com/crashinvaders/vfx/effects/MultipassEffectWrapper.java	32	ec9b5f7f00c7f905	
member	core.src.com.crashinvaders.vfx.effects.MultipassEffectWrapper#setPasses(int)	sge.vfx.effects.MultipassEffectWrapper#setPasses(int)	Renamed	-	core/src/com/crashinvaders/vfx/effects/MultipassEffectWrapper.java	72	bc7e45d46778d38a	
member	core.src.com.crashinvaders.vfx.effects.MultipassEffectWrapper#update(float)	sge.vfx.effects.MultipassEffectWrapper#update(float)	Renamed	-	core/src/com/crashinvaders/vfx/effects/MultipassEffectWrapper.java	37	942b4f9acaf6b68c	
member	effects.src.com.crashinvaders.vfx.effects.NfaaEffect#U_TEXTURE0	sge.vfx.effects.NfaaEffect#U_TEXTURE0	Renamed	-	effects/src/com/crashinvaders/vfx/effects/NfaaEffect.java	33	84c2b4ea4638c1a2	placement=companion vis=private
member	effects.src.com.crashinvaders.vfx.effects.NfaaEffect#U_VIEWPORT_INVERSE	sge.vfx.effects.NfaaEffect#U_VIEWPORT_INVERSE	Renamed	-	effects/src/com/crashinvaders/vfx/effects/NfaaEffect.java	34	97abfb66be10c202	placement=companion vis=private
member	effects.src.com.crashinvaders.vfx.effects.NfaaEffect#rebind()	sge.vfx.effects.NfaaEffect#rebind()	Renamed	-	effects/src/com/crashinvaders/vfx/effects/NfaaEffect.java	46	ff62f2b8e42a104f	
member	effects.src.com.crashinvaders.vfx.effects.NfaaEffect#render(VfxRenderContext,VfxFrameBuffer,VfxFrameBuffer)	sge.vfx.effects.NfaaEffect#render(VfxRenderContext,VfxFrameBuffer,VfxFrameBuffer)	Renamed	-	effects/src/com/crashinvaders/vfx/effects/NfaaEffect.java	66	8f0ecb54af55f12f	
member	effects.src.com.crashinvaders.vfx.effects.NfaaEffect#render(VfxRenderContext,VfxPingPongWrapper)	sge.vfx.effects.NfaaEffect#render(VfxRenderContext,VfxPingPongWrapper)	Renamed	-	effects/src/com/crashinvaders/vfx/effects/NfaaEffect.java	62	34eb468b9ae4f864	
member	effects.src.com.crashinvaders.vfx.effects.NfaaEffect#resize(int,int)	sge.vfx.effects.NfaaEffect#resize(int,int)	Renamed	-	effects/src/com/crashinvaders/vfx/effects/NfaaEffect.java	55	c9c4c5e0057b2e1d	
member	effects.src.com.crashinvaders.vfx.effects.NfaaEffect#viewportInverse	sge.vfx.effects.NfaaEffect#viewportInverse	Renamed	-	effects/src/com/crashinvaders/vfx/effects/NfaaEffect.java	36	958d4eb8e6fd9e69	vis=private
member	effects.src.com.crashinvaders.vfx.effects.OldTvEffect#<stmt1>	sge.vfx.effects.OldTvEffect#<stmt1>	Renamed	-	effects/src/com/crashinvaders/vfx/effects/OldTvEffect.java	39	5e3db9e8fb1acb4f	
member	effects.src.com.crashinvaders.vfx.effects.OldTvEffect#Resolution	sge.vfx.effects.OldTvEffect#Resolution	Renamed	-	effects/src/com/crashinvaders/vfx/effects/OldTvEffect.java	29	d3c1a921fc3ef0ac	placement=companion vis=private
member	effects.src.com.crashinvaders.vfx.effects.OldTvEffect#Texture0	sge.vfx.effects.OldTvEffect#Texture0	Renamed	-	effects/src/com/crashinvaders/vfx/effects/OldTvEffect.java	28	bf70638eae9d6a31	placement=companion vis=private
member	effects.src.com.crashinvaders.vfx.effects.OldTvEffect#Time	sge.vfx.effects.OldTvEffect#Time	Renamed	-	effects/src/com/crashinvaders/vfx/effects/OldTvEffect.java	30	bd5a2458b8e4d5ee	placement=companion vis=private
member	effects.src.com.crashinvaders.vfx.effects.OldTvEffect#getTime()	sge.vfx.effects.OldTvEffect#getTime()	Renamed	-	effects/src/com/crashinvaders/vfx/effects/OldTvEffect.java	65	2d95a1284a6d520f	
member	effects.src.com.crashinvaders.vfx.effects.OldTvEffect#rebind()	sge.vfx.effects.OldTvEffect#rebind()	Renamed	-	effects/src/com/crashinvaders/vfx/effects/OldTvEffect.java	50	291650c0b9a5e893	
member	effects.src.com.crashinvaders.vfx.effects.OldTvEffect#render(VfxRenderContext,VfxFrameBuffer,VfxFrameBuffer)	sge.vfx.effects.OldTvEffect#render(VfxRenderContext,VfxFrameBuffer,VfxFrameBuffer)	Renamed	-	effects/src/com/crashinvaders/vfx/effects/OldTvEffect.java	79	8f0ecb54af55f12f	
member	effects.src.com.crashinvaders.vfx.effects.OldTvEffect#render(VfxRenderContext,VfxPingPongWrapper)	sge.vfx.effects.OldTvEffect#render(VfxRenderContext,VfxPingPongWrapper)	Renamed	-	effects/src/com/crashinvaders/vfx/effects/OldTvEffect.java	75	34eb468b9ae4f864	
member	effects.src.com.crashinvaders.vfx.effects.OldTvEffect#resize(int,int)	sge.vfx.effects.OldTvEffect#resize(int,int)	Renamed	-	effects/src/com/crashinvaders/vfx/effects/OldTvEffect.java	43	a9e7c43c45919c6e	
member	effects.src.com.crashinvaders.vfx.effects.OldTvEffect#resolution	sge.vfx.effects.OldTvEffect#resolution	Renamed	-	effects/src/com/crashinvaders/vfx/effects/OldTvEffect.java	32	9bdee241f7504d92	vis=private
member	effects.src.com.crashinvaders.vfx.effects.OldTvEffect#setTime(float)	sge.vfx.effects.OldTvEffect#setTime(float)	Renamed	-	effects/src/com/crashinvaders/vfx/effects/OldTvEffect.java	69	27e0e0f4a6f5d7da	
member	effects.src.com.crashinvaders.vfx.effects.OldTvEffect#time	sge.vfx.effects.OldTvEffect#time	Renamed	-	effects/src/com/crashinvaders/vfx/effects/OldTvEffect.java	33	3b6636188427371c	vis=private
member	effects.src.com.crashinvaders.vfx.effects.OldTvEffect#update(float)	sge.vfx.effects.OldTvEffect#update(float)	Renamed	-	effects/src/com/crashinvaders/vfx/effects/OldTvEffect.java	60	6f069e6474a54d0e	
member	effects.src.com.crashinvaders.vfx.effects.RadialBlurEffect#<stmt1>	sge.vfx.effects.RadialBlurEffect#<stmt1>	Renamed	-	effects/src/com/crashinvaders/vfx/effects/RadialBlurEffect.java	47	250a51d2d37d04a4	
member	effects.src.com.crashinvaders.vfx.effects.RadialBlurEffect#<stmt2>	sge.vfx.effects.RadialBlurEffect#<stmt2>	Renamed	-	effects/src/com/crashinvaders/vfx/effects/RadialBlurEffect.java	48	5e3db9e8fb1acb4f	
member	effects.src.com.crashinvaders.vfx.effects.RadialBlurEffect#U_BLUR_DIV	sge.vfx.effects.RadialBlurEffect#U_BLUR_DIV	Renamed	-	effects/src/com/crashinvaders/vfx/effects/RadialBlurEffect.java	30	3691ca1fea39968d	placement=companion vis=private
member	effects.src.com.crashinvaders.vfx.effects.RadialBlurEffect#U_OFFSET_X	sge.vfx.effects.RadialBlurEffect#U_OFFSET_X	Renamed	-	effects/src/com/crashinvaders/vfx/effects/RadialBlurEffect.java	31	f46f9d975927e7b0	placement=companion vis=private
member	effects.src.com.crashinvaders.vfx.effects.RadialBlurEffect#U_OFFSET_Y	sge.vfx.effects.RadialBlurEffect#U_OFFSET_Y	Renamed	-	effects/src/com/crashinvaders/vfx/effects/RadialBlurEffect.java	32	9ed5f05f01f08597	placement=companion vis=private
member	effects.src.com.crashinvaders.vfx.effects.RadialBlurEffect#U_TEXTURE	sge.vfx.effects.RadialBlurEffect#U_TEXTURE	Renamed	-	effects/src/com/crashinvaders/vfx/effects/RadialBlurEffect.java	29	ab119bb2e39c8c18	placement=companion vis=private
member	effects.src.com.crashinvaders.vfx.effects.RadialBlurEffect#U_ZOOM	sge.vfx.effects.RadialBlurEffect#U_ZOOM	Renamed	-	effects/src/com/crashinvaders/vfx/effects/RadialBlurEffect.java	33	bf5366b865c2aa50	placement=companion vis=private
member	effects.src.com.crashinvaders.vfx.effects.RadialBlurEffect#getOriginX()	sge.vfx.effects.RadialBlurEffect#getOriginX()	Renamed	-	effects/src/com/crashinvaders/vfx/effects/RadialBlurEffect.java	75	ef5bb8abf9144051	
member	effects.src.com.crashinvaders.vfx.effects.RadialBlurEffect#getOriginY()	sge.vfx.effects.RadialBlurEffect#getOriginY()	Renamed	-	effects/src/com/crashinvaders/vfx/effects/RadialBlurEffect.java	79	ad83e46f23a6e354	
member	effects.src.com.crashinvaders.vfx.effects.RadialBlurEffect#getStrength()	sge.vfx.effects.RadialBlurEffect#getStrength()	Renamed	-	effects/src/com/crashinvaders/vfx/effects/RadialBlurEffect.java	121	f78f16a097b44913	
member	effects.src.com.crashinvaders.vfx.effects.RadialBlurEffect#getZoom()	sge.vfx.effects.RadialBlurEffect#getZoom()	Renamed	-	effects/src/com/crashinvaders/vfx/effects/RadialBlurEffect.java	130	91308124d4e87046	
member	effects.src.com.crashinvaders.vfx.effects.RadialBlurEffect#originX	sge.vfx.effects.RadialBlurEffect#originX	Renamed	-	effects/src/com/crashinvaders/vfx/effects/RadialBlurEffect.java	38	57f770911d353eae	vis=private
member	effects.src.com.crashinvaders.vfx.effects.RadialBlurEffect#originY	sge.vfx.effects.RadialBlurEffect#originY	Renamed	-	effects/src/com/crashinvaders/vfx/effects/RadialBlurEffect.java	39	29588e5e1e311029	vis=private
member	effects.src.com.crashinvaders.vfx.effects.RadialBlurEffect#passes	sge.vfx.effects.RadialBlurEffect#passes	Renamed	-	effects/src/com/crashinvaders/vfx/effects/RadialBlurEffect.java	35	552216019d8704d8	vis=private
member	effects.src.com.crashinvaders.vfx.effects.RadialBlurEffect#rebind()	sge.vfx.effects.RadialBlurEffect#rebind()	Renamed	-	effects/src/com/crashinvaders/vfx/effects/RadialBlurEffect.java	52	7efafdd38dac9059	
member	effects.src.com.crashinvaders.vfx.effects.RadialBlurEffect#render(VfxRenderContext,VfxFrameBuffer,VfxFrameBuffer)	sge.vfx.effects.RadialBlurEffect#render(VfxRenderContext,VfxFrameBuffer,VfxFrameBuffer)	Renamed	-	effects/src/com/crashinvaders/vfx/effects/RadialBlurEffect.java	68	8f0ecb54af55f12f	
member	effects.src.com.crashinvaders.vfx.effects.RadialBlurEffect#render(VfxRenderContext,VfxPingPongWrapper)	sge.vfx.effects.RadialBlurEffect#render(VfxRenderContext,VfxPingPongWrapper)	Renamed	-	effects/src/com/crashinvaders/vfx/effects/RadialBlurEffect.java	64	34eb468b9ae4f864	
member	effects.src.com.crashinvaders.vfx.effects.RadialBlurEffect#setOrigin(float,float)	sge.vfx.effects.RadialBlurEffect#setOrigin(float,float)	Renamed	-	effects/src/com/crashinvaders/vfx/effects/RadialBlurEffect.java	112	6ebf45534bae63ea	
member	effects.src.com.crashinvaders.vfx.effects.RadialBlurEffect#setOrigin(int)	sge.vfx.effects.RadialBlurEffect#setOrigin(int)	Renamed	-	effects/src/com/crashinvaders/vfx/effects/RadialBlurEffect.java	87	daeaa92503229fd8	
member	effects.src.com.crashinvaders.vfx.effects.RadialBlurEffect#setStrength(float)	sge.vfx.effects.RadialBlurEffect#setStrength(float)	Renamed	-	effects/src/com/crashinvaders/vfx/effects/RadialBlurEffect.java	125	1b1e48f274201927	
member	effects.src.com.crashinvaders.vfx.effects.RadialBlurEffect#setZoom(float)	sge.vfx.effects.RadialBlurEffect#setZoom(float)	Renamed	-	effects/src/com/crashinvaders/vfx/effects/RadialBlurEffect.java	134	416a3c642197373d	
member	effects.src.com.crashinvaders.vfx.effects.RadialBlurEffect#strength	sge.vfx.effects.RadialBlurEffect#strength	Renamed	-	effects/src/com/crashinvaders/vfx/effects/RadialBlurEffect.java	37	b13cbd2a8f511644	vis=private
member	effects.src.com.crashinvaders.vfx.effects.RadialBlurEffect#zoom	sge.vfx.effects.RadialBlurEffect#zoom	Renamed	-	effects/src/com/crashinvaders/vfx/effects/RadialBlurEffect.java	40	1a3336303582e5e1	vis=private
member	effects.src.com.crashinvaders.vfx.effects.RadialDistortionEffect#<stmt1>	sge.vfx.effects.RadialDistortionEffect#<stmt1>	Renamed	-	effects/src/com/crashinvaders/vfx/effects/RadialDistortionEffect.java	38	5e3db9e8fb1acb4f	
member	effects.src.com.crashinvaders.vfx.effects.RadialDistortionEffect#U_DISTORTION	sge.vfx.effects.RadialDistortionEffect#U_DISTORTION	Renamed	-	effects/src/com/crashinvaders/vfx/effects/RadialDistortionEffect.java	28	aeaea89a5307dc89	placement=companion vis=private
member	effects.src.com.crashinvaders.vfx.effects.RadialDistortionEffect#U_TEXTURE0	sge.vfx.effects.RadialDistortionEffect#U_TEXTURE0	Renamed	-	effects/src/com/crashinvaders/vfx/effects/RadialDistortionEffect.java	27	84c2b4ea4638c1a2	placement=companion vis=private
member	effects.src.com.crashinvaders.vfx.effects.RadialDistortionEffect#U_ZOOM	sge.vfx.effects.RadialDistortionEffect#U_ZOOM	Renamed	-	effects/src/com/crashinvaders/vfx/effects/RadialDistortionEffect.java	29	7abf13a5706d1ea4	placement=companion vis=private
member	effects.src.com.crashinvaders.vfx.effects.RadialDistortionEffect#distortion	sge.vfx.effects.RadialDistortionEffect#distortion	Renamed	-	effects/src/com/crashinvaders/vfx/effects/RadialDistortionEffect.java	32	cb6382e71ac895dc	vis=private
member	effects.src.com.crashinvaders.vfx.effects.RadialDistortionEffect#getDistortion()	sge.vfx.effects.RadialDistortionEffect#getDistortion()	Renamed	-	effects/src/com/crashinvaders/vfx/effects/RadialDistortionEffect.java	72	fc7e9e5ea0c83131	
member	effects.src.com.crashinvaders.vfx.effects.RadialDistortionEffect#getZoom()	sge.vfx.effects.RadialDistortionEffect#getZoom()	Renamed	-	effects/src/com/crashinvaders/vfx/effects/RadialDistortionEffect.java	63	91308124d4e87046	
member	effects.src.com.crashinvaders.vfx.effects.RadialDistortionEffect#rebind()	sge.vfx.effects.RadialDistortionEffect#rebind()	Renamed	-	effects/src/com/crashinvaders/vfx/effects/RadialDistortionEffect.java	42	5ea1e14dd950c657	
member	effects.src.com.crashinvaders.vfx.effects.RadialDistortionEffect#render(VfxRenderContext,VfxFrameBuffer,VfxFrameBuffer)	sge.vfx.effects.RadialDistortionEffect#render(VfxRenderContext,VfxFrameBuffer,VfxFrameBuffer)	Renamed	-	effects/src/com/crashinvaders/vfx/effects/RadialDistortionEffect.java	56	8f0ecb54af55f12f	
member	effects.src.com.crashinvaders.vfx.effects.RadialDistortionEffect#render(VfxRenderContext,VfxPingPongWrapper)	sge.vfx.effects.RadialDistortionEffect#render(VfxRenderContext,VfxPingPongWrapper)	Renamed	-	effects/src/com/crashinvaders/vfx/effects/RadialDistortionEffect.java	52	34eb468b9ae4f864	
member	effects.src.com.crashinvaders.vfx.effects.RadialDistortionEffect#setDistortion(float)	sge.vfx.effects.RadialDistortionEffect#setDistortion(float)	Renamed	-	effects/src/com/crashinvaders/vfx/effects/RadialDistortionEffect.java	76	b17b55ebd50441be	
member	effects.src.com.crashinvaders.vfx.effects.RadialDistortionEffect#setZoom(float)	sge.vfx.effects.RadialDistortionEffect#setZoom(float)	Renamed	-	effects/src/com/crashinvaders/vfx/effects/RadialDistortionEffect.java	67	dc95d89251396716	
member	effects.src.com.crashinvaders.vfx.effects.RadialDistortionEffect#zoom	sge.vfx.effects.RadialDistortionEffect#zoom	Renamed	-	effects/src/com/crashinvaders/vfx/effects/RadialDistortionEffect.java	31	1a3336303582e5e1	vis=private
member	core.src.com.crashinvaders.vfx.effects.ShaderVfxEffect#<stmt1>	sge.vfx.effects.ShaderVfxEffect#<stmt1>	Renamed	-	core/src/com/crashinvaders/vfx/effects/ShaderVfxEffect.java	44	5a8b345b0e745b4c	
member	core.src.com.crashinvaders.vfx.effects.ShaderVfxEffect#TEXTURE_HANDLE0	sge.vfx.effects.ShaderVfxEffect#TEXTURE_HANDLE0	Renamed	-	core/src/com/crashinvaders/vfx/effects/ShaderVfxEffect.java	32	640c0c01fd194540	placement=companion
member	core.src.com.crashinvaders.vfx.effects.ShaderVfxEffect#TEXTURE_HANDLE1	sge.vfx.effects.ShaderVfxEffect#TEXTURE_HANDLE1	Renamed	-	core/src/com/crashinvaders/vfx/effects/ShaderVfxEffect.java	33	b593cfb179a22884	placement=companion
member	core.src.com.crashinvaders.vfx.effects.ShaderVfxEffect#TEXTURE_HANDLE2	sge.vfx.effects.ShaderVfxEffect#TEXTURE_HANDLE2	Renamed	-	core/src/com/crashinvaders/vfx/effects/ShaderVfxEffect.java	34	32db5e161ef97392	placement=companion
member	core.src.com.crashinvaders.vfx.effects.ShaderVfxEffect#TEXTURE_HANDLE3	sge.vfx.effects.ShaderVfxEffect#TEXTURE_HANDLE3	Renamed	-	core/src/com/crashinvaders/vfx/effects/ShaderVfxEffect.java	35	52e4d52dd2f0944b	placement=companion
member	core.src.com.crashinvaders.vfx.effects.ShaderVfxEffect#TEXTURE_HANDLE4	sge.vfx.effects.ShaderVfxEffect#TEXTURE_HANDLE4	Renamed	-	core/src/com/crashinvaders/vfx/effects/ShaderVfxEffect.java	36	fd4d604bf8224dcd	placement=companion
member	core.src.com.crashinvaders.vfx.effects.ShaderVfxEffect#TEXTURE_HANDLE5	sge.vfx.effects.ShaderVfxEffect#TEXTURE_HANDLE5	Renamed	-	core/src/com/crashinvaders/vfx/effects/ShaderVfxEffect.java	37	3f1605d58053587c	placement=companion
member	core.src.com.crashinvaders.vfx.effects.ShaderVfxEffect#TEXTURE_HANDLE6	sge.vfx.effects.ShaderVfxEffect#TEXTURE_HANDLE6	Renamed	-	core/src/com/crashinvaders/vfx/effects/ShaderVfxEffect.java	38	1f21fb8cddfde304	placement=companion
member	core.src.com.crashinvaders.vfx.effects.ShaderVfxEffect#TEXTURE_HANDLE7	sge.vfx.effects.ShaderVfxEffect#TEXTURE_HANDLE7	Renamed	-	core/src/com/crashinvaders/vfx/effects/ShaderVfxEffect.java	39	060402183b6afca9	placement=companion
member	core.src.com.crashinvaders.vfx.effects.ShaderVfxEffect#close()	sge.vfx.effects.ShaderVfxEffect#close()	Renamed	-	core/src/com/crashinvaders/vfx/effects/ShaderVfxEffect.java	48	8fd203a6f0d7c53e	
member	core.src.com.crashinvaders.vfx.effects.ShaderVfxEffect#getProgram()	sge.vfx.effects.ShaderVfxEffect#getProgram()	Renamed	-	core/src/com/crashinvaders/vfx/effects/ShaderVfxEffect.java	67	3aeb487757e13f93	
member	core.src.com.crashinvaders.vfx.effects.ShaderVfxEffect#program	sge.vfx.effects.ShaderVfxEffect#program	Renamed	-	core/src/com/crashinvaders/vfx/effects/ShaderVfxEffect.java	41	7b3f1793695805fe	
member	core.src.com.crashinvaders.vfx.effects.ShaderVfxEffect#rebind()	sge.vfx.effects.ShaderVfxEffect#rebind()	Renamed	-	core/src/com/crashinvaders/vfx/effects/ShaderVfxEffect.java	58	e239464963518a14	
member	core.src.com.crashinvaders.vfx.effects.ShaderVfxEffect#renderShader(VfxRenderContext,VfxFrameBuffer)	sge.vfx.effects.ShaderVfxEffect#renderShader(VfxRenderContext,VfxFrameBuffer)	Renamed	-	core/src/com/crashinvaders/vfx/effects/ShaderVfxEffect.java	71	ae8193bb00f54d19	
member	core.src.com.crashinvaders.vfx.effects.ShaderVfxEffect#resize(int,int)	sge.vfx.effects.ShaderVfxEffect#resize(int,int)	Renamed	-	core/src/com/crashinvaders/vfx/effects/ShaderVfxEffect.java	53	215fb4f9c364fbba	
member	core.src.com.crashinvaders.vfx.effects.ShaderVfxEffect#setUniform(String,Color)	sge.vfx.effects.ShaderVfxEffect#setUniform(String,Color)	Renamed	-	core/src/com/crashinvaders/vfx/effects/ShaderVfxEffect.java	136	b5c9fd27a61a129b	
member	core.src.com.crashinvaders.vfx.effects.ShaderVfxEffect#setUniform(String,Matrix3)	sge.vfx.effects.ShaderVfxEffect#setUniform(String,Matrix3)	Renamed	-	core/src/com/crashinvaders/vfx/effects/ShaderVfxEffect.java	148	a16c7e602a778b6e	
member	core.src.com.crashinvaders.vfx.effects.ShaderVfxEffect#setUniform(String,Matrix4)	sge.vfx.effects.ShaderVfxEffect#setUniform(String,Matrix4)	Renamed	-	core/src/com/crashinvaders/vfx/effects/ShaderVfxEffect.java	160	1b6ab87735bf11fe	
member	core.src.com.crashinvaders.vfx.effects.ShaderVfxEffect#setUniform(String,Vector2)	sge.vfx.effects.ShaderVfxEffect#setUniform(String,Vector2)	Renamed	-	core/src/com/crashinvaders/vfx/effects/ShaderVfxEffect.java	112	d2a028883a9af297	
member	core.src.com.crashinvaders.vfx.effects.ShaderVfxEffect#setUniform(String,Vector3)	sge.vfx.effects.ShaderVfxEffect#setUniform(String,Vector3)	Renamed	-	core/src/com/crashinvaders/vfx/effects/ShaderVfxEffect.java	124	0a979c45ac517df1	
member	core.src.com.crashinvaders.vfx.effects.ShaderVfxEffect#setUniform(String,float)	sge.vfx.effects.ShaderVfxEffect#setUniform(String,float)	Renamed	-	core/src/com/crashinvaders/vfx/effects/ShaderVfxEffect.java	88	d94d5c2ab3c32aac	
member	core.src.com.crashinvaders.vfx.effects.ShaderVfxEffect#setUniform(String,int)	sge.vfx.effects.ShaderVfxEffect#setUniform(String,int)	Renamed	-	core/src/com/crashinvaders/vfx/effects/ShaderVfxEffect.java	100	a30daedf871c6ccd	
member	core.src.com.crashinvaders.vfx.effects.ShaderVfxEffect#setUniform(String,int,Array,int,int)	sge.vfx.effects.ShaderVfxEffect#setUniform(String,int,Array<float>,int,int)	Renamed	-	core/src/com/crashinvaders/vfx/effects/ShaderVfxEffect.java	173	ba7cf0938befa170	
member	core.src.com.crashinvaders.vfx.effects.ShaderVfxEffect#update(float)	sge.vfx.effects.ShaderVfxEffect#update(float)	Renamed	-	core/src/com/crashinvaders/vfx/effects/ShaderVfxEffect.java	63	d2868888edfdc2c3	
member	core.src.com.crashinvaders.vfx.effects.VfxEffect#isDisabled()	sge.vfx.effects.VfxEffect#isDisabled()	Renamed	-	core/src/com/crashinvaders/vfx/effects/VfxEffect.java	25	8f8c295a4da24856	
member	core.src.com.crashinvaders.vfx.effects.VfxEffect#rebind()	sge.vfx.effects.VfxEffect#rebind()	Renamed	-	core/src/com/crashinvaders/vfx/effects/VfxEffect.java	49	c3933de0c8f5dd26	
member	core.src.com.crashinvaders.vfx.effects.VfxEffect#resize(int,int)	sge.vfx.effects.VfxEffect#resize(int,int)	Renamed	-	core/src/com/crashinvaders/vfx/effects/VfxEffect.java	33	263f67013145a1b0	
member	core.src.com.crashinvaders.vfx.effects.VfxEffect#setDisabled(boolean)	sge.vfx.effects.VfxEffect#setDisabled(boolean)	Renamed	-	core/src/com/crashinvaders/vfx/effects/VfxEffect.java	28	1b017a3bcd88c856	
member	core.src.com.crashinvaders.vfx.effects.VfxEffect#update(float)	sge.vfx.effects.VfxEffect#update(float)	Renamed	-	core/src/com/crashinvaders/vfx/effects/VfxEffect.java	39	158967a3b281d0b9	
member	effects.src.com.crashinvaders.vfx.effects.VignettingEffect#<stmt1>	sge.vfx.effects.VignettingEffect#<stmt1>	Renamed	-	effects/src/com/crashinvaders/vfx/effects/VignettingEffect.java	52	8f216d3e3e0cb40f	
member	effects.src.com.crashinvaders.vfx.effects.VignettingEffect#<stmt2>	sge.vfx.effects.VignettingEffect#<stmt2>	Renamed	-	effects/src/com/crashinvaders/vfx/effects/VignettingEffect.java	53	5e3db9e8fb1acb4f	
member	effects.src.com.crashinvaders.vfx.effects.VignettingEffect#CENTER_X	sge.vfx.effects.VignettingEffect#CENTER_X	Renamed	-	effects/src/com/crashinvaders/vfx/effects/VignettingEffect.java	31	14068e614606475f	placement=companion vis=private
member	effects.src.com.crashinvaders.vfx.effects.VignettingEffect#CENTER_Y	sge.vfx.effects.VignettingEffect#CENTER_Y	Renamed	-	effects/src/com/crashinvaders/vfx/effects/VignettingEffect.java	32	b6cf794470db7dc6	placement=companion vis=private
member	effects.src.com.crashinvaders.vfx.effects.VignettingEffect#SATURATION	sge.vfx.effects.VignettingEffect#SATURATION	Renamed	-	effects/src/com/crashinvaders/vfx/effects/VignettingEffect.java	33	a1f09d1f83290a52	placement=companion vis=private
member	effects.src.com.crashinvaders.vfx.effects.VignettingEffect#SATURATION_MUL	sge.vfx.effects.VignettingEffect#SATURATION_MUL	Renamed	-	effects/src/com/crashinvaders/vfx/effects/VignettingEffect.java	34	f803fcacddda0e6a	placement=companion vis=private
member	effects.src.com.crashinvaders.vfx.effects.VignettingEffect#TEXTURE0	sge.vfx.effects.VignettingEffect#TEXTURE0	Renamed	-	effects/src/com/crashinvaders/vfx/effects/VignettingEffect.java	27	30362e5c12b7ba5e	placement=companion vis=private
member	effects.src.com.crashinvaders.vfx.effects.VignettingEffect#VIGNETTE_INTENSITY	sge.vfx.effects.VignettingEffect#VIGNETTE_INTENSITY	Renamed	-	effects/src/com/crashinvaders/vfx/effects/VignettingEffect.java	28	b14535d45588b899	placement=companion vis=private
member	effects.src.com.crashinvaders.vfx.effects.VignettingEffect#VIGNETTE_X	sge.vfx.effects.VignettingEffect#VIGNETTE_X	Renamed	-	effects/src/com/crashinvaders/vfx/effects/VignettingEffect.java	29	fd3d2b4fe48e4592	placement=companion vis=private
member	effects.src.com.crashinvaders.vfx.effects.VignettingEffect#VIGNETTE_Y	sge.vfx.effects.VignettingEffect#VIGNETTE_Y	Renamed	-	effects/src/com/crashinvaders/vfx/effects/VignettingEffect.java	30	43e0b145b6b8fb13	placement=companion vis=private
member	effects.src.com.crashinvaders.vfx.effects.VignettingEffect#centerX	sge.vfx.effects.VignettingEffect#centerX	Renamed	-	effects/src/com/crashinvaders/vfx/effects/VignettingEffect.java	39	8ac98ee54cb532ab	vis=private
member	effects.src.com.crashinvaders.vfx.effects.VignettingEffect#centerY	sge.vfx.effects.VignettingEffect#centerY	Renamed	-	effects/src/com/crashinvaders/vfx/effects/VignettingEffect.java	40	4392683f9f9257e4	vis=private
member	effects.src.com.crashinvaders.vfx.effects.VignettingEffect#getCenterX()	sge.vfx.effects.VignettingEffect#getCenterX()	Renamed	-	effects/src/com/crashinvaders/vfx/effects/VignettingEffect.java	135	5e608f40c10e522f	
member	effects.src.com.crashinvaders.vfx.effects.VignettingEffect#getCenterY()	sge.vfx.effects.VignettingEffect#getCenterY()	Renamed	-	effects/src/com/crashinvaders/vfx/effects/VignettingEffect.java	139	35a9238f7d0de5bc	
member	effects.src.com.crashinvaders.vfx.effects.VignettingEffect#getIntensity()	sge.vfx.effects.VignettingEffect#getIntensity()	Renamed	-	effects/src/com/crashinvaders/vfx/effects/VignettingEffect.java	151	f1ba479411a30ee8	
member	effects.src.com.crashinvaders.vfx.effects.VignettingEffect#getSaturation()	sge.vfx.effects.VignettingEffect#getSaturation()	Renamed	-	effects/src/com/crashinvaders/vfx/effects/VignettingEffect.java	155	06b4cd7daf517781	
member	effects.src.com.crashinvaders.vfx.effects.VignettingEffect#getSaturationMul()	sge.vfx.effects.VignettingEffect#getSaturationMul()	Renamed	-	effects/src/com/crashinvaders/vfx/effects/VignettingEffect.java	159	66477fdd0c0382ed	
member	effects.src.com.crashinvaders.vfx.effects.VignettingEffect#getVignetteX()	sge.vfx.effects.VignettingEffect#getVignetteX()	Renamed	-	effects/src/com/crashinvaders/vfx/effects/VignettingEffect.java	143	e5852226e1c58c51	
member	effects.src.com.crashinvaders.vfx.effects.VignettingEffect#getVignetteY()	sge.vfx.effects.VignettingEffect#getVignetteY()	Renamed	-	effects/src/com/crashinvaders/vfx/effects/VignettingEffect.java	147	3dae29e3bb4bf148	
member	effects.src.com.crashinvaders.vfx.effects.VignettingEffect#intensity	sge.vfx.effects.VignettingEffect#intensity	Renamed	-	effects/src/com/crashinvaders/vfx/effects/VignettingEffect.java	41	f15dbae615a1bb7c	vis=private
member	effects.src.com.crashinvaders.vfx.effects.VignettingEffect#isSaturationControlEnabled()	sge.vfx.effects.VignettingEffect#isSaturationControlEnabled()	Renamed	-	effects/src/com/crashinvaders/vfx/effects/VignettingEffect.java	163	7883efd61190f310	
member	effects.src.com.crashinvaders.vfx.effects.VignettingEffect#rebind()	sge.vfx.effects.VignettingEffect#rebind()	Renamed	-	effects/src/com/crashinvaders/vfx/effects/VignettingEffect.java	57	f3e7725e32a62d20	
member	effects.src.com.crashinvaders.vfx.effects.VignettingEffect#render(VfxRenderContext,VfxFrameBuffer,VfxFrameBuffer)	sge.vfx.effects.VignettingEffect#render(VfxRenderContext,VfxFrameBuffer,VfxFrameBuffer)	Renamed	-	effects/src/com/crashinvaders/vfx/effects/VignettingEffect.java	79	8f0ecb54af55f12f	
member	effects.src.com.crashinvaders.vfx.effects.VignettingEffect#render(VfxRenderContext,VfxPingPongWrapper)	sge.vfx.effects.VignettingEffect#render(VfxRenderContext,VfxPingPongWrapper)	Renamed	-	effects/src/com/crashinvaders/vfx/effects/VignettingEffect.java	75	34eb468b9ae4f864	
member	effects.src.com.crashinvaders.vfx.effects.VignettingEffect#saturation	sge.vfx.effects.VignettingEffect#saturation	Renamed	-	effects/src/com/crashinvaders/vfx/effects/VignettingEffect.java	44	cecc16cfd15fa352	vis=private
member	effects.src.com.crashinvaders.vfx.effects.VignettingEffect#saturationEnabled	sge.vfx.effects.VignettingEffect#saturationEnabled	Renamed	-	effects/src/com/crashinvaders/vfx/effects/VignettingEffect.java	43	32a9e7c7ea927c47	vis=private
member	effects.src.com.crashinvaders.vfx.effects.VignettingEffect#saturationMul	sge.vfx.effects.VignettingEffect#saturationMul	Renamed	-	effects/src/com/crashinvaders/vfx/effects/VignettingEffect.java	45	a010ea3d8c1a6c8c	vis=private
member	effects.src.com.crashinvaders.vfx.effects.VignettingEffect#setCenter(float,float)	sge.vfx.effects.VignettingEffect#setCenter(float,float)	Renamed	-	effects/src/com/crashinvaders/vfx/effects/VignettingEffect.java	125	8a18175781ea373e	
member	effects.src.com.crashinvaders.vfx.effects.VignettingEffect#setCoords(float,float)	sge.vfx.effects.VignettingEffect#setCoords(float,float)	Renamed	-	effects/src/com/crashinvaders/vfx/effects/VignettingEffect.java	105	942369460c888288	
member	effects.src.com.crashinvaders.vfx.effects.VignettingEffect#setIntensity(float)	sge.vfx.effects.VignettingEffect#setIntensity(float)	Renamed	-	effects/src/com/crashinvaders/vfx/effects/VignettingEffect.java	86	678b2b5b6f540245	
member	effects.src.com.crashinvaders.vfx.effects.VignettingEffect#setSaturation(float)	sge.vfx.effects.VignettingEffect#setSaturation(float)	Renamed	-	effects/src/com/crashinvaders/vfx/effects/VignettingEffect.java	91	14a7c721c21d884d	
member	effects.src.com.crashinvaders.vfx.effects.VignettingEffect#setSaturationMul(float)	sge.vfx.effects.VignettingEffect#setSaturationMul(float)	Renamed	-	effects/src/com/crashinvaders/vfx/effects/VignettingEffect.java	98	f6bf115ffcef2b6d	
member	effects.src.com.crashinvaders.vfx.effects.VignettingEffect#setVignetteX(float)	sge.vfx.effects.VignettingEffect#setVignetteX(float)	Renamed	-	effects/src/com/crashinvaders/vfx/effects/VignettingEffect.java	114	6c11e9e48a73391a	
member	effects.src.com.crashinvaders.vfx.effects.VignettingEffect#setVignetteY(float)	sge.vfx.effects.VignettingEffect#setVignetteY(float)	Renamed	-	effects/src/com/crashinvaders/vfx/effects/VignettingEffect.java	119	c319b3d27c0dc242	
member	effects.src.com.crashinvaders.vfx.effects.VignettingEffect#vignetteX	sge.vfx.effects.VignettingEffect#vignetteX	Renamed	-	effects/src/com/crashinvaders/vfx/effects/VignettingEffect.java	37	106542556ac1b92b	vis=private
member	effects.src.com.crashinvaders.vfx.effects.VignettingEffect#vignetteY	sge.vfx.effects.VignettingEffect#vignetteY	Renamed	-	effects/src/com/crashinvaders/vfx/effects/VignettingEffect.java	38	38ff82928a636b60	vis=private
member	effects.src.com.crashinvaders.vfx.effects.WaterDistortionEffect#<stmt1>	sge.vfx.effects.WaterDistortionEffect#<stmt1>	Renamed	-	effects/src/com/crashinvaders/vfx/effects/WaterDistortionEffect.java	40	18420f6c2f460caa	
member	effects.src.com.crashinvaders.vfx.effects.WaterDistortionEffect#<stmt2>	sge.vfx.effects.WaterDistortionEffect#<stmt2>	Renamed	-	effects/src/com/crashinvaders/vfx/effects/WaterDistortionEffect.java	41	d023bf1207a49d41	
member	effects.src.com.crashinvaders.vfx.effects.WaterDistortionEffect#<stmt3>	sge.vfx.effects.WaterDistortionEffect#<stmt3>	Renamed	-	effects/src/com/crashinvaders/vfx/effects/WaterDistortionEffect.java	42	5e3db9e8fb1acb4f	
member	effects.src.com.crashinvaders.vfx.effects.WaterDistortionEffect#U_AMOUNT	sge.vfx.effects.WaterDistortionEffect#U_AMOUNT	Renamed	-	effects/src/com/crashinvaders/vfx/effects/WaterDistortionEffect.java	28	614331df41a6eff0	placement=companion vis=private
member	effects.src.com.crashinvaders.vfx.effects.WaterDistortionEffect#U_SPEED	sge.vfx.effects.WaterDistortionEffect#U_SPEED	Renamed	-	effects/src/com/crashinvaders/vfx/effects/WaterDistortionEffect.java	29	7eea610e9bd9954b	placement=companion vis=private
member	effects.src.com.crashinvaders.vfx.effects.WaterDistortionEffect#U_TEXTURE0	sge.vfx.effects.WaterDistortionEffect#U_TEXTURE0	Renamed	-	effects/src/com/crashinvaders/vfx/effects/WaterDistortionEffect.java	27	84c2b4ea4638c1a2	placement=companion vis=private
member	effects.src.com.crashinvaders.vfx.effects.WaterDistortionEffect#U_TIME	sge.vfx.effects.WaterDistortionEffect#U_TIME	Renamed	-	effects/src/com/crashinvaders/vfx/effects/WaterDistortionEffect.java	30	06b7f53fef13c5b2	placement=companion vis=private
member	effects.src.com.crashinvaders.vfx.effects.WaterDistortionEffect#amount	sge.vfx.effects.WaterDistortionEffect#amount	Renamed	-	effects/src/com/crashinvaders/vfx/effects/WaterDistortionEffect.java	32	a48a76f74a597c90	vis=private
member	effects.src.com.crashinvaders.vfx.effects.WaterDistortionEffect#getAmount()	sge.vfx.effects.WaterDistortionEffect#getAmount()	Renamed	-	effects/src/com/crashinvaders/vfx/effects/WaterDistortionEffect.java	60	1c0995e786ee0a28	
member	effects.src.com.crashinvaders.vfx.effects.WaterDistortionEffect#getSpeed()	sge.vfx.effects.WaterDistortionEffect#getSpeed()	Renamed	-	effects/src/com/crashinvaders/vfx/effects/WaterDistortionEffect.java	69	f453bd985c47890f	
member	effects.src.com.crashinvaders.vfx.effects.WaterDistortionEffect#getTime()	sge.vfx.effects.WaterDistortionEffect#getTime()	Renamed	-	effects/src/com/crashinvaders/vfx/effects/WaterDistortionEffect.java	51	2d95a1284a6d520f	
member	effects.src.com.crashinvaders.vfx.effects.WaterDistortionEffect#rebind()	sge.vfx.effects.WaterDistortionEffect#rebind()	Renamed	-	effects/src/com/crashinvaders/vfx/effects/WaterDistortionEffect.java	84	523e0bdf0e4d2538	
member	effects.src.com.crashinvaders.vfx.effects.WaterDistortionEffect#render(VfxRenderContext,VfxFrameBuffer,VfxFrameBuffer)	sge.vfx.effects.WaterDistortionEffect#render(VfxRenderContext,VfxFrameBuffer,VfxFrameBuffer)	Renamed	-	effects/src/com/crashinvaders/vfx/effects/WaterDistortionEffect.java	99	8f0ecb54af55f12f	
member	effects.src.com.crashinvaders.vfx.effects.WaterDistortionEffect#render(VfxRenderContext,VfxPingPongWrapper)	sge.vfx.effects.WaterDistortionEffect#render(VfxRenderContext,VfxPingPongWrapper)	Renamed	-	effects/src/com/crashinvaders/vfx/effects/WaterDistortionEffect.java	95	34eb468b9ae4f864	
member	effects.src.com.crashinvaders.vfx.effects.WaterDistortionEffect#resize(int,int)	sge.vfx.effects.WaterDistortionEffect#resize(int,int)	Renamed	-	effects/src/com/crashinvaders/vfx/effects/WaterDistortionEffect.java	79	cd21b23f9bd5a4ff	
member	effects.src.com.crashinvaders.vfx.effects.WaterDistortionEffect#setAmount(float)	sge.vfx.effects.WaterDistortionEffect#setAmount(float)	Renamed	-	effects/src/com/crashinvaders/vfx/effects/WaterDistortionEffect.java	64	5d56acc2cf90a06d	
member	effects.src.com.crashinvaders.vfx.effects.WaterDistortionEffect#setSpeed(float)	sge.vfx.effects.WaterDistortionEffect#setSpeed(float)	Renamed	-	effects/src/com/crashinvaders/vfx/effects/WaterDistortionEffect.java	73	606ec49593bc91cb	
member	effects.src.com.crashinvaders.vfx.effects.WaterDistortionEffect#setTime(float)	sge.vfx.effects.WaterDistortionEffect#setTime(float)	Renamed	-	effects/src/com/crashinvaders/vfx/effects/WaterDistortionEffect.java	55	68955227a0a3de80	
member	effects.src.com.crashinvaders.vfx.effects.WaterDistortionEffect#speed	sge.vfx.effects.WaterDistortionEffect#speed	Renamed	-	effects/src/com/crashinvaders/vfx/effects/WaterDistortionEffect.java	33	533c0f4d25e3afec	vis=private
member	effects.src.com.crashinvaders.vfx.effects.WaterDistortionEffect#time	sge.vfx.effects.WaterDistortionEffect#time	Renamed	-	effects/src/com/crashinvaders/vfx/effects/WaterDistortionEffect.java	34	3b6636188427371c	vis=private
member	effects.src.com.crashinvaders.vfx.effects.WaterDistortionEffect#update(float)	sge.vfx.effects.WaterDistortionEffect#update(float)	Renamed	-	effects/src/com/crashinvaders/vfx/effects/WaterDistortionEffect.java	46	6f069e6474a54d0e	
member	effects.src.com.crashinvaders.vfx.effects.ZoomEffect#<stmt1>	sge.vfx.effects.ZoomEffect#<stmt1>	Renamed	-	effects/src/com/crashinvaders/vfx/effects/ZoomEffect.java	42	5e3db9e8fb1acb4f	
member	effects.src.com.crashinvaders.vfx.effects.ZoomEffect#U_OFFSET_X	sge.vfx.effects.ZoomEffect#U_OFFSET_X	Renamed	-	effects/src/com/crashinvaders/vfx/effects/ZoomEffect.java	30	b8a0a2001d6def91	placement=companion vis=private
member	effects.src.com.crashinvaders.vfx.effects.ZoomEffect#U_OFFSET_Y	sge.vfx.effects.ZoomEffect#U_OFFSET_Y	Renamed	-	effects/src/com/crashinvaders/vfx/effects/ZoomEffect.java	31	c1de85aa6cff8bb9	placement=companion vis=private
member	effects.src.com.crashinvaders.vfx.effects.ZoomEffect#U_TEXTURE0	sge.vfx.effects.ZoomEffect#U_TEXTURE0	Renamed	-	effects/src/com/crashinvaders/vfx/effects/ZoomEffect.java	29	84c2b4ea4638c1a2	placement=companion vis=private
member	effects.src.com.crashinvaders.vfx.effects.ZoomEffect#U_ZOOM	sge.vfx.effects.ZoomEffect#U_ZOOM	Renamed	-	effects/src/com/crashinvaders/vfx/effects/ZoomEffect.java	32	7b30c5ca27770ccb	placement=companion vis=private
member	effects.src.com.crashinvaders.vfx.effects.ZoomEffect#getOriginX()	sge.vfx.effects.ZoomEffect#getOriginX()	Renamed	-	effects/src/com/crashinvaders/vfx/effects/ZoomEffect.java	68	ef5bb8abf9144051	
member	effects.src.com.crashinvaders.vfx.effects.ZoomEffect#getOriginY()	sge.vfx.effects.ZoomEffect#getOriginY()	Renamed	-	effects/src/com/crashinvaders/vfx/effects/ZoomEffect.java	72	ad83e46f23a6e354	
member	effects.src.com.crashinvaders.vfx.effects.ZoomEffect#getZoom()	sge.vfx.effects.ZoomEffect#getZoom()	Renamed	-	effects/src/com/crashinvaders/vfx/effects/ZoomEffect.java	115	91308124d4e87046	
member	effects.src.com.crashinvaders.vfx.effects.ZoomEffect#originX	sge.vfx.effects.ZoomEffect#originX	Renamed	-	effects/src/com/crashinvaders/vfx/effects/ZoomEffect.java	34	57f770911d353eae	vis=private
member	effects.src.com.crashinvaders.vfx.effects.ZoomEffect#originY	sge.vfx.effects.ZoomEffect#originY	Renamed	-	effects/src/com/crashinvaders/vfx/effects/ZoomEffect.java	35	29588e5e1e311029	vis=private
member	effects.src.com.crashinvaders.vfx.effects.ZoomEffect#rebind()	sge.vfx.effects.ZoomEffect#rebind()	Renamed	-	effects/src/com/crashinvaders/vfx/effects/ZoomEffect.java	46	75991226920e9353	
member	effects.src.com.crashinvaders.vfx.effects.ZoomEffect#render(VfxRenderContext,VfxFrameBuffer,VfxFrameBuffer)	sge.vfx.effects.ZoomEffect#render(VfxRenderContext,VfxFrameBuffer,VfxFrameBuffer)	Renamed	-	effects/src/com/crashinvaders/vfx/effects/ZoomEffect.java	61	8f0ecb54af55f12f	
member	effects.src.com.crashinvaders.vfx.effects.ZoomEffect#render(VfxRenderContext,VfxPingPongWrapper)	sge.vfx.effects.ZoomEffect#render(VfxRenderContext,VfxPingPongWrapper)	Renamed	-	effects/src/com/crashinvaders/vfx/effects/ZoomEffect.java	57	34eb468b9ae4f864	
member	effects.src.com.crashinvaders.vfx.effects.ZoomEffect#setOrigin(float,float)	sge.vfx.effects.ZoomEffect#setOrigin(float,float)	Renamed	-	effects/src/com/crashinvaders/vfx/effects/ZoomEffect.java	105	ae0334a91ad80b6b	
member	effects.src.com.crashinvaders.vfx.effects.ZoomEffect#setOrigin(int)	sge.vfx.effects.ZoomEffect#setOrigin(int)	Renamed	-	effects/src/com/crashinvaders/vfx/effects/ZoomEffect.java	80	daeaa92503229fd8	
member	effects.src.com.crashinvaders.vfx.effects.ZoomEffect#setZoom(float)	sge.vfx.effects.ZoomEffect#setZoom(float)	Renamed	-	effects/src/com/crashinvaders/vfx/effects/ZoomEffect.java	119	00a56408ac68fa2d	
member	effects.src.com.crashinvaders.vfx.effects.ZoomEffect#zoom	sge.vfx.effects.ZoomEffect#zoom	Renamed	-	effects/src/com/crashinvaders/vfx/effects/ZoomEffect.java	36	1a3336303582e5e1	vis=private
member	effects.src.com.crashinvaders.vfx.effects.util.CombineEffect#<stmt1>	sge.vfx.effects.util.CombineEffect#<stmt1>	Renamed	-	effects/src/com/crashinvaders/vfx/effects/util/CombineEffect.java	46	6b77c88ac6798981	
member	effects.src.com.crashinvaders.vfx.effects.util.CombineEffect#<stmt2>	sge.vfx.effects.util.CombineEffect#<stmt2>	Renamed	-	effects/src/com/crashinvaders/vfx/effects/util/CombineEffect.java	47	c5ed9dd83883bf27	
member	effects.src.com.crashinvaders.vfx.effects.util.CombineEffect#<stmt3>	sge.vfx.effects.util.CombineEffect#<stmt3>	Renamed	-	effects/src/com/crashinvaders/vfx/effects/util/CombineEffect.java	48	f4040d2b8d5f4459	
member	effects.src.com.crashinvaders.vfx.effects.util.CombineEffect#<stmt4>	sge.vfx.effects.util.CombineEffect#<stmt4>	Renamed	-	effects/src/com/crashinvaders/vfx/effects/util/CombineEffect.java	49	eeb60a70ba61c999	
member	effects.src.com.crashinvaders.vfx.effects.util.CombineEffect#<stmt5>	sge.vfx.effects.util.CombineEffect#<stmt5>	Renamed	-	effects/src/com/crashinvaders/vfx/effects/util/CombineEffect.java	50	5e3db9e8fb1acb4f	
member	effects.src.com.crashinvaders.vfx.effects.util.CombineEffect#U_SOURCE0_INTENSITY	sge.vfx.effects.util.CombineEffect#U_SOURCE0_INTENSITY	Renamed	-	effects/src/com/crashinvaders/vfx/effects/util/CombineEffect.java	35	c248777201aa7dbe	placement=companion vis=private
member	effects.src.com.crashinvaders.vfx.effects.util.CombineEffect#U_SOURCE0_SATURATION	sge.vfx.effects.util.CombineEffect#U_SOURCE0_SATURATION	Renamed	-	effects/src/com/crashinvaders/vfx/effects/util/CombineEffect.java	36	ebb865007a07c835	placement=companion vis=private
member	effects.src.com.crashinvaders.vfx.effects.util.CombineEffect#U_SOURCE1_INTENSITY	sge.vfx.effects.util.CombineEffect#U_SOURCE1_INTENSITY	Renamed	-	effects/src/com/crashinvaders/vfx/effects/util/CombineEffect.java	37	50a2c984c1f773ff	placement=companion vis=private
member	effects.src.com.crashinvaders.vfx.effects.util.CombineEffect#U_SOURCE1_SATURATION	sge.vfx.effects.util.CombineEffect#U_SOURCE1_SATURATION	Renamed	-	effects/src/com/crashinvaders/vfx/effects/util/CombineEffect.java	38	00f50c1b1f83191c	placement=companion vis=private
member	effects.src.com.crashinvaders.vfx.effects.util.CombineEffect#U_TEXTURE0	sge.vfx.effects.util.CombineEffect#U_TEXTURE0	Renamed	-	effects/src/com/crashinvaders/vfx/effects/util/CombineEffect.java	33	84c2b4ea4638c1a2	placement=companion vis=private
member	effects.src.com.crashinvaders.vfx.effects.util.CombineEffect#U_TEXTURE1	sge.vfx.effects.util.CombineEffect#U_TEXTURE1	Renamed	-	effects/src/com/crashinvaders/vfx/effects/util/CombineEffect.java	34	9490ec49de6b35f5	placement=companion vis=private
member	effects.src.com.crashinvaders.vfx.effects.util.CombineEffect#getSource1Intensity()	sge.vfx.effects.util.CombineEffect#getSource1Intensity()	Renamed	-	effects/src/com/crashinvaders/vfx/effects/util/CombineEffect.java	72	d29f162b696a5f37	
member	effects.src.com.crashinvaders.vfx.effects.util.CombineEffect#getSource1Saturation()	sge.vfx.effects.util.CombineEffect#getSource1Saturation()	Renamed	-	effects/src/com/crashinvaders/vfx/effects/util/CombineEffect.java	90	382e50261475a3de	
member	effects.src.com.crashinvaders.vfx.effects.util.CombineEffect#getSource2Intensity()	sge.vfx.effects.util.CombineEffect#getSource2Intensity()	Renamed	-	effects/src/com/crashinvaders/vfx/effects/util/CombineEffect.java	81	4fa0c3a39369e0f1	
member	effects.src.com.crashinvaders.vfx.effects.util.CombineEffect#getSource2Saturation()	sge.vfx.effects.util.CombineEffect#getSource2Saturation()	Renamed	-	effects/src/com/crashinvaders/vfx/effects/util/CombineEffect.java	99	0b9175bfde132e9d	
member	effects.src.com.crashinvaders.vfx.effects.util.CombineEffect#rebind()	sge.vfx.effects.util.CombineEffect#rebind()	Renamed	-	effects/src/com/crashinvaders/vfx/effects/util/CombineEffect.java	54	eb759abc15712121	
member	effects.src.com.crashinvaders.vfx.effects.util.CombineEffect#render(VfxRenderContext,VfxFrameBuffer,VfxFrameBuffer,VfxFrameBuffer)	sge.vfx.effects.util.CombineEffect#render(VfxRenderContext,VfxFrameBuffer,VfxFrameBuffer,VfxFrameBuffer)	Renamed	-	effects/src/com/crashinvaders/vfx/effects/util/CombineEffect.java	66	aae2f9012744e203	
member	effects.src.com.crashinvaders.vfx.effects.util.CombineEffect#s1i	sge.vfx.effects.util.CombineEffect#s1i	Renamed	-	effects/src/com/crashinvaders/vfx/effects/util/CombineEffect.java	40	36156f58f8d12be0	vis=private
member	effects.src.com.crashinvaders.vfx.effects.util.CombineEffect#s1s	sge.vfx.effects.util.CombineEffect#s1s	Renamed	-	effects/src/com/crashinvaders/vfx/effects/util/CombineEffect.java	40	e3afe062d8b1a80f	vis=private
member	effects.src.com.crashinvaders.vfx.effects.util.CombineEffect#s2i	sge.vfx.effects.util.CombineEffect#s2i	Renamed	-	effects/src/com/crashinvaders/vfx/effects/util/CombineEffect.java	40	35311560c2d074db	vis=private
member	effects.src.com.crashinvaders.vfx.effects.util.CombineEffect#s2s	sge.vfx.effects.util.CombineEffect#s2s	Renamed	-	effects/src/com/crashinvaders/vfx/effects/util/CombineEffect.java	40	1f21a80c7facbd34	vis=private
member	effects.src.com.crashinvaders.vfx.effects.util.CombineEffect#setSource1Intensity(float)	sge.vfx.effects.util.CombineEffect#setSource1Intensity(float)	Renamed	-	effects/src/com/crashinvaders/vfx/effects/util/CombineEffect.java	76	7a5837ac1bc15686	
member	effects.src.com.crashinvaders.vfx.effects.util.CombineEffect#setSource1Saturation(float)	sge.vfx.effects.util.CombineEffect#setSource1Saturation(float)	Renamed	-	effects/src/com/crashinvaders/vfx/effects/util/CombineEffect.java	94	9a0e7e69f6308628	
member	effects.src.com.crashinvaders.vfx.effects.util.CombineEffect#setSource2Intensity(float)	sge.vfx.effects.util.CombineEffect#setSource2Intensity(float)	Renamed	-	effects/src/com/crashinvaders/vfx/effects/util/CombineEffect.java	85	32df92f12197ed9f	
member	effects.src.com.crashinvaders.vfx.effects.util.CombineEffect#setSource2Saturation(float)	sge.vfx.effects.util.CombineEffect#setSource2Saturation(float)	Renamed	-	effects/src/com/crashinvaders/vfx/effects/util/CombineEffect.java	103	ec739f833810d974	
member	effects.src.com.crashinvaders.vfx.effects.util.CopyEffect#<stmt1>	sge.vfx.effects.util.CopyEffect#<stmt1>	Renamed	-	effects/src/com/crashinvaders/vfx/effects/util/CopyEffect.java	35	5e3db9e8fb1acb4f	
member	effects.src.com.crashinvaders.vfx.effects.util.CopyEffect#U_TEXTURE0	sge.vfx.effects.util.CopyEffect#U_TEXTURE0	Renamed	-	effects/src/com/crashinvaders/vfx/effects/util/CopyEffect.java	29	84c2b4ea4638c1a2	placement=companion vis=private
member	effects.src.com.crashinvaders.vfx.effects.util.CopyEffect#rebind()	sge.vfx.effects.util.CopyEffect#rebind()	Renamed	-	effects/src/com/crashinvaders/vfx/effects/util/CopyEffect.java	39	e1201886ada796ee	
member	effects.src.com.crashinvaders.vfx.effects.util.CopyEffect#render(VfxRenderContext,VfxFrameBuffer,VfxFrameBuffer)	sge.vfx.effects.util.CopyEffect#render(VfxRenderContext,VfxFrameBuffer,VfxFrameBuffer)	Renamed	-	effects/src/com/crashinvaders/vfx/effects/util/CopyEffect.java	49	d6046ab4939afdef	
member	effects.src.com.crashinvaders.vfx.effects.util.CopyEffect#render(VfxRenderContext,VfxPingPongWrapper)	sge.vfx.effects.util.CopyEffect#render(VfxRenderContext,VfxPingPongWrapper)	Renamed	-	effects/src/com/crashinvaders/vfx/effects/util/CopyEffect.java	45	34eb468b9ae4f864	
member	effects.src.com.crashinvaders.vfx.effects.util.GammaThresholdEffect#<stmt1>	sge.vfx.effects.util.GammaThresholdEffect#<stmt1>	Renamed	-	effects/src/com/crashinvaders/vfx/effects/util/GammaThresholdEffect.java	41	5e3db9e8fb1acb4f	
member	effects.src.com.crashinvaders.vfx.effects.util.GammaThresholdEffect#U_TEXTURE0	sge.vfx.effects.util.GammaThresholdEffect#U_TEXTURE0	Renamed	-	effects/src/com/crashinvaders/vfx/effects/util/GammaThresholdEffect.java	30	84c2b4ea4638c1a2	placement=companion vis=private
member	effects.src.com.crashinvaders.vfx.effects.util.GammaThresholdEffect#U_THRESHOLD	sge.vfx.effects.util.GammaThresholdEffect#U_THRESHOLD	Renamed	-	effects/src/com/crashinvaders/vfx/effects/util/GammaThresholdEffect.java	31	87a5094991776f36	placement=companion vis=private
member	effects.src.com.crashinvaders.vfx.effects.util.GammaThresholdEffect#U_THRESHOLD_INV	sge.vfx.effects.util.GammaThresholdEffect#U_THRESHOLD_INV	Renamed	-	effects/src/com/crashinvaders/vfx/effects/util/GammaThresholdEffect.java	32	df79bf11d3e721da	placement=companion vis=private
member	effects.src.com.crashinvaders.vfx.effects.util.GammaThresholdEffect#gamma	sge.vfx.effects.util.GammaThresholdEffect#gamma	Renamed	-	effects/src/com/crashinvaders/vfx/effects/util/GammaThresholdEffect.java	34	599cae14662432ec	vis=private
member	effects.src.com.crashinvaders.vfx.effects.util.GammaThresholdEffect#getGamma()	sge.vfx.effects.util.GammaThresholdEffect#getGamma()	Renamed	-	effects/src/com/crashinvaders/vfx/effects/util/GammaThresholdEffect.java	72	7a6d21294cf88d11	
member	effects.src.com.crashinvaders.vfx.effects.util.GammaThresholdEffect#rebind()	sge.vfx.effects.util.GammaThresholdEffect#rebind()	Renamed	-	effects/src/com/crashinvaders/vfx/effects/util/GammaThresholdEffect.java	45	7054f1100194d454	
member	effects.src.com.crashinvaders.vfx.effects.util.GammaThresholdEffect#render(VfxRenderContext,VfxFrameBuffer,VfxFrameBuffer)	sge.vfx.effects.util.GammaThresholdEffect#render(VfxRenderContext,VfxFrameBuffer,VfxFrameBuffer)	Renamed	-	effects/src/com/crashinvaders/vfx/effects/util/GammaThresholdEffect.java	59	8f0ecb54af55f12f	
member	effects.src.com.crashinvaders.vfx.effects.util.GammaThresholdEffect#render(VfxRenderContext,VfxPingPongWrapper)	sge.vfx.effects.util.GammaThresholdEffect#render(VfxRenderContext,VfxPingPongWrapper)	Renamed	-	effects/src/com/crashinvaders/vfx/effects/util/GammaThresholdEffect.java	55	34eb468b9ae4f864	
member	effects.src.com.crashinvaders.vfx.effects.util.GammaThresholdEffect#setGamma(float)	sge.vfx.effects.util.GammaThresholdEffect#setGamma(float)	Renamed	-	effects/src/com/crashinvaders/vfx/effects/util/GammaThresholdEffect.java	66	5add0121780d81de	
member	effects.src.com.crashinvaders.vfx.effects.util.MixEffect#<stmt1>	sge.vfx.effects.util.MixEffect#<stmt1>	Renamed	-	effects/src/com/crashinvaders/vfx/effects/util/MixEffect.java	47	5e3db9e8fb1acb4f	
member	effects.src.com.crashinvaders.vfx.effects.util.MixEffect#U_MIX	sge.vfx.effects.util.MixEffect#U_MIX	Renamed	-	effects/src/com/crashinvaders/vfx/effects/util/MixEffect.java	38	377735b6d24f4a3d	placement=companion vis=private
member	effects.src.com.crashinvaders.vfx.effects.util.MixEffect#U_TEXTURE0	sge.vfx.effects.util.MixEffect#U_TEXTURE0	Renamed	-	effects/src/com/crashinvaders/vfx/effects/util/MixEffect.java	36	84c2b4ea4638c1a2	placement=companion vis=private
member	effects.src.com.crashinvaders.vfx.effects.util.MixEffect#U_TEXTURE1	sge.vfx.effects.util.MixEffect#U_TEXTURE1	Renamed	-	effects/src/com/crashinvaders/vfx/effects/util/MixEffect.java	37	9490ec49de6b35f5	placement=companion vis=private
member	effects.src.com.crashinvaders.vfx.effects.util.MixEffect#getMixFactor()	sge.vfx.effects.util.MixEffect#getMixFactor()	Renamed	-	effects/src/com/crashinvaders/vfx/effects/util/MixEffect.java	66	f1e65e6edf54c997	
member	effects.src.com.crashinvaders.vfx.effects.util.MixEffect#mixFactor	sge.vfx.effects.util.MixEffect#mixFactor	Renamed	-	effects/src/com/crashinvaders/vfx/effects/util/MixEffect.java	40	cdacd1a5c3d6b7d1	vis=private
member	effects.src.com.crashinvaders.vfx.effects.util.MixEffect#rebind()	sge.vfx.effects.util.MixEffect#rebind()	Renamed	-	effects/src/com/crashinvaders/vfx/effects/util/MixEffect.java	51	04d7b606e1a5c1eb	
member	effects.src.com.crashinvaders.vfx.effects.util.MixEffect#render(VfxRenderContext,VfxFrameBuffer,VfxFrameBuffer,VfxFrameBuffer)	sge.vfx.effects.util.MixEffect#render(VfxRenderContext,VfxFrameBuffer,VfxFrameBuffer,VfxFrameBuffer)	Renamed	-	effects/src/com/crashinvaders/vfx/effects/util/MixEffect.java	60	aae2f9012744e203	
member	effects.src.com.crashinvaders.vfx.effects.util.MixEffect#setMixFactor(float)	sge.vfx.effects.util.MixEffect#setMixFactor(float)	Renamed	-	effects/src/com/crashinvaders/vfx/effects/util/MixEffect.java	70	e7b31528762dc8cb	
member	core.src.com.crashinvaders.vfx.framebuffer.VfxFrameBuffer#<stmt1>	sge.vfx.framebuffer.VfxFrameBuffer#<stmt1>	Renamed	-	core/src/com/crashinvaders/vfx/framebuffer/VfxFrameBuffer.java	93	c8179272566866ba	
member	core.src.com.crashinvaders.vfx.framebuffer.VfxFrameBuffer#addRenderer(Renderer)	sge.vfx.framebuffer.VfxFrameBuffer#addRenderer(Renderer)	Renamed	-	core/src/com/crashinvaders/vfx/framebuffer/VfxFrameBuffer.java	147	faa257b76c679812	
member	core.src.com.crashinvaders.vfx.framebuffer.VfxFrameBuffer#begin()	sge.vfx.framebuffer.VfxFrameBuffer#begin()	Renamed	-	core/src/com/crashinvaders/vfx/framebuffer/VfxFrameBuffer.java	175	2b811f27486dc05e	
member	core.src.com.crashinvaders.vfx.framebuffer.VfxFrameBuffer#bufferNesting	sge.vfx.framebuffer.VfxFrameBuffer#bufferNesting	Renamed	-	core/src/com/crashinvaders/vfx/framebuffer/VfxFrameBuffer.java	72	dfb410753aecc6d7	placement=companion vis=private
member	core.src.com.crashinvaders.vfx.framebuffer.VfxFrameBuffer#clearRenderers()	sge.vfx.framebuffer.VfxFrameBuffer#clearRenderers()	Renamed	-	core/src/com/crashinvaders/vfx/framebuffer/VfxFrameBuffer.java	155	508c0955485ca072	
member	core.src.com.crashinvaders.vfx.framebuffer.VfxFrameBuffer#close()	sge.vfx.framebuffer.VfxFrameBuffer#close()	Renamed	-	core/src/com/crashinvaders/vfx/framebuffer/VfxFrameBuffer.java	97	3bdf2125219a40c5	
member	core.src.com.crashinvaders.vfx.framebuffer.VfxFrameBuffer#drawing	sge.vfx.framebuffer.VfxFrameBuffer#drawing	Renamed	-	core/src/com/crashinvaders/vfx/framebuffer/VfxFrameBuffer.java	90	d933d620f5f10a38	vis=private
member	core.src.com.crashinvaders.vfx.framebuffer.VfxFrameBuffer#end()	sge.vfx.framebuffer.VfxFrameBuffer#end()	Renamed	-	core/src/com/crashinvaders/vfx/framebuffer/VfxFrameBuffer.java	191	517791ae0faca8a3	
member	core.src.com.crashinvaders.vfx.framebuffer.VfxFrameBuffer#fbo	sge.vfx.framebuffer.VfxFrameBuffer#fbo	Renamed	-	core/src/com/crashinvaders/vfx/framebuffer/VfxFrameBuffer.java	88	6eef9b76171aa817	vis=private
member	core.src.com.crashinvaders.vfx.framebuffer.VfxFrameBuffer#getBoundFboHandle()	sge.vfx.framebuffer.VfxFrameBuffer#getBoundFboHandle()	Renamed	-	core/src/com/crashinvaders/vfx/framebuffer/VfxFrameBuffer.java	209	bd23f2f3d8ebc057	
member	core.src.com.crashinvaders.vfx.framebuffer.VfxFrameBuffer#getBufferNesting()	sge.vfx.framebuffer.VfxFrameBuffer#getBufferNesting()	Renamed	-	core/src/com/crashinvaders/vfx/framebuffer/VfxFrameBuffer.java	74	850a16d91b09e817	placement=companion
member	core.src.com.crashinvaders.vfx.framebuffer.VfxFrameBuffer#getFbo()	sge.vfx.framebuffer.VfxFrameBuffer#getFbo()	Renamed	-	core/src/com/crashinvaders/vfx/framebuffer/VfxFrameBuffer.java	126	8435aaf53ddb20e7	
member	core.src.com.crashinvaders.vfx.framebuffer.VfxFrameBuffer#getPixelFormat()	sge.vfx.framebuffer.VfxFrameBuffer#getPixelFormat()	Renamed	-	core/src/com/crashinvaders/vfx/framebuffer/VfxFrameBuffer.java	134	99cfb041d811acc1	
member	core.src.com.crashinvaders.vfx.framebuffer.VfxFrameBuffer#getProjectionMatrix()	sge.vfx.framebuffer.VfxFrameBuffer#getProjectionMatrix()	Renamed	-	core/src/com/crashinvaders/vfx/framebuffer/VfxFrameBuffer.java	167	0740f56b61224f3e	
member	core.src.com.crashinvaders.vfx.framebuffer.VfxFrameBuffer#getTexture()	sge.vfx.framebuffer.VfxFrameBuffer#getTexture()	Renamed	-	core/src/com/crashinvaders/vfx/framebuffer/VfxFrameBuffer.java	130	a139d06191273bb6	
member	core.src.com.crashinvaders.vfx.framebuffer.VfxFrameBuffer#getTransformMatrix()	sge.vfx.framebuffer.VfxFrameBuffer#getTransformMatrix()	Renamed	-	core/src/com/crashinvaders/vfx/framebuffer/VfxFrameBuffer.java	171	23ee85c17297ba4d	
member	core.src.com.crashinvaders.vfx.framebuffer.VfxFrameBuffer#getViewport()	sge.vfx.framebuffer.VfxFrameBuffer#getViewport()	Renamed	-	core/src/com/crashinvaders/vfx/framebuffer/VfxFrameBuffer.java	214	750550cfea92d417	
member	core.src.com.crashinvaders.vfx.framebuffer.VfxFrameBuffer#initialize(int,int)	sge.vfx.framebuffer.VfxFrameBuffer#initialize(int,int)	Renamed	-	core/src/com/crashinvaders/vfx/framebuffer/VfxFrameBuffer.java	101	a366d8e48f41b4e0	
member	core.src.com.crashinvaders.vfx.framebuffer.VfxFrameBuffer#initialized	sge.vfx.framebuffer.VfxFrameBuffer#initialized	Renamed	-	core/src/com/crashinvaders/vfx/framebuffer/VfxFrameBuffer.java	89	fe39aead08e5eb6e	vis=private
member	core.src.com.crashinvaders.vfx.framebuffer.VfxFrameBuffer#isDrawing()	sge.vfx.framebuffer.VfxFrameBuffer#isDrawing()	Renamed	-	core/src/com/crashinvaders/vfx/framebuffer/VfxFrameBuffer.java	143	cf76b2713d068a66	
member	core.src.com.crashinvaders.vfx.framebuffer.VfxFrameBuffer#isInitialized()	sge.vfx.framebuffer.VfxFrameBuffer#isInitialized()	Renamed	-	core/src/com/crashinvaders/vfx/framebuffer/VfxFrameBuffer.java	138	63a1249576d61682	
member	core.src.com.crashinvaders.vfx.framebuffer.VfxFrameBuffer#localProjection	sge.vfx.framebuffer.VfxFrameBuffer#localProjection	Renamed	-	core/src/com/crashinvaders/vfx/framebuffer/VfxFrameBuffer.java	79	a7df7fee58da6b8d	vis=private
member	core.src.com.crashinvaders.vfx.framebuffer.VfxFrameBuffer#localTransform	sge.vfx.framebuffer.VfxFrameBuffer#localTransform	Renamed	-	core/src/com/crashinvaders/vfx/framebuffer/VfxFrameBuffer.java	80	9e875ddbb3ffc2df	vis=private
member	core.src.com.crashinvaders.vfx.framebuffer.VfxFrameBuffer#pixelFormat	sge.vfx.framebuffer.VfxFrameBuffer#pixelFormat	Renamed	-	core/src/com/crashinvaders/vfx/framebuffer/VfxFrameBuffer.java	85	000ecde9c8591744	vis=private
member	core.src.com.crashinvaders.vfx.framebuffer.VfxFrameBuffer#preservedViewport	sge.vfx.framebuffer.VfxFrameBuffer#preservedViewport	Renamed	-	core/src/com/crashinvaders/vfx/framebuffer/VfxFrameBuffer.java	84	e843dc09d2833f47	vis=private
member	core.src.com.crashinvaders.vfx.framebuffer.VfxFrameBuffer#previousFboHandle	sge.vfx.framebuffer.VfxFrameBuffer#previousFboHandle	Renamed	-	core/src/com/crashinvaders/vfx/framebuffer/VfxFrameBuffer.java	86	de2f7988b1a7a474	vis=private
member	core.src.com.crashinvaders.vfx.framebuffer.VfxFrameBuffer#removeRenderer(Renderer)	sge.vfx.framebuffer.VfxFrameBuffer#removeRenderer(Renderer)	Renamed	-	core/src/com/crashinvaders/vfx/framebuffer/VfxFrameBuffer.java	151	54a7ec8b1517fdc3	
member	core.src.com.crashinvaders.vfx.framebuffer.VfxFrameBuffer#renderers	sge.vfx.framebuffer.VfxFrameBuffer#renderers	Renamed	-	core/src/com/crashinvaders/vfx/framebuffer/VfxFrameBuffer.java	82	4eb2d18b301cbcdd	vis=private
member	core.src.com.crashinvaders.vfx.framebuffer.VfxFrameBuffer#reset()	sge.vfx.framebuffer.VfxFrameBuffer#reset()	Renamed	-	core/src/com/crashinvaders/vfx/framebuffer/VfxFrameBuffer.java	117	52108b2fd707ccb0	
member	core.src.com.crashinvaders.vfx.framebuffer.VfxFrameBuffer#setProjectionMatrix(Matrix4)	sge.vfx.framebuffer.VfxFrameBuffer#setProjectionMatrix(Matrix4)	Renamed	-	core/src/com/crashinvaders/vfx/framebuffer/VfxFrameBuffer.java	159	61da4bd5dc597a1b	
member	core.src.com.crashinvaders.vfx.framebuffer.VfxFrameBuffer#setTransformMatrix(Matrix4)	sge.vfx.framebuffer.VfxFrameBuffer#setTransformMatrix(Matrix4)	Renamed	-	core/src/com/crashinvaders/vfx/framebuffer/VfxFrameBuffer.java	163	45309f85856e801f	
member	core.src.com.crashinvaders.vfx.framebuffer.VfxFrameBuffer#tmpCam	sge.vfx.framebuffer.VfxFrameBuffer#tmpCam	Renamed	-	core/src/com/crashinvaders/vfx/framebuffer/VfxFrameBuffer.java	76	4642c38a13f19b05	placement=companion vis=private
member	core.src.com.crashinvaders.vfx.framebuffer.VfxFrameBuffer#zeroTransform	sge.vfx.framebuffer.VfxFrameBuffer#zeroTransform	Renamed	-	core/src/com/crashinvaders/vfx/framebuffer/VfxFrameBuffer.java	77	3179f58b8fa5d566	placement=companion vis=private
member	core.src.com.crashinvaders.vfx.framebuffer.VfxFrameBuffer$BatchRendererAdapter#<init>()	sge.vfx.framebuffer.VfxFrameBuffer$BatchRendererAdapter#<init>()	Renamed	-	core/src/com/crashinvaders/vfx/framebuffer/VfxFrameBuffer.java	291	506caf88bc592012	
member	core.src.com.crashinvaders.vfx.framebuffer.VfxFrameBuffer$BatchRendererAdapter#<init>(Batch)	sge.vfx.framebuffer.VfxFrameBuffer$BatchRendererAdapter#<init>(Batch)	Renamed	-	core/src/com/crashinvaders/vfx/framebuffer/VfxFrameBuffer.java	294	9b942085a688bb8d	
member	core.src.com.crashinvaders.vfx.framebuffer.VfxFrameBuffer$BatchRendererAdapter#batch	sge.vfx.framebuffer.VfxFrameBuffer$BatchRendererAdapter#batch	Renamed	-	core/src/com/crashinvaders/vfx/framebuffer/VfxFrameBuffer.java	289	9c217440f437f4c6	vis=private[VfxFrameBuffer]
member	core.src.com.crashinvaders.vfx.framebuffer.VfxFrameBuffer$BatchRendererAdapter#flush()	sge.vfx.framebuffer.VfxFrameBuffer$BatchRendererAdapter#flush()	Renamed	-	core/src/com/crashinvaders/vfx/framebuffer/VfxFrameBuffer.java	313	a156d1c77f26cebb	
member	core.src.com.crashinvaders.vfx.framebuffer.VfxFrameBuffer$BatchRendererAdapter#getBatch()	sge.vfx.framebuffer.VfxFrameBuffer$BatchRendererAdapter#getBatch()	Renamed	-	core/src/com/crashinvaders/vfx/framebuffer/VfxFrameBuffer.java	308	76821bed7c5a6e6e	
member	core.src.com.crashinvaders.vfx.framebuffer.VfxFrameBuffer$BatchRendererAdapter#getProjection()	sge.vfx.framebuffer.VfxFrameBuffer$BatchRendererAdapter#getProjection()	Renamed	-	core/src/com/crashinvaders/vfx/framebuffer/VfxFrameBuffer.java	319	4c5c7d607e1849b2	
member	core.src.com.crashinvaders.vfx.framebuffer.VfxFrameBuffer$BatchRendererAdapter#getTransform()	sge.vfx.framebuffer.VfxFrameBuffer$BatchRendererAdapter#getTransform()	Renamed	-	core/src/com/crashinvaders/vfx/framebuffer/VfxFrameBuffer.java	323	fcb684067b8465b5	
member	core.src.com.crashinvaders.vfx.framebuffer.VfxFrameBuffer$BatchRendererAdapter#initialize(Batch)	sge.vfx.framebuffer.VfxFrameBuffer$BatchRendererAdapter#initialize(Batch)	Renamed	-	core/src/com/crashinvaders/vfx/framebuffer/VfxFrameBuffer.java	298	2531de343f624f93	
member	core.src.com.crashinvaders.vfx.framebuffer.VfxFrameBuffer$BatchRendererAdapter#reset()	sge.vfx.framebuffer.VfxFrameBuffer$BatchRendererAdapter#reset()	Renamed	-	core/src/com/crashinvaders/vfx/framebuffer/VfxFrameBuffer.java	304	41d8d33314eb6119	
member	core.src.com.crashinvaders.vfx.framebuffer.VfxFrameBuffer$BatchRendererAdapter#setProjection(Matrix4)	sge.vfx.framebuffer.VfxFrameBuffer$BatchRendererAdapter#setProjection(Matrix4)	Renamed	-	core/src/com/crashinvaders/vfx/framebuffer/VfxFrameBuffer.java	327	f43f5efb6d6fa653	
member	core.src.com.crashinvaders.vfx.framebuffer.VfxFrameBuffer$BatchRendererAdapter#setTransform(Matrix4)	sge.vfx.framebuffer.VfxFrameBuffer$BatchRendererAdapter#setTransform(Matrix4)	Renamed	-	core/src/com/crashinvaders/vfx/framebuffer/VfxFrameBuffer.java	331	449f2a71f92fdc18	
member	core.src.com.crashinvaders.vfx.framebuffer.VfxFrameBuffer$Renderer#assignLocalMatrices(Matrix4,Matrix4)	sge.vfx.framebuffer.VfxFrameBuffer$Renderer#assignLocalMatrices(Matrix4,Matrix4)	Renamed	-	core/src/com/crashinvaders/vfx/framebuffer/VfxFrameBuffer.java	260	06710a3354d6dad2	
member	core.src.com.crashinvaders.vfx.framebuffer.VfxFrameBuffer$Renderer#flush()	sge.vfx.framebuffer.VfxFrameBuffer$Renderer#flush()	Renamed	-	core/src/com/crashinvaders/vfx/framebuffer/VfxFrameBuffer.java	259	f513eaf3641e3c8b	
member	core.src.com.crashinvaders.vfx.framebuffer.VfxFrameBuffer$Renderer#restoreOwnMatrices()	sge.vfx.framebuffer.VfxFrameBuffer$Renderer#restoreOwnMatrices()	Renamed	-	core/src/com/crashinvaders/vfx/framebuffer/VfxFrameBuffer.java	261	76240d7a7b6c8dd0	
member	core.src.com.crashinvaders.vfx.framebuffer.VfxFrameBuffer$RendererAdapter#assignLocalMatrices(Matrix4,Matrix4)	sge.vfx.framebuffer.VfxFrameBuffer$RendererAdapter#assignLocalMatrices(Matrix4,Matrix4)	Renamed	-	core/src/com/crashinvaders/vfx/framebuffer/VfxFrameBuffer.java	269	828373a799a3a13e	
member	core.src.com.crashinvaders.vfx.framebuffer.VfxFrameBuffer$RendererAdapter#getProjection()	sge.vfx.framebuffer.VfxFrameBuffer$RendererAdapter#getProjection()	Renamed	-	core/src/com/crashinvaders/vfx/framebuffer/VfxFrameBuffer.java	282	b1874c13995dd009	
member	core.src.com.crashinvaders.vfx.framebuffer.VfxFrameBuffer$RendererAdapter#getTransform()	sge.vfx.framebuffer.VfxFrameBuffer$RendererAdapter#getTransform()	Renamed	-	core/src/com/crashinvaders/vfx/framebuffer/VfxFrameBuffer.java	283	686150708a40385e	
member	core.src.com.crashinvaders.vfx.framebuffer.VfxFrameBuffer$RendererAdapter#preservedProjection	sge.vfx.framebuffer.VfxFrameBuffer$RendererAdapter#preservedProjection	Renamed	-	core/src/com/crashinvaders/vfx/framebuffer/VfxFrameBuffer.java	265	3377e62e4fb8eb70	vis=private[VfxFrameBuffer]
member	core.src.com.crashinvaders.vfx.framebuffer.VfxFrameBuffer$RendererAdapter#preservedTransform	sge.vfx.framebuffer.VfxFrameBuffer$RendererAdapter#preservedTransform	Renamed	-	core/src/com/crashinvaders/vfx/framebuffer/VfxFrameBuffer.java	266	faa5cbcbc692ac50	vis=private[VfxFrameBuffer]
member	core.src.com.crashinvaders.vfx.framebuffer.VfxFrameBuffer$RendererAdapter#restoreOwnMatrices()	sge.vfx.framebuffer.VfxFrameBuffer$RendererAdapter#restoreOwnMatrices()	Renamed	-	core/src/com/crashinvaders/vfx/framebuffer/VfxFrameBuffer.java	277	240f67aba9654d6c	
member	core.src.com.crashinvaders.vfx.framebuffer.VfxFrameBuffer$RendererAdapter#setProjection(Matrix4)	sge.vfx.framebuffer.VfxFrameBuffer$RendererAdapter#setProjection(Matrix4)	Renamed	-	core/src/com/crashinvaders/vfx/framebuffer/VfxFrameBuffer.java	284	b69dcf890d5a9224	
member	core.src.com.crashinvaders.vfx.framebuffer.VfxFrameBuffer$RendererAdapter#setTransform(Matrix4)	sge.vfx.framebuffer.VfxFrameBuffer$RendererAdapter#setTransform(Matrix4)	Renamed	-	core/src/com/crashinvaders/vfx/framebuffer/VfxFrameBuffer.java	285	94dc4f60d4ff29ad	
member	core.src.com.crashinvaders.vfx.framebuffer.VfxFrameBuffer$RendererManager#addRenderer(Renderer)	sge.vfx.framebuffer.VfxFrameBuffer$RendererManager#addRenderer(Renderer)	Renamed	-	core/src/com/crashinvaders/vfx/framebuffer/VfxFrameBuffer.java	226	f27fca2e2c37cf0c	
member	core.src.com.crashinvaders.vfx.framebuffer.VfxFrameBuffer$RendererManager#assignLocalMatrices(Matrix4,Matrix4)	sge.vfx.framebuffer.VfxFrameBuffer$RendererManager#assignLocalMatrices(Matrix4,Matrix4)	Renamed	-	core/src/com/crashinvaders/vfx/framebuffer/VfxFrameBuffer.java	245	30899dea98cbee93	
member	core.src.com.crashinvaders.vfx.framebuffer.VfxFrameBuffer$RendererManager#clearRenderers()	sge.vfx.framebuffer.VfxFrameBuffer$RendererManager#clearRenderers()	Renamed	-	core/src/com/crashinvaders/vfx/framebuffer/VfxFrameBuffer.java	234	07326cc48d788e60	
member	core.src.com.crashinvaders.vfx.framebuffer.VfxFrameBuffer$RendererManager#flush()	sge.vfx.framebuffer.VfxFrameBuffer$RendererManager#flush()	Renamed	-	core/src/com/crashinvaders/vfx/framebuffer/VfxFrameBuffer.java	239	507d7d50fffccfaf	
member	core.src.com.crashinvaders.vfx.framebuffer.VfxFrameBuffer$RendererManager#removeRenderer(Renderer)	sge.vfx.framebuffer.VfxFrameBuffer$RendererManager#removeRenderer(Renderer)	Renamed	-	core/src/com/crashinvaders/vfx/framebuffer/VfxFrameBuffer.java	230	2fd0ce8ff93aad25	
member	core.src.com.crashinvaders.vfx.framebuffer.VfxFrameBuffer$RendererManager#renderers	sge.vfx.framebuffer.VfxFrameBuffer$RendererManager#renderers	Renamed	-	core/src/com/crashinvaders/vfx/framebuffer/VfxFrameBuffer.java	221	204fd094ce9b52af	vis=private[VfxFrameBuffer]
member	core.src.com.crashinvaders.vfx.framebuffer.VfxFrameBuffer$RendererManager#restoreOwnMatrices()	sge.vfx.framebuffer.VfxFrameBuffer$RendererManager#restoreOwnMatrices()	Renamed	-	core/src/com/crashinvaders/vfx/framebuffer/VfxFrameBuffer.java	251	c6b3cd50a9c21507	
member	core.src.com.crashinvaders.vfx.framebuffer.VfxFrameBuffer$ShapeRendererAdapter#<init>()	sge.vfx.framebuffer.VfxFrameBuffer$ShapeRendererAdapter#<init>()	Renamed	-	core/src/com/crashinvaders/vfx/framebuffer/VfxFrameBuffer.java	339	b3b8ebaedc83c917	
member	core.src.com.crashinvaders.vfx.framebuffer.VfxFrameBuffer$ShapeRendererAdapter#<init>(ShapeRenderer)	sge.vfx.framebuffer.VfxFrameBuffer$ShapeRendererAdapter#<init>(ShapeRenderer)	Renamed	-	core/src/com/crashinvaders/vfx/framebuffer/VfxFrameBuffer.java	342	2d685102db0f26a4	
member	core.src.com.crashinvaders.vfx.framebuffer.VfxFrameBuffer$ShapeRendererAdapter#flush()	sge.vfx.framebuffer.VfxFrameBuffer$ShapeRendererAdapter#flush()	Renamed	-	core/src/com/crashinvaders/vfx/framebuffer/VfxFrameBuffer.java	361	d4cde1a9e40a9e00	
member	core.src.com.crashinvaders.vfx.framebuffer.VfxFrameBuffer$ShapeRendererAdapter#getProjection()	sge.vfx.framebuffer.VfxFrameBuffer$ShapeRendererAdapter#getProjection()	Renamed	-	core/src/com/crashinvaders/vfx/framebuffer/VfxFrameBuffer.java	367	7f3cfe14ee2c235d	
member	core.src.com.crashinvaders.vfx.framebuffer.VfxFrameBuffer$ShapeRendererAdapter#getShapeRenderer()	sge.vfx.framebuffer.VfxFrameBuffer$ShapeRendererAdapter#getShapeRenderer()	Renamed	-	core/src/com/crashinvaders/vfx/framebuffer/VfxFrameBuffer.java	356	e9286eefa6cd0326	
member	core.src.com.crashinvaders.vfx.framebuffer.VfxFrameBuffer$ShapeRendererAdapter#getTransform()	sge.vfx.framebuffer.VfxFrameBuffer$ShapeRendererAdapter#getTransform()	Renamed	-	core/src/com/crashinvaders/vfx/framebuffer/VfxFrameBuffer.java	371	4286839aaa7b535d	
member	core.src.com.crashinvaders.vfx.framebuffer.VfxFrameBuffer$ShapeRendererAdapter#initialize(ShapeRenderer)	sge.vfx.framebuffer.VfxFrameBuffer$ShapeRendererAdapter#initialize(ShapeRenderer)	Renamed	-	core/src/com/crashinvaders/vfx/framebuffer/VfxFrameBuffer.java	346	36eefc577217b888	
member	core.src.com.crashinvaders.vfx.framebuffer.VfxFrameBuffer$ShapeRendererAdapter#reset()	sge.vfx.framebuffer.VfxFrameBuffer$ShapeRendererAdapter#reset()	Renamed	-	core/src/com/crashinvaders/vfx/framebuffer/VfxFrameBuffer.java	352	3c2ca5e84e23bd42	
member	core.src.com.crashinvaders.vfx.framebuffer.VfxFrameBuffer$ShapeRendererAdapter#setProjection(Matrix4)	sge.vfx.framebuffer.VfxFrameBuffer$ShapeRendererAdapter#setProjection(Matrix4)	Renamed	-	core/src/com/crashinvaders/vfx/framebuffer/VfxFrameBuffer.java	375	facc979fd8a12d4e	
member	core.src.com.crashinvaders.vfx.framebuffer.VfxFrameBuffer$ShapeRendererAdapter#setTransform(Matrix4)	sge.vfx.framebuffer.VfxFrameBuffer$ShapeRendererAdapter#setTransform(Matrix4)	Renamed	-	core/src/com/crashinvaders/vfx/framebuffer/VfxFrameBuffer.java	379	a062ebacee098869	
member	core.src.com.crashinvaders.vfx.framebuffer.VfxFrameBuffer$ShapeRendererAdapter#shapeRenderer	sge.vfx.framebuffer.VfxFrameBuffer$ShapeRendererAdapter#shapeRenderer	Renamed	-	core/src/com/crashinvaders/vfx/framebuffer/VfxFrameBuffer.java	337	193739f1e1dd4357	vis=private[VfxFrameBuffer]
member	core.src.com.crashinvaders.vfx.framebuffer.VfxFrameBufferPool#<init>()	sge.vfx.framebuffer.VfxFrameBufferPool#<init>()	Renamed	-	core/src/com/crashinvaders/vfx/framebuffer/VfxFrameBufferPool.java	49	e3ef7d70b413127c	
member	core.src.com.crashinvaders.vfx.framebuffer.VfxFrameBufferPool#<stmt1>	sge.vfx.framebuffer.VfxFrameBufferPool#<stmt1>	Renamed	-	core/src/com/crashinvaders/vfx/framebuffer/VfxFrameBufferPool.java	54	19ab7a3c85329e47	
member	core.src.com.crashinvaders.vfx.framebuffer.VfxFrameBufferPool#<stmt2>	sge.vfx.framebuffer.VfxFrameBufferPool#<stmt2>	Renamed	-	core/src/com/crashinvaders/vfx/framebuffer/VfxFrameBufferPool.java	55	756b3dfe32c62344	
member	core.src.com.crashinvaders.vfx.framebuffer.VfxFrameBufferPool#<stmt3>	sge.vfx.framebuffer.VfxFrameBufferPool#<stmt3>	Renamed	-	core/src/com/crashinvaders/vfx/framebuffer/VfxFrameBufferPool.java	56	c8179272566866ba	
member	core.src.com.crashinvaders.vfx.framebuffer.VfxFrameBufferPool#<stmt4>	sge.vfx.framebuffer.VfxFrameBufferPool#<stmt4>	Renamed	-	core/src/com/crashinvaders/vfx/framebuffer/VfxFrameBufferPool.java	58	29c2ffea83f409b6	
member	core.src.com.crashinvaders.vfx.framebuffer.VfxFrameBufferPool#<stmt5>	sge.vfx.framebuffer.VfxFrameBufferPool#<stmt5>	Renamed	-	core/src/com/crashinvaders/vfx/framebuffer/VfxFrameBufferPool.java	59	ae4e964dcbecf99b	
member	core.src.com.crashinvaders.vfx.framebuffer.VfxFrameBufferPool#TAG	sge.vfx.framebuffer.VfxFrameBufferPool#TAG	Renamed	-	core/src/com/crashinvaders/vfx/framebuffer/VfxFrameBufferPool.java	28	4fb461be0af8ed38	placement=companion vis=private
member	core.src.com.crashinvaders.vfx.framebuffer.VfxFrameBufferPool#cleanupInvalid()	sge.vfx.framebuffer.VfxFrameBufferPool#cleanupInvalid()	Renamed	-	core/src/com/crashinvaders/vfx/framebuffer/VfxFrameBufferPool.java	158	4233f5467a497d9a	
member	core.src.com.crashinvaders.vfx.framebuffer.VfxFrameBufferPool#clearFree()	sge.vfx.framebuffer.VfxFrameBufferPool#clearFree()	Renamed	-	core/src/com/crashinvaders/vfx/framebuffer/VfxFrameBufferPool.java	118	3677b0750fdc895e	
member	core.src.com.crashinvaders.vfx.framebuffer.VfxFrameBufferPool#close()	sge.vfx.framebuffer.VfxFrameBufferPool#close()	Renamed	-	core/src/com/crashinvaders/vfx/framebuffer/VfxFrameBufferPool.java	63	eeaec75317d60b25	
member	core.src.com.crashinvaders.vfx.framebuffer.VfxFrameBufferPool#createBuffer()	sge.vfx.framebuffer.VfxFrameBufferPool#createBuffer()	Renamed	-	core/src/com/crashinvaders/vfx/framebuffer/VfxFrameBufferPool.java	132	e4d547b722c9664c	
member	core.src.com.crashinvaders.vfx.framebuffer.VfxFrameBufferPool#disposed	sge.vfx.framebuffer.VfxFrameBufferPool#disposed	Renamed	-	core/src/com/crashinvaders/vfx/framebuffer/VfxFrameBufferPool.java	47	3f833972782d1402	vis=private
member	core.src.com.crashinvaders.vfx.framebuffer.VfxFrameBufferPool#free(VfxFrameBuffer)	sge.vfx.framebuffer.VfxFrameBufferPool#free(VfxFrameBuffer)	Renamed	-	core/src/com/crashinvaders/vfx/framebuffer/VfxFrameBufferPool.java	102	9a16fe05454960d8	
member	core.src.com.crashinvaders.vfx.framebuffer.VfxFrameBufferPool#freeBuffers	sge.vfx.framebuffer.VfxFrameBufferPool#freeBuffers	Renamed	-	core/src/com/crashinvaders/vfx/framebuffer/VfxFrameBufferPool.java	36	dcf9ccd867e0ccb6	
member	core.src.com.crashinvaders.vfx.framebuffer.VfxFrameBufferPool#freePeak	sge.vfx.framebuffer.VfxFrameBufferPool#freePeak	Renamed	-	core/src/com/crashinvaders/vfx/framebuffer/VfxFrameBufferPool.java	31	bd8105c367451d5a	
member	core.src.com.crashinvaders.vfx.framebuffer.VfxFrameBufferPool#getFreeCount()	sge.vfx.framebuffer.VfxFrameBufferPool#getFreeCount()	Renamed	-	core/src/com/crashinvaders/vfx/framebuffer/VfxFrameBufferPool.java	128	f02902cdc7ce72ae	
member	core.src.com.crashinvaders.vfx.framebuffer.VfxFrameBufferPool#height	sge.vfx.framebuffer.VfxFrameBufferPool#height	Renamed	-	core/src/com/crashinvaders/vfx/framebuffer/VfxFrameBufferPool.java	39	6eec677c009c9372	vis=private
member	core.src.com.crashinvaders.vfx.framebuffer.VfxFrameBufferPool#managedBuffers	sge.vfx.framebuffer.VfxFrameBufferPool#managedBuffers	Renamed	-	core/src/com/crashinvaders/vfx/framebuffer/VfxFrameBufferPool.java	34	a97f5a208a405ffb	
member	core.src.com.crashinvaders.vfx.framebuffer.VfxFrameBufferPool#obtain()	sge.vfx.framebuffer.VfxFrameBufferPool#obtain()	Renamed	-	core/src/com/crashinvaders/vfx/framebuffer/VfxFrameBufferPool.java	91	bf56baaf5b16d7ad	
member	core.src.com.crashinvaders.vfx.framebuffer.VfxFrameBufferPool#pixelFormat	sge.vfx.framebuffer.VfxFrameBufferPool#pixelFormat	Renamed	-	core/src/com/crashinvaders/vfx/framebuffer/VfxFrameBufferPool.java	40	a61c9717587869d7	vis=private
member	core.src.com.crashinvaders.vfx.framebuffer.VfxFrameBufferPool#resetBuffer(VfxFrameBuffer)	sge.vfx.framebuffer.VfxFrameBufferPool#resetBuffer(VfxFrameBuffer)	Renamed	-	core/src/com/crashinvaders/vfx/framebuffer/VfxFrameBufferPool.java	140	ff8792781a6e00fd	
member	core.src.com.crashinvaders.vfx.framebuffer.VfxFrameBufferPool#resize(int,int)	sge.vfx.framebuffer.VfxFrameBufferPool#resize(int,int)	Renamed	-	core/src/com/crashinvaders/vfx/framebuffer/VfxFrameBufferPool.java	80	68a5c7b788664a93	
member	core.src.com.crashinvaders.vfx.framebuffer.VfxFrameBufferPool#setTextureParams(TextureWrap,TextureWrap,TextureFilter,TextureFilter)	sge.vfx.framebuffer.VfxFrameBufferPool#setTextureParams(TextureWrap,TextureWrap,TextureFilter,TextureFilter)	Renamed	-	core/src/com/crashinvaders/vfx/framebuffer/VfxFrameBufferPool.java	176	4158ff94a6fc4f4b	
member	core.src.com.crashinvaders.vfx.framebuffer.VfxFrameBufferPool#textureFilterMag	sge.vfx.framebuffer.VfxFrameBufferPool#textureFilterMag	Renamed	-	core/src/com/crashinvaders/vfx/framebuffer/VfxFrameBufferPool.java	45	a711c524376c2224	vis=private
member	core.src.com.crashinvaders.vfx.framebuffer.VfxFrameBufferPool#textureFilterMin	sge.vfx.framebuffer.VfxFrameBufferPool#textureFilterMin	Renamed	-	core/src/com/crashinvaders/vfx/framebuffer/VfxFrameBufferPool.java	44	84a0c9514ca638da	vis=private
member	core.src.com.crashinvaders.vfx.framebuffer.VfxFrameBufferPool#textureWrapU	sge.vfx.framebuffer.VfxFrameBufferPool#textureWrapU	Renamed	-	core/src/com/crashinvaders/vfx/framebuffer/VfxFrameBufferPool.java	42	3ee42dac7f4ec34e	vis=private
member	core.src.com.crashinvaders.vfx.framebuffer.VfxFrameBufferPool#textureWrapV	sge.vfx.framebuffer.VfxFrameBufferPool#textureWrapV	Renamed	-	core/src/com/crashinvaders/vfx/framebuffer/VfxFrameBufferPool.java	43	01a2a8ad28e2b3fc	vis=private
member	core.src.com.crashinvaders.vfx.framebuffer.VfxFrameBufferPool#validateBuffer(VfxFrameBuffer)	sge.vfx.framebuffer.VfxFrameBufferPool#validateBuffer(VfxFrameBuffer)	Renamed	-	core/src/com/crashinvaders/vfx/framebuffer/VfxFrameBufferPool.java	149	b755ef03e7b71e71	
member	core.src.com.crashinvaders.vfx.framebuffer.VfxFrameBufferPool#width	sge.vfx.framebuffer.VfxFrameBufferPool#width	Renamed	-	core/src/com/crashinvaders/vfx/framebuffer/VfxFrameBufferPool.java	38	1c8d1b100e2d8990	vis=private
member	core.src.com.crashinvaders.vfx.framebuffer.VfxFrameBufferQueue#<stmt1>	sge.vfx.framebuffer.VfxFrameBufferQueue#<stmt1>	Renamed	-	core/src/com/crashinvaders/vfx/framebuffer/VfxFrameBufferQueue.java	37	984b8dd0083d2284	
member	core.src.com.crashinvaders.vfx.framebuffer.VfxFrameBufferQueue#<stmt2>	sge.vfx.framebuffer.VfxFrameBufferQueue#<stmt2>	Renamed	-	core/src/com/crashinvaders/vfx/framebuffer/VfxFrameBufferQueue.java	40	a44d4149922889b7	
member	core.src.com.crashinvaders.vfx.framebuffer.VfxFrameBufferQueue#<stmt3>	sge.vfx.framebuffer.VfxFrameBufferQueue#<stmt3>	Renamed	-	core/src/com/crashinvaders/vfx/framebuffer/VfxFrameBufferQueue.java	41	79cc4661177d209d	
member	core.src.com.crashinvaders.vfx.framebuffer.VfxFrameBufferQueue#buffers	sge.vfx.framebuffer.VfxFrameBufferQueue#buffers	Renamed	-	core/src/com/crashinvaders/vfx/framebuffer/VfxFrameBufferQueue.java	28	3bded8dfe6f71bf2	vis=private
member	core.src.com.crashinvaders.vfx.framebuffer.VfxFrameBufferQueue#changeToNext()	sge.vfx.framebuffer.VfxFrameBufferQueue#changeToNext()	Renamed	-	core/src/com/crashinvaders/vfx/framebuffer/VfxFrameBufferQueue.java	79	ef4c7e60121816ce	
member	core.src.com.crashinvaders.vfx.framebuffer.VfxFrameBufferQueue#close()	sge.vfx.framebuffer.VfxFrameBufferQueue#close()	Renamed	-	core/src/com/crashinvaders/vfx/framebuffer/VfxFrameBufferQueue.java	47	64cb5f61b88a74ba	
member	core.src.com.crashinvaders.vfx.framebuffer.VfxFrameBufferQueue#currentIdx	sge.vfx.framebuffer.VfxFrameBufferQueue#currentIdx	Renamed	-	core/src/com/crashinvaders/vfx/framebuffer/VfxFrameBufferQueue.java	29	7dfd2bc1a4a1ef22	vis=private
member	core.src.com.crashinvaders.vfx.framebuffer.VfxFrameBufferQueue#filterMag	sge.vfx.framebuffer.VfxFrameBufferQueue#filterMag	Renamed	-	core/src/com/crashinvaders/vfx/framebuffer/VfxFrameBufferQueue.java	34	22cb2837e26973c7	vis=private
member	core.src.com.crashinvaders.vfx.framebuffer.VfxFrameBufferQueue#filterMin	sge.vfx.framebuffer.VfxFrameBufferQueue#filterMin	Renamed	-	core/src/com/crashinvaders/vfx/framebuffer/VfxFrameBufferQueue.java	33	028df4c40fa62833	vis=private
member	core.src.com.crashinvaders.vfx.framebuffer.VfxFrameBufferQueue#getCurrent()	sge.vfx.framebuffer.VfxFrameBufferQueue#getCurrent()	Renamed	-	core/src/com/crashinvaders/vfx/framebuffer/VfxFrameBufferQueue.java	75	57960a145d118a40	
member	core.src.com.crashinvaders.vfx.framebuffer.VfxFrameBufferQueue#rebind()	sge.vfx.framebuffer.VfxFrameBufferQueue#rebind()	Renamed	-	core/src/com/crashinvaders/vfx/framebuffer/VfxFrameBufferQueue.java	63	6b285a6d65b79a85	
member	core.src.com.crashinvaders.vfx.framebuffer.VfxFrameBufferQueue#resize(int,int)	sge.vfx.framebuffer.VfxFrameBufferQueue#resize(int,int)	Renamed	-	core/src/com/crashinvaders/vfx/framebuffer/VfxFrameBufferQueue.java	54	9a7733279d8704fd	
member	core.src.com.crashinvaders.vfx.framebuffer.VfxFrameBufferQueue#setTextureParams(TextureWrap,TextureWrap,TextureFilter,TextureFilter)	sge.vfx.framebuffer.VfxFrameBufferQueue#setTextureParams(TextureWrap,TextureWrap,TextureFilter,TextureFilter)	Renamed	-	core/src/com/crashinvaders/vfx/framebuffer/VfxFrameBufferQueue.java	84	4cfee698e840ac9c	
member	core.src.com.crashinvaders.vfx.framebuffer.VfxFrameBufferQueue#wrapU	sge.vfx.framebuffer.VfxFrameBufferQueue#wrapU	Renamed	-	core/src/com/crashinvaders/vfx/framebuffer/VfxFrameBufferQueue.java	31	90761450cbf3641f	vis=private
member	core.src.com.crashinvaders.vfx.framebuffer.VfxFrameBufferQueue#wrapV	sge.vfx.framebuffer.VfxFrameBufferQueue#wrapV	Renamed	-	core/src/com/crashinvaders/vfx/framebuffer/VfxFrameBufferQueue.java	32	05dad59c8d5bbb33	vis=private
member	core.src.com.crashinvaders.vfx.framebuffer.VfxFrameBufferRenderer#<stmt1>	sge.vfx.framebuffer.VfxFrameBufferRenderer#<stmt1>	Renamed	-	core/src/com/crashinvaders/vfx/framebuffer/VfxFrameBufferRenderer.java	37	4818e0541d5ce67c	
member	core.src.com.crashinvaders.vfx.framebuffer.VfxFrameBufferRenderer#<stmt2>	sge.vfx.framebuffer.VfxFrameBufferRenderer#<stmt2>	Renamed	-	core/src/com/crashinvaders/vfx/framebuffer/VfxFrameBufferRenderer.java	39	402ed9d03ca935c5	
member	core.src.com.crashinvaders.vfx.framebuffer.VfxFrameBufferRenderer#<stmt3>	sge.vfx.framebuffer.VfxFrameBufferRenderer#<stmt3>	Renamed	-	core/src/com/crashinvaders/vfx/framebuffer/VfxFrameBufferRenderer.java	66	5e3db9e8fb1acb4f	
member	core.src.com.crashinvaders.vfx.framebuffer.VfxFrameBufferRenderer#close()	sge.vfx.framebuffer.VfxFrameBufferRenderer#close()	Renamed	-	core/src/com/crashinvaders/vfx/framebuffer/VfxFrameBufferRenderer.java	70	5d1b6987a9a09ab0	
member	core.src.com.crashinvaders.vfx.framebuffer.VfxFrameBufferRenderer#getMesh()	sge.vfx.framebuffer.VfxFrameBufferRenderer#getMesh()	Renamed	-	core/src/com/crashinvaders/vfx/framebuffer/VfxFrameBufferRenderer.java	120	db53d74987145e86	
member	core.src.com.crashinvaders.vfx.framebuffer.VfxFrameBufferRenderer#mesh	sge.vfx.framebuffer.VfxFrameBufferRenderer#mesh	Renamed	-	core/src/com/crashinvaders/vfx/framebuffer/VfxFrameBufferRenderer.java	33	82e4ca329cb38aec	vis=private
member	core.src.com.crashinvaders.vfx.framebuffer.VfxFrameBufferRenderer#rebind()	sge.vfx.framebuffer.VfxFrameBufferRenderer#rebind()	Renamed	-	core/src/com/crashinvaders/vfx/framebuffer/VfxFrameBufferRenderer.java	75	5ed421c79c9ecc43	
member	core.src.com.crashinvaders.vfx.framebuffer.VfxFrameBufferRenderer#renderToFbo(Texture,VfxFrameBuffer)	sge.vfx.framebuffer.VfxFrameBufferRenderer#renderToFbo(Texture,VfxFrameBuffer)	Renamed	-	core/src/com/crashinvaders/vfx/framebuffer/VfxFrameBufferRenderer.java	108	1b37e5ca97da7c2c	
member	core.src.com.crashinvaders.vfx.framebuffer.VfxFrameBufferRenderer#renderToFbo(VfxFrameBuffer,VfxFrameBuffer)	sge.vfx.framebuffer.VfxFrameBufferRenderer#renderToFbo(VfxFrameBuffer,VfxFrameBuffer)	Renamed	-	core/src/com/crashinvaders/vfx/framebuffer/VfxFrameBufferRenderer.java	104	d540fce246daf74c	
member	core.src.com.crashinvaders.vfx.framebuffer.VfxFrameBufferRenderer#renderToScreen(Texture)	sge.vfx.framebuffer.VfxFrameBufferRenderer#renderToScreen(Texture)	Renamed	-	core/src/com/crashinvaders/vfx/framebuffer/VfxFrameBufferRenderer.java	85	34b5aad7bc5a43b6	
member	core.src.com.crashinvaders.vfx.framebuffer.VfxFrameBufferRenderer#renderToScreen(Texture,int,int,int,int)	sge.vfx.framebuffer.VfxFrameBufferRenderer#renderToScreen(Texture,int,int,int,int)	Renamed	-	core/src/com/crashinvaders/vfx/framebuffer/VfxFrameBufferRenderer.java	93	5f65c9ad8b39d6a5	
member	core.src.com.crashinvaders.vfx.framebuffer.VfxFrameBufferRenderer#renderToScreen(VfxFrameBuffer)	sge.vfx.framebuffer.VfxFrameBufferRenderer#renderToScreen(VfxFrameBuffer)	Renamed	-	core/src/com/crashinvaders/vfx/framebuffer/VfxFrameBufferRenderer.java	81	849beee637a966e9	
member	core.src.com.crashinvaders.vfx.framebuffer.VfxFrameBufferRenderer#renderToScreen(VfxFrameBuffer,int,int,int,int)	sge.vfx.framebuffer.VfxFrameBufferRenderer#renderToScreen(VfxFrameBuffer,int,int,int,int)	Renamed	-	core/src/com/crashinvaders/vfx/framebuffer/VfxFrameBufferRenderer.java	89	531fcfce967dae2e	
member	core.src.com.crashinvaders.vfx.framebuffer.VfxFrameBufferRenderer#shader	sge.vfx.framebuffer.VfxFrameBufferRenderer#shader	Renamed	-	core/src/com/crashinvaders/vfx/framebuffer/VfxFrameBufferRenderer.java	34	a3c2c48230f9e7a8	vis=private
member	core.src.com.crashinvaders.vfx.framebuffer.VfxPingPongWrapper#<init>()	sge.vfx.framebuffer.VfxPingPongWrapper#<init>()	Renamed	-	core/src/com/crashinvaders/vfx/framebuffer/VfxPingPongWrapper.java	61	592a22b5af3a433e	
member	core.src.com.crashinvaders.vfx.framebuffer.VfxPingPongWrapper#<init>(VfxFrameBuffer,VfxFrameBuffer)	sge.vfx.framebuffer.VfxPingPongWrapper#<init>(VfxFrameBuffer,VfxFrameBuffer)	Renamed	-	core/src/com/crashinvaders/vfx/framebuffer/VfxPingPongWrapper.java	68	000b7f3918dc533e	
member	core.src.com.crashinvaders.vfx.framebuffer.VfxPingPongWrapper#<init>(VfxFrameBufferPool)	sge.vfx.framebuffer.VfxPingPongWrapper#<init>(VfxFrameBufferPool)	Renamed	-	core/src/com/crashinvaders/vfx/framebuffer/VfxPingPongWrapper.java	64	1092f887f75a9b34	
member	core.src.com.crashinvaders.vfx.framebuffer.VfxPingPongWrapper#begin()	sge.vfx.framebuffer.VfxPingPongWrapper#begin()	Renamed	-	core/src/com/crashinvaders/vfx/framebuffer/VfxPingPongWrapper.java	117	48bf5449d426c82f	
member	core.src.com.crashinvaders.vfx.framebuffer.VfxPingPongWrapper#bufDst	sge.vfx.framebuffer.VfxPingPongWrapper#bufDst	Renamed	-	core/src/com/crashinvaders/vfx/framebuffer/VfxPingPongWrapper.java	53	4502ebe56e9642e2	
member	core.src.com.crashinvaders.vfx.framebuffer.VfxPingPongWrapper#bufSrc	sge.vfx.framebuffer.VfxPingPongWrapper#bufSrc	Renamed	-	core/src/com/crashinvaders/vfx/framebuffer/VfxPingPongWrapper.java	54	737d253f6a759d95	
member	core.src.com.crashinvaders.vfx.framebuffer.VfxPingPongWrapper#bufferPool	sge.vfx.framebuffer.VfxPingPongWrapper#bufferPool	Renamed	-	core/src/com/crashinvaders/vfx/framebuffer/VfxPingPongWrapper.java	59	35795fc00aa64a09	
member	core.src.com.crashinvaders.vfx.framebuffer.VfxPingPongWrapper#capturing	sge.vfx.framebuffer.VfxPingPongWrapper#capturing	Renamed	-	core/src/com/crashinvaders/vfx/framebuffer/VfxPingPongWrapper.java	57	57bbc2edb8875ae3	
member	core.src.com.crashinvaders.vfx.framebuffer.VfxPingPongWrapper#cleanUpBuffers(Color)	sge.vfx.framebuffer.VfxPingPongWrapper#cleanUpBuffers(Color)	Renamed	-	core/src/com/crashinvaders/vfx/framebuffer/VfxPingPongWrapper.java	181	4446d94067c589cf	
member	core.src.com.crashinvaders.vfx.framebuffer.VfxPingPongWrapper#cleanUpBuffers(float,float,float,float)	sge.vfx.framebuffer.VfxPingPongWrapper#cleanUpBuffers(float,float,float,float)	Renamed	-	core/src/com/crashinvaders/vfx/framebuffer/VfxPingPongWrapper.java	186	c8b1954a4166731d	
member	core.src.com.crashinvaders.vfx.framebuffer.VfxPingPongWrapper#end()	sge.vfx.framebuffer.VfxPingPongWrapper#end()	Renamed	-	core/src/com/crashinvaders/vfx/framebuffer/VfxPingPongWrapper.java	129	7a92232eea6b1398	
member	core.src.com.crashinvaders.vfx.framebuffer.VfxPingPongWrapper#getDstBuffer()	sge.vfx.framebuffer.VfxPingPongWrapper#getDstBuffer()	Renamed	-	core/src/com/crashinvaders/vfx/framebuffer/VfxPingPongWrapper.java	176	f0f24cf2e574a68e	
member	core.src.com.crashinvaders.vfx.framebuffer.VfxPingPongWrapper#getDstTexture()	sge.vfx.framebuffer.VfxPingPongWrapper#getDstTexture()	Renamed	-	core/src/com/crashinvaders/vfx/framebuffer/VfxPingPongWrapper.java	171	fd8ddc846715d2ea	
member	core.src.com.crashinvaders.vfx.framebuffer.VfxPingPongWrapper#getSrcBuffer()	sge.vfx.framebuffer.VfxPingPongWrapper#getSrcBuffer()	Renamed	-	core/src/com/crashinvaders/vfx/framebuffer/VfxPingPongWrapper.java	166	3f15d97dda079be0	
member	core.src.com.crashinvaders.vfx.framebuffer.VfxPingPongWrapper#getSrcTexture()	sge.vfx.framebuffer.VfxPingPongWrapper#getSrcTexture()	Renamed	-	core/src/com/crashinvaders/vfx/framebuffer/VfxPingPongWrapper.java	161	7edaad9444378f88	
member	core.src.com.crashinvaders.vfx.framebuffer.VfxPingPongWrapper#initialize(VfxFrameBuffer,VfxFrameBuffer)	sge.vfx.framebuffer.VfxPingPongWrapper#initialize(VfxFrameBuffer,VfxFrameBuffer)	Renamed	-	core/src/com/crashinvaders/vfx/framebuffer/VfxPingPongWrapper.java	79	9cc7a40009b64801	
member	core.src.com.crashinvaders.vfx.framebuffer.VfxPingPongWrapper#initialize(VfxFrameBufferPool)	sge.vfx.framebuffer.VfxPingPongWrapper#initialize(VfxFrameBufferPool)	Renamed	-	core/src/com/crashinvaders/vfx/framebuffer/VfxPingPongWrapper.java	72	556dc4dbb5fb0b3c	
member	core.src.com.crashinvaders.vfx.framebuffer.VfxPingPongWrapper#isCapturing()	sge.vfx.framebuffer.VfxPingPongWrapper#isCapturing()	Renamed	-	core/src/com/crashinvaders/vfx/framebuffer/VfxPingPongWrapper.java	156	b0c97fe8fdb3eb18	
member	core.src.com.crashinvaders.vfx.framebuffer.VfxPingPongWrapper#isInitialized()	sge.vfx.framebuffer.VfxPingPongWrapper#isInitialized()	Renamed	-	core/src/com/crashinvaders/vfx/framebuffer/VfxPingPongWrapper.java	108	7addd32eeeca1eeb	
member	core.src.com.crashinvaders.vfx.framebuffer.VfxPingPongWrapper#reset()	sge.vfx.framebuffer.VfxPingPongWrapper#reset()	Renamed	-	core/src/com/crashinvaders/vfx/framebuffer/VfxPingPongWrapper.java	92	e07a908bf1e5f520	
member	core.src.com.crashinvaders.vfx.framebuffer.VfxPingPongWrapper#swap()	sge.vfx.framebuffer.VfxPingPongWrapper#swap()	Renamed	-	core/src/com/crashinvaders/vfx/framebuffer/VfxPingPongWrapper.java	141	808bd770759396e9	
member	core.src.com.crashinvaders.vfx.gl.DefaultVfxGlExtension#getBoundFboHandle()	sge.vfx.gl.DefaultVfxGlExtension#getBoundFboHandle()	Renamed	-	core/src/com/crashinvaders/vfx/gl/DefaultVfxGlExtension.java	31	b32eaff6bc4ed569	
member	core.src.com.crashinvaders.vfx.gl.DefaultVfxGlExtension#tmpIntBuf	sge.vfx.gl.DefaultVfxGlExtension#tmpIntBuf	Renamed	-	core/src/com/crashinvaders/vfx/gl/DefaultVfxGlExtension.java	28	642fffd92820afb5	placement=companion vis=private
member	core.src.com.crashinvaders.vfx.gl.VfxGLUtils#<clinit>	sge.vfx.gl.VfxGLUtils#<clinit>	Renamed	-	core/src/com/crashinvaders/vfx/gl/VfxGLUtils.java	50	4a650dfe17b0aee0	placement=companion
member	core.src.com.crashinvaders.vfx.gl.VfxGLUtils#TAG	sge.vfx.gl.VfxGLUtils#TAG	Renamed	-	core/src/com/crashinvaders/vfx/gl/VfxGLUtils.java	34	bd99982a5a79e6cb	placement=companion vis=private
member	core.src.com.crashinvaders.vfx.gl.VfxGLUtils#compileShader(FileHandle,FileHandle)	sge.vfx.gl.VfxGLUtils#compileShader(FileHandle,FileHandle)	Renamed	-	core/src/com/crashinvaders/vfx/gl/VfxGLUtils.java	78	e3c431f14b99f088	placement=companion
member	core.src.com.crashinvaders.vfx.gl.VfxGLUtils#compileShader(FileHandle,FileHandle,String)	sge.vfx.gl.VfxGLUtils#compileShader(FileHandle,FileHandle,String)	Renamed	-	core/src/com/crashinvaders/vfx/gl/VfxGLUtils.java	82	a5f8d4f5ee9eab03	placement=companion
member	core.src.com.crashinvaders.vfx.gl.VfxGLUtils#enableGLQueryStates	sge.vfx.gl.VfxGLUtils#enableGLQueryStates	Renamed	-	core/src/com/crashinvaders/vfx/gl/VfxGLUtils.java	117	10a9bfd73d9368d0	placement=companion
member	core.src.com.crashinvaders.vfx.gl.VfxGLUtils#getBoundFboHandle()	sge.vfx.gl.VfxGLUtils#getBoundFboHandle()	Renamed	-	core/src/com/crashinvaders/vfx/gl/VfxGLUtils.java	68	ed3b8f5801eb27ad	placement=companion
member	core.src.com.crashinvaders.vfx.gl.VfxGLUtils#getViewport()	sge.vfx.gl.VfxGLUtils#getViewport()	Renamed	-	core/src/com/crashinvaders/vfx/gl/VfxGLUtils.java	72	1545d0292c81e339	placement=companion
member	core.src.com.crashinvaders.vfx.gl.VfxGLUtils#glExtension	sge.vfx.gl.VfxGLUtils#glExtension	Renamed	-	core/src/com/crashinvaders/vfx/gl/VfxGLUtils.java	49	8735fc9bf21f479b	placement=companion
member	core.src.com.crashinvaders.vfx.gl.VfxGLUtils#isGLEnabled(int)	sge.vfx.gl.VfxGLUtils#isGLEnabled(int)	Renamed	-	core/src/com/crashinvaders/vfx/gl/VfxGLUtils.java	125	2c6d0e924a2e70cb	placement=companion
member	core.src.com.crashinvaders.vfx.gl.VfxGLUtils#prependFragmentCode	sge.vfx.gl.VfxGLUtils#prependFragmentCode	Renamed	-	core/src/com/crashinvaders/vfx/gl/VfxGLUtils.java	45	76caba0a0732b841	placement=companion
member	core.src.com.crashinvaders.vfx.gl.VfxGLUtils#prependVertexCode	sge.vfx.gl.VfxGLUtils#prependVertexCode	Renamed	-	core/src/com/crashinvaders/vfx/gl/VfxGLUtils.java	41	bec8c735993541bc	placement=companion
member	core.src.com.crashinvaders.vfx.gl.VfxGLUtils#tmpByteBuffer	sge.vfx.gl.VfxGLUtils#tmpByteBuffer	Renamed	-	core/src/com/crashinvaders/vfx/gl/VfxGLUtils.java	36	54843dcf39f69ddf	placement=companion vis=private
member	core.src.com.crashinvaders.vfx.gl.VfxGLUtils#tmpIntBuf	sge.vfx.gl.VfxGLUtils#tmpIntBuf	Renamed	-	core/src/com/crashinvaders/vfx/gl/VfxGLUtils.java	35	642fffd92820afb5	placement=companion vis=private
member	core.src.com.crashinvaders.vfx.gl.VfxGLUtils#tmpViewport	sge.vfx.gl.VfxGLUtils#tmpViewport	Renamed	-	core/src/com/crashinvaders/vfx/gl/VfxGLUtils.java	37	919a733ad489f6fe	placement=companion vis=private
member	core.src.com.crashinvaders.vfx.gl.VfxGlExtension#getBoundFboHandle()	sge.vfx.gl.VfxGlExtension#getBoundFboHandle()	Renamed	-	core/src/com/crashinvaders/vfx/gl/VfxGlExtension.java	22	9f05961bd4cf5575	
member	core.src.com.crashinvaders.vfx.gl.VfxGlViewport#height	sge.vfx.gl.VfxGlViewport#height	Renamed	-	core/src/com/crashinvaders/vfx/gl/VfxGlViewport.java	20	178494e199562eb3	
member	core.src.com.crashinvaders.vfx.gl.VfxGlViewport#set(VfxGlViewport)	sge.vfx.gl.VfxGlViewport#set(VfxGlViewport)	Renamed	-	core/src/com/crashinvaders/vfx/gl/VfxGlViewport.java	30	a75ccd042ece5779	
member	core.src.com.crashinvaders.vfx.gl.VfxGlViewport#set(int,int,int,int)	sge.vfx.gl.VfxGlViewport#set(int,int,int,int)	Renamed	-	core/src/com/crashinvaders/vfx/gl/VfxGlViewport.java	22	d333cc8e7b979142	
member	core.src.com.crashinvaders.vfx.gl.VfxGlViewport#toString()	sge.vfx.gl.VfxGlViewport#toString()	Renamed	-	core/src/com/crashinvaders/vfx/gl/VfxGlViewport.java	39	112e99d9b1078425	
member	core.src.com.crashinvaders.vfx.gl.VfxGlViewport#width	sge.vfx.gl.VfxGlViewport#width	Renamed	-	core/src/com/crashinvaders/vfx/gl/VfxGlViewport.java	20	3fba95f435f4d475	
member	core.src.com.crashinvaders.vfx.gl.VfxGlViewport#x	sge.vfx.gl.VfxGlViewport#x	Renamed	-	core/src/com/crashinvaders/vfx/gl/VfxGlViewport.java	20	f4fdec7508850541	
member	core.src.com.crashinvaders.vfx.gl.VfxGlViewport#y	sge.vfx.gl.VfxGlViewport#y	Renamed	-	core/src/com/crashinvaders/vfx/gl/VfxGlViewport.java	20	211669e893d611c7	
member	core.src.com.crashinvaders.vfx.scene2d.VfxWidgetGroup#<stmt1>	sge.vfx.scene2d.VfxWidgetGroup#<stmt1>	Renamed	-	core/src/com/crashinvaders/vfx/scene2d/VfxWidgetGroup.java	59	993a5580c3b7aca5	
member	core.src.com.crashinvaders.vfx.scene2d.VfxWidgetGroup#<stmt2>	sge.vfx.scene2d.VfxWidgetGroup#<stmt2>	Renamed	-	core/src/com/crashinvaders/vfx/scene2d/VfxWidgetGroup.java	60	66d779493df4f3d4	
member	core.src.com.crashinvaders.vfx.scene2d.VfxWidgetGroup#<stmt3>	sge.vfx.scene2d.VfxWidgetGroup#<stmt3>	Renamed	-	core/src/com/crashinvaders/vfx/scene2d/VfxWidgetGroup.java	61	23fa614c2d675692	
member	core.src.com.crashinvaders.vfx.scene2d.VfxWidgetGroup#act(float)	sge.vfx.scene2d.VfxWidgetGroup#act(float)	Renamed	-	core/src/com/crashinvaders/vfx/scene2d/VfxWidgetGroup.java	109	850267b0f12d07e1	
member	core.src.com.crashinvaders.vfx.scene2d.VfxWidgetGroup#draw(Batch,float)	sge.vfx.scene2d.VfxWidgetGroup#draw(Batch,float)	Renamed	-	core/src/com/crashinvaders/vfx/scene2d/VfxWidgetGroup.java	119	4a7d8cb6c1ad39f9	
member	core.src.com.crashinvaders.vfx.scene2d.VfxWidgetGroup#drawChildren(Batch,float)	sge.vfx.scene2d.VfxWidgetGroup#drawChildren(Batch,float)	Renamed	-	core/src/com/crashinvaders/vfx/scene2d/VfxWidgetGroup.java	162	fedeb1c1949b61f2	
member	core.src.com.crashinvaders.vfx.scene2d.VfxWidgetGroup#getVfxManager()	sge.vfx.scene2d.VfxWidgetGroup#getVfxManager()	Renamed	-	core/src/com/crashinvaders/vfx/scene2d/VfxWidgetGroup.java	64	a6e25ad4f83b5424	
member	core.src.com.crashinvaders.vfx.scene2d.VfxWidgetGroup#initialize()	sge.vfx.scene2d.VfxWidgetGroup#initialize()	Renamed	-	core/src/com/crashinvaders/vfx/scene2d/VfxWidgetGroup.java	200	c069c5dd5b58a110	vis=private
member	core.src.com.crashinvaders.vfx.scene2d.VfxWidgetGroup#initialized	sge.vfx.scene2d.VfxWidgetGroup#initialized	Renamed	-	core/src/com/crashinvaders/vfx/scene2d/VfxWidgetGroup.java	47	fe39aead08e5eb6e	vis=private
member	core.src.com.crashinvaders.vfx.scene2d.VfxWidgetGroup#isMatchWidgetSize()	sge.vfx.scene2d.VfxWidgetGroup#isMatchWidgetSize()	Renamed	-	core/src/com/crashinvaders/vfx/scene2d/VfxWidgetGroup.java	69	5a2ae3b545da83b2	
member	core.src.com.crashinvaders.vfx.scene2d.VfxWidgetGroup#isUpdateManager()	sge.vfx.scene2d.VfxWidgetGroup#isUpdateManager()	Renamed	-	core/src/com/crashinvaders/vfx/scene2d/VfxWidgetGroup.java	82	f1c46d784f8b8fde	
member	core.src.com.crashinvaders.vfx.scene2d.VfxWidgetGroup#matchWidgetSize	sge.vfx.scene2d.VfxWidgetGroup#matchWidgetSize	Renamed	-	core/src/com/crashinvaders/vfx/scene2d/VfxWidgetGroup.java	52	bcc5213982d0bec7	vis=private
member	core.src.com.crashinvaders.vfx.scene2d.VfxWidgetGroup#performPendingResize()	sge.vfx.scene2d.VfxWidgetGroup#performPendingResize()	Renamed	-	core/src/com/crashinvaders/vfx/scene2d/VfxWidgetGroup.java	222	631cbb256b80d131	vis=private
member	core.src.com.crashinvaders.vfx.scene2d.VfxWidgetGroup#rendererAdapter	sge.vfx.scene2d.VfxWidgetGroup#rendererAdapter	Renamed	-	core/src/com/crashinvaders/vfx/scene2d/VfxWidgetGroup.java	46	5906374307b9ce26	vis=private
member	core.src.com.crashinvaders.vfx.scene2d.VfxWidgetGroup#reset()	sge.vfx.scene2d.VfxWidgetGroup#reset()	Renamed	-	core/src/com/crashinvaders/vfx/scene2d/VfxWidgetGroup.java	211	8c7251b822672939	vis=private
member	core.src.com.crashinvaders.vfx.scene2d.VfxWidgetGroup#resizePending	sge.vfx.scene2d.VfxWidgetGroup#resizePending	Renamed	-	core/src/com/crashinvaders/vfx/scene2d/VfxWidgetGroup.java	48	ab24826bede20993	vis=private
member	core.src.com.crashinvaders.vfx.scene2d.VfxWidgetGroup#setCullingArea(Rectangle)	sge.vfx.scene2d.VfxWidgetGroup#setCullingArea(Rectangle)	Renamed	-	core/src/com/crashinvaders/vfx/scene2d/VfxWidgetGroup.java	189	c907ffbbefce90ed	
member	core.src.com.crashinvaders.vfx.scene2d.VfxWidgetGroup#setMatchWidgetSize(boolean)	sge.vfx.scene2d.VfxWidgetGroup#setMatchWidgetSize(boolean)	Renamed	-	core/src/com/crashinvaders/vfx/scene2d/VfxWidgetGroup.java	74	31b076db36fd1e9f	
member	core.src.com.crashinvaders.vfx.scene2d.VfxWidgetGroup#setStage(Stage)	sge.vfx.scene2d.VfxWidgetGroup#setStage(Stage)	Renamed	-	core/src/com/crashinvaders/vfx/scene2d/VfxWidgetGroup.java	92	71f5430ce3339495	
member	core.src.com.crashinvaders.vfx.scene2d.VfxWidgetGroup#setTransform(boolean)	sge.vfx.scene2d.VfxWidgetGroup#setTransform(boolean)	Renamed	-	core/src/com/crashinvaders/vfx/scene2d/VfxWidgetGroup.java	196	7b7221cd8d25d8ae	
member	core.src.com.crashinvaders.vfx.scene2d.VfxWidgetGroup#setUpdateManager(boolean)	sge.vfx.scene2d.VfxWidgetGroup#setUpdateManager(boolean)	Renamed	-	core/src/com/crashinvaders/vfx/scene2d/VfxWidgetGroup.java	87	8912f986dde29d20	
member	core.src.com.crashinvaders.vfx.scene2d.VfxWidgetGroup#sizeChanged()	sge.vfx.scene2d.VfxWidgetGroup#sizeChanged()	Renamed	-	core/src/com/crashinvaders/vfx/scene2d/VfxWidgetGroup.java	103	ebc5f1c3abd83921	
member	core.src.com.crashinvaders.vfx.scene2d.VfxWidgetGroup#updateManager	sge.vfx.scene2d.VfxWidgetGroup#updateManager	Renamed	-	core/src/com/crashinvaders/vfx/scene2d/VfxWidgetGroup.java	56	bf03ae30bfd21d8e	vis=private
member	core.src.com.crashinvaders.vfx.scene2d.VfxWidgetGroup#vfxManager	sge.vfx.scene2d.VfxWidgetGroup#vfxManager	Renamed	-	core/src/com/crashinvaders/vfx/scene2d/VfxWidgetGroup.java	45	3493a1dbbd2d0a64	vis=private
member	core.src.com.crashinvaders.vfx.scene2d.VfxWidgetGroup$CustomRendererAdapter#assignLocalMatrices(Matrix4,Matrix4)	sge.vfx.scene2d.VfxWidgetGroup$CustomRendererAdapter#assignLocalMatrices(Matrix4,Matrix4)	Renamed	-	core/src/com/crashinvaders/vfx/scene2d/VfxWidgetGroup.java	275	3f185c6c94f26e0f	
member	core.src.com.crashinvaders.vfx.scene2d.VfxWidgetGroup$CustomRendererAdapter#batch	sge.vfx.scene2d.VfxWidgetGroup$CustomRendererAdapter#batch	Renamed	-	core/src/com/crashinvaders/vfx/scene2d/VfxWidgetGroup.java	259	a0730db693f304da	vis=private[VfxWidgetGroup]
member	core.src.com.crashinvaders.vfx.scene2d.VfxWidgetGroup$CustomRendererAdapter#flush()	sge.vfx.scene2d.VfxWidgetGroup$CustomRendererAdapter#flush()	Renamed	-	core/src/com/crashinvaders/vfx/scene2d/VfxWidgetGroup.java	270	f699fd7bb0c9be70	
member	core.src.com.crashinvaders.vfx.scene2d.VfxWidgetGroup$CustomRendererAdapter#initialize(Batch)	sge.vfx.scene2d.VfxWidgetGroup$CustomRendererAdapter#initialize(Batch)	Renamed	-	core/src/com/crashinvaders/vfx/scene2d/VfxWidgetGroup.java	261	28111a4b7b647ed9	
member	core.src.com.crashinvaders.vfx.scene2d.VfxWidgetGroup$CustomRendererAdapter#ownProjection	sge.vfx.scene2d.VfxWidgetGroup$CustomRendererAdapter#ownProjection	Renamed	-	core/src/com/crashinvaders/vfx/scene2d/VfxWidgetGroup.java	257	9bc075a2a7db0d64	vis=private[VfxWidgetGroup]
member	core.src.com.crashinvaders.vfx.scene2d.VfxWidgetGroup$CustomRendererAdapter#preservedProjection	sge.vfx.scene2d.VfxWidgetGroup$CustomRendererAdapter#preservedProjection	Renamed	-	core/src/com/crashinvaders/vfx/scene2d/VfxWidgetGroup.java	256	7ddd377018e24eda	vis=private[VfxWidgetGroup]
member	core.src.com.crashinvaders.vfx.scene2d.VfxWidgetGroup$CustomRendererAdapter#reset()	sge.vfx.scene2d.VfxWidgetGroup$CustomRendererAdapter#reset()	Renamed	-	core/src/com/crashinvaders/vfx/scene2d/VfxWidgetGroup.java	265	8cb18709ccbbbf2c	vis=private[VfxWidgetGroup]
member	core.src.com.crashinvaders.vfx.scene2d.VfxWidgetGroup$CustomRendererAdapter#restoreOwnMatrices()	sge.vfx.scene2d.VfxWidgetGroup$CustomRendererAdapter#restoreOwnMatrices()	Renamed	-	core/src/com/crashinvaders/vfx/scene2d/VfxWidgetGroup.java	286	8cac41ad9cc2fe4a	
member	core.src.com.crashinvaders.vfx.scene2d.VfxWidgetGroup$CustomRendererAdapter#updateOwnProjection()	sge.vfx.scene2d.VfxWidgetGroup$CustomRendererAdapter#updateOwnProjection()	Renamed	-	core/src/com/crashinvaders/vfx/scene2d/VfxWidgetGroup.java	290	56470a349451b8b6	
member	core.src.com.crashinvaders.vfx.utils.CommonUtils#compare(T,T,boolean)	sge.vfx.utils.CommonUtils#compare(T,T,boolean)	Renamed	-	core/src/com/crashinvaders/vfx/utils/CommonUtils.java	45	5eeba7109cc95bf0	placement=companion
member	core.src.com.crashinvaders.vfx.utils.CommonUtils#compare(boolean,boolean)	sge.vfx.utils.CommonUtils#compare(boolean,boolean)	Renamed	-	core/src/com/crashinvaders/vfx/utils/CommonUtils.java	67	ad439dbfe94c2e27	placement=companion
member	core.src.com.crashinvaders.vfx.utils.CommonUtils#compare(float,float)	sge.vfx.utils.CommonUtils#compare(float,float)	Renamed	-	core/src/com/crashinvaders/vfx/utils/CommonUtils.java	62	ca7349229920d003	placement=companion
member	core.src.com.crashinvaders.vfx.utils.CommonUtils#compare(int,int)	sge.vfx.utils.CommonUtils#compare(int,int)	Renamed	-	core/src/com/crashinvaders/vfx/utils/CommonUtils.java	57	cfb648c4af946586	placement=companion
member	core.src.com.crashinvaders.vfx.utils.CommonUtils#getAlignFactorX(int)	sge.vfx.utils.CommonUtils#getAlignFactorX(int)	Renamed	-	core/src/com/crashinvaders/vfx/utils/CommonUtils.java	72	d72964ccb41b61fa	placement=companion
member	core.src.com.crashinvaders.vfx.utils.CommonUtils#getAlignFactorY(int)	sge.vfx.utils.CommonUtils#getAlignFactorY(int)	Renamed	-	core/src/com/crashinvaders/vfx/utils/CommonUtils.java	78	81a88863a1d149d3	placement=companion
member	core.src.com.crashinvaders.vfx.utils.CommonUtils#parseHexColor(String)	sge.vfx.utils.CommonUtils#parseHexColor(String)	Renamed	-	core/src/com/crashinvaders/vfx/utils/CommonUtils.java	89	46925ad4d24655ed	placement=companion
member	core.src.com.crashinvaders.vfx.utils.CommonUtils#parseHexColor3(String)	sge.vfx.utils.CommonUtils#parseHexColor3(String)	Renamed	-	core/src/com/crashinvaders/vfx/utils/CommonUtils.java	104	fadea063eb1c39ea	placement=companion
member	core.src.com.crashinvaders.vfx.utils.CommonUtils#parseHexColor4(String)	sge.vfx.utils.CommonUtils#parseHexColor4(String)	Renamed	-	core/src/com/crashinvaders/vfx/utils/CommonUtils.java	112	082241927aa16c38	placement=companion
member	core.src.com.crashinvaders.vfx.utils.CommonUtils#parseHexColor6(String)	sge.vfx.utils.CommonUtils#parseHexColor6(String)	Renamed	-	core/src/com/crashinvaders/vfx/utils/CommonUtils.java	121	015d5fbe7befb865	placement=companion
member	core.src.com.crashinvaders.vfx.utils.CommonUtils#parseHexColor8(String)	sge.vfx.utils.CommonUtils#parseHexColor8(String)	Renamed	-	core/src/com/crashinvaders/vfx/utils/CommonUtils.java	129	e03889a06cc62462	placement=companion
member	core.src.com.crashinvaders.vfx.utils.CommonUtils#random(Array)	sge.vfx.utils.CommonUtils#random(Array<T>)	Renamed	-	core/src/com/crashinvaders/vfx/utils/CommonUtils.java	27	a1fba9269a20dc0d	placement=companion
member	core.src.com.crashinvaders.vfx.utils.CommonUtils#stringEquals(String,String)	sge.vfx.utils.CommonUtils#stringEquals(String,String)	Renamed	-	core/src/com/crashinvaders/vfx/utils/CommonUtils.java	84	80f2d649f9e5484a	placement=companion
member	core.src.com.crashinvaders.vfx.utils.CommonUtils#tmpColor	sge.vfx.utils.CommonUtils#tmpColor	Renamed	-	core/src/com/crashinvaders/vfx/utils/CommonUtils.java	25	8ff10d58c2a011d4	placement=companion vis=private
member	core.src.com.crashinvaders.vfx.utils.PrioritizedArray#<init>()	sge.vfx.utils.PrioritizedArray#<init>()	Renamed	-	core/src/com/crashinvaders/vfx/utils/PrioritizedArray.java	33	16a678a3baf4fc78	
member	core.src.com.crashinvaders.vfx.utils.PrioritizedArray#<init>(int)	sge.vfx.utils.PrioritizedArray#<init>(int)	Renamed	-	core/src/com/crashinvaders/vfx/utils/PrioritizedArray.java	37	c138775132a4cbf4	
member	core.src.com.crashinvaders.vfx.utils.PrioritizedArray#add(T)	sge.vfx.utils.PrioritizedArray#add(T)	Renamed	-	core/src/com/crashinvaders/vfx/utils/PrioritizedArray.java	45	998b109688803da8	
member	core.src.com.crashinvaders.vfx.utils.PrioritizedArray#add(T,int)	sge.vfx.utils.PrioritizedArray#add(T,int)	Renamed	-	core/src/com/crashinvaders/vfx/utils/PrioritizedArray.java	49	994aae5db04fe9ba	
member	core.src.com.crashinvaders.vfx.utils.PrioritizedArray#clear()	sge.vfx.utils.PrioritizedArray#clear()	Renamed	-	core/src/com/crashinvaders/vfx/utils/PrioritizedArray.java	70	e4874ac1cbf74c1f	
member	core.src.com.crashinvaders.vfx.utils.PrioritizedArray#comparator	sge.vfx.utils.PrioritizedArray#comparator	Renamed	-	core/src/com/crashinvaders/vfx/utils/PrioritizedArray.java	29	fd342948445f989a	vis=private
member	core.src.com.crashinvaders.vfx.utils.PrioritizedArray#contains(T)	sge.vfx.utils.PrioritizedArray#contains(T)	Renamed	-	core/src/com/crashinvaders/vfx/utils/PrioritizedArray.java	66	2164008709cab6ed	
member	core.src.com.crashinvaders.vfx.utils.PrioritizedArray#get(int)	sge.vfx.utils.PrioritizedArray#get(int)	Renamed	-	core/src/com/crashinvaders/vfx/utils/PrioritizedArray.java	41	29badcca1f48da7c	
member	core.src.com.crashinvaders.vfx.utils.PrioritizedArray#items	sge.vfx.utils.PrioritizedArray#items	Renamed	-	core/src/com/crashinvaders/vfx/utils/PrioritizedArray.java	30	f113ed9befea7f8e	vis=private
member	core.src.com.crashinvaders.vfx.utils.PrioritizedArray#iterable	sge.vfx.utils.PrioritizedArray#iterable	Renamed	-	core/src/com/crashinvaders/vfx/utils/PrioritizedArray.java	31	0beee8a75f398a37	vis=private
member	core.src.com.crashinvaders.vfx.utils.PrioritizedArray#iterator()	sge.vfx.utils.PrioritizedArray#iterator()	Renamed	-	core/src/com/crashinvaders/vfx/utils/PrioritizedArray.java	89	a7a799174bd0e81f	
member	core.src.com.crashinvaders.vfx.utils.PrioritizedArray#remove(T)	sge.vfx.utils.PrioritizedArray#remove(T)	Renamed	-	core/src/com/crashinvaders/vfx/utils/PrioritizedArray.java	59	50a3f9c328577a15	
member	core.src.com.crashinvaders.vfx.utils.PrioritizedArray#remove(int)	sge.vfx.utils.PrioritizedArray#remove(int)	Renamed	-	core/src/com/crashinvaders/vfx/utils/PrioritizedArray.java	54	f618d505b6817852	
member	core.src.com.crashinvaders.vfx.utils.PrioritizedArray#setPriority(T,int)	sge.vfx.utils.PrioritizedArray#setPriority(T,int)	Renamed	-	core/src/com/crashinvaders/vfx/utils/PrioritizedArray.java	82	2778fda25bc77a9a	
member	core.src.com.crashinvaders.vfx.utils.PrioritizedArray#size()	sge.vfx.utils.PrioritizedArray#size()	Renamed	-	core/src/com/crashinvaders/vfx/utils/PrioritizedArray.java	78	46d0ce59ea5b415b	
member	core.src.com.crashinvaders.vfx.utils.PrioritizedArray#toString()	sge.vfx.utils.PrioritizedArray#toString()	Renamed	-	core/src/com/crashinvaders/vfx/utils/PrioritizedArray.java	95	126ce960feda93a4	
member	core.src.com.crashinvaders.vfx.utils.PrioritizedArray#toString(String)	sge.vfx.utils.PrioritizedArray#toString(String)	Renamed	-	core/src/com/crashinvaders/vfx/utils/PrioritizedArray.java	99	6d91e1001b1dee6a	
member	core.src.com.crashinvaders.vfx.utils.PrioritizedArray$PrioritizedArrayIterable#<init>(PrioritizedArray)	sge.vfx.utils.PrioritizedArray$PrioritizedArrayIterable#<init>(PrioritizedArray<T>)	Renamed	-	core/src/com/crashinvaders/vfx/utils/PrioritizedArray.java	190	05ca54c14f57bf28	
member	core.src.com.crashinvaders.vfx.utils.PrioritizedArray$PrioritizedArrayIterable#<stmt1>	sge.vfx.utils.PrioritizedArray$PrioritizedArrayIterable#<stmt1>	Renamed	-	core/src/com/crashinvaders/vfx/utils/PrioritizedArray.java	195	233a0320da18bb7a	
member	core.src.com.crashinvaders.vfx.utils.PrioritizedArray$PrioritizedArrayIterable#<stmt2>	sge.vfx.utils.PrioritizedArray$PrioritizedArrayIterable#<stmt2>	Renamed	-	core/src/com/crashinvaders/vfx/utils/PrioritizedArray.java	196	9389f94150478502	
member	core.src.com.crashinvaders.vfx.utils.PrioritizedArray$PrioritizedArrayIterable#allowRemove	sge.vfx.utils.PrioritizedArray$PrioritizedArrayIterable#allowRemove	Renamed	-	core/src/com/crashinvaders/vfx/utils/PrioritizedArray.java	187	a6879e168715d9fd	vis=private[PrioritizedArray]
member	core.src.com.crashinvaders.vfx.utils.PrioritizedArray$PrioritizedArrayIterable#array	sge.vfx.utils.PrioritizedArray$PrioritizedArrayIterable#array	Renamed	-	core/src/com/crashinvaders/vfx/utils/PrioritizedArray.java	186	67f36a15cb520d77	vis=private[PrioritizedArray]
member	core.src.com.crashinvaders.vfx.utils.PrioritizedArray$PrioritizedArrayIterable#iterator()	sge.vfx.utils.PrioritizedArray$PrioritizedArrayIterable#iterator()	Renamed	-	core/src/com/crashinvaders/vfx/utils/PrioritizedArray.java	199	cf3f58ed2be84ff6	
member	core.src.com.crashinvaders.vfx.utils.PrioritizedArray$PrioritizedArrayIterable#iterator1	sge.vfx.utils.PrioritizedArray$PrioritizedArrayIterable#iterator1	Renamed	-	core/src/com/crashinvaders/vfx/utils/PrioritizedArray.java	188	5dcacf7d7672582f	vis=private[PrioritizedArray]
member	core.src.com.crashinvaders.vfx.utils.PrioritizedArray$PrioritizedArrayIterable#iterator2	sge.vfx.utils.PrioritizedArray$PrioritizedArrayIterable#iterator2	Renamed	-	core/src/com/crashinvaders/vfx/utils/PrioritizedArray.java	188	f0801e0262f126df	vis=private[PrioritizedArray]
member	core.src.com.crashinvaders.vfx.utils.PrioritizedArray$PrioritizedArrayIterator#<init>(PrioritizedArray)	sge.vfx.utils.PrioritizedArray$PrioritizedArrayIterator#<init>(PrioritizedArray<T>)	Renamed	-	core/src/com/crashinvaders/vfx/utils/PrioritizedArray.java	146	05ca54c14f57bf28	
member	core.src.com.crashinvaders.vfx.utils.PrioritizedArray$PrioritizedArrayIterator#<stmt1>	sge.vfx.utils.PrioritizedArray$PrioritizedArrayIterator#<stmt1>	Renamed	-	core/src/com/crashinvaders/vfx/utils/PrioritizedArray.java	151	233a0320da18bb7a	
member	core.src.com.crashinvaders.vfx.utils.PrioritizedArray$PrioritizedArrayIterator#<stmt2>	sge.vfx.utils.PrioritizedArray$PrioritizedArrayIterator#<stmt2>	Renamed	-	core/src/com/crashinvaders/vfx/utils/PrioritizedArray.java	152	9389f94150478502	
member	core.src.com.crashinvaders.vfx.utils.PrioritizedArray$PrioritizedArrayIterator#allowRemove	sge.vfx.utils.PrioritizedArray$PrioritizedArrayIterator#allowRemove	Renamed	-	core/src/com/crashinvaders/vfx/utils/PrioritizedArray.java	142	a6879e168715d9fd	vis=private[PrioritizedArray]
member	core.src.com.crashinvaders.vfx.utils.PrioritizedArray$PrioritizedArrayIterator#array	sge.vfx.utils.PrioritizedArray$PrioritizedArrayIterator#array	Renamed	-	core/src/com/crashinvaders/vfx/utils/PrioritizedArray.java	141	67f36a15cb520d77	vis=private[PrioritizedArray]
member	core.src.com.crashinvaders.vfx.utils.PrioritizedArray$PrioritizedArrayIterator#hasNext()	sge.vfx.utils.PrioritizedArray$PrioritizedArrayIterator#hasNext()	Renamed	-	core/src/com/crashinvaders/vfx/utils/PrioritizedArray.java	155	2f40dc1190321d4f	
member	core.src.com.crashinvaders.vfx.utils.PrioritizedArray$PrioritizedArrayIterator#index	sge.vfx.utils.PrioritizedArray$PrioritizedArrayIterator#index	Renamed	-	core/src/com/crashinvaders/vfx/utils/PrioritizedArray.java	143	990657db6d9fba40	
member	core.src.com.crashinvaders.vfx.utils.PrioritizedArray$PrioritizedArrayIterator#iterator()	sge.vfx.utils.PrioritizedArray$PrioritizedArrayIterator#iterator()	Renamed	-	core/src/com/crashinvaders/vfx/utils/PrioritizedArray.java	180	d47ca20eeac80ef2	
member	core.src.com.crashinvaders.vfx.utils.PrioritizedArray$PrioritizedArrayIterator#next()	sge.vfx.utils.PrioritizedArray$PrioritizedArrayIterator#next()	Renamed	-	core/src/com/crashinvaders/vfx/utils/PrioritizedArray.java	162	e7dcd4dcef6d28ce	
member	core.src.com.crashinvaders.vfx.utils.PrioritizedArray$PrioritizedArrayIterator#remove()	sge.vfx.utils.PrioritizedArray$PrioritizedArrayIterator#remove()	Renamed	-	core/src/com/crashinvaders/vfx/utils/PrioritizedArray.java	170	e04662d420d72d65	
member	core.src.com.crashinvaders.vfx.utils.PrioritizedArray$PrioritizedArrayIterator#reset()	sge.vfx.utils.PrioritizedArray$PrioritizedArrayIterator#reset()	Renamed	-	core/src/com/crashinvaders/vfx/utils/PrioritizedArray.java	176	4bca3075772a8f6b	
member	core.src.com.crashinvaders.vfx.utils.PrioritizedArray$PrioritizedArrayIterator#valid	sge.vfx.utils.PrioritizedArray$PrioritizedArrayIterator#valid	Renamed	-	core/src/com/crashinvaders/vfx/utils/PrioritizedArray.java	144	01d045a83c9f074c	
member	core.src.com.crashinvaders.vfx.utils.PrioritizedArray$Wrapper#initialize(T,int)	sge.vfx.utils.PrioritizedArray$Wrapper#initialize(T,int)	Renamed	-	core/src/com/crashinvaders/vfx/utils/PrioritizedArray.java	114	f26a1821a31c2f1b	
member	core.src.com.crashinvaders.vfx.utils.PrioritizedArray$Wrapper#item	sge.vfx.utils.PrioritizedArray$Wrapper#item	Renamed	-	core/src/com/crashinvaders/vfx/utils/PrioritizedArray.java	111	ea9a271c4e41043a	
member	core.src.com.crashinvaders.vfx.utils.PrioritizedArray$Wrapper#pool	sge.vfx.utils.PrioritizedArray$Wrapper#pool	Renamed	-	core/src/com/crashinvaders/vfx/utils/PrioritizedArray.java	104	781352cabe2e9757	placement=companion vis=private[PrioritizedArray]
member	core.src.com.crashinvaders.vfx.utils.PrioritizedArray$Wrapper#priority	sge.vfx.utils.PrioritizedArray$Wrapper#priority	Renamed	-	core/src/com/crashinvaders/vfx/utils/PrioritizedArray.java	112	4a723e78abc6cd3b	
member	core.src.com.crashinvaders.vfx.utils.PrioritizedArray$Wrapper#reset()	sge.vfx.utils.PrioritizedArray$Wrapper#reset()	Renamed	-	core/src/com/crashinvaders/vfx/utils/PrioritizedArray.java	121	c577819b17866857	
member	core.src.com.crashinvaders.vfx.utils.PrioritizedArray$Wrapper#toString()	sge.vfx.utils.PrioritizedArray$Wrapper#toString()	Renamed	-	core/src/com/crashinvaders/vfx/utils/PrioritizedArray.java	127	0c1dba5fc002c0ab	
member	core.src.com.crashinvaders.vfx.utils.PrioritizedArray$WrapperComparator#compare(Wrapper,Wrapper)	sge.vfx.utils.PrioritizedArray$WrapperComparator#compare(Wrapper<T>,Wrapper<T>)	Renamed	-	core/src/com/crashinvaders/vfx/utils/PrioritizedArray.java	134	6c68754fdf6be593	
member	core.src.com.crashinvaders.vfx.utils.UniformBatcher#activateShader	sge.vfx.utils.UniformBatcher#activateShader	Renamed	-	core/src/com/crashinvaders/vfx/utils/UniformBatcher.java	29	f79977de58133a9f	vis=private
member	core.src.com.crashinvaders.vfx.utils.UniformBatcher#begin(ShaderProgram,boolean)	sge.vfx.utils.UniformBatcher#begin(ShaderProgram,boolean)	Renamed	-	core/src/com/crashinvaders/vfx/utils/UniformBatcher.java	37	7e6ce2e370a5a093	
member	core.src.com.crashinvaders.vfx.utils.UniformBatcher#end()	sge.vfx.utils.UniformBatcher#end()	Renamed	-	core/src/com/crashinvaders/vfx/utils/UniformBatcher.java	49	ed1cc1b3f6a1e094	
member	core.src.com.crashinvaders.vfx.utils.UniformBatcher#program	sge.vfx.utils.UniformBatcher#program	Renamed	-	core/src/com/crashinvaders/vfx/utils/UniformBatcher.java	28	efce716a8e392763	vis=private
member	core.src.com.crashinvaders.vfx.utils.UniformBatcher#reset()	sge.vfx.utils.UniformBatcher#reset()	Renamed	-	core/src/com/crashinvaders/vfx/utils/UniformBatcher.java	32	500eba3462c28261	
member	core.src.com.crashinvaders.vfx.utils.UniformBatcher#set(String,Matrix3)	sge.vfx.utils.UniformBatcher#set(String,Matrix3)	Renamed	-	core/src/com/crashinvaders/vfx/utils/UniformBatcher.java	80	ab5106b2d9e2a690	
member	core.src.com.crashinvaders.vfx.utils.UniformBatcher#set(String,Matrix4)	sge.vfx.utils.UniformBatcher#set(String,Matrix4)	Renamed	-	core/src/com/crashinvaders/vfx/utils/UniformBatcher.java	86	de3c97b3e6f259c3	
member	core.src.com.crashinvaders.vfx.utils.UniformBatcher#set(String,Vector2)	sge.vfx.utils.UniformBatcher#set(String,Vector2)	Renamed	-	core/src/com/crashinvaders/vfx/utils/UniformBatcher.java	68	fef182c6fcbed187	
member	core.src.com.crashinvaders.vfx.utils.UniformBatcher#set(String,Vector3)	sge.vfx.utils.UniformBatcher#set(String,Vector3)	Renamed	-	core/src/com/crashinvaders/vfx/utils/UniformBatcher.java	74	bd820a79e450a91e	
member	core.src.com.crashinvaders.vfx.utils.UniformBatcher#set(String,float)	sge.vfx.utils.UniformBatcher#set(String,float)	Renamed	-	core/src/com/crashinvaders/vfx/utils/UniformBatcher.java	56	6ebf8e1d2cdb46b0	
member	core.src.com.crashinvaders.vfx.utils.UniformBatcher#set(String,int)	sge.vfx.utils.UniformBatcher#set(String,int)	Renamed	-	core/src/com/crashinvaders/vfx/utils/UniformBatcher.java	62	d73c03fe86fa7af7	
member	core.src.com.crashinvaders.vfx.utils.UniformBatcher#set(String,int,Array,int,int)	sge.vfx.utils.UniformBatcher#set(String,int,Array<float>,int,int)	Renamed	-	core/src/com/crashinvaders/vfx/utils/UniformBatcher.java	93	f64f6b7450d8fe6a	
member	core.src.com.crashinvaders.vfx.utils.ValueArrayMap#<init>()	sge.vfx.utils.ValueArrayMap#<init>()	Renamed	-	core/src/com/crashinvaders/vfx/utils/ValueArrayMap.java	34	f4d0f4ad605e6b7c	
member	core.src.com.crashinvaders.vfx.utils.ValueArrayMap#<stmt1>	sge.vfx.utils.ValueArrayMap#<stmt1>	Renamed	-	core/src/com/crashinvaders/vfx/utils/ValueArrayMap.java	39	03eeecf0fa6920ac	
member	core.src.com.crashinvaders.vfx.utils.ValueArrayMap#<stmt2>	sge.vfx.utils.ValueArrayMap#<stmt2>	Renamed	-	core/src/com/crashinvaders/vfx/utils/ValueArrayMap.java	40	e780464180b6e3cf	
member	core.src.com.crashinvaders.vfx.utils.ValueArrayMap#<stmt3>	sge.vfx.utils.ValueArrayMap#<stmt3>	Renamed	-	core/src/com/crashinvaders/vfx/utils/ValueArrayMap.java	42	1f330264d6899a1e	
member	core.src.com.crashinvaders.vfx.utils.ValueArrayMap#clear()	sge.vfx.utils.ValueArrayMap#clear()	Renamed	-	core/src/com/crashinvaders/vfx/utils/ValueArrayMap.java	80	98546ad58fde2ac3	
member	core.src.com.crashinvaders.vfx.utils.ValueArrayMap#contains(K)	sge.vfx.utils.ValueArrayMap#contains(K)	Renamed	-	core/src/com/crashinvaders/vfx/utils/ValueArrayMap.java	85	c4570383b10de920	
member	core.src.com.crashinvaders.vfx.utils.ValueArrayMap#findKey(V)	sge.vfx.utils.ValueArrayMap#findKey(V)	Renamed	-	core/src/com/crashinvaders/vfx/utils/ValueArrayMap.java	71	ff4ba7523aa748bc	
member	core.src.com.crashinvaders.vfx.utils.ValueArrayMap#get(K)	sge.vfx.utils.ValueArrayMap#get(K)	Renamed	-	core/src/com/crashinvaders/vfx/utils/ValueArrayMap.java	50	967fe1c8e0c4ba70	
member	core.src.com.crashinvaders.vfx.utils.ValueArrayMap#getKeys()	sge.vfx.utils.ValueArrayMap#getKeys()	Renamed	-	core/src/com/crashinvaders/vfx/utils/ValueArrayMap.java	102	3a0528725863390d	
member	core.src.com.crashinvaders.vfx.utils.ValueArrayMap#getValueAt(int)	sge.vfx.utils.ValueArrayMap#getValueAt(int)	Renamed	-	core/src/com/crashinvaders/vfx/utils/ValueArrayMap.java	54	05a5e1254ea3b182	
member	core.src.com.crashinvaders.vfx.utils.ValueArrayMap#getValues()	sge.vfx.utils.ValueArrayMap#getValues()	Renamed	-	core/src/com/crashinvaders/vfx/utils/ValueArrayMap.java	97	e3a98695667a3dbd	
member	core.src.com.crashinvaders.vfx.utils.ValueArrayMap#map	sge.vfx.utils.ValueArrayMap#map	Renamed	-	core/src/com/crashinvaders/vfx/utils/ValueArrayMap.java	29	ff14112bb6f99264	vis=private
member	core.src.com.crashinvaders.vfx.utils.ValueArrayMap#put(K,V)	sge.vfx.utils.ValueArrayMap#put(K,V)	Renamed	-	core/src/com/crashinvaders/vfx/utils/ValueArrayMap.java	45	c4bb1862d91a5759	
member	core.src.com.crashinvaders.vfx.utils.ValueArrayMap#remove(K)	sge.vfx.utils.ValueArrayMap#remove(K)	Renamed	-	core/src/com/crashinvaders/vfx/utils/ValueArrayMap.java	58	3e34061a10880c9c	
member	core.src.com.crashinvaders.vfx.utils.ValueArrayMap#removeByValue(V)	sge.vfx.utils.ValueArrayMap#removeByValue(V)	Renamed	-	core/src/com/crashinvaders/vfx/utils/ValueArrayMap.java	66	e94bd99a7f1b530e	
member	core.src.com.crashinvaders.vfx.utils.ValueArrayMap#size()	sge.vfx.utils.ValueArrayMap#size()	Renamed	-	core/src/com/crashinvaders/vfx/utils/ValueArrayMap.java	89	b7151e8cb0cf7aab	
member	core.src.com.crashinvaders.vfx.utils.ValueArrayMap#sort(Ordering)	sge.vfx.utils.ValueArrayMap#sort(Ordering<V>)	Renamed	-	core/src/com/crashinvaders/vfx/utils/ValueArrayMap.java	93	a903bdcac3aa9450	
member	core.src.com.crashinvaders.vfx.utils.ValueArrayMap#tmpKeyArray	sge.vfx.utils.ValueArrayMap#tmpKeyArray	Renamed	-	core/src/com/crashinvaders/vfx/utils/ValueArrayMap.java	32	6aa5cb4931b9cd25	vis=private
member	core.src.com.crashinvaders.vfx.utils.ValueArrayMap#toString()	sge.vfx.utils.ValueArrayMap#toString()	Renamed	-	core/src/com/crashinvaders/vfx/utils/ValueArrayMap.java	113	ec5d9c14593c4aba	
member	core.src.com.crashinvaders.vfx.utils.ValueArrayMap#toString(String)	sge.vfx.utils.ValueArrayMap#toString(String)	Renamed	-	core/src/com/crashinvaders/vfx/utils/ValueArrayMap.java	117	c709ad88bfa2fe21	
member	core.src.com.crashinvaders.vfx.utils.ValueArrayMap#values	sge.vfx.utils.ValueArrayMap#values	Renamed	-	core/src/com/crashinvaders/vfx/utils/ValueArrayMap.java	30	709b06eb75dc09b1	vis=private
member	core.src.com.crashinvaders.vfx.utils.ViewportQuadMesh#<clinit>	sge.vfx.utils.ViewportQuadMesh#<clinit>	Renamed	-	core/src/com/crashinvaders/vfx/utils/ViewportQuadMesh.java	80	56eb77b7a494a77c	placement=companion
member	core.src.com.crashinvaders.vfx.utils.ViewportQuadMesh#<init>()	sge.vfx.utils.ViewportQuadMesh#<init>()	Renamed	-	core/src/com/crashinvaders/vfx/utils/ViewportQuadMesh.java	37	9b5a19e174ffa8d7	
member	core.src.com.crashinvaders.vfx.utils.ViewportQuadMesh#<stmt1>	sge.vfx.utils.ViewportQuadMesh#<stmt1>	Renamed	-	core/src/com/crashinvaders/vfx/utils/ViewportQuadMesh.java	43	319f610c2df2017b	
member	core.src.com.crashinvaders.vfx.utils.ViewportQuadMesh#<stmt2>	sge.vfx.utils.ViewportQuadMesh#<stmt2>	Renamed	-	core/src/com/crashinvaders/vfx/utils/ViewportQuadMesh.java	44	9e205b73ec604784	
member	core.src.com.crashinvaders.vfx.utils.ViewportQuadMesh#U1	sge.vfx.utils.ViewportQuadMesh#U1	Renamed	-	core/src/com/crashinvaders/vfx/utils/ViewportQuadMesh.java	65	e0bd140e616a0d37	placement=companion vis=private
member	core.src.com.crashinvaders.vfx.utils.ViewportQuadMesh#U2	sge.vfx.utils.ViewportQuadMesh#U2	Renamed	-	core/src/com/crashinvaders/vfx/utils/ViewportQuadMesh.java	69	80d5cd6c02c08083	placement=companion vis=private
member	core.src.com.crashinvaders.vfx.utils.ViewportQuadMesh#U3	sge.vfx.utils.ViewportQuadMesh#U3	Renamed	-	core/src/com/crashinvaders/vfx/utils/ViewportQuadMesh.java	73	4afc02f8901c4747	placement=companion vis=private
member	core.src.com.crashinvaders.vfx.utils.ViewportQuadMesh#U4	sge.vfx.utils.ViewportQuadMesh#U4	Renamed	-	core/src/com/crashinvaders/vfx/utils/ViewportQuadMesh.java	77	87c94c159e2ea2f8	placement=companion vis=private
member	core.src.com.crashinvaders.vfx.utils.ViewportQuadMesh#V1	sge.vfx.utils.ViewportQuadMesh#V1	Renamed	-	core/src/com/crashinvaders/vfx/utils/ViewportQuadMesh.java	66	a29bce0d2fe0cf40	placement=companion vis=private
member	core.src.com.crashinvaders.vfx.utils.ViewportQuadMesh#V2	sge.vfx.utils.ViewportQuadMesh#V2	Renamed	-	core/src/com/crashinvaders/vfx/utils/ViewportQuadMesh.java	70	25cc321a1070b9a0	placement=companion vis=private
member	core.src.com.crashinvaders.vfx.utils.ViewportQuadMesh#V3	sge.vfx.utils.ViewportQuadMesh#V3	Renamed	-	core/src/com/crashinvaders/vfx/utils/ViewportQuadMesh.java	74	d15d4c7434d89898	placement=companion vis=private
member	core.src.com.crashinvaders.vfx.utils.ViewportQuadMesh#V4	sge.vfx.utils.ViewportQuadMesh#V4	Renamed	-	core/src/com/crashinvaders/vfx/utils/ViewportQuadMesh.java	78	ead498b68de76c28	placement=companion vis=private
member	core.src.com.crashinvaders.vfx.utils.ViewportQuadMesh#VERT_SIZE	sge.vfx.utils.ViewportQuadMesh#VERT_SIZE	Renamed	-	core/src/com/crashinvaders/vfx/utils/ViewportQuadMesh.java	62	b2c6943030076621	placement=companion vis=private
member	core.src.com.crashinvaders.vfx.utils.ViewportQuadMesh#X1	sge.vfx.utils.ViewportQuadMesh#X1	Renamed	-	core/src/com/crashinvaders/vfx/utils/ViewportQuadMesh.java	63	bdc7e63ceed8b3f0	placement=companion vis=private
member	core.src.com.crashinvaders.vfx.utils.ViewportQuadMesh#X2	sge.vfx.utils.ViewportQuadMesh#X2	Renamed	-	core/src/com/crashinvaders/vfx/utils/ViewportQuadMesh.java	67	327d42dadb66380a	placement=companion vis=private
member	core.src.com.crashinvaders.vfx.utils.ViewportQuadMesh#X3	sge.vfx.utils.ViewportQuadMesh#X3	Renamed	-	core/src/com/crashinvaders/vfx/utils/ViewportQuadMesh.java	71	cd140074913ead63	placement=companion vis=private
member	core.src.com.crashinvaders.vfx.utils.ViewportQuadMesh#X4	sge.vfx.utils.ViewportQuadMesh#X4	Renamed	-	core/src/com/crashinvaders/vfx/utils/ViewportQuadMesh.java	75	d0224b8d09e4984a	placement=companion vis=private
member	core.src.com.crashinvaders.vfx.utils.ViewportQuadMesh#Y1	sge.vfx.utils.ViewportQuadMesh#Y1	Renamed	-	core/src/com/crashinvaders/vfx/utils/ViewportQuadMesh.java	64	287cabbdb6d65099	placement=companion vis=private
member	core.src.com.crashinvaders.vfx.utils.ViewportQuadMesh#Y2	sge.vfx.utils.ViewportQuadMesh#Y2	Renamed	-	core/src/com/crashinvaders/vfx/utils/ViewportQuadMesh.java	68	4dc30ab6026a62a3	placement=companion vis=private
member	core.src.com.crashinvaders.vfx.utils.ViewportQuadMesh#Y3	sge.vfx.utils.ViewportQuadMesh#Y3	Renamed	-	core/src/com/crashinvaders/vfx/utils/ViewportQuadMesh.java	72	524693c87be2a60b	placement=companion vis=private
member	core.src.com.crashinvaders.vfx.utils.ViewportQuadMesh#Y4	sge.vfx.utils.ViewportQuadMesh#Y4	Renamed	-	core/src/com/crashinvaders/vfx/utils/ViewportQuadMesh.java	76	66238c048ec88c55	placement=companion vis=private
member	core.src.com.crashinvaders.vfx.utils.ViewportQuadMesh#dispose()	sge.vfx.utils.ViewportQuadMesh#dispose()	Renamed	-	core/src/com/crashinvaders/vfx/utils/ViewportQuadMesh.java	47	85eff76565c17476	
member	core.src.com.crashinvaders.vfx.utils.ViewportQuadMesh#getMesh()	sge.vfx.utils.ViewportQuadMesh#getMesh()	Renamed	-	core/src/com/crashinvaders/vfx/utils/ViewportQuadMesh.java	58	80a6041306d30c7b	
member	core.src.com.crashinvaders.vfx.utils.ViewportQuadMesh#mesh	sge.vfx.utils.ViewportQuadMesh#mesh	Renamed	-	core/src/com/crashinvaders/vfx/utils/ViewportQuadMesh.java	35	6581d96e89c95692	vis=private
member	core.src.com.crashinvaders.vfx.utils.ViewportQuadMesh#render(ShaderProgram)	sge.vfx.utils.ViewportQuadMesh#render(ShaderProgram)	Renamed	-	core/src/com/crashinvaders/vfx/utils/ViewportQuadMesh.java	54	01eabf70c2b46403	
member	core.src.com.crashinvaders.vfx.utils.ViewportQuadMesh#verts	sge.vfx.utils.ViewportQuadMesh#verts	Renamed	-	core/src/com/crashinvaders/vfx/utils/ViewportQuadMesh.java	79	4858aef864a64ea5	placement=companion vis=private
member	com.badlogic.gdx.graphics.g3d.particles.ParallelArray$ChannelDescriptor#<init>(int,Class,int)		Dropped	-		0		
member	com.badlogic.gdx.graphics.g3d.particles.batches.BufferedParticleBatch#<init>(Class)		Dropped	-		0		
member	com.badlogic.gdx.scenes.scene2d.ui.Skin#findMethod		Dropped	-		0		
member	com.badlogic.gdx.scenes.scene2d.ui.Skin#setEnabledReflection		Dropped	-		0		
member	com.badlogic.gdx.utils.Array#<init>(Class)		Dropped	-		0		
member	com.badlogic.gdx.utils.Array#<init>(boolean,int,Class)		Dropped	-		0		
member	com.badlogic.gdx.utils.Array#of(Class)		Dropped	-		0		
member	com.badlogic.gdx.utils.Array#of(boolean,int,Class)		Dropped	-		0		
member	com.badlogic.gdx.utils.Array#toArray(Class)		Dropped	-		0		
member	com.badlogic.gdx.utils.ArrayMap#<init>(Class,Class)		Dropped	-		0		
member	com.badlogic.gdx.utils.ArrayMap#<init>(boolean,int,Class,Class)		Dropped	-		0		
member	com.badlogic.gdx.utils.DelayedRemovalArray#<init>(Class)		Dropped	-		0		
member	com.badlogic.gdx.utils.DelayedRemovalArray#<init>(boolean,int,Class)		Dropped	-		0		
member	com.badlogic.gdx.utils.Queue#<init>(int,Class)		Dropped	-		0		
member	com.badlogic.gdx.utils.SnapshotArray#<init>(Class)		Dropped	-		0		
member	com.badlogic.gdx.utils.SnapshotArray#<init>(boolean,int,Class)		Dropped	-		0		
