#id	check	kind	owner	path	line	detail
96bc04d64812	api-parity(hand-port-extra)	hand-port-extra	#ConstantData		0	object ConstantData/0 in reference port only
109ea1e8e0e6	api-parity(hand-port-extra)	hand-port-extra	#DitherAlgorithm		0	enum DitherAlgorithm/0 in reference port only
66b32a3c6843	api-parity(hand-port-extra)	hand-port-extra	#DitherAlgorithm		0	object DitherAlgorithm/0 in reference port only
53fd57c627cc	api-parity(hand-port-extra)	hand-port-extra	AnimatedGif#_clearPalette	/AnimatedGif	0	var _clearPalette/0 in reference port only [rename candidates: clearPalette, closeStream, colorDepth, colorTab, delay, dispose, fastAnalysis, firstFrame, height, image, indexedPixels, out, palSize, repeat, seq, sizeSet, started, transIndex, usedEntry, width, x, y]
9f0b83e8fbfc	api-parity(hand-port-extra)	hand-port-extra	AnimatedGif#_ditherStrength	/AnimatedGif	0	var _ditherStrength/0 in reference port only [rename candidates: clearPalette, closeStream, colorDepth, colorTab, delay, dispose, fastAnalysis, firstFrame, height, image, indexedPixels, out, palSize, repeat, seq, sizeSet, started, transIndex, usedEntry, width, x, y]
64c278dc3b36	api-parity(hand-port-extra)	hand-port-extra	AnimatedGif#flipY	/AnimatedGif	0	var flipY/0 in reference port only [rename candidates: clearPalette, closeStream, colorDepth, colorTab, delay, dispose, fastAnalysis, firstFrame, height, image, indexedPixels, out, palSize, repeat, seq, sizeSet, started, transIndex, usedEntry, width, x, y]
6cd3f5d988f2	api-parity(hand-port-extra)	hand-port-extra	AnimatedGif#isFlipY	/AnimatedGif	0	def isFlipY/0 in reference port only [rename candidates: analyzeAdditive, analyzeBanter, analyzeBaydient, analyzeBayer, analyzeBlue, analyzeBlunt, analyzeBurkes, analyzeChaotic, analyzeDiffusion, analyzeDodgy, analyzeGourd, analyzeGradient, analyzeLoaf, analyzeMarten, analyzeNeue, analyzeNone, analyzeOceanic, analyzeOverboard, analyzePattern, analyzePixels, analyzeRoberts, analyzeScatter, analyzeSeaside, analyzeWoven, analyzeWren, analyzeWrenOriginal, ditherAlgorithm, ditherStrength, finish, flipY, getImagePixels, isFastAnalysis, palette, writeGraphicCtrlExt, writeImageDesc, writeLSD, writeNetscapeExt, writePalette, writePixels]
ee5b11dfea38	api-parity(hand-port-extra)	hand-port-extra	AnimatedGif#setFlipY	/AnimatedGif	0	def setFlipY/1 in reference port only [rename candidates: addFrame, ditherAlgorithm_=, ditherStrength_=, flipY_=, palette_=, setDelay, setDispose, setFastAnalysis, setFrameRate, setRepeat, start, writeShort, writeString]
f02f71bb223a	api-parity(hand-port-extra)	hand-port-extra	ConstantData$#ENCODED_SNUGGLY	/ConstantData$	0	val ENCODED_SNUGGLY/0 in reference port only
6408d5931eb4	api-parity(hand-port-extra)	hand-port-extra	ConstantData$#TRI_BLUE_NOISE	/ConstantData$	0	val TRI_BLUE_NOISE/0 in reference port only
857bc4eb6788	api-parity(hand-port-extra)	hand-port-extra	ConstantData$#TRI_BLUE_NOISE_B	/ConstantData$	0	val TRI_BLUE_NOISE_B/0 in reference port only
7119924b5c8e	api-parity(hand-port-extra)	hand-port-extra	ConstantData$#TRI_BLUE_NOISE_C	/ConstantData$	0	val TRI_BLUE_NOISE_C/0 in reference port only
10df1bcffb2c	api-parity(hand-port-extra)	hand-port-extra	ConstantData$#TRI_BLUE_NOISE_MULTIPLIERS	/ConstantData$	0	val TRI_BLUE_NOISE_MULTIPLIERS/0 in reference port only
c4f364824191	api-parity(hand-port-extra)	hand-port-extra	ConstantData$#TRI_BLUE_NOISE_MULTIPLIERS_B	/ConstantData$	0	val TRI_BLUE_NOISE_MULTIPLIERS_B/0 in reference port only
b26ab56d38ae	api-parity(hand-port-extra)	hand-port-extra	ConstantData$#TRI_BLUE_NOISE_MULTIPLIERS_C	/ConstantData$	0	val TRI_BLUE_NOISE_MULTIPLIERS_C/0 in reference port only
ebde84041303	api-parity(hand-port-extra)	hand-port-extra	DitherAlgorithm#ADDITIVE	/DitherAlgorithm	0	case ADDITIVE/0 in reference port only
f5d409b40709	api-parity(hand-port-extra)	hand-port-extra	DitherAlgorithm#BANTER	/DitherAlgorithm	0	case BANTER/0 in reference port only
9d7c9e28234c	api-parity(hand-port-extra)	hand-port-extra	DitherAlgorithm#BLUE_NOISE	/DitherAlgorithm	0	case BLUE_NOISE/0 in reference port only
7a068cd30761	api-parity(hand-port-extra)	hand-port-extra	DitherAlgorithm#BLUNT	/DitherAlgorithm	0	case BLUNT/0 in reference port only
22fe379ba5da	api-parity(hand-port-extra)	hand-port-extra	DitherAlgorithm#BURKES	/DitherAlgorithm	0	case BURKES/0 in reference port only
3d63fa9f5466	api-parity(hand-port-extra)	hand-port-extra	DitherAlgorithm#CHAOTIC_NOISE	/DitherAlgorithm	0	case CHAOTIC_NOISE/0 in reference port only
d2cd65c84383	api-parity(hand-port-extra)	hand-port-extra	DitherAlgorithm#DIFFUSION	/DitherAlgorithm	0	case DIFFUSION/0 in reference port only
ebde6afde227	api-parity(hand-port-extra)	hand-port-extra	DitherAlgorithm#DODGY	/DitherAlgorithm	0	case DODGY/0 in reference port only
b104d6b88c7b	api-parity(hand-port-extra)	hand-port-extra	DitherAlgorithm#GOURD	/DitherAlgorithm	0	case GOURD/0 in reference port only
4cd58b8ec2bd	api-parity(hand-port-extra)	hand-port-extra	DitherAlgorithm#GRADIENT_NOISE	/DitherAlgorithm	0	case GRADIENT_NOISE/0 in reference port only
0f3eac17f256	api-parity(hand-port-extra)	hand-port-extra	DitherAlgorithm#LOAF	/DitherAlgorithm	0	case LOAF/0 in reference port only
1b022a125cfc	api-parity(hand-port-extra)	hand-port-extra	DitherAlgorithm#MARTEN	/DitherAlgorithm	0	case MARTEN/0 in reference port only
f1b5418eb26b	api-parity(hand-port-extra)	hand-port-extra	DitherAlgorithm#NEUE	/DitherAlgorithm	0	case NEUE/0 in reference port only
579f0f98a3b8	api-parity(hand-port-extra)	hand-port-extra	DitherAlgorithm#NONE	/DitherAlgorithm	0	case NONE/0 in reference port only
4c6d2c01023a	api-parity(hand-port-extra)	hand-port-extra	DitherAlgorithm#OCEANIC	/DitherAlgorithm	0	case OCEANIC/0 in reference port only
a4e557843f75	api-parity(hand-port-extra)	hand-port-extra	DitherAlgorithm#OVERBOARD	/DitherAlgorithm	0	case OVERBOARD/0 in reference port only
a1b4f7e91a73	api-parity(hand-port-extra)	hand-port-extra	DitherAlgorithm#PATTERN	/DitherAlgorithm	0	case PATTERN/0 in reference port only
8c074ec70b5f	api-parity(hand-port-extra)	hand-port-extra	DitherAlgorithm#ROBERTS	/DitherAlgorithm	0	case ROBERTS/0 in reference port only
5cfcecc730be	api-parity(hand-port-extra)	hand-port-extra	DitherAlgorithm#SCATTER	/DitherAlgorithm	0	case SCATTER/0 in reference port only
efd542a90898	api-parity(hand-port-extra)	hand-port-extra	DitherAlgorithm#SEASIDE	/DitherAlgorithm	0	case SEASIDE/0 in reference port only
a51db4e8a3c2	api-parity(hand-port-extra)	hand-port-extra	DitherAlgorithm#WOVEN	/DitherAlgorithm	0	case WOVEN/0 in reference port only
c58cd4d48a46	api-parity(hand-port-extra)	hand-port-extra	DitherAlgorithm#WREN	/DitherAlgorithm	0	case WREN/0 in reference port only
6e5e7b319747	api-parity(hand-port-extra)	hand-port-extra	DitherAlgorithm#legibleName	/DitherAlgorithm	0	val legibleName/0 in reference port only
0775d0df4777	api-parity(hand-port-extra)	hand-port-extra	DitherAlgorithm#toString	/DitherAlgorithm	0	def toString/0 in reference port only
39e98243cac5	api-parity(hand-port-extra)	hand-port-extra	DitherAlgorithm$#ALL	/DitherAlgorithm$	0	val ALL/0 in reference port only
e5518d003215	api-parity(hand-port-extra)	hand-port-extra	PNG8#_ditherStrength	/PNG8	0	var _ditherStrength/0 in reference port only [rename candidates: buffer, deflater]
d2e619614dc1	api-parity(hand-port-extra)	hand-port-extra	PNG8#dispose	/PNG8	0	def dispose/0 in reference port only [rename candidates: close, ditherAlgorithm, ditherStrength, palette]
58fef7beb3be	api-parity(hand-port-extra)	hand-port-extra	PaletteReducer#ensureErrorCapacity	/PaletteReducer	0	def ensureErrorCapacity/1 in reference port only [rename candidates: alterBigPalette, alterColorsLightness, alterColorsSaturation, analyze, analyze, analyzeHueWise, analyzeReductive, analyzeReductive, ditherStrength_=, exact, exact, hueShift, populationBias_=, randomColor, randomColorIndex, reduce, reduceAdditive, reduceBanter, reduceBaydient, reduceBayer, reduceBlueNoise, reduceBlunt, reduceBurkes, reduceChaoticNoise, reduceDodgy, reduceFloat, reduceFloydSteinberg, reduceGourd, reduceIgneous, reduceInPlace, reduceIndex, reduceJimenez, reduceKnoll, reduceKnollRoberts, reduceLoaf, reduceMarten, reduceNeue, reduceOceanic, reduceOverboard, reduceRoberts, reduceScatter, reduceSeaside, reduceSierraLite, reduceSingle, reduceSolid, reduceWoven, reduceWren, reduceWrenOriginal, writeBigPalette, writePreloadFile]
3cd5276ce42d	api-parity(hand-port-extra)	hand-port-extra	PaletteReducer#getDitherStrength	/PaletteReducer	0	def getDitherStrength/0 in reference port only [rename candidates: buildBigPalette, ditherStrength, hueShift, populationBias, setDefaultPalette]
15918dc6bd08	api-parity(hand-port-extra)	hand-port-extra	PaletteReducer#getPopulationBias	/PaletteReducer	0	def getPopulationBias/0 in reference port only [rename candidates: buildBigPalette, ditherStrength, hueShift, populationBias, setDefaultPalette]
0d343629e2e8	api-parity(hand-port-extra)	hand-port-extra	PaletteReducer#populationBias	/PaletteReducer	0	var populationBias/0 in reference port only [rename candidates: colorCount, curErrorBlueFloats, curErrorGreenFloats, curErrorRedFloats, nextErrorBlueFloats, nextErrorGreenFloats, nextErrorRedFloats]
b046a33e6e67	api-parity(hand-port-extra)	hand-port-extra	PaletteReducer#setDitherStrength	/PaletteReducer	0	def setDitherStrength/1 in reference port only [rename candidates: alterBigPalette, alterColorsLightness, alterColorsSaturation, analyze, analyze, analyzeHueWise, analyzeReductive, analyzeReductive, ditherStrength_=, exact, exact, hueShift, populationBias_=, randomColor, randomColorIndex, reduce, reduceAdditive, reduceBanter, reduceBaydient, reduceBayer, reduceBlueNoise, reduceBlunt, reduceBurkes, reduceChaoticNoise, reduceDodgy, reduceFloat, reduceFloydSteinberg, reduceGourd, reduceIgneous, reduceInPlace, reduceIndex, reduceJimenez, reduceKnoll, reduceKnollRoberts, reduceLoaf, reduceMarten, reduceNeue, reduceOceanic, reduceOverboard, reduceRoberts, reduceScatter, reduceSeaside, reduceSierraLite, reduceSingle, reduceSolid, reduceWoven, reduceWren, reduceWrenOriginal, writeBigPalette, writePreloadFile]
9b104bca7185	api-parity(hand-port-extra)	hand-port-extra	PaletteReducer#setPopulationBias	/PaletteReducer	0	def setPopulationBias/1 in reference port only [rename candidates: alterBigPalette, alterColorsLightness, alterColorsSaturation, analyze, analyze, analyzeHueWise, analyzeReductive, analyzeReductive, ditherStrength_=, exact, exact, hueShift, populationBias_=, randomColor, randomColorIndex, reduce, reduceAdditive, reduceBanter, reduceBaydient, reduceBayer, reduceBlueNoise, reduceBlunt, reduceBurkes, reduceChaoticNoise, reduceDodgy, reduceFloat, reduceFloydSteinberg, reduceGourd, reduceIgneous, reduceInPlace, reduceIndex, reduceJimenez, reduceKnoll, reduceKnollRoberts, reduceLoaf, reduceMarten, reduceNeue, reduceOceanic, reduceOverboard, reduceRoberts, reduceScatter, reduceSeaside, reduceSierraLite, reduceSingle, reduceSolid, reduceWoven, reduceWren, reduceWrenOriginal, writeBigPalette, writePreloadFile]
841542d805bc	api-parity(hand-port-extra)	hand-port-extra	PaletteReducer$#sort16	/PaletteReducer$	0	def sort16/1 in reference port only [rename candidates: colorsFrom, forwardLight, loadPreloadFile, reverseLight, reverseShortBits, shrink, stretch]
92ea8ac6ed79	api-parity(hand-port-extra)	hand-port-extra	PaletteReducer$#sort8	/PaletteReducer$	0	def sort8/1 in reference port only [rename candidates: colorsFrom, forwardLight, loadPreloadFile, reverseLight, reverseShortBits, shrink, stretch]
e109d4223060	api-parity(hand-port-extra)	hand-port-extra	PaletteReducer$#sortInts	/PaletteReducer$	0	def sortInts/4 in reference port only [rename candidates: oklabToRGB, sort]
64e48f3898c9	api-parity(mutability)	mutability	OtherMath$.BiasGain#shape	/OtherMath$/BiasGain	0	kind differs: emitted var, reference val
861e5e8220a1	api-parity(mutability)	mutability	OtherMath$.BiasGain#turning	/OtherMath$/BiasGain	0	kind differs: emitted var, reference val
106cdc9045e3	api-parity(null-model)	null-model	AnimatedGif#image	/AnimatedGif	0	result type differs: emitted 'sge.graphics.Pixmap', reference 'Pixmap | Null'
b13ee917b6ce	api-parity(null-model)	null-model	AnimatedGif#out	/AnimatedGif	0	result type differs: emitted 'java.io.OutputStream', reference 'OutputStream | Null'
3c760e3f5fb8	api-parity(null-model)	null-model	AnimatedGif#palette	/AnimatedGif	0	result type differs: emitted 'sge.anim8.PaletteReducer', reference 'PaletteReducer | Null'
992238381ac2	api-parity(null-model)	null-model	AnimatedGif#palette_=	/AnimatedGif	0	param 0 type differs: emitted 'sge.anim8.PaletteReducer', reference 'PaletteReducer | Null'
6f936d7a2d12	api-parity(null-model)	null-model	Dithered#palette	/Dithered	0	result type differs: emitted 'sge.anim8.PaletteReducer', reference 'PaletteReducer | Null'
c06b264cb5da	api-parity(null-model)	null-model	Dithered#palette_=	/Dithered	0	param 0 type differs: emitted 'sge.anim8.PaletteReducer', reference 'PaletteReducer | Null'
7aa0f920bc02	api-parity(null-model)	null-model	PNG8#palette	/PNG8	0	result type differs: emitted 'sge.anim8.PaletteReducer', reference 'PaletteReducer | Null'
cb81bbd597ad	api-parity(null-model)	null-model	PNG8#palette_=	/PNG8	0	param 0 type differs: emitted 'sge.anim8.PaletteReducer', reference 'PaletteReducer | Null'
48be318b273d	api-parity(null-model)	null-model	PaletteReducer#writeBigPalette	/PaletteReducer	0	param 0 type differs: emitted 'sge.files.FileHandle', reference 'FileHandle | Null'
59a6418c48e9	api-parity(port-extra)	port-extra	#AnimatedGif		0	object AnimatedGif/0 in emitted port only
eed10b07653d	api-parity(port-extra)	port-extra	#AnimatedPNG		0	object AnimatedPNG/0 in emitted port only
71c80f66f965	api-parity(port-extra)	port-extra	#Dithered		0	object Dithered/0 in emitted port only
eb811060aeed	api-parity(port-extra)	port-extra	#FastAPNG		0	class FastAPNG/0 in emitted port only
9f116fd83544	api-parity(port-extra)	port-extra	#FastAPNG		0	object FastAPNG/0 in emitted port only
f3eb5f51c17d	api-parity(port-extra)	port-extra	#FastGif		0	object FastGif/0 in emitted port only
8ad5e1f55457	api-parity(port-extra)	port-extra	#FastPNG		0	object FastPNG/0 in emitted port only
53f0369f9ebe	api-parity(port-extra)	port-extra	#FastPNG8		0	object FastPNG8/0 in emitted port only
d2acc0e7a7c9	api-parity(port-extra)	port-extra	#FastPalette		0	object FastPalette/0 in emitted port only
78120caeff73	api-parity(port-extra)	port-extra	#LZWEncoder		0	object LZWEncoder/0 in emitted port only
663fcc9dfe5a	api-parity(port-extra)	port-extra	#QualityPalette		0	object QualityPalette/0 in emitted port only
6d1de87f4c95	api-parity(port-extra)	port-extra	AnimatedGif#analyzeBaydient	/AnimatedGif	0	def analyzeBaydient/0 in emitted port only [rename candidates: analyzeAdditive, analyzeBanter, analyzeBlue, analyzeBlunt, analyzeBurkes, analyzeChaotic, analyzeDiffusion, analyzeDodgy, analyzeGourd, analyzeGradient, analyzeLoaf, analyzeMarten, analyzeNeue, analyzeNone, analyzeOceanic, analyzeOverboard, analyzePattern, analyzePixels, analyzeRoberts, analyzeScatter, analyzeSeaside, analyzeWoven, analyzeWren, ditherAlgorithm, ditherStrength, finish, getImagePixels, isFastAnalysis, isFlipY, palette, writeGraphicCtrlExt, writeImageDesc, writeLSD, writeNetscapeExt, writePalette, writePixels]
209b36873cd0	api-parity(port-extra)	port-extra	AnimatedGif#analyzeBayer	/AnimatedGif	0	def analyzeBayer/0 in emitted port only [rename candidates: analyzeAdditive, analyzeBanter, analyzeBlue, analyzeBlunt, analyzeBurkes, analyzeChaotic, analyzeDiffusion, analyzeDodgy, analyzeGourd, analyzeGradient, analyzeLoaf, analyzeMarten, analyzeNeue, analyzeNone, analyzeOceanic, analyzeOverboard, analyzePattern, analyzePixels, analyzeRoberts, analyzeScatter, analyzeSeaside, analyzeWoven, analyzeWren, ditherAlgorithm, ditherStrength, finish, getImagePixels, isFastAnalysis, isFlipY, palette, writeGraphicCtrlExt, writeImageDesc, writeLSD, writeNetscapeExt, writePalette, writePixels]
ff1aba0c2d11	api-parity(port-extra)	port-extra	AnimatedGif#analyzeWrenOriginal	/AnimatedGif	0	def analyzeWrenOriginal/0 in emitted port only [rename candidates: analyzeAdditive, analyzeBanter, analyzeBlue, analyzeBlunt, analyzeBurkes, analyzeChaotic, analyzeDiffusion, analyzeDodgy, analyzeGourd, analyzeGradient, analyzeLoaf, analyzeMarten, analyzeNeue, analyzeNone, analyzeOceanic, analyzeOverboard, analyzePattern, analyzePixels, analyzeRoberts, analyzeScatter, analyzeSeaside, analyzeWoven, analyzeWren, ditherAlgorithm, ditherStrength, finish, getImagePixels, isFastAnalysis, isFlipY, palette, writeGraphicCtrlExt, writeImageDesc, writeLSD, writeNetscapeExt, writePalette, writePixels]
e9a4796e77d4	api-parity(port-extra)	port-extra	AnimatedGif#clearPalette	/AnimatedGif	0	var clearPalette/0 in emitted port only [rename candidates: _clearPalette, _ditherStrength, closeStream, colorDepth, colorTab, delay, dispose, fastAnalysis, firstFrame, flipY, height, image, indexedPixels, out, palSize, repeat, seq, sizeSet, started, transIndex, usedEntry, width, x, y]
8d0064808c6b	api-parity(port-extra)	port-extra	AnimatedGif#flipY	/AnimatedGif	0	def flipY/0 in emitted port only [rename candidates: analyzeAdditive, analyzeBanter, analyzeBlue, analyzeBlunt, analyzeBurkes, analyzeChaotic, analyzeDiffusion, analyzeDodgy, analyzeGourd, analyzeGradient, analyzeLoaf, analyzeMarten, analyzeNeue, analyzeNone, analyzeOceanic, analyzeOverboard, analyzePattern, analyzePixels, analyzeRoberts, analyzeScatter, analyzeSeaside, analyzeWoven, analyzeWren, ditherAlgorithm, ditherStrength, finish, getImagePixels, isFastAnalysis, isFlipY, palette, writeGraphicCtrlExt, writeImageDesc, writeLSD, writeNetscapeExt, writePalette, writePixels]
3f6497b21ffb	api-parity(port-extra)	port-extra	AnimatedGif#flipY_=	/AnimatedGif	0	def flipY_=/1 in emitted port only [rename candidates: addFrame, ditherAlgorithm_=, ditherStrength_=, palette_=, setDelay, setDispose, setFastAnalysis, setFlipY, setFrameRate, setRepeat, start, writeShort, writeString]
50dfdf6b6f31	api-parity(port-extra)	port-extra	AnimatedPNG#buffer	/AnimatedPNG	0	var buffer/0 in emitted port only
6cd48e1ba4c9	api-parity(port-extra)	port-extra	AnimatedPNG#deflater	/AnimatedPNG	0	var deflater/0 in emitted port only
e5a1e18b58dd	api-parity(port-extra)	port-extra	Dithered$#DitherAlgorithm	/Dithered$	0	class DitherAlgorithm/0 in emitted port only
19f1f6438cb4	api-parity(port-extra)	port-extra	Dithered$#DitherAlgorithm	/Dithered$	0	object DitherAlgorithm/0 in emitted port only
c4f85ecdc799	api-parity(port-extra)	port-extra	Dithered$.DitherAlgorithm#legibleName	/Dithered$/DitherAlgorithm	0	var legibleName/0 in emitted port only
b9225d086fe2	api-parity(port-extra)	port-extra	Dithered$.DitherAlgorithm#name	/Dithered$/DitherAlgorithm	0	var name/0 in emitted port only
cf82e096aa59	api-parity(port-extra)	port-extra	Dithered$.DitherAlgorithm#ordinal	/Dithered$/DitherAlgorithm	0	def ordinal/0 in emitted port only
31384e9a9a0c	api-parity(port-extra)	port-extra	Dithered$.DitherAlgorithm#toString	/Dithered$/DitherAlgorithm	0	def toString/0 in emitted port only
9e0e2203d691	api-parity(port-extra)	port-extra	Dithered$.DitherAlgorithm$#ADDITIVE	/Dithered$/DitherAlgorithm$	0	object ADDITIVE/0 in emitted port only
0bb2fda19d39	api-parity(port-extra)	port-extra	Dithered$.DitherAlgorithm$#ALL	/Dithered$/DitherAlgorithm$	0	val ALL/0 in emitted port only
5f47cc37dde5	api-parity(port-extra)	port-extra	Dithered$.DitherAlgorithm$#BANTER	/Dithered$/DitherAlgorithm$	0	object BANTER/0 in emitted port only
d104c390222e	api-parity(port-extra)	port-extra	Dithered$.DitherAlgorithm$#BAYDIENT	/Dithered$/DitherAlgorithm$	0	object BAYDIENT/0 in emitted port only
979ad6a15caf	api-parity(port-extra)	port-extra	Dithered$.DitherAlgorithm$#BAYER	/Dithered$/DitherAlgorithm$	0	object BAYER/0 in emitted port only
1b218a8231ec	api-parity(port-extra)	port-extra	Dithered$.DitherAlgorithm$#BLUE_NOISE	/Dithered$/DitherAlgorithm$	0	object BLUE_NOISE/0 in emitted port only
0e1cc071f3da	api-parity(port-extra)	port-extra	Dithered$.DitherAlgorithm$#BLUNT	/Dithered$/DitherAlgorithm$	0	object BLUNT/0 in emitted port only
35191ba96bde	api-parity(port-extra)	port-extra	Dithered$.DitherAlgorithm$#BURKES	/Dithered$/DitherAlgorithm$	0	object BURKES/0 in emitted port only
5c75ae61dcbb	api-parity(port-extra)	port-extra	Dithered$.DitherAlgorithm$#CHAOTIC_NOISE	/Dithered$/DitherAlgorithm$	0	object CHAOTIC_NOISE/0 in emitted port only
9bb6b14adaaf	api-parity(port-extra)	port-extra	Dithered$.DitherAlgorithm$#DIFFUSION	/Dithered$/DitherAlgorithm$	0	object DIFFUSION/0 in emitted port only
2839cd2c2710	api-parity(port-extra)	port-extra	Dithered$.DitherAlgorithm$#DODGY	/Dithered$/DitherAlgorithm$	0	object DODGY/0 in emitted port only
2c83a8fa535b	api-parity(port-extra)	port-extra	Dithered$.DitherAlgorithm$#GOURD	/Dithered$/DitherAlgorithm$	0	object GOURD/0 in emitted port only
f9c783e89fe3	api-parity(port-extra)	port-extra	Dithered$.DitherAlgorithm$#GRADIENT_NOISE	/Dithered$/DitherAlgorithm$	0	object GRADIENT_NOISE/0 in emitted port only
d0551d4bac19	api-parity(port-extra)	port-extra	Dithered$.DitherAlgorithm$#LOAF	/Dithered$/DitherAlgorithm$	0	object LOAF/0 in emitted port only
0c7e52d558b2	api-parity(port-extra)	port-extra	Dithered$.DitherAlgorithm$#MARTEN	/Dithered$/DitherAlgorithm$	0	object MARTEN/0 in emitted port only
512f3054bad3	api-parity(port-extra)	port-extra	Dithered$.DitherAlgorithm$#NEUE	/Dithered$/DitherAlgorithm$	0	object NEUE/0 in emitted port only
43f3c7fe360f	api-parity(port-extra)	port-extra	Dithered$.DitherAlgorithm$#NONE	/Dithered$/DitherAlgorithm$	0	object NONE/0 in emitted port only
ff8607599fdb	api-parity(port-extra)	port-extra	Dithered$.DitherAlgorithm$#OCEANIC	/Dithered$/DitherAlgorithm$	0	object OCEANIC/0 in emitted port only
1132fed33940	api-parity(port-extra)	port-extra	Dithered$.DitherAlgorithm$#OVERBOARD	/Dithered$/DitherAlgorithm$	0	object OVERBOARD/0 in emitted port only
b4a94a7f0112	api-parity(port-extra)	port-extra	Dithered$.DitherAlgorithm$#PATTERN	/Dithered$/DitherAlgorithm$	0	object PATTERN/0 in emitted port only
9a3dbac8f527	api-parity(port-extra)	port-extra	Dithered$.DitherAlgorithm$#ROBERTS	/Dithered$/DitherAlgorithm$	0	object ROBERTS/0 in emitted port only
554ddd6dc442	api-parity(port-extra)	port-extra	Dithered$.DitherAlgorithm$#SCATTER	/Dithered$/DitherAlgorithm$	0	object SCATTER/0 in emitted port only
4d04f741dc6c	api-parity(port-extra)	port-extra	Dithered$.DitherAlgorithm$#SEASIDE	/Dithered$/DitherAlgorithm$	0	object SEASIDE/0 in emitted port only
e4520898f4d9	api-parity(port-extra)	port-extra	Dithered$.DitherAlgorithm$#WOVEN	/Dithered$/DitherAlgorithm$	0	object WOVEN/0 in emitted port only
87f04d7f0c43	api-parity(port-extra)	port-extra	Dithered$.DitherAlgorithm$#WREN	/Dithered$/DitherAlgorithm$	0	object WREN/0 in emitted port only
48a16ac4dfcc	api-parity(port-extra)	port-extra	Dithered$.DitherAlgorithm$#valueOf	/Dithered$/DitherAlgorithm$	0	def valueOf/1 in emitted port only
e7dbb3ab2b94	api-parity(port-extra)	port-extra	Dithered$.DitherAlgorithm$#values	/Dithered$/DitherAlgorithm$	0	def values/0 in emitted port only
2f6b4cd6e96f	api-parity(port-extra)	port-extra	Dithered$.DitherAlgorithm$.ADDITIVE$#ordinal	/Dithered$/DitherAlgorithm$/ADDITIVE$	0	def ordinal/0 in emitted port only
a1a6aceed65c	api-parity(port-extra)	port-extra	Dithered$.DitherAlgorithm$.BANTER$#ordinal	/Dithered$/DitherAlgorithm$/BANTER$	0	def ordinal/0 in emitted port only
c93328ce8086	api-parity(port-extra)	port-extra	Dithered$.DitherAlgorithm$.BAYDIENT$#ordinal	/Dithered$/DitherAlgorithm$/BAYDIENT$	0	def ordinal/0 in emitted port only
4fea3f2a2489	api-parity(port-extra)	port-extra	Dithered$.DitherAlgorithm$.BAYER$#ordinal	/Dithered$/DitherAlgorithm$/BAYER$	0	def ordinal/0 in emitted port only
1b5f728f04c9	api-parity(port-extra)	port-extra	Dithered$.DitherAlgorithm$.BLUE_NOISE$#ordinal	/Dithered$/DitherAlgorithm$/BLUE_NOISE$	0	def ordinal/0 in emitted port only
97d4f17c363f	api-parity(port-extra)	port-extra	Dithered$.DitherAlgorithm$.BLUNT$#ordinal	/Dithered$/DitherAlgorithm$/BLUNT$	0	def ordinal/0 in emitted port only
8c1a0514c5ea	api-parity(port-extra)	port-extra	Dithered$.DitherAlgorithm$.BURKES$#ordinal	/Dithered$/DitherAlgorithm$/BURKES$	0	def ordinal/0 in emitted port only
6130af62551b	api-parity(port-extra)	port-extra	Dithered$.DitherAlgorithm$.CHAOTIC_NOISE$#ordinal	/Dithered$/DitherAlgorithm$/CHAOTIC_NOISE$	0	def ordinal/0 in emitted port only
d88729540dec	api-parity(port-extra)	port-extra	Dithered$.DitherAlgorithm$.DIFFUSION$#ordinal	/Dithered$/DitherAlgorithm$/DIFFUSION$	0	def ordinal/0 in emitted port only
4ee3d3019ec8	api-parity(port-extra)	port-extra	Dithered$.DitherAlgorithm$.DODGY$#ordinal	/Dithered$/DitherAlgorithm$/DODGY$	0	def ordinal/0 in emitted port only
849b3f767de5	api-parity(port-extra)	port-extra	Dithered$.DitherAlgorithm$.GOURD$#ordinal	/Dithered$/DitherAlgorithm$/GOURD$	0	def ordinal/0 in emitted port only
846f31a88218	api-parity(port-extra)	port-extra	Dithered$.DitherAlgorithm$.GRADIENT_NOISE$#ordinal	/Dithered$/DitherAlgorithm$/GRADIENT_NOISE$	0	def ordinal/0 in emitted port only
7f9ba7429896	api-parity(port-extra)	port-extra	Dithered$.DitherAlgorithm$.LOAF$#ordinal	/Dithered$/DitherAlgorithm$/LOAF$	0	def ordinal/0 in emitted port only
f0afd4f9aa85	api-parity(port-extra)	port-extra	Dithered$.DitherAlgorithm$.MARTEN$#ordinal	/Dithered$/DitherAlgorithm$/MARTEN$	0	def ordinal/0 in emitted port only
e02ed4158cbc	api-parity(port-extra)	port-extra	Dithered$.DitherAlgorithm$.NEUE$#ordinal	/Dithered$/DitherAlgorithm$/NEUE$	0	def ordinal/0 in emitted port only
540258390e0c	api-parity(port-extra)	port-extra	Dithered$.DitherAlgorithm$.NONE$#ordinal	/Dithered$/DitherAlgorithm$/NONE$	0	def ordinal/0 in emitted port only
b265a54cc21b	api-parity(port-extra)	port-extra	Dithered$.DitherAlgorithm$.OCEANIC$#ordinal	/Dithered$/DitherAlgorithm$/OCEANIC$	0	def ordinal/0 in emitted port only
4fd630f38995	api-parity(port-extra)	port-extra	Dithered$.DitherAlgorithm$.OVERBOARD$#ordinal	/Dithered$/DitherAlgorithm$/OVERBOARD$	0	def ordinal/0 in emitted port only
cf4e4248a476	api-parity(port-extra)	port-extra	Dithered$.DitherAlgorithm$.PATTERN$#ordinal	/Dithered$/DitherAlgorithm$/PATTERN$	0	def ordinal/0 in emitted port only
e4a2bb847006	api-parity(port-extra)	port-extra	Dithered$.DitherAlgorithm$.ROBERTS$#ordinal	/Dithered$/DitherAlgorithm$/ROBERTS$	0	def ordinal/0 in emitted port only
649c9ca1b1d8	api-parity(port-extra)	port-extra	Dithered$.DitherAlgorithm$.SCATTER$#ordinal	/Dithered$/DitherAlgorithm$/SCATTER$	0	def ordinal/0 in emitted port only
3a25cb5d32fa	api-parity(port-extra)	port-extra	Dithered$.DitherAlgorithm$.SEASIDE$#ordinal	/Dithered$/DitherAlgorithm$/SEASIDE$	0	def ordinal/0 in emitted port only
66813b6002ff	api-parity(port-extra)	port-extra	Dithered$.DitherAlgorithm$.WOVEN$#ordinal	/Dithered$/DitherAlgorithm$/WOVEN$	0	def ordinal/0 in emitted port only
3b92345403e2	api-parity(port-extra)	port-extra	Dithered$.DitherAlgorithm$.WREN$#ordinal	/Dithered$/DitherAlgorithm$/WREN$	0	def ordinal/0 in emitted port only
924dc7641b16	api-parity(port-extra)	port-extra	FastAPNG$#Funnel	/FastAPNG$	0	class Funnel/0 in emitted port only
8ba324fa9ad8	api-parity(port-extra)	port-extra	FastPNG#buffer	/FastPNG	0	var buffer/0 in emitted port only
7d45548c2ef1	api-parity(port-extra)	port-extra	FastPNG#deflater	/FastPNG	0	var deflater/0 in emitted port only
44e181be94e2	api-parity(port-extra)	port-extra	FastPalette$#Funnel	/FastPalette$	0	class Funnel/0 in emitted port only
ddcaa5a48a4a	api-parity(port-extra)	port-extra	OtherMath$#BiasGain	/OtherMath$	0	object BiasGain/0 in emitted port only
5456c02387a0	api-parity(port-extra)	port-extra	PNG8#buffer	/PNG8	0	var buffer/0 in emitted port only [rename candidates: _ditherStrength]
440e3c5b7c31	api-parity(port-extra)	port-extra	PNG8#deflater	/PNG8	0	var deflater/0 in emitted port only [rename candidates: _ditherStrength]
39365d4381e8	api-parity(port-extra)	port-extra	PNG8#writeBaydientDithered	/PNG8	0	def writeBaydientDithered/2 in emitted port only [rename candidates: write, write, write, writeAdditiveDithered, writeBanterDithered, writeBlueNoiseDithered, writeBluntDithered, writeBurkesDithered, writeChaoticNoiseDithered, writeDiffusionDithered, writeDithered, writeDodgyDithered, writeGourdDithered, writeGradientDithered, writeLoafDithered, writeMartenDithered, writeNeueDithered, writeOceanicDithered, writeOverboardDithered, writePatternDithered, writeRobertsDithered, writeScatterDithered, writeSeasideDithered, writeSolid, writeWovenDithered, writeWrenDithered, writeWrenOriginalDithered]
62e5e605b00f	api-parity(port-extra)	port-extra	PNG8#writeBaydientDithered	/PNG8	0	def writeBaydientDithered/3 in emitted port only [rename candidates: write, write, write, write, writeAdditiveDithered, writeBanterDithered, writeBlueNoiseDithered, writeBluntDithered, writeBurkesDithered, writeChaoticNoiseDithered, writeDiffusionDithered, writeDodgyDithered, writeGourdDithered, writeGradientDithered, writeLoafDithered, writeMartenDithered, writeNeueDithered, writeOceanicDithered, writeOverboardDithered, writePatternDithered, writePrecisely, writePrecisely, writeRobertsDithered, writeScatterDithered, writeSeasideDithered, writeSolid, writeWovenDithered, writeWrenDithered]
3d86ee792abe	api-parity(port-extra)	port-extra	PNG8#writeBayerDithered	/PNG8	0	def writeBayerDithered/2 in emitted port only [rename candidates: write, write, write, writeAdditiveDithered, writeBanterDithered, writeBlueNoiseDithered, writeBluntDithered, writeBurkesDithered, writeChaoticNoiseDithered, writeDiffusionDithered, writeDithered, writeDodgyDithered, writeGourdDithered, writeGradientDithered, writeLoafDithered, writeMartenDithered, writeNeueDithered, writeOceanicDithered, writeOverboardDithered, writePatternDithered, writeRobertsDithered, writeScatterDithered, writeSeasideDithered, writeSolid, writeWovenDithered, writeWrenDithered, writeWrenOriginalDithered]
83c876f5f1e0	api-parity(port-extra)	port-extra	PNG8#writeBayerDithered	/PNG8	0	def writeBayerDithered/3 in emitted port only [rename candidates: write, write, write, write, writeAdditiveDithered, writeBanterDithered, writeBlueNoiseDithered, writeBluntDithered, writeBurkesDithered, writeChaoticNoiseDithered, writeDiffusionDithered, writeDodgyDithered, writeGourdDithered, writeGradientDithered, writeLoafDithered, writeMartenDithered, writeNeueDithered, writeOceanicDithered, writeOverboardDithered, writePatternDithered, writePrecisely, writePrecisely, writeRobertsDithered, writeScatterDithered, writeSeasideDithered, writeSolid, writeWovenDithered, writeWrenDithered]
c4987f49b96b	api-parity(port-extra)	port-extra	PNG8#writeWrenOriginalDithered	/PNG8	0	def writeWrenOriginalDithered/3 in emitted port only [rename candidates: write, write, write, write, writeAdditiveDithered, writeBanterDithered, writeBlueNoiseDithered, writeBluntDithered, writeBurkesDithered, writeChaoticNoiseDithered, writeDiffusionDithered, writeDodgyDithered, writeGourdDithered, writeGradientDithered, writeLoafDithered, writeMartenDithered, writeNeueDithered, writeOceanicDithered, writeOverboardDithered, writePatternDithered, writePrecisely, writePrecisely, writeRobertsDithered, writeScatterDithered, writeSeasideDithered, writeSolid, writeWovenDithered, writeWrenDithered]
7f8a5435d8be	api-parity(port-extra)	port-extra	PaletteReducer#ditherStrength	/PaletteReducer	0	def ditherStrength/0 in emitted port only [rename candidates: buildBigPalette, getDitherStrength, getPopulationBias, hueShift, setDefaultPalette]
cbc9a6d228c8	api-parity(port-extra)	port-extra	PaletteReducer#ditherStrength_=	/PaletteReducer	0	def ditherStrength_=/1 in emitted port only [rename candidates: alterBigPalette, alterColorsLightness, alterColorsSaturation, analyze, analyze, analyzeHueWise, analyzeReductive, analyzeReductive, colorsFrom, ensureErrorCapacity, exact, exact, hueShift, loadPreloadFile, randomColor, randomColorIndex, reduce, reduceAdditive, reduceBanter, reduceBlueNoise, reduceBlunt, reduceBurkes, reduceChaoticNoise, reduceDodgy, reduceFloat, reduceFloydSteinberg, reduceGourd, reduceIgneous, reduceInPlace, reduceIndex, reduceJimenez, reduceKnoll, reduceKnollRoberts, reduceLoaf, reduceMarten, reduceNeue, reduceOceanic, reduceOverboard, reduceRoberts, reduceScatter, reduceSeaside, reduceSierraLite, reduceSingle, reduceSolid, reduceWoven, reduceWren, reduceWrenOriginal, setDitherStrength, setPopulationBias, writeBigPalette, writePreloadFile]
1f78620e344f	api-parity(port-extra)	port-extra	PaletteReducer#populationBias	/PaletteReducer	0	def populationBias/0 in emitted port only [rename candidates: buildBigPalette, getDitherStrength, getPopulationBias, hueShift, setDefaultPalette]
b02b24fc8eb1	api-parity(port-extra)	port-extra	PaletteReducer#populationBias_=	/PaletteReducer	0	def populationBias_=/1 in emitted port only [rename candidates: alterBigPalette, alterColorsLightness, alterColorsSaturation, analyze, analyze, analyzeHueWise, analyzeReductive, analyzeReductive, colorsFrom, ensureErrorCapacity, exact, exact, hueShift, loadPreloadFile, randomColor, randomColorIndex, reduce, reduceAdditive, reduceBanter, reduceBlueNoise, reduceBlunt, reduceBurkes, reduceChaoticNoise, reduceDodgy, reduceFloat, reduceFloydSteinberg, reduceGourd, reduceIgneous, reduceInPlace, reduceIndex, reduceJimenez, reduceKnoll, reduceKnollRoberts, reduceLoaf, reduceMarten, reduceNeue, reduceOceanic, reduceOverboard, reduceRoberts, reduceScatter, reduceSeaside, reduceSierraLite, reduceSingle, reduceSolid, reduceWoven, reduceWren, reduceWrenOriginal, setDitherStrength, setPopulationBias, writeBigPalette, writePreloadFile]
63f2d76e0c54	api-parity(port-extra)	port-extra	PaletteReducer#reduceBaydient	/PaletteReducer	0	def reduceBaydient/1 in emitted port only [rename candidates: alterBigPalette, alterColorsLightness, alterColorsSaturation, analyze, analyze, analyzeHueWise, analyzeReductive, analyzeReductive, colorsFrom, ensureErrorCapacity, exact, exact, hueShift, loadPreloadFile, randomColor, randomColorIndex, reduce, reduceAdditive, reduceBanter, reduceBlueNoise, reduceBlunt, reduceBurkes, reduceChaoticNoise, reduceDodgy, reduceFloat, reduceFloydSteinberg, reduceGourd, reduceIgneous, reduceInPlace, reduceIndex, reduceJimenez, reduceKnoll, reduceKnollRoberts, reduceLoaf, reduceMarten, reduceNeue, reduceOceanic, reduceOverboard, reduceRoberts, reduceScatter, reduceSeaside, reduceSierraLite, reduceSingle, reduceSolid, reduceWoven, reduceWren, reduceWrenOriginal, setDitherStrength, setPopulationBias, writeBigPalette, writePreloadFile]
77c48437196c	api-parity(port-extra)	port-extra	PaletteReducer#reduceBayer	/PaletteReducer	0	def reduceBayer/1 in emitted port only [rename candidates: alterBigPalette, alterColorsLightness, alterColorsSaturation, analyze, analyze, analyzeHueWise, analyzeReductive, analyzeReductive, colorsFrom, ensureErrorCapacity, exact, exact, hueShift, loadPreloadFile, randomColor, randomColorIndex, reduce, reduceAdditive, reduceBanter, reduceBlueNoise, reduceBlunt, reduceBurkes, reduceChaoticNoise, reduceDodgy, reduceFloat, reduceFloydSteinberg, reduceGourd, reduceIgneous, reduceInPlace, reduceIndex, reduceJimenez, reduceKnoll, reduceKnollRoberts, reduceLoaf, reduceMarten, reduceNeue, reduceOceanic, reduceOverboard, reduceRoberts, reduceScatter, reduceSeaside, reduceSierraLite, reduceSingle, reduceSolid, reduceWoven, reduceWren, reduceWrenOriginal, setDitherStrength, setPopulationBias, writeBigPalette, writePreloadFile]
f710250fd0ab	api-parity(port-extra)	port-extra	PaletteReducer$#AURORA	/PaletteReducer$	0	val AURORA/0 in emitted port only [rename candidates: BIG_PALETTE, OKLAB, SNUGGLY, TBM_BITS, TBM_MASK, TRIANGULAR_BYTE_LOOKUP, TRI_BAYER_MATRIX_128, TRI_BLUE_NOISE, TRI_BLUE_NOISE_B, TRI_BLUE_NOISE_C, TRI_BLUE_NOISE_MULTIPLIERS, TRI_BLUE_NOISE_MULTIPLIERS_B, TRI_BLUE_NOISE_MULTIPLIERS_C, fromLinearLUT, hueComparator, lightnessComparator, tempThresholdMatrix, thresholdMatrix16, thresholdMatrix64, toLinearLUT]
d676acb4661a	api-parity(port-extra)	port-extra	PaletteReducer$#Funnel	/PaletteReducer$	0	class Funnel/0 in emitted port only
a3edcf048818	api-parity(port-extra)	port-extra	PaletteReducer$#HALTONIC	/PaletteReducer$	0	val HALTONIC/0 in emitted port only [rename candidates: BIG_PALETTE, OKLAB, SNUGGLY, TBM_BITS, TBM_MASK, TRIANGULAR_BYTE_LOOKUP, TRI_BAYER_MATRIX_128, TRI_BLUE_NOISE, TRI_BLUE_NOISE_B, TRI_BLUE_NOISE_C, TRI_BLUE_NOISE_MULTIPLIERS, TRI_BLUE_NOISE_MULTIPLIERS_B, TRI_BLUE_NOISE_MULTIPLIERS_C, fromLinearLUT, hueComparator, lightnessComparator, tempThresholdMatrix, thresholdMatrix16, thresholdMatrix64, toLinearLUT]
0f15d436b27b	api-parity(port-extra)	port-extra	PaletteReducer$#IntComparator	/PaletteReducer$	0	trait IntComparator/0 in emitted port only
a82c30fbb951	api-parity(port-extra)	port-extra	PaletteReducer$#entryComparator	/PaletteReducer$	0	val entryComparator/0 in emitted port only [rename candidates: BIG_PALETTE, OKLAB, SNUGGLY, TBM_BITS, TBM_MASK, TRIANGULAR_BYTE_LOOKUP, TRI_BAYER_MATRIX_128, TRI_BLUE_NOISE, TRI_BLUE_NOISE_B, TRI_BLUE_NOISE_C, TRI_BLUE_NOISE_MULTIPLIERS, TRI_BLUE_NOISE_MULTIPLIERS_B, TRI_BLUE_NOISE_MULTIPLIERS_C, fromLinearLUT, hueComparator, lightnessComparator, tempThresholdMatrix, thresholdMatrix16, thresholdMatrix64, toLinearLUT]
2b7012ef15a1	api-parity(port-extra)	port-extra	PaletteReducer$#interleaveBytes	/PaletteReducer$	0	def interleaveBytes/2 in emitted port only
3fc28a061c6f	api-parity(port-extra)	port-extra	PaletteReducer$#reverseShortBits	/PaletteReducer$	0	def reverseShortBits/1 in emitted port only [rename candidates: forwardLight, reverseLight, shrink, sort16, sort8, stretch]
972553f057be	api-parity(port-extra)	port-extra	PaletteReducer$#sort	/PaletteReducer$	0	def sort/2 in emitted port only
c9d2a8e7eb44	api-parity(port-extra)	port-extra	PaletteReducer$#sort	/PaletteReducer$	0	def sort/4 in emitted port only [rename candidates: oklabToRGB, sortInts]
9bf66eda28bd	api-parity(port-extra)	port-extra	PaletteReducer$.IntComparator#compare	/PaletteReducer$/IntComparator	0	def compare/2 in emitted port only
2c8ff418f1fe	api-parity(port-extra)	port-extra	QualityPalette$#Funnel	/QualityPalette$	0	class Funnel/0 in emitted port only
dd4fed3bc2cf	api-parity(port-extra)	port-extra	QualityPalette$#forwardLight	/QualityPalette$	0	def forwardLight/1 in emitted port only
5c72324a7928	api-parity(port-extra)	port-extra	QualityPalette$#reverseLight	/QualityPalette$	0	def reverseLight/1 in emitted port only
16ebfcea2c58	api-parity(rule)	rule	PaletteReducer$#TBM_BITS	/PaletteReducer$	0	rule JS-C08: emitted inline val (a java constant variable is inlined, JLS 4.12.4/13.1), reference val
82b10e0ccdff	api-parity(rule)	rule	PaletteReducer$#TBM_MASK	/PaletteReducer$	0	rule JS-C53: emitted final val (java's final on a FIELD also states no subclass may override the read, JLS 8.3), reference val
210db3a6e20e	api-parity(signature)	signature	AnimatedGif#colorTab	/AnimatedGif	0	result type differs: emitted 'scala.Array[scala.Byte]', reference 'Array[Byte] | Null'
451ee2b197b3	api-parity(signature)	signature	AnimatedGif#indexedPixels	/AnimatedGif	0	result type differs: emitted 'scala.Array[scala.Byte]', reference 'Array[Byte] | Null'
4f083da7e4ed	api-parity(signature)	signature	AnimatedGif#usedEntry	/AnimatedGif	0	result type differs: emitted 'scala.Array[scala.Boolean]', reference 'Array[Boolean]'
f74500232d37	api-parity(signature)	signature	AnimatedGif#write	/AnimatedGif	0	param 1 type differs: emitted 'lowlevel.util.DynamicArray[sge.graphics.Pixmap]', reference 'Array[Pixmap]'
f74500232d37/2	api-parity(signature)	signature	AnimatedGif#write	/AnimatedGif	0	param 1 type differs: emitted 'lowlevel.util.DynamicArray[sge.graphics.Pixmap]', reference 'Array[Pixmap]'
f74500232d37/3	api-parity(signature)	signature	AnimatedGif#write	/AnimatedGif	0	param 1 type differs: emitted 'lowlevel.util.DynamicArray[sge.graphics.Pixmap]', reference 'Array[Pixmap]'
ee8e17b3770d	api-parity(signature)	signature	AnimatedPNG#write	/AnimatedPNG	0	param 1 type differs: emitted 'lowlevel.util.DynamicArray[sge.graphics.Pixmap]', reference 'Array[Pixmap]'
ee8e17b3770d/2	api-parity(signature)	signature	AnimatedPNG#write	/AnimatedPNG	0	param 1 type differs: emitted 'lowlevel.util.DynamicArray[sge.graphics.Pixmap]', reference 'Array[Pixmap]'
ee8e17b3770d/3	api-parity(signature)	signature	AnimatedPNG#write	/AnimatedPNG	0	param 1 type differs: emitted 'lowlevel.util.DynamicArray[sge.graphics.Pixmap]', reference 'Array[Pixmap]'
c2e78b589f6f	api-parity(signature)	signature	AnimationWriter#write	/AnimationWriter	0	param 1 type differs: emitted 'lowlevel.util.DynamicArray[sge.graphics.Pixmap]', reference 'Array[Pixmap]'
c2e78b589f6f/2	api-parity(signature)	signature	AnimationWriter#write	/AnimationWriter	0	param 1 type differs: emitted 'lowlevel.util.DynamicArray[sge.graphics.Pixmap]', reference 'Array[Pixmap]'
c2e78b589f6f/3	api-parity(signature)	signature	AnimationWriter#write	/AnimationWriter	0	param 1 type differs: emitted 'lowlevel.util.DynamicArray[sge.graphics.Pixmap]', reference 'Array[Pixmap]'
aa01baa04195	api-parity(signature)	signature	FastGif#write	/FastGif	0	param 1 type differs: emitted 'lowlevel.util.DynamicArray[sge.graphics.Pixmap]', reference 'Array[Pixmap]'
de6d3687aff4	api-parity(signature)	signature	FastPNG8#write	/FastPNG8	0	param 1 type differs: emitted 'lowlevel.util.DynamicArray[sge.graphics.Pixmap]', reference 'Array[Pixmap]'
bc883134feb8	api-parity(signature)	signature	PNG8#write	/PNG8	0	param 1 type differs: emitted 'lowlevel.util.DynamicArray[sge.graphics.Pixmap]', reference 'Array[Pixmap]'
bc883134feb8/2	api-parity(signature)	signature	PNG8#write	/PNG8	0	param 1 type differs: emitted 'lowlevel.util.DynamicArray[sge.graphics.Pixmap]', reference 'Array[Pixmap]'
bc883134feb8/3	api-parity(signature)	signature	PNG8#write	/PNG8	0	param 1 type differs: emitted 'lowlevel.util.DynamicArray[sge.graphics.Pixmap]', reference 'Array[Pixmap]'
bc883134feb8/4	api-parity(signature)	signature	PNG8#write	/PNG8	0	param 1 type differs: emitted 'lowlevel.util.DynamicArray[sge.graphics.Pixmap]', reference 'Array[Pixmap]'
bc883134feb8/5	api-parity(signature)	signature	PNG8#write	/PNG8	0	param 1 type differs: emitted 'lowlevel.util.DynamicArray[sge.graphics.Pixmap]', reference 'Array[Pixmap]'
c2bc81d2987e	api-parity(signature)	signature	PNG8#writeAdditiveDithered	/PNG8	0	param 1 type differs: emitted 'lowlevel.util.DynamicArray[sge.graphics.Pixmap]', reference 'Array[Pixmap]'
5ecd62a1c9b6	api-parity(signature)	signature	PNG8#writeBanterDithered	/PNG8	0	param 1 type differs: emitted 'lowlevel.util.DynamicArray[sge.graphics.Pixmap]', reference 'Array[Pixmap]'
1f2d6bde9734	api-parity(signature)	signature	PNG8#writeBlueNoiseDithered	/PNG8	0	param 1 type differs: emitted 'lowlevel.util.DynamicArray[sge.graphics.Pixmap]', reference 'Array[Pixmap]'
e08b104597f3	api-parity(signature)	signature	PNG8#writeBluntDithered	/PNG8	0	param 1 type differs: emitted 'lowlevel.util.DynamicArray[sge.graphics.Pixmap]', reference 'Array[Pixmap]'
00d53a9896a5	api-parity(signature)	signature	PNG8#writeBurkesDithered	/PNG8	0	param 1 type differs: emitted 'lowlevel.util.DynamicArray[sge.graphics.Pixmap]', reference 'Array[Pixmap]'
f26c8bfdc6b4	api-parity(signature)	signature	PNG8#writeChaoticNoiseDithered	/PNG8	0	param 1 type differs: emitted 'lowlevel.util.DynamicArray[sge.graphics.Pixmap]', reference 'Array[Pixmap]'
398a9bff9b96	api-parity(signature)	signature	PNG8#writeDiffusionDithered	/PNG8	0	param 1 type differs: emitted 'lowlevel.util.DynamicArray[sge.graphics.Pixmap]', reference 'Array[Pixmap]'
e82e58f625fc	api-parity(signature)	signature	PNG8#writeDodgyDithered	/PNG8	0	param 1 type differs: emitted 'lowlevel.util.DynamicArray[sge.graphics.Pixmap]', reference 'Array[Pixmap]'
8709f523239c	api-parity(signature)	signature	PNG8#writeGourdDithered	/PNG8	0	param 1 type differs: emitted 'lowlevel.util.DynamicArray[sge.graphics.Pixmap]', reference 'Array[Pixmap]'
93e66343e842	api-parity(signature)	signature	PNG8#writeGradientDithered	/PNG8	0	param 1 type differs: emitted 'lowlevel.util.DynamicArray[sge.graphics.Pixmap]', reference 'Array[Pixmap]'
e7d7d7d08f3a	api-parity(signature)	signature	PNG8#writeLoafDithered	/PNG8	0	param 1 type differs: emitted 'lowlevel.util.DynamicArray[sge.graphics.Pixmap]', reference 'Array[Pixmap]'
1206602737f1	api-parity(signature)	signature	PNG8#writeMartenDithered	/PNG8	0	param 1 type differs: emitted 'lowlevel.util.DynamicArray[sge.graphics.Pixmap]', reference 'Array[Pixmap]'
975245fdeabf	api-parity(signature)	signature	PNG8#writeNeueDithered	/PNG8	0	param 1 type differs: emitted 'lowlevel.util.DynamicArray[sge.graphics.Pixmap]', reference 'Array[Pixmap]'
e5b708a50c8c	api-parity(signature)	signature	PNG8#writeOceanicDithered	/PNG8	0	param 1 type differs: emitted 'lowlevel.util.DynamicArray[sge.graphics.Pixmap]', reference 'Array[Pixmap]'
15fe526799cb	api-parity(signature)	signature	PNG8#writeOverboardDithered	/PNG8	0	param 1 type differs: emitted 'lowlevel.util.DynamicArray[sge.graphics.Pixmap]', reference 'Array[Pixmap]'
4d060812ce75	api-parity(signature)	signature	PNG8#writePatternDithered	/PNG8	0	param 1 type differs: emitted 'lowlevel.util.DynamicArray[sge.graphics.Pixmap]', reference 'Array[Pixmap]'
2169d0582469	api-parity(signature)	signature	PNG8#writePreciseSection	/PNG8	0	param 2 type differs: emitted 'scala.Array[scala.Int]', reference 'Array[Int] | Null'
9fe29dd3ce5d	api-parity(signature)	signature	PNG8#writePreciseSection	/PNG8	0	param 2 type differs: emitted 'scala.Array[scala.Int]', reference 'Array[Int]'
899160bd12a4	api-parity(signature)	signature	PNG8#writePrecisely	/PNG8	0	param 2 type differs: emitted 'scala.Array[scala.Int]', reference 'Array[Int] | Null'
899160bd12a4/2	api-parity(signature)	signature	PNG8#writePrecisely	/PNG8	0	param 2 type differs: emitted 'scala.Array[scala.Int]', reference 'Array[Int] | Null'
154d315ed995	api-parity(signature)	signature	PNG8#writeRobertsDithered	/PNG8	0	param 1 type differs: emitted 'lowlevel.util.DynamicArray[sge.graphics.Pixmap]', reference 'Array[Pixmap]'
54ae9d3f0608	api-parity(signature)	signature	PNG8#writeScatterDithered	/PNG8	0	param 1 type differs: emitted 'lowlevel.util.DynamicArray[sge.graphics.Pixmap]', reference 'Array[Pixmap]'
964546e37bc5	api-parity(signature)	signature	PNG8#writeSeasideDithered	/PNG8	0	param 1 type differs: emitted 'lowlevel.util.DynamicArray[sge.graphics.Pixmap]', reference 'Array[Pixmap]'
f7ce8cc0e920	api-parity(signature)	signature	PNG8#writeSolid	/PNG8	0	param 1 type differs: emitted 'lowlevel.util.DynamicArray[sge.graphics.Pixmap]', reference 'Array[Pixmap]'
07e08c0aa364	api-parity(signature)	signature	PNG8#writeWovenDithered	/PNG8	0	param 1 type differs: emitted 'lowlevel.util.DynamicArray[sge.graphics.Pixmap]', reference 'Array[Pixmap]'
28f19c01b2d4	api-parity(signature)	signature	PNG8#writeWrenDithered	/PNG8	0	param 1 type differs: emitted 'lowlevel.util.DynamicArray[sge.graphics.Pixmap]', reference 'Array[Pixmap]'
9a8b869af719	api-parity(signature)	signature	PNG8$#readChunks	/PNG8$	0	result type differs: emitted 'lowlevel.util.OrderedMap[java.lang.String, scala.Array[scala.Byte]]', reference 'scala.collection.mutable.LinkedHashMap[String, Array[Byte]]'
3e0b02a87d7f	api-parity(signature)	signature	PNG8$#swapPalette	/PNG8$	0	param 2 type differs: emitted 'scala.Array[scala.Int]', reference 'Array[Int]'
9a1c9dcce7dc	api-parity(signature)	signature	PNG8$#writeChunks	/PNG8$	0	param 1 type differs: emitted 'lowlevel.util.OrderedMap[java.lang.String, scala.Array[scala.Byte]]', reference 'scala.collection.mutable.LinkedHashMap[String, Array[Byte]]'
0d2896d6f2ce	api-parity(signature)	signature	PaletteReducer#alterBigPalette	/PaletteReducer	0	param 0 type differs: emitted 'scala.Array[scala.Int]', reference 'Array[Int]'
35cbd5879aa3	api-parity(signature)	signature	PaletteReducer#analyze	/PaletteReducer	0	param 0 type differs: emitted 'lowlevel.util.DynamicArray[sge.graphics.Pixmap]', reference 'Array[Pixmap]'
35cbd5879aa3/2	api-parity(signature)	signature	PaletteReducer#analyze	/PaletteReducer	0	param 0 type differs: emitted 'lowlevel.util.DynamicArray[sge.graphics.Pixmap]', reference 'Array[Pixmap]'
35cbd5879aa3/3	api-parity(signature)	signature	PaletteReducer#analyze	/PaletteReducer	0	param 0 type differs: emitted 'lowlevel.util.DynamicArray[sge.graphics.Pixmap]', reference 'Array[Pixmap]'
ac5978f69582	api-parity(signature)	signature	PaletteReducer#analyze	/PaletteReducer	0	param 0 type differs: emitted 'scala.Array[sge.graphics.Pixmap]', reference 'Array[Pixmap]'
69ce25643a30	api-parity(signature)	signature	PaletteReducer#analyzeHueWise	/PaletteReducer	0	param 0 type differs: emitted 'lowlevel.util.DynamicArray[sge.graphics.Pixmap]', reference 'Array[Pixmap]'
69ce25643a30/2	api-parity(signature)	signature	PaletteReducer#analyzeHueWise	/PaletteReducer	0	param 0 type differs: emitted 'lowlevel.util.DynamicArray[sge.graphics.Pixmap]', reference 'Array[Pixmap]'
69ce25643a30/3	api-parity(signature)	signature	PaletteReducer#analyzeHueWise	/PaletteReducer	0	param 0 type differs: emitted 'lowlevel.util.DynamicArray[sge.graphics.Pixmap]', reference 'Array[Pixmap]'
fdf7fba57e37	api-parity(signature)	signature	PaletteReducer#analyzeHueWise	/PaletteReducer	0	param 0 type differs: emitted 'scala.Array[sge.graphics.Pixmap]', reference 'Array[Pixmap]'
78c5a408cee5	api-parity(signature)	signature	PaletteReducer#analyzeReductive	/PaletteReducer	0	param 0 type differs: emitted 'lowlevel.util.DynamicArray[sge.graphics.Pixmap]', reference 'Array[Pixmap]'
78c5a408cee5/2	api-parity(signature)	signature	PaletteReducer#analyzeReductive	/PaletteReducer	0	param 0 type differs: emitted 'lowlevel.util.DynamicArray[sge.graphics.Pixmap]', reference 'Array[Pixmap]'
78c5a408cee5/3	api-parity(signature)	signature	PaletteReducer#analyzeReductive	/PaletteReducer	0	param 0 type differs: emitted 'lowlevel.util.DynamicArray[sge.graphics.Pixmap]', reference 'Array[Pixmap]'
40833b28faab	api-parity(signature)	signature	PaletteReducer#analyzeReductive	/PaletteReducer	0	param 0 type differs: emitted 'scala.Array[sge.graphics.Pixmap]', reference 'Array[Pixmap]'
e12f76aca09c	api-parity(signature)	signature	PaletteReducer#candidates	/PaletteReducer	0	modifiers differ: emitted final, reference
d942c796b01c	api-parity(signature)	signature	PaletteReducer#candidates	/PaletteReducer	0	result type differs: emitted 'scala.Array[scala.Int]', reference 'Array[Int]'
ae15bdff2ea4	api-parity(signature)	signature	PaletteReducer#curErrorBlueFloats	/PaletteReducer	0	result type differs: emitted 'lowlevel.util.DynamicArray[scala.Float]', reference 'Array[Float] | Null'
ba7eff5b78cd	api-parity(signature)	signature	PaletteReducer#curErrorGreenFloats	/PaletteReducer	0	result type differs: emitted 'lowlevel.util.DynamicArray[scala.Float]', reference 'Array[Float] | Null'
7e5e6dec49bb	api-parity(signature)	signature	PaletteReducer#curErrorRedFloats	/PaletteReducer	0	result type differs: emitted 'lowlevel.util.DynamicArray[scala.Float]', reference 'Array[Float] | Null'
aae5431d5630	api-parity(signature)	signature	PaletteReducer#exact	/PaletteReducer	0	param 0 type differs: emitted 'scala.Array[scala.Int]', reference 'Array[Int]'
aae5431d5630/2	api-parity(signature)	signature	PaletteReducer#exact	/PaletteReducer	0	param 0 type differs: emitted 'scala.Array[scala.Int]', reference 'Array[Int]'
aae5431d5630/3	api-parity(signature)	signature	PaletteReducer#exact	/PaletteReducer	0	param 0 type differs: emitted 'scala.Array[scala.Int]', reference 'Array[Int]'
2ee7015f1311	api-parity(signature)	signature	PaletteReducer#exact	/PaletteReducer	0	param 0 type differs: emitted 'scala.Array[sge.graphics.Color]', reference 'Array[Color]'
2ee7015f1311/2	api-parity(signature)	signature	PaletteReducer#exact	/PaletteReducer	0	param 0 type differs: emitted 'scala.Array[sge.graphics.Color]', reference 'Array[Color]'
b1070420b91c	api-parity(signature)	signature	PaletteReducer#exact	/PaletteReducer	0	param 1 type differs: emitted 'scala.Array[scala.Byte]', reference 'Array[Byte]'
6ef87cdb22ae	api-parity(signature)	signature	PaletteReducer#loadBigPalette	/PaletteReducer	0	param 1 type differs: emitted 'scala.Array[scala.Int]', reference 'Array[Int]'
c6932cadbbc8	api-parity(signature)	signature	PaletteReducer#nextErrorBlueFloats	/PaletteReducer	0	result type differs: emitted 'lowlevel.util.DynamicArray[scala.Float]', reference 'Array[Float] | Null'
65564407782a	api-parity(signature)	signature	PaletteReducer#nextErrorGreenFloats	/PaletteReducer	0	result type differs: emitted 'lowlevel.util.DynamicArray[scala.Float]', reference 'Array[Float] | Null'
f93ae2fbf78c	api-parity(signature)	signature	PaletteReducer#nextErrorRedFloats	/PaletteReducer	0	result type differs: emitted 'lowlevel.util.DynamicArray[scala.Float]', reference 'Array[Float] | Null'
4f36a178a5d2	api-parity(signature)	signature	PaletteReducer#paletteArray	/PaletteReducer	0	modifiers differ: emitted final, reference
f44e225206fc	api-parity(signature)	signature	PaletteReducer#paletteArray	/PaletteReducer	0	result type differs: emitted 'scala.Array[scala.Int]', reference 'Array[Int]'
8072ff2e64e3	api-parity(signature)	signature	PaletteReducer#paletteMapping	/PaletteReducer	0	modifiers differ: emitted final, reference
fb74add31252	api-parity(signature)	signature	PaletteReducer#paletteMapping	/PaletteReducer	0	result type differs: emitted 'scala.Array[scala.Byte]', reference 'Array[Byte]'
abe78ad1d663	api-parity(signature)	signature	PaletteReducer$#BIG_PALETTE	/PaletteReducer$	0	modifiers differ: emitted final, reference
7803880e068d	api-parity(signature)	signature	PaletteReducer$#BIG_PALETTE	/PaletteReducer$	0	result type differs: emitted 'scala.Array[scala.Int]', reference 'Array[Int]'
c3853271ea88	api-parity(signature)	signature	PaletteReducer$#OKLAB	/PaletteReducer$	0	modifiers differ: emitted final, reference
659158c77ff8	api-parity(signature)	signature	PaletteReducer$#OKLAB	/PaletteReducer$	0	result type differs: emitted 'scala.Array[scala.Array[scala.Float]]', reference 'Array[Array[Float]]'
859e0b1b4396	api-parity(signature)	signature	PaletteReducer$#SNUGGLY	/PaletteReducer$	0	modifiers differ: emitted final, reference
1a90f1e9be7b	api-parity(signature)	signature	PaletteReducer$#SNUGGLY	/PaletteReducer$	0	result type differs: emitted 'scala.Array[scala.Int]', reference 'Array[Int]'
b2389a1a65c6	api-parity(signature)	signature	PaletteReducer$#TRIANGULAR_BYTE_LOOKUP	/PaletteReducer$	0	modifiers differ: emitted final, reference
e8b0c6156e11	api-parity(signature)	signature	PaletteReducer$#TRIANGULAR_BYTE_LOOKUP	/PaletteReducer$	0	result type differs: emitted 'scala.Array[scala.Float]', reference 'Array[Float]'
fe1bf5af22a1	api-parity(signature)	signature	PaletteReducer$#TRI_BAYER_MATRIX_128	/PaletteReducer$	0	modifiers differ: emitted final, reference
5fdb2ac11d13	api-parity(signature)	signature	PaletteReducer$#TRI_BAYER_MATRIX_128	/PaletteReducer$	0	result type differs: emitted 'scala.Array[scala.Byte]', reference 'Array[Byte]'
fe0bba2ef7fd	api-parity(signature)	signature	PaletteReducer$#TRI_BLUE_NOISE	/PaletteReducer$	0	modifiers differ: emitted final, reference
6c3917dadff7	api-parity(signature)	signature	PaletteReducer$#TRI_BLUE_NOISE	/PaletteReducer$	0	result type differs: emitted 'scala.Array[scala.Byte]', reference 'Array[Byte]'
be1b9981de66	api-parity(signature)	signature	PaletteReducer$#TRI_BLUE_NOISE_B	/PaletteReducer$	0	modifiers differ: emitted final, reference
04c998e4f077	api-parity(signature)	signature	PaletteReducer$#TRI_BLUE_NOISE_B	/PaletteReducer$	0	result type differs: emitted 'scala.Array[scala.Byte]', reference 'Array[Byte]'
a09ca50908b4	api-parity(signature)	signature	PaletteReducer$#TRI_BLUE_NOISE_C	/PaletteReducer$	0	modifiers differ: emitted final, reference
569faca0f48d	api-parity(signature)	signature	PaletteReducer$#TRI_BLUE_NOISE_C	/PaletteReducer$	0	result type differs: emitted 'scala.Array[scala.Byte]', reference 'Array[Byte]'
56a4aa04bc46	api-parity(signature)	signature	PaletteReducer$#TRI_BLUE_NOISE_MULTIPLIERS	/PaletteReducer$	0	modifiers differ: emitted final, reference
29897158081c	api-parity(signature)	signature	PaletteReducer$#TRI_BLUE_NOISE_MULTIPLIERS	/PaletteReducer$	0	result type differs: emitted 'scala.Array[scala.Float]', reference 'Array[Float]'
2208551f493f	api-parity(signature)	signature	PaletteReducer$#TRI_BLUE_NOISE_MULTIPLIERS_B	/PaletteReducer$	0	modifiers differ: emitted final, reference
e332021f0be5	api-parity(signature)	signature	PaletteReducer$#TRI_BLUE_NOISE_MULTIPLIERS_B	/PaletteReducer$	0	result type differs: emitted 'scala.Array[scala.Float]', reference 'Array[Float]'
8f86f7a37d88	api-parity(signature)	signature	PaletteReducer$#TRI_BLUE_NOISE_MULTIPLIERS_C	/PaletteReducer$	0	modifiers differ: emitted final, reference
9477fc129fad	api-parity(signature)	signature	PaletteReducer$#TRI_BLUE_NOISE_MULTIPLIERS_C	/PaletteReducer$	0	result type differs: emitted 'scala.Array[scala.Float]', reference 'Array[Float]'
0945ef4afad3	api-parity(signature)	signature	PaletteReducer$#bigPaletteMapping	/PaletteReducer$	0	result type differs: emitted 'scala.Array[scala.Char]', reference 'Array[Char]'
e28cc24d137a	api-parity(signature)	signature	PaletteReducer$#compareSwap	/PaletteReducer$	0	param 0 type differs: emitted 'scala.Array[scala.Int]', reference 'Array[Int]'
bdb7fc10fbf0	api-parity(signature)	signature	PaletteReducer$#fromLinearLUT	/PaletteReducer$	0	modifiers differ: emitted final, reference
7ac1f8719e26	api-parity(signature)	signature	PaletteReducer$#fromLinearLUT	/PaletteReducer$	0	result type differs: emitted 'scala.Array[scala.Byte]', reference 'Array[Byte]'
c5305eb5b63d	api-parity(signature)	signature	PaletteReducer$#hueComparator	/PaletteReducer$	0	modifiers differ: emitted final, reference
f938faba635c	api-parity(signature)	signature	PaletteReducer$#hueComparator	/PaletteReducer$	0	result type differs: emitted 'sge.anim8.PaletteReducer.IntComparator', reference '(Int, Int) => Int'
6babc707177c	api-parity(signature)	signature	PaletteReducer$#lightnessComparator	/PaletteReducer$	0	modifiers differ: emitted final, reference
6fe789e928ae	api-parity(signature)	signature	PaletteReducer$#lightnessComparator	/PaletteReducer$	0	result type differs: emitted 'sge.anim8.PaletteReducer.IntComparator', reference '(Int, Int) => Int'
4791571a62dd	api-parity(signature)	signature	PaletteReducer$#tempThresholdMatrix	/PaletteReducer$	0	modifiers differ: emitted final, reference
d9133ebbaa07	api-parity(signature)	signature	PaletteReducer$#tempThresholdMatrix	/PaletteReducer$	0	result type differs: emitted 'scala.Array[scala.Float]', reference 'Array[Float]'
03b16802862a	api-parity(signature)	signature	PaletteReducer$#thresholdMatrix16	/PaletteReducer$	0	modifiers differ: emitted final, reference
a609f1c10f8b	api-parity(signature)	signature	PaletteReducer$#thresholdMatrix16	/PaletteReducer$	0	result type differs: emitted 'scala.Array[scala.Int]', reference 'Array[Int]'
e9e69833dc53	api-parity(signature)	signature	PaletteReducer$#thresholdMatrix64	/PaletteReducer$	0	modifiers differ: emitted final, reference
02ed60ce6b99	api-parity(signature)	signature	PaletteReducer$#thresholdMatrix64	/PaletteReducer$	0	result type differs: emitted 'scala.Array[scala.Int]', reference 'Array[Int]'
f85ee4e8f2eb	api-parity(signature)	signature	PaletteReducer$#toLinearLUT	/PaletteReducer$	0	modifiers differ: emitted final, reference
e79666a76cc5	api-parity(signature)	signature	PaletteReducer$#toLinearLUT	/PaletteReducer$	0	result type differs: emitted 'scala.Array[scala.Float]', reference 'Array[Float]'
b5f27f91fba6	api-parity(static-placement)	static-placement	PaletteReducer#colorsFrom	/PaletteReducer	0	def colorsFrom/1 in reference port only
a83c98d68bb6	api-parity(static-placement)	static-placement	PaletteReducer#colorsFrom	/PaletteReducer	0	def colorsFrom/2 in reference port only
b161a517b078	api-parity(static-placement)	static-placement	PaletteReducer#loadPreloadFile	/PaletteReducer	0	def loadPreloadFile/1 in reference port only
7b943e08d4b7	api-parity(static-placement)	static-placement	PaletteReducer#thresholdMatrix8	/PaletteReducer	0	val thresholdMatrix8/0 in reference port only
4134b9f744cd	api-parity(static-placement)	static-placement	PaletteReducer$#colorsFrom	/PaletteReducer$	0	def colorsFrom/1 in emitted port only
c9b571c64e52	api-parity(static-placement)	static-placement	PaletteReducer$#colorsFrom	/PaletteReducer$	0	def colorsFrom/2 in emitted port only
9c56f9f52a4e	api-parity(static-placement)	static-placement	PaletteReducer$#loadPreloadFile	/PaletteReducer$	0	def loadPreloadFile/1 in emitted port only
408866abb08f	api-parity(static-placement)	static-placement	PaletteReducer$#thresholdMatrix8	/PaletteReducer$	0	val thresholdMatrix8/0 in emitted port only
2470586872ef	api-parity(visibility)	visibility	AnimatedGif#analyzeAdditive	/AnimatedGif	0	access differs: emitted 'protected[anim8]', reference 'protected'
1886a152fd11	api-parity(visibility)	visibility	AnimatedGif#analyzeBanter	/AnimatedGif	0	access differs: emitted 'protected[anim8]', reference 'protected'
53a240b4600e	api-parity(visibility)	visibility	AnimatedGif#analyzeBlue	/AnimatedGif	0	access differs: emitted 'protected[anim8]', reference 'protected'
b1f4098347a1	api-parity(visibility)	visibility	AnimatedGif#analyzeBlunt	/AnimatedGif	0	access differs: emitted 'protected[anim8]', reference 'protected'
8a2937926ad3	api-parity(visibility)	visibility	AnimatedGif#analyzeBurkes	/AnimatedGif	0	access differs: emitted 'protected[anim8]', reference 'protected'
4e432eeeee9e	api-parity(visibility)	visibility	AnimatedGif#analyzeChaotic	/AnimatedGif	0	access differs: emitted 'protected[anim8]', reference 'protected'
5a143d22ffda	api-parity(visibility)	visibility	AnimatedGif#analyzeDiffusion	/AnimatedGif	0	access differs: emitted 'protected[anim8]', reference 'protected'
8b9b09c9f804	api-parity(visibility)	visibility	AnimatedGif#analyzeDodgy	/AnimatedGif	0	access differs: emitted 'protected[anim8]', reference 'protected'
fffa5fcbc1d0	api-parity(visibility)	visibility	AnimatedGif#analyzeGourd	/AnimatedGif	0	access differs: emitted 'protected[anim8]', reference 'protected'
27a3298116de	api-parity(visibility)	visibility	AnimatedGif#analyzeGradient	/AnimatedGif	0	access differs: emitted 'protected[anim8]', reference 'protected'
9a1bc29c9e66	api-parity(visibility)	visibility	AnimatedGif#analyzeLoaf	/AnimatedGif	0	access differs: emitted 'protected[anim8]', reference 'protected'
6bd2b599d615	api-parity(visibility)	visibility	AnimatedGif#analyzeMarten	/AnimatedGif	0	access differs: emitted 'protected[anim8]', reference 'protected'
c11628fe86a2	api-parity(visibility)	visibility	AnimatedGif#analyzeNeue	/AnimatedGif	0	access differs: emitted 'protected[anim8]', reference 'protected'
2caa7f0d0dcd	api-parity(visibility)	visibility	AnimatedGif#analyzeNone	/AnimatedGif	0	access differs: emitted 'protected[anim8]', reference 'protected'
e9385f41c8cd	api-parity(visibility)	visibility	AnimatedGif#analyzeOceanic	/AnimatedGif	0	access differs: emitted 'protected[anim8]', reference 'protected'
d08eb2dd5739	api-parity(visibility)	visibility	AnimatedGif#analyzeOverboard	/AnimatedGif	0	access differs: emitted 'protected[anim8]', reference 'protected'
a57b055152cb	api-parity(visibility)	visibility	AnimatedGif#analyzePattern	/AnimatedGif	0	access differs: emitted 'protected[anim8]', reference 'protected'
b774f1fb2796	api-parity(visibility)	visibility	AnimatedGif#analyzePixels	/AnimatedGif	0	access differs: emitted 'protected[anim8]', reference 'protected'
cc6ddb9c76ee	api-parity(visibility)	visibility	AnimatedGif#analyzeRoberts	/AnimatedGif	0	access differs: emitted 'protected[anim8]', reference 'protected'
5de995f79c6f	api-parity(visibility)	visibility	AnimatedGif#analyzeScatter	/AnimatedGif	0	access differs: emitted 'protected[anim8]', reference 'protected'
a511a5af3c77	api-parity(visibility)	visibility	AnimatedGif#analyzeSeaside	/AnimatedGif	0	access differs: emitted 'protected[anim8]', reference 'protected'
407a44926739	api-parity(visibility)	visibility	AnimatedGif#analyzeWoven	/AnimatedGif	0	access differs: emitted 'protected[anim8]', reference 'protected'
ec77f0648c3f	api-parity(visibility)	visibility	AnimatedGif#analyzeWren	/AnimatedGif	0	access differs: emitted 'protected[anim8]', reference 'protected'
21bf197635fc	api-parity(visibility)	visibility	AnimatedGif#closeStream	/AnimatedGif	0	access differs: emitted 'protected[anim8]', reference 'protected'
c0ee7c0758ae	api-parity(visibility)	visibility	AnimatedGif#colorDepth	/AnimatedGif	0	access differs: emitted 'protected[anim8]', reference 'protected'
f5525e309c46	api-parity(visibility)	visibility	AnimatedGif#colorTab	/AnimatedGif	0	access differs: emitted 'protected[anim8]', reference 'protected'
d0fa9626f912	api-parity(visibility)	visibility	AnimatedGif#delay	/AnimatedGif	0	access differs: emitted 'protected[anim8]', reference 'protected'
7506c5ab6c67	api-parity(visibility)	visibility	AnimatedGif#dispose	/AnimatedGif	0	access differs: emitted 'protected[anim8]', reference 'protected'
d1f08a050f9b	api-parity(visibility)	visibility	AnimatedGif#firstFrame	/AnimatedGif	0	access differs: emitted 'protected[anim8]', reference 'protected'
83cdc168aa8c	api-parity(visibility)	visibility	AnimatedGif#getImagePixels	/AnimatedGif	0	access differs: emitted 'protected[anim8]', reference 'protected'
97389ec4dd5e	api-parity(visibility)	visibility	AnimatedGif#height	/AnimatedGif	0	access differs: emitted 'protected[anim8]', reference 'protected'
3480aa0110f7	api-parity(visibility)	visibility	AnimatedGif#image	/AnimatedGif	0	access differs: emitted 'protected[anim8]', reference 'protected'
86eb6f721fd9	api-parity(visibility)	visibility	AnimatedGif#indexedPixels	/AnimatedGif	0	access differs: emitted 'protected[anim8]', reference 'protected'
7497dcf3c2df	api-parity(visibility)	visibility	AnimatedGif#out	/AnimatedGif	0	access differs: emitted 'protected[anim8]', reference 'protected'
b2189e0ef6a8	api-parity(visibility)	visibility	AnimatedGif#palSize	/AnimatedGif	0	access differs: emitted 'protected[anim8]', reference 'protected'
c1e10ceeb365	api-parity(visibility)	visibility	AnimatedGif#repeat	/AnimatedGif	0	access differs: emitted 'protected[anim8]', reference 'protected'
d7d8c45cc59b	api-parity(visibility)	visibility	AnimatedGif#seq	/AnimatedGif	0	access differs: emitted 'protected[anim8]', reference 'protected'
c6c5d527537a	api-parity(visibility)	visibility	AnimatedGif#sizeSet	/AnimatedGif	0	access differs: emitted 'protected[anim8]', reference 'protected'
fdb73f2b381a	api-parity(visibility)	visibility	AnimatedGif#started	/AnimatedGif	0	access differs: emitted 'protected[anim8]', reference 'protected'
ba654120b52c	api-parity(visibility)	visibility	AnimatedGif#transIndex	/AnimatedGif	0	access differs: emitted 'protected[anim8]', reference 'protected'
868007f8ea3b	api-parity(visibility)	visibility	AnimatedGif#usedEntry	/AnimatedGif	0	access differs: emitted 'protected[anim8]', reference 'protected'
485e28a449ab	api-parity(visibility)	visibility	AnimatedGif#width	/AnimatedGif	0	access differs: emitted 'protected[anim8]', reference 'protected'
9a7c846fb0d6	api-parity(visibility)	visibility	AnimatedGif#writeGraphicCtrlExt	/AnimatedGif	0	access differs: emitted 'protected[anim8]', reference 'protected'
a00fa57ff04a	api-parity(visibility)	visibility	AnimatedGif#writeImageDesc	/AnimatedGif	0	access differs: emitted 'protected[anim8]', reference 'protected'
a4dc193c8cb2	api-parity(visibility)	visibility	AnimatedGif#writeLSD	/AnimatedGif	0	access differs: emitted 'protected[anim8]', reference 'protected'
d7b836f6764e	api-parity(visibility)	visibility	AnimatedGif#writeNetscapeExt	/AnimatedGif	0	access differs: emitted 'protected[anim8]', reference 'protected'
04f1c17fc5b6	api-parity(visibility)	visibility	AnimatedGif#writePalette	/AnimatedGif	0	access differs: emitted 'protected[anim8]', reference 'protected'
b6d4ca637c88	api-parity(visibility)	visibility	AnimatedGif#writePixels	/AnimatedGif	0	access differs: emitted 'protected[anim8]', reference 'protected'
c9f4f28162c3	api-parity(visibility)	visibility	AnimatedGif#writeShort	/AnimatedGif	0	access differs: emitted 'protected[anim8]', reference 'protected'
1c2646d6107e	api-parity(visibility)	visibility	AnimatedGif#writeString	/AnimatedGif	0	access differs: emitted 'protected[anim8]', reference 'protected'
4d54230feb34	api-parity(visibility)	visibility	AnimatedGif#x	/AnimatedGif	0	access differs: emitted 'protected[anim8]', reference 'protected'
5df9c570e5f7	api-parity(visibility)	visibility	AnimatedGif#y	/AnimatedGif	0	access differs: emitted 'protected[anim8]', reference 'protected'
ee7e2905d08d	api-parity(visibility)	visibility	PaletteReducer#candidates	/PaletteReducer	0	access differs: emitted 'protected[anim8]', reference 'public'
17396f56005f	api-parity(visibility)	visibility	PaletteReducer#curErrorBlueFloats	/PaletteReducer	0	access differs: emitted 'protected[anim8]', reference 'public'
97ec3205db92	api-parity(visibility)	visibility	PaletteReducer#curErrorGreenFloats	/PaletteReducer	0	access differs: emitted 'protected[anim8]', reference 'public'
1ac2fa553449	api-parity(visibility)	visibility	PaletteReducer#curErrorRedFloats	/PaletteReducer	0	access differs: emitted 'protected[anim8]', reference 'public'
9972506f74b4	api-parity(visibility)	visibility	PaletteReducer#nextErrorBlueFloats	/PaletteReducer	0	access differs: emitted 'protected[anim8]', reference 'public'
c773c837f628	api-parity(visibility)	visibility	PaletteReducer#nextErrorGreenFloats	/PaletteReducer	0	access differs: emitted 'protected[anim8]', reference 'public'
f20bc484cdff	api-parity(visibility)	visibility	PaletteReducer#nextErrorRedFloats	/PaletteReducer	0	access differs: emitted 'protected[anim8]', reference 'public'
300f60ae10d5	base-surface	unanswered	sge.files.FileHandle#type		0	sge publishes 2 overloads of sge.files.FileHandle#type and they do not agree (name=type$field; form=parenless) — a symbol carries no parameter spelling here, so the name cannot be resolved to one of them — this run would rename it for a field-vs-method it can only see because its own declarations are in the same program as the base's; the local derivation stands, and it may not be the name the base emitted  [base: sge]  [§1(b) PER-LIBRARY: declare the module that emits this field as a base (`base = "…"`) and re-run it with this engine so its port map carries a `name=` row]
babdb14656d1	base-surface	unanswered	sge.graphics.g2d.BitmapFont#ownsTexture		0	sge publishes 2 overloads of sge.graphics.g2d.BitmapFont#ownsTexture and they do not agree (name=ownsTexture$field; form=parenless) — a symbol carries no parameter spelling here, so the name cannot be resolved to one of them — this run would rename it for a field-vs-method it can only see because its own declarations are in the same program as the base's; the local derivation stands, and it may not be the name the base emitted  [base: sge]  [§1(b) PER-LIBRARY: declare the module that emits this field as a base (`base = "…"`) and re-run it with this engine so its port map carries a `name=` row]
13102d5b0f81	base-surface	unanswered	sge.graphics.g2d.ParticleEmitter#cleansUpBlendFunction		0	sge publishes 2 overloads of sge.graphics.g2d.ParticleEmitter#cleansUpBlendFunction and they do not agree (name=cleansUpBlendFunction$field; form=parenless) — a symbol carries no parameter spelling here, so the name cannot be resolved to one of them — this run would rename it for a field-vs-method it can only see because its own declarations are in the same program as the base's; the local derivation stands, and it may not be the name the base emitted  [base: sge]  [§1(b) PER-LIBRARY: declare the module that emits this field as a base (`base = "…"`) and re-run it with this engine so its port map carries a `name=` row]
061f2bcbced8	base-surface	unanswered	sge.input.NativeInputConfiguration#isMultiLine		0	sge publishes 2 overloads of sge.input.NativeInputConfiguration#isMultiLine and they do not agree (name=isMultiLine$field; form=parenless) — a symbol carries no parameter spelling here, so the name cannot be resolved to one of them — this run would rename it for a field-vs-method it can only see because its own declarations are in the same program as the base's; the local derivation stands, and it may not be the name the base emitted  [base: sge]  [§1(b) PER-LIBRARY: declare the module that emits this field as a base (`base = "…"`) and re-run it with this engine so its port map carries a `name=` row]
7105b0459261	base-surface	unanswered	sge.maps.tiled.TiledMapImageLayer#supportsTransparency		0	sge publishes 2 overloads of sge.maps.tiled.TiledMapImageLayer#supportsTransparency and they do not agree (name=supportsTransparency$field; form=parenless) — a symbol carries no parameter spelling here, so the name cannot be resolved to one of them — this run would rename it for a field-vs-method it can only see because its own declarations are in the same program as the base's; the local derivation stands, and it may not be the name the base emitted  [base: sge]  [§1(b) PER-LIBRARY: declare the module that emits this field as a base (`base = "…"`) and re-run it with this engine so its port map carries a `name=` row]
fd30eeaa7f61	base-surface	unanswered	sge.scenes.scene2d.ui.Widget#needsLayout		0	sge publishes 2 overloads of sge.scenes.scene2d.ui.Widget#needsLayout and they do not agree (name=needsLayout$field; form=parenless) — a symbol carries no parameter spelling here, so the name cannot be resolved to one of them — this run would rename it for a field-vs-method it can only see because its own declarations are in the same program as the base's; the local derivation stands, and it may not be the name the base emitted  [base: sge]  [§1(b) PER-LIBRARY: declare the module that emits this field as a base (`base = "…"`) and re-run it with this engine so its port map carries a `name=` row]
cc700c0659be	base-surface	unanswered	sge.scenes.scene2d.ui.WidgetGroup#needsLayout		0	sge publishes 2 overloads of sge.scenes.scene2d.ui.WidgetGroup#needsLayout and they do not agree (name=needsLayout$field; form=parenless) — a symbol carries no parameter spelling here, so the name cannot be resolved to one of them — this run would rename it for a field-vs-method it can only see because its own declarations are in the same program as the base's; the local derivation stands, and it may not be the name the base emitted  [base: sge]  [§1(b) PER-LIBRARY: declare the module that emits this field as a base (`base = "…"`) and re-run it with this engine so its port map carries a `name=` row]
3e43b45dd83f	base-surface	unanswered	sge.utils.Align		0	sge emitted this type as a bare `object` (its every member is static), and this module names it in a TYPE position. An `object` supplies a VALUE and no value is a type, so the two modules cannot compile together  [base: sge]  [§1(b) PER-LIBRARY, IN THE BASE: nothing in this module can repair it — sge is already emitted. Either that module keeps the type a `class` (its statics move to a companion, so every `X.member` call site is unchanged), or this module stops naming it as a type]
c430ffb4020d	base-surface	unanswered	sge.utils.JsonMatcher#depth		0	sge publishes 2 overloads of sge.utils.JsonMatcher#depth and they do not agree (name=depth$field; form=parenless) — a symbol carries no parameter spelling here, so the name cannot be resolved to one of them — this run would rename it for a field-vs-method it can only see because its own declarations are in the same program as the base's; the local derivation stands, and it may not be the name the base emitted  [base: sge]  [§1(b) PER-LIBRARY: declare the module that emits this field as a base (`base = "…"`) and re-run it with this engine so its port map carries a `name=` row]
76b2907ab21c	base-surface	unanswered	sge.utils.JsonValue#child		0	sge publishes 2 overloads of sge.utils.JsonValue#child and they do not agree (name=child$field; form=parenless) — a symbol carries no parameter spelling here, so the name cannot be resolved to one of them — this run would rename it for a field-vs-method it can only see because its own declarations are in the same program as the base's; the local derivation stands, and it may not be the name the base emitted  [base: sge]  [§1(b) PER-LIBRARY: declare the module that emits this field as a base (`base = "…"`) and re-run it with this engine so its port map carries a `name=` row]
41c673bf6108	base-surface	unanswered	sge.utils.JsonValue#last		0	sge publishes 2 overloads of sge.utils.JsonValue#last and they do not agree (name=last$field; form=parenless) — a symbol carries no parameter spelling here, so the name cannot be resolved to one of them — this run would rename it for a field-vs-method it can only see because its own declarations are in the same program as the base's; the local derivation stands, and it may not be the name the base emitted  [base: sge]  [§1(b) PER-LIBRARY: declare the module that emits this field as a base (`base = "…"`) and re-run it with this engine so its port map carries a `name=` row]
217eef22723f	base-surface	unanswered	sge.utils.JsonValue#name		0	sge publishes 2 overloads of sge.utils.JsonValue#name and they do not agree (name=name$field; form=parenless) — a symbol carries no parameter spelling here, so the name cannot be resolved to one of them — this run would rename it for a field-vs-method it can only see because its own declarations are in the same program as the base's; the local derivation stands, and it may not be the name the base emitted  [base: sge]  [§1(b) PER-LIBRARY: declare the module that emits this field as a base (`base = "…"`) and re-run it with this engine so its port map carries a `name=` row]
3572c978fe98	base-surface	unanswered	sge.utils.JsonValue#next		0	sge publishes 2 overloads of sge.utils.JsonValue#next and they do not agree (name=next$field; form=parenless) — a symbol carries no parameter spelling here, so the name cannot be resolved to one of them — this run would rename it for a field-vs-method it can only see because its own declarations are in the same program as the base's; the local derivation stands, and it may not be the name the base emitted  [base: sge]  [§1(b) PER-LIBRARY: declare the module that emits this field as a base (`base = "…"`) and re-run it with this engine so its port map carries a `name=` row]
27065423eebb	base-surface	unanswered	sge.utils.JsonValue#parent		0	sge publishes 2 overloads of sge.utils.JsonValue#parent and they do not agree (name=parent$field; form=parenless) — a symbol carries no parameter spelling here, so the name cannot be resolved to one of them — this run would rename it for a field-vs-method it can only see because its own declarations are in the same program as the base's; the local derivation stands, and it may not be the name the base emitted  [base: sge]  [§1(b) PER-LIBRARY: declare the module that emits this field as a base (`base = "…"`) and re-run it with this engine so its port map carries a `name=` row]
27188f2129c8	base-surface	unanswered	sge.utils.JsonValue#prev		0	sge publishes 2 overloads of sge.utils.JsonValue#prev and they do not agree (name=prev$field; form=parenless) — a symbol carries no parameter spelling here, so the name cannot be resolved to one of them — this run would rename it for a field-vs-method it can only see because its own declarations are in the same program as the base's; the local derivation stands, and it may not be the name the base emitted  [base: sge]  [§1(b) PER-LIBRARY: declare the module that emits this field as a base (`base = "…"`) and re-run it with this engine so its port map carries a `name=` row]
6bdb2fe76e2b	base-surface	unanswered	sge.utils.JsonValue#size		0	sge publishes 2 overloads of sge.utils.JsonValue#size and they do not agree (name=size$field; form=parenless) — a symbol carries no parameter spelling here, so the name cannot be resolved to one of them — this run would rename it for a field-vs-method it can only see because its own declarations are in the same program as the base's; the local derivation stands, and it may not be the name the base emitted  [base: sge]  [§1(b) PER-LIBRARY: declare the module that emits this field as a base (`base = "…"`) and re-run it with this engine so its port map carries a `name=` row]
7663d1bd1c74	base-surface	unanswered	sge.utils.JsonValue#type		0	sge publishes 2 overloads of sge.utils.JsonValue#type and they do not agree (name=type$field; form=parenless) — a symbol carries no parameter spelling here, so the name cannot be resolved to one of them — this run would rename it for a field-vs-method it can only see because its own declarations are in the same program as the base's; the local derivation stands, and it may not be the name the base emitted  [base: sge]  [§1(b) PER-LIBRARY: declare the module that emits this field as a base (`base = "…"`) and re-run it with this engine so its port map carries a `name=` row]
0cb8b861433e	base-surface	unanswered	sge.utils.PooledLinkedList#size		0	sge publishes 2 overloads of sge.utils.PooledLinkedList#size and they do not agree (name=size$field; form=parenless) — a symbol carries no parameter spelling here, so the name cannot be resolved to one of them — this run would rename it for a field-vs-method it can only see because its own declarations are in the same program as the base's; the local derivation stands, and it may not be the name the base emitted  [base: sge]  [§1(b) PER-LIBRARY: declare the module that emits this field as a base (`base = "…"`) and re-run it with this engine so its port map carries a `name=` row]
fdcee619c6f6	base-surface	unanswered	sge.utils.SortedIntList#size		0	sge publishes 2 overloads of sge.utils.SortedIntList#size and they do not agree (name=size$field; form=parenless) — a symbol carries no parameter spelling here, so the name cannot be resolved to one of them — this run would rename it for a field-vs-method it can only see because its own declarations are in the same program as the base's; the local derivation stands, and it may not be the name the base emitted  [base: sge]  [§1(b) PER-LIBRARY: declare the module that emits this field as a base (`base = "…"`) and re-run it with this engine so its port map carries a `name=` row]
27f601605fbf	catalog(consulted)	reached	JS-C01	com/github/tommyettinger/anim8/AnimatedGif.java	91	lowering CtInvocation/Expression — consulted 31861, fired 5240, declarations 0: a Java `static` is INHERITED by every subclass; a Scala companion inherits nothing
a7782a87c694	catalog(consulted)	reached	JS-C02	../../../../libgdx/gdx/src/com/badlogic/gdx/graphics/g3d/particles/influencers/DynamicsInfluencer.java	205	lowering CtInvocation/Expression + lowering CtFieldRead/Expression + lowering CtFieldWrite/Expression — consulted 90271, fired 76, declarations 0: interface constants are inherited through `implements`
100c9816a937	catalog(consulted)	reached	JS-C03	com/github/tommyettinger/anim8/PNG8.java	104	rendering ClassDef — consulted 19, fired 2, declarations 0: static HIDING is resolved by the STATIC type of the qualifier
1cdffc79babf	catalog(consulted)	reached	JS-C04	-	0	phase field-shadowing — consulted 0, fired 0, declarations 12: a subclass field SHADOWS a superclass field — two storage cells, not one
dd520ad2bfbf	catalog(consulted)	reached	JS-C05	com/github/tommyettinger/anim8/AnimatedGif.java	134	lowering CtFieldRead/Expression + lowering CtFieldWrite/Expression — consulted 58410, fired 11810, declarations 0: a static nested constant reached through a SUBCLASS's name, and `import static`
e850efebdf66	catalog(consulted)	reached	JS-C06	-	0	rendering Apply — consulted 15845, fired 0, declarations 0: `anInstance.staticMethod()` evaluates the receiver FOR ITS SIDE EFFECTS and discards it
7bf1e69d85b3	catalog(consulted)	reached	JS-C07	com/github/tommyettinger/anim8/AnimatedPNG.java	79	rendering ClassDef — consulted 19, fired 13, declarations 0: JLS's class-initialisation TRIGGER list vs Scala's uniform accessor trigger
42c67682d567	catalog(consulted)	reached	JS-C08	com/github/tommyettinger/anim8/AnimatedPNG.java	81	rendering ValDef — consulted 3660, fired 36, declarations 0: a CONSTANT VARIABLE is inlined, so reading it never triggers class initialisation
bf89d48a39f9	catalog(consulted)	reached	JS-C09	com/github/tommyettinger/anim8/AnimatedPNG.java	79	rendering ClassDef — consulted 19, fired 7, declarations 0: several `static { }` blocks and static field initialisers run in ONE textual order
fdffba0b9461	catalog(consulted)	reached	JS-C10	-	0	rendering ClassDef — consulted 19, fired 0, declarations 0: circular class initialisation delivers DEFAULT values on the same thread
ddf9936cf96b	catalog(consulted)	reached	JS-C13	com/github/tommyettinger/anim8/AnimatedGif.java	66	rendering ClassDef — consulted 19, fired 15, declarations 0: JLS 12.5's instance-creation sequence, whole
477a3f0a65be	catalog(consulted)	reached	JS-C14	com/github/tommyettinger/anim8/ChunkBuffer.java	30	rendering ClassDef — consulted 19, fired 3, declarations 0: the superclass constructor runs before this class's field initialisers
2b20bdee50f4	catalog(consulted)	reached	JS-C16	com/github/tommyettinger/anim8/ConstantData.java	65	rendering DefDef — consulted 373, fired 4, declarations 0: instance initialiser blocks
0bcf7ca77668	catalog(consulted)	reached	JS-C17	-	0	lowering CtNewClass/Expression — consulted 4355, fired 0, declarations 0: double-brace initialisation is an anonymous subclass plus an instance initialiser
5f74989d2a0c	catalog(consulted)	reached	JS-C18	-	0	rendering ClassDef — consulted 19, fired 0, declarations 0: field initialisers and instance-init blocks are ONE step-4 sequence in textual order, not two buckets
0bba535f3954	catalog(consulted)	reached	JS-C19	com/github/tommyettinger/anim8/AnimatedPNG.java	79	rendering ClassDef — consulted 19, fired 10, declarations 0: `this(...)` / `super(...)` in a secondary constructor — Scala's secondary constructors cannot call `super`
7550c0d2bc90	catalog(consulted)	reached	JS-C20	com/github/tommyettinger/anim8/FastAPNG.java	54	rendering ClassDef — consulted 19, fired 4, declarations 0: the implicit `super()` and the default constructor
611ff5587bb8	catalog(consulted)	reached	JS-C21	com/github/tommyettinger/anim8/AnimatedPNG.java	79	rendering ClassDef — consulted 19, fired 10, declarations 0: constructor overload resolution, against Scala's textual-anteriority rule
fdf42ed8ea05	catalog(consulted)	reached	JS-C22	-	0	rendering Apply — consulted 15845, fired 0, declarations 0: Java's THREE-PHASE applicability (strict, then loose, then varargs) has no Scala counterpart
d4d3ade471c2	catalog(consulted)	reached	JS-C23	-	0	rendering Apply — consulted 15845, fired 0, declarations 0: most-specific tie-break: Scala prefers a NON-GENERIC alternative and Java does not
f2297e6f35a2	catalog(consulted)	reached	JS-C25	com/github/tommyettinger/anim8/AnimatedGif.java	74	rendering DefDef — consulted 373, fired 46, declarations 0: `override` is mandatory in Scala and absent in Java
e17d171aaafe	catalog(consulted)	reached	JS-C29	com/github/tommyettinger/anim8/AnimatedGif.java	134	rendering-type TypeRef — consulted 7782, fired 47, declarations 0: a static NESTED class and an INNER class are different types, and only one is path-dependent
bef03b7c07b9	catalog(consulted)	reached	JS-C31	com/github/tommyettinger/anim8/PaletteReducer.java	1572	lowering CtNewClass/Expression — consulted 4355, fired 160, declarations 0: anonymous class construction and capture
362d6f2be439	catalog(consulted)	reached	JS-C33	com/github/tommyettinger/anim8/AnimatedGif.java	66	rendering ClassDef — consulted 19, fired 3, declarations 0: the interface default-method diamond is resolved by JLS's two rules, not by trait linearization
dabc37575a4c	catalog(consulted)	reached	JS-C34	com/github/tommyettinger/anim8/AnimatedGif.java	66	rendering ClassDef — consulted 19, fired 8, declarations 0: interface statics are not inherited AT ALL, not even by an implementor
a0cf6dda8cc9	catalog(consulted)	reached	JS-C36	-	0	rendering ValDef — consulted 3660, fired 0, declarations 0: an interface field is implicitly `public static final`
694372fe29bb	catalog(consulted)	reached	JS-C37	com/github/tommyettinger/anim8/Dithered.java	108	rendering ClassDef — consulted 19, fired 1, declarations 0: `name()`, `values()` and `valueOf` are SYNTHESISED on every Java enum
2da8561a992e	catalog(consulted)	reached	JS-C38	-	0	rendering ClassDef — consulted 19, fired 0, declarations 0: a promoted enum constructor parameter IS a member, and `name` collides with `Enum.name()`
e04b35edc6e1	catalog(consulted)	reached	JS-C39	com/github/tommyettinger/anim8/Dithered.java	108	rendering ClassDef — consulted 19, fired 1, declarations 0: `ordinal()` is part of every Java enum's surface, mentioned or not
0edbc0577e29	catalog(consulted)	reached	JS-C40	-	0	rendering ClassDef — consulted 19, fired 0, declarations 0: enum constants with PER-CONSTANT class bodies
6669624ed5f3	catalog(consulted)	reached	JS-C43	-	0	rendering ClassDef — consulted 19, fired 0, declarations 0: Java `record`
9b2b2dc8e8ce	catalog(consulted)	reached	JS-C44	-	0	rendering ClassDef — consulted 19, fired 0, declarations 0: `sealed` / `non-sealed` / `permits`
423cd4ba2155	catalog(consulted)	reached	JS-C45	com/github/tommyettinger/anim8/AnimatedPNG.java	91	rendering ValDef — consulted 3660, fired 107, declarations 0: a `final` field's JMM safe-publication guarantee
7bf5d82c66dd	catalog(consulted)	reached	JS-C46	-	0	phase member-clash — consulted 0, fired 0, declarations 790: Java has TWO name namespaces and Scala has one
06cdb5d818c4	catalog(consulted)	reached	JS-C47	com/github/tommyettinger/anim8/ChunkBuffer.java	31	rendering ClassDef + rendering DefDef + rendering ValDef — consulted 4052, fired 43, declarations 0: package-private becomes `private[pkg]`
fdb3d405c58a	catalog(consulted)	reached	JS-C48	com/github/tommyettinger/anim8/AnimatedGif.java	136	rendering ClassDef + rendering DefDef + rendering ValDef — consulted 4052, fired 63, declarations 0: Java's `protected` also grants SAME-PACKAGE access, and accessibility is an input to overload resolution
9c30d54bc0bb	catalog(consulted)	reached	JS-C49	-	0	rendering ClassDef + rendering DefDef + rendering ValDef — consulted 4052, fired 0, declarations 0: Java's `private` reaches the whole enclosing TOP-LEVEL class; Scala's reaches only the template
833d91faa924	catalog(consulted)	reached	JS-C50	com/github/tommyettinger/anim8/ChunkBuffer.java	31	rendering ClassDef + rendering DefDef + rendering ValDef — consulted 4052, fired 43, declarations 0: Java's default access is package-private and Scala's is public — INVERTED
aa56f4818d70	catalog(consulted)	reached	JS-C51	-	0	rendering ClassDef — consulted 19, fired 0, declarations 0: a `return` in a CONSTRUCTOR body, whose promotion puts it in the class body
2918d2f34b5d	catalog(consulted)	reached	JS-C53	com/github/tommyettinger/anim8/AnimatedPNG.java	80	rendering ValDef — consulted 3660, fired 52, declarations 0: a java `final` FIELD carries two facts onto a `val`: no reassignment, and no OVERRIDE
e233f9a25ee9	catalog(consulted)	reached	JS-E01	com/github/tommyettinger/anim8/PaletteReducer.java	2450	lowering CtBinaryOperator/Expression — consulted 39616, fired 580, declarations 0: `==`/`!=` are REFERENCE identity in Java; Scala's `==` calls `equals`
173fdf5b3a95	catalog(consulted)	reached	JS-E02	com/github/tommyettinger/anim8/AnimatedGif.java	474	lowering CtUnaryOperator/Expression — consulted 3050, fired 841, declarations 0: postfix/prefix `++`/`--` USED AS A VALUE yields the value before the update — the VALUE only; the operand's single evaluation is JS-E17
0115babb3d78	catalog(consulted)	reached	JS-E03	../../../../libgdx/gdx/src/com/badlogic/gdx/graphics/g2d/BitmapFont.java	750	lowering CtOperatorAssignment/Statement — consulted 2683, fired 36, declarations 0: compound assignment NARROWS implicitly to the left-hand type — STATEMENT position; the lvalue's single evaluation is JS-E17
5222c4cb52e8	catalog(consulted)	reached	JS-E04	-	0	lowering CtOperatorAssignment/Expression — consulted 9, fired 0, declarations 0: compound assignment NARROWS implicitly to the left-hand type — EXPRESSION position; the lvalue's single evaluation is JS-E17
13b762c0f31f	catalog(consulted)	reached	JS-E05	com/github/tommyettinger/anim8/AnimatedGif.java	464	lowering CtConditional/Expression — consulted 906, fired 906, declarations 0: the conditional operator's type is computed, not the syntactic lub of its branches
59ff4743cb1e	catalog(consulted)	reached	JS-E06	-	0	rendering Typed — consulted 762, fired 0, declarations 0: a primitive cast is a CONVERSION in Java and an assertion in Scala once a phase has retyped the value
7ca7b89c9f50	catalog(consulted)	reached	JS-E14	../../../../libgdx/gdx/src/com/badlogic/gdx/Graphics.java	79	lowering CtBinaryOperator/Expression — consulted 39616, fired 23, declarations 0: string concatenation with a NON-`String` left operand
7a580faaafb5	catalog(consulted)	reached	JS-E15	com/github/tommyettinger/anim8/AnimatedGif.java	457	lowering CtAssignment/Expression — consulted 627, fired 627, declarations 0: an assignment IS an expression, with the assigned value
bae897cd95ee	catalog(consulted)	reached	JS-E17	com/github/tommyettinger/anim8/AnimatedGif.java	513	lowering CtOperatorAssignment/Either — consulted 2692, fired 2692, declarations 0: a compound assignment and `++`/`--` evaluate the LVALUE ONCE — its array reference, its index, its target
45be4351f114	catalog(consulted)	reached	JS-E19	-	0	lowering CtConstructorCall/Expression — consulted 4355, fired 0, declarations 0: a BOXING CONSTRUCTOR — `new Double(v)` — is deprecated for removal; the JDK names `valueOf`
afde1b8695e3	catalog(consulted)	reached	JS-E20	-	0	rendering Literal — consulted 13313, fired 0, declarations 0: a PRIMITIVE class literal — `int.class` is statically `Class<Integer>`, not `Class<int>`
35a395061a6f	catalog(consulted)	reached	JS-G01	<synthetic>	0	lowering-type CtWildcardReference + rendering-type TypeBounds — consulted 1052, fired 638, declarations 0: use-site wildcards, with the matching bound grammar
6a99cf74b3b2	catalog(consulted)	reached	JS-G03	-	0	lowering-type CtWildcardReference — consulted 1052, fired 0, declarations 0: `? super Object` has exactly one inhabitant
7b96609caa00	catalog(consulted)	reached	JS-G04	-	0	rendering ForEach — consulted 8, fired 0, declarations 0: a captured wildcard on ITERATION has no nameable type
343ee0943934	catalog(consulted)	reached	JS-G05	-	0	rendering ClassDef — consulted 19, fired 0, declarations 0: a wildcard in an `extends` clause takes the parameter's DECLARED bound
b44adc035c9a	catalog(consulted)	reached	JS-G06	-	0	phase raw-parent-alignment — consulted 0, fired 0, declarations 26: a de-wildcarded raw PARENT and its overrides must agree
40f956b738c5	catalog(consulted)	reached	JS-G07	<synthetic>	0	lowering-type CtTypeReference — consulted 475896, fired 5149, declarations 0: a RAW type erases the REFERENCE's generics, not the class's
04285c61e1ee	catalog(consulted)	reached	JS-G08	<synthetic>	0	lowering-type CtTypeReference — consulted 475896, fired 1212, declarations 0: the same raw Java type renders DIFFERENTLY per scope, and correctly so
6c14c0eb159d	catalog(consulted)	reached	JS-G09	../../../../libgdx/gdx/src/com/badlogic/gdx/InputMultiplexer.java	26	lowering CtInvocation/Expression + lowering CtConstructorCall/Expression + lowering CtNewClass/Expression + lowering CtNewArray/Expression + lowering CtLocalVariable/Statement + lowering CtField/Declaration + lowering CtAssignment/Either + lowering CtReturn/Statement — consulted 81594, fired 1206, declarations 0: UNCHECKED CONVERSION at a raw type is legal in Java and is not in Scala
b7e7ca247cb1	catalog(consulted)	reached	JS-G10	../../../../libgdx/gdx/src/com/badlogic/gdx/scenes/scene2d/ui/SelectBox.java	67	lowering CtNewClass/Expression — consulted 4355, fired 4, declarations 0: a RAW anonymous class WITH a body
f2f790a84da9	catalog(consulted)	reached	JS-G11	com/github/tommyettinger/anim8/Dithered.java	108	rendering ClassDef — consulted 19, fired 1, declarations 0: a partially-nameable F-BOUNDED raw fill
c52524343bcd	catalog(consulted)	reached	JS-G12	<synthetic>	0	lowering-type CtTypeParameterReference + rendering-type TypeRef — consulted 19199, fired 577, declarations 0: a diamond's inference variable has NO NAMEABLE type
57c646473f78	catalog(consulted)	reached	JS-G13	../../../../libgdx/gdx/src/com/badlogic/gdx/InputMultiplexer.java	32	lowering CtInvocation/Expression + lowering CtConstructorCall/Expression + lowering CtNewClass/Expression + lowering CtNewArray/Expression + lowering CtLocalVariable/Statement + lowering CtField/Declaration + lowering CtAssignment/Either + lowering CtReturn/Statement — consulted 81594, fired 192, declarations 0: Java arrays are COVARIANT, with a runtime `ArrayStoreException`; Scala's are invariant
f4b646e398f3	catalog(consulted)	reached	JS-G14	../../../../libgdx/gdx/src/com/badlogic/gdx/graphics/g3d/loader/ObjLoader.java	150	lowering CtInvocation/Expression + lowering CtConstructorCall/Expression + lowering CtNewClass/Expression + lowering CtNewArray/Expression + lowering CtLocalVariable/Statement + lowering CtField/Declaration + lowering CtAssignment/Either + lowering CtReturn/Statement — consulted 81594, fired 112, declarations 0: a primitive at a generic slot boxes to the WRAPPER, not to the formal
ac562596e434	catalog(consulted)	reached	JS-G15	../../../../libgdx/gdx/src/com/badlogic/gdx/utils/IntMap.java	98	lowering CtNewArray/Expression — consulted 516, fired 19, declarations 0: GENERIC ARRAY CREATION is illegal in Java, so only the cast idiom reaches the engine
d88ad9745894	catalog(consulted)	reached	JS-G17	com/github/tommyettinger/anim8/AnimatedGif.java	462	rendering ArrayLength + rendering MethodRef — consulted 114, fired 114, declarations 0: `.length`, an array's `Class` object, and `T[]::new`
1c13b7159cc4	catalog(consulted)	reached	JS-G18	com/github/tommyettinger/anim8/AnimatedGif.java	222	lowering CtInvocation/Expression + lowering CtConstructorCall/Expression + lowering CtNewClass/Expression — consulted 36216, fired 7377, declarations 0: under `noClasspath` a REFERENCE erases and a DECLARATION does not
3f402aa5dc06	catalog(consulted)	reached	JS-G22	../../../../libgdx/gdx/src/com/badlogic/gdx/assets/AssetLoadingTask.java	75	lowering CtInvocation/Expression — consulted 31861, fired 93, declarations 0: a raw member access through an ERASED RECEIVER types the CALL, not just the receiver
08ef8b774d29	catalog(consulted)	reached	JS-G29	com/github/tommyettinger/anim8/PNG8.java	8367	lowering CtInvocation/Expression — consulted 31861, fired 664, declarations 0: diamond inference in the ordinary case
e261b8561d60	catalog(consulted)	reached	JS-G30	../../../../libgdx/gdx/src/com/badlogic/gdx/assets/AssetManager.java	136	lowering CtInvocation/Expression — consulted 31861, fired 61, declarations 0: an UNCONSTRAINED method type parameter: Java infers its BOUND and Scala infers `Nothing`
8ea740e15329	catalog(consulted)	reached	JS-G31	com/github/tommyettinger/anim8/PaletteReducer.java	2751	lowering CtInvocation/Expression — consulted 36216, fired 132, declarations 0: a POLY EXPRESSION must never be cast as a whole
46a2cb94d87a	catalog(consulted)	reached	JS-G32	com/github/tommyettinger/anim8/PNG8.java	8315	lowering CtInvocation/Expression + lowering CtConstructorCall/Expression + lowering CtNewClass/Expression — consulted 36216, fired 1296, declarations 0: a callee's OWN type variables never resolve at the caller
181d7623b1e6	catalog(consulted)	reached	JS-G34	-	0	rendering Typed — consulted 762, fired 0, declarations 0: a Java INTERSECTION in a cast becomes Scala's `&`
aba559e75a66	catalog(consulted)	reached	JS-G35	-	0	rendering ClassDef + rendering DefDef — consulted 392, fired 0, declarations 0: Scala CHECKS an F-bound where javac does not
57f67096fafb	catalog(consulted)	reached	JS-G37	../../../../libgdx/gdx/src/com/badlogic/gdx/graphics/g2d/BitmapFont.java	144	lowering CtInvocation/Expression + lowering CtConstructorCall/Expression + lowering CtNewClass/Expression — consulted 36216, fired 17, declarations 0: `T...` is an `Array[T]`, materialised at the port's OWN call sites
7462181c83b8	catalog(consulted)	reached	JS-G38	../../../../libgdx/gdx/src/com/badlogic/gdx/InputMultiplexer.java	32	lowering CtInvocation/Expression + lowering CtConstructorCall/Expression + lowering CtNewClass/Expression — consulted 36216, fired 61, declarations 0: a vararg slot ALREADY holding an array must not be re-packed — and neither a primitive array nor an under-dimensioned one forwards
419296f63da0	catalog(consulted)	reached	JS-G39	../../../../libgdx/gdx/src/com/badlogic/gdx/utils/Json.java	201	lowering CtInvocation/Expression + lowering CtConstructorCall/Expression + lowering CtNewClass/Expression + rendering Apply — consulted 52061, fired 7, declarations 0: an EXTERNAL callee's `T...` is read by scalac as a REPEATED parameter
ea8f226fc0cb	catalog(consulted)	reached	JS-G40	../../../../libgdx/gdx/src/com/badlogic/gdx/utils/Json.java	201	lowering CtInvocation/Expression + lowering CtConstructorCall/Expression + lowering CtNewClass/Expression + rendering Spread — consulted 36216, fired 7, declarations 0: the COMPOSITION of JS-G38 and JS-G39 — an array forwarded through an external vararg slot
0048546e12dc	catalog(consulted)	reached	JS-G41	-	0	rendering DefDef — consulted 373, fired 0, declarations 0: `@SafeVarargs` and heap pollution
d3df556c5b55	catalog(consulted)	reached	JS-G42	../../../../libgdx/gdx/src/com/badlogic/gdx/InputMultiplexer.java	32	lowering CtInvocation/Expression + lowering CtConstructorCall/Expression + lowering CtNewClass/Expression — consulted 36216, fired 16, declarations 0: a generic vararg's COMPONENT element type has four layered sources
9ef29b7885ca	catalog(consulted)	reached	JS-G43	com/github/tommyettinger/anim8/PaletteReducer.java	2751	lowering CtExecutableReferenceExpression/Expression + rendering MethodRef — consulted 133, fired 133, declarations 0: METHOD REFERENCES are five forms sharing one syntax — static, unbound, bound, constructor, array constructor
166d9f103bb7	catalog(consulted)	reached	JS-G48	-	0	phase collections — consulted 0, fired 0, declarations 6: a REIFIED type occurrence asks about a RUNTIME OBJECT, so a retyping moves the question and not the answer
9686a6343c66	catalog(consulted)	reached	JS-G49	-	0	lowering-type CtTypeParameterReference — consulted 11417, fired 0, declarations 0: an UNCHECKED override: java lets a method's ERASURE be a SUBSIGNATURE of a generic one
a95707a4657d	catalog(consulted)	reached	JS-S01	com/github/tommyettinger/anim8/LZWEncoder.java	202	rendering While + rendering For + rendering ForEach + rendering DoWhile — consulted 469, fired 12, declarations 0: an unlabelled `break`/`continue` binds LEXICALLY to the innermost enclosing loop or switch
cea88bccfab8	catalog(consulted)	reached	JS-S03	-	0	rendering While + rendering For + rendering ForEach + rendering DoWhile — consulted 469, fired 0, declarations 0: a `boundary` the emitter INTERPOSES steals the enclosing loop's un-annotated jumps
96be2ad82579	catalog(consulted)	reached	JS-S04	../../../../libgdx/gdx/src/com/badlogic/gdx/files/FileHandle.java	555	lowering CtSwitch/Statement — consulted 153, fired 17, declarations 0: switch FALLTHROUGH runs the next case's statements
6bdefa2a39e8	catalog(consulted)	reached	JS-S05	../../../../libgdx/gdx/src/com/badlogic/gdx/files/FileHandle.java	555	lowering CtSwitch/Statement — consulted 153, fired 97, declarations 0: a `switch` with no `default` FALLS OUT; a `match` with no `case _` throws
97f0006a70a5	catalog(consulted)	reached	JS-S06	-	0	rendering Match — consulted 8, fired 0, declarations 0: an unlabelled `break` in the MIDDLE of a case ends the CASE
429c4d0686a9	catalog(consulted)	reached	JS-S07	com/github/tommyettinger/anim8/AnimatedGif.java	1643	lowering CtSwitch/Statement — consulted 153, fired 108, declarations 0: only an UNLABELLED trailing `break` terminates a case; a labelled one leaves the LOOP
716a5ee6cc4a	catalog(consulted)	reached	JS-S08	com/github/tommyettinger/anim8/AnimatedGif.java	2195	rendering Match — consulted 8, fired 4, declarations 0: a `null` selector throws NPE IMPLICITLY — a classic switch has no `case null` to opt out with
b752082b27b8	catalog(consulted)	reached	JS-S10	-	0	lowering CtSwitch/Statement + lowering CtSwitchExpression/Expression — consulted 153, fired 0, declarations 0: pattern and record switch, with sealed exhaustiveness
5c51e81f0716	catalog(consulted)	reached	JS-S11	-	0	rendering Try — consulted 78, fired 0, declarations 0: a translated CATCH swallows a translated JUMP — `boundary.Break` is a `RuntimeException`
788e6faff6d7	catalog(consulted)	reached	JS-S12	com/github/tommyettinger/anim8/AnimatedGif.java	88	rendering Try — consulted 78, fired 11, declarations 0: a `finally` completing abruptly DISCARDS the try's own abrupt completion
209f45d78e72	catalog(consulted)	reached	JS-S13	-	0	rendering Try — consulted 78, fired 0, declarations 0: try-with-resources closes on ANY completion, in reverse order, before this try's own catch
aa96f63d5180	catalog(consulted)	reached	JS-S14	com/github/tommyettinger/anim8/AnimatedGif.java	332	lowering CtTry/Statement — consulted 289, fired 248, declarations 0: multi-catch `A | B`
0058a1dee2f4	catalog(consulted)	reached	JS-S15	com/github/tommyettinger/anim8/PaletteReducer.java	1899	rendering ForEach — consulted 8, fired 8, declarations 0: the enhanced-for expression is evaluated ONCE, and arrays and `Iterable` differ
27071a6195d4	catalog(consulted)	reached	JS-S16	-	0	rendering ForEach — consulted 8, fired 0, declarations 0: the enhanced-for BINDING may be reassigned in the body, and may be declared at a supertype
4077cf77024e	catalog(consulted)	reached	JS-S17	com/github/tommyettinger/anim8/AnimatedGif.java	126	rendering For — consulted 443, fired 443, declarations 0: the classic `for`'s UPDATE runs on `continue`, and its `ForInit` scopes to the loop
537aed8f2082	catalog(consulted)	reached	JS-S18	com/github/tommyettinger/anim8/LZWEncoder.java	214	lowering CtDo/Statement + rendering DoWhile — consulted 48, fired 48, declarations 0: `do`-`while` — Scala 3 removed it
0b67fa1132fc	catalog(consulted)	reached	JS-S19	com/github/tommyettinger/anim8/AnimatedGif.java	136	rendering ValDef — consulted 3660, fired 937, declarations 0: definite assignment for LOCALS — Java rejects a read before assignment
bdff77640640	catalog(consulted)	reached	JS-S21	-	0	rendering Lambda — consulted 11, fired 0, declarations 0: `return` inside a lambda body returns from the LAMBDA, not from the method
35dc991698f4	catalog(consulted)	reached	JS-S22	../../../../libgdx/gdx/src/com/badlogic/gdx/InputEventQueue.java	41	lowering CtSynchronized/Statement — consulted 52, fired 52, declarations 0: `synchronized` as a statement
b70d9b839ee5	catalog(consulted)	reached	JS-S25	-	0	rendering DefDef — consulted 373, fired 0, declarations 0: Java REJECTS unreachable code and Scala allows it — composed with `break`
33dd8f16b476	catalog(consulted)	reached	JS-S26	-	0	rendering ForEach — consulted 8, fired 0, declarations 0: a `return` inside an enhanced-for body becomes a NON-LOCAL RETURN in Scala's `.foreach` desugaring
9c22be7f2f32	catalog(uncited)	handled	JS-C01	-	0	UNCITED — a companion object has no inheritance relation to its class's parents (JLS side: JLS 8.2, 8.4.8): a Java `static` is INHERITED by every subclass; a Scala companion inherits nothing
3047600ceab7	catalog(uncited)	handled	JS-C02	-	0	UNCITED — as JS-C01, through the interface edge (JLS side: JLS 9.3, 8.1.5): interface constants are inherited through `implements`
c16eaa596e70	catalog(uncited)	handled	JS-C03	-	0	UNCITED — a companion re-export must not merge a redeclaration away (JLS side: JLS 8.4.8.2): static HIDING is resolved by the STATIC type of the qualifier
e6043578ce6b	catalog(uncited)	handled	JS-C04	-	0	UNCITED — a same-named Scala member is an OVERRIDE, virtually dispatched (JLS side: JLS 8.3, 6.4.1): a subclass field SHADOWS a superclass field — two storage cells, not one
86b74f79634f	catalog(uncited)	handled	JS-C05	-	0	UNCITED — fully-qualified emission removes the question (JLS side: JLS 6.5.6, 7.5.3): a static nested constant reached through a SUBCLASS's name, and `import static`
2974cd95acc0	catalog(uncited)	handled	JS-C06	-	0	UNCITED — a companion call has no receiver slot to put the expression in (JLS side: JLS 15.12.4.1): `anInstance.staticMethod()` evaluates the receiver FOR ITS SIDE EFFECTS and discards it
4f45994343df	catalog(uncited)	handled	JS-C08	-	0	UNCITED — `inline val` is the image; a typed `val` triggers the initialiser (JLS side: JLS 4.12.4, 13.1): a CONSTANT VARIABLE is inlined, so reading it never triggers class initialisation
aaa662dea242	catalog(uncited)	handled	JS-C09	-	0	UNCITED — an object body is one sequence, so the order has to survive the frontend (JLS side: JLS 12.4.2): several `static { }` blocks and static field initialisers run in ONE textual order
8ba79dfd3e53	catalog(uncited)	handled	JS-C14	-	0	UNCITED — the same order, once a primary constructor exists to host it (JLS side: JLS 12.5): the superclass constructor runs before this class's field initialisers
02f8becc671a	catalog(uncited)	handled	JS-C16	-	0	UNCITED — a statement in the class body is the image (JLS side: JLS 8.6): instance initialiser blocks
0a2cd2c7c4e4	catalog(uncited)	handled	JS-C18	-	0	UNCITED — the same sequence, which a frontend that groups by NODE KIND has already lost (JLS side: JLS 12.5): field initialisers and instance-init blocks are ONE step-4 sequence in textual order, not two buckets
d0d12b068c78	catalog(uncited)	handled	JS-C19	-	0	UNCITED — only a primary constructor may call the superclass constructor (JLS side: JLS 8.8.7.1): `this(...)` / `super(...)` in a secondary constructor — Scala's secondary constructors cannot call `super`
4d00dc03e31e	catalog(uncited)	handled	JS-C20	-	0	UNCITED — a Scala class always has a primary constructor (JLS side: JLS 8.8.7, 8.8.9): the implicit `super()` and the default constructor
4d6d05b50ca8	catalog(uncited)	handled	JS-C25	-	0	UNCITED — an override without the modifier is an error (JLS side: JLS 8.4.8.1): `override` is mandatory in Scala and absent in Java
977ba26281ed	catalog(uncited)	handled	JS-C29	-	0	UNCITED — `Outer#Inner` is the type projection; `outer.Inner` is the path-dependent type (JLS side: JLS 8.1.3): a static NESTED class and an INNER class are different types, and only one is path-dependent
198cdb711811	catalog(uncited)	handled	JS-C30	-	0	UNCITED — Scala has a direct counterpart; only the capture wiring is missing (JLS side: JLS 14.3): method-LOCAL named classes
00424df3de72	catalog(uncited)	handled	JS-C31	-	0	UNCITED — the same construct, with a synthesised name (JLS side: JLS 15.9.5): anonymous class construction and capture
f546fdbb040c	catalog(uncited)	handled	JS-C34	-	0	UNCITED — a corollary of JS-C01 at the interface edge (JLS side: JLS 8.4.8, 9.3): interface statics are not inherited AT ALL, not even by an implementor
ebfa8edb083a	catalog(uncited)	handled	JS-C36	-	0	UNCITED — a corollary of JS-C01, JS-C02 and JS-C08 (JLS side: JLS 9.3): an interface field is implicitly `public static final`
e29f2e7f69a9	catalog(uncited)	handled	JS-C37	-	0	UNCITED — a Scala 3 `enum` has a different, non-identical surface: it inherits `name()` from `java.lang.Enum` and its desugaring supplies `values`/`valueOf`, but `values` is PARENLESS where java writes `values()` (JLS side: JLS 8.9.3): `name()`, `values()` and `valueOf` are SYNTHESISED on every Java enum
5669b52f1725	catalog(uncited)	handled	JS-C38	-	0	UNCITED — a constructor parameter becomes a class member (JLS side: JLS 8.9.2): a promoted enum constructor parameter IS a member, and `name` collides with `Enum.name()`
8d3678233c95	catalog(uncited)	handled	JS-C39	-	0	UNCITED — nothing supplies it unless it is emitted (JLS side: JLS 8.9.3): `ordinal()` is part of every Java enum's surface, mentioned or not
e5904b642252	catalog(uncited)	handled	JS-C45	-	0	UNCITED — a `val` carries the same guarantee (JLS side: JLS 17.5): a `final` field's JMM safe-publication guarantee
e17fc42e19ae	catalog(uncited)	handled	JS-C46	-	0	UNCITED — one namespace, resolved innermost-first (JLS side: JLS 6.5): Java has TWO name namespaces and Scala has one
a3ec5cfa1317	catalog(uncited)	handled	JS-C47	-	0	UNCITED — a qualified `private` is the image (JLS side: JLS 6.6.1): package-private becomes `private[pkg]`
82c8c3f34227	catalog(uncited)	handled	JS-C48	-	0	UNCITED — Scala's `protected` grants no package access (JLS side: JLS 6.6.2, 15.12.1): Java's `protected` also grants SAME-PACKAGE access, and accessibility is an input to overload resolution
96a65a55af95	catalog(uncited)	handled	JS-C49	-	0	UNCITED — a qualified `private[TopLevel]` is the image (JLS side: JLS 6.6.1): Java's `private` reaches the whole enclosing TOP-LEVEL class; Scala's reaches only the template
09ba489df46e	catalog(uncited)	handled	JS-C50	-	0	UNCITED — emitting nothing means public, which is the wrong default (JLS side: JLS 6.6.1): Java's default access is package-private and Scala's is public — INVERTED
301231c6a335	catalog(uncited)	handled	JS-C51	-	0	UNCITED — a scala class body is not a method, so `return` is rejected outright (JLS side: JLS 14.17, 8.8.7): a `return` in a CONSTRUCTOR body, whose promotion puts it in the class body
c3a88d5d57d5	catalog(uncited)	handled	JS-E02	-	0	UNCITED — Scala has no increment operator; `x += 1` has type `Unit` (JLS side: JLS 15.14.2, 15.15.1): postfix/prefix `++`/`--` USED AS A VALUE yields the value before the update — the VALUE only; the operand's single evaluation is JS-E17
35e8bdb7bea4	catalog(uncited)	handled	JS-E05	-	0	UNCITED — an `if` expression types as the lub of its branches (JLS side: JLS 15.25.2): the conditional operator's type is computed, not the syntactic lub of its branches
4621dd1cc77f	catalog(uncited)	handled	JS-E14	-	0	UNCITED — `+` on a non-`String` left operand is that type's own `+` (JLS side: JLS 15.18.1): string concatenation with a NON-`String` left operand
0a8469e3664d	catalog(uncited)	handled	JS-E19	-	0	UNCITED — scalac's `-deprecation` under the reference build's `-Werror` makes each site an error (12 in one port) (JLS side: JDK 9 `@Deprecated(since="9", forRemoval=true)` on every `java.lang` wrapper constructor): a BOXING CONSTRUCTOR — `new Double(v)` — is deprecated for removal; the JDK names `valueOf`
13ea96c7898b	catalog(uncited)	handled	JS-G01	-	0	UNCITED — `?` with `<:`/`>:` bounds (JLS side: JLS 4.5.1): use-site wildcards, with the matching bound grammar
cc4aa3708886	catalog(uncited)	handled	JS-G03	-	0	UNCITED — the corresponding Scala bound is not the same set (JLS side: JLS 4.5.1): `? super Object` has exactly one inhabitant
ce54f52fc24d	catalog(uncited)	handled	JS-G04	-	0	UNCITED — the capture cannot be written, so an alias plus a widening cast is the image (JLS side: JLS 5.1.10, 14.14.2): a captured wildcard on ITERATION has no nameable type
239a622020c9	catalog(uncited)	handled	JS-G05	-	0	UNCITED — no wildcard is legal in a parent, so the bound has to be filled (JLS side: JLS 4.5.1, 8.1.4): a wildcard in an `extends` clause takes the parameter's DECLARED bound
671d9e12a408	catalog(uncited)	handled	JS-G06	-	0	UNCITED — an override is checked against the parent as emitted (JLS side: JLS 4.8, 8.4.8.1): a de-wildcarded raw PARENT and its overrides must agree
b9ed2336e33b	catalog(uncited)	handled	JS-G07	-	0	UNCITED — `[?]` everywhere is the only fill that round-trips across an override (JLS side: JLS 4.8): a RAW type erases the REFERENCE's generics, not the class's
78e531d9d040	catalog(uncited)	handled	JS-G08	-	0	UNCITED — the rendering depends on whether the scope is an override (JLS side: JLS 4.8): the same raw Java type renders DIFFERENTLY per scope, and correctly so
a059b1d2b6bb	catalog(uncited)	handled	JS-G09	-	0	UNCITED — an explicit cast is the image (JLS side: JLS 5.1.9): UNCHECKED CONVERSION at a raw type is legal in Java and is not in Scala
ac8d477920fa	catalog(uncited)	handled	JS-G12	-	0	UNCITED — the marker must never be printed (JLS side: JLS 15.9.1, 18): a diamond's inference variable has NO NAMEABLE type
cb60a8255fcd	catalog(uncited)	handled	JS-G13	-	0	UNCITED — `Array[T]` is invariant, so a cast is needed at the use (JLS side: JLS 4.10.3, 10.10): Java arrays are COVARIANT, with a runtime `ArrayStoreException`; Scala's are invariant
0cde26b00cef	catalog(uncited)	handled	JS-G15	-	0	UNCITED — the same restriction, reached through JS-G13's generality (JLS side: JLS 15.10.1): GENERIC ARRAY CREATION is illegal in Java, so only the cast idiom reaches the engine
8e8bf19fb753	catalog(uncited)	handled	JS-G17	-	0	UNCITED — `.length` is a method and the array constructor reference is a lambda (JLS side: JLS 10.7, 15.13): `.length`, an array's `Class` object, and `T[]::new`
a8b012018b9c	catalog(uncited)	handled	JS-G18	-	0	UNCITED — a producer/consumer erasure conflict the frontend has to resolve (JLS side: JLS 4.6): under `noClasspath` a REFERENCE erases and a DECLARATION does not
097007e1109e	catalog(uncited)	handled	JS-G22	-	0	UNCITED — the receiver view and the member's type through it must be produced together (JLS side: JLS 4.8): a raw member access through an ERASED RECEIVER types the CALL, not just the receiver
b9b2f192761b	catalog(uncited)	handled	JS-G29	-	0	UNCITED — Scala infers the same arguments where they are determined (JLS side: JLS 15.9.1): diamond inference in the ordinary case
1587c7edf556	catalog(uncited)	handled	JS-G30	-	0	UNCITED — an unconstrained inference variable resolves to the lower bound (JLS side: JLS 18.1.3): an UNCONSTRAINED method type parameter: Java infers its BOUND and Scala infers `Nothing`
c6a03c1fe7db	catalog(uncited)	handled	JS-G31	-	0	UNCITED — no Scala 3 reference page located; the SAM-conversion behaviour is probed, not cited (JLS side: JLS 15.2): a POLY EXPRESSION must never be cast as a whole
835fcc8d210c	catalog(uncited)	handled	JS-G32	-	0	UNCITED — the callee's variables are not in scope at the call site (JLS side: JLS 18.5.1): a callee's OWN type variables never resolve at the caller
4ec1ed5b5c8a	catalog(uncited)	handled	JS-G33	-	0	UNCITED — no Scala 3 reference page located for the eligibility rule (JLS side: JLS 9.8, 15.27.3): SAM conversion eligibility
9c80181f29bf	catalog(uncited)	handled	JS-G34	-	0	UNCITED — `A & B` is the image (JLS side: JLS 4.9, 15.16): a Java INTERSECTION in a cast becomes Scala's `&`
b983cac13b87	catalog(uncited)	handled	JS-G35	-	0	UNCITED — the bound is checked at every use, so a naive erasure is rejected (JLS side: JLS 4.4): Scala CHECKS an F-bound where javac does not
a0165a369d1e	catalog(uncited)	handled	JS-G37	-	0	UNCITED — a declared vararg becomes an array parameter, so callers must pack (JLS side: JLS 8.4.1, 15.12.4.2): `T...` is an `Array[T]`, materialised at the port's OWN call sites
0fe21c846504	catalog(uncited)	handled	JS-G38	-	0	UNCITED — ASSIGNABILITY to the parameter's array type decides, never `is an array`: a primitive array is assignable to nothing but its own, and at a `T[]...` slot a one-dimensional argument is assignable to the COMPONENT only (JLS side: JLS 15.12.4.2): a vararg slot ALREADY holding an array must not be re-packed — and neither a primitive array nor an under-dimensioned one forwards
1a207f77540c	catalog(uncited)	handled	JS-G39	-	0	UNCITED — a class file's `T...` is a repeated parameter, so a bare array conforms as ONE element (JLS side: JLS 15.12.4.2): an EXTERNAL callee's `T...` is read by scalac as a REPEATED parameter
924371cff7ae	catalog(uncited)	handled	JS-G40	-	0	UNCITED — only a spec over the composition finds it (JLS side: JLS 15.12.4.2): the COMPOSITION of JS-G38 and JS-G39 — an array forwarded through an external vararg slot
f8943e1b9286	catalog(uncited)	handled	JS-G42	-	0	UNCITED — the DECLARATION is the source that is correct in all four (JLS side: JLS 15.12.4.2, 18): a generic vararg's COMPONENT element type has four layered sources
f19ad35b5053	catalog(uncited)	handled	JS-G43	-	0	UNCITED — each form is a different lambda, and `Flags.isStatic` is the discriminator (JLS side: JLS 15.13): METHOD REFERENCES are five forms sharing one syntax — static, unbound, bound, constructor, array constructor
0ba9aa82c787	catalog(uncited)	handled	JS-G49	-	0	UNCITED — scala has no subsignature rule; a method with no type parameters cannot override one with them (JLS side: JLS 8.4.2, 8.4.8.1): an UNCHECKED override: java lets a method's ERASURE be a SUBSIGNATURE of a generic one
864970b851e2	catalog(uncited)	handled	JS-S01	-	0	UNCITED — `boundary`/`break` resolve the innermost `Label` in implicit scope (JLS side: JLS 14.15, 14.16): an unlabelled `break`/`continue` binds LEXICALLY to the innermost enclosing loop or switch
baa652a5468f	catalog(uncited)	handled	JS-S02	-	0	UNCITED — Scala has no labelled statement; a named `boundary` is the image (JLS side: JLS 14.7): a LABEL sits on any statement, not only on a loop
151125719bb7	catalog(uncited)	handled	JS-S03	-	0	UNCITED — `boundary.break` with no `using` resolves the innermost `Label` (JLS side: JLS 14.15): a `boundary` the emitter INTERPOSES steals the enclosing loop's un-annotated jumps
275c52696dbc	catalog(uncited)	handled	JS-S04	-	0	UNCITED — a `match` arm never falls through (JLS side: JLS 14.11.3): switch FALLTHROUGH runs the next case's statements
992f43fbf6e0	catalog(uncited)	handled	JS-S05	-	0	UNCITED — an unmatched `match` throws `MatchError` (JLS side: JLS 14.11.3): a `switch` with no `default` FALLS OUT; a `match` with no `case _` throws
cf8f90e23ba9	catalog(uncited)	handled	JS-S06	-	0	UNCITED — a `match` arm cannot be left early (JLS side: JLS 14.15): an unlabelled `break` in the MIDDLE of a case ends the CASE
7f10e6c09f25	catalog(uncited)	handled	JS-S07	-	0	UNCITED — no counterpart; the two must be told apart before stripping (JLS side: JLS 14.15): only an UNLABELLED trailing `break` terminates a case; a labelled one leaves the LOOP
97b9cfa9f5c3	catalog(uncited)	handled	JS-S08	-	0	UNCITED — `null` matches no literal pattern and reaches the last arm (JLS side: JLS 14.11.2): a `null` selector throws NPE IMPLICITLY — a classic switch has no `case null` to opt out with
0f3c40f5f2f7	catalog(uncited)	handled	JS-S09	-	0	UNCITED — a `match` is already an expression, so the image exists (JLS side: JLS 15.28, 14.21): switch EXPRESSIONS and `yield`
430dd93f51a8	catalog(uncited)	handled	JS-S11	-	0	UNCITED — `scala.util.boundary.Break` extends `RuntimeException` (JLS side: JLS 14.15, 14.20): a translated CATCH swallows a translated JUMP — `boundary.Break` is a `RuntimeException`
ddb00ef3eec4	catalog(uncited)	handled	JS-S13	-	0	UNCITED — no counterpart statement; `Using` is not one (it is a lambda) (JLS side: JLS 14.20.3): try-with-resources closes on ANY completion, in reverse order, before this try's own catch
60e97f8ed28b	catalog(uncited)	handled	JS-S14	-	0	UNCITED — a union type in the pattern (JLS side: JLS 14.20): multi-catch `A | B`
974224a3c2de	catalog(uncited)	handled	JS-S15	-	0	UNCITED — the same, by construction of the emitted loop (JLS side: JLS 14.14.2): the enhanced-for expression is evaluated ONCE, and arrays and `Iterable` differ
a36f6e8ee774	catalog(uncited)	handled	JS-S16	-	0	UNCITED — a `for` binding is a `val` (JLS side: JLS 14.14.2): the enhanced-for BINDING may be reassigned in the body, and may be declared at a supertype
98ba228d9f2d	catalog(uncited)	handled	JS-S17	-	0	UNCITED — `while` has no update clause, so it has to be placed (JLS side: JLS 14.14.1): the classic `for`'s UPDATE runs on `continue`, and its `ForInit` scopes to the loop
d461084a2020	catalog(uncited)	handled	JS-S18	-	0	UNCITED — Scala 3 has no `do`-`while`; `while ({ body; cond }) ()` is the image (JLS side: JLS 14.13): `do`-`while` — Scala 3 removed it
62291c7fd294	catalog(uncited)	handled	JS-S21	-	0	UNCITED — a `return` in a Scala lambda is a non-local return from the enclosing method (JLS side: JLS 15.27.2): `return` inside a lambda body returns from the LAMBDA, not from the method
bd6e520e2d23	catalog(uncited)	handled	JS-S22	-	0	UNCITED — `.synchronized`, with the same monitor bytecode (JLS side: JLS 14.19): `synchronized` as a statement
1c3b367e92aa	catalog(uncited)	handled	JS-S25	-	0	UNCITED — Scala has no unreachable-statement rule (JLS side: JLS 14.21): Java REJECTS unreachable code and Scala allows it — composed with `break`
ce670f1fd3f7	catalog(uncited)	handled	JS-S26	-	0	UNCITED — Scala's `for (x <- xs) { ... }` desugars to `.foreach(x => ...)` and `return` inside the lambda is a non-local return, deprecated/errored under `-Werror` (JLS side: JLS 14.14.2): a `return` inside an enhanced-for body becomes a NON-LOCAL RETURN in Scala's `.foreach` desugaring
1c32968f82ee	catalog(uncited)	non-diff	JS-C11	-	0	UNCITED — the same JVM mechanism (JLS side: JLS 12.4.2): a superclass is initialised before its subclass
420f8947e9ff	catalog(uncited)	non-diff	JS-C15	-	0	UNCITED — the identical hazard (JLS side: JLS 12.5): a virtual call from a constructor sees UNINITIALISED subclass state
7f39b3ac3114	catalog(uncited)	non-diff	JS-C27	-	0	UNCITED — the same rule (JLS side: JLS 8.4.8.3): covariant return types
fcfdede1771b	catalog(uncited)	non-diff	JS-C28	-	0	UNCITED — a source-to-source port never sees one (JLS side: JLS 13.1): bridge methods
ba28de187562	catalog(uncited)	non-diff	JS-C32	-	0	UNCITED — Scala captures a `var` too, so it is a superset (JLS side: JLS 4.12.4): a captured local must be EFFECTIVELY FINAL in Java
5636d9e7c1a1	catalog(uncited)	non-diff	JS-C35	-	0	UNCITED — a private trait member is the image (JLS side: JLS 9.4): interface `private` methods
56c451bc112c	catalog(uncited)	non-diff	JS-E08	-	0	UNCITED — the same distinction exists, with the same bytecode (JLS side: JLS 15.22.2): `&`/`|`/`^` on `boolean` are non-short-circuit and `&&`/`||` are not
261cc8583230	catalog(uncited)	non-diff	JS-E09	-	0	UNCITED — the shift operators mask identically on the JVM (JLS side: JLS 15.19): a shift distance is masked to the operand's width
74252df3bd41	catalog(uncited)	non-diff	JS-E10	-	0	UNCITED — shared JVM instructions (JLS side: JLS 15.17): integer division and remainder, and the floating-point edge cases
e05a70ecb428	catalog(uncited)	non-diff	JS-E11	-	0	UNCITED — the same evaluation order (JLS side: JLS 15.26.1, 10.4): an array store evaluates its operands before the bounds check
c4f2f43a2b59	catalog(uncited)	non-diff	JS-E12	-	0	UNCITED — the same order (JLS side: JLS 15.12.4.1, 15.12.4.4): the receiver's null check happens after the arguments are evaluated
8faf04024f4b	catalog(uncited)	non-diff	JS-G19	-	0	UNCITED — the same erasure, and javac already rejected the clash (JLS side: JLS 4.6, 8.4.2): post-erasure overload clash
d6776d4b162e	catalog(uncited)	non-diff	JS-G24	-	0	UNCITED — the same unboxing, through the same wrapper method (JLS side: JLS 5.1.8): unboxing `null` throws NPE
a5bf97900dd8	catalog(uncited)	non-diff	JS-G28	-	0	UNCITED — `Predef.Integer2int` applies where Java unboxed (JLS side: JLS 5.1.7): the `Int`/`Integer` boundary, and scalac's own boxing
548e67ff7aa6	catalog(uncited)	non-diff	JS-S20	-	0	UNCITED — Scala permits the shadowing Java rejects (JLS side: JLS 14.4.3): redeclaring a local in a nested block
7d8932747dbf	catalog(uncited)	non-diff	JS-S24	-	0	UNCITED — the same `athrow` (JLS side: JLS 14.18): `throw null`
7e52b616aeb9	catalog(uncited)	open	JS-C12	-	0	UNCITED — Scala reads the field's default rather than rejecting (JLS side: JLS 8.3.3): a FORWARD REFERENCE to a later field is a Java compile error and a silent default read in Scala
737cb70cfc1e	catalog(uncited)	open	JS-G02	-	0	UNCITED — Scala captures per use, so the two uses are unrelated (JLS side: JLS 5.1.10): CAPTURE CONVERSION relates two uses of one wildcard in a single expression
848f3c3cb684	catalog(uncited)	open	JS-G16	-	0	UNCITED — `Array[T]` construction requires a `ClassTag[T]` in scope (JLS side: JLS 15.10.1): Scala's `Array[T]` needs a `ClassTag` to be CONSTRUCTED
7fcce12e4d53	catalog(uncited)	open	JS-G36	-	0	UNCITED — an override's own bounds must match the parent's, not be re-derived (JLS side: JLS 8.4.4, 8.4.2): an override's TYPE-PARAMETER BOUNDS must be copied from the parent
2a69d596b86d	catalog(uncited)	open	JS-S23	-	0	UNCITED — Scala's `assert` runs unless elided at COMPILE time by `-Xelide-below` (JLS side: JLS 14.10): `assert` is enabled at RUN TIME by `-ea` and OFF by default, so the condition is not evaluated
da9fdd090960	catalog(uncited)	partial	JS-C07	-	0	UNCITED — a Scala object initialises on first access to any member (JLS side: JLS 12.4.1): JLS's class-initialisation TRIGGER list vs Scala's uniform accessor trigger
46945079273e	catalog(uncited)	partial	JS-C10	-	0	UNCITED — a scala module in a MUTUAL cycle has no MODULE$ yet, and throws (JLS side: JLS 12.4.2): circular class initialisation delivers DEFAULT values on the same thread
3eb95dacff41	catalog(uncited)	partial	JS-C13	-	0	UNCITED — a Scala class body IS its constructor, so the sequence is an emission order (JLS side: JLS 12.5): JLS 12.5's instance-creation sequence, whole
b6cd5a2dc738	catalog(uncited)	partial	JS-C17	-	0	UNCITED — the anonymous class carries its captures the same way (JLS side: JLS 8.6, 15.9.5): double-brace initialisation is an anonymous subclass plus an instance initialiser
d905aea93fab	catalog(uncited)	partial	JS-C21	-	0	UNCITED — an overload defined later in the file is not visible to an earlier one (JLS side: JLS 8.8.8, 15.9.3): constructor overload resolution, against Scala's textual-anteriority rule
e1fb5d56403a	catalog(uncited)	partial	JS-C22	-	0	UNCITED — Scala resolves in one phase, with implicit conversions and defaults in scope (JLS side: JLS 15.12.2): Java's THREE-PHASE applicability (strict, then loose, then varargs) has no Scala counterpart
333708aa11b1	catalog(uncited)	partial	JS-C23	-	0	UNCITED — the relative-weight rule prefers the non-polymorphic alternative (JLS side: JLS 15.12.2.5): most-specific tie-break: Scala prefers a NON-GENERIC alternative and Java does not
ae5cfa19d12e	catalog(uncited)	partial	JS-C33	-	0	UNCITED — linearization picks the last mixin, which is not Java's answer (JLS side: JLS 9.4.1): the interface default-method diamond is resolved by JLS's two rules, not by trait linearization
a340c7c8bf95	catalog(uncited)	partial	JS-C40	-	0	UNCITED — an anonymous subclass per constant (JLS side: JLS 8.9.1): enum constants with PER-CONSTANT class bodies
261c9cf8e01e	catalog(uncited)	partial	JS-C43	-	0	UNCITED — a case class differs in accessor naming, in three facets of `toString`, in `hashCode`, in float equality and in what its extractor reads (JLS side: JLS 8.10): Java `record`
81408e8bc1b8	catalog(uncited)	partial	JS-C44	-	0	UNCITED — Scala has no `non-sealed` and no explicit `permits`; `sealed` restricts extension to the declaring FILE (JLS side: JLS 8.1.1.2, 9.1.1.4): `sealed` / `non-sealed` / `permits`
cc2a0541da83	catalog(uncited)	partial	JS-E06	-	0	UNCITED — `asInstanceOf` converts at a statically primitive type and checks otherwise (JLS side: JLS 5.5): a primitive cast is a CONVERSION in Java and an assertion in Scala once a phase has retyped the value
fd095324d8b5	catalog(uncited)	partial	JS-E07	-	0	UNCITED — weak conformance does not apply at a type-parameter slot (JLS side: JLS 5.6.2): binary numeric promotion does not reach a GENERIC call boundary
5825ef13bc59	catalog(uncited)	partial	JS-G14	-	0	UNCITED — the target type of the boxing is the wrapper class (JLS side: JLS 5.1.7, 5.3): a primitive at a generic slot boxes to the WRAPPER, not to the formal
6b82c730de56	catalog(uncited)	partial	JS-G20	-	0	UNCITED — the JLS timing is automatic; the retyping interaction is not (JLS side: JLS 5.5, 5.1.9): an unchecked cast's TIMING — a cast that only becomes impossible AFTER a retyping
9a63f98ef44f	catalog(uncited)	partial	JS-G21	-	0	UNCITED — Scala patterns bind, but the binding's SCOPE has no image (JLS side: JLS 4.7, 15.20.2): `instanceof` is restricted to REIFIABLE types, and SE16 added a pattern binding
e445206dd30c	catalog(uncited)	partial	JS-G41	-	0	UNCITED — no `@SafeVarargs` and no unchecked-vararg warning exist, so the unsoundness is carried over unmarked (JLS side: JLS 9.6.4.7, 4.12.2): `@SafeVarargs` and heap pollution
37f11477a37d	catalog(uncited)	partial	JS-S10	-	0	UNCITED — a scala typed pattern is the image of one half and a constructor pattern over JS-C43's derived extractor is the image of the other (JLS side: JLS 14.11.1, 14.30): pattern and record switch, with sealed exhaustiveness
c04d5171b5d5	catalog(uncited)	partial	JS-S12	-	0	UNCITED — the same rule; what is missing is a test of it (JLS side: JLS 14.20.2): a `finally` completing abruptly DISCARDS the try's own abrupt completion
e99b4ca06c8d	catalog(uncited)	partial	JS-S19	-	0	UNCITED — Scala requires an initialiser instead, so the analysis has no image (JLS side: JLS 16): definite assignment for LOCALS — Java rejects a read before assignment
3aec4136cd71	catalog(uncited)	refused	JS-G10	-	0	UNCITED — no faithful Scala image exists (JLS side: JLS 4.8, 15.9.5): a RAW anonymous class WITH a body
61dcbf0d631c	catalog(uncited)	refused	JS-G11	-	0	UNCITED — a genuine expressiveness limit; four closing attempts measured worse (JLS side: JLS 4.5, 4.8): a partially-nameable F-BOUNDED raw fill
80120c22c491	catalog(undischarged)	declared open	JS-C12	com/github/tommyettinger/anim8/AnimatedGif.java	134	ValDef/Either lowered 3660 time(s) without consulting it — a FORWARD REFERENCE to a later field is a Java compile error and a silent default read in Scala
5dec7f722d39	catalog(undischarged)	declared open	JS-G02	<synthetic>	0	CtWildcardReference/Either lowered 1052 time(s) without consulting it — CAPTURE CONVERSION relates two uses of one wildcard in a single expression
649a706991a5	catalog(undischarged)	declared open	JS-G16	com/github/tommyettinger/anim8/AnimatedGif.java	164	NewArray/Either lowered 55 time(s) without consulting it — Scala's `Array[T]` needs a `ClassTag` to be CONSTRUCTED
8510c7cd1a57	catalog(undischarged)	declared open	JS-G36	com/github/tommyettinger/anim8/AnimatedGif.java	74	DefDef/Either lowered 373 time(s) without consulting it — an override's TYPE-PARAMETER BOUNDS must be copied from the parent
17de2f733972	catalog(unmechanised)	partial	JS-G20	-	0	the row is per-phase DISCIPLINE across every retyping phase rather than one mechanism, so there is no dispatch and no single phase that could own the citation; what measures it is the `collection-retarget` lane (`RetargetBoundaryCheck`), which runs beside the obligation log and not through it: an unchecked cast's TIMING — a cast that only becomes impossible AFTER a retyping
6c4d695fa9eb	catalog(unreached)	handled	JS-C30	-	0	never reached by this port — SpoonTir.stmtArm's CtClass arm -> SpoonTir.classDef with the enclosing EXECUTABLE as owner and SpoonTir.localName for java's source name; the anonymous-class body wiring reused verbatim for captures and for `this`; StandardTraversal.allClassDefs, which is what every whole-program pass walks to reach it at all: method-LOCAL named classes
598b3ef5cbfd	catalog(unreached)	handled	JS-C42	-	0	never reached by this port — CollectionsTransform.typeMap sends both to balticporter.runtime.JavaEnumMap/JavaEnumSet, which order by ordinal; JavaEnumCollectionsSpec asserts the order against an insertion order that would expose a stdlib map: `EnumMap`/`EnumSet` GUARANTEE declaration-order iteration
e9b2e82c0798	catalog(unreached)	handled	JS-C52	-	0	never reached by this port — SpoonFrontend.preservedAnnotations carries @FunctionalInterface; TirEmitter's static MethodRef arm emits an explicit lambda to avoid eta-expansion entirely: `@FunctionalInterface` governs Scala's eta-expansion warning — a static method reference at a non-annotated SAM warns under `-Werror`
8230f0326cf9	catalog(unreached)	handled	JS-G33	-	0	never reached by this port — TirEmitter.samAscribed: SAM conversion eligibility
7212fc4560fd	catalog(unreached)	handled	JS-S02	-	0	never reached by this port — Tir.Tree.Labeled; TirEmitter's Tree.Labeled arm and labelNeedsBoundary: a LABEL sits on any statement, not only on a loop
0b212b837e2a	catalog(unreached)	handled	JS-S09	-	0	never reached by this port — SpoonTir.switchExpr — no fall-out arm, since the JLS makes a switch expression exhaustive; `yield` peeled at the tail and carried as Tree.Yield elsewhere, which TirEmitter.matchStr wraps in a value-carrying arm boundary: switch EXPRESSIONS and `yield`
899ecbae6578	catalog(unreached)	open	JS-C12	-	0	never reached by this port — nothing detects it; order preservation is the only mitigation, and TirEmitter.orderBody's `forward reference` note is about promoted LOCALS: a FORWARD REFERENCE to a later field is a Java compile error and a silent default read in Scala
44fa26dac023	catalog(unreached)	open	JS-G02	-	0	never reached by this port — no rewrite exists; the fix is local (bind to a named local) and none is synthesised: CAPTURE CONVERSION relates two uses of one wildcard in a single expression
8a5797530e5d	catalog(unreached)	open	JS-G16	-	0	never reached by this port — TirEmitter's Tree.NewArray arm is where the construction is written and where the tag would have to be; RewriteTrace's scaladoc names this as the canonical hand-built rewrite, and nothing synthesises it. LATENT rather than dormant: java forbids `new T[n]`, and the one path that MINTS a NewArray (SpoonTir.varargPack) resolves a concrete element type first: Scala's `Array[T]` needs a `ClassTag` to be CONSTRUCTED
5b2447d63d6a	catalog(unreached)	open	JS-G36	-	0	never reached by this port — no symbol copies parent bounds; SpoonTir.erasureOfFormal is per-declaration: an override's TYPE-PARAMETER BOUNDS must be copied from the parent
4f1a6f635368	catalog(unreached)	open	JS-S23	-	0	never reached by this port — SpoonTir's CtAssert -> Tir.Tree.Assert -> TirEmitter's unconditional `assert(...)`; no decision, no note, no check: `assert` is enabled at RUN TIME by `-ea` and OFF by default, so the condition is not evaluated
e81d70943de3	catalog(unreached)	partial	JS-E07	-	0	never reached by this port — TestFrameworkTransform.promote: binary numeric promotion does not reach a GENERIC call boundary
ee92cd6fca6a	catalog(unreached)	partial	JS-G21	-	0	never reached by this port — Tir.Tree.InstanceOf; SpoonTir's instanceof arm marks a CtPattern operand rather than throwing: `instanceof` is restricted to REIFIABLE types, and SE16 added a pattern binding
93f196af9df6	collection-retarget	ExternalProducer	lowlevel.util.DynamicArray.apply	com/github/tommyettinger/anim8/AnimatedGif.java	731	call: produces com.badlogic.gdx.utils.Array/com.badlogic.gdx.utils.BooleanArray/com.badlogic.gdx.utils.ByteArray/com.badlogic.gdx.utils.CharArray/com.badlogic.gdx.utils.DelayedRemovalArray/com.badlogic.gdx.utils.FloatArray/com.badlogic.gdx.utils.IntArray/com.badlogic.gdx.utils.LongArray/com.badlogic.gdx.utils.ShortArray/com.badlogic.gdx.utils.SnapshotArray / emitted as lowlevel.util.DynamicArray
93f196af9df6/2	collection-retarget	ExternalProducer	lowlevel.util.DynamicArray.apply	com/github/tommyettinger/anim8/AnimatedGif.java	732	call: produces com.badlogic.gdx.utils.Array/com.badlogic.gdx.utils.BooleanArray/com.badlogic.gdx.utils.ByteArray/com.badlogic.gdx.utils.CharArray/com.badlogic.gdx.utils.DelayedRemovalArray/com.badlogic.gdx.utils.FloatArray/com.badlogic.gdx.utils.IntArray/com.badlogic.gdx.utils.LongArray/com.badlogic.gdx.utils.ShortArray/com.badlogic.gdx.utils.SnapshotArray / emitted as lowlevel.util.DynamicArray
93f196af9df6/3	collection-retarget	ExternalProducer	lowlevel.util.DynamicArray.apply	com/github/tommyettinger/anim8/AnimatedGif.java	733	call: produces com.badlogic.gdx.utils.Array/com.badlogic.gdx.utils.BooleanArray/com.badlogic.gdx.utils.ByteArray/com.badlogic.gdx.utils.CharArray/com.badlogic.gdx.utils.DelayedRemovalArray/com.badlogic.gdx.utils.FloatArray/com.badlogic.gdx.utils.IntArray/com.badlogic.gdx.utils.LongArray/com.badlogic.gdx.utils.ShortArray/com.badlogic.gdx.utils.SnapshotArray / emitted as lowlevel.util.DynamicArray
93f196af9df6/4	collection-retarget	ExternalProducer	lowlevel.util.DynamicArray.apply	com/github/tommyettinger/anim8/AnimatedGif.java	734	call: produces com.badlogic.gdx.utils.Array/com.badlogic.gdx.utils.BooleanArray/com.badlogic.gdx.utils.ByteArray/com.badlogic.gdx.utils.CharArray/com.badlogic.gdx.utils.DelayedRemovalArray/com.badlogic.gdx.utils.FloatArray/com.badlogic.gdx.utils.IntArray/com.badlogic.gdx.utils.LongArray/com.badlogic.gdx.utils.ShortArray/com.badlogic.gdx.utils.SnapshotArray / emitted as lowlevel.util.DynamicArray
93f196af9df6/5	collection-retarget	ExternalProducer	lowlevel.util.DynamicArray.apply	com/github/tommyettinger/anim8/AnimatedGif.java	735	call: produces com.badlogic.gdx.utils.Array/com.badlogic.gdx.utils.BooleanArray/com.badlogic.gdx.utils.ByteArray/com.badlogic.gdx.utils.CharArray/com.badlogic.gdx.utils.DelayedRemovalArray/com.badlogic.gdx.utils.FloatArray/com.badlogic.gdx.utils.IntArray/com.badlogic.gdx.utils.LongArray/com.badlogic.gdx.utils.ShortArray/com.badlogic.gdx.utils.SnapshotArray / emitted as lowlevel.util.DynamicArray
93f196af9df6/6	collection-retarget	ExternalProducer	lowlevel.util.DynamicArray.apply	com/github/tommyettinger/anim8/AnimatedGif.java	736	call: produces com.badlogic.gdx.utils.Array/com.badlogic.gdx.utils.BooleanArray/com.badlogic.gdx.utils.ByteArray/com.badlogic.gdx.utils.CharArray/com.badlogic.gdx.utils.DelayedRemovalArray/com.badlogic.gdx.utils.FloatArray/com.badlogic.gdx.utils.IntArray/com.badlogic.gdx.utils.LongArray/com.badlogic.gdx.utils.ShortArray/com.badlogic.gdx.utils.SnapshotArray / emitted as lowlevel.util.DynamicArray
93f196af9df6/7	collection-retarget	ExternalProducer	lowlevel.util.DynamicArray.apply	com/github/tommyettinger/anim8/AnimatedGif.java	985	call: produces com.badlogic.gdx.utils.Array/com.badlogic.gdx.utils.BooleanArray/com.badlogic.gdx.utils.ByteArray/com.badlogic.gdx.utils.CharArray/com.badlogic.gdx.utils.DelayedRemovalArray/com.badlogic.gdx.utils.FloatArray/com.badlogic.gdx.utils.IntArray/com.badlogic.gdx.utils.LongArray/com.badlogic.gdx.utils.ShortArray/com.badlogic.gdx.utils.SnapshotArray / emitted as lowlevel.util.DynamicArray
93f196af9df6/8	collection-retarget	ExternalProducer	lowlevel.util.DynamicArray.apply	com/github/tommyettinger/anim8/AnimatedGif.java	986	call: produces com.badlogic.gdx.utils.Array/com.badlogic.gdx.utils.BooleanArray/com.badlogic.gdx.utils.ByteArray/com.badlogic.gdx.utils.CharArray/com.badlogic.gdx.utils.DelayedRemovalArray/com.badlogic.gdx.utils.FloatArray/com.badlogic.gdx.utils.IntArray/com.badlogic.gdx.utils.LongArray/com.badlogic.gdx.utils.ShortArray/com.badlogic.gdx.utils.SnapshotArray / emitted as lowlevel.util.DynamicArray
93f196af9df6/9	collection-retarget	ExternalProducer	lowlevel.util.DynamicArray.apply	com/github/tommyettinger/anim8/AnimatedGif.java	987	call: produces com.badlogic.gdx.utils.Array/com.badlogic.gdx.utils.BooleanArray/com.badlogic.gdx.utils.ByteArray/com.badlogic.gdx.utils.CharArray/com.badlogic.gdx.utils.DelayedRemovalArray/com.badlogic.gdx.utils.FloatArray/com.badlogic.gdx.utils.IntArray/com.badlogic.gdx.utils.LongArray/com.badlogic.gdx.utils.ShortArray/com.badlogic.gdx.utils.SnapshotArray / emitted as lowlevel.util.DynamicArray
93f196af9df6/10	collection-retarget	ExternalProducer	lowlevel.util.DynamicArray.apply	com/github/tommyettinger/anim8/AnimatedGif.java	988	call: produces com.badlogic.gdx.utils.Array/com.badlogic.gdx.utils.BooleanArray/com.badlogic.gdx.utils.ByteArray/com.badlogic.gdx.utils.CharArray/com.badlogic.gdx.utils.DelayedRemovalArray/com.badlogic.gdx.utils.FloatArray/com.badlogic.gdx.utils.IntArray/com.badlogic.gdx.utils.LongArray/com.badlogic.gdx.utils.ShortArray/com.badlogic.gdx.utils.SnapshotArray / emitted as lowlevel.util.DynamicArray
93f196af9df6/11	collection-retarget	ExternalProducer	lowlevel.util.DynamicArray.apply	com/github/tommyettinger/anim8/AnimatedGif.java	989	call: produces com.badlogic.gdx.utils.Array/com.badlogic.gdx.utils.BooleanArray/com.badlogic.gdx.utils.ByteArray/com.badlogic.gdx.utils.CharArray/com.badlogic.gdx.utils.DelayedRemovalArray/com.badlogic.gdx.utils.FloatArray/com.badlogic.gdx.utils.IntArray/com.badlogic.gdx.utils.LongArray/com.badlogic.gdx.utils.ShortArray/com.badlogic.gdx.utils.SnapshotArray / emitted as lowlevel.util.DynamicArray
93f196af9df6/12	collection-retarget	ExternalProducer	lowlevel.util.DynamicArray.apply	com/github/tommyettinger/anim8/AnimatedGif.java	990	call: produces com.badlogic.gdx.utils.Array/com.badlogic.gdx.utils.BooleanArray/com.badlogic.gdx.utils.ByteArray/com.badlogic.gdx.utils.CharArray/com.badlogic.gdx.utils.DelayedRemovalArray/com.badlogic.gdx.utils.FloatArray/com.badlogic.gdx.utils.IntArray/com.badlogic.gdx.utils.LongArray/com.badlogic.gdx.utils.ShortArray/com.badlogic.gdx.utils.SnapshotArray / emitted as lowlevel.util.DynamicArray
93f196af9df6/13	collection-retarget	ExternalProducer	lowlevel.util.DynamicArray.apply	com/github/tommyettinger/anim8/AnimatedGif.java	1086	call: produces com.badlogic.gdx.utils.Array/com.badlogic.gdx.utils.BooleanArray/com.badlogic.gdx.utils.ByteArray/com.badlogic.gdx.utils.CharArray/com.badlogic.gdx.utils.DelayedRemovalArray/com.badlogic.gdx.utils.FloatArray/com.badlogic.gdx.utils.IntArray/com.badlogic.gdx.utils.LongArray/com.badlogic.gdx.utils.ShortArray/com.badlogic.gdx.utils.SnapshotArray / emitted as lowlevel.util.DynamicArray
93f196af9df6/14	collection-retarget	ExternalProducer	lowlevel.util.DynamicArray.apply	com/github/tommyettinger/anim8/AnimatedGif.java	1087	call: produces com.badlogic.gdx.utils.Array/com.badlogic.gdx.utils.BooleanArray/com.badlogic.gdx.utils.ByteArray/com.badlogic.gdx.utils.CharArray/com.badlogic.gdx.utils.DelayedRemovalArray/com.badlogic.gdx.utils.FloatArray/com.badlogic.gdx.utils.IntArray/com.badlogic.gdx.utils.LongArray/com.badlogic.gdx.utils.ShortArray/com.badlogic.gdx.utils.SnapshotArray / emitted as lowlevel.util.DynamicArray
93f196af9df6/15	collection-retarget	ExternalProducer	lowlevel.util.DynamicArray.apply	com/github/tommyettinger/anim8/AnimatedGif.java	1088	call: produces com.badlogic.gdx.utils.Array/com.badlogic.gdx.utils.BooleanArray/com.badlogic.gdx.utils.ByteArray/com.badlogic.gdx.utils.CharArray/com.badlogic.gdx.utils.DelayedRemovalArray/com.badlogic.gdx.utils.FloatArray/com.badlogic.gdx.utils.IntArray/com.badlogic.gdx.utils.LongArray/com.badlogic.gdx.utils.ShortArray/com.badlogic.gdx.utils.SnapshotArray / emitted as lowlevel.util.DynamicArray
93f196af9df6/16	collection-retarget	ExternalProducer	lowlevel.util.DynamicArray.apply	com/github/tommyettinger/anim8/AnimatedGif.java	1089	call: produces com.badlogic.gdx.utils.Array/com.badlogic.gdx.utils.BooleanArray/com.badlogic.gdx.utils.ByteArray/com.badlogic.gdx.utils.CharArray/com.badlogic.gdx.utils.DelayedRemovalArray/com.badlogic.gdx.utils.FloatArray/com.badlogic.gdx.utils.IntArray/com.badlogic.gdx.utils.LongArray/com.badlogic.gdx.utils.ShortArray/com.badlogic.gdx.utils.SnapshotArray / emitted as lowlevel.util.DynamicArray
93f196af9df6/17	collection-retarget	ExternalProducer	lowlevel.util.DynamicArray.apply	com/github/tommyettinger/anim8/AnimatedGif.java	1090	call: produces com.badlogic.gdx.utils.Array/com.badlogic.gdx.utils.BooleanArray/com.badlogic.gdx.utils.ByteArray/com.badlogic.gdx.utils.CharArray/com.badlogic.gdx.utils.DelayedRemovalArray/com.badlogic.gdx.utils.FloatArray/com.badlogic.gdx.utils.IntArray/com.badlogic.gdx.utils.LongArray/com.badlogic.gdx.utils.ShortArray/com.badlogic.gdx.utils.SnapshotArray / emitted as lowlevel.util.DynamicArray
93f196af9df6/18	collection-retarget	ExternalProducer	lowlevel.util.DynamicArray.apply	com/github/tommyettinger/anim8/AnimatedGif.java	1091	call: produces com.badlogic.gdx.utils.Array/com.badlogic.gdx.utils.BooleanArray/com.badlogic.gdx.utils.ByteArray/com.badlogic.gdx.utils.CharArray/com.badlogic.gdx.utils.DelayedRemovalArray/com.badlogic.gdx.utils.FloatArray/com.badlogic.gdx.utils.IntArray/com.badlogic.gdx.utils.LongArray/com.badlogic.gdx.utils.ShortArray/com.badlogic.gdx.utils.SnapshotArray / emitted as lowlevel.util.DynamicArray
93f196af9df6/19	collection-retarget	ExternalProducer	lowlevel.util.DynamicArray.apply	com/github/tommyettinger/anim8/AnimatedGif.java	1184	call: produces com.badlogic.gdx.utils.Array/com.badlogic.gdx.utils.BooleanArray/com.badlogic.gdx.utils.ByteArray/com.badlogic.gdx.utils.CharArray/com.badlogic.gdx.utils.DelayedRemovalArray/com.badlogic.gdx.utils.FloatArray/com.badlogic.gdx.utils.IntArray/com.badlogic.gdx.utils.LongArray/com.badlogic.gdx.utils.ShortArray/com.badlogic.gdx.utils.SnapshotArray / emitted as lowlevel.util.DynamicArray
93f196af9df6/20	collection-retarget	ExternalProducer	lowlevel.util.DynamicArray.apply	com/github/tommyettinger/anim8/AnimatedGif.java	1185	call: produces com.badlogic.gdx.utils.Array/com.badlogic.gdx.utils.BooleanArray/com.badlogic.gdx.utils.ByteArray/com.badlogic.gdx.utils.CharArray/com.badlogic.gdx.utils.DelayedRemovalArray/com.badlogic.gdx.utils.FloatArray/com.badlogic.gdx.utils.IntArray/com.badlogic.gdx.utils.LongArray/com.badlogic.gdx.utils.ShortArray/com.badlogic.gdx.utils.SnapshotArray / emitted as lowlevel.util.DynamicArray
93f196af9df6/21	collection-retarget	ExternalProducer	lowlevel.util.DynamicArray.apply	com/github/tommyettinger/anim8/AnimatedGif.java	1186	call: produces com.badlogic.gdx.utils.Array/com.badlogic.gdx.utils.BooleanArray/com.badlogic.gdx.utils.ByteArray/com.badlogic.gdx.utils.CharArray/com.badlogic.gdx.utils.DelayedRemovalArray/com.badlogic.gdx.utils.FloatArray/com.badlogic.gdx.utils.IntArray/com.badlogic.gdx.utils.LongArray/com.badlogic.gdx.utils.ShortArray/com.badlogic.gdx.utils.SnapshotArray / emitted as lowlevel.util.DynamicArray
93f196af9df6/22	collection-retarget	ExternalProducer	lowlevel.util.DynamicArray.apply	com/github/tommyettinger/anim8/AnimatedGif.java	1187	call: produces com.badlogic.gdx.utils.Array/com.badlogic.gdx.utils.BooleanArray/com.badlogic.gdx.utils.ByteArray/com.badlogic.gdx.utils.CharArray/com.badlogic.gdx.utils.DelayedRemovalArray/com.badlogic.gdx.utils.FloatArray/com.badlogic.gdx.utils.IntArray/com.badlogic.gdx.utils.LongArray/com.badlogic.gdx.utils.ShortArray/com.badlogic.gdx.utils.SnapshotArray / emitted as lowlevel.util.DynamicArray
93f196af9df6/23	collection-retarget	ExternalProducer	lowlevel.util.DynamicArray.apply	com/github/tommyettinger/anim8/AnimatedGif.java	1188	call: produces com.badlogic.gdx.utils.Array/com.badlogic.gdx.utils.BooleanArray/com.badlogic.gdx.utils.ByteArray/com.badlogic.gdx.utils.CharArray/com.badlogic.gdx.utils.DelayedRemovalArray/com.badlogic.gdx.utils.FloatArray/com.badlogic.gdx.utils.IntArray/com.badlogic.gdx.utils.LongArray/com.badlogic.gdx.utils.ShortArray/com.badlogic.gdx.utils.SnapshotArray / emitted as lowlevel.util.DynamicArray
93f196af9df6/24	collection-retarget	ExternalProducer	lowlevel.util.DynamicArray.apply	com/github/tommyettinger/anim8/AnimatedGif.java	1189	call: produces com.badlogic.gdx.utils.Array/com.badlogic.gdx.utils.BooleanArray/com.badlogic.gdx.utils.ByteArray/com.badlogic.gdx.utils.CharArray/com.badlogic.gdx.utils.DelayedRemovalArray/com.badlogic.gdx.utils.FloatArray/com.badlogic.gdx.utils.IntArray/com.badlogic.gdx.utils.LongArray/com.badlogic.gdx.utils.ShortArray/com.badlogic.gdx.utils.SnapshotArray / emitted as lowlevel.util.DynamicArray
93f196af9df6/25	collection-retarget	ExternalProducer	lowlevel.util.DynamicArray.apply	com/github/tommyettinger/anim8/AnimatedGif.java	1286	call: produces com.badlogic.gdx.utils.Array/com.badlogic.gdx.utils.BooleanArray/com.badlogic.gdx.utils.ByteArray/com.badlogic.gdx.utils.CharArray/com.badlogic.gdx.utils.DelayedRemovalArray/com.badlogic.gdx.utils.FloatArray/com.badlogic.gdx.utils.IntArray/com.badlogic.gdx.utils.LongArray/com.badlogic.gdx.utils.ShortArray/com.badlogic.gdx.utils.SnapshotArray / emitted as lowlevel.util.DynamicArray
93f196af9df6/26	collection-retarget	ExternalProducer	lowlevel.util.DynamicArray.apply	com/github/tommyettinger/anim8/AnimatedGif.java	1287	call: produces com.badlogic.gdx.utils.Array/com.badlogic.gdx.utils.BooleanArray/com.badlogic.gdx.utils.ByteArray/com.badlogic.gdx.utils.CharArray/com.badlogic.gdx.utils.DelayedRemovalArray/com.badlogic.gdx.utils.FloatArray/com.badlogic.gdx.utils.IntArray/com.badlogic.gdx.utils.LongArray/com.badlogic.gdx.utils.ShortArray/com.badlogic.gdx.utils.SnapshotArray / emitted as lowlevel.util.DynamicArray
93f196af9df6/27	collection-retarget	ExternalProducer	lowlevel.util.DynamicArray.apply	com/github/tommyettinger/anim8/AnimatedGif.java	1288	call: produces com.badlogic.gdx.utils.Array/com.badlogic.gdx.utils.BooleanArray/com.badlogic.gdx.utils.ByteArray/com.badlogic.gdx.utils.CharArray/com.badlogic.gdx.utils.DelayedRemovalArray/com.badlogic.gdx.utils.FloatArray/com.badlogic.gdx.utils.IntArray/com.badlogic.gdx.utils.LongArray/com.badlogic.gdx.utils.ShortArray/com.badlogic.gdx.utils.SnapshotArray / emitted as lowlevel.util.DynamicArray
93f196af9df6/28	collection-retarget	ExternalProducer	lowlevel.util.DynamicArray.apply	com/github/tommyettinger/anim8/AnimatedGif.java	1289	call: produces com.badlogic.gdx.utils.Array/com.badlogic.gdx.utils.BooleanArray/com.badlogic.gdx.utils.ByteArray/com.badlogic.gdx.utils.CharArray/com.badlogic.gdx.utils.DelayedRemovalArray/com.badlogic.gdx.utils.FloatArray/com.badlogic.gdx.utils.IntArray/com.badlogic.gdx.utils.LongArray/com.badlogic.gdx.utils.ShortArray/com.badlogic.gdx.utils.SnapshotArray / emitted as lowlevel.util.DynamicArray
93f196af9df6/29	collection-retarget	ExternalProducer	lowlevel.util.DynamicArray.apply	com/github/tommyettinger/anim8/AnimatedGif.java	1290	call: produces com.badlogic.gdx.utils.Array/com.badlogic.gdx.utils.BooleanArray/com.badlogic.gdx.utils.ByteArray/com.badlogic.gdx.utils.CharArray/com.badlogic.gdx.utils.DelayedRemovalArray/com.badlogic.gdx.utils.FloatArray/com.badlogic.gdx.utils.IntArray/com.badlogic.gdx.utils.LongArray/com.badlogic.gdx.utils.ShortArray/com.badlogic.gdx.utils.SnapshotArray / emitted as lowlevel.util.DynamicArray
93f196af9df6/30	collection-retarget	ExternalProducer	lowlevel.util.DynamicArray.apply	com/github/tommyettinger/anim8/AnimatedGif.java	1291	call: produces com.badlogic.gdx.utils.Array/com.badlogic.gdx.utils.BooleanArray/com.badlogic.gdx.utils.ByteArray/com.badlogic.gdx.utils.CharArray/com.badlogic.gdx.utils.DelayedRemovalArray/com.badlogic.gdx.utils.FloatArray/com.badlogic.gdx.utils.IntArray/com.badlogic.gdx.utils.LongArray/com.badlogic.gdx.utils.ShortArray/com.badlogic.gdx.utils.SnapshotArray / emitted as lowlevel.util.DynamicArray
93f196af9df6/31	collection-retarget	ExternalProducer	lowlevel.util.DynamicArray.apply	com/github/tommyettinger/anim8/AnimatedGif.java	1388	call: produces com.badlogic.gdx.utils.Array/com.badlogic.gdx.utils.BooleanArray/com.badlogic.gdx.utils.ByteArray/com.badlogic.gdx.utils.CharArray/com.badlogic.gdx.utils.DelayedRemovalArray/com.badlogic.gdx.utils.FloatArray/com.badlogic.gdx.utils.IntArray/com.badlogic.gdx.utils.LongArray/com.badlogic.gdx.utils.ShortArray/com.badlogic.gdx.utils.SnapshotArray / emitted as lowlevel.util.DynamicArray
93f196af9df6/32	collection-retarget	ExternalProducer	lowlevel.util.DynamicArray.apply	com/github/tommyettinger/anim8/AnimatedGif.java	1389	call: produces com.badlogic.gdx.utils.Array/com.badlogic.gdx.utils.BooleanArray/com.badlogic.gdx.utils.ByteArray/com.badlogic.gdx.utils.CharArray/com.badlogic.gdx.utils.DelayedRemovalArray/com.badlogic.gdx.utils.FloatArray/com.badlogic.gdx.utils.IntArray/com.badlogic.gdx.utils.LongArray/com.badlogic.gdx.utils.ShortArray/com.badlogic.gdx.utils.SnapshotArray / emitted as lowlevel.util.DynamicArray
93f196af9df6/33	collection-retarget	ExternalProducer	lowlevel.util.DynamicArray.apply	com/github/tommyettinger/anim8/AnimatedGif.java	1390	call: produces com.badlogic.gdx.utils.Array/com.badlogic.gdx.utils.BooleanArray/com.badlogic.gdx.utils.ByteArray/com.badlogic.gdx.utils.CharArray/com.badlogic.gdx.utils.DelayedRemovalArray/com.badlogic.gdx.utils.FloatArray/com.badlogic.gdx.utils.IntArray/com.badlogic.gdx.utils.LongArray/com.badlogic.gdx.utils.ShortArray/com.badlogic.gdx.utils.SnapshotArray / emitted as lowlevel.util.DynamicArray
93f196af9df6/34	collection-retarget	ExternalProducer	lowlevel.util.DynamicArray.apply	com/github/tommyettinger/anim8/AnimatedGif.java	1391	call: produces com.badlogic.gdx.utils.Array/com.badlogic.gdx.utils.BooleanArray/com.badlogic.gdx.utils.ByteArray/com.badlogic.gdx.utils.CharArray/com.badlogic.gdx.utils.DelayedRemovalArray/com.badlogic.gdx.utils.FloatArray/com.badlogic.gdx.utils.IntArray/com.badlogic.gdx.utils.LongArray/com.badlogic.gdx.utils.ShortArray/com.badlogic.gdx.utils.SnapshotArray / emitted as lowlevel.util.DynamicArray
93f196af9df6/35	collection-retarget	ExternalProducer	lowlevel.util.DynamicArray.apply	com/github/tommyettinger/anim8/AnimatedGif.java	1392	call: produces com.badlogic.gdx.utils.Array/com.badlogic.gdx.utils.BooleanArray/com.badlogic.gdx.utils.ByteArray/com.badlogic.gdx.utils.CharArray/com.badlogic.gdx.utils.DelayedRemovalArray/com.badlogic.gdx.utils.FloatArray/com.badlogic.gdx.utils.IntArray/com.badlogic.gdx.utils.LongArray/com.badlogic.gdx.utils.ShortArray/com.badlogic.gdx.utils.SnapshotArray / emitted as lowlevel.util.DynamicArray
93f196af9df6/36	collection-retarget	ExternalProducer	lowlevel.util.DynamicArray.apply	com/github/tommyettinger/anim8/AnimatedGif.java	1393	call: produces com.badlogic.gdx.utils.Array/com.badlogic.gdx.utils.BooleanArray/com.badlogic.gdx.utils.ByteArray/com.badlogic.gdx.utils.CharArray/com.badlogic.gdx.utils.DelayedRemovalArray/com.badlogic.gdx.utils.FloatArray/com.badlogic.gdx.utils.IntArray/com.badlogic.gdx.utils.LongArray/com.badlogic.gdx.utils.ShortArray/com.badlogic.gdx.utils.SnapshotArray / emitted as lowlevel.util.DynamicArray
93f196af9df6/37	collection-retarget	ExternalProducer	lowlevel.util.DynamicArray.apply	com/github/tommyettinger/anim8/AnimatedGif.java	1487	call: produces com.badlogic.gdx.utils.Array/com.badlogic.gdx.utils.BooleanArray/com.badlogic.gdx.utils.ByteArray/com.badlogic.gdx.utils.CharArray/com.badlogic.gdx.utils.DelayedRemovalArray/com.badlogic.gdx.utils.FloatArray/com.badlogic.gdx.utils.IntArray/com.badlogic.gdx.utils.LongArray/com.badlogic.gdx.utils.ShortArray/com.badlogic.gdx.utils.SnapshotArray / emitted as lowlevel.util.DynamicArray
93f196af9df6/38	collection-retarget	ExternalProducer	lowlevel.util.DynamicArray.apply	com/github/tommyettinger/anim8/AnimatedGif.java	1488	call: produces com.badlogic.gdx.utils.Array/com.badlogic.gdx.utils.BooleanArray/com.badlogic.gdx.utils.ByteArray/com.badlogic.gdx.utils.CharArray/com.badlogic.gdx.utils.DelayedRemovalArray/com.badlogic.gdx.utils.FloatArray/com.badlogic.gdx.utils.IntArray/com.badlogic.gdx.utils.LongArray/com.badlogic.gdx.utils.ShortArray/com.badlogic.gdx.utils.SnapshotArray / emitted as lowlevel.util.DynamicArray
93f196af9df6/39	collection-retarget	ExternalProducer	lowlevel.util.DynamicArray.apply	com/github/tommyettinger/anim8/AnimatedGif.java	1489	call: produces com.badlogic.gdx.utils.Array/com.badlogic.gdx.utils.BooleanArray/com.badlogic.gdx.utils.ByteArray/com.badlogic.gdx.utils.CharArray/com.badlogic.gdx.utils.DelayedRemovalArray/com.badlogic.gdx.utils.FloatArray/com.badlogic.gdx.utils.IntArray/com.badlogic.gdx.utils.LongArray/com.badlogic.gdx.utils.ShortArray/com.badlogic.gdx.utils.SnapshotArray / emitted as lowlevel.util.DynamicArray
93f196af9df6/40	collection-retarget	ExternalProducer	lowlevel.util.DynamicArray.apply	com/github/tommyettinger/anim8/AnimatedGif.java	1490	call: produces com.badlogic.gdx.utils.Array/com.badlogic.gdx.utils.BooleanArray/com.badlogic.gdx.utils.ByteArray/com.badlogic.gdx.utils.CharArray/com.badlogic.gdx.utils.DelayedRemovalArray/com.badlogic.gdx.utils.FloatArray/com.badlogic.gdx.utils.IntArray/com.badlogic.gdx.utils.LongArray/com.badlogic.gdx.utils.ShortArray/com.badlogic.gdx.utils.SnapshotArray / emitted as lowlevel.util.DynamicArray
93f196af9df6/41	collection-retarget	ExternalProducer	lowlevel.util.DynamicArray.apply	com/github/tommyettinger/anim8/AnimatedGif.java	1491	call: produces com.badlogic.gdx.utils.Array/com.badlogic.gdx.utils.BooleanArray/com.badlogic.gdx.utils.ByteArray/com.badlogic.gdx.utils.CharArray/com.badlogic.gdx.utils.DelayedRemovalArray/com.badlogic.gdx.utils.FloatArray/com.badlogic.gdx.utils.IntArray/com.badlogic.gdx.utils.LongArray/com.badlogic.gdx.utils.ShortArray/com.badlogic.gdx.utils.SnapshotArray / emitted as lowlevel.util.DynamicArray
93f196af9df6/42	collection-retarget	ExternalProducer	lowlevel.util.DynamicArray.apply	com/github/tommyettinger/anim8/AnimatedGif.java	1492	call: produces com.badlogic.gdx.utils.Array/com.badlogic.gdx.utils.BooleanArray/com.badlogic.gdx.utils.ByteArray/com.badlogic.gdx.utils.CharArray/com.badlogic.gdx.utils.DelayedRemovalArray/com.badlogic.gdx.utils.FloatArray/com.badlogic.gdx.utils.IntArray/com.badlogic.gdx.utils.LongArray/com.badlogic.gdx.utils.ShortArray/com.badlogic.gdx.utils.SnapshotArray / emitted as lowlevel.util.DynamicArray
93f196af9df6/43	collection-retarget	ExternalProducer	lowlevel.util.DynamicArray.apply	com/github/tommyettinger/anim8/AnimatedGif.java	1610	call: produces com.badlogic.gdx.utils.Array/com.badlogic.gdx.utils.BooleanArray/com.badlogic.gdx.utils.ByteArray/com.badlogic.gdx.utils.CharArray/com.badlogic.gdx.utils.DelayedRemovalArray/com.badlogic.gdx.utils.FloatArray/com.badlogic.gdx.utils.IntArray/com.badlogic.gdx.utils.LongArray/com.badlogic.gdx.utils.ShortArray/com.badlogic.gdx.utils.SnapshotArray / emitted as lowlevel.util.DynamicArray
93f196af9df6/44	collection-retarget	ExternalProducer	lowlevel.util.DynamicArray.apply	com/github/tommyettinger/anim8/AnimatedGif.java	1611	call: produces com.badlogic.gdx.utils.Array/com.badlogic.gdx.utils.BooleanArray/com.badlogic.gdx.utils.ByteArray/com.badlogic.gdx.utils.CharArray/com.badlogic.gdx.utils.DelayedRemovalArray/com.badlogic.gdx.utils.FloatArray/com.badlogic.gdx.utils.IntArray/com.badlogic.gdx.utils.LongArray/com.badlogic.gdx.utils.ShortArray/com.badlogic.gdx.utils.SnapshotArray / emitted as lowlevel.util.DynamicArray
93f196af9df6/45	collection-retarget	ExternalProducer	lowlevel.util.DynamicArray.apply	com/github/tommyettinger/anim8/AnimatedGif.java	1612	call: produces com.badlogic.gdx.utils.Array/com.badlogic.gdx.utils.BooleanArray/com.badlogic.gdx.utils.ByteArray/com.badlogic.gdx.utils.CharArray/com.badlogic.gdx.utils.DelayedRemovalArray/com.badlogic.gdx.utils.FloatArray/com.badlogic.gdx.utils.IntArray/com.badlogic.gdx.utils.LongArray/com.badlogic.gdx.utils.ShortArray/com.badlogic.gdx.utils.SnapshotArray / emitted as lowlevel.util.DynamicArray
93f196af9df6/46	collection-retarget	ExternalProducer	lowlevel.util.DynamicArray.apply	com/github/tommyettinger/anim8/AnimatedGif.java	1613	call: produces com.badlogic.gdx.utils.Array/com.badlogic.gdx.utils.BooleanArray/com.badlogic.gdx.utils.ByteArray/com.badlogic.gdx.utils.CharArray/com.badlogic.gdx.utils.DelayedRemovalArray/com.badlogic.gdx.utils.FloatArray/com.badlogic.gdx.utils.IntArray/com.badlogic.gdx.utils.LongArray/com.badlogic.gdx.utils.ShortArray/com.badlogic.gdx.utils.SnapshotArray / emitted as lowlevel.util.DynamicArray
93f196af9df6/47	collection-retarget	ExternalProducer	lowlevel.util.DynamicArray.apply	com/github/tommyettinger/anim8/AnimatedGif.java	1614	call: produces com.badlogic.gdx.utils.Array/com.badlogic.gdx.utils.BooleanArray/com.badlogic.gdx.utils.ByteArray/com.badlogic.gdx.utils.CharArray/com.badlogic.gdx.utils.DelayedRemovalArray/com.badlogic.gdx.utils.FloatArray/com.badlogic.gdx.utils.IntArray/com.badlogic.gdx.utils.LongArray/com.badlogic.gdx.utils.ShortArray/com.badlogic.gdx.utils.SnapshotArray / emitted as lowlevel.util.DynamicArray
93f196af9df6/48	collection-retarget	ExternalProducer	lowlevel.util.DynamicArray.apply	com/github/tommyettinger/anim8/AnimatedGif.java	1615	call: produces com.badlogic.gdx.utils.Array/com.badlogic.gdx.utils.BooleanArray/com.badlogic.gdx.utils.ByteArray/com.badlogic.gdx.utils.CharArray/com.badlogic.gdx.utils.DelayedRemovalArray/com.badlogic.gdx.utils.FloatArray/com.badlogic.gdx.utils.IntArray/com.badlogic.gdx.utils.LongArray/com.badlogic.gdx.utils.ShortArray/com.badlogic.gdx.utils.SnapshotArray / emitted as lowlevel.util.DynamicArray
93f196af9df6/49	collection-retarget	ExternalProducer	lowlevel.util.DynamicArray.apply	com/github/tommyettinger/anim8/AnimatedGif.java	1766	call: produces com.badlogic.gdx.utils.Array/com.badlogic.gdx.utils.BooleanArray/com.badlogic.gdx.utils.ByteArray/com.badlogic.gdx.utils.CharArray/com.badlogic.gdx.utils.DelayedRemovalArray/com.badlogic.gdx.utils.FloatArray/com.badlogic.gdx.utils.IntArray/com.badlogic.gdx.utils.LongArray/com.badlogic.gdx.utils.ShortArray/com.badlogic.gdx.utils.SnapshotArray / emitted as lowlevel.util.DynamicArray
93f196af9df6/50	collection-retarget	ExternalProducer	lowlevel.util.DynamicArray.apply	com/github/tommyettinger/anim8/AnimatedGif.java	1767	call: produces com.badlogic.gdx.utils.Array/com.badlogic.gdx.utils.BooleanArray/com.badlogic.gdx.utils.ByteArray/com.badlogic.gdx.utils.CharArray/com.badlogic.gdx.utils.DelayedRemovalArray/com.badlogic.gdx.utils.FloatArray/com.badlogic.gdx.utils.IntArray/com.badlogic.gdx.utils.LongArray/com.badlogic.gdx.utils.ShortArray/com.badlogic.gdx.utils.SnapshotArray / emitted as lowlevel.util.DynamicArray
93f196af9df6/51	collection-retarget	ExternalProducer	lowlevel.util.DynamicArray.apply	com/github/tommyettinger/anim8/AnimatedGif.java	1768	call: produces com.badlogic.gdx.utils.Array/com.badlogic.gdx.utils.BooleanArray/com.badlogic.gdx.utils.ByteArray/com.badlogic.gdx.utils.CharArray/com.badlogic.gdx.utils.DelayedRemovalArray/com.badlogic.gdx.utils.FloatArray/com.badlogic.gdx.utils.IntArray/com.badlogic.gdx.utils.LongArray/com.badlogic.gdx.utils.ShortArray/com.badlogic.gdx.utils.SnapshotArray / emitted as lowlevel.util.DynamicArray
93f196af9df6/52	collection-retarget	ExternalProducer	lowlevel.util.DynamicArray.apply	com/github/tommyettinger/anim8/AnimatedGif.java	1769	call: produces com.badlogic.gdx.utils.Array/com.badlogic.gdx.utils.BooleanArray/com.badlogic.gdx.utils.ByteArray/com.badlogic.gdx.utils.CharArray/com.badlogic.gdx.utils.DelayedRemovalArray/com.badlogic.gdx.utils.FloatArray/com.badlogic.gdx.utils.IntArray/com.badlogic.gdx.utils.LongArray/com.badlogic.gdx.utils.ShortArray/com.badlogic.gdx.utils.SnapshotArray / emitted as lowlevel.util.DynamicArray
93f196af9df6/53	collection-retarget	ExternalProducer	lowlevel.util.DynamicArray.apply	com/github/tommyettinger/anim8/AnimatedGif.java	1770	call: produces com.badlogic.gdx.utils.Array/com.badlogic.gdx.utils.BooleanArray/com.badlogic.gdx.utils.ByteArray/com.badlogic.gdx.utils.CharArray/com.badlogic.gdx.utils.DelayedRemovalArray/com.badlogic.gdx.utils.FloatArray/com.badlogic.gdx.utils.IntArray/com.badlogic.gdx.utils.LongArray/com.badlogic.gdx.utils.ShortArray/com.badlogic.gdx.utils.SnapshotArray / emitted as lowlevel.util.DynamicArray
93f196af9df6/54	collection-retarget	ExternalProducer	lowlevel.util.DynamicArray.apply	com/github/tommyettinger/anim8/AnimatedGif.java	1771	call: produces com.badlogic.gdx.utils.Array/com.badlogic.gdx.utils.BooleanArray/com.badlogic.gdx.utils.ByteArray/com.badlogic.gdx.utils.CharArray/com.badlogic.gdx.utils.DelayedRemovalArray/com.badlogic.gdx.utils.FloatArray/com.badlogic.gdx.utils.IntArray/com.badlogic.gdx.utils.LongArray/com.badlogic.gdx.utils.ShortArray/com.badlogic.gdx.utils.SnapshotArray / emitted as lowlevel.util.DynamicArray
93f196af9df6/55	collection-retarget	ExternalProducer	lowlevel.util.DynamicArray.apply	com/github/tommyettinger/anim8/AnimatedGif.java	1889	call: produces com.badlogic.gdx.utils.Array/com.badlogic.gdx.utils.BooleanArray/com.badlogic.gdx.utils.ByteArray/com.badlogic.gdx.utils.CharArray/com.badlogic.gdx.utils.DelayedRemovalArray/com.badlogic.gdx.utils.FloatArray/com.badlogic.gdx.utils.IntArray/com.badlogic.gdx.utils.LongArray/com.badlogic.gdx.utils.ShortArray/com.badlogic.gdx.utils.SnapshotArray / emitted as lowlevel.util.DynamicArray
93f196af9df6/56	collection-retarget	ExternalProducer	lowlevel.util.DynamicArray.apply	com/github/tommyettinger/anim8/AnimatedGif.java	1890	call: produces com.badlogic.gdx.utils.Array/com.badlogic.gdx.utils.BooleanArray/com.badlogic.gdx.utils.ByteArray/com.badlogic.gdx.utils.CharArray/com.badlogic.gdx.utils.DelayedRemovalArray/com.badlogic.gdx.utils.FloatArray/com.badlogic.gdx.utils.IntArray/com.badlogic.gdx.utils.LongArray/com.badlogic.gdx.utils.ShortArray/com.badlogic.gdx.utils.SnapshotArray / emitted as lowlevel.util.DynamicArray
93f196af9df6/57	collection-retarget	ExternalProducer	lowlevel.util.DynamicArray.apply	com/github/tommyettinger/anim8/AnimatedGif.java	1891	call: produces com.badlogic.gdx.utils.Array/com.badlogic.gdx.utils.BooleanArray/com.badlogic.gdx.utils.ByteArray/com.badlogic.gdx.utils.CharArray/com.badlogic.gdx.utils.DelayedRemovalArray/com.badlogic.gdx.utils.FloatArray/com.badlogic.gdx.utils.IntArray/com.badlogic.gdx.utils.LongArray/com.badlogic.gdx.utils.ShortArray/com.badlogic.gdx.utils.SnapshotArray / emitted as lowlevel.util.DynamicArray
93f196af9df6/58	collection-retarget	ExternalProducer	lowlevel.util.DynamicArray.apply	com/github/tommyettinger/anim8/AnimatedGif.java	1892	call: produces com.badlogic.gdx.utils.Array/com.badlogic.gdx.utils.BooleanArray/com.badlogic.gdx.utils.ByteArray/com.badlogic.gdx.utils.CharArray/com.badlogic.gdx.utils.DelayedRemovalArray/com.badlogic.gdx.utils.FloatArray/com.badlogic.gdx.utils.IntArray/com.badlogic.gdx.utils.LongArray/com.badlogic.gdx.utils.ShortArray/com.badlogic.gdx.utils.SnapshotArray / emitted as lowlevel.util.DynamicArray
93f196af9df6/59	collection-retarget	ExternalProducer	lowlevel.util.DynamicArray.apply	com/github/tommyettinger/anim8/AnimatedGif.java	1893	call: produces com.badlogic.gdx.utils.Array/com.badlogic.gdx.utils.BooleanArray/com.badlogic.gdx.utils.ByteArray/com.badlogic.gdx.utils.CharArray/com.badlogic.gdx.utils.DelayedRemovalArray/com.badlogic.gdx.utils.FloatArray/com.badlogic.gdx.utils.IntArray/com.badlogic.gdx.utils.LongArray/com.badlogic.gdx.utils.ShortArray/com.badlogic.gdx.utils.SnapshotArray / emitted as lowlevel.util.DynamicArray
93f196af9df6/60	collection-retarget	ExternalProducer	lowlevel.util.DynamicArray.apply	com/github/tommyettinger/anim8/AnimatedGif.java	1894	call: produces com.badlogic.gdx.utils.Array/com.badlogic.gdx.utils.BooleanArray/com.badlogic.gdx.utils.ByteArray/com.badlogic.gdx.utils.CharArray/com.badlogic.gdx.utils.DelayedRemovalArray/com.badlogic.gdx.utils.FloatArray/com.badlogic.gdx.utils.IntArray/com.badlogic.gdx.utils.LongArray/com.badlogic.gdx.utils.ShortArray/com.badlogic.gdx.utils.SnapshotArray / emitted as lowlevel.util.DynamicArray
93f196af9df6/61	collection-retarget	ExternalProducer	lowlevel.util.DynamicArray.apply	com/github/tommyettinger/anim8/AnimatedGif.java	2021	call: produces com.badlogic.gdx.utils.Array/com.badlogic.gdx.utils.BooleanArray/com.badlogic.gdx.utils.ByteArray/com.badlogic.gdx.utils.CharArray/com.badlogic.gdx.utils.DelayedRemovalArray/com.badlogic.gdx.utils.FloatArray/com.badlogic.gdx.utils.IntArray/com.badlogic.gdx.utils.LongArray/com.badlogic.gdx.utils.ShortArray/com.badlogic.gdx.utils.SnapshotArray / emitted as lowlevel.util.DynamicArray
93f196af9df6/62	collection-retarget	ExternalProducer	lowlevel.util.DynamicArray.apply	com/github/tommyettinger/anim8/AnimatedGif.java	2022	call: produces com.badlogic.gdx.utils.Array/com.badlogic.gdx.utils.BooleanArray/com.badlogic.gdx.utils.ByteArray/com.badlogic.gdx.utils.CharArray/com.badlogic.gdx.utils.DelayedRemovalArray/com.badlogic.gdx.utils.FloatArray/com.badlogic.gdx.utils.IntArray/com.badlogic.gdx.utils.LongArray/com.badlogic.gdx.utils.ShortArray/com.badlogic.gdx.utils.SnapshotArray / emitted as lowlevel.util.DynamicArray
93f196af9df6/63	collection-retarget	ExternalProducer	lowlevel.util.DynamicArray.apply	com/github/tommyettinger/anim8/AnimatedGif.java	2023	call: produces com.badlogic.gdx.utils.Array/com.badlogic.gdx.utils.BooleanArray/com.badlogic.gdx.utils.ByteArray/com.badlogic.gdx.utils.CharArray/com.badlogic.gdx.utils.DelayedRemovalArray/com.badlogic.gdx.utils.FloatArray/com.badlogic.gdx.utils.IntArray/com.badlogic.gdx.utils.LongArray/com.badlogic.gdx.utils.ShortArray/com.badlogic.gdx.utils.SnapshotArray / emitted as lowlevel.util.DynamicArray
93f196af9df6/64	collection-retarget	ExternalProducer	lowlevel.util.DynamicArray.apply	com/github/tommyettinger/anim8/AnimatedGif.java	2024	call: produces com.badlogic.gdx.utils.Array/com.badlogic.gdx.utils.BooleanArray/com.badlogic.gdx.utils.ByteArray/com.badlogic.gdx.utils.CharArray/com.badlogic.gdx.utils.DelayedRemovalArray/com.badlogic.gdx.utils.FloatArray/com.badlogic.gdx.utils.IntArray/com.badlogic.gdx.utils.LongArray/com.badlogic.gdx.utils.ShortArray/com.badlogic.gdx.utils.SnapshotArray / emitted as lowlevel.util.DynamicArray
93f196af9df6/65	collection-retarget	ExternalProducer	lowlevel.util.DynamicArray.apply	com/github/tommyettinger/anim8/AnimatedGif.java	2025	call: produces com.badlogic.gdx.utils.Array/com.badlogic.gdx.utils.BooleanArray/com.badlogic.gdx.utils.ByteArray/com.badlogic.gdx.utils.CharArray/com.badlogic.gdx.utils.DelayedRemovalArray/com.badlogic.gdx.utils.FloatArray/com.badlogic.gdx.utils.IntArray/com.badlogic.gdx.utils.LongArray/com.badlogic.gdx.utils.ShortArray/com.badlogic.gdx.utils.SnapshotArray / emitted as lowlevel.util.DynamicArray
93f196af9df6/66	collection-retarget	ExternalProducer	lowlevel.util.DynamicArray.apply	com/github/tommyettinger/anim8/AnimatedGif.java	2026	call: produces com.badlogic.gdx.utils.Array/com.badlogic.gdx.utils.BooleanArray/com.badlogic.gdx.utils.ByteArray/com.badlogic.gdx.utils.CharArray/com.badlogic.gdx.utils.DelayedRemovalArray/com.badlogic.gdx.utils.FloatArray/com.badlogic.gdx.utils.IntArray/com.badlogic.gdx.utils.LongArray/com.badlogic.gdx.utils.ShortArray/com.badlogic.gdx.utils.SnapshotArray / emitted as lowlevel.util.DynamicArray
fddefcd8812a	collection-retarget	ExternalProducer	lowlevel.util.DynamicArray.apply	com/github/tommyettinger/anim8/AnimatedPNG.java	224	call: produces com.badlogic.gdx.utils.Array/com.badlogic.gdx.utils.BooleanArray/com.badlogic.gdx.utils.ByteArray/com.badlogic.gdx.utils.CharArray/com.badlogic.gdx.utils.DelayedRemovalArray/com.badlogic.gdx.utils.FloatArray/com.badlogic.gdx.utils.IntArray/com.badlogic.gdx.utils.LongArray/com.badlogic.gdx.utils.ShortArray/com.badlogic.gdx.utils.SnapshotArray / emitted as lowlevel.util.DynamicArray
751ce0047f30	collection-retarget	ExternalProducer	lowlevel.util.DynamicArray.apply	com/github/tommyettinger/anim8/FastPNG.java	190	call: produces com.badlogic.gdx.utils.Array/com.badlogic.gdx.utils.BooleanArray/com.badlogic.gdx.utils.ByteArray/com.badlogic.gdx.utils.CharArray/com.badlogic.gdx.utils.DelayedRemovalArray/com.badlogic.gdx.utils.FloatArray/com.badlogic.gdx.utils.IntArray/com.badlogic.gdx.utils.LongArray/com.badlogic.gdx.utils.ShortArray/com.badlogic.gdx.utils.SnapshotArray / emitted as lowlevel.util.DynamicArray
5fd93d3dc0a6	collection-retarget	ExternalProducer	lowlevel.util.DynamicArray.apply	com/github/tommyettinger/anim8/PNG8.java	626	call: produces com.badlogic.gdx.utils.Array/com.badlogic.gdx.utils.BooleanArray/com.badlogic.gdx.utils.ByteArray/com.badlogic.gdx.utils.CharArray/com.badlogic.gdx.utils.DelayedRemovalArray/com.badlogic.gdx.utils.FloatArray/com.badlogic.gdx.utils.IntArray/com.badlogic.gdx.utils.LongArray/com.badlogic.gdx.utils.ShortArray/com.badlogic.gdx.utils.SnapshotArray / emitted as lowlevel.util.DynamicArray
5fd93d3dc0a6/2	collection-retarget	ExternalProducer	lowlevel.util.DynamicArray.apply	com/github/tommyettinger/anim8/PNG8.java	791	call: produces com.badlogic.gdx.utils.Array/com.badlogic.gdx.utils.BooleanArray/com.badlogic.gdx.utils.ByteArray/com.badlogic.gdx.utils.CharArray/com.badlogic.gdx.utils.DelayedRemovalArray/com.badlogic.gdx.utils.FloatArray/com.badlogic.gdx.utils.IntArray/com.badlogic.gdx.utils.LongArray/com.badlogic.gdx.utils.ShortArray/com.badlogic.gdx.utils.SnapshotArray / emitted as lowlevel.util.DynamicArray
5fd93d3dc0a6/3	collection-retarget	ExternalProducer	lowlevel.util.DynamicArray.apply	com/github/tommyettinger/anim8/PNG8.java	883	call: produces com.badlogic.gdx.utils.Array/com.badlogic.gdx.utils.BooleanArray/com.badlogic.gdx.utils.ByteArray/com.badlogic.gdx.utils.CharArray/com.badlogic.gdx.utils.DelayedRemovalArray/com.badlogic.gdx.utils.FloatArray/com.badlogic.gdx.utils.IntArray/com.badlogic.gdx.utils.LongArray/com.badlogic.gdx.utils.ShortArray/com.badlogic.gdx.utils.SnapshotArray / emitted as lowlevel.util.DynamicArray
5fd93d3dc0a6/4	collection-retarget	ExternalProducer	lowlevel.util.DynamicArray.apply	com/github/tommyettinger/anim8/PNG8.java	987	call: produces com.badlogic.gdx.utils.Array/com.badlogic.gdx.utils.BooleanArray/com.badlogic.gdx.utils.ByteArray/com.badlogic.gdx.utils.CharArray/com.badlogic.gdx.utils.DelayedRemovalArray/com.badlogic.gdx.utils.FloatArray/com.badlogic.gdx.utils.IntArray/com.badlogic.gdx.utils.LongArray/com.badlogic.gdx.utils.ShortArray/com.badlogic.gdx.utils.SnapshotArray / emitted as lowlevel.util.DynamicArray
5fd93d3dc0a6/5	collection-retarget	ExternalProducer	lowlevel.util.DynamicArray.apply	com/github/tommyettinger/anim8/PNG8.java	1091	call: produces com.badlogic.gdx.utils.Array/com.badlogic.gdx.utils.BooleanArray/com.badlogic.gdx.utils.ByteArray/com.badlogic.gdx.utils.CharArray/com.badlogic.gdx.utils.DelayedRemovalArray/com.badlogic.gdx.utils.FloatArray/com.badlogic.gdx.utils.IntArray/com.badlogic.gdx.utils.LongArray/com.badlogic.gdx.utils.ShortArray/com.badlogic.gdx.utils.SnapshotArray / emitted as lowlevel.util.DynamicArray
5fd93d3dc0a6/6	collection-retarget	ExternalProducer	lowlevel.util.DynamicArray.apply	com/github/tommyettinger/anim8/PNG8.java	1170	call: produces com.badlogic.gdx.utils.Array/com.badlogic.gdx.utils.BooleanArray/com.badlogic.gdx.utils.ByteArray/com.badlogic.gdx.utils.CharArray/com.badlogic.gdx.utils.DelayedRemovalArray/com.badlogic.gdx.utils.FloatArray/com.badlogic.gdx.utils.IntArray/com.badlogic.gdx.utils.LongArray/com.badlogic.gdx.utils.ShortArray/com.badlogic.gdx.utils.SnapshotArray / emitted as lowlevel.util.DynamicArray
5fd93d3dc0a6/7	collection-retarget	ExternalProducer	lowlevel.util.DynamicArray.apply	com/github/tommyettinger/anim8/PNG8.java	1280	call: produces com.badlogic.gdx.utils.Array/com.badlogic.gdx.utils.BooleanArray/com.badlogic.gdx.utils.ByteArray/com.badlogic.gdx.utils.CharArray/com.badlogic.gdx.utils.DelayedRemovalArray/com.badlogic.gdx.utils.FloatArray/com.badlogic.gdx.utils.IntArray/com.badlogic.gdx.utils.LongArray/com.badlogic.gdx.utils.ShortArray/com.badlogic.gdx.utils.SnapshotArray / emitted as lowlevel.util.DynamicArray
5fd93d3dc0a6/8	collection-retarget	ExternalProducer	lowlevel.util.DynamicArray.apply	com/github/tommyettinger/anim8/PNG8.java	1359	call: produces com.badlogic.gdx.utils.Array/com.badlogic.gdx.utils.BooleanArray/com.badlogic.gdx.utils.ByteArray/com.badlogic.gdx.utils.CharArray/com.badlogic.gdx.utils.DelayedRemovalArray/com.badlogic.gdx.utils.FloatArray/com.badlogic.gdx.utils.IntArray/com.badlogic.gdx.utils.LongArray/com.badlogic.gdx.utils.ShortArray/com.badlogic.gdx.utils.SnapshotArray / emitted as lowlevel.util.DynamicArray
5fd93d3dc0a6/9	collection-retarget	ExternalProducer	lowlevel.util.DynamicArray.apply	com/github/tommyettinger/anim8/PNG8.java	1441	call: produces com.badlogic.gdx.utils.Array/com.badlogic.gdx.utils.BooleanArray/com.badlogic.gdx.utils.ByteArray/com.badlogic.gdx.utils.CharArray/com.badlogic.gdx.utils.DelayedRemovalArray/com.badlogic.gdx.utils.FloatArray/com.badlogic.gdx.utils.IntArray/com.badlogic.gdx.utils.LongArray/com.badlogic.gdx.utils.ShortArray/com.badlogic.gdx.utils.SnapshotArray / emitted as lowlevel.util.DynamicArray
5fd93d3dc0a6/10	collection-retarget	ExternalProducer	lowlevel.util.DynamicArray.apply	com/github/tommyettinger/anim8/PNG8.java	1546	call: produces com.badlogic.gdx.utils.Array/com.badlogic.gdx.utils.BooleanArray/com.badlogic.gdx.utils.ByteArray/com.badlogic.gdx.utils.CharArray/com.badlogic.gdx.utils.DelayedRemovalArray/com.badlogic.gdx.utils.FloatArray/com.badlogic.gdx.utils.IntArray/com.badlogic.gdx.utils.LongArray/com.badlogic.gdx.utils.ShortArray/com.badlogic.gdx.utils.SnapshotArray / emitted as lowlevel.util.DynamicArray
5fd93d3dc0a6/11	collection-retarget	ExternalProducer	lowlevel.util.DynamicArray.apply	com/github/tommyettinger/anim8/PNG8.java	1626	call: produces com.badlogic.gdx.utils.Array/com.badlogic.gdx.utils.BooleanArray/com.badlogic.gdx.utils.ByteArray/com.badlogic.gdx.utils.CharArray/com.badlogic.gdx.utils.DelayedRemovalArray/com.badlogic.gdx.utils.FloatArray/com.badlogic.gdx.utils.IntArray/com.badlogic.gdx.utils.LongArray/com.badlogic.gdx.utils.ShortArray/com.badlogic.gdx.utils.SnapshotArray / emitted as lowlevel.util.DynamicArray
5fd93d3dc0a6/12	collection-retarget	ExternalProducer	lowlevel.util.DynamicArray.apply	com/github/tommyettinger/anim8/PNG8.java	1707	call: produces com.badlogic.gdx.utils.Array/com.badlogic.gdx.utils.BooleanArray/com.badlogic.gdx.utils.ByteArray/com.badlogic.gdx.utils.CharArray/com.badlogic.gdx.utils.DelayedRemovalArray/com.badlogic.gdx.utils.FloatArray/com.badlogic.gdx.utils.IntArray/com.badlogic.gdx.utils.LongArray/com.badlogic.gdx.utils.ShortArray/com.badlogic.gdx.utils.SnapshotArray / emitted as lowlevel.util.DynamicArray
5fd93d3dc0a6/13	collection-retarget	ExternalProducer	lowlevel.util.DynamicArray.apply	com/github/tommyettinger/anim8/PNG8.java	1787	call: produces com.badlogic.gdx.utils.Array/com.badlogic.gdx.utils.BooleanArray/com.badlogic.gdx.utils.ByteArray/com.badlogic.gdx.utils.CharArray/com.badlogic.gdx.utils.DelayedRemovalArray/com.badlogic.gdx.utils.FloatArray/com.badlogic.gdx.utils.IntArray/com.badlogic.gdx.utils.LongArray/com.badlogic.gdx.utils.ShortArray/com.badlogic.gdx.utils.SnapshotArray / emitted as lowlevel.util.DynamicArray
5fd93d3dc0a6/14	collection-retarget	ExternalProducer	lowlevel.util.DynamicArray.apply	com/github/tommyettinger/anim8/PNG8.java	1868	call: produces com.badlogic.gdx.utils.Array/com.badlogic.gdx.utils.BooleanArray/com.badlogic.gdx.utils.ByteArray/com.badlogic.gdx.utils.CharArray/com.badlogic.gdx.utils.DelayedRemovalArray/com.badlogic.gdx.utils.FloatArray/com.badlogic.gdx.utils.IntArray/com.badlogic.gdx.utils.LongArray/com.badlogic.gdx.utils.ShortArray/com.badlogic.gdx.utils.SnapshotArray / emitted as lowlevel.util.DynamicArray
5fd93d3dc0a6/15	collection-retarget	ExternalProducer	lowlevel.util.DynamicArray.apply	com/github/tommyettinger/anim8/PNG8.java	1969	call: produces com.badlogic.gdx.utils.Array/com.badlogic.gdx.utils.BooleanArray/com.badlogic.gdx.utils.ByteArray/com.badlogic.gdx.utils.CharArray/com.badlogic.gdx.utils.DelayedRemovalArray/com.badlogic.gdx.utils.FloatArray/com.badlogic.gdx.utils.IntArray/com.badlogic.gdx.utils.LongArray/com.badlogic.gdx.utils.ShortArray/com.badlogic.gdx.utils.SnapshotArray / emitted as lowlevel.util.DynamicArray
5fd93d3dc0a6/16	collection-retarget	ExternalProducer	lowlevel.util.DynamicArray.apply	com/github/tommyettinger/anim8/PNG8.java	1970	call: produces com.badlogic.gdx.utils.Array/com.badlogic.gdx.utils.BooleanArray/com.badlogic.gdx.utils.ByteArray/com.badlogic.gdx.utils.CharArray/com.badlogic.gdx.utils.DelayedRemovalArray/com.badlogic.gdx.utils.FloatArray/com.badlogic.gdx.utils.IntArray/com.badlogic.gdx.utils.LongArray/com.badlogic.gdx.utils.ShortArray/com.badlogic.gdx.utils.SnapshotArray / emitted as lowlevel.util.DynamicArray
5fd93d3dc0a6/17	collection-retarget	ExternalProducer	lowlevel.util.DynamicArray.apply	com/github/tommyettinger/anim8/PNG8.java	1971	call: produces com.badlogic.gdx.utils.Array/com.badlogic.gdx.utils.BooleanArray/com.badlogic.gdx.utils.ByteArray/com.badlogic.gdx.utils.CharArray/com.badlogic.gdx.utils.DelayedRemovalArray/com.badlogic.gdx.utils.FloatArray/com.badlogic.gdx.utils.IntArray/com.badlogic.gdx.utils.LongArray/com.badlogic.gdx.utils.ShortArray/com.badlogic.gdx.utils.SnapshotArray / emitted as lowlevel.util.DynamicArray
5fd93d3dc0a6/18	collection-retarget	ExternalProducer	lowlevel.util.DynamicArray.apply	com/github/tommyettinger/anim8/PNG8.java	1972	call: produces com.badlogic.gdx.utils.Array/com.badlogic.gdx.utils.BooleanArray/com.badlogic.gdx.utils.ByteArray/com.badlogic.gdx.utils.CharArray/com.badlogic.gdx.utils.DelayedRemovalArray/com.badlogic.gdx.utils.FloatArray/com.badlogic.gdx.utils.IntArray/com.badlogic.gdx.utils.LongArray/com.badlogic.gdx.utils.ShortArray/com.badlogic.gdx.utils.SnapshotArray / emitted as lowlevel.util.DynamicArray
5fd93d3dc0a6/19	collection-retarget	ExternalProducer	lowlevel.util.DynamicArray.apply	com/github/tommyettinger/anim8/PNG8.java	1973	call: produces com.badlogic.gdx.utils.Array/com.badlogic.gdx.utils.BooleanArray/com.badlogic.gdx.utils.ByteArray/com.badlogic.gdx.utils.CharArray/com.badlogic.gdx.utils.DelayedRemovalArray/com.badlogic.gdx.utils.FloatArray/com.badlogic.gdx.utils.IntArray/com.badlogic.gdx.utils.LongArray/com.badlogic.gdx.utils.ShortArray/com.badlogic.gdx.utils.SnapshotArray / emitted as lowlevel.util.DynamicArray
5fd93d3dc0a6/20	collection-retarget	ExternalProducer	lowlevel.util.DynamicArray.apply	com/github/tommyettinger/anim8/PNG8.java	1974	call: produces com.badlogic.gdx.utils.Array/com.badlogic.gdx.utils.BooleanArray/com.badlogic.gdx.utils.ByteArray/com.badlogic.gdx.utils.CharArray/com.badlogic.gdx.utils.DelayedRemovalArray/com.badlogic.gdx.utils.FloatArray/com.badlogic.gdx.utils.IntArray/com.badlogic.gdx.utils.LongArray/com.badlogic.gdx.utils.ShortArray/com.badlogic.gdx.utils.SnapshotArray / emitted as lowlevel.util.DynamicArray
5fd93d3dc0a6/21	collection-retarget	ExternalProducer	lowlevel.util.DynamicArray.apply	com/github/tommyettinger/anim8/PNG8.java	2022	call: produces com.badlogic.gdx.utils.Array/com.badlogic.gdx.utils.BooleanArray/com.badlogic.gdx.utils.ByteArray/com.badlogic.gdx.utils.CharArray/com.badlogic.gdx.utils.DelayedRemovalArray/com.badlogic.gdx.utils.FloatArray/com.badlogic.gdx.utils.IntArray/com.badlogic.gdx.utils.LongArray/com.badlogic.gdx.utils.ShortArray/com.badlogic.gdx.utils.SnapshotArray / emitted as lowlevel.util.DynamicArray
5fd93d3dc0a6/22	collection-retarget	ExternalProducer	lowlevel.util.DynamicArray.apply	com/github/tommyettinger/anim8/PNG8.java	2168	call: produces com.badlogic.gdx.utils.Array/com.badlogic.gdx.utils.BooleanArray/com.badlogic.gdx.utils.ByteArray/com.badlogic.gdx.utils.CharArray/com.badlogic.gdx.utils.DelayedRemovalArray/com.badlogic.gdx.utils.FloatArray/com.badlogic.gdx.utils.IntArray/com.badlogic.gdx.utils.LongArray/com.badlogic.gdx.utils.ShortArray/com.badlogic.gdx.utils.SnapshotArray / emitted as lowlevel.util.DynamicArray
5fd93d3dc0a6/23	collection-retarget	ExternalProducer	lowlevel.util.DynamicArray.apply	com/github/tommyettinger/anim8/PNG8.java	2258	call: produces com.badlogic.gdx.utils.Array/com.badlogic.gdx.utils.BooleanArray/com.badlogic.gdx.utils.ByteArray/com.badlogic.gdx.utils.CharArray/com.badlogic.gdx.utils.DelayedRemovalArray/com.badlogic.gdx.utils.FloatArray/com.badlogic.gdx.utils.IntArray/com.badlogic.gdx.utils.LongArray/com.badlogic.gdx.utils.ShortArray/com.badlogic.gdx.utils.SnapshotArray / emitted as lowlevel.util.DynamicArray
5fd93d3dc0a6/24	collection-retarget	ExternalProducer	lowlevel.util.DynamicArray.apply	com/github/tommyettinger/anim8/PNG8.java	2259	call: produces com.badlogic.gdx.utils.Array/com.badlogic.gdx.utils.BooleanArray/com.badlogic.gdx.utils.ByteArray/com.badlogic.gdx.utils.CharArray/com.badlogic.gdx.utils.DelayedRemovalArray/com.badlogic.gdx.utils.FloatArray/com.badlogic.gdx.utils.IntArray/com.badlogic.gdx.utils.LongArray/com.badlogic.gdx.utils.ShortArray/com.badlogic.gdx.utils.SnapshotArray / emitted as lowlevel.util.DynamicArray
5fd93d3dc0a6/25	collection-retarget	ExternalProducer	lowlevel.util.DynamicArray.apply	com/github/tommyettinger/anim8/PNG8.java	2260	call: produces com.badlogic.gdx.utils.Array/com.badlogic.gdx.utils.BooleanArray/com.badlogic.gdx.utils.ByteArray/com.badlogic.gdx.utils.CharArray/com.badlogic.gdx.utils.DelayedRemovalArray/com.badlogic.gdx.utils.FloatArray/com.badlogic.gdx.utils.IntArray/com.badlogic.gdx.utils.LongArray/com.badlogic.gdx.utils.ShortArray/com.badlogic.gdx.utils.SnapshotArray / emitted as lowlevel.util.DynamicArray
5fd93d3dc0a6/26	collection-retarget	ExternalProducer	lowlevel.util.DynamicArray.apply	com/github/tommyettinger/anim8/PNG8.java	2261	call: produces com.badlogic.gdx.utils.Array/com.badlogic.gdx.utils.BooleanArray/com.badlogic.gdx.utils.ByteArray/com.badlogic.gdx.utils.CharArray/com.badlogic.gdx.utils.DelayedRemovalArray/com.badlogic.gdx.utils.FloatArray/com.badlogic.gdx.utils.IntArray/com.badlogic.gdx.utils.LongArray/com.badlogic.gdx.utils.ShortArray/com.badlogic.gdx.utils.SnapshotArray / emitted as lowlevel.util.DynamicArray
5fd93d3dc0a6/27	collection-retarget	ExternalProducer	lowlevel.util.DynamicArray.apply	com/github/tommyettinger/anim8/PNG8.java	2262	call: produces com.badlogic.gdx.utils.Array/com.badlogic.gdx.utils.BooleanArray/com.badlogic.gdx.utils.ByteArray/com.badlogic.gdx.utils.CharArray/com.badlogic.gdx.utils.DelayedRemovalArray/com.badlogic.gdx.utils.FloatArray/com.badlogic.gdx.utils.IntArray/com.badlogic.gdx.utils.LongArray/com.badlogic.gdx.utils.ShortArray/com.badlogic.gdx.utils.SnapshotArray / emitted as lowlevel.util.DynamicArray
5fd93d3dc0a6/28	collection-retarget	ExternalProducer	lowlevel.util.DynamicArray.apply	com/github/tommyettinger/anim8/PNG8.java	2263	call: produces com.badlogic.gdx.utils.Array/com.badlogic.gdx.utils.BooleanArray/com.badlogic.gdx.utils.ByteArray/com.badlogic.gdx.utils.CharArray/com.badlogic.gdx.utils.DelayedRemovalArray/com.badlogic.gdx.utils.FloatArray/com.badlogic.gdx.utils.IntArray/com.badlogic.gdx.utils.LongArray/com.badlogic.gdx.utils.ShortArray/com.badlogic.gdx.utils.SnapshotArray / emitted as lowlevel.util.DynamicArray
5fd93d3dc0a6/29	collection-retarget	ExternalProducer	lowlevel.util.DynamicArray.apply	com/github/tommyettinger/anim8/PNG8.java	2313	call: produces com.badlogic.gdx.utils.Array/com.badlogic.gdx.utils.BooleanArray/com.badlogic.gdx.utils.ByteArray/com.badlogic.gdx.utils.CharArray/com.badlogic.gdx.utils.DelayedRemovalArray/com.badlogic.gdx.utils.FloatArray/com.badlogic.gdx.utils.IntArray/com.badlogic.gdx.utils.LongArray/com.badlogic.gdx.utils.ShortArray/com.badlogic.gdx.utils.SnapshotArray / emitted as lowlevel.util.DynamicArray
5fd93d3dc0a6/30	collection-retarget	ExternalProducer	lowlevel.util.DynamicArray.apply	com/github/tommyettinger/anim8/PNG8.java	2432	call: produces com.badlogic.gdx.utils.Array/com.badlogic.gdx.utils.BooleanArray/com.badlogic.gdx.utils.ByteArray/com.badlogic.gdx.utils.CharArray/com.badlogic.gdx.utils.DelayedRemovalArray/com.badlogic.gdx.utils.FloatArray/com.badlogic.gdx.utils.IntArray/com.badlogic.gdx.utils.LongArray/com.badlogic.gdx.utils.ShortArray/com.badlogic.gdx.utils.SnapshotArray / emitted as lowlevel.util.DynamicArray
5fd93d3dc0a6/31	collection-retarget	ExternalProducer	lowlevel.util.DynamicArray.apply	com/github/tommyettinger/anim8/PNG8.java	2433	call: produces com.badlogic.gdx.utils.Array/com.badlogic.gdx.utils.BooleanArray/com.badlogic.gdx.utils.ByteArray/com.badlogic.gdx.utils.CharArray/com.badlogic.gdx.utils.DelayedRemovalArray/com.badlogic.gdx.utils.FloatArray/com.badlogic.gdx.utils.IntArray/com.badlogic.gdx.utils.LongArray/com.badlogic.gdx.utils.ShortArray/com.badlogic.gdx.utils.SnapshotArray / emitted as lowlevel.util.DynamicArray
5fd93d3dc0a6/32	collection-retarget	ExternalProducer	lowlevel.util.DynamicArray.apply	com/github/tommyettinger/anim8/PNG8.java	2434	call: produces com.badlogic.gdx.utils.Array/com.badlogic.gdx.utils.BooleanArray/com.badlogic.gdx.utils.ByteArray/com.badlogic.gdx.utils.CharArray/com.badlogic.gdx.utils.DelayedRemovalArray/com.badlogic.gdx.utils.FloatArray/com.badlogic.gdx.utils.IntArray/com.badlogic.gdx.utils.LongArray/com.badlogic.gdx.utils.ShortArray/com.badlogic.gdx.utils.SnapshotArray / emitted as lowlevel.util.DynamicArray
5fd93d3dc0a6/33	collection-retarget	ExternalProducer	lowlevel.util.DynamicArray.apply	com/github/tommyettinger/anim8/PNG8.java	2435	call: produces com.badlogic.gdx.utils.Array/com.badlogic.gdx.utils.BooleanArray/com.badlogic.gdx.utils.ByteArray/com.badlogic.gdx.utils.CharArray/com.badlogic.gdx.utils.DelayedRemovalArray/com.badlogic.gdx.utils.FloatArray/com.badlogic.gdx.utils.IntArray/com.badlogic.gdx.utils.LongArray/com.badlogic.gdx.utils.ShortArray/com.badlogic.gdx.utils.SnapshotArray / emitted as lowlevel.util.DynamicArray
5fd93d3dc0a6/34	collection-retarget	ExternalProducer	lowlevel.util.DynamicArray.apply	com/github/tommyettinger/anim8/PNG8.java	2436	call: produces com.badlogic.gdx.utils.Array/com.badlogic.gdx.utils.BooleanArray/com.badlogic.gdx.utils.ByteArray/com.badlogic.gdx.utils.CharArray/com.badlogic.gdx.utils.DelayedRemovalArray/com.badlogic.gdx.utils.FloatArray/com.badlogic.gdx.utils.IntArray/com.badlogic.gdx.utils.LongArray/com.badlogic.gdx.utils.ShortArray/com.badlogic.gdx.utils.SnapshotArray / emitted as lowlevel.util.DynamicArray
5fd93d3dc0a6/35	collection-retarget	ExternalProducer	lowlevel.util.DynamicArray.apply	com/github/tommyettinger/anim8/PNG8.java	2437	call: produces com.badlogic.gdx.utils.Array/com.badlogic.gdx.utils.BooleanArray/com.badlogic.gdx.utils.ByteArray/com.badlogic.gdx.utils.CharArray/com.badlogic.gdx.utils.DelayedRemovalArray/com.badlogic.gdx.utils.FloatArray/com.badlogic.gdx.utils.IntArray/com.badlogic.gdx.utils.LongArray/com.badlogic.gdx.utils.ShortArray/com.badlogic.gdx.utils.SnapshotArray / emitted as lowlevel.util.DynamicArray
5fd93d3dc0a6/36	collection-retarget	ExternalProducer	lowlevel.util.DynamicArray.apply	com/github/tommyettinger/anim8/PNG8.java	2487	call: produces com.badlogic.gdx.utils.Array/com.badlogic.gdx.utils.BooleanArray/com.badlogic.gdx.utils.ByteArray/com.badlogic.gdx.utils.CharArray/com.badlogic.gdx.utils.DelayedRemovalArray/com.badlogic.gdx.utils.FloatArray/com.badlogic.gdx.utils.IntArray/com.badlogic.gdx.utils.LongArray/com.badlogic.gdx.utils.ShortArray/com.badlogic.gdx.utils.SnapshotArray / emitted as lowlevel.util.DynamicArray
5fd93d3dc0a6/37	collection-retarget	ExternalProducer	lowlevel.util.DynamicArray.apply	com/github/tommyettinger/anim8/PNG8.java	2607	call: produces com.badlogic.gdx.utils.Array/com.badlogic.gdx.utils.BooleanArray/com.badlogic.gdx.utils.ByteArray/com.badlogic.gdx.utils.CharArray/com.badlogic.gdx.utils.DelayedRemovalArray/com.badlogic.gdx.utils.FloatArray/com.badlogic.gdx.utils.IntArray/com.badlogic.gdx.utils.LongArray/com.badlogic.gdx.utils.ShortArray/com.badlogic.gdx.utils.SnapshotArray / emitted as lowlevel.util.DynamicArray
5fd93d3dc0a6/38	collection-retarget	ExternalProducer	lowlevel.util.DynamicArray.apply	com/github/tommyettinger/anim8/PNG8.java	2608	call: produces com.badlogic.gdx.utils.Array/com.badlogic.gdx.utils.BooleanArray/com.badlogic.gdx.utils.ByteArray/com.badlogic.gdx.utils.CharArray/com.badlogic.gdx.utils.DelayedRemovalArray/com.badlogic.gdx.utils.FloatArray/com.badlogic.gdx.utils.IntArray/com.badlogic.gdx.utils.LongArray/com.badlogic.gdx.utils.ShortArray/com.badlogic.gdx.utils.SnapshotArray / emitted as lowlevel.util.DynamicArray
5fd93d3dc0a6/39	collection-retarget	ExternalProducer	lowlevel.util.DynamicArray.apply	com/github/tommyettinger/anim8/PNG8.java	2609	call: produces com.badlogic.gdx.utils.Array/com.badlogic.gdx.utils.BooleanArray/com.badlogic.gdx.utils.ByteArray/com.badlogic.gdx.utils.CharArray/com.badlogic.gdx.utils.DelayedRemovalArray/com.badlogic.gdx.utils.FloatArray/com.badlogic.gdx.utils.IntArray/com.badlogic.gdx.utils.LongArray/com.badlogic.gdx.utils.ShortArray/com.badlogic.gdx.utils.SnapshotArray / emitted as lowlevel.util.DynamicArray
5fd93d3dc0a6/40	collection-retarget	ExternalProducer	lowlevel.util.DynamicArray.apply	com/github/tommyettinger/anim8/PNG8.java	2610	call: produces com.badlogic.gdx.utils.Array/com.badlogic.gdx.utils.BooleanArray/com.badlogic.gdx.utils.ByteArray/com.badlogic.gdx.utils.CharArray/com.badlogic.gdx.utils.DelayedRemovalArray/com.badlogic.gdx.utils.FloatArray/com.badlogic.gdx.utils.IntArray/com.badlogic.gdx.utils.LongArray/com.badlogic.gdx.utils.ShortArray/com.badlogic.gdx.utils.SnapshotArray / emitted as lowlevel.util.DynamicArray
5fd93d3dc0a6/41	collection-retarget	ExternalProducer	lowlevel.util.DynamicArray.apply	com/github/tommyettinger/anim8/PNG8.java	2611	call: produces com.badlogic.gdx.utils.Array/com.badlogic.gdx.utils.BooleanArray/com.badlogic.gdx.utils.ByteArray/com.badlogic.gdx.utils.CharArray/com.badlogic.gdx.utils.DelayedRemovalArray/com.badlogic.gdx.utils.FloatArray/com.badlogic.gdx.utils.IntArray/com.badlogic.gdx.utils.LongArray/com.badlogic.gdx.utils.ShortArray/com.badlogic.gdx.utils.SnapshotArray / emitted as lowlevel.util.DynamicArray
5fd93d3dc0a6/42	collection-retarget	ExternalProducer	lowlevel.util.DynamicArray.apply	com/github/tommyettinger/anim8/PNG8.java	2612	call: produces com.badlogic.gdx.utils.Array/com.badlogic.gdx.utils.BooleanArray/com.badlogic.gdx.utils.ByteArray/com.badlogic.gdx.utils.CharArray/com.badlogic.gdx.utils.DelayedRemovalArray/com.badlogic.gdx.utils.FloatArray/com.badlogic.gdx.utils.IntArray/com.badlogic.gdx.utils.LongArray/com.badlogic.gdx.utils.ShortArray/com.badlogic.gdx.utils.SnapshotArray / emitted as lowlevel.util.DynamicArray
5fd93d3dc0a6/43	collection-retarget	ExternalProducer	lowlevel.util.DynamicArray.apply	com/github/tommyettinger/anim8/PNG8.java	2663	call: produces com.badlogic.gdx.utils.Array/com.badlogic.gdx.utils.BooleanArray/com.badlogic.gdx.utils.ByteArray/com.badlogic.gdx.utils.CharArray/com.badlogic.gdx.utils.DelayedRemovalArray/com.badlogic.gdx.utils.FloatArray/com.badlogic.gdx.utils.IntArray/com.badlogic.gdx.utils.LongArray/com.badlogic.gdx.utils.ShortArray/com.badlogic.gdx.utils.SnapshotArray / emitted as lowlevel.util.DynamicArray
5fd93d3dc0a6/44	collection-retarget	ExternalProducer	lowlevel.util.DynamicArray.apply	com/github/tommyettinger/anim8/PNG8.java	2761	call: produces com.badlogic.gdx.utils.Array/com.badlogic.gdx.utils.BooleanArray/com.badlogic.gdx.utils.ByteArray/com.badlogic.gdx.utils.CharArray/com.badlogic.gdx.utils.DelayedRemovalArray/com.badlogic.gdx.utils.FloatArray/com.badlogic.gdx.utils.IntArray/com.badlogic.gdx.utils.LongArray/com.badlogic.gdx.utils.ShortArray/com.badlogic.gdx.utils.SnapshotArray / emitted as lowlevel.util.DynamicArray
5fd93d3dc0a6/45	collection-retarget	ExternalProducer	lowlevel.util.DynamicArray.apply	com/github/tommyettinger/anim8/PNG8.java	2762	call: produces com.badlogic.gdx.utils.Array/com.badlogic.gdx.utils.BooleanArray/com.badlogic.gdx.utils.ByteArray/com.badlogic.gdx.utils.CharArray/com.badlogic.gdx.utils.DelayedRemovalArray/com.badlogic.gdx.utils.FloatArray/com.badlogic.gdx.utils.IntArray/com.badlogic.gdx.utils.LongArray/com.badlogic.gdx.utils.ShortArray/com.badlogic.gdx.utils.SnapshotArray / emitted as lowlevel.util.DynamicArray
5fd93d3dc0a6/46	collection-retarget	ExternalProducer	lowlevel.util.DynamicArray.apply	com/github/tommyettinger/anim8/PNG8.java	2763	call: produces com.badlogic.gdx.utils.Array/com.badlogic.gdx.utils.BooleanArray/com.badlogic.gdx.utils.ByteArray/com.badlogic.gdx.utils.CharArray/com.badlogic.gdx.utils.DelayedRemovalArray/com.badlogic.gdx.utils.FloatArray/com.badlogic.gdx.utils.IntArray/com.badlogic.gdx.utils.LongArray/com.badlogic.gdx.utils.ShortArray/com.badlogic.gdx.utils.SnapshotArray / emitted as lowlevel.util.DynamicArray
5fd93d3dc0a6/47	collection-retarget	ExternalProducer	lowlevel.util.DynamicArray.apply	com/github/tommyettinger/anim8/PNG8.java	2764	call: produces com.badlogic.gdx.utils.Array/com.badlogic.gdx.utils.BooleanArray/com.badlogic.gdx.utils.ByteArray/com.badlogic.gdx.utils.CharArray/com.badlogic.gdx.utils.DelayedRemovalArray/com.badlogic.gdx.utils.FloatArray/com.badlogic.gdx.utils.IntArray/com.badlogic.gdx.utils.LongArray/com.badlogic.gdx.utils.ShortArray/com.badlogic.gdx.utils.SnapshotArray / emitted as lowlevel.util.DynamicArray
5fd93d3dc0a6/48	collection-retarget	ExternalProducer	lowlevel.util.DynamicArray.apply	com/github/tommyettinger/anim8/PNG8.java	2765	call: produces com.badlogic.gdx.utils.Array/com.badlogic.gdx.utils.BooleanArray/com.badlogic.gdx.utils.ByteArray/com.badlogic.gdx.utils.CharArray/com.badlogic.gdx.utils.DelayedRemovalArray/com.badlogic.gdx.utils.FloatArray/com.badlogic.gdx.utils.IntArray/com.badlogic.gdx.utils.LongArray/com.badlogic.gdx.utils.ShortArray/com.badlogic.gdx.utils.SnapshotArray / emitted as lowlevel.util.DynamicArray
5fd93d3dc0a6/49	collection-retarget	ExternalProducer	lowlevel.util.DynamicArray.apply	com/github/tommyettinger/anim8/PNG8.java	2766	call: produces com.badlogic.gdx.utils.Array/com.badlogic.gdx.utils.BooleanArray/com.badlogic.gdx.utils.ByteArray/com.badlogic.gdx.utils.CharArray/com.badlogic.gdx.utils.DelayedRemovalArray/com.badlogic.gdx.utils.FloatArray/com.badlogic.gdx.utils.IntArray/com.badlogic.gdx.utils.LongArray/com.badlogic.gdx.utils.ShortArray/com.badlogic.gdx.utils.SnapshotArray / emitted as lowlevel.util.DynamicArray
5fd93d3dc0a6/50	collection-retarget	ExternalProducer	lowlevel.util.DynamicArray.apply	com/github/tommyettinger/anim8/PNG8.java	2816	call: produces com.badlogic.gdx.utils.Array/com.badlogic.gdx.utils.BooleanArray/com.badlogic.gdx.utils.ByteArray/com.badlogic.gdx.utils.CharArray/com.badlogic.gdx.utils.DelayedRemovalArray/com.badlogic.gdx.utils.FloatArray/com.badlogic.gdx.utils.IntArray/com.badlogic.gdx.utils.LongArray/com.badlogic.gdx.utils.ShortArray/com.badlogic.gdx.utils.SnapshotArray / emitted as lowlevel.util.DynamicArray
5fd93d3dc0a6/51	collection-retarget	ExternalProducer	lowlevel.util.DynamicArray.apply	com/github/tommyettinger/anim8/PNG8.java	2933	call: produces com.badlogic.gdx.utils.Array/com.badlogic.gdx.utils.BooleanArray/com.badlogic.gdx.utils.ByteArray/com.badlogic.gdx.utils.CharArray/com.badlogic.gdx.utils.DelayedRemovalArray/com.badlogic.gdx.utils.FloatArray/com.badlogic.gdx.utils.IntArray/com.badlogic.gdx.utils.LongArray/com.badlogic.gdx.utils.ShortArray/com.badlogic.gdx.utils.SnapshotArray / emitted as lowlevel.util.DynamicArray
5fd93d3dc0a6/52	collection-retarget	ExternalProducer	lowlevel.util.DynamicArray.apply	com/github/tommyettinger/anim8/PNG8.java	2934	call: produces com.badlogic.gdx.utils.Array/com.badlogic.gdx.utils.BooleanArray/com.badlogic.gdx.utils.ByteArray/com.badlogic.gdx.utils.CharArray/com.badlogic.gdx.utils.DelayedRemovalArray/com.badlogic.gdx.utils.FloatArray/com.badlogic.gdx.utils.IntArray/com.badlogic.gdx.utils.LongArray/com.badlogic.gdx.utils.ShortArray/com.badlogic.gdx.utils.SnapshotArray / emitted as lowlevel.util.DynamicArray
5fd93d3dc0a6/53	collection-retarget	ExternalProducer	lowlevel.util.DynamicArray.apply	com/github/tommyettinger/anim8/PNG8.java	2935	call: produces com.badlogic.gdx.utils.Array/com.badlogic.gdx.utils.BooleanArray/com.badlogic.gdx.utils.ByteArray/com.badlogic.gdx.utils.CharArray/com.badlogic.gdx.utils.DelayedRemovalArray/com.badlogic.gdx.utils.FloatArray/com.badlogic.gdx.utils.IntArray/com.badlogic.gdx.utils.LongArray/com.badlogic.gdx.utils.ShortArray/com.badlogic.gdx.utils.SnapshotArray / emitted as lowlevel.util.DynamicArray
5fd93d3dc0a6/54	collection-retarget	ExternalProducer	lowlevel.util.DynamicArray.apply	com/github/tommyettinger/anim8/PNG8.java	2936	call: produces com.badlogic.gdx.utils.Array/com.badlogic.gdx.utils.BooleanArray/com.badlogic.gdx.utils.ByteArray/com.badlogic.gdx.utils.CharArray/com.badlogic.gdx.utils.DelayedRemovalArray/com.badlogic.gdx.utils.FloatArray/com.badlogic.gdx.utils.IntArray/com.badlogic.gdx.utils.LongArray/com.badlogic.gdx.utils.ShortArray/com.badlogic.gdx.utils.SnapshotArray / emitted as lowlevel.util.DynamicArray
5fd93d3dc0a6/55	collection-retarget	ExternalProducer	lowlevel.util.DynamicArray.apply	com/github/tommyettinger/anim8/PNG8.java	2937	call: produces com.badlogic.gdx.utils.Array/com.badlogic.gdx.utils.BooleanArray/com.badlogic.gdx.utils.ByteArray/com.badlogic.gdx.utils.CharArray/com.badlogic.gdx.utils.DelayedRemovalArray/com.badlogic.gdx.utils.FloatArray/com.badlogic.gdx.utils.IntArray/com.badlogic.gdx.utils.LongArray/com.badlogic.gdx.utils.ShortArray/com.badlogic.gdx.utils.SnapshotArray / emitted as lowlevel.util.DynamicArray
5fd93d3dc0a6/56	collection-retarget	ExternalProducer	lowlevel.util.DynamicArray.apply	com/github/tommyettinger/anim8/PNG8.java	2938	call: produces com.badlogic.gdx.utils.Array/com.badlogic.gdx.utils.BooleanArray/com.badlogic.gdx.utils.ByteArray/com.badlogic.gdx.utils.CharArray/com.badlogic.gdx.utils.DelayedRemovalArray/com.badlogic.gdx.utils.FloatArray/com.badlogic.gdx.utils.IntArray/com.badlogic.gdx.utils.LongArray/com.badlogic.gdx.utils.ShortArray/com.badlogic.gdx.utils.SnapshotArray / emitted as lowlevel.util.DynamicArray
5fd93d3dc0a6/57	collection-retarget	ExternalProducer	lowlevel.util.DynamicArray.apply	com/github/tommyettinger/anim8/PNG8.java	2989	call: produces com.badlogic.gdx.utils.Array/com.badlogic.gdx.utils.BooleanArray/com.badlogic.gdx.utils.ByteArray/com.badlogic.gdx.utils.CharArray/com.badlogic.gdx.utils.DelayedRemovalArray/com.badlogic.gdx.utils.FloatArray/com.badlogic.gdx.utils.IntArray/com.badlogic.gdx.utils.LongArray/com.badlogic.gdx.utils.ShortArray/com.badlogic.gdx.utils.SnapshotArray / emitted as lowlevel.util.DynamicArray
5fd93d3dc0a6/58	collection-retarget	ExternalProducer	lowlevel.util.DynamicArray.apply	com/github/tommyettinger/anim8/PNG8.java	3082	call: produces com.badlogic.gdx.utils.Array/com.badlogic.gdx.utils.BooleanArray/com.badlogic.gdx.utils.ByteArray/com.badlogic.gdx.utils.CharArray/com.badlogic.gdx.utils.DelayedRemovalArray/com.badlogic.gdx.utils.FloatArray/com.badlogic.gdx.utils.IntArray/com.badlogic.gdx.utils.LongArray/com.badlogic.gdx.utils.ShortArray/com.badlogic.gdx.utils.SnapshotArray / emitted as lowlevel.util.DynamicArray
5fd93d3dc0a6/59	collection-retarget	ExternalProducer	lowlevel.util.DynamicArray.apply	com/github/tommyettinger/anim8/PNG8.java	3083	call: produces com.badlogic.gdx.utils.Array/com.badlogic.gdx.utils.BooleanArray/com.badlogic.gdx.utils.ByteArray/com.badlogic.gdx.utils.CharArray/com.badlogic.gdx.utils.DelayedRemovalArray/com.badlogic.gdx.utils.FloatArray/com.badlogic.gdx.utils.IntArray/com.badlogic.gdx.utils.LongArray/com.badlogic.gdx.utils.ShortArray/com.badlogic.gdx.utils.SnapshotArray / emitted as lowlevel.util.DynamicArray
5fd93d3dc0a6/60	collection-retarget	ExternalProducer	lowlevel.util.DynamicArray.apply	com/github/tommyettinger/anim8/PNG8.java	3084	call: produces com.badlogic.gdx.utils.Array/com.badlogic.gdx.utils.BooleanArray/com.badlogic.gdx.utils.ByteArray/com.badlogic.gdx.utils.CharArray/com.badlogic.gdx.utils.DelayedRemovalArray/com.badlogic.gdx.utils.FloatArray/com.badlogic.gdx.utils.IntArray/com.badlogic.gdx.utils.LongArray/com.badlogic.gdx.utils.ShortArray/com.badlogic.gdx.utils.SnapshotArray / emitted as lowlevel.util.DynamicArray
5fd93d3dc0a6/61	collection-retarget	ExternalProducer	lowlevel.util.DynamicArray.apply	com/github/tommyettinger/anim8/PNG8.java	3085	call: produces com.badlogic.gdx.utils.Array/com.badlogic.gdx.utils.BooleanArray/com.badlogic.gdx.utils.ByteArray/com.badlogic.gdx.utils.CharArray/com.badlogic.gdx.utils.DelayedRemovalArray/com.badlogic.gdx.utils.FloatArray/com.badlogic.gdx.utils.IntArray/com.badlogic.gdx.utils.LongArray/com.badlogic.gdx.utils.ShortArray/com.badlogic.gdx.utils.SnapshotArray / emitted as lowlevel.util.DynamicArray
5fd93d3dc0a6/62	collection-retarget	ExternalProducer	lowlevel.util.DynamicArray.apply	com/github/tommyettinger/anim8/PNG8.java	3086	call: produces com.badlogic.gdx.utils.Array/com.badlogic.gdx.utils.BooleanArray/com.badlogic.gdx.utils.ByteArray/com.badlogic.gdx.utils.CharArray/com.badlogic.gdx.utils.DelayedRemovalArray/com.badlogic.gdx.utils.FloatArray/com.badlogic.gdx.utils.IntArray/com.badlogic.gdx.utils.LongArray/com.badlogic.gdx.utils.ShortArray/com.badlogic.gdx.utils.SnapshotArray / emitted as lowlevel.util.DynamicArray
5fd93d3dc0a6/63	collection-retarget	ExternalProducer	lowlevel.util.DynamicArray.apply	com/github/tommyettinger/anim8/PNG8.java	3087	call: produces com.badlogic.gdx.utils.Array/com.badlogic.gdx.utils.BooleanArray/com.badlogic.gdx.utils.ByteArray/com.badlogic.gdx.utils.CharArray/com.badlogic.gdx.utils.DelayedRemovalArray/com.badlogic.gdx.utils.FloatArray/com.badlogic.gdx.utils.IntArray/com.badlogic.gdx.utils.LongArray/com.badlogic.gdx.utils.ShortArray/com.badlogic.gdx.utils.SnapshotArray / emitted as lowlevel.util.DynamicArray
5fd93d3dc0a6/64	collection-retarget	ExternalProducer	lowlevel.util.DynamicArray.apply	com/github/tommyettinger/anim8/PNG8.java	3139	call: produces com.badlogic.gdx.utils.Array/com.badlogic.gdx.utils.BooleanArray/com.badlogic.gdx.utils.ByteArray/com.badlogic.gdx.utils.CharArray/com.badlogic.gdx.utils.DelayedRemovalArray/com.badlogic.gdx.utils.FloatArray/com.badlogic.gdx.utils.IntArray/com.badlogic.gdx.utils.LongArray/com.badlogic.gdx.utils.ShortArray/com.badlogic.gdx.utils.SnapshotArray / emitted as lowlevel.util.DynamicArray
5fd93d3dc0a6/65	collection-retarget	ExternalProducer	lowlevel.util.DynamicArray.apply	com/github/tommyettinger/anim8/PNG8.java	3262	call: produces com.badlogic.gdx.utils.Array/com.badlogic.gdx.utils.BooleanArray/com.badlogic.gdx.utils.ByteArray/com.badlogic.gdx.utils.CharArray/com.badlogic.gdx.utils.DelayedRemovalArray/com.badlogic.gdx.utils.FloatArray/com.badlogic.gdx.utils.IntArray/com.badlogic.gdx.utils.LongArray/com.badlogic.gdx.utils.ShortArray/com.badlogic.gdx.utils.SnapshotArray / emitted as lowlevel.util.DynamicArray
5fd93d3dc0a6/66	collection-retarget	ExternalProducer	lowlevel.util.DynamicArray.apply	com/github/tommyettinger/anim8/PNG8.java	3263	call: produces com.badlogic.gdx.utils.Array/com.badlogic.gdx.utils.BooleanArray/com.badlogic.gdx.utils.ByteArray/com.badlogic.gdx.utils.CharArray/com.badlogic.gdx.utils.DelayedRemovalArray/com.badlogic.gdx.utils.FloatArray/com.badlogic.gdx.utils.IntArray/com.badlogic.gdx.utils.LongArray/com.badlogic.gdx.utils.ShortArray/com.badlogic.gdx.utils.SnapshotArray / emitted as lowlevel.util.DynamicArray
5fd93d3dc0a6/67	collection-retarget	ExternalProducer	lowlevel.util.DynamicArray.apply	com/github/tommyettinger/anim8/PNG8.java	3264	call: produces com.badlogic.gdx.utils.Array/com.badlogic.gdx.utils.BooleanArray/com.badlogic.gdx.utils.ByteArray/com.badlogic.gdx.utils.CharArray/com.badlogic.gdx.utils.DelayedRemovalArray/com.badlogic.gdx.utils.FloatArray/com.badlogic.gdx.utils.IntArray/com.badlogic.gdx.utils.LongArray/com.badlogic.gdx.utils.ShortArray/com.badlogic.gdx.utils.SnapshotArray / emitted as lowlevel.util.DynamicArray
5fd93d3dc0a6/68	collection-retarget	ExternalProducer	lowlevel.util.DynamicArray.apply	com/github/tommyettinger/anim8/PNG8.java	3265	call: produces com.badlogic.gdx.utils.Array/com.badlogic.gdx.utils.BooleanArray/com.badlogic.gdx.utils.ByteArray/com.badlogic.gdx.utils.CharArray/com.badlogic.gdx.utils.DelayedRemovalArray/com.badlogic.gdx.utils.FloatArray/com.badlogic.gdx.utils.IntArray/com.badlogic.gdx.utils.LongArray/com.badlogic.gdx.utils.ShortArray/com.badlogic.gdx.utils.SnapshotArray / emitted as lowlevel.util.DynamicArray
5fd93d3dc0a6/69	collection-retarget	ExternalProducer	lowlevel.util.DynamicArray.apply	com/github/tommyettinger/anim8/PNG8.java	3266	call: produces com.badlogic.gdx.utils.Array/com.badlogic.gdx.utils.BooleanArray/com.badlogic.gdx.utils.ByteArray/com.badlogic.gdx.utils.CharArray/com.badlogic.gdx.utils.DelayedRemovalArray/com.badlogic.gdx.utils.FloatArray/com.badlogic.gdx.utils.IntArray/com.badlogic.gdx.utils.LongArray/com.badlogic.gdx.utils.ShortArray/com.badlogic.gdx.utils.SnapshotArray / emitted as lowlevel.util.DynamicArray
5fd93d3dc0a6/70	collection-retarget	ExternalProducer	lowlevel.util.DynamicArray.apply	com/github/tommyettinger/anim8/PNG8.java	3267	call: produces com.badlogic.gdx.utils.Array/com.badlogic.gdx.utils.BooleanArray/com.badlogic.gdx.utils.ByteArray/com.badlogic.gdx.utils.CharArray/com.badlogic.gdx.utils.DelayedRemovalArray/com.badlogic.gdx.utils.FloatArray/com.badlogic.gdx.utils.IntArray/com.badlogic.gdx.utils.LongArray/com.badlogic.gdx.utils.ShortArray/com.badlogic.gdx.utils.SnapshotArray / emitted as lowlevel.util.DynamicArray
5fd93d3dc0a6/71	collection-retarget	ExternalProducer	lowlevel.util.DynamicArray.apply	com/github/tommyettinger/anim8/PNG8.java	3313	call: produces com.badlogic.gdx.utils.Array/com.badlogic.gdx.utils.BooleanArray/com.badlogic.gdx.utils.ByteArray/com.badlogic.gdx.utils.CharArray/com.badlogic.gdx.utils.DelayedRemovalArray/com.badlogic.gdx.utils.FloatArray/com.badlogic.gdx.utils.IntArray/com.badlogic.gdx.utils.LongArray/com.badlogic.gdx.utils.ShortArray/com.badlogic.gdx.utils.SnapshotArray / emitted as lowlevel.util.DynamicArray
5fd93d3dc0a6/72	collection-retarget	ExternalProducer	lowlevel.util.DynamicArray.apply	com/github/tommyettinger/anim8/PNG8.java	3472	call: produces com.badlogic.gdx.utils.Array/com.badlogic.gdx.utils.BooleanArray/com.badlogic.gdx.utils.ByteArray/com.badlogic.gdx.utils.CharArray/com.badlogic.gdx.utils.DelayedRemovalArray/com.badlogic.gdx.utils.FloatArray/com.badlogic.gdx.utils.IntArray/com.badlogic.gdx.utils.LongArray/com.badlogic.gdx.utils.ShortArray/com.badlogic.gdx.utils.SnapshotArray / emitted as lowlevel.util.DynamicArray
5fd93d3dc0a6/73	collection-retarget	ExternalProducer	lowlevel.util.DynamicArray.apply	com/github/tommyettinger/anim8/PNG8.java	3473	call: produces com.badlogic.gdx.utils.Array/com.badlogic.gdx.utils.BooleanArray/com.badlogic.gdx.utils.ByteArray/com.badlogic.gdx.utils.CharArray/com.badlogic.gdx.utils.DelayedRemovalArray/com.badlogic.gdx.utils.FloatArray/com.badlogic.gdx.utils.IntArray/com.badlogic.gdx.utils.LongArray/com.badlogic.gdx.utils.ShortArray/com.badlogic.gdx.utils.SnapshotArray / emitted as lowlevel.util.DynamicArray
5fd93d3dc0a6/74	collection-retarget	ExternalProducer	lowlevel.util.DynamicArray.apply	com/github/tommyettinger/anim8/PNG8.java	3474	call: produces com.badlogic.gdx.utils.Array/com.badlogic.gdx.utils.BooleanArray/com.badlogic.gdx.utils.ByteArray/com.badlogic.gdx.utils.CharArray/com.badlogic.gdx.utils.DelayedRemovalArray/com.badlogic.gdx.utils.FloatArray/com.badlogic.gdx.utils.IntArray/com.badlogic.gdx.utils.LongArray/com.badlogic.gdx.utils.ShortArray/com.badlogic.gdx.utils.SnapshotArray / emitted as lowlevel.util.DynamicArray
5fd93d3dc0a6/75	collection-retarget	ExternalProducer	lowlevel.util.DynamicArray.apply	com/github/tommyettinger/anim8/PNG8.java	3475	call: produces com.badlogic.gdx.utils.Array/com.badlogic.gdx.utils.BooleanArray/com.badlogic.gdx.utils.ByteArray/com.badlogic.gdx.utils.CharArray/com.badlogic.gdx.utils.DelayedRemovalArray/com.badlogic.gdx.utils.FloatArray/com.badlogic.gdx.utils.IntArray/com.badlogic.gdx.utils.LongArray/com.badlogic.gdx.utils.ShortArray/com.badlogic.gdx.utils.SnapshotArray / emitted as lowlevel.util.DynamicArray
5fd93d3dc0a6/76	collection-retarget	ExternalProducer	lowlevel.util.DynamicArray.apply	com/github/tommyettinger/anim8/PNG8.java	3476	call: produces com.badlogic.gdx.utils.Array/com.badlogic.gdx.utils.BooleanArray/com.badlogic.gdx.utils.ByteArray/com.badlogic.gdx.utils.CharArray/com.badlogic.gdx.utils.DelayedRemovalArray/com.badlogic.gdx.utils.FloatArray/com.badlogic.gdx.utils.IntArray/com.badlogic.gdx.utils.LongArray/com.badlogic.gdx.utils.ShortArray/com.badlogic.gdx.utils.SnapshotArray / emitted as lowlevel.util.DynamicArray
5fd93d3dc0a6/77	collection-retarget	ExternalProducer	lowlevel.util.DynamicArray.apply	com/github/tommyettinger/anim8/PNG8.java	3477	call: produces com.badlogic.gdx.utils.Array/com.badlogic.gdx.utils.BooleanArray/com.badlogic.gdx.utils.ByteArray/com.badlogic.gdx.utils.CharArray/com.badlogic.gdx.utils.DelayedRemovalArray/com.badlogic.gdx.utils.FloatArray/com.badlogic.gdx.utils.IntArray/com.badlogic.gdx.utils.LongArray/com.badlogic.gdx.utils.ShortArray/com.badlogic.gdx.utils.SnapshotArray / emitted as lowlevel.util.DynamicArray
5fd93d3dc0a6/78	collection-retarget	ExternalProducer	lowlevel.util.DynamicArray.apply	com/github/tommyettinger/anim8/PNG8.java	3523	call: produces com.badlogic.gdx.utils.Array/com.badlogic.gdx.utils.BooleanArray/com.badlogic.gdx.utils.ByteArray/com.badlogic.gdx.utils.CharArray/com.badlogic.gdx.utils.DelayedRemovalArray/com.badlogic.gdx.utils.FloatArray/com.badlogic.gdx.utils.IntArray/com.badlogic.gdx.utils.LongArray/com.badlogic.gdx.utils.ShortArray/com.badlogic.gdx.utils.SnapshotArray / emitted as lowlevel.util.DynamicArray
5fd93d3dc0a6/79	collection-retarget	ExternalProducer	lowlevel.util.DynamicArray.apply	com/github/tommyettinger/anim8/PNG8.java	3646	call: produces com.badlogic.gdx.utils.Array/com.badlogic.gdx.utils.BooleanArray/com.badlogic.gdx.utils.ByteArray/com.badlogic.gdx.utils.CharArray/com.badlogic.gdx.utils.DelayedRemovalArray/com.badlogic.gdx.utils.FloatArray/com.badlogic.gdx.utils.IntArray/com.badlogic.gdx.utils.LongArray/com.badlogic.gdx.utils.ShortArray/com.badlogic.gdx.utils.SnapshotArray / emitted as lowlevel.util.DynamicArray
5fd93d3dc0a6/80	collection-retarget	ExternalProducer	lowlevel.util.DynamicArray.apply	com/github/tommyettinger/anim8/PNG8.java	3647	call: produces com.badlogic.gdx.utils.Array/com.badlogic.gdx.utils.BooleanArray/com.badlogic.gdx.utils.ByteArray/com.badlogic.gdx.utils.CharArray/com.badlogic.gdx.utils.DelayedRemovalArray/com.badlogic.gdx.utils.FloatArray/com.badlogic.gdx.utils.IntArray/com.badlogic.gdx.utils.LongArray/com.badlogic.gdx.utils.ShortArray/com.badlogic.gdx.utils.SnapshotArray / emitted as lowlevel.util.DynamicArray
5fd93d3dc0a6/81	collection-retarget	ExternalProducer	lowlevel.util.DynamicArray.apply	com/github/tommyettinger/anim8/PNG8.java	3648	call: produces com.badlogic.gdx.utils.Array/com.badlogic.gdx.utils.BooleanArray/com.badlogic.gdx.utils.ByteArray/com.badlogic.gdx.utils.CharArray/com.badlogic.gdx.utils.DelayedRemovalArray/com.badlogic.gdx.utils.FloatArray/com.badlogic.gdx.utils.IntArray/com.badlogic.gdx.utils.LongArray/com.badlogic.gdx.utils.ShortArray/com.badlogic.gdx.utils.SnapshotArray / emitted as lowlevel.util.DynamicArray
5fd93d3dc0a6/82	collection-retarget	ExternalProducer	lowlevel.util.DynamicArray.apply	com/github/tommyettinger/anim8/PNG8.java	3649	call: produces com.badlogic.gdx.utils.Array/com.badlogic.gdx.utils.BooleanArray/com.badlogic.gdx.utils.ByteArray/com.badlogic.gdx.utils.CharArray/com.badlogic.gdx.utils.DelayedRemovalArray/com.badlogic.gdx.utils.FloatArray/com.badlogic.gdx.utils.IntArray/com.badlogic.gdx.utils.LongArray/com.badlogic.gdx.utils.ShortArray/com.badlogic.gdx.utils.SnapshotArray / emitted as lowlevel.util.DynamicArray
5fd93d3dc0a6/83	collection-retarget	ExternalProducer	lowlevel.util.DynamicArray.apply	com/github/tommyettinger/anim8/PNG8.java	3650	call: produces com.badlogic.gdx.utils.Array/com.badlogic.gdx.utils.BooleanArray/com.badlogic.gdx.utils.ByteArray/com.badlogic.gdx.utils.CharArray/com.badlogic.gdx.utils.DelayedRemovalArray/com.badlogic.gdx.utils.FloatArray/com.badlogic.gdx.utils.IntArray/com.badlogic.gdx.utils.LongArray/com.badlogic.gdx.utils.ShortArray/com.badlogic.gdx.utils.SnapshotArray / emitted as lowlevel.util.DynamicArray
5fd93d3dc0a6/84	collection-retarget	ExternalProducer	lowlevel.util.DynamicArray.apply	com/github/tommyettinger/anim8/PNG8.java	3651	call: produces com.badlogic.gdx.utils.Array/com.badlogic.gdx.utils.BooleanArray/com.badlogic.gdx.utils.ByteArray/com.badlogic.gdx.utils.CharArray/com.badlogic.gdx.utils.DelayedRemovalArray/com.badlogic.gdx.utils.FloatArray/com.badlogic.gdx.utils.IntArray/com.badlogic.gdx.utils.LongArray/com.badlogic.gdx.utils.ShortArray/com.badlogic.gdx.utils.SnapshotArray / emitted as lowlevel.util.DynamicArray
5fd93d3dc0a6/85	collection-retarget	ExternalProducer	lowlevel.util.DynamicArray.apply	com/github/tommyettinger/anim8/PNG8.java	3697	call: produces com.badlogic.gdx.utils.Array/com.badlogic.gdx.utils.BooleanArray/com.badlogic.gdx.utils.ByteArray/com.badlogic.gdx.utils.CharArray/com.badlogic.gdx.utils.DelayedRemovalArray/com.badlogic.gdx.utils.FloatArray/com.badlogic.gdx.utils.IntArray/com.badlogic.gdx.utils.LongArray/com.badlogic.gdx.utils.ShortArray/com.badlogic.gdx.utils.SnapshotArray / emitted as lowlevel.util.DynamicArray
5fd93d3dc0a6/86	collection-retarget	ExternalProducer	lowlevel.util.DynamicArray.apply	com/github/tommyettinger/anim8/PNG8.java	3829	call: produces com.badlogic.gdx.utils.Array/com.badlogic.gdx.utils.BooleanArray/com.badlogic.gdx.utils.ByteArray/com.badlogic.gdx.utils.CharArray/com.badlogic.gdx.utils.DelayedRemovalArray/com.badlogic.gdx.utils.FloatArray/com.badlogic.gdx.utils.IntArray/com.badlogic.gdx.utils.LongArray/com.badlogic.gdx.utils.ShortArray/com.badlogic.gdx.utils.SnapshotArray / emitted as lowlevel.util.DynamicArray
5fd93d3dc0a6/87	collection-retarget	ExternalProducer	lowlevel.util.DynamicArray.apply	com/github/tommyettinger/anim8/PNG8.java	3830	call: produces com.badlogic.gdx.utils.Array/com.badlogic.gdx.utils.BooleanArray/com.badlogic.gdx.utils.ByteArray/com.badlogic.gdx.utils.CharArray/com.badlogic.gdx.utils.DelayedRemovalArray/com.badlogic.gdx.utils.FloatArray/com.badlogic.gdx.utils.IntArray/com.badlogic.gdx.utils.LongArray/com.badlogic.gdx.utils.ShortArray/com.badlogic.gdx.utils.SnapshotArray / emitted as lowlevel.util.DynamicArray
5fd93d3dc0a6/88	collection-retarget	ExternalProducer	lowlevel.util.DynamicArray.apply	com/github/tommyettinger/anim8/PNG8.java	3831	call: produces com.badlogic.gdx.utils.Array/com.badlogic.gdx.utils.BooleanArray/com.badlogic.gdx.utils.ByteArray/com.badlogic.gdx.utils.CharArray/com.badlogic.gdx.utils.DelayedRemovalArray/com.badlogic.gdx.utils.FloatArray/com.badlogic.gdx.utils.IntArray/com.badlogic.gdx.utils.LongArray/com.badlogic.gdx.utils.ShortArray/com.badlogic.gdx.utils.SnapshotArray / emitted as lowlevel.util.DynamicArray
5fd93d3dc0a6/89	collection-retarget	ExternalProducer	lowlevel.util.DynamicArray.apply	com/github/tommyettinger/anim8/PNG8.java	3832	call: produces com.badlogic.gdx.utils.Array/com.badlogic.gdx.utils.BooleanArray/com.badlogic.gdx.utils.ByteArray/com.badlogic.gdx.utils.CharArray/com.badlogic.gdx.utils.DelayedRemovalArray/com.badlogic.gdx.utils.FloatArray/com.badlogic.gdx.utils.IntArray/com.badlogic.gdx.utils.LongArray/com.badlogic.gdx.utils.ShortArray/com.badlogic.gdx.utils.SnapshotArray / emitted as lowlevel.util.DynamicArray
5fd93d3dc0a6/90	collection-retarget	ExternalProducer	lowlevel.util.DynamicArray.apply	com/github/tommyettinger/anim8/PNG8.java	3833	call: produces com.badlogic.gdx.utils.Array/com.badlogic.gdx.utils.BooleanArray/com.badlogic.gdx.utils.ByteArray/com.badlogic.gdx.utils.CharArray/com.badlogic.gdx.utils.DelayedRemovalArray/com.badlogic.gdx.utils.FloatArray/com.badlogic.gdx.utils.IntArray/com.badlogic.gdx.utils.LongArray/com.badlogic.gdx.utils.ShortArray/com.badlogic.gdx.utils.SnapshotArray / emitted as lowlevel.util.DynamicArray
5fd93d3dc0a6/91	collection-retarget	ExternalProducer	lowlevel.util.DynamicArray.apply	com/github/tommyettinger/anim8/PNG8.java	3834	call: produces com.badlogic.gdx.utils.Array/com.badlogic.gdx.utils.BooleanArray/com.badlogic.gdx.utils.ByteArray/com.badlogic.gdx.utils.CharArray/com.badlogic.gdx.utils.DelayedRemovalArray/com.badlogic.gdx.utils.FloatArray/com.badlogic.gdx.utils.IntArray/com.badlogic.gdx.utils.LongArray/com.badlogic.gdx.utils.ShortArray/com.badlogic.gdx.utils.SnapshotArray / emitted as lowlevel.util.DynamicArray
5fd93d3dc0a6/92	collection-retarget	ExternalProducer	lowlevel.util.DynamicArray.apply	com/github/tommyettinger/anim8/PNG8.java	3880	call: produces com.badlogic.gdx.utils.Array/com.badlogic.gdx.utils.BooleanArray/com.badlogic.gdx.utils.ByteArray/com.badlogic.gdx.utils.CharArray/com.badlogic.gdx.utils.DelayedRemovalArray/com.badlogic.gdx.utils.FloatArray/com.badlogic.gdx.utils.IntArray/com.badlogic.gdx.utils.LongArray/com.badlogic.gdx.utils.ShortArray/com.badlogic.gdx.utils.SnapshotArray / emitted as lowlevel.util.DynamicArray
5fd93d3dc0a6/93	collection-retarget	ExternalProducer	lowlevel.util.DynamicArray.apply	com/github/tommyettinger/anim8/PNG8.java	4034	call: produces com.badlogic.gdx.utils.Array/com.badlogic.gdx.utils.BooleanArray/com.badlogic.gdx.utils.ByteArray/com.badlogic.gdx.utils.CharArray/com.badlogic.gdx.utils.DelayedRemovalArray/com.badlogic.gdx.utils.FloatArray/com.badlogic.gdx.utils.IntArray/com.badlogic.gdx.utils.LongArray/com.badlogic.gdx.utils.ShortArray/com.badlogic.gdx.utils.SnapshotArray / emitted as lowlevel.util.DynamicArray
5fd93d3dc0a6/94	collection-retarget	ExternalProducer	lowlevel.util.DynamicArray.apply	com/github/tommyettinger/anim8/PNG8.java	4223	call: produces com.badlogic.gdx.utils.Array/com.badlogic.gdx.utils.BooleanArray/com.badlogic.gdx.utils.ByteArray/com.badlogic.gdx.utils.CharArray/com.badlogic.gdx.utils.DelayedRemovalArray/com.badlogic.gdx.utils.FloatArray/com.badlogic.gdx.utils.IntArray/com.badlogic.gdx.utils.LongArray/com.badlogic.gdx.utils.ShortArray/com.badlogic.gdx.utils.SnapshotArray / emitted as lowlevel.util.DynamicArray
5fd93d3dc0a6/95	collection-retarget	ExternalProducer	lowlevel.util.DynamicArray.apply	com/github/tommyettinger/anim8/PNG8.java	4440	call: produces com.badlogic.gdx.utils.Array/com.badlogic.gdx.utils.BooleanArray/com.badlogic.gdx.utils.ByteArray/com.badlogic.gdx.utils.CharArray/com.badlogic.gdx.utils.DelayedRemovalArray/com.badlogic.gdx.utils.FloatArray/com.badlogic.gdx.utils.IntArray/com.badlogic.gdx.utils.LongArray/com.badlogic.gdx.utils.ShortArray/com.badlogic.gdx.utils.SnapshotArray / emitted as lowlevel.util.DynamicArray
5fd93d3dc0a6/96	collection-retarget	ExternalProducer	lowlevel.util.DynamicArray.apply	com/github/tommyettinger/anim8/PNG8.java	4574	call: produces com.badlogic.gdx.utils.Array/com.badlogic.gdx.utils.BooleanArray/com.badlogic.gdx.utils.ByteArray/com.badlogic.gdx.utils.CharArray/com.badlogic.gdx.utils.DelayedRemovalArray/com.badlogic.gdx.utils.FloatArray/com.badlogic.gdx.utils.IntArray/com.badlogic.gdx.utils.LongArray/com.badlogic.gdx.utils.ShortArray/com.badlogic.gdx.utils.SnapshotArray / emitted as lowlevel.util.DynamicArray
5fd93d3dc0a6/97	collection-retarget	ExternalProducer	lowlevel.util.DynamicArray.apply	com/github/tommyettinger/anim8/PNG8.java	4684	call: produces com.badlogic.gdx.utils.Array/com.badlogic.gdx.utils.BooleanArray/com.badlogic.gdx.utils.ByteArray/com.badlogic.gdx.utils.CharArray/com.badlogic.gdx.utils.DelayedRemovalArray/com.badlogic.gdx.utils.FloatArray/com.badlogic.gdx.utils.IntArray/com.badlogic.gdx.utils.LongArray/com.badlogic.gdx.utils.ShortArray/com.badlogic.gdx.utils.SnapshotArray / emitted as lowlevel.util.DynamicArray
5fd93d3dc0a6/98	collection-retarget	ExternalProducer	lowlevel.util.DynamicArray.apply	com/github/tommyettinger/anim8/PNG8.java	4822	call: produces com.badlogic.gdx.utils.Array/com.badlogic.gdx.utils.BooleanArray/com.badlogic.gdx.utils.ByteArray/com.badlogic.gdx.utils.CharArray/com.badlogic.gdx.utils.DelayedRemovalArray/com.badlogic.gdx.utils.FloatArray/com.badlogic.gdx.utils.IntArray/com.badlogic.gdx.utils.LongArray/com.badlogic.gdx.utils.ShortArray/com.badlogic.gdx.utils.SnapshotArray / emitted as lowlevel.util.DynamicArray
5fd93d3dc0a6/99	collection-retarget	ExternalProducer	lowlevel.util.DynamicArray.apply	com/github/tommyettinger/anim8/PNG8.java	4936	call: produces com.badlogic.gdx.utils.Array/com.badlogic.gdx.utils.BooleanArray/com.badlogic.gdx.utils.ByteArray/com.badlogic.gdx.utils.CharArray/com.badlogic.gdx.utils.DelayedRemovalArray/com.badlogic.gdx.utils.FloatArray/com.badlogic.gdx.utils.IntArray/com.badlogic.gdx.utils.LongArray/com.badlogic.gdx.utils.ShortArray/com.badlogic.gdx.utils.SnapshotArray / emitted as lowlevel.util.DynamicArray
5fd93d3dc0a6/100	collection-retarget	ExternalProducer	lowlevel.util.DynamicArray.apply	com/github/tommyettinger/anim8/PNG8.java	5046	call: produces com.badlogic.gdx.utils.Array/com.badlogic.gdx.utils.BooleanArray/com.badlogic.gdx.utils.ByteArray/com.badlogic.gdx.utils.CharArray/com.badlogic.gdx.utils.DelayedRemovalArray/com.badlogic.gdx.utils.FloatArray/com.badlogic.gdx.utils.IntArray/com.badlogic.gdx.utils.LongArray/com.badlogic.gdx.utils.ShortArray/com.badlogic.gdx.utils.SnapshotArray / emitted as lowlevel.util.DynamicArray
5fd93d3dc0a6/101	collection-retarget	ExternalProducer	lowlevel.util.DynamicArray.apply	com/github/tommyettinger/anim8/PNG8.java	5179	call: produces com.badlogic.gdx.utils.Array/com.badlogic.gdx.utils.BooleanArray/com.badlogic.gdx.utils.ByteArray/com.badlogic.gdx.utils.CharArray/com.badlogic.gdx.utils.DelayedRemovalArray/com.badlogic.gdx.utils.FloatArray/com.badlogic.gdx.utils.IntArray/com.badlogic.gdx.utils.LongArray/com.badlogic.gdx.utils.ShortArray/com.badlogic.gdx.utils.SnapshotArray / emitted as lowlevel.util.DynamicArray
5fd93d3dc0a6/102	collection-retarget	ExternalProducer	lowlevel.util.DynamicArray.apply	com/github/tommyettinger/anim8/PNG8.java	5289	call: produces com.badlogic.gdx.utils.Array/com.badlogic.gdx.utils.BooleanArray/com.badlogic.gdx.utils.ByteArray/com.badlogic.gdx.utils.CharArray/com.badlogic.gdx.utils.DelayedRemovalArray/com.badlogic.gdx.utils.FloatArray/com.badlogic.gdx.utils.IntArray/com.badlogic.gdx.utils.LongArray/com.badlogic.gdx.utils.ShortArray/com.badlogic.gdx.utils.SnapshotArray / emitted as lowlevel.util.DynamicArray
5fd93d3dc0a6/103	collection-retarget	ExternalProducer	lowlevel.util.DynamicArray.apply	com/github/tommyettinger/anim8/PNG8.java	5399	call: produces com.badlogic.gdx.utils.Array/com.badlogic.gdx.utils.BooleanArray/com.badlogic.gdx.utils.ByteArray/com.badlogic.gdx.utils.CharArray/com.badlogic.gdx.utils.DelayedRemovalArray/com.badlogic.gdx.utils.FloatArray/com.badlogic.gdx.utils.IntArray/com.badlogic.gdx.utils.LongArray/com.badlogic.gdx.utils.ShortArray/com.badlogic.gdx.utils.SnapshotArray / emitted as lowlevel.util.DynamicArray
5fd93d3dc0a6/104	collection-retarget	ExternalProducer	lowlevel.util.DynamicArray.apply	com/github/tommyettinger/anim8/PNG8.java	5532	call: produces com.badlogic.gdx.utils.Array/com.badlogic.gdx.utils.BooleanArray/com.badlogic.gdx.utils.ByteArray/com.badlogic.gdx.utils.CharArray/com.badlogic.gdx.utils.DelayedRemovalArray/com.badlogic.gdx.utils.FloatArray/com.badlogic.gdx.utils.IntArray/com.badlogic.gdx.utils.LongArray/com.badlogic.gdx.utils.ShortArray/com.badlogic.gdx.utils.SnapshotArray / emitted as lowlevel.util.DynamicArray
5fd93d3dc0a6/105	collection-retarget	ExternalProducer	lowlevel.util.DynamicArray.apply	com/github/tommyettinger/anim8/PNG8.java	5668	call: produces com.badlogic.gdx.utils.Array/com.badlogic.gdx.utils.BooleanArray/com.badlogic.gdx.utils.ByteArray/com.badlogic.gdx.utils.CharArray/com.badlogic.gdx.utils.DelayedRemovalArray/com.badlogic.gdx.utils.FloatArray/com.badlogic.gdx.utils.IntArray/com.badlogic.gdx.utils.LongArray/com.badlogic.gdx.utils.ShortArray/com.badlogic.gdx.utils.SnapshotArray / emitted as lowlevel.util.DynamicArray
5fd93d3dc0a6/106	collection-retarget	ExternalProducer	lowlevel.util.DynamicArray.apply	com/github/tommyettinger/anim8/PNG8.java	5763	call: produces com.badlogic.gdx.utils.Array/com.badlogic.gdx.utils.BooleanArray/com.badlogic.gdx.utils.ByteArray/com.badlogic.gdx.utils.CharArray/com.badlogic.gdx.utils.DelayedRemovalArray/com.badlogic.gdx.utils.FloatArray/com.badlogic.gdx.utils.IntArray/com.badlogic.gdx.utils.LongArray/com.badlogic.gdx.utils.ShortArray/com.badlogic.gdx.utils.SnapshotArray / emitted as lowlevel.util.DynamicArray
5fd93d3dc0a6/107	collection-retarget	ExternalProducer	lowlevel.util.DynamicArray.apply	com/github/tommyettinger/anim8/PNG8.java	5764	call: produces com.badlogic.gdx.utils.Array/com.badlogic.gdx.utils.BooleanArray/com.badlogic.gdx.utils.ByteArray/com.badlogic.gdx.utils.CharArray/com.badlogic.gdx.utils.DelayedRemovalArray/com.badlogic.gdx.utils.FloatArray/com.badlogic.gdx.utils.IntArray/com.badlogic.gdx.utils.LongArray/com.badlogic.gdx.utils.ShortArray/com.badlogic.gdx.utils.SnapshotArray / emitted as lowlevel.util.DynamicArray
5fd93d3dc0a6/108	collection-retarget	ExternalProducer	lowlevel.util.DynamicArray.apply	com/github/tommyettinger/anim8/PNG8.java	5765	call: produces com.badlogic.gdx.utils.Array/com.badlogic.gdx.utils.BooleanArray/com.badlogic.gdx.utils.ByteArray/com.badlogic.gdx.utils.CharArray/com.badlogic.gdx.utils.DelayedRemovalArray/com.badlogic.gdx.utils.FloatArray/com.badlogic.gdx.utils.IntArray/com.badlogic.gdx.utils.LongArray/com.badlogic.gdx.utils.ShortArray/com.badlogic.gdx.utils.SnapshotArray / emitted as lowlevel.util.DynamicArray
5fd93d3dc0a6/109	collection-retarget	ExternalProducer	lowlevel.util.DynamicArray.apply	com/github/tommyettinger/anim8/PNG8.java	5766	call: produces com.badlogic.gdx.utils.Array/com.badlogic.gdx.utils.BooleanArray/com.badlogic.gdx.utils.ByteArray/com.badlogic.gdx.utils.CharArray/com.badlogic.gdx.utils.DelayedRemovalArray/com.badlogic.gdx.utils.FloatArray/com.badlogic.gdx.utils.IntArray/com.badlogic.gdx.utils.LongArray/com.badlogic.gdx.utils.ShortArray/com.badlogic.gdx.utils.SnapshotArray / emitted as lowlevel.util.DynamicArray
5fd93d3dc0a6/110	collection-retarget	ExternalProducer	lowlevel.util.DynamicArray.apply	com/github/tommyettinger/anim8/PNG8.java	5767	call: produces com.badlogic.gdx.utils.Array/com.badlogic.gdx.utils.BooleanArray/com.badlogic.gdx.utils.ByteArray/com.badlogic.gdx.utils.CharArray/com.badlogic.gdx.utils.DelayedRemovalArray/com.badlogic.gdx.utils.FloatArray/com.badlogic.gdx.utils.IntArray/com.badlogic.gdx.utils.LongArray/com.badlogic.gdx.utils.ShortArray/com.badlogic.gdx.utils.SnapshotArray / emitted as lowlevel.util.DynamicArray
5fd93d3dc0a6/111	collection-retarget	ExternalProducer	lowlevel.util.DynamicArray.apply	com/github/tommyettinger/anim8/PNG8.java	5768	call: produces com.badlogic.gdx.utils.Array/com.badlogic.gdx.utils.BooleanArray/com.badlogic.gdx.utils.ByteArray/com.badlogic.gdx.utils.CharArray/com.badlogic.gdx.utils.DelayedRemovalArray/com.badlogic.gdx.utils.FloatArray/com.badlogic.gdx.utils.IntArray/com.badlogic.gdx.utils.LongArray/com.badlogic.gdx.utils.ShortArray/com.badlogic.gdx.utils.SnapshotArray / emitted as lowlevel.util.DynamicArray
5fd93d3dc0a6/112	collection-retarget	ExternalProducer	lowlevel.util.DynamicArray.apply	com/github/tommyettinger/anim8/PNG8.java	5849	call: produces com.badlogic.gdx.utils.Array/com.badlogic.gdx.utils.BooleanArray/com.badlogic.gdx.utils.ByteArray/com.badlogic.gdx.utils.CharArray/com.badlogic.gdx.utils.DelayedRemovalArray/com.badlogic.gdx.utils.FloatArray/com.badlogic.gdx.utils.IntArray/com.badlogic.gdx.utils.LongArray/com.badlogic.gdx.utils.ShortArray/com.badlogic.gdx.utils.SnapshotArray / emitted as lowlevel.util.DynamicArray
5fd93d3dc0a6/113	collection-retarget	ExternalProducer	lowlevel.util.DynamicArray.apply	com/github/tommyettinger/anim8/PNG8.java	6030	call: produces com.badlogic.gdx.utils.Array/com.badlogic.gdx.utils.BooleanArray/com.badlogic.gdx.utils.ByteArray/com.badlogic.gdx.utils.CharArray/com.badlogic.gdx.utils.DelayedRemovalArray/com.badlogic.gdx.utils.FloatArray/com.badlogic.gdx.utils.IntArray/com.badlogic.gdx.utils.LongArray/com.badlogic.gdx.utils.ShortArray/com.badlogic.gdx.utils.SnapshotArray / emitted as lowlevel.util.DynamicArray
5fd93d3dc0a6/114	collection-retarget	ExternalProducer	lowlevel.util.DynamicArray.apply	com/github/tommyettinger/anim8/PNG8.java	6117	call: produces com.badlogic.gdx.utils.Array/com.badlogic.gdx.utils.BooleanArray/com.badlogic.gdx.utils.ByteArray/com.badlogic.gdx.utils.CharArray/com.badlogic.gdx.utils.DelayedRemovalArray/com.badlogic.gdx.utils.FloatArray/com.badlogic.gdx.utils.IntArray/com.badlogic.gdx.utils.LongArray/com.badlogic.gdx.utils.ShortArray/com.badlogic.gdx.utils.SnapshotArray / emitted as lowlevel.util.DynamicArray
5fd93d3dc0a6/115	collection-retarget	ExternalProducer	lowlevel.util.DynamicArray.apply	com/github/tommyettinger/anim8/PNG8.java	6118	call: produces com.badlogic.gdx.utils.Array/com.badlogic.gdx.utils.BooleanArray/com.badlogic.gdx.utils.ByteArray/com.badlogic.gdx.utils.CharArray/com.badlogic.gdx.utils.DelayedRemovalArray/com.badlogic.gdx.utils.FloatArray/com.badlogic.gdx.utils.IntArray/com.badlogic.gdx.utils.LongArray/com.badlogic.gdx.utils.ShortArray/com.badlogic.gdx.utils.SnapshotArray / emitted as lowlevel.util.DynamicArray
5fd93d3dc0a6/116	collection-retarget	ExternalProducer	lowlevel.util.DynamicArray.apply	com/github/tommyettinger/anim8/PNG8.java	6119	call: produces com.badlogic.gdx.utils.Array/com.badlogic.gdx.utils.BooleanArray/com.badlogic.gdx.utils.ByteArray/com.badlogic.gdx.utils.CharArray/com.badlogic.gdx.utils.DelayedRemovalArray/com.badlogic.gdx.utils.FloatArray/com.badlogic.gdx.utils.IntArray/com.badlogic.gdx.utils.LongArray/com.badlogic.gdx.utils.ShortArray/com.badlogic.gdx.utils.SnapshotArray / emitted as lowlevel.util.DynamicArray
5fd93d3dc0a6/117	collection-retarget	ExternalProducer	lowlevel.util.DynamicArray.apply	com/github/tommyettinger/anim8/PNG8.java	6120	call: produces com.badlogic.gdx.utils.Array/com.badlogic.gdx.utils.BooleanArray/com.badlogic.gdx.utils.ByteArray/com.badlogic.gdx.utils.CharArray/com.badlogic.gdx.utils.DelayedRemovalArray/com.badlogic.gdx.utils.FloatArray/com.badlogic.gdx.utils.IntArray/com.badlogic.gdx.utils.LongArray/com.badlogic.gdx.utils.ShortArray/com.badlogic.gdx.utils.SnapshotArray / emitted as lowlevel.util.DynamicArray
5fd93d3dc0a6/118	collection-retarget	ExternalProducer	lowlevel.util.DynamicArray.apply	com/github/tommyettinger/anim8/PNG8.java	6121	call: produces com.badlogic.gdx.utils.Array/com.badlogic.gdx.utils.BooleanArray/com.badlogic.gdx.utils.ByteArray/com.badlogic.gdx.utils.CharArray/com.badlogic.gdx.utils.DelayedRemovalArray/com.badlogic.gdx.utils.FloatArray/com.badlogic.gdx.utils.IntArray/com.badlogic.gdx.utils.LongArray/com.badlogic.gdx.utils.ShortArray/com.badlogic.gdx.utils.SnapshotArray / emitted as lowlevel.util.DynamicArray
5fd93d3dc0a6/119	collection-retarget	ExternalProducer	lowlevel.util.DynamicArray.apply	com/github/tommyettinger/anim8/PNG8.java	6122	call: produces com.badlogic.gdx.utils.Array/com.badlogic.gdx.utils.BooleanArray/com.badlogic.gdx.utils.ByteArray/com.badlogic.gdx.utils.CharArray/com.badlogic.gdx.utils.DelayedRemovalArray/com.badlogic.gdx.utils.FloatArray/com.badlogic.gdx.utils.IntArray/com.badlogic.gdx.utils.LongArray/com.badlogic.gdx.utils.ShortArray/com.badlogic.gdx.utils.SnapshotArray / emitted as lowlevel.util.DynamicArray
5fd93d3dc0a6/120	collection-retarget	ExternalProducer	lowlevel.util.DynamicArray.apply	com/github/tommyettinger/anim8/PNG8.java	6205	call: produces com.badlogic.gdx.utils.Array/com.badlogic.gdx.utils.BooleanArray/com.badlogic.gdx.utils.ByteArray/com.badlogic.gdx.utils.CharArray/com.badlogic.gdx.utils.DelayedRemovalArray/com.badlogic.gdx.utils.FloatArray/com.badlogic.gdx.utils.IntArray/com.badlogic.gdx.utils.LongArray/com.badlogic.gdx.utils.ShortArray/com.badlogic.gdx.utils.SnapshotArray / emitted as lowlevel.util.DynamicArray
5fd93d3dc0a6/121	collection-retarget	ExternalProducer	lowlevel.util.DynamicArray.apply	com/github/tommyettinger/anim8/PNG8.java	6324	call: produces com.badlogic.gdx.utils.Array/com.badlogic.gdx.utils.BooleanArray/com.badlogic.gdx.utils.ByteArray/com.badlogic.gdx.utils.CharArray/com.badlogic.gdx.utils.DelayedRemovalArray/com.badlogic.gdx.utils.FloatArray/com.badlogic.gdx.utils.IntArray/com.badlogic.gdx.utils.LongArray/com.badlogic.gdx.utils.ShortArray/com.badlogic.gdx.utils.SnapshotArray / emitted as lowlevel.util.DynamicArray
5fd93d3dc0a6/122	collection-retarget	ExternalProducer	lowlevel.util.DynamicArray.apply	com/github/tommyettinger/anim8/PNG8.java	6325	call: produces com.badlogic.gdx.utils.Array/com.badlogic.gdx.utils.BooleanArray/com.badlogic.gdx.utils.ByteArray/com.badlogic.gdx.utils.CharArray/com.badlogic.gdx.utils.DelayedRemovalArray/com.badlogic.gdx.utils.FloatArray/com.badlogic.gdx.utils.IntArray/com.badlogic.gdx.utils.LongArray/com.badlogic.gdx.utils.ShortArray/com.badlogic.gdx.utils.SnapshotArray / emitted as lowlevel.util.DynamicArray
5fd93d3dc0a6/123	collection-retarget	ExternalProducer	lowlevel.util.DynamicArray.apply	com/github/tommyettinger/anim8/PNG8.java	6326	call: produces com.badlogic.gdx.utils.Array/com.badlogic.gdx.utils.BooleanArray/com.badlogic.gdx.utils.ByteArray/com.badlogic.gdx.utils.CharArray/com.badlogic.gdx.utils.DelayedRemovalArray/com.badlogic.gdx.utils.FloatArray/com.badlogic.gdx.utils.IntArray/com.badlogic.gdx.utils.LongArray/com.badlogic.gdx.utils.ShortArray/com.badlogic.gdx.utils.SnapshotArray / emitted as lowlevel.util.DynamicArray
5fd93d3dc0a6/124	collection-retarget	ExternalProducer	lowlevel.util.DynamicArray.apply	com/github/tommyettinger/anim8/PNG8.java	6327	call: produces com.badlogic.gdx.utils.Array/com.badlogic.gdx.utils.BooleanArray/com.badlogic.gdx.utils.ByteArray/com.badlogic.gdx.utils.CharArray/com.badlogic.gdx.utils.DelayedRemovalArray/com.badlogic.gdx.utils.FloatArray/com.badlogic.gdx.utils.IntArray/com.badlogic.gdx.utils.LongArray/com.badlogic.gdx.utils.ShortArray/com.badlogic.gdx.utils.SnapshotArray / emitted as lowlevel.util.DynamicArray
5fd93d3dc0a6/125	collection-retarget	ExternalProducer	lowlevel.util.DynamicArray.apply	com/github/tommyettinger/anim8/PNG8.java	6328	call: produces com.badlogic.gdx.utils.Array/com.badlogic.gdx.utils.BooleanArray/com.badlogic.gdx.utils.ByteArray/com.badlogic.gdx.utils.CharArray/com.badlogic.gdx.utils.DelayedRemovalArray/com.badlogic.gdx.utils.FloatArray/com.badlogic.gdx.utils.IntArray/com.badlogic.gdx.utils.LongArray/com.badlogic.gdx.utils.ShortArray/com.badlogic.gdx.utils.SnapshotArray / emitted as lowlevel.util.DynamicArray
5fd93d3dc0a6/126	collection-retarget	ExternalProducer	lowlevel.util.DynamicArray.apply	com/github/tommyettinger/anim8/PNG8.java	6329	call: produces com.badlogic.gdx.utils.Array/com.badlogic.gdx.utils.BooleanArray/com.badlogic.gdx.utils.ByteArray/com.badlogic.gdx.utils.CharArray/com.badlogic.gdx.utils.DelayedRemovalArray/com.badlogic.gdx.utils.FloatArray/com.badlogic.gdx.utils.IntArray/com.badlogic.gdx.utils.LongArray/com.badlogic.gdx.utils.ShortArray/com.badlogic.gdx.utils.SnapshotArray / emitted as lowlevel.util.DynamicArray
5fd93d3dc0a6/127	collection-retarget	ExternalProducer	lowlevel.util.DynamicArray.apply	com/github/tommyettinger/anim8/PNG8.java	6414	call: produces com.badlogic.gdx.utils.Array/com.badlogic.gdx.utils.BooleanArray/com.badlogic.gdx.utils.ByteArray/com.badlogic.gdx.utils.CharArray/com.badlogic.gdx.utils.DelayedRemovalArray/com.badlogic.gdx.utils.FloatArray/com.badlogic.gdx.utils.IntArray/com.badlogic.gdx.utils.LongArray/com.badlogic.gdx.utils.ShortArray/com.badlogic.gdx.utils.SnapshotArray / emitted as lowlevel.util.DynamicArray
5fd93d3dc0a6/128	collection-retarget	ExternalProducer	lowlevel.util.DynamicArray.apply	com/github/tommyettinger/anim8/PNG8.java	6535	call: produces com.badlogic.gdx.utils.Array/com.badlogic.gdx.utils.BooleanArray/com.badlogic.gdx.utils.ByteArray/com.badlogic.gdx.utils.CharArray/com.badlogic.gdx.utils.DelayedRemovalArray/com.badlogic.gdx.utils.FloatArray/com.badlogic.gdx.utils.IntArray/com.badlogic.gdx.utils.LongArray/com.badlogic.gdx.utils.ShortArray/com.badlogic.gdx.utils.SnapshotArray / emitted as lowlevel.util.DynamicArray
5fd93d3dc0a6/129	collection-retarget	ExternalProducer	lowlevel.util.DynamicArray.apply	com/github/tommyettinger/anim8/PNG8.java	6536	call: produces com.badlogic.gdx.utils.Array/com.badlogic.gdx.utils.BooleanArray/com.badlogic.gdx.utils.ByteArray/com.badlogic.gdx.utils.CharArray/com.badlogic.gdx.utils.DelayedRemovalArray/com.badlogic.gdx.utils.FloatArray/com.badlogic.gdx.utils.IntArray/com.badlogic.gdx.utils.LongArray/com.badlogic.gdx.utils.ShortArray/com.badlogic.gdx.utils.SnapshotArray / emitted as lowlevel.util.DynamicArray
5fd93d3dc0a6/130	collection-retarget	ExternalProducer	lowlevel.util.DynamicArray.apply	com/github/tommyettinger/anim8/PNG8.java	6537	call: produces com.badlogic.gdx.utils.Array/com.badlogic.gdx.utils.BooleanArray/com.badlogic.gdx.utils.ByteArray/com.badlogic.gdx.utils.CharArray/com.badlogic.gdx.utils.DelayedRemovalArray/com.badlogic.gdx.utils.FloatArray/com.badlogic.gdx.utils.IntArray/com.badlogic.gdx.utils.LongArray/com.badlogic.gdx.utils.ShortArray/com.badlogic.gdx.utils.SnapshotArray / emitted as lowlevel.util.DynamicArray
5fd93d3dc0a6/131	collection-retarget	ExternalProducer	lowlevel.util.DynamicArray.apply	com/github/tommyettinger/anim8/PNG8.java	6538	call: produces com.badlogic.gdx.utils.Array/com.badlogic.gdx.utils.BooleanArray/com.badlogic.gdx.utils.ByteArray/com.badlogic.gdx.utils.CharArray/com.badlogic.gdx.utils.DelayedRemovalArray/com.badlogic.gdx.utils.FloatArray/com.badlogic.gdx.utils.IntArray/com.badlogic.gdx.utils.LongArray/com.badlogic.gdx.utils.ShortArray/com.badlogic.gdx.utils.SnapshotArray / emitted as lowlevel.util.DynamicArray
5fd93d3dc0a6/132	collection-retarget	ExternalProducer	lowlevel.util.DynamicArray.apply	com/github/tommyettinger/anim8/PNG8.java	6539	call: produces com.badlogic.gdx.utils.Array/com.badlogic.gdx.utils.BooleanArray/com.badlogic.gdx.utils.ByteArray/com.badlogic.gdx.utils.CharArray/com.badlogic.gdx.utils.DelayedRemovalArray/com.badlogic.gdx.utils.FloatArray/com.badlogic.gdx.utils.IntArray/com.badlogic.gdx.utils.LongArray/com.badlogic.gdx.utils.ShortArray/com.badlogic.gdx.utils.SnapshotArray / emitted as lowlevel.util.DynamicArray
5fd93d3dc0a6/133	collection-retarget	ExternalProducer	lowlevel.util.DynamicArray.apply	com/github/tommyettinger/anim8/PNG8.java	6540	call: produces com.badlogic.gdx.utils.Array/com.badlogic.gdx.utils.BooleanArray/com.badlogic.gdx.utils.ByteArray/com.badlogic.gdx.utils.CharArray/com.badlogic.gdx.utils.DelayedRemovalArray/com.badlogic.gdx.utils.FloatArray/com.badlogic.gdx.utils.IntArray/com.badlogic.gdx.utils.LongArray/com.badlogic.gdx.utils.ShortArray/com.badlogic.gdx.utils.SnapshotArray / emitted as lowlevel.util.DynamicArray
5fd93d3dc0a6/134	collection-retarget	ExternalProducer	lowlevel.util.DynamicArray.apply	com/github/tommyettinger/anim8/PNG8.java	6625	call: produces com.badlogic.gdx.utils.Array/com.badlogic.gdx.utils.BooleanArray/com.badlogic.gdx.utils.ByteArray/com.badlogic.gdx.utils.CharArray/com.badlogic.gdx.utils.DelayedRemovalArray/com.badlogic.gdx.utils.FloatArray/com.badlogic.gdx.utils.IntArray/com.badlogic.gdx.utils.LongArray/com.badlogic.gdx.utils.ShortArray/com.badlogic.gdx.utils.SnapshotArray / emitted as lowlevel.util.DynamicArray
5fd93d3dc0a6/135	collection-retarget	ExternalProducer	lowlevel.util.DynamicArray.apply	com/github/tommyettinger/anim8/PNG8.java	6722	call: produces com.badlogic.gdx.utils.Array/com.badlogic.gdx.utils.BooleanArray/com.badlogic.gdx.utils.ByteArray/com.badlogic.gdx.utils.CharArray/com.badlogic.gdx.utils.DelayedRemovalArray/com.badlogic.gdx.utils.FloatArray/com.badlogic.gdx.utils.IntArray/com.badlogic.gdx.utils.LongArray/com.badlogic.gdx.utils.ShortArray/com.badlogic.gdx.utils.SnapshotArray / emitted as lowlevel.util.DynamicArray
5fd93d3dc0a6/136	collection-retarget	ExternalProducer	lowlevel.util.DynamicArray.apply	com/github/tommyettinger/anim8/PNG8.java	6723	call: produces com.badlogic.gdx.utils.Array/com.badlogic.gdx.utils.BooleanArray/com.badlogic.gdx.utils.ByteArray/com.badlogic.gdx.utils.CharArray/com.badlogic.gdx.utils.DelayedRemovalArray/com.badlogic.gdx.utils.FloatArray/com.badlogic.gdx.utils.IntArray/com.badlogic.gdx.utils.LongArray/com.badlogic.gdx.utils.ShortArray/com.badlogic.gdx.utils.SnapshotArray / emitted as lowlevel.util.DynamicArray
5fd93d3dc0a6/137	collection-retarget	ExternalProducer	lowlevel.util.DynamicArray.apply	com/github/tommyettinger/anim8/PNG8.java	6724	call: produces com.badlogic.gdx.utils.Array/com.badlogic.gdx.utils.BooleanArray/com.badlogic.gdx.utils.ByteArray/com.badlogic.gdx.utils.CharArray/com.badlogic.gdx.utils.DelayedRemovalArray/com.badlogic.gdx.utils.FloatArray/com.badlogic.gdx.utils.IntArray/com.badlogic.gdx.utils.LongArray/com.badlogic.gdx.utils.ShortArray/com.badlogic.gdx.utils.SnapshotArray / emitted as lowlevel.util.DynamicArray
5fd93d3dc0a6/138	collection-retarget	ExternalProducer	lowlevel.util.DynamicArray.apply	com/github/tommyettinger/anim8/PNG8.java	6725	call: produces com.badlogic.gdx.utils.Array/com.badlogic.gdx.utils.BooleanArray/com.badlogic.gdx.utils.ByteArray/com.badlogic.gdx.utils.CharArray/com.badlogic.gdx.utils.DelayedRemovalArray/com.badlogic.gdx.utils.FloatArray/com.badlogic.gdx.utils.IntArray/com.badlogic.gdx.utils.LongArray/com.badlogic.gdx.utils.ShortArray/com.badlogic.gdx.utils.SnapshotArray / emitted as lowlevel.util.DynamicArray
5fd93d3dc0a6/139	collection-retarget	ExternalProducer	lowlevel.util.DynamicArray.apply	com/github/tommyettinger/anim8/PNG8.java	6726	call: produces com.badlogic.gdx.utils.Array/com.badlogic.gdx.utils.BooleanArray/com.badlogic.gdx.utils.ByteArray/com.badlogic.gdx.utils.CharArray/com.badlogic.gdx.utils.DelayedRemovalArray/com.badlogic.gdx.utils.FloatArray/com.badlogic.gdx.utils.IntArray/com.badlogic.gdx.utils.LongArray/com.badlogic.gdx.utils.ShortArray/com.badlogic.gdx.utils.SnapshotArray / emitted as lowlevel.util.DynamicArray
5fd93d3dc0a6/140	collection-retarget	ExternalProducer	lowlevel.util.DynamicArray.apply	com/github/tommyettinger/anim8/PNG8.java	6727	call: produces com.badlogic.gdx.utils.Array/com.badlogic.gdx.utils.BooleanArray/com.badlogic.gdx.utils.ByteArray/com.badlogic.gdx.utils.CharArray/com.badlogic.gdx.utils.DelayedRemovalArray/com.badlogic.gdx.utils.FloatArray/com.badlogic.gdx.utils.IntArray/com.badlogic.gdx.utils.LongArray/com.badlogic.gdx.utils.ShortArray/com.badlogic.gdx.utils.SnapshotArray / emitted as lowlevel.util.DynamicArray
5fd93d3dc0a6/141	collection-retarget	ExternalProducer	lowlevel.util.DynamicArray.apply	com/github/tommyettinger/anim8/PNG8.java	6811	call: produces com.badlogic.gdx.utils.Array/com.badlogic.gdx.utils.BooleanArray/com.badlogic.gdx.utils.ByteArray/com.badlogic.gdx.utils.CharArray/com.badlogic.gdx.utils.DelayedRemovalArray/com.badlogic.gdx.utils.FloatArray/com.badlogic.gdx.utils.IntArray/com.badlogic.gdx.utils.LongArray/com.badlogic.gdx.utils.ShortArray/com.badlogic.gdx.utils.SnapshotArray / emitted as lowlevel.util.DynamicArray
5fd93d3dc0a6/142	collection-retarget	ExternalProducer	lowlevel.util.DynamicArray.apply	com/github/tommyettinger/anim8/PNG8.java	6928	call: produces com.badlogic.gdx.utils.Array/com.badlogic.gdx.utils.BooleanArray/com.badlogic.gdx.utils.ByteArray/com.badlogic.gdx.utils.CharArray/com.badlogic.gdx.utils.DelayedRemovalArray/com.badlogic.gdx.utils.FloatArray/com.badlogic.gdx.utils.IntArray/com.badlogic.gdx.utils.LongArray/com.badlogic.gdx.utils.ShortArray/com.badlogic.gdx.utils.SnapshotArray / emitted as lowlevel.util.DynamicArray
5fd93d3dc0a6/143	collection-retarget	ExternalProducer	lowlevel.util.DynamicArray.apply	com/github/tommyettinger/anim8/PNG8.java	6929	call: produces com.badlogic.gdx.utils.Array/com.badlogic.gdx.utils.BooleanArray/com.badlogic.gdx.utils.ByteArray/com.badlogic.gdx.utils.CharArray/com.badlogic.gdx.utils.DelayedRemovalArray/com.badlogic.gdx.utils.FloatArray/com.badlogic.gdx.utils.IntArray/com.badlogic.gdx.utils.LongArray/com.badlogic.gdx.utils.ShortArray/com.badlogic.gdx.utils.SnapshotArray / emitted as lowlevel.util.DynamicArray
5fd93d3dc0a6/144	collection-retarget	ExternalProducer	lowlevel.util.DynamicArray.apply	com/github/tommyettinger/anim8/PNG8.java	6930	call: produces com.badlogic.gdx.utils.Array/com.badlogic.gdx.utils.BooleanArray/com.badlogic.gdx.utils.ByteArray/com.badlogic.gdx.utils.CharArray/com.badlogic.gdx.utils.DelayedRemovalArray/com.badlogic.gdx.utils.FloatArray/com.badlogic.gdx.utils.IntArray/com.badlogic.gdx.utils.LongArray/com.badlogic.gdx.utils.ShortArray/com.badlogic.gdx.utils.SnapshotArray / emitted as lowlevel.util.DynamicArray
5fd93d3dc0a6/145	collection-retarget	ExternalProducer	lowlevel.util.DynamicArray.apply	com/github/tommyettinger/anim8/PNG8.java	6931	call: produces com.badlogic.gdx.utils.Array/com.badlogic.gdx.utils.BooleanArray/com.badlogic.gdx.utils.ByteArray/com.badlogic.gdx.utils.CharArray/com.badlogic.gdx.utils.DelayedRemovalArray/com.badlogic.gdx.utils.FloatArray/com.badlogic.gdx.utils.IntArray/com.badlogic.gdx.utils.LongArray/com.badlogic.gdx.utils.ShortArray/com.badlogic.gdx.utils.SnapshotArray / emitted as lowlevel.util.DynamicArray
5fd93d3dc0a6/146	collection-retarget	ExternalProducer	lowlevel.util.DynamicArray.apply	com/github/tommyettinger/anim8/PNG8.java	6932	call: produces com.badlogic.gdx.utils.Array/com.badlogic.gdx.utils.BooleanArray/com.badlogic.gdx.utils.ByteArray/com.badlogic.gdx.utils.CharArray/com.badlogic.gdx.utils.DelayedRemovalArray/com.badlogic.gdx.utils.FloatArray/com.badlogic.gdx.utils.IntArray/com.badlogic.gdx.utils.LongArray/com.badlogic.gdx.utils.ShortArray/com.badlogic.gdx.utils.SnapshotArray / emitted as lowlevel.util.DynamicArray
5fd93d3dc0a6/147	collection-retarget	ExternalProducer	lowlevel.util.DynamicArray.apply	com/github/tommyettinger/anim8/PNG8.java	6933	call: produces com.badlogic.gdx.utils.Array/com.badlogic.gdx.utils.BooleanArray/com.badlogic.gdx.utils.ByteArray/com.badlogic.gdx.utils.CharArray/com.badlogic.gdx.utils.DelayedRemovalArray/com.badlogic.gdx.utils.FloatArray/com.badlogic.gdx.utils.IntArray/com.badlogic.gdx.utils.LongArray/com.badlogic.gdx.utils.ShortArray/com.badlogic.gdx.utils.SnapshotArray / emitted as lowlevel.util.DynamicArray
5fd93d3dc0a6/148	collection-retarget	ExternalProducer	lowlevel.util.DynamicArray.apply	com/github/tommyettinger/anim8/PNG8.java	7018	call: produces com.badlogic.gdx.utils.Array/com.badlogic.gdx.utils.BooleanArray/com.badlogic.gdx.utils.ByteArray/com.badlogic.gdx.utils.CharArray/com.badlogic.gdx.utils.DelayedRemovalArray/com.badlogic.gdx.utils.FloatArray/com.badlogic.gdx.utils.IntArray/com.badlogic.gdx.utils.LongArray/com.badlogic.gdx.utils.ShortArray/com.badlogic.gdx.utils.SnapshotArray / emitted as lowlevel.util.DynamicArray
5fd93d3dc0a6/149	collection-retarget	ExternalProducer	lowlevel.util.DynamicArray.apply	com/github/tommyettinger/anim8/PNG8.java	7111	call: produces com.badlogic.gdx.utils.Array/com.badlogic.gdx.utils.BooleanArray/com.badlogic.gdx.utils.ByteArray/com.badlogic.gdx.utils.CharArray/com.badlogic.gdx.utils.DelayedRemovalArray/com.badlogic.gdx.utils.FloatArray/com.badlogic.gdx.utils.IntArray/com.badlogic.gdx.utils.LongArray/com.badlogic.gdx.utils.ShortArray/com.badlogic.gdx.utils.SnapshotArray / emitted as lowlevel.util.DynamicArray
5fd93d3dc0a6/150	collection-retarget	ExternalProducer	lowlevel.util.DynamicArray.apply	com/github/tommyettinger/anim8/PNG8.java	7112	call: produces com.badlogic.gdx.utils.Array/com.badlogic.gdx.utils.BooleanArray/com.badlogic.gdx.utils.ByteArray/com.badlogic.gdx.utils.CharArray/com.badlogic.gdx.utils.DelayedRemovalArray/com.badlogic.gdx.utils.FloatArray/com.badlogic.gdx.utils.IntArray/com.badlogic.gdx.utils.LongArray/com.badlogic.gdx.utils.ShortArray/com.badlogic.gdx.utils.SnapshotArray / emitted as lowlevel.util.DynamicArray
5fd93d3dc0a6/151	collection-retarget	ExternalProducer	lowlevel.util.DynamicArray.apply	com/github/tommyettinger/anim8/PNG8.java	7113	call: produces com.badlogic.gdx.utils.Array/com.badlogic.gdx.utils.BooleanArray/com.badlogic.gdx.utils.ByteArray/com.badlogic.gdx.utils.CharArray/com.badlogic.gdx.utils.DelayedRemovalArray/com.badlogic.gdx.utils.FloatArray/com.badlogic.gdx.utils.IntArray/com.badlogic.gdx.utils.LongArray/com.badlogic.gdx.utils.ShortArray/com.badlogic.gdx.utils.SnapshotArray / emitted as lowlevel.util.DynamicArray
5fd93d3dc0a6/152	collection-retarget	ExternalProducer	lowlevel.util.DynamicArray.apply	com/github/tommyettinger/anim8/PNG8.java	7114	call: produces com.badlogic.gdx.utils.Array/com.badlogic.gdx.utils.BooleanArray/com.badlogic.gdx.utils.ByteArray/com.badlogic.gdx.utils.CharArray/com.badlogic.gdx.utils.DelayedRemovalArray/com.badlogic.gdx.utils.FloatArray/com.badlogic.gdx.utils.IntArray/com.badlogic.gdx.utils.LongArray/com.badlogic.gdx.utils.ShortArray/com.badlogic.gdx.utils.SnapshotArray / emitted as lowlevel.util.DynamicArray
5fd93d3dc0a6/153	collection-retarget	ExternalProducer	lowlevel.util.DynamicArray.apply	com/github/tommyettinger/anim8/PNG8.java	7115	call: produces com.badlogic.gdx.utils.Array/com.badlogic.gdx.utils.BooleanArray/com.badlogic.gdx.utils.ByteArray/com.badlogic.gdx.utils.CharArray/com.badlogic.gdx.utils.DelayedRemovalArray/com.badlogic.gdx.utils.FloatArray/com.badlogic.gdx.utils.IntArray/com.badlogic.gdx.utils.LongArray/com.badlogic.gdx.utils.ShortArray/com.badlogic.gdx.utils.SnapshotArray / emitted as lowlevel.util.DynamicArray
5fd93d3dc0a6/154	collection-retarget	ExternalProducer	lowlevel.util.DynamicArray.apply	com/github/tommyettinger/anim8/PNG8.java	7116	call: produces com.badlogic.gdx.utils.Array/com.badlogic.gdx.utils.BooleanArray/com.badlogic.gdx.utils.ByteArray/com.badlogic.gdx.utils.CharArray/com.badlogic.gdx.utils.DelayedRemovalArray/com.badlogic.gdx.utils.FloatArray/com.badlogic.gdx.utils.IntArray/com.badlogic.gdx.utils.LongArray/com.badlogic.gdx.utils.ShortArray/com.badlogic.gdx.utils.SnapshotArray / emitted as lowlevel.util.DynamicArray
5fd93d3dc0a6/155	collection-retarget	ExternalProducer	lowlevel.util.DynamicArray.apply	com/github/tommyettinger/anim8/PNG8.java	7202	call: produces com.badlogic.gdx.utils.Array/com.badlogic.gdx.utils.BooleanArray/com.badlogic.gdx.utils.ByteArray/com.badlogic.gdx.utils.CharArray/com.badlogic.gdx.utils.DelayedRemovalArray/com.badlogic.gdx.utils.FloatArray/com.badlogic.gdx.utils.IntArray/com.badlogic.gdx.utils.LongArray/com.badlogic.gdx.utils.ShortArray/com.badlogic.gdx.utils.SnapshotArray / emitted as lowlevel.util.DynamicArray
5fd93d3dc0a6/156	collection-retarget	ExternalProducer	lowlevel.util.DynamicArray.apply	com/github/tommyettinger/anim8/PNG8.java	7325	call: produces com.badlogic.gdx.utils.Array/com.badlogic.gdx.utils.BooleanArray/com.badlogic.gdx.utils.ByteArray/com.badlogic.gdx.utils.CharArray/com.badlogic.gdx.utils.DelayedRemovalArray/com.badlogic.gdx.utils.FloatArray/com.badlogic.gdx.utils.IntArray/com.badlogic.gdx.utils.LongArray/com.badlogic.gdx.utils.ShortArray/com.badlogic.gdx.utils.SnapshotArray / emitted as lowlevel.util.DynamicArray
5fd93d3dc0a6/157	collection-retarget	ExternalProducer	lowlevel.util.DynamicArray.apply	com/github/tommyettinger/anim8/PNG8.java	7326	call: produces com.badlogic.gdx.utils.Array/com.badlogic.gdx.utils.BooleanArray/com.badlogic.gdx.utils.ByteArray/com.badlogic.gdx.utils.CharArray/com.badlogic.gdx.utils.DelayedRemovalArray/com.badlogic.gdx.utils.FloatArray/com.badlogic.gdx.utils.IntArray/com.badlogic.gdx.utils.LongArray/com.badlogic.gdx.utils.ShortArray/com.badlogic.gdx.utils.SnapshotArray / emitted as lowlevel.util.DynamicArray
5fd93d3dc0a6/158	collection-retarget	ExternalProducer	lowlevel.util.DynamicArray.apply	com/github/tommyettinger/anim8/PNG8.java	7327	call: produces com.badlogic.gdx.utils.Array/com.badlogic.gdx.utils.BooleanArray/com.badlogic.gdx.utils.ByteArray/com.badlogic.gdx.utils.CharArray/com.badlogic.gdx.utils.DelayedRemovalArray/com.badlogic.gdx.utils.FloatArray/com.badlogic.gdx.utils.IntArray/com.badlogic.gdx.utils.LongArray/com.badlogic.gdx.utils.ShortArray/com.badlogic.gdx.utils.SnapshotArray / emitted as lowlevel.util.DynamicArray
5fd93d3dc0a6/159	collection-retarget	ExternalProducer	lowlevel.util.DynamicArray.apply	com/github/tommyettinger/anim8/PNG8.java	7328	call: produces com.badlogic.gdx.utils.Array/com.badlogic.gdx.utils.BooleanArray/com.badlogic.gdx.utils.ByteArray/com.badlogic.gdx.utils.CharArray/com.badlogic.gdx.utils.DelayedRemovalArray/com.badlogic.gdx.utils.FloatArray/com.badlogic.gdx.utils.IntArray/com.badlogic.gdx.utils.LongArray/com.badlogic.gdx.utils.ShortArray/com.badlogic.gdx.utils.SnapshotArray / emitted as lowlevel.util.DynamicArray
5fd93d3dc0a6/160	collection-retarget	ExternalProducer	lowlevel.util.DynamicArray.apply	com/github/tommyettinger/anim8/PNG8.java	7329	call: produces com.badlogic.gdx.utils.Array/com.badlogic.gdx.utils.BooleanArray/com.badlogic.gdx.utils.ByteArray/com.badlogic.gdx.utils.CharArray/com.badlogic.gdx.utils.DelayedRemovalArray/com.badlogic.gdx.utils.FloatArray/com.badlogic.gdx.utils.IntArray/com.badlogic.gdx.utils.LongArray/com.badlogic.gdx.utils.ShortArray/com.badlogic.gdx.utils.SnapshotArray / emitted as lowlevel.util.DynamicArray
5fd93d3dc0a6/161	collection-retarget	ExternalProducer	lowlevel.util.DynamicArray.apply	com/github/tommyettinger/anim8/PNG8.java	7330	call: produces com.badlogic.gdx.utils.Array/com.badlogic.gdx.utils.BooleanArray/com.badlogic.gdx.utils.ByteArray/com.badlogic.gdx.utils.CharArray/com.badlogic.gdx.utils.DelayedRemovalArray/com.badlogic.gdx.utils.FloatArray/com.badlogic.gdx.utils.IntArray/com.badlogic.gdx.utils.LongArray/com.badlogic.gdx.utils.ShortArray/com.badlogic.gdx.utils.SnapshotArray / emitted as lowlevel.util.DynamicArray
5fd93d3dc0a6/162	collection-retarget	ExternalProducer	lowlevel.util.DynamicArray.apply	com/github/tommyettinger/anim8/PNG8.java	7410	call: produces com.badlogic.gdx.utils.Array/com.badlogic.gdx.utils.BooleanArray/com.badlogic.gdx.utils.ByteArray/com.badlogic.gdx.utils.CharArray/com.badlogic.gdx.utils.DelayedRemovalArray/com.badlogic.gdx.utils.FloatArray/com.badlogic.gdx.utils.IntArray/com.badlogic.gdx.utils.LongArray/com.badlogic.gdx.utils.ShortArray/com.badlogic.gdx.utils.SnapshotArray / emitted as lowlevel.util.DynamicArray
5fd93d3dc0a6/163	collection-retarget	ExternalProducer	lowlevel.util.DynamicArray.apply	com/github/tommyettinger/anim8/PNG8.java	7563	call: produces com.badlogic.gdx.utils.Array/com.badlogic.gdx.utils.BooleanArray/com.badlogic.gdx.utils.ByteArray/com.badlogic.gdx.utils.CharArray/com.badlogic.gdx.utils.DelayedRemovalArray/com.badlogic.gdx.utils.FloatArray/com.badlogic.gdx.utils.IntArray/com.badlogic.gdx.utils.LongArray/com.badlogic.gdx.utils.ShortArray/com.badlogic.gdx.utils.SnapshotArray / emitted as lowlevel.util.DynamicArray
5fd93d3dc0a6/164	collection-retarget	ExternalProducer	lowlevel.util.DynamicArray.apply	com/github/tommyettinger/anim8/PNG8.java	7564	call: produces com.badlogic.gdx.utils.Array/com.badlogic.gdx.utils.BooleanArray/com.badlogic.gdx.utils.ByteArray/com.badlogic.gdx.utils.CharArray/com.badlogic.gdx.utils.DelayedRemovalArray/com.badlogic.gdx.utils.FloatArray/com.badlogic.gdx.utils.IntArray/com.badlogic.gdx.utils.LongArray/com.badlogic.gdx.utils.ShortArray/com.badlogic.gdx.utils.SnapshotArray / emitted as lowlevel.util.DynamicArray
5fd93d3dc0a6/165	collection-retarget	ExternalProducer	lowlevel.util.DynamicArray.apply	com/github/tommyettinger/anim8/PNG8.java	7565	call: produces com.badlogic.gdx.utils.Array/com.badlogic.gdx.utils.BooleanArray/com.badlogic.gdx.utils.ByteArray/com.badlogic.gdx.utils.CharArray/com.badlogic.gdx.utils.DelayedRemovalArray/com.badlogic.gdx.utils.FloatArray/com.badlogic.gdx.utils.IntArray/com.badlogic.gdx.utils.LongArray/com.badlogic.gdx.utils.ShortArray/com.badlogic.gdx.utils.SnapshotArray / emitted as lowlevel.util.DynamicArray
5fd93d3dc0a6/166	collection-retarget	ExternalProducer	lowlevel.util.DynamicArray.apply	com/github/tommyettinger/anim8/PNG8.java	7566	call: produces com.badlogic.gdx.utils.Array/com.badlogic.gdx.utils.BooleanArray/com.badlogic.gdx.utils.ByteArray/com.badlogic.gdx.utils.CharArray/com.badlogic.gdx.utils.DelayedRemovalArray/com.badlogic.gdx.utils.FloatArray/com.badlogic.gdx.utils.IntArray/com.badlogic.gdx.utils.LongArray/com.badlogic.gdx.utils.ShortArray/com.badlogic.gdx.utils.SnapshotArray / emitted as lowlevel.util.DynamicArray
5fd93d3dc0a6/167	collection-retarget	ExternalProducer	lowlevel.util.DynamicArray.apply	com/github/tommyettinger/anim8/PNG8.java	7567	call: produces com.badlogic.gdx.utils.Array/com.badlogic.gdx.utils.BooleanArray/com.badlogic.gdx.utils.ByteArray/com.badlogic.gdx.utils.CharArray/com.badlogic.gdx.utils.DelayedRemovalArray/com.badlogic.gdx.utils.FloatArray/com.badlogic.gdx.utils.IntArray/com.badlogic.gdx.utils.LongArray/com.badlogic.gdx.utils.ShortArray/com.badlogic.gdx.utils.SnapshotArray / emitted as lowlevel.util.DynamicArray
5fd93d3dc0a6/168	collection-retarget	ExternalProducer	lowlevel.util.DynamicArray.apply	com/github/tommyettinger/anim8/PNG8.java	7568	call: produces com.badlogic.gdx.utils.Array/com.badlogic.gdx.utils.BooleanArray/com.badlogic.gdx.utils.ByteArray/com.badlogic.gdx.utils.CharArray/com.badlogic.gdx.utils.DelayedRemovalArray/com.badlogic.gdx.utils.FloatArray/com.badlogic.gdx.utils.IntArray/com.badlogic.gdx.utils.LongArray/com.badlogic.gdx.utils.ShortArray/com.badlogic.gdx.utils.SnapshotArray / emitted as lowlevel.util.DynamicArray
5fd93d3dc0a6/169	collection-retarget	ExternalProducer	lowlevel.util.DynamicArray.apply	com/github/tommyettinger/anim8/PNG8.java	7643	call: produces com.badlogic.gdx.utils.Array/com.badlogic.gdx.utils.BooleanArray/com.badlogic.gdx.utils.ByteArray/com.badlogic.gdx.utils.CharArray/com.badlogic.gdx.utils.DelayedRemovalArray/com.badlogic.gdx.utils.FloatArray/com.badlogic.gdx.utils.IntArray/com.badlogic.gdx.utils.LongArray/com.badlogic.gdx.utils.ShortArray/com.badlogic.gdx.utils.SnapshotArray / emitted as lowlevel.util.DynamicArray
5fd93d3dc0a6/170	collection-retarget	ExternalProducer	lowlevel.util.DynamicArray.apply	com/github/tommyettinger/anim8/PNG8.java	7762	call: produces com.badlogic.gdx.utils.Array/com.badlogic.gdx.utils.BooleanArray/com.badlogic.gdx.utils.ByteArray/com.badlogic.gdx.utils.CharArray/com.badlogic.gdx.utils.DelayedRemovalArray/com.badlogic.gdx.utils.FloatArray/com.badlogic.gdx.utils.IntArray/com.badlogic.gdx.utils.LongArray/com.badlogic.gdx.utils.ShortArray/com.badlogic.gdx.utils.SnapshotArray / emitted as lowlevel.util.DynamicArray
5fd93d3dc0a6/171	collection-retarget	ExternalProducer	lowlevel.util.DynamicArray.apply	com/github/tommyettinger/anim8/PNG8.java	7763	call: produces com.badlogic.gdx.utils.Array/com.badlogic.gdx.utils.BooleanArray/com.badlogic.gdx.utils.ByteArray/com.badlogic.gdx.utils.CharArray/com.badlogic.gdx.utils.DelayedRemovalArray/com.badlogic.gdx.utils.FloatArray/com.badlogic.gdx.utils.IntArray/com.badlogic.gdx.utils.LongArray/com.badlogic.gdx.utils.ShortArray/com.badlogic.gdx.utils.SnapshotArray / emitted as lowlevel.util.DynamicArray
5fd93d3dc0a6/172	collection-retarget	ExternalProducer	lowlevel.util.DynamicArray.apply	com/github/tommyettinger/anim8/PNG8.java	7764	call: produces com.badlogic.gdx.utils.Array/com.badlogic.gdx.utils.BooleanArray/com.badlogic.gdx.utils.ByteArray/com.badlogic.gdx.utils.CharArray/com.badlogic.gdx.utils.DelayedRemovalArray/com.badlogic.gdx.utils.FloatArray/com.badlogic.gdx.utils.IntArray/com.badlogic.gdx.utils.LongArray/com.badlogic.gdx.utils.ShortArray/com.badlogic.gdx.utils.SnapshotArray / emitted as lowlevel.util.DynamicArray
5fd93d3dc0a6/173	collection-retarget	ExternalProducer	lowlevel.util.DynamicArray.apply	com/github/tommyettinger/anim8/PNG8.java	7765	call: produces com.badlogic.gdx.utils.Array/com.badlogic.gdx.utils.BooleanArray/com.badlogic.gdx.utils.ByteArray/com.badlogic.gdx.utils.CharArray/com.badlogic.gdx.utils.DelayedRemovalArray/com.badlogic.gdx.utils.FloatArray/com.badlogic.gdx.utils.IntArray/com.badlogic.gdx.utils.LongArray/com.badlogic.gdx.utils.ShortArray/com.badlogic.gdx.utils.SnapshotArray / emitted as lowlevel.util.DynamicArray
5fd93d3dc0a6/174	collection-retarget	ExternalProducer	lowlevel.util.DynamicArray.apply	com/github/tommyettinger/anim8/PNG8.java	7766	call: produces com.badlogic.gdx.utils.Array/com.badlogic.gdx.utils.BooleanArray/com.badlogic.gdx.utils.ByteArray/com.badlogic.gdx.utils.CharArray/com.badlogic.gdx.utils.DelayedRemovalArray/com.badlogic.gdx.utils.FloatArray/com.badlogic.gdx.utils.IntArray/com.badlogic.gdx.utils.LongArray/com.badlogic.gdx.utils.ShortArray/com.badlogic.gdx.utils.SnapshotArray / emitted as lowlevel.util.DynamicArray
5fd93d3dc0a6/175	collection-retarget	ExternalProducer	lowlevel.util.DynamicArray.apply	com/github/tommyettinger/anim8/PNG8.java	7767	call: produces com.badlogic.gdx.utils.Array/com.badlogic.gdx.utils.BooleanArray/com.badlogic.gdx.utils.ByteArray/com.badlogic.gdx.utils.CharArray/com.badlogic.gdx.utils.DelayedRemovalArray/com.badlogic.gdx.utils.FloatArray/com.badlogic.gdx.utils.IntArray/com.badlogic.gdx.utils.LongArray/com.badlogic.gdx.utils.ShortArray/com.badlogic.gdx.utils.SnapshotArray / emitted as lowlevel.util.DynamicArray
5fd93d3dc0a6/176	collection-retarget	ExternalProducer	lowlevel.util.DynamicArray.apply	com/github/tommyettinger/anim8/PNG8.java	7842	call: produces com.badlogic.gdx.utils.Array/com.badlogic.gdx.utils.BooleanArray/com.badlogic.gdx.utils.ByteArray/com.badlogic.gdx.utils.CharArray/com.badlogic.gdx.utils.DelayedRemovalArray/com.badlogic.gdx.utils.FloatArray/com.badlogic.gdx.utils.IntArray/com.badlogic.gdx.utils.LongArray/com.badlogic.gdx.utils.ShortArray/com.badlogic.gdx.utils.SnapshotArray / emitted as lowlevel.util.DynamicArray
5fd93d3dc0a6/177	collection-retarget	ExternalProducer	lowlevel.util.DynamicArray.apply	com/github/tommyettinger/anim8/PNG8.java	7976	call: produces com.badlogic.gdx.utils.Array/com.badlogic.gdx.utils.BooleanArray/com.badlogic.gdx.utils.ByteArray/com.badlogic.gdx.utils.CharArray/com.badlogic.gdx.utils.DelayedRemovalArray/com.badlogic.gdx.utils.FloatArray/com.badlogic.gdx.utils.IntArray/com.badlogic.gdx.utils.LongArray/com.badlogic.gdx.utils.ShortArray/com.badlogic.gdx.utils.SnapshotArray / emitted as lowlevel.util.DynamicArray
5fd93d3dc0a6/178	collection-retarget	ExternalProducer	lowlevel.util.DynamicArray.apply	com/github/tommyettinger/anim8/PNG8.java	7977	call: produces com.badlogic.gdx.utils.Array/com.badlogic.gdx.utils.BooleanArray/com.badlogic.gdx.utils.ByteArray/com.badlogic.gdx.utils.CharArray/com.badlogic.gdx.utils.DelayedRemovalArray/com.badlogic.gdx.utils.FloatArray/com.badlogic.gdx.utils.IntArray/com.badlogic.gdx.utils.LongArray/com.badlogic.gdx.utils.ShortArray/com.badlogic.gdx.utils.SnapshotArray / emitted as lowlevel.util.DynamicArray
5fd93d3dc0a6/179	collection-retarget	ExternalProducer	lowlevel.util.DynamicArray.apply	com/github/tommyettinger/anim8/PNG8.java	7978	call: produces com.badlogic.gdx.utils.Array/com.badlogic.gdx.utils.BooleanArray/com.badlogic.gdx.utils.ByteArray/com.badlogic.gdx.utils.CharArray/com.badlogic.gdx.utils.DelayedRemovalArray/com.badlogic.gdx.utils.FloatArray/com.badlogic.gdx.utils.IntArray/com.badlogic.gdx.utils.LongArray/com.badlogic.gdx.utils.ShortArray/com.badlogic.gdx.utils.SnapshotArray / emitted as lowlevel.util.DynamicArray
5fd93d3dc0a6/180	collection-retarget	ExternalProducer	lowlevel.util.DynamicArray.apply	com/github/tommyettinger/anim8/PNG8.java	7979	call: produces com.badlogic.gdx.utils.Array/com.badlogic.gdx.utils.BooleanArray/com.badlogic.gdx.utils.ByteArray/com.badlogic.gdx.utils.CharArray/com.badlogic.gdx.utils.DelayedRemovalArray/com.badlogic.gdx.utils.FloatArray/com.badlogic.gdx.utils.IntArray/com.badlogic.gdx.utils.LongArray/com.badlogic.gdx.utils.ShortArray/com.badlogic.gdx.utils.SnapshotArray / emitted as lowlevel.util.DynamicArray
5fd93d3dc0a6/181	collection-retarget	ExternalProducer	lowlevel.util.DynamicArray.apply	com/github/tommyettinger/anim8/PNG8.java	7980	call: produces com.badlogic.gdx.utils.Array/com.badlogic.gdx.utils.BooleanArray/com.badlogic.gdx.utils.ByteArray/com.badlogic.gdx.utils.CharArray/com.badlogic.gdx.utils.DelayedRemovalArray/com.badlogic.gdx.utils.FloatArray/com.badlogic.gdx.utils.IntArray/com.badlogic.gdx.utils.LongArray/com.badlogic.gdx.utils.ShortArray/com.badlogic.gdx.utils.SnapshotArray / emitted as lowlevel.util.DynamicArray
5fd93d3dc0a6/182	collection-retarget	ExternalProducer	lowlevel.util.DynamicArray.apply	com/github/tommyettinger/anim8/PNG8.java	7981	call: produces com.badlogic.gdx.utils.Array/com.badlogic.gdx.utils.BooleanArray/com.badlogic.gdx.utils.ByteArray/com.badlogic.gdx.utils.CharArray/com.badlogic.gdx.utils.DelayedRemovalArray/com.badlogic.gdx.utils.FloatArray/com.badlogic.gdx.utils.IntArray/com.badlogic.gdx.utils.LongArray/com.badlogic.gdx.utils.ShortArray/com.badlogic.gdx.utils.SnapshotArray / emitted as lowlevel.util.DynamicArray
5fd93d3dc0a6/183	collection-retarget	ExternalProducer	lowlevel.util.DynamicArray.apply	com/github/tommyettinger/anim8/PNG8.java	8056	call: produces com.badlogic.gdx.utils.Array/com.badlogic.gdx.utils.BooleanArray/com.badlogic.gdx.utils.ByteArray/com.badlogic.gdx.utils.CharArray/com.badlogic.gdx.utils.DelayedRemovalArray/com.badlogic.gdx.utils.FloatArray/com.badlogic.gdx.utils.IntArray/com.badlogic.gdx.utils.LongArray/com.badlogic.gdx.utils.ShortArray/com.badlogic.gdx.utils.SnapshotArray / emitted as lowlevel.util.DynamicArray
5fd93d3dc0a6/184	collection-retarget	ExternalProducer	lowlevel.util.DynamicArray.apply	com/github/tommyettinger/anim8/PNG8.java	8242	call: produces com.badlogic.gdx.utils.Array/com.badlogic.gdx.utils.BooleanArray/com.badlogic.gdx.utils.ByteArray/com.badlogic.gdx.utils.CharArray/com.badlogic.gdx.utils.DelayedRemovalArray/com.badlogic.gdx.utils.FloatArray/com.badlogic.gdx.utils.IntArray/com.badlogic.gdx.utils.LongArray/com.badlogic.gdx.utils.ShortArray/com.badlogic.gdx.utils.SnapshotArray / emitted as lowlevel.util.DynamicArray
3e634ff6840a	collection-retarget	ExternalProducer	lowlevel.util.DynamicArray.apply	com/github/tommyettinger/anim8/PaletteReducer.java	891	call: produces com.badlogic.gdx.utils.Array/com.badlogic.gdx.utils.BooleanArray/com.badlogic.gdx.utils.ByteArray/com.badlogic.gdx.utils.CharArray/com.badlogic.gdx.utils.DelayedRemovalArray/com.badlogic.gdx.utils.FloatArray/com.badlogic.gdx.utils.IntArray/com.badlogic.gdx.utils.LongArray/com.badlogic.gdx.utils.ShortArray/com.badlogic.gdx.utils.SnapshotArray / emitted as lowlevel.util.DynamicArray
3e634ff6840a/2	collection-retarget	ExternalProducer	lowlevel.util.DynamicArray.apply	com/github/tommyettinger/anim8/PaletteReducer.java	1888	call: produces com.badlogic.gdx.utils.Array/com.badlogic.gdx.utils.BooleanArray/com.badlogic.gdx.utils.ByteArray/com.badlogic.gdx.utils.CharArray/com.badlogic.gdx.utils.DelayedRemovalArray/com.badlogic.gdx.utils.FloatArray/com.badlogic.gdx.utils.IntArray/com.badlogic.gdx.utils.LongArray/com.badlogic.gdx.utils.ShortArray/com.badlogic.gdx.utils.SnapshotArray / emitted as lowlevel.util.DynamicArray
3e634ff6840a/3	collection-retarget	ExternalProducer	lowlevel.util.DynamicArray.apply	com/github/tommyettinger/anim8/PaletteReducer.java	1983	call: produces com.badlogic.gdx.utils.Array/com.badlogic.gdx.utils.BooleanArray/com.badlogic.gdx.utils.ByteArray/com.badlogic.gdx.utils.CharArray/com.badlogic.gdx.utils.DelayedRemovalArray/com.badlogic.gdx.utils.FloatArray/com.badlogic.gdx.utils.IntArray/com.badlogic.gdx.utils.LongArray/com.badlogic.gdx.utils.ShortArray/com.badlogic.gdx.utils.SnapshotArray / emitted as lowlevel.util.DynamicArray
3e634ff6840a/4	collection-retarget	ExternalProducer	lowlevel.util.DynamicArray.apply	com/github/tommyettinger/anim8/PaletteReducer.java	1997	call: produces com.badlogic.gdx.utils.Array/com.badlogic.gdx.utils.BooleanArray/com.badlogic.gdx.utils.ByteArray/com.badlogic.gdx.utils.CharArray/com.badlogic.gdx.utils.DelayedRemovalArray/com.badlogic.gdx.utils.FloatArray/com.badlogic.gdx.utils.IntArray/com.badlogic.gdx.utils.LongArray/com.badlogic.gdx.utils.ShortArray/com.badlogic.gdx.utils.SnapshotArray / emitted as lowlevel.util.DynamicArray
3e634ff6840a/5	collection-retarget	ExternalProducer	lowlevel.util.DynamicArray.apply	com/github/tommyettinger/anim8/PaletteReducer.java	2131	call: produces com.badlogic.gdx.utils.Array/com.badlogic.gdx.utils.BooleanArray/com.badlogic.gdx.utils.ByteArray/com.badlogic.gdx.utils.CharArray/com.badlogic.gdx.utils.DelayedRemovalArray/com.badlogic.gdx.utils.FloatArray/com.badlogic.gdx.utils.IntArray/com.badlogic.gdx.utils.LongArray/com.badlogic.gdx.utils.ShortArray/com.badlogic.gdx.utils.SnapshotArray / emitted as lowlevel.util.DynamicArray
3e634ff6840a/6	collection-retarget	ExternalProducer	lowlevel.util.DynamicArray.apply	com/github/tommyettinger/anim8/PaletteReducer.java	2250	call: produces com.badlogic.gdx.utils.Array/com.badlogic.gdx.utils.BooleanArray/com.badlogic.gdx.utils.ByteArray/com.badlogic.gdx.utils.CharArray/com.badlogic.gdx.utils.DelayedRemovalArray/com.badlogic.gdx.utils.FloatArray/com.badlogic.gdx.utils.IntArray/com.badlogic.gdx.utils.LongArray/com.badlogic.gdx.utils.ShortArray/com.badlogic.gdx.utils.SnapshotArray / emitted as lowlevel.util.DynamicArray
3e634ff6840a/7	collection-retarget	ExternalProducer	lowlevel.util.DynamicArray.apply	com/github/tommyettinger/anim8/PaletteReducer.java	2648	call: produces com.badlogic.gdx.utils.Array/com.badlogic.gdx.utils.BooleanArray/com.badlogic.gdx.utils.ByteArray/com.badlogic.gdx.utils.CharArray/com.badlogic.gdx.utils.DelayedRemovalArray/com.badlogic.gdx.utils.FloatArray/com.badlogic.gdx.utils.IntArray/com.badlogic.gdx.utils.LongArray/com.badlogic.gdx.utils.ShortArray/com.badlogic.gdx.utils.SnapshotArray / emitted as lowlevel.util.DynamicArray
3e634ff6840a/8	collection-retarget	ExternalProducer	lowlevel.util.DynamicArray.apply	com/github/tommyettinger/anim8/PaletteReducer.java	2840	call: produces com.badlogic.gdx.utils.Array/com.badlogic.gdx.utils.BooleanArray/com.badlogic.gdx.utils.ByteArray/com.badlogic.gdx.utils.CharArray/com.badlogic.gdx.utils.DelayedRemovalArray/com.badlogic.gdx.utils.FloatArray/com.badlogic.gdx.utils.IntArray/com.badlogic.gdx.utils.LongArray/com.badlogic.gdx.utils.ShortArray/com.badlogic.gdx.utils.SnapshotArray / emitted as lowlevel.util.DynamicArray
3e634ff6840a/9	collection-retarget	ExternalProducer	lowlevel.util.DynamicArray.apply	com/github/tommyettinger/anim8/PaletteReducer.java	2998	call: produces com.badlogic.gdx.utils.Array/com.badlogic.gdx.utils.BooleanArray/com.badlogic.gdx.utils.ByteArray/com.badlogic.gdx.utils.CharArray/com.badlogic.gdx.utils.DelayedRemovalArray/com.badlogic.gdx.utils.FloatArray/com.badlogic.gdx.utils.IntArray/com.badlogic.gdx.utils.LongArray/com.badlogic.gdx.utils.ShortArray/com.badlogic.gdx.utils.SnapshotArray / emitted as lowlevel.util.DynamicArray
3e634ff6840a/10	collection-retarget	ExternalProducer	lowlevel.util.DynamicArray.apply	com/github/tommyettinger/anim8/PaletteReducer.java	3017	call: produces com.badlogic.gdx.utils.Array/com.badlogic.gdx.utils.BooleanArray/com.badlogic.gdx.utils.ByteArray/com.badlogic.gdx.utils.CharArray/com.badlogic.gdx.utils.DelayedRemovalArray/com.badlogic.gdx.utils.FloatArray/com.badlogic.gdx.utils.IntArray/com.badlogic.gdx.utils.LongArray/com.badlogic.gdx.utils.ShortArray/com.badlogic.gdx.utils.SnapshotArray / emitted as lowlevel.util.DynamicArray
3e634ff6840a/11	collection-retarget	ExternalProducer	lowlevel.util.DynamicArray.apply	com/github/tommyettinger/anim8/PaletteReducer.java	3244	call: produces com.badlogic.gdx.utils.Array/com.badlogic.gdx.utils.BooleanArray/com.badlogic.gdx.utils.ByteArray/com.badlogic.gdx.utils.CharArray/com.badlogic.gdx.utils.DelayedRemovalArray/com.badlogic.gdx.utils.FloatArray/com.badlogic.gdx.utils.IntArray/com.badlogic.gdx.utils.LongArray/com.badlogic.gdx.utils.ShortArray/com.badlogic.gdx.utils.SnapshotArray / emitted as lowlevel.util.DynamicArray
3e634ff6840a/12	collection-retarget	ExternalProducer	lowlevel.util.DynamicArray.apply	com/github/tommyettinger/anim8/PaletteReducer.java	3489	call: produces com.badlogic.gdx.utils.Array/com.badlogic.gdx.utils.BooleanArray/com.badlogic.gdx.utils.ByteArray/com.badlogic.gdx.utils.CharArray/com.badlogic.gdx.utils.DelayedRemovalArray/com.badlogic.gdx.utils.FloatArray/com.badlogic.gdx.utils.IntArray/com.badlogic.gdx.utils.LongArray/com.badlogic.gdx.utils.ShortArray/com.badlogic.gdx.utils.SnapshotArray / emitted as lowlevel.util.DynamicArray
3e634ff6840a/13	collection-retarget	ExternalProducer	lowlevel.util.DynamicArray.apply	com/github/tommyettinger/anim8/PaletteReducer.java	3490	call: produces com.badlogic.gdx.utils.Array/com.badlogic.gdx.utils.BooleanArray/com.badlogic.gdx.utils.ByteArray/com.badlogic.gdx.utils.CharArray/com.badlogic.gdx.utils.DelayedRemovalArray/com.badlogic.gdx.utils.FloatArray/com.badlogic.gdx.utils.IntArray/com.badlogic.gdx.utils.LongArray/com.badlogic.gdx.utils.ShortArray/com.badlogic.gdx.utils.SnapshotArray / emitted as lowlevel.util.DynamicArray
3e634ff6840a/14	collection-retarget	ExternalProducer	lowlevel.util.DynamicArray.apply	com/github/tommyettinger/anim8/PaletteReducer.java	3491	call: produces com.badlogic.gdx.utils.Array/com.badlogic.gdx.utils.BooleanArray/com.badlogic.gdx.utils.ByteArray/com.badlogic.gdx.utils.CharArray/com.badlogic.gdx.utils.DelayedRemovalArray/com.badlogic.gdx.utils.FloatArray/com.badlogic.gdx.utils.IntArray/com.badlogic.gdx.utils.LongArray/com.badlogic.gdx.utils.ShortArray/com.badlogic.gdx.utils.SnapshotArray / emitted as lowlevel.util.DynamicArray
3e634ff6840a/15	collection-retarget	ExternalProducer	lowlevel.util.DynamicArray.apply	com/github/tommyettinger/anim8/PaletteReducer.java	3492	call: produces com.badlogic.gdx.utils.Array/com.badlogic.gdx.utils.BooleanArray/com.badlogic.gdx.utils.ByteArray/com.badlogic.gdx.utils.CharArray/com.badlogic.gdx.utils.DelayedRemovalArray/com.badlogic.gdx.utils.FloatArray/com.badlogic.gdx.utils.IntArray/com.badlogic.gdx.utils.LongArray/com.badlogic.gdx.utils.ShortArray/com.badlogic.gdx.utils.SnapshotArray / emitted as lowlevel.util.DynamicArray
3e634ff6840a/16	collection-retarget	ExternalProducer	lowlevel.util.DynamicArray.apply	com/github/tommyettinger/anim8/PaletteReducer.java	3493	call: produces com.badlogic.gdx.utils.Array/com.badlogic.gdx.utils.BooleanArray/com.badlogic.gdx.utils.ByteArray/com.badlogic.gdx.utils.CharArray/com.badlogic.gdx.utils.DelayedRemovalArray/com.badlogic.gdx.utils.FloatArray/com.badlogic.gdx.utils.IntArray/com.badlogic.gdx.utils.LongArray/com.badlogic.gdx.utils.ShortArray/com.badlogic.gdx.utils.SnapshotArray / emitted as lowlevel.util.DynamicArray
3e634ff6840a/17	collection-retarget	ExternalProducer	lowlevel.util.DynamicArray.apply	com/github/tommyettinger/anim8/PaletteReducer.java	3494	call: produces com.badlogic.gdx.utils.Array/com.badlogic.gdx.utils.BooleanArray/com.badlogic.gdx.utils.ByteArray/com.badlogic.gdx.utils.CharArray/com.badlogic.gdx.utils.DelayedRemovalArray/com.badlogic.gdx.utils.FloatArray/com.badlogic.gdx.utils.IntArray/com.badlogic.gdx.utils.LongArray/com.badlogic.gdx.utils.ShortArray/com.badlogic.gdx.utils.SnapshotArray / emitted as lowlevel.util.DynamicArray
3e634ff6840a/18	collection-retarget	ExternalProducer	lowlevel.util.DynamicArray.apply	com/github/tommyettinger/anim8/PaletteReducer.java	3583	call: produces com.badlogic.gdx.utils.Array/com.badlogic.gdx.utils.BooleanArray/com.badlogic.gdx.utils.ByteArray/com.badlogic.gdx.utils.CharArray/com.badlogic.gdx.utils.DelayedRemovalArray/com.badlogic.gdx.utils.FloatArray/com.badlogic.gdx.utils.IntArray/com.badlogic.gdx.utils.LongArray/com.badlogic.gdx.utils.ShortArray/com.badlogic.gdx.utils.SnapshotArray / emitted as lowlevel.util.DynamicArray
3e634ff6840a/19	collection-retarget	ExternalProducer	lowlevel.util.DynamicArray.apply	com/github/tommyettinger/anim8/PaletteReducer.java	3584	call: produces com.badlogic.gdx.utils.Array/com.badlogic.gdx.utils.BooleanArray/com.badlogic.gdx.utils.ByteArray/com.badlogic.gdx.utils.CharArray/com.badlogic.gdx.utils.DelayedRemovalArray/com.badlogic.gdx.utils.FloatArray/com.badlogic.gdx.utils.IntArray/com.badlogic.gdx.utils.LongArray/com.badlogic.gdx.utils.ShortArray/com.badlogic.gdx.utils.SnapshotArray / emitted as lowlevel.util.DynamicArray
3e634ff6840a/20	collection-retarget	ExternalProducer	lowlevel.util.DynamicArray.apply	com/github/tommyettinger/anim8/PaletteReducer.java	3585	call: produces com.badlogic.gdx.utils.Array/com.badlogic.gdx.utils.BooleanArray/com.badlogic.gdx.utils.ByteArray/com.badlogic.gdx.utils.CharArray/com.badlogic.gdx.utils.DelayedRemovalArray/com.badlogic.gdx.utils.FloatArray/com.badlogic.gdx.utils.IntArray/com.badlogic.gdx.utils.LongArray/com.badlogic.gdx.utils.ShortArray/com.badlogic.gdx.utils.SnapshotArray / emitted as lowlevel.util.DynamicArray
3e634ff6840a/21	collection-retarget	ExternalProducer	lowlevel.util.DynamicArray.apply	com/github/tommyettinger/anim8/PaletteReducer.java	3586	call: produces com.badlogic.gdx.utils.Array/com.badlogic.gdx.utils.BooleanArray/com.badlogic.gdx.utils.ByteArray/com.badlogic.gdx.utils.CharArray/com.badlogic.gdx.utils.DelayedRemovalArray/com.badlogic.gdx.utils.FloatArray/com.badlogic.gdx.utils.IntArray/com.badlogic.gdx.utils.LongArray/com.badlogic.gdx.utils.ShortArray/com.badlogic.gdx.utils.SnapshotArray / emitted as lowlevel.util.DynamicArray
3e634ff6840a/22	collection-retarget	ExternalProducer	lowlevel.util.DynamicArray.apply	com/github/tommyettinger/anim8/PaletteReducer.java	3587	call: produces com.badlogic.gdx.utils.Array/com.badlogic.gdx.utils.BooleanArray/com.badlogic.gdx.utils.ByteArray/com.badlogic.gdx.utils.CharArray/com.badlogic.gdx.utils.DelayedRemovalArray/com.badlogic.gdx.utils.FloatArray/com.badlogic.gdx.utils.IntArray/com.badlogic.gdx.utils.LongArray/com.badlogic.gdx.utils.ShortArray/com.badlogic.gdx.utils.SnapshotArray / emitted as lowlevel.util.DynamicArray
3e634ff6840a/23	collection-retarget	ExternalProducer	lowlevel.util.DynamicArray.apply	com/github/tommyettinger/anim8/PaletteReducer.java	3588	call: produces com.badlogic.gdx.utils.Array/com.badlogic.gdx.utils.BooleanArray/com.badlogic.gdx.utils.ByteArray/com.badlogic.gdx.utils.CharArray/com.badlogic.gdx.utils.DelayedRemovalArray/com.badlogic.gdx.utils.FloatArray/com.badlogic.gdx.utils.IntArray/com.badlogic.gdx.utils.LongArray/com.badlogic.gdx.utils.ShortArray/com.badlogic.gdx.utils.SnapshotArray / emitted as lowlevel.util.DynamicArray
3e634ff6840a/24	collection-retarget	ExternalProducer	lowlevel.util.DynamicArray.apply	com/github/tommyettinger/anim8/PaletteReducer.java	3788	call: produces com.badlogic.gdx.utils.Array/com.badlogic.gdx.utils.BooleanArray/com.badlogic.gdx.utils.ByteArray/com.badlogic.gdx.utils.CharArray/com.badlogic.gdx.utils.DelayedRemovalArray/com.badlogic.gdx.utils.FloatArray/com.badlogic.gdx.utils.IntArray/com.badlogic.gdx.utils.LongArray/com.badlogic.gdx.utils.ShortArray/com.badlogic.gdx.utils.SnapshotArray / emitted as lowlevel.util.DynamicArray
3e634ff6840a/25	collection-retarget	ExternalProducer	lowlevel.util.DynamicArray.apply	com/github/tommyettinger/anim8/PaletteReducer.java	3789	call: produces com.badlogic.gdx.utils.Array/com.badlogic.gdx.utils.BooleanArray/com.badlogic.gdx.utils.ByteArray/com.badlogic.gdx.utils.CharArray/com.badlogic.gdx.utils.DelayedRemovalArray/com.badlogic.gdx.utils.FloatArray/com.badlogic.gdx.utils.IntArray/com.badlogic.gdx.utils.LongArray/com.badlogic.gdx.utils.ShortArray/com.badlogic.gdx.utils.SnapshotArray / emitted as lowlevel.util.DynamicArray
3e634ff6840a/26	collection-retarget	ExternalProducer	lowlevel.util.DynamicArray.apply	com/github/tommyettinger/anim8/PaletteReducer.java	3790	call: produces com.badlogic.gdx.utils.Array/com.badlogic.gdx.utils.BooleanArray/com.badlogic.gdx.utils.ByteArray/com.badlogic.gdx.utils.CharArray/com.badlogic.gdx.utils.DelayedRemovalArray/com.badlogic.gdx.utils.FloatArray/com.badlogic.gdx.utils.IntArray/com.badlogic.gdx.utils.LongArray/com.badlogic.gdx.utils.ShortArray/com.badlogic.gdx.utils.SnapshotArray / emitted as lowlevel.util.DynamicArray
3e634ff6840a/27	collection-retarget	ExternalProducer	lowlevel.util.DynamicArray.apply	com/github/tommyettinger/anim8/PaletteReducer.java	3791	call: produces com.badlogic.gdx.utils.Array/com.badlogic.gdx.utils.BooleanArray/com.badlogic.gdx.utils.ByteArray/com.badlogic.gdx.utils.CharArray/com.badlogic.gdx.utils.DelayedRemovalArray/com.badlogic.gdx.utils.FloatArray/com.badlogic.gdx.utils.IntArray/com.badlogic.gdx.utils.LongArray/com.badlogic.gdx.utils.ShortArray/com.badlogic.gdx.utils.SnapshotArray / emitted as lowlevel.util.DynamicArray
3e634ff6840a/28	collection-retarget	ExternalProducer	lowlevel.util.DynamicArray.apply	com/github/tommyettinger/anim8/PaletteReducer.java	3792	call: produces com.badlogic.gdx.utils.Array/com.badlogic.gdx.utils.BooleanArray/com.badlogic.gdx.utils.ByteArray/com.badlogic.gdx.utils.CharArray/com.badlogic.gdx.utils.DelayedRemovalArray/com.badlogic.gdx.utils.FloatArray/com.badlogic.gdx.utils.IntArray/com.badlogic.gdx.utils.LongArray/com.badlogic.gdx.utils.ShortArray/com.badlogic.gdx.utils.SnapshotArray / emitted as lowlevel.util.DynamicArray
3e634ff6840a/29	collection-retarget	ExternalProducer	lowlevel.util.DynamicArray.apply	com/github/tommyettinger/anim8/PaletteReducer.java	3793	call: produces com.badlogic.gdx.utils.Array/com.badlogic.gdx.utils.BooleanArray/com.badlogic.gdx.utils.ByteArray/com.badlogic.gdx.utils.CharArray/com.badlogic.gdx.utils.DelayedRemovalArray/com.badlogic.gdx.utils.FloatArray/com.badlogic.gdx.utils.IntArray/com.badlogic.gdx.utils.LongArray/com.badlogic.gdx.utils.ShortArray/com.badlogic.gdx.utils.SnapshotArray / emitted as lowlevel.util.DynamicArray
3e634ff6840a/30	collection-retarget	ExternalProducer	lowlevel.util.DynamicArray.apply	com/github/tommyettinger/anim8/PaletteReducer.java	4065	call: produces com.badlogic.gdx.utils.Array/com.badlogic.gdx.utils.BooleanArray/com.badlogic.gdx.utils.ByteArray/com.badlogic.gdx.utils.CharArray/com.badlogic.gdx.utils.DelayedRemovalArray/com.badlogic.gdx.utils.FloatArray/com.badlogic.gdx.utils.IntArray/com.badlogic.gdx.utils.LongArray/com.badlogic.gdx.utils.ShortArray/com.badlogic.gdx.utils.SnapshotArray / emitted as lowlevel.util.DynamicArray
3e634ff6840a/31	collection-retarget	ExternalProducer	lowlevel.util.DynamicArray.apply	com/github/tommyettinger/anim8/PaletteReducer.java	4066	call: produces com.badlogic.gdx.utils.Array/com.badlogic.gdx.utils.BooleanArray/com.badlogic.gdx.utils.ByteArray/com.badlogic.gdx.utils.CharArray/com.badlogic.gdx.utils.DelayedRemovalArray/com.badlogic.gdx.utils.FloatArray/com.badlogic.gdx.utils.IntArray/com.badlogic.gdx.utils.LongArray/com.badlogic.gdx.utils.ShortArray/com.badlogic.gdx.utils.SnapshotArray / emitted as lowlevel.util.DynamicArray
3e634ff6840a/32	collection-retarget	ExternalProducer	lowlevel.util.DynamicArray.apply	com/github/tommyettinger/anim8/PaletteReducer.java	4067	call: produces com.badlogic.gdx.utils.Array/com.badlogic.gdx.utils.BooleanArray/com.badlogic.gdx.utils.ByteArray/com.badlogic.gdx.utils.CharArray/com.badlogic.gdx.utils.DelayedRemovalArray/com.badlogic.gdx.utils.FloatArray/com.badlogic.gdx.utils.IntArray/com.badlogic.gdx.utils.LongArray/com.badlogic.gdx.utils.ShortArray/com.badlogic.gdx.utils.SnapshotArray / emitted as lowlevel.util.DynamicArray
3e634ff6840a/33	collection-retarget	ExternalProducer	lowlevel.util.DynamicArray.apply	com/github/tommyettinger/anim8/PaletteReducer.java	4068	call: produces com.badlogic.gdx.utils.Array/com.badlogic.gdx.utils.BooleanArray/com.badlogic.gdx.utils.ByteArray/com.badlogic.gdx.utils.CharArray/com.badlogic.gdx.utils.DelayedRemovalArray/com.badlogic.gdx.utils.FloatArray/com.badlogic.gdx.utils.IntArray/com.badlogic.gdx.utils.LongArray/com.badlogic.gdx.utils.ShortArray/com.badlogic.gdx.utils.SnapshotArray / emitted as lowlevel.util.DynamicArray
3e634ff6840a/34	collection-retarget	ExternalProducer	lowlevel.util.DynamicArray.apply	com/github/tommyettinger/anim8/PaletteReducer.java	4069	call: produces com.badlogic.gdx.utils.Array/com.badlogic.gdx.utils.BooleanArray/com.badlogic.gdx.utils.ByteArray/com.badlogic.gdx.utils.CharArray/com.badlogic.gdx.utils.DelayedRemovalArray/com.badlogic.gdx.utils.FloatArray/com.badlogic.gdx.utils.IntArray/com.badlogic.gdx.utils.LongArray/com.badlogic.gdx.utils.ShortArray/com.badlogic.gdx.utils.SnapshotArray / emitted as lowlevel.util.DynamicArray
3e634ff6840a/35	collection-retarget	ExternalProducer	lowlevel.util.DynamicArray.apply	com/github/tommyettinger/anim8/PaletteReducer.java	4070	call: produces com.badlogic.gdx.utils.Array/com.badlogic.gdx.utils.BooleanArray/com.badlogic.gdx.utils.ByteArray/com.badlogic.gdx.utils.CharArray/com.badlogic.gdx.utils.DelayedRemovalArray/com.badlogic.gdx.utils.FloatArray/com.badlogic.gdx.utils.IntArray/com.badlogic.gdx.utils.LongArray/com.badlogic.gdx.utils.ShortArray/com.badlogic.gdx.utils.SnapshotArray / emitted as lowlevel.util.DynamicArray
3e634ff6840a/36	collection-retarget	ExternalProducer	lowlevel.util.DynamicArray.apply	com/github/tommyettinger/anim8/PaletteReducer.java	4178	call: produces com.badlogic.gdx.utils.Array/com.badlogic.gdx.utils.BooleanArray/com.badlogic.gdx.utils.ByteArray/com.badlogic.gdx.utils.CharArray/com.badlogic.gdx.utils.DelayedRemovalArray/com.badlogic.gdx.utils.FloatArray/com.badlogic.gdx.utils.IntArray/com.badlogic.gdx.utils.LongArray/com.badlogic.gdx.utils.ShortArray/com.badlogic.gdx.utils.SnapshotArray / emitted as lowlevel.util.DynamicArray
3e634ff6840a/37	collection-retarget	ExternalProducer	lowlevel.util.DynamicArray.apply	com/github/tommyettinger/anim8/PaletteReducer.java	4179	call: produces com.badlogic.gdx.utils.Array/com.badlogic.gdx.utils.BooleanArray/com.badlogic.gdx.utils.ByteArray/com.badlogic.gdx.utils.CharArray/com.badlogic.gdx.utils.DelayedRemovalArray/com.badlogic.gdx.utils.FloatArray/com.badlogic.gdx.utils.IntArray/com.badlogic.gdx.utils.LongArray/com.badlogic.gdx.utils.ShortArray/com.badlogic.gdx.utils.SnapshotArray / emitted as lowlevel.util.DynamicArray
3e634ff6840a/38	collection-retarget	ExternalProducer	lowlevel.util.DynamicArray.apply	com/github/tommyettinger/anim8/PaletteReducer.java	4180	call: produces com.badlogic.gdx.utils.Array/com.badlogic.gdx.utils.BooleanArray/com.badlogic.gdx.utils.ByteArray/com.badlogic.gdx.utils.CharArray/com.badlogic.gdx.utils.DelayedRemovalArray/com.badlogic.gdx.utils.FloatArray/com.badlogic.gdx.utils.IntArray/com.badlogic.gdx.utils.LongArray/com.badlogic.gdx.utils.ShortArray/com.badlogic.gdx.utils.SnapshotArray / emitted as lowlevel.util.DynamicArray
3e634ff6840a/39	collection-retarget	ExternalProducer	lowlevel.util.DynamicArray.apply	com/github/tommyettinger/anim8/PaletteReducer.java	4181	call: produces com.badlogic.gdx.utils.Array/com.badlogic.gdx.utils.BooleanArray/com.badlogic.gdx.utils.ByteArray/com.badlogic.gdx.utils.CharArray/com.badlogic.gdx.utils.DelayedRemovalArray/com.badlogic.gdx.utils.FloatArray/com.badlogic.gdx.utils.IntArray/com.badlogic.gdx.utils.LongArray/com.badlogic.gdx.utils.ShortArray/com.badlogic.gdx.utils.SnapshotArray / emitted as lowlevel.util.DynamicArray
3e634ff6840a/40	collection-retarget	ExternalProducer	lowlevel.util.DynamicArray.apply	com/github/tommyettinger/anim8/PaletteReducer.java	4182	call: produces com.badlogic.gdx.utils.Array/com.badlogic.gdx.utils.BooleanArray/com.badlogic.gdx.utils.ByteArray/com.badlogic.gdx.utils.CharArray/com.badlogic.gdx.utils.DelayedRemovalArray/com.badlogic.gdx.utils.FloatArray/com.badlogic.gdx.utils.IntArray/com.badlogic.gdx.utils.LongArray/com.badlogic.gdx.utils.ShortArray/com.badlogic.gdx.utils.SnapshotArray / emitted as lowlevel.util.DynamicArray
3e634ff6840a/41	collection-retarget	ExternalProducer	lowlevel.util.DynamicArray.apply	com/github/tommyettinger/anim8/PaletteReducer.java	4183	call: produces com.badlogic.gdx.utils.Array/com.badlogic.gdx.utils.BooleanArray/com.badlogic.gdx.utils.ByteArray/com.badlogic.gdx.utils.CharArray/com.badlogic.gdx.utils.DelayedRemovalArray/com.badlogic.gdx.utils.FloatArray/com.badlogic.gdx.utils.IntArray/com.badlogic.gdx.utils.LongArray/com.badlogic.gdx.utils.ShortArray/com.badlogic.gdx.utils.SnapshotArray / emitted as lowlevel.util.DynamicArray
3e634ff6840a/42	collection-retarget	ExternalProducer	lowlevel.util.DynamicArray.apply	com/github/tommyettinger/anim8/PaletteReducer.java	4276	call: produces com.badlogic.gdx.utils.Array/com.badlogic.gdx.utils.BooleanArray/com.badlogic.gdx.utils.ByteArray/com.badlogic.gdx.utils.CharArray/com.badlogic.gdx.utils.DelayedRemovalArray/com.badlogic.gdx.utils.FloatArray/com.badlogic.gdx.utils.IntArray/com.badlogic.gdx.utils.LongArray/com.badlogic.gdx.utils.ShortArray/com.badlogic.gdx.utils.SnapshotArray / emitted as lowlevel.util.DynamicArray
3e634ff6840a/43	collection-retarget	ExternalProducer	lowlevel.util.DynamicArray.apply	com/github/tommyettinger/anim8/PaletteReducer.java	4277	call: produces com.badlogic.gdx.utils.Array/com.badlogic.gdx.utils.BooleanArray/com.badlogic.gdx.utils.ByteArray/com.badlogic.gdx.utils.CharArray/com.badlogic.gdx.utils.DelayedRemovalArray/com.badlogic.gdx.utils.FloatArray/com.badlogic.gdx.utils.IntArray/com.badlogic.gdx.utils.LongArray/com.badlogic.gdx.utils.ShortArray/com.badlogic.gdx.utils.SnapshotArray / emitted as lowlevel.util.DynamicArray
3e634ff6840a/44	collection-retarget	ExternalProducer	lowlevel.util.DynamicArray.apply	com/github/tommyettinger/anim8/PaletteReducer.java	4278	call: produces com.badlogic.gdx.utils.Array/com.badlogic.gdx.utils.BooleanArray/com.badlogic.gdx.utils.ByteArray/com.badlogic.gdx.utils.CharArray/com.badlogic.gdx.utils.DelayedRemovalArray/com.badlogic.gdx.utils.FloatArray/com.badlogic.gdx.utils.IntArray/com.badlogic.gdx.utils.LongArray/com.badlogic.gdx.utils.ShortArray/com.badlogic.gdx.utils.SnapshotArray / emitted as lowlevel.util.DynamicArray
3e634ff6840a/45	collection-retarget	ExternalProducer	lowlevel.util.DynamicArray.apply	com/github/tommyettinger/anim8/PaletteReducer.java	4279	call: produces com.badlogic.gdx.utils.Array/com.badlogic.gdx.utils.BooleanArray/com.badlogic.gdx.utils.ByteArray/com.badlogic.gdx.utils.CharArray/com.badlogic.gdx.utils.DelayedRemovalArray/com.badlogic.gdx.utils.FloatArray/com.badlogic.gdx.utils.IntArray/com.badlogic.gdx.utils.LongArray/com.badlogic.gdx.utils.ShortArray/com.badlogic.gdx.utils.SnapshotArray / emitted as lowlevel.util.DynamicArray
3e634ff6840a/46	collection-retarget	ExternalProducer	lowlevel.util.DynamicArray.apply	com/github/tommyettinger/anim8/PaletteReducer.java	4280	call: produces com.badlogic.gdx.utils.Array/com.badlogic.gdx.utils.BooleanArray/com.badlogic.gdx.utils.ByteArray/com.badlogic.gdx.utils.CharArray/com.badlogic.gdx.utils.DelayedRemovalArray/com.badlogic.gdx.utils.FloatArray/com.badlogic.gdx.utils.IntArray/com.badlogic.gdx.utils.LongArray/com.badlogic.gdx.utils.ShortArray/com.badlogic.gdx.utils.SnapshotArray / emitted as lowlevel.util.DynamicArray
3e634ff6840a/47	collection-retarget	ExternalProducer	lowlevel.util.DynamicArray.apply	com/github/tommyettinger/anim8/PaletteReducer.java	4281	call: produces com.badlogic.gdx.utils.Array/com.badlogic.gdx.utils.BooleanArray/com.badlogic.gdx.utils.ByteArray/com.badlogic.gdx.utils.CharArray/com.badlogic.gdx.utils.DelayedRemovalArray/com.badlogic.gdx.utils.FloatArray/com.badlogic.gdx.utils.IntArray/com.badlogic.gdx.utils.LongArray/com.badlogic.gdx.utils.ShortArray/com.badlogic.gdx.utils.SnapshotArray / emitted as lowlevel.util.DynamicArray
3e634ff6840a/48	collection-retarget	ExternalProducer	lowlevel.util.DynamicArray.apply	com/github/tommyettinger/anim8/PaletteReducer.java	4654	call: produces com.badlogic.gdx.utils.Array/com.badlogic.gdx.utils.BooleanArray/com.badlogic.gdx.utils.ByteArray/com.badlogic.gdx.utils.CharArray/com.badlogic.gdx.utils.DelayedRemovalArray/com.badlogic.gdx.utils.FloatArray/com.badlogic.gdx.utils.IntArray/com.badlogic.gdx.utils.LongArray/com.badlogic.gdx.utils.ShortArray/com.badlogic.gdx.utils.SnapshotArray / emitted as lowlevel.util.DynamicArray
3e634ff6840a/49	collection-retarget	ExternalProducer	lowlevel.util.DynamicArray.apply	com/github/tommyettinger/anim8/PaletteReducer.java	4655	call: produces com.badlogic.gdx.utils.Array/com.badlogic.gdx.utils.BooleanArray/com.badlogic.gdx.utils.ByteArray/com.badlogic.gdx.utils.CharArray/com.badlogic.gdx.utils.DelayedRemovalArray/com.badlogic.gdx.utils.FloatArray/com.badlogic.gdx.utils.IntArray/com.badlogic.gdx.utils.LongArray/com.badlogic.gdx.utils.ShortArray/com.badlogic.gdx.utils.SnapshotArray / emitted as lowlevel.util.DynamicArray
3e634ff6840a/50	collection-retarget	ExternalProducer	lowlevel.util.DynamicArray.apply	com/github/tommyettinger/anim8/PaletteReducer.java	4656	call: produces com.badlogic.gdx.utils.Array/com.badlogic.gdx.utils.BooleanArray/com.badlogic.gdx.utils.ByteArray/com.badlogic.gdx.utils.CharArray/com.badlogic.gdx.utils.DelayedRemovalArray/com.badlogic.gdx.utils.FloatArray/com.badlogic.gdx.utils.IntArray/com.badlogic.gdx.utils.LongArray/com.badlogic.gdx.utils.ShortArray/com.badlogic.gdx.utils.SnapshotArray / emitted as lowlevel.util.DynamicArray
3e634ff6840a/51	collection-retarget	ExternalProducer	lowlevel.util.DynamicArray.apply	com/github/tommyettinger/anim8/PaletteReducer.java	4657	call: produces com.badlogic.gdx.utils.Array/com.badlogic.gdx.utils.BooleanArray/com.badlogic.gdx.utils.ByteArray/com.badlogic.gdx.utils.CharArray/com.badlogic.gdx.utils.DelayedRemovalArray/com.badlogic.gdx.utils.FloatArray/com.badlogic.gdx.utils.IntArray/com.badlogic.gdx.utils.LongArray/com.badlogic.gdx.utils.ShortArray/com.badlogic.gdx.utils.SnapshotArray / emitted as lowlevel.util.DynamicArray
3e634ff6840a/52	collection-retarget	ExternalProducer	lowlevel.util.DynamicArray.apply	com/github/tommyettinger/anim8/PaletteReducer.java	4658	call: produces com.badlogic.gdx.utils.Array/com.badlogic.gdx.utils.BooleanArray/com.badlogic.gdx.utils.ByteArray/com.badlogic.gdx.utils.CharArray/com.badlogic.gdx.utils.DelayedRemovalArray/com.badlogic.gdx.utils.FloatArray/com.badlogic.gdx.utils.IntArray/com.badlogic.gdx.utils.LongArray/com.badlogic.gdx.utils.ShortArray/com.badlogic.gdx.utils.SnapshotArray / emitted as lowlevel.util.DynamicArray
3e634ff6840a/53	collection-retarget	ExternalProducer	lowlevel.util.DynamicArray.apply	com/github/tommyettinger/anim8/PaletteReducer.java	4659	call: produces com.badlogic.gdx.utils.Array/com.badlogic.gdx.utils.BooleanArray/com.badlogic.gdx.utils.ByteArray/com.badlogic.gdx.utils.CharArray/com.badlogic.gdx.utils.DelayedRemovalArray/com.badlogic.gdx.utils.FloatArray/com.badlogic.gdx.utils.IntArray/com.badlogic.gdx.utils.LongArray/com.badlogic.gdx.utils.ShortArray/com.badlogic.gdx.utils.SnapshotArray / emitted as lowlevel.util.DynamicArray
3e634ff6840a/54	collection-retarget	ExternalProducer	lowlevel.util.DynamicArray.apply	com/github/tommyettinger/anim8/PaletteReducer.java	4763	call: produces com.badlogic.gdx.utils.Array/com.badlogic.gdx.utils.BooleanArray/com.badlogic.gdx.utils.ByteArray/com.badlogic.gdx.utils.CharArray/com.badlogic.gdx.utils.DelayedRemovalArray/com.badlogic.gdx.utils.FloatArray/com.badlogic.gdx.utils.IntArray/com.badlogic.gdx.utils.LongArray/com.badlogic.gdx.utils.ShortArray/com.badlogic.gdx.utils.SnapshotArray / emitted as lowlevel.util.DynamicArray
3e634ff6840a/55	collection-retarget	ExternalProducer	lowlevel.util.DynamicArray.apply	com/github/tommyettinger/anim8/PaletteReducer.java	4764	call: produces com.badlogic.gdx.utils.Array/com.badlogic.gdx.utils.BooleanArray/com.badlogic.gdx.utils.ByteArray/com.badlogic.gdx.utils.CharArray/com.badlogic.gdx.utils.DelayedRemovalArray/com.badlogic.gdx.utils.FloatArray/com.badlogic.gdx.utils.IntArray/com.badlogic.gdx.utils.LongArray/com.badlogic.gdx.utils.ShortArray/com.badlogic.gdx.utils.SnapshotArray / emitted as lowlevel.util.DynamicArray
3e634ff6840a/56	collection-retarget	ExternalProducer	lowlevel.util.DynamicArray.apply	com/github/tommyettinger/anim8/PaletteReducer.java	4765	call: produces com.badlogic.gdx.utils.Array/com.badlogic.gdx.utils.BooleanArray/com.badlogic.gdx.utils.ByteArray/com.badlogic.gdx.utils.CharArray/com.badlogic.gdx.utils.DelayedRemovalArray/com.badlogic.gdx.utils.FloatArray/com.badlogic.gdx.utils.IntArray/com.badlogic.gdx.utils.LongArray/com.badlogic.gdx.utils.ShortArray/com.badlogic.gdx.utils.SnapshotArray / emitted as lowlevel.util.DynamicArray
3e634ff6840a/57	collection-retarget	ExternalProducer	lowlevel.util.DynamicArray.apply	com/github/tommyettinger/anim8/PaletteReducer.java	4766	call: produces com.badlogic.gdx.utils.Array/com.badlogic.gdx.utils.BooleanArray/com.badlogic.gdx.utils.ByteArray/com.badlogic.gdx.utils.CharArray/com.badlogic.gdx.utils.DelayedRemovalArray/com.badlogic.gdx.utils.FloatArray/com.badlogic.gdx.utils.IntArray/com.badlogic.gdx.utils.LongArray/com.badlogic.gdx.utils.ShortArray/com.badlogic.gdx.utils.SnapshotArray / emitted as lowlevel.util.DynamicArray
3e634ff6840a/58	collection-retarget	ExternalProducer	lowlevel.util.DynamicArray.apply	com/github/tommyettinger/anim8/PaletteReducer.java	4767	call: produces com.badlogic.gdx.utils.Array/com.badlogic.gdx.utils.BooleanArray/com.badlogic.gdx.utils.ByteArray/com.badlogic.gdx.utils.CharArray/com.badlogic.gdx.utils.DelayedRemovalArray/com.badlogic.gdx.utils.FloatArray/com.badlogic.gdx.utils.IntArray/com.badlogic.gdx.utils.LongArray/com.badlogic.gdx.utils.ShortArray/com.badlogic.gdx.utils.SnapshotArray / emitted as lowlevel.util.DynamicArray
3e634ff6840a/59	collection-retarget	ExternalProducer	lowlevel.util.DynamicArray.apply	com/github/tommyettinger/anim8/PaletteReducer.java	4768	call: produces com.badlogic.gdx.utils.Array/com.badlogic.gdx.utils.BooleanArray/com.badlogic.gdx.utils.ByteArray/com.badlogic.gdx.utils.CharArray/com.badlogic.gdx.utils.DelayedRemovalArray/com.badlogic.gdx.utils.FloatArray/com.badlogic.gdx.utils.IntArray/com.badlogic.gdx.utils.LongArray/com.badlogic.gdx.utils.ShortArray/com.badlogic.gdx.utils.SnapshotArray / emitted as lowlevel.util.DynamicArray
3e634ff6840a/60	collection-retarget	ExternalProducer	lowlevel.util.DynamicArray.apply	com/github/tommyettinger/anim8/PaletteReducer.java	4875	call: produces com.badlogic.gdx.utils.Array/com.badlogic.gdx.utils.BooleanArray/com.badlogic.gdx.utils.ByteArray/com.badlogic.gdx.utils.CharArray/com.badlogic.gdx.utils.DelayedRemovalArray/com.badlogic.gdx.utils.FloatArray/com.badlogic.gdx.utils.IntArray/com.badlogic.gdx.utils.LongArray/com.badlogic.gdx.utils.ShortArray/com.badlogic.gdx.utils.SnapshotArray / emitted as lowlevel.util.DynamicArray
3e634ff6840a/61	collection-retarget	ExternalProducer	lowlevel.util.DynamicArray.apply	com/github/tommyettinger/anim8/PaletteReducer.java	4876	call: produces com.badlogic.gdx.utils.Array/com.badlogic.gdx.utils.BooleanArray/com.badlogic.gdx.utils.ByteArray/com.badlogic.gdx.utils.CharArray/com.badlogic.gdx.utils.DelayedRemovalArray/com.badlogic.gdx.utils.FloatArray/com.badlogic.gdx.utils.IntArray/com.badlogic.gdx.utils.LongArray/com.badlogic.gdx.utils.ShortArray/com.badlogic.gdx.utils.SnapshotArray / emitted as lowlevel.util.DynamicArray
3e634ff6840a/62	collection-retarget	ExternalProducer	lowlevel.util.DynamicArray.apply	com/github/tommyettinger/anim8/PaletteReducer.java	4877	call: produces com.badlogic.gdx.utils.Array/com.badlogic.gdx.utils.BooleanArray/com.badlogic.gdx.utils.ByteArray/com.badlogic.gdx.utils.CharArray/com.badlogic.gdx.utils.DelayedRemovalArray/com.badlogic.gdx.utils.FloatArray/com.badlogic.gdx.utils.IntArray/com.badlogic.gdx.utils.LongArray/com.badlogic.gdx.utils.ShortArray/com.badlogic.gdx.utils.SnapshotArray / emitted as lowlevel.util.DynamicArray
3e634ff6840a/63	collection-retarget	ExternalProducer	lowlevel.util.DynamicArray.apply	com/github/tommyettinger/anim8/PaletteReducer.java	4878	call: produces com.badlogic.gdx.utils.Array/com.badlogic.gdx.utils.BooleanArray/com.badlogic.gdx.utils.ByteArray/com.badlogic.gdx.utils.CharArray/com.badlogic.gdx.utils.DelayedRemovalArray/com.badlogic.gdx.utils.FloatArray/com.badlogic.gdx.utils.IntArray/com.badlogic.gdx.utils.LongArray/com.badlogic.gdx.utils.ShortArray/com.badlogic.gdx.utils.SnapshotArray / emitted as lowlevel.util.DynamicArray
3e634ff6840a/64	collection-retarget	ExternalProducer	lowlevel.util.DynamicArray.apply	com/github/tommyettinger/anim8/PaletteReducer.java	4879	call: produces com.badlogic.gdx.utils.Array/com.badlogic.gdx.utils.BooleanArray/com.badlogic.gdx.utils.ByteArray/com.badlogic.gdx.utils.CharArray/com.badlogic.gdx.utils.DelayedRemovalArray/com.badlogic.gdx.utils.FloatArray/com.badlogic.gdx.utils.IntArray/com.badlogic.gdx.utils.LongArray/com.badlogic.gdx.utils.ShortArray/com.badlogic.gdx.utils.SnapshotArray / emitted as lowlevel.util.DynamicArray
3e634ff6840a/65	collection-retarget	ExternalProducer	lowlevel.util.DynamicArray.apply	com/github/tommyettinger/anim8/PaletteReducer.java	4880	call: produces com.badlogic.gdx.utils.Array/com.badlogic.gdx.utils.BooleanArray/com.badlogic.gdx.utils.ByteArray/com.badlogic.gdx.utils.CharArray/com.badlogic.gdx.utils.DelayedRemovalArray/com.badlogic.gdx.utils.FloatArray/com.badlogic.gdx.utils.IntArray/com.badlogic.gdx.utils.LongArray/com.badlogic.gdx.utils.ShortArray/com.badlogic.gdx.utils.SnapshotArray / emitted as lowlevel.util.DynamicArray
3e634ff6840a/66	collection-retarget	ExternalProducer	lowlevel.util.DynamicArray.apply	com/github/tommyettinger/anim8/PaletteReducer.java	5004	call: produces com.badlogic.gdx.utils.Array/com.badlogic.gdx.utils.BooleanArray/com.badlogic.gdx.utils.ByteArray/com.badlogic.gdx.utils.CharArray/com.badlogic.gdx.utils.DelayedRemovalArray/com.badlogic.gdx.utils.FloatArray/com.badlogic.gdx.utils.IntArray/com.badlogic.gdx.utils.LongArray/com.badlogic.gdx.utils.ShortArray/com.badlogic.gdx.utils.SnapshotArray / emitted as lowlevel.util.DynamicArray
3e634ff6840a/67	collection-retarget	ExternalProducer	lowlevel.util.DynamicArray.apply	com/github/tommyettinger/anim8/PaletteReducer.java	5005	call: produces com.badlogic.gdx.utils.Array/com.badlogic.gdx.utils.BooleanArray/com.badlogic.gdx.utils.ByteArray/com.badlogic.gdx.utils.CharArray/com.badlogic.gdx.utils.DelayedRemovalArray/com.badlogic.gdx.utils.FloatArray/com.badlogic.gdx.utils.IntArray/com.badlogic.gdx.utils.LongArray/com.badlogic.gdx.utils.ShortArray/com.badlogic.gdx.utils.SnapshotArray / emitted as lowlevel.util.DynamicArray
3e634ff6840a/68	collection-retarget	ExternalProducer	lowlevel.util.DynamicArray.apply	com/github/tommyettinger/anim8/PaletteReducer.java	5006	call: produces com.badlogic.gdx.utils.Array/com.badlogic.gdx.utils.BooleanArray/com.badlogic.gdx.utils.ByteArray/com.badlogic.gdx.utils.CharArray/com.badlogic.gdx.utils.DelayedRemovalArray/com.badlogic.gdx.utils.FloatArray/com.badlogic.gdx.utils.IntArray/com.badlogic.gdx.utils.LongArray/com.badlogic.gdx.utils.ShortArray/com.badlogic.gdx.utils.SnapshotArray / emitted as lowlevel.util.DynamicArray
3e634ff6840a/69	collection-retarget	ExternalProducer	lowlevel.util.DynamicArray.apply	com/github/tommyettinger/anim8/PaletteReducer.java	5007	call: produces com.badlogic.gdx.utils.Array/com.badlogic.gdx.utils.BooleanArray/com.badlogic.gdx.utils.ByteArray/com.badlogic.gdx.utils.CharArray/com.badlogic.gdx.utils.DelayedRemovalArray/com.badlogic.gdx.utils.FloatArray/com.badlogic.gdx.utils.IntArray/com.badlogic.gdx.utils.LongArray/com.badlogic.gdx.utils.ShortArray/com.badlogic.gdx.utils.SnapshotArray / emitted as lowlevel.util.DynamicArray
3e634ff6840a/70	collection-retarget	ExternalProducer	lowlevel.util.DynamicArray.apply	com/github/tommyettinger/anim8/PaletteReducer.java	5008	call: produces com.badlogic.gdx.utils.Array/com.badlogic.gdx.utils.BooleanArray/com.badlogic.gdx.utils.ByteArray/com.badlogic.gdx.utils.CharArray/com.badlogic.gdx.utils.DelayedRemovalArray/com.badlogic.gdx.utils.FloatArray/com.badlogic.gdx.utils.IntArray/com.badlogic.gdx.utils.LongArray/com.badlogic.gdx.utils.ShortArray/com.badlogic.gdx.utils.SnapshotArray / emitted as lowlevel.util.DynamicArray
3e634ff6840a/71	collection-retarget	ExternalProducer	lowlevel.util.DynamicArray.apply	com/github/tommyettinger/anim8/PaletteReducer.java	5009	call: produces com.badlogic.gdx.utils.Array/com.badlogic.gdx.utils.BooleanArray/com.badlogic.gdx.utils.ByteArray/com.badlogic.gdx.utils.CharArray/com.badlogic.gdx.utils.DelayedRemovalArray/com.badlogic.gdx.utils.FloatArray/com.badlogic.gdx.utils.IntArray/com.badlogic.gdx.utils.LongArray/com.badlogic.gdx.utils.ShortArray/com.badlogic.gdx.utils.SnapshotArray / emitted as lowlevel.util.DynamicArray
3e634ff6840a/72	collection-retarget	ExternalProducer	lowlevel.util.DynamicArray.apply	com/github/tommyettinger/anim8/PaletteReducer.java	5168	call: produces com.badlogic.gdx.utils.Array/com.badlogic.gdx.utils.BooleanArray/com.badlogic.gdx.utils.ByteArray/com.badlogic.gdx.utils.CharArray/com.badlogic.gdx.utils.DelayedRemovalArray/com.badlogic.gdx.utils.FloatArray/com.badlogic.gdx.utils.IntArray/com.badlogic.gdx.utils.LongArray/com.badlogic.gdx.utils.ShortArray/com.badlogic.gdx.utils.SnapshotArray / emitted as lowlevel.util.DynamicArray
3e634ff6840a/73	collection-retarget	ExternalProducer	lowlevel.util.DynamicArray.apply	com/github/tommyettinger/anim8/PaletteReducer.java	5169	call: produces com.badlogic.gdx.utils.Array/com.badlogic.gdx.utils.BooleanArray/com.badlogic.gdx.utils.ByteArray/com.badlogic.gdx.utils.CharArray/com.badlogic.gdx.utils.DelayedRemovalArray/com.badlogic.gdx.utils.FloatArray/com.badlogic.gdx.utils.IntArray/com.badlogic.gdx.utils.LongArray/com.badlogic.gdx.utils.ShortArray/com.badlogic.gdx.utils.SnapshotArray / emitted as lowlevel.util.DynamicArray
3e634ff6840a/74	collection-retarget	ExternalProducer	lowlevel.util.DynamicArray.apply	com/github/tommyettinger/anim8/PaletteReducer.java	5170	call: produces com.badlogic.gdx.utils.Array/com.badlogic.gdx.utils.BooleanArray/com.badlogic.gdx.utils.ByteArray/com.badlogic.gdx.utils.CharArray/com.badlogic.gdx.utils.DelayedRemovalArray/com.badlogic.gdx.utils.FloatArray/com.badlogic.gdx.utils.IntArray/com.badlogic.gdx.utils.LongArray/com.badlogic.gdx.utils.ShortArray/com.badlogic.gdx.utils.SnapshotArray / emitted as lowlevel.util.DynamicArray
3e634ff6840a/75	collection-retarget	ExternalProducer	lowlevel.util.DynamicArray.apply	com/github/tommyettinger/anim8/PaletteReducer.java	5171	call: produces com.badlogic.gdx.utils.Array/com.badlogic.gdx.utils.BooleanArray/com.badlogic.gdx.utils.ByteArray/com.badlogic.gdx.utils.CharArray/com.badlogic.gdx.utils.DelayedRemovalArray/com.badlogic.gdx.utils.FloatArray/com.badlogic.gdx.utils.IntArray/com.badlogic.gdx.utils.LongArray/com.badlogic.gdx.utils.ShortArray/com.badlogic.gdx.utils.SnapshotArray / emitted as lowlevel.util.DynamicArray
3e634ff6840a/76	collection-retarget	ExternalProducer	lowlevel.util.DynamicArray.apply	com/github/tommyettinger/anim8/PaletteReducer.java	5172	call: produces com.badlogic.gdx.utils.Array/com.badlogic.gdx.utils.BooleanArray/com.badlogic.gdx.utils.ByteArray/com.badlogic.gdx.utils.CharArray/com.badlogic.gdx.utils.DelayedRemovalArray/com.badlogic.gdx.utils.FloatArray/com.badlogic.gdx.utils.IntArray/com.badlogic.gdx.utils.LongArray/com.badlogic.gdx.utils.ShortArray/com.badlogic.gdx.utils.SnapshotArray / emitted as lowlevel.util.DynamicArray
3e634ff6840a/77	collection-retarget	ExternalProducer	lowlevel.util.DynamicArray.apply	com/github/tommyettinger/anim8/PaletteReducer.java	5173	call: produces com.badlogic.gdx.utils.Array/com.badlogic.gdx.utils.BooleanArray/com.badlogic.gdx.utils.ByteArray/com.badlogic.gdx.utils.CharArray/com.badlogic.gdx.utils.DelayedRemovalArray/com.badlogic.gdx.utils.FloatArray/com.badlogic.gdx.utils.IntArray/com.badlogic.gdx.utils.LongArray/com.badlogic.gdx.utils.ShortArray/com.badlogic.gdx.utils.SnapshotArray / emitted as lowlevel.util.DynamicArray
3e634ff6840a/78	collection-retarget	ExternalProducer	lowlevel.util.DynamicArray.apply	com/github/tommyettinger/anim8/PaletteReducer.java	5293	call: produces com.badlogic.gdx.utils.Array/com.badlogic.gdx.utils.BooleanArray/com.badlogic.gdx.utils.ByteArray/com.badlogic.gdx.utils.CharArray/com.badlogic.gdx.utils.DelayedRemovalArray/com.badlogic.gdx.utils.FloatArray/com.badlogic.gdx.utils.IntArray/com.badlogic.gdx.utils.LongArray/com.badlogic.gdx.utils.ShortArray/com.badlogic.gdx.utils.SnapshotArray / emitted as lowlevel.util.DynamicArray
3e634ff6840a/79	collection-retarget	ExternalProducer	lowlevel.util.DynamicArray.apply	com/github/tommyettinger/anim8/PaletteReducer.java	5294	call: produces com.badlogic.gdx.utils.Array/com.badlogic.gdx.utils.BooleanArray/com.badlogic.gdx.utils.ByteArray/com.badlogic.gdx.utils.CharArray/com.badlogic.gdx.utils.DelayedRemovalArray/com.badlogic.gdx.utils.FloatArray/com.badlogic.gdx.utils.IntArray/com.badlogic.gdx.utils.LongArray/com.badlogic.gdx.utils.ShortArray/com.badlogic.gdx.utils.SnapshotArray / emitted as lowlevel.util.DynamicArray
3e634ff6840a/80	collection-retarget	ExternalProducer	lowlevel.util.DynamicArray.apply	com/github/tommyettinger/anim8/PaletteReducer.java	5295	call: produces com.badlogic.gdx.utils.Array/com.badlogic.gdx.utils.BooleanArray/com.badlogic.gdx.utils.ByteArray/com.badlogic.gdx.utils.CharArray/com.badlogic.gdx.utils.DelayedRemovalArray/com.badlogic.gdx.utils.FloatArray/com.badlogic.gdx.utils.IntArray/com.badlogic.gdx.utils.LongArray/com.badlogic.gdx.utils.ShortArray/com.badlogic.gdx.utils.SnapshotArray / emitted as lowlevel.util.DynamicArray
3e634ff6840a/81	collection-retarget	ExternalProducer	lowlevel.util.DynamicArray.apply	com/github/tommyettinger/anim8/PaletteReducer.java	5296	call: produces com.badlogic.gdx.utils.Array/com.badlogic.gdx.utils.BooleanArray/com.badlogic.gdx.utils.ByteArray/com.badlogic.gdx.utils.CharArray/com.badlogic.gdx.utils.DelayedRemovalArray/com.badlogic.gdx.utils.FloatArray/com.badlogic.gdx.utils.IntArray/com.badlogic.gdx.utils.LongArray/com.badlogic.gdx.utils.ShortArray/com.badlogic.gdx.utils.SnapshotArray / emitted as lowlevel.util.DynamicArray
3e634ff6840a/82	collection-retarget	ExternalProducer	lowlevel.util.DynamicArray.apply	com/github/tommyettinger/anim8/PaletteReducer.java	5297	call: produces com.badlogic.gdx.utils.Array/com.badlogic.gdx.utils.BooleanArray/com.badlogic.gdx.utils.ByteArray/com.badlogic.gdx.utils.CharArray/com.badlogic.gdx.utils.DelayedRemovalArray/com.badlogic.gdx.utils.FloatArray/com.badlogic.gdx.utils.IntArray/com.badlogic.gdx.utils.LongArray/com.badlogic.gdx.utils.ShortArray/com.badlogic.gdx.utils.SnapshotArray / emitted as lowlevel.util.DynamicArray
3e634ff6840a/83	collection-retarget	ExternalProducer	lowlevel.util.DynamicArray.apply	com/github/tommyettinger/anim8/PaletteReducer.java	5298	call: produces com.badlogic.gdx.utils.Array/com.badlogic.gdx.utils.BooleanArray/com.badlogic.gdx.utils.ByteArray/com.badlogic.gdx.utils.CharArray/com.badlogic.gdx.utils.DelayedRemovalArray/com.badlogic.gdx.utils.FloatArray/com.badlogic.gdx.utils.IntArray/com.badlogic.gdx.utils.LongArray/com.badlogic.gdx.utils.ShortArray/com.badlogic.gdx.utils.SnapshotArray / emitted as lowlevel.util.DynamicArray
3e634ff6840a/84	collection-retarget	ExternalProducer	lowlevel.util.DynamicArray.apply	com/github/tommyettinger/anim8/PaletteReducer.java	5433	call: produces com.badlogic.gdx.utils.Array/com.badlogic.gdx.utils.BooleanArray/com.badlogic.gdx.utils.ByteArray/com.badlogic.gdx.utils.CharArray/com.badlogic.gdx.utils.DelayedRemovalArray/com.badlogic.gdx.utils.FloatArray/com.badlogic.gdx.utils.IntArray/com.badlogic.gdx.utils.LongArray/com.badlogic.gdx.utils.ShortArray/com.badlogic.gdx.utils.SnapshotArray / emitted as lowlevel.util.DynamicArray
3e634ff6840a/85	collection-retarget	ExternalProducer	lowlevel.util.DynamicArray.apply	com/github/tommyettinger/anim8/PaletteReducer.java	5434	call: produces com.badlogic.gdx.utils.Array/com.badlogic.gdx.utils.BooleanArray/com.badlogic.gdx.utils.ByteArray/com.badlogic.gdx.utils.CharArray/com.badlogic.gdx.utils.DelayedRemovalArray/com.badlogic.gdx.utils.FloatArray/com.badlogic.gdx.utils.IntArray/com.badlogic.gdx.utils.LongArray/com.badlogic.gdx.utils.ShortArray/com.badlogic.gdx.utils.SnapshotArray / emitted as lowlevel.util.DynamicArray
3e634ff6840a/86	collection-retarget	ExternalProducer	lowlevel.util.DynamicArray.apply	com/github/tommyettinger/anim8/PaletteReducer.java	5435	call: produces com.badlogic.gdx.utils.Array/com.badlogic.gdx.utils.BooleanArray/com.badlogic.gdx.utils.ByteArray/com.badlogic.gdx.utils.CharArray/com.badlogic.gdx.utils.DelayedRemovalArray/com.badlogic.gdx.utils.FloatArray/com.badlogic.gdx.utils.IntArray/com.badlogic.gdx.utils.LongArray/com.badlogic.gdx.utils.ShortArray/com.badlogic.gdx.utils.SnapshotArray / emitted as lowlevel.util.DynamicArray
3e634ff6840a/87	collection-retarget	ExternalProducer	lowlevel.util.DynamicArray.apply	com/github/tommyettinger/anim8/PaletteReducer.java	5436	call: produces com.badlogic.gdx.utils.Array/com.badlogic.gdx.utils.BooleanArray/com.badlogic.gdx.utils.ByteArray/com.badlogic.gdx.utils.CharArray/com.badlogic.gdx.utils.DelayedRemovalArray/com.badlogic.gdx.utils.FloatArray/com.badlogic.gdx.utils.IntArray/com.badlogic.gdx.utils.LongArray/com.badlogic.gdx.utils.ShortArray/com.badlogic.gdx.utils.SnapshotArray / emitted as lowlevel.util.DynamicArray
3e634ff6840a/88	collection-retarget	ExternalProducer	lowlevel.util.DynamicArray.apply	com/github/tommyettinger/anim8/PaletteReducer.java	5437	call: produces com.badlogic.gdx.utils.Array/com.badlogic.gdx.utils.BooleanArray/com.badlogic.gdx.utils.ByteArray/com.badlogic.gdx.utils.CharArray/com.badlogic.gdx.utils.DelayedRemovalArray/com.badlogic.gdx.utils.FloatArray/com.badlogic.gdx.utils.IntArray/com.badlogic.gdx.utils.LongArray/com.badlogic.gdx.utils.ShortArray/com.badlogic.gdx.utils.SnapshotArray / emitted as lowlevel.util.DynamicArray
3e634ff6840a/89	collection-retarget	ExternalProducer	lowlevel.util.DynamicArray.apply	com/github/tommyettinger/anim8/PaletteReducer.java	5438	call: produces com.badlogic.gdx.utils.Array/com.badlogic.gdx.utils.BooleanArray/com.badlogic.gdx.utils.ByteArray/com.badlogic.gdx.utils.CharArray/com.badlogic.gdx.utils.DelayedRemovalArray/com.badlogic.gdx.utils.FloatArray/com.badlogic.gdx.utils.IntArray/com.badlogic.gdx.utils.LongArray/com.badlogic.gdx.utils.ShortArray/com.badlogic.gdx.utils.SnapshotArray / emitted as lowlevel.util.DynamicArray
c00ab25c8adf	collection-retarget	ExternalProducer	lowlevel.util.ObjectMap.apply	com/github/tommyettinger/anim8/PNG8.java	550	call: produces com.badlogic.gdx.utils.IntFloatMap/com.badlogic.gdx.utils.IntIntMap/com.badlogic.gdx.utils.IntMap/com.badlogic.gdx.utils.LongMap/com.badlogic.gdx.utils.ObjectFloatMap/com.badlogic.gdx.utils.ObjectIntMap/com.badlogic.gdx.utils.ObjectLongMap/com.badlogic.gdx.utils.ObjectMap / emitted as lowlevel.util.ObjectMap
c00ab25c8adf/2	collection-retarget	ExternalProducer	lowlevel.util.ObjectMap.apply	com/github/tommyettinger/anim8/PNG8.java	716	call: produces com.badlogic.gdx.utils.IntFloatMap/com.badlogic.gdx.utils.IntIntMap/com.badlogic.gdx.utils.IntMap/com.badlogic.gdx.utils.LongMap/com.badlogic.gdx.utils.ObjectFloatMap/com.badlogic.gdx.utils.ObjectIntMap/com.badlogic.gdx.utils.ObjectLongMap/com.badlogic.gdx.utils.ObjectMap / emitted as lowlevel.util.ObjectMap
945bed86e874	collection-retarget	ExternalProducer	lowlevel.util.ObjectMap.apply	com/github/tommyettinger/anim8/PaletteReducer.java	880	call: produces com.badlogic.gdx.utils.IntFloatMap/com.badlogic.gdx.utils.IntIntMap/com.badlogic.gdx.utils.IntMap/com.badlogic.gdx.utils.LongMap/com.badlogic.gdx.utils.ObjectFloatMap/com.badlogic.gdx.utils.ObjectIntMap/com.badlogic.gdx.utils.ObjectLongMap/com.badlogic.gdx.utils.ObjectMap / emitted as lowlevel.util.ObjectMap
945bed86e874/2	collection-retarget	ExternalProducer	lowlevel.util.ObjectMap.apply	com/github/tommyettinger/anim8/PaletteReducer.java	1877	call: produces com.badlogic.gdx.utils.IntFloatMap/com.badlogic.gdx.utils.IntIntMap/com.badlogic.gdx.utils.IntMap/com.badlogic.gdx.utils.LongMap/com.badlogic.gdx.utils.ObjectFloatMap/com.badlogic.gdx.utils.ObjectIntMap/com.badlogic.gdx.utils.ObjectLongMap/com.badlogic.gdx.utils.ObjectMap / emitted as lowlevel.util.ObjectMap
945bed86e874/3	collection-retarget	ExternalProducer	lowlevel.util.ObjectMap.apply	com/github/tommyettinger/anim8/PaletteReducer.java	1982	call: produces com.badlogic.gdx.utils.IntFloatMap/com.badlogic.gdx.utils.IntIntMap/com.badlogic.gdx.utils.IntMap/com.badlogic.gdx.utils.LongMap/com.badlogic.gdx.utils.ObjectFloatMap/com.badlogic.gdx.utils.ObjectIntMap/com.badlogic.gdx.utils.ObjectLongMap/com.badlogic.gdx.utils.ObjectMap / emitted as lowlevel.util.ObjectMap
945bed86e874/4	collection-retarget	ExternalProducer	lowlevel.util.ObjectMap.apply	com/github/tommyettinger/anim8/PaletteReducer.java	2120	call: produces com.badlogic.gdx.utils.IntFloatMap/com.badlogic.gdx.utils.IntIntMap/com.badlogic.gdx.utils.IntMap/com.badlogic.gdx.utils.LongMap/com.badlogic.gdx.utils.ObjectFloatMap/com.badlogic.gdx.utils.ObjectIntMap/com.badlogic.gdx.utils.ObjectLongMap/com.badlogic.gdx.utils.ObjectMap / emitted as lowlevel.util.ObjectMap
945bed86e874/5	collection-retarget	ExternalProducer	lowlevel.util.ObjectMap.apply	com/github/tommyettinger/anim8/PaletteReducer.java	2251	call: produces com.badlogic.gdx.utils.IntFloatMap/com.badlogic.gdx.utils.IntIntMap/com.badlogic.gdx.utils.IntMap/com.badlogic.gdx.utils.LongMap/com.badlogic.gdx.utils.ObjectFloatMap/com.badlogic.gdx.utils.ObjectIntMap/com.badlogic.gdx.utils.ObjectLongMap/com.badlogic.gdx.utils.ObjectMap / emitted as lowlevel.util.ObjectMap
945bed86e874/6	collection-retarget	ExternalProducer	lowlevel.util.ObjectMap.apply	com/github/tommyettinger/anim8/PaletteReducer.java	2636	call: produces com.badlogic.gdx.utils.IntFloatMap/com.badlogic.gdx.utils.IntIntMap/com.badlogic.gdx.utils.IntMap/com.badlogic.gdx.utils.LongMap/com.badlogic.gdx.utils.ObjectFloatMap/com.badlogic.gdx.utils.ObjectIntMap/com.badlogic.gdx.utils.ObjectLongMap/com.badlogic.gdx.utils.ObjectMap / emitted as lowlevel.util.ObjectMap
945bed86e874/7	collection-retarget	ExternalProducer	lowlevel.util.ObjectMap.apply	com/github/tommyettinger/anim8/PaletteReducer.java	2824	call: produces com.badlogic.gdx.utils.IntFloatMap/com.badlogic.gdx.utils.IntIntMap/com.badlogic.gdx.utils.IntMap/com.badlogic.gdx.utils.LongMap/com.badlogic.gdx.utils.ObjectFloatMap/com.badlogic.gdx.utils.ObjectIntMap/com.badlogic.gdx.utils.ObjectLongMap/com.badlogic.gdx.utils.ObjectMap / emitted as lowlevel.util.ObjectMap
945bed86e874/8	collection-retarget	ExternalProducer	lowlevel.util.ObjectMap.apply	com/github/tommyettinger/anim8/PaletteReducer.java	2997	call: produces com.badlogic.gdx.utils.IntFloatMap/com.badlogic.gdx.utils.IntIntMap/com.badlogic.gdx.utils.IntMap/com.badlogic.gdx.utils.LongMap/com.badlogic.gdx.utils.ObjectFloatMap/com.badlogic.gdx.utils.ObjectIntMap/com.badlogic.gdx.utils.ObjectLongMap/com.badlogic.gdx.utils.ObjectMap / emitted as lowlevel.util.ObjectMap
945bed86e874/9	collection-retarget	ExternalProducer	lowlevel.util.ObjectMap.apply	com/github/tommyettinger/anim8/PaletteReducer.java	3228	call: produces com.badlogic.gdx.utils.IntFloatMap/com.badlogic.gdx.utils.IntIntMap/com.badlogic.gdx.utils.IntMap/com.badlogic.gdx.utils.LongMap/com.badlogic.gdx.utils.ObjectFloatMap/com.badlogic.gdx.utils.ObjectIntMap/com.badlogic.gdx.utils.ObjectLongMap/com.badlogic.gdx.utils.ObjectMap / emitted as lowlevel.util.ObjectMap
2f6097ab7b58	collection-retarget	ExternalProducer	lowlevel.util.OrderedMap.apply	com/github/tommyettinger/anim8/PNG8.java	8298	call: produces com.badlogic.gdx.utils.OrderedMap / emitted as lowlevel.util.OrderedMap
882800d9ca1e	collection-retarget	ExternalProducer	scala.Tuple2.apply	com/github/tommyettinger/anim8/PaletteReducer.java	893	call: produces com.badlogic.gdx.utils.IntFloatMap$Entry/com.badlogic.gdx.utils.IntIntMap$Entry/com.badlogic.gdx.utils.IntMap$Entry/com.badlogic.gdx.utils.LongMap$Entry/com.badlogic.gdx.utils.ObjectFloatMap$Entry/com.badlogic.gdx.utils.ObjectIntMap$Entry/com.badlogic.gdx.utils.ObjectLongMap$Entry/com.badlogic.gdx.utils.ObjectMap$Entry / emitted as scala.Tuple2
882800d9ca1e/2	collection-retarget	ExternalProducer	scala.Tuple2.apply	com/github/tommyettinger/anim8/PaletteReducer.java	1891	call: produces com.badlogic.gdx.utils.IntFloatMap$Entry/com.badlogic.gdx.utils.IntIntMap$Entry/com.badlogic.gdx.utils.IntMap$Entry/com.badlogic.gdx.utils.LongMap$Entry/com.badlogic.gdx.utils.ObjectFloatMap$Entry/com.badlogic.gdx.utils.ObjectIntMap$Entry/com.badlogic.gdx.utils.ObjectLongMap$Entry/com.badlogic.gdx.utils.ObjectMap$Entry / emitted as scala.Tuple2
882800d9ca1e/3	collection-retarget	ExternalProducer	scala.Tuple2.apply	com/github/tommyettinger/anim8/PaletteReducer.java	2000	call: produces com.badlogic.gdx.utils.IntFloatMap$Entry/com.badlogic.gdx.utils.IntIntMap$Entry/com.badlogic.gdx.utils.IntMap$Entry/com.badlogic.gdx.utils.LongMap$Entry/com.badlogic.gdx.utils.ObjectFloatMap$Entry/com.badlogic.gdx.utils.ObjectIntMap$Entry/com.badlogic.gdx.utils.ObjectLongMap$Entry/com.badlogic.gdx.utils.ObjectMap$Entry / emitted as scala.Tuple2
882800d9ca1e/4	collection-retarget	ExternalProducer	scala.Tuple2.apply	com/github/tommyettinger/anim8/PaletteReducer.java	2134	call: produces com.badlogic.gdx.utils.IntFloatMap$Entry/com.badlogic.gdx.utils.IntIntMap$Entry/com.badlogic.gdx.utils.IntMap$Entry/com.badlogic.gdx.utils.LongMap$Entry/com.badlogic.gdx.utils.ObjectFloatMap$Entry/com.badlogic.gdx.utils.ObjectIntMap$Entry/com.badlogic.gdx.utils.ObjectLongMap$Entry/com.badlogic.gdx.utils.ObjectMap$Entry / emitted as scala.Tuple2
882800d9ca1e/5	collection-retarget	ExternalProducer	scala.Tuple2.apply	com/github/tommyettinger/anim8/PaletteReducer.java	2651	call: produces com.badlogic.gdx.utils.IntFloatMap$Entry/com.badlogic.gdx.utils.IntIntMap$Entry/com.badlogic.gdx.utils.IntMap$Entry/com.badlogic.gdx.utils.LongMap$Entry/com.badlogic.gdx.utils.ObjectFloatMap$Entry/com.badlogic.gdx.utils.ObjectIntMap$Entry/com.badlogic.gdx.utils.ObjectLongMap$Entry/com.badlogic.gdx.utils.ObjectMap$Entry / emitted as scala.Tuple2
882800d9ca1e/6	collection-retarget	ExternalProducer	scala.Tuple2.apply	com/github/tommyettinger/anim8/PaletteReducer.java	2843	call: produces com.badlogic.gdx.utils.IntFloatMap$Entry/com.badlogic.gdx.utils.IntIntMap$Entry/com.badlogic.gdx.utils.IntMap$Entry/com.badlogic.gdx.utils.LongMap$Entry/com.badlogic.gdx.utils.ObjectFloatMap$Entry/com.badlogic.gdx.utils.ObjectIntMap$Entry/com.badlogic.gdx.utils.ObjectLongMap$Entry/com.badlogic.gdx.utils.ObjectMap$Entry / emitted as scala.Tuple2
882800d9ca1e/7	collection-retarget	ExternalProducer	scala.Tuple2.apply	com/github/tommyettinger/anim8/PaletteReducer.java	3020	call: produces com.badlogic.gdx.utils.IntFloatMap$Entry/com.badlogic.gdx.utils.IntIntMap$Entry/com.badlogic.gdx.utils.IntMap$Entry/com.badlogic.gdx.utils.LongMap$Entry/com.badlogic.gdx.utils.ObjectFloatMap$Entry/com.badlogic.gdx.utils.ObjectIntMap$Entry/com.badlogic.gdx.utils.ObjectLongMap$Entry/com.badlogic.gdx.utils.ObjectMap$Entry / emitted as scala.Tuple2
882800d9ca1e/8	collection-retarget	ExternalProducer	scala.Tuple2.apply	com/github/tommyettinger/anim8/PaletteReducer.java	3247	call: produces com.badlogic.gdx.utils.IntFloatMap$Entry/com.badlogic.gdx.utils.IntIntMap$Entry/com.badlogic.gdx.utils.IntMap$Entry/com.badlogic.gdx.utils.LongMap$Entry/com.badlogic.gdx.utils.ObjectFloatMap$Entry/com.badlogic.gdx.utils.ObjectIntMap$Entry/com.badlogic.gdx.utils.ObjectLongMap$Entry/com.badlogic.gdx.utils.ObjectMap$Entry / emitted as scala.Tuple2
cbb280f8353a	collection-retarget	ExternalProducer	sge.utils.Array#retargetRewrite:apply	com/github/tommyettinger/anim8/PaletteReducer.java	1912	call: produces com.badlogic.gdx.utils.IntFloatMap$Entry/com.badlogic.gdx.utils.IntIntMap$Entry/com.badlogic.gdx.utils.IntMap$Entry/com.badlogic.gdx.utils.LongMap$Entry/com.badlogic.gdx.utils.ObjectFloatMap$Entry/com.badlogic.gdx.utils.ObjectIntMap$Entry/com.badlogic.gdx.utils.ObjectLongMap$Entry/com.badlogic.gdx.utils.ObjectMap$Entry / emitted as scala.Tuple2
cbb280f8353a/2	collection-retarget	ExternalProducer	sge.utils.Array#retargetRewrite:apply	com/github/tommyettinger/anim8/PaletteReducer.java	2155	call: produces com.badlogic.gdx.utils.IntFloatMap$Entry/com.badlogic.gdx.utils.IntIntMap$Entry/com.badlogic.gdx.utils.IntMap$Entry/com.badlogic.gdx.utils.LongMap$Entry/com.badlogic.gdx.utils.ObjectFloatMap$Entry/com.badlogic.gdx.utils.ObjectIntMap$Entry/com.badlogic.gdx.utils.ObjectLongMap$Entry/com.badlogic.gdx.utils.ObjectMap$Entry / emitted as scala.Tuple2
cbb280f8353a/3	collection-retarget	ExternalProducer	sge.utils.Array#retargetRewrite:apply	com/github/tommyettinger/anim8/PaletteReducer.java	2678	call: produces com.badlogic.gdx.utils.IntFloatMap$Entry/com.badlogic.gdx.utils.IntIntMap$Entry/com.badlogic.gdx.utils.IntMap$Entry/com.badlogic.gdx.utils.LongMap$Entry/com.badlogic.gdx.utils.ObjectFloatMap$Entry/com.badlogic.gdx.utils.ObjectIntMap$Entry/com.badlogic.gdx.utils.ObjectLongMap$Entry/com.badlogic.gdx.utils.ObjectMap$Entry / emitted as scala.Tuple2
cbb280f8353a/4	collection-retarget	ExternalProducer	sge.utils.Array#retargetRewrite:apply	com/github/tommyettinger/anim8/PaletteReducer.java	2867	call: produces com.badlogic.gdx.utils.IntFloatMap$Entry/com.badlogic.gdx.utils.IntIntMap$Entry/com.badlogic.gdx.utils.IntMap$Entry/com.badlogic.gdx.utils.LongMap$Entry/com.badlogic.gdx.utils.ObjectFloatMap$Entry/com.badlogic.gdx.utils.ObjectIntMap$Entry/com.badlogic.gdx.utils.ObjectLongMap$Entry/com.badlogic.gdx.utils.ObjectMap$Entry / emitted as scala.Tuple2
cbb280f8353a/5	collection-retarget	ExternalProducer	sge.utils.Array#retargetRewrite:apply	com/github/tommyettinger/anim8/PaletteReducer.java	3274	call: produces com.badlogic.gdx.utils.IntFloatMap$Entry/com.badlogic.gdx.utils.IntIntMap$Entry/com.badlogic.gdx.utils.IntMap$Entry/com.badlogic.gdx.utils.LongMap$Entry/com.badlogic.gdx.utils.ObjectFloatMap$Entry/com.badlogic.gdx.utils.ObjectIntMap$Entry/com.badlogic.gdx.utils.ObjectLongMap$Entry/com.badlogic.gdx.utils.ObjectMap$Entry / emitted as scala.Tuple2
606b22785955	context-seam	unconstructed-thread	com.github.tommyettinger.anim8.AnimatedPNG	com/github/tommyettinger/anim8/AnimatedPNG.java	79	threaded, and NOTHING IN THIS PROGRAM CONSTRUCTS IT, while it extends `java.lang.AutoCloseable` which this program does not declare — the shape a framework instantiates. A reflective construction cannot supply the clause this class now takes; if that is what builds it, add a `selfSupplied` entry naming the expression that yields the context [key=com.badlogic.gdx.Gdx]
1f01be3f7bd7	context-seam	unconstructed-thread	com.github.tommyettinger.anim8.FastAPNG	com/github/tommyettinger/anim8/FastAPNG.java	54	threaded, and NOTHING IN THIS PROGRAM CONSTRUCTS IT, while it extends `java.lang.AutoCloseable` which this program does not declare — the shape a framework instantiates. A reflective construction cannot supply the clause this class now takes; if that is what builds it, add a `selfSupplied` entry naming the expression that yields the context [key=com.badlogic.gdx.Gdx]
5a52a799d1ba	context-seam	unconstructed-thread	com.github.tommyettinger.anim8.FastPNG	com/github/tommyettinger/anim8/FastPNG.java	84	threaded, and NOTHING IN THIS PROGRAM CONSTRUCTS IT, while it extends `java.lang.AutoCloseable` which this program does not declare — the shape a framework instantiates. A reflective construction cannot supply the clause this class now takes; if that is what builds it, add a `selfSupplied` entry naming the expression that yields the context [key=com.badlogic.gdx.Gdx]
94394e76a432	context-seam	unconstructed-thread	com.github.tommyettinger.anim8.FastPNG8	com/github/tommyettinger/anim8/FastPNG8.java	88	threaded, and NOTHING IN THIS PROGRAM CONSTRUCTS IT, while it extends `java.lang.AutoCloseable` which this program does not declare — the shape a framework instantiates. A reflective construction cannot supply the clause this class now takes; if that is what builds it, add a `selfSupplied` entry naming the expression that yields the context [key=com.badlogic.gdx.Gdx]
8c0d8e0c16ca	context-seam	unconstructed-thread	com.github.tommyettinger.anim8.PNG8	com/github/tommyettinger/anim8/PNG8.java	104	threaded, and NOTHING IN THIS PROGRAM CONSTRUCTS IT, while it extends `java.lang.AutoCloseable` which this program does not declare — the shape a framework instantiates. A reflective construction cannot supply the clause this class now takes; if that is what builds it, add a `selfSupplied` entry naming the expression that yields the context [key=com.badlogic.gdx.Gdx]
4e8295cc1068	dependency-coverage(all)	java.util.Locale	bundleLocale	../../../../libgdx/gdx/src/com/badlogic/gdx/utils/I18NBundle.java	173	MemberType — ScalaJs needs io.github.cquiroz:::scala-java-locales:1.5.4; ScalaNative needs io.github.cquiroz:::scala-java-locales:1.5.4. This port declares 0 dependency/ies and no `verdictOverrides` entry for JS-L65: the same unpublished-stub story on Scala.js (its default is ROOT) and absent on Native. The replacement is CLDR-backed at a NEWER CLDR than the JDK's, so locale-derived STRINGS can differ from the JVM's even where the API matches
68573236545c	dependency-coverage(all)	java.util.Locale	candidateLocales	../../../../libgdx/gdx/src/com/badlogic/gdx/utils/I18NBundle.java	166	TypeArg — ScalaJs needs io.github.cquiroz:::scala-java-locales:1.5.4; ScalaNative needs io.github.cquiroz:::scala-java-locales:1.5.4. This port declares 0 dependency/ies and no `verdictOverrides` entry for JS-L65: the same unpublished-stub story on Scala.js (its default is ROOT) and absent on Native. The replacement is CLDR-backed at a NEWER CLDR than the JDK's, so locale-derived STRINGS can differ from the JVM's even where the API matches
62d27422feb9	dependency-coverage(all)	java.util.Locale	defaultLocale	../../../../libgdx/gdx/src/com/badlogic/gdx/utils/I18NBundle.java	290	MemberType — ScalaJs needs io.github.cquiroz:::scala-java-locales:1.5.4; ScalaNative needs io.github.cquiroz:::scala-java-locales:1.5.4. This port declares 0 dependency/ies and no `verdictOverrides` entry for JS-L65: the same unpublished-stub story on Scala.js (its default is ROOT) and absent on Native. The replacement is CLDR-backed at a NEWER CLDR than the JDK's, so locale-derived STRINGS can differ from the JVM's even where the API matches
0b49181fec71	dependency-coverage(all)	java.util.Locale	defaultLocale	../../../../libgdx/gdx/src/com/badlogic/gdx/utils/I18NBundle.java	290	TermRef — ScalaJs needs io.github.cquiroz:::scala-java-locales:1.5.4; ScalaNative needs io.github.cquiroz:::scala-java-locales:1.5.4. This port declares 0 dependency/ies and no `verdictOverrides` entry for JS-L65: the same unpublished-stub story on Scala.js (its default is ROOT) and absent on Native. The replacement is CLDR-backed at a NEWER CLDR than the JDK's, so locale-derived STRINGS can differ from the JVM's even where the API matches
ccf77e50b7a2	dependency-coverage(all)	java.util.Locale	isBaseBundle	../../../../libgdx/gdx/src/com/badlogic/gdx/utils/I18NBundle.java	174	TermRef — ScalaJs needs io.github.cquiroz:::scala-java-locales:1.5.4; ScalaNative needs io.github.cquiroz:::scala-java-locales:1.5.4. This port declares 0 dependency/ies and no `verdictOverrides` entry for JS-L65: the same unpublished-stub story on Scala.js (its default is ROOT) and absent on Native. The replacement is CLDR-backed at a NEWER CLDR than the JDK's, so locale-derived STRINGS can differ from the JVM's even where the API matches
94ed3734126f	dependency-coverage(all)	java.util.Locale	locale	../../../../libgdx/gdx/src/com/badlogic/gdx/assets/loaders/I18NBundleLoader.java	56	MemberType — ScalaJs needs io.github.cquiroz:::scala-java-locales:1.5.4; ScalaNative needs io.github.cquiroz:::scala-java-locales:1.5.4. This port declares 0 dependency/ies and no `verdictOverrides` entry for JS-L65: the same unpublished-stub story on Scala.js (its default is ROOT) and absent on Native. The replacement is CLDR-backed at a NEWER CLDR than the JDK's, so locale-derived STRINGS can differ from the JVM's even where the API matches
8e0364ecfdec	dependency-coverage(all)	java.util.Locale	locales	../../../../libgdx/gdx/src/com/badlogic/gdx/utils/I18NBundle.java	262	TypeArg — ScalaJs needs io.github.cquiroz:::scala-java-locales:1.5.4; ScalaNative needs io.github.cquiroz:::scala-java-locales:1.5.4. This port declares 0 dependency/ies and no `verdictOverrides` entry for JS-L65: the same unpublished-stub story on Scala.js (its default is ROOT) and absent on Native. The replacement is CLDR-backed at a NEWER CLDR than the JDK's, so locale-derived STRINGS can differ from the JVM's even where the API matches
8e0364ecfdec/2	dependency-coverage(all)	java.util.Locale	locales	../../../../libgdx/gdx/src/com/badlogic/gdx/utils/I18NBundle.java	262	TypeArg — ScalaJs needs io.github.cquiroz:::scala-java-locales:1.5.4; ScalaNative needs io.github.cquiroz:::scala-java-locales:1.5.4. This port declares 0 dependency/ies and no `verdictOverrides` entry for JS-L65: the same unpublished-stub story on Scala.js (its default is ROOT) and absent on Native. The replacement is CLDR-backed at a NEWER CLDR than the JDK's, so locale-derived STRINGS can differ from the JVM's even where the API matches
33593d1a1147	dependency-coverage(all)	java.util.Locale	sge.assets.loaders.I18NBundleLoader#loadAsync	../../../../libgdx/gdx/src/com/badlogic/gdx/assets/loaders/I18NBundleLoader.java	59	TermRef — ScalaJs needs io.github.cquiroz:::scala-java-locales:1.5.4; ScalaNative needs io.github.cquiroz:::scala-java-locales:1.5.4. This port declares 0 dependency/ies and no `verdictOverrides` entry for JS-L65: the same unpublished-stub story on Scala.js (its default is ROOT) and absent on Native. The replacement is CLDR-backed at a NEWER CLDR than the JDK's, so locale-derived STRINGS can differ from the JVM's even where the API matches
33593d1a1147/2	dependency-coverage(all)	java.util.Locale	sge.assets.loaders.I18NBundleLoader#loadAsync	../../../../libgdx/gdx/src/com/badlogic/gdx/assets/loaders/I18NBundleLoader.java	62	TermRef — ScalaJs needs io.github.cquiroz:::scala-java-locales:1.5.4; ScalaNative needs io.github.cquiroz:::scala-java-locales:1.5.4. This port declares 0 dependency/ies and no `verdictOverrides` entry for JS-L65: the same unpublished-stub story on Scala.js (its default is ROOT) and absent on Native. The replacement is CLDR-backed at a NEWER CLDR than the JDK's, so locale-derived STRINGS can differ from the JVM's even where the API matches
6897566a1f68	dependency-coverage(all)	java.util.Locale	sge.assets.loaders.I18NBundleLoader$I18NBundleParameter#<init>#locale	../../../../libgdx/gdx/src/com/badlogic/gdx/assets/loaders/I18NBundleLoader.java	92	MemberType — ScalaJs needs io.github.cquiroz:::scala-java-locales:1.5.4; ScalaNative needs io.github.cquiroz:::scala-java-locales:1.5.4. This port declares 0 dependency/ies and no `verdictOverrides` entry for JS-L65: the same unpublished-stub story on Scala.js (its default is ROOT) and absent on Native. The replacement is CLDR-backed at a NEWER CLDR than the JDK's, so locale-derived STRINGS can differ from the JVM's even where the API matches
6897566a1f68/2	dependency-coverage(all)	java.util.Locale	sge.assets.loaders.I18NBundleLoader$I18NBundleParameter#<init>#locale	../../../../libgdx/gdx/src/com/badlogic/gdx/assets/loaders/I18NBundleLoader.java	96	MemberType — ScalaJs needs io.github.cquiroz:::scala-java-locales:1.5.4; ScalaNative needs io.github.cquiroz:::scala-java-locales:1.5.4. This port declares 0 dependency/ies and no `verdictOverrides` entry for JS-L65: the same unpublished-stub story on Scala.js (its default is ROOT) and absent on Native. The replacement is CLDR-backed at a NEWER CLDR than the JDK's, so locale-derived STRINGS can differ from the JVM's even where the API matches
02150530ea16	dependency-coverage(all)	java.util.Locale	sge.assets.loaders.I18NBundleLoader$I18NBundleParameter#locale	../../../../libgdx/gdx/src/com/badlogic/gdx/assets/loaders/I18NBundleLoader.java	85	MemberType — ScalaJs needs io.github.cquiroz:::scala-java-locales:1.5.4; ScalaNative needs io.github.cquiroz:::scala-java-locales:1.5.4. This port declares 0 dependency/ies and no `verdictOverrides` entry for JS-L65: the same unpublished-stub story on Scala.js (its default is ROOT) and absent on Native. The replacement is CLDR-backed at a NEWER CLDR than the JDK's, so locale-derived STRINGS can differ from the JVM's even where the API matches
fcbfa15132db	dependency-coverage(all)	java.util.Locale	sge.utils.I18NBundle#createBundle	../../../../libgdx/gdx/src/com/badlogic/gdx/utils/I18NBundle.java	119	TermRef — ScalaJs needs io.github.cquiroz:::scala-java-locales:1.5.4; ScalaNative needs io.github.cquiroz:::scala-java-locales:1.5.4. This port declares 0 dependency/ies and no `verdictOverrides` entry for JS-L65: the same unpublished-stub story on Scala.js (its default is ROOT) and absent on Native. The replacement is CLDR-backed at a NEWER CLDR than the JDK's, so locale-derived STRINGS can differ from the JVM's even where the API matches
fcbfa15132db/2	dependency-coverage(all)	java.util.Locale	sge.utils.I18NBundle#createBundle	../../../../libgdx/gdx/src/com/badlogic/gdx/utils/I18NBundle.java	142	TermRef — ScalaJs needs io.github.cquiroz:::scala-java-locales:1.5.4; ScalaNative needs io.github.cquiroz:::scala-java-locales:1.5.4. This port declares 0 dependency/ies and no `verdictOverrides` entry for JS-L65: the same unpublished-stub story on Scala.js (its default is ROOT) and absent on Native. The replacement is CLDR-backed at a NEWER CLDR than the JDK's, so locale-derived STRINGS can differ from the JVM's even where the API matches
4e76f0f9b006	dependency-coverage(all)	java.util.Locale	sge.utils.I18NBundle#createBundle#locale	../../../../libgdx/gdx/src/com/badlogic/gdx/utils/I18NBundle.java	130	MemberType — ScalaJs needs io.github.cquiroz:::scala-java-locales:1.5.4; ScalaNative needs io.github.cquiroz:::scala-java-locales:1.5.4. This port declares 0 dependency/ies and no `verdictOverrides` entry for JS-L65: the same unpublished-stub story on Scala.js (its default is ROOT) and absent on Native. The replacement is CLDR-backed at a NEWER CLDR than the JDK's, so locale-derived STRINGS can differ from the JVM's even where the API matches
4e76f0f9b006/2	dependency-coverage(all)	java.util.Locale	sge.utils.I18NBundle#createBundle#locale	../../../../libgdx/gdx/src/com/badlogic/gdx/utils/I18NBundle.java	154	MemberType — ScalaJs needs io.github.cquiroz:::scala-java-locales:1.5.4; ScalaNative needs io.github.cquiroz:::scala-java-locales:1.5.4. This port declares 0 dependency/ies and no `verdictOverrides` entry for JS-L65: the same unpublished-stub story on Scala.js (its default is ROOT) and absent on Native. The replacement is CLDR-backed at a NEWER CLDR than the JDK's, so locale-derived STRINGS can differ from the JVM's even where the API matches
95982e476044	dependency-coverage(all)	java.util.Locale	sge.utils.I18NBundle#createBundleImpl#locale	../../../../libgdx/gdx/src/com/badlogic/gdx/utils/I18NBundle.java	158	MemberType — ScalaJs needs io.github.cquiroz:::scala-java-locales:1.5.4; ScalaNative needs io.github.cquiroz:::scala-java-locales:1.5.4. This port declares 0 dependency/ies and no `verdictOverrides` entry for JS-L65: the same unpublished-stub story on Scala.js (its default is ROOT) and absent on Native. The replacement is CLDR-backed at a NEWER CLDR than the JDK's, so locale-derived STRINGS can differ from the JVM's even where the API matches
19d9547272ea	dependency-coverage(all)	java.util.Locale	sge.utils.I18NBundle#getCandidateLocales	../../../../libgdx/gdx/src/com/badlogic/gdx/utils/I18NBundle.java	257	TypeArg — ScalaJs needs io.github.cquiroz:::scala-java-locales:1.5.4; ScalaNative needs io.github.cquiroz:::scala-java-locales:1.5.4. This port declares 0 dependency/ies and no `verdictOverrides` entry for JS-L65: the same unpublished-stub story on Scala.js (its default is ROOT) and absent on Native. The replacement is CLDR-backed at a NEWER CLDR than the JDK's, so locale-derived STRINGS can differ from the JVM's even where the API matches
5e8dd10dee35	dependency-coverage(all)	java.util.Locale	sge.utils.I18NBundle#getCandidateLocales	../../../../libgdx/gdx/src/com/badlogic/gdx/utils/I18NBundle.java	267	Instantiate — ScalaJs needs io.github.cquiroz:::scala-java-locales:1.5.4; ScalaNative needs io.github.cquiroz:::scala-java-locales:1.5.4. This port declares 0 dependency/ies and no `verdictOverrides` entry for JS-L65: the same unpublished-stub story on Scala.js (its default is ROOT) and absent on Native. The replacement is CLDR-backed at a NEWER CLDR than the JDK's, so locale-derived STRINGS can differ from the JVM's even where the API matches
5e8dd10dee35/2	dependency-coverage(all)	java.util.Locale	sge.utils.I18NBundle#getCandidateLocales	../../../../libgdx/gdx/src/com/badlogic/gdx/utils/I18NBundle.java	270	Instantiate — ScalaJs needs io.github.cquiroz:::scala-java-locales:1.5.4; ScalaNative needs io.github.cquiroz:::scala-java-locales:1.5.4. This port declares 0 dependency/ies and no `verdictOverrides` entry for JS-L65: the same unpublished-stub story on Scala.js (its default is ROOT) and absent on Native. The replacement is CLDR-backed at a NEWER CLDR than the JDK's, so locale-derived STRINGS can differ from the JVM's even where the API matches
272ccaf8dc1d	dependency-coverage(all)	java.util.Locale	sge.utils.I18NBundle#getCandidateLocales	../../../../libgdx/gdx/src/com/badlogic/gdx/utils/I18NBundle.java	272	TermRef — ScalaJs needs io.github.cquiroz:::scala-java-locales:1.5.4; ScalaNative needs io.github.cquiroz:::scala-java-locales:1.5.4. This port declares 0 dependency/ies and no `verdictOverrides` entry for JS-L65: the same unpublished-stub story on Scala.js (its default is ROOT) and absent on Native. The replacement is CLDR-backed at a NEWER CLDR than the JDK's, so locale-derived STRINGS can differ from the JVM's even where the API matches
f2bad5cc8544	dependency-coverage(all)	java.util.Locale	sge.utils.I18NBundle#getCandidateLocales#locale	../../../../libgdx/gdx/src/com/badlogic/gdx/utils/I18NBundle.java	257	MemberType — ScalaJs needs io.github.cquiroz:::scala-java-locales:1.5.4; ScalaNative needs io.github.cquiroz:::scala-java-locales:1.5.4. This port declares 0 dependency/ies and no `verdictOverrides` entry for JS-L65: the same unpublished-stub story on Scala.js (its default is ROOT) and absent on Native. The replacement is CLDR-backed at a NEWER CLDR than the JDK's, so locale-derived STRINGS can differ from the JVM's even where the API matches
a584e790c69d	dependency-coverage(all)	java.util.Locale	sge.utils.I18NBundle#getFallbackLocale	../../../../libgdx/gdx/src/com/badlogic/gdx/utils/I18NBundle.java	289	MemberType — ScalaJs needs io.github.cquiroz:::scala-java-locales:1.5.4; ScalaNative needs io.github.cquiroz:::scala-java-locales:1.5.4. This port declares 0 dependency/ies and no `verdictOverrides` entry for JS-L65: the same unpublished-stub story on Scala.js (its default is ROOT) and absent on Native. The replacement is CLDR-backed at a NEWER CLDR than the JDK's, so locale-derived STRINGS can differ from the JVM's even where the API matches
1b0c4b129453	dependency-coverage(all)	java.util.Locale	sge.utils.I18NBundle#getFallbackLocale	../../../../libgdx/gdx/src/com/badlogic/gdx/utils/I18NBundle.java	291	TypeRefPos — ScalaJs needs io.github.cquiroz:::scala-java-locales:1.5.4; ScalaNative needs io.github.cquiroz:::scala-java-locales:1.5.4. This port declares 0 dependency/ies and no `verdictOverrides` entry for JS-L65: the same unpublished-stub story on Scala.js (its default is ROOT) and absent on Native. The replacement is CLDR-backed at a NEWER CLDR than the JDK's, so locale-derived STRINGS can differ from the JVM's even where the API matches
e6ed0fa04fe1	dependency-coverage(all)	java.util.Locale	sge.utils.I18NBundle#getFallbackLocale#locale	../../../../libgdx/gdx/src/com/badlogic/gdx/utils/I18NBundle.java	289	MemberType — ScalaJs needs io.github.cquiroz:::scala-java-locales:1.5.4; ScalaNative needs io.github.cquiroz:::scala-java-locales:1.5.4. This port declares 0 dependency/ies and no `verdictOverrides` entry for JS-L65: the same unpublished-stub story on Scala.js (its default is ROOT) and absent on Native. The replacement is CLDR-backed at a NEWER CLDR than the JDK's, so locale-derived STRINGS can differ from the JVM's even where the API matches
1d787be40368	dependency-coverage(all)	java.util.Locale	sge.utils.I18NBundle#loadBundle#targetLocale	../../../../libgdx/gdx/src/com/badlogic/gdx/utils/I18NBundle.java	316	MemberType — ScalaJs needs io.github.cquiroz:::scala-java-locales:1.5.4; ScalaNative needs io.github.cquiroz:::scala-java-locales:1.5.4. This port declares 0 dependency/ies and no `verdictOverrides` entry for JS-L65: the same unpublished-stub story on Scala.js (its default is ROOT) and absent on Native. The replacement is CLDR-backed at a NEWER CLDR than the JDK's, so locale-derived STRINGS can differ from the JVM's even where the API matches
25c8ed6496d0	dependency-coverage(all)	java.util.Locale	sge.utils.I18NBundle#loadBundleChain	../../../../libgdx/gdx/src/com/badlogic/gdx/utils/I18NBundle.java	301	TermRef — ScalaJs needs io.github.cquiroz:::scala-java-locales:1.5.4; ScalaNative needs io.github.cquiroz:::scala-java-locales:1.5.4. This port declares 0 dependency/ies and no `verdictOverrides` entry for JS-L65: the same unpublished-stub story on Scala.js (its default is ROOT) and absent on Native. The replacement is CLDR-backed at a NEWER CLDR than the JDK's, so locale-derived STRINGS can differ from the JVM's even where the API matches
76ffccac513e	dependency-coverage(all)	java.util.Locale	sge.utils.I18NBundle#loadBundleChain#candidateLocales	../../../../libgdx/gdx/src/com/badlogic/gdx/utils/I18NBundle.java	294	TypeArg — ScalaJs needs io.github.cquiroz:::scala-java-locales:1.5.4; ScalaNative needs io.github.cquiroz:::scala-java-locales:1.5.4. This port declares 0 dependency/ies and no `verdictOverrides` entry for JS-L65: the same unpublished-stub story on Scala.js (its default is ROOT) and absent on Native. The replacement is CLDR-backed at a NEWER CLDR than the JDK's, so locale-derived STRINGS can differ from the JVM's even where the API matches
f4536a46ac30	dependency-coverage(all)	java.util.Locale	sge.utils.I18NBundle#locale	../../../../libgdx/gdx/src/com/badlogic/gdx/utils/I18NBundle.java	77	MemberType — ScalaJs needs io.github.cquiroz:::scala-java-locales:1.5.4; ScalaNative needs io.github.cquiroz:::scala-java-locales:1.5.4. This port declares 0 dependency/ies and no `verdictOverrides` entry for JS-L65: the same unpublished-stub story on Scala.js (its default is ROOT) and absent on Native. The replacement is CLDR-backed at a NEWER CLDR than the JDK's, so locale-derived STRINGS can differ from the JVM's even where the API matches
f4536a46ac30/2	dependency-coverage(all)	java.util.Locale	sge.utils.I18NBundle#locale	../../../../libgdx/gdx/src/com/badlogic/gdx/utils/I18NBundle.java	405	MemberType — ScalaJs needs io.github.cquiroz:::scala-java-locales:1.5.4; ScalaNative needs io.github.cquiroz:::scala-java-locales:1.5.4. This port declares 0 dependency/ies and no `verdictOverrides` entry for JS-L65: the same unpublished-stub story on Scala.js (its default is ROOT) and absent on Native. The replacement is CLDR-backed at a NEWER CLDR than the JDK's, so locale-derived STRINGS can differ from the JVM's even where the API matches
7200fbf5cf3a	dependency-coverage(all)	java.util.Locale	sge.utils.I18NBundle#setLocale#locale	../../../../libgdx/gdx/src/com/badlogic/gdx/utils/I18NBundle.java	412	MemberType — ScalaJs needs io.github.cquiroz:::scala-java-locales:1.5.4; ScalaNative needs io.github.cquiroz:::scala-java-locales:1.5.4. This port declares 0 dependency/ies and no `verdictOverrides` entry for JS-L65: the same unpublished-stub story on Scala.js (its default is ROOT) and absent on Native. The replacement is CLDR-backed at a NEWER CLDR than the JDK's, so locale-derived STRINGS can differ from the JVM's even where the API matches
331ed9be29db	dependency-coverage(all)	java.util.Locale	sge.utils.I18NBundle#toFileHandle	../../../../libgdx/gdx/src/com/badlogic/gdx/utils/I18NBundle.java	382	TermRef — ScalaJs needs io.github.cquiroz:::scala-java-locales:1.5.4; ScalaNative needs io.github.cquiroz:::scala-java-locales:1.5.4. This port declares 0 dependency/ies and no `verdictOverrides` entry for JS-L65: the same unpublished-stub story on Scala.js (its default is ROOT) and absent on Native. The replacement is CLDR-backed at a NEWER CLDR than the JDK's, so locale-derived STRINGS can differ from the JVM's even where the API matches
8fc70a31db64	dependency-coverage(all)	java.util.Locale	sge.utils.I18NBundle#toFileHandle#locale	../../../../libgdx/gdx/src/com/badlogic/gdx/utils/I18NBundle.java	380	MemberType — ScalaJs needs io.github.cquiroz:::scala-java-locales:1.5.4; ScalaNative needs io.github.cquiroz:::scala-java-locales:1.5.4. This port declares 0 dependency/ies and no `verdictOverrides` entry for JS-L65: the same unpublished-stub story on Scala.js (its default is ROOT) and absent on Native. The replacement is CLDR-backed at a NEWER CLDR than the JDK's, so locale-derived STRINGS can differ from the JVM's even where the API matches
6603db03861a	dependency-coverage(all)	java.util.Locale	sge.utils.TextFormatter#<init>#locale	../../../../libgdx/gdx/src/com/badlogic/gdx/utils/TextFormatter.java	30	MemberType — ScalaJs needs io.github.cquiroz:::scala-java-locales:1.5.4; ScalaNative needs io.github.cquiroz:::scala-java-locales:1.5.4. This port declares 0 dependency/ies and no `verdictOverrides` entry for JS-L65: the same unpublished-stub story on Scala.js (its default is ROOT) and absent on Native. The replacement is CLDR-backed at a NEWER CLDR than the JDK's, so locale-derived STRINGS can differ from the JVM's even where the API matches
f223bba882f8	dependency-coverage(all)	java.util.Locale	targetLocale	../../../../libgdx/gdx/src/com/badlogic/gdx/utils/I18NBundle.java	163	MemberType — ScalaJs needs io.github.cquiroz:::scala-java-locales:1.5.4; ScalaNative needs io.github.cquiroz:::scala-java-locales:1.5.4. This port declares 0 dependency/ies and no `verdictOverrides` entry for JS-L65: the same unpublished-stub story on Scala.js (its default is ROOT) and absent on Native. The replacement is CLDR-backed at a NEWER CLDR than the JDK's, so locale-derived STRINGS can differ from the JVM's even where the API matches
f223bba882f8/2	dependency-coverage(all)	java.util.Locale	targetLocale	../../../../libgdx/gdx/src/com/badlogic/gdx/utils/I18NBundle.java	296	MemberType — ScalaJs needs io.github.cquiroz:::scala-java-locales:1.5.4; ScalaNative needs io.github.cquiroz:::scala-java-locales:1.5.4. This port declares 0 dependency/ies and no `verdictOverrides` entry for JS-L65: the same unpublished-stub story on Scala.js (its default is ROOT) and absent on Native. The replacement is CLDR-backed at a NEWER CLDR than the JDK's, so locale-derived STRINGS can differ from the JVM's even where the API matches
a7c83a128bce	idiom(converted)	BeanDetect	com.github.tommyettinger.anim8.AnimatedGif#ditherAlgorithm	com/github/tommyettinger/anim8/AnimatedGif.java	303	kind=BeanDetect — auto-detected pair `ditherAlgorithm` via `getDitherAlgorithm/setDitherAlgorithm`
18f3c1975062	idiom(converted)	BeanDetect	com.github.tommyettinger.anim8.AnimatedGif#ditherStrength	com/github/tommyettinger/anim8/AnimatedGif.java	211	kind=BeanDetect — auto-detected pair `ditherStrength` via `getDitherStrength/setDitherStrength`
37b44142eafd	idiom(converted)	BeanDetect	com.github.tommyettinger.anim8.AnimatedGif#flipY	com/github/tommyettinger/anim8/AnimatedGif.java	287	kind=BeanDetect — auto-detected pair `flipY` via `isFlipY/setFlipY`
a6e6e5340163	idiom(converted)	BeanDetect	com.github.tommyettinger.anim8.AnimatedGif#palette	com/github/tommyettinger/anim8/AnimatedGif.java	232	kind=BeanDetect — auto-detected pair `palette` via `getPalette/setPalette`
7ee714564cea	idiom(converted)	BeanDetect	com.github.tommyettinger.anim8.Dithered#ditherAlgorithm	com/github/tommyettinger/anim8/Dithered.java	44	kind=BeanDetect — auto-detected pair `ditherAlgorithm` via `getDitherAlgorithm/setDitherAlgorithm`
15ef6b371e15	idiom(converted)	BeanDetect	com.github.tommyettinger.anim8.Dithered#palette	com/github/tommyettinger/anim8/Dithered.java	31	kind=BeanDetect — auto-detected pair `palette` via `getPalette/setPalette`
0f0b7876571c	idiom(converted)	BeanDetect	com.github.tommyettinger.anim8.PNG8#ditherAlgorithm	com/github/tommyettinger/anim8/PNG8.java	137	kind=BeanDetect — auto-detected pair `ditherAlgorithm` via `getDitherAlgorithm/setDitherAlgorithm`
b841c882014e	idiom(converted)	BeanDetect	com.github.tommyettinger.anim8.PNG8#ditherStrength	com/github/tommyettinger/anim8/PNG8.java	163	kind=BeanDetect — auto-detected pair `ditherStrength` via `getDitherStrength/setDitherStrength`
3ca9f0990909	idiom(converted)	BeanDetect	com.github.tommyettinger.anim8.PNG8#palette	com/github/tommyettinger/anim8/PNG8.java	125	kind=BeanDetect — auto-detected pair `palette` via `getPalette/setPalette`
9ec7005bfe2e	idiom(converted)	BeanDetect	com.github.tommyettinger.anim8.PaletteReducer#ditherStrength	com/github/tommyettinger/anim8/PaletteReducer.java	3323	kind=BeanDetect — auto-detected pair `ditherStrength` via `getDitherStrength/setDitherStrength`
06caf95ab386	idiom(converted)	BeanDetect	com.github.tommyettinger.anim8.PaletteReducer#populationBias	com/github/tommyettinger/anim8/PaletteReducer.java	3339	kind=BeanDetect — auto-detected pair `populationBias` via `getPopulationBias/setPopulationBias`
bf77c4bfafbf	idiom(converted)	NullaryArity	com.github.tommyettinger.anim8.AnimatedGif#isFastAnalysis	com/github/tommyettinger/anim8/AnimatedGif.java	2420	kind=NullaryArity — drop `()` from `isFastAnalysis`
60df9850d59f	idiom(refused)	BeanDetect	com.github.tommyettinger.anim8.AnimatedGif#fastAnalysis	com/github/tommyettinger/anim8/AnimatedGif.java	2420	kind=BeanDetect guard=NonVoidSetter — auto-detected `fastAnalysis`; the setter returns a value, and an assignment discards it
3716a92814a4	idiom(refused)	BeanDetect	com.github.tommyettinger.anim8.AnimatedGif#imagePixels	com/github/tommyettinger/anim8/AnimatedGif.java	2281	kind=BeanDetect guard=VoidGetter — auto-detected `imagePixels`; the getter returns void
1910ee253cc3	idiom(refused)	NarrowedReturn	com.github.tommyettinger.anim8.PaletteReducer#alterColors	com/github/tommyettinger/anim8/PaletteReducer.java	5961	kind=NarrowedReturn guard=SelfTyped — a method that answers `this`; the declared return type is ALREADY the declaring class, so `this.type` buys precision only at a call on a SUBCLASS — real, but small, and it is the bucket that makes a blanket narrowing mostly churn
d8a080f3762a	idiom(refused)	NarrowedReturn	com.github.tommyettinger.anim8.PaletteReducer#alterColorsLightness	com/github/tommyettinger/anim8/PaletteReducer.java	5933	kind=NarrowedReturn guard=SelfTyped — a method that answers `this`; the declared return type is ALREADY the declaring class, so `this.type` buys precision only at a call on a SUBCLASS — real, but small, and it is the bucket that makes a blanket narrowing mostly churn
49474289bf8d	idiom(refused)	NarrowedReturn	com.github.tommyettinger.anim8.PaletteReducer#alterColorsOklab	com/github/tommyettinger/anim8/PaletteReducer.java	5995	kind=NarrowedReturn guard=SelfTyped — a method that answers `this`; the declared return type is ALREADY the declaring class, so `this.type` buys precision only at a call on a SUBCLASS — real, but small, and it is the bucket that makes a blanket narrowing mostly churn
109724d8a463	idiom(refused)	NarrowedReturn	com.github.tommyettinger.anim8.PaletteReducer#alterColorsSaturation	com/github/tommyettinger/anim8/PaletteReducer.java	6018	kind=NarrowedReturn guard=SelfTyped — a method that answers `this`; the declared return type is ALREADY the declaring class, so `this.type` buys precision only at a call on a SUBCLASS — real, but small, and it is the bucket that makes a blanket narrowing mostly churn
0a83c2983b6f	idiom(refused)	NarrowedReturn	com.github.tommyettinger.anim8.PaletteReducer#hueShift	com/github/tommyettinger/anim8/PaletteReducer.java	6048	kind=NarrowedReturn guard=SelfTyped — a method that answers `this`; the declared return type is ALREADY the declaring class, so `this.type` buys precision only at a call on a SUBCLASS — real, but small, and it is the bucket that makes a blanket narrowing mostly churn
8771edbc8cd8	idiom(refused)	NullaryArity	com.github.tommyettinger.anim8.AnimatedGif#finish	com/github/tommyettinger/anim8/AnimatedGif.java	368	kind=NullaryArity guard=SideEffectingBody — keep `()` on `finish`; the body contains assignments or calls to non-getter members — dropping `()` would change the call's meaning from 'do something and return' to 'read a value'
069b9b1f531c	idiom(refused)	NullaryArity	com.github.tommyettinger.anim8.Dithered$DitherAlgorithm#toString	com/github/tommyettinger/anim8/Dithered.java	435	kind=NullaryArity guard=AnchoredClosure — keep `()` on `toString`; the component reaches 2 declaration(s) this program does not parse and cannot move: java.lang.Enum#toString, java.lang.Object#toString
402380124348	idiom(refused)	NullaryArity	com.github.tommyettinger.anim8.LZWEncoder#nextPixel	com/github/tommyettinger/anim8/LZWEncoder.java	265	kind=NullaryArity guard=SideEffectingBody — keep `()` on `nextPixel`; the body contains assignments or calls to non-getter members — dropping `()` would change the call's meaning from 'do something and return' to 'read a value'
c54f59890ea2	idiom(refused)	NullaryArity	com.github.tommyettinger.anim8.PaletteReducer#hueShift	com/github/tommyettinger/anim8/PaletteReducer.java	6038	kind=NullaryArity guard=SideEffectingBody — keep `()` on `hueShift`; the body contains assignments or calls to non-getter members — dropping `()` would change the call's meaning from 'do something and return' to 'read a value'
11348c032c4b	idiom(refused)	SamLambda	com.github.tommyettinger.anim8.PaletteReducer#entryComparator	com/github/tommyettinger/anim8/PaletteReducer.java	1572	kind=SamLambda guard=NonCapturing — anonymous `java.util.Comparator`; PERMANENT, and licensed by the SPECIFICATION'S SILENCE rather than by any measurement: JVMS 5.4.3.6 and the `LambdaMetafactory` contract leave a lambda's instance identity UNSPECIFIED in both directions, so a non-capturing lambda MAY be the same object at two evaluations while `new I(){…}` never is. A library that removes a listener by identity, keys an `IdentityHashMap` or synchronises on the instance would then differ, with a green compile and no moved count
981da4b0f3e1	idiom(refused)	SamLambda	com.github.tommyettinger.anim8.PaletteReducer#hueComparator	com/github/tommyettinger/anim8/PaletteReducer.java	1615	kind=SamLambda guard=NonCapturing — anonymous `com.github.tommyettinger.anim8.PaletteReducer$IntComparator`; PERMANENT, and licensed by the SPECIFICATION'S SILENCE rather than by any measurement: JVMS 5.4.3.6 and the `LambdaMetafactory` contract leave a lambda's instance identity UNSPECIFIED in both directions, so a non-capturing lambda MAY be the same object at two evaluations while `new I(){…}` never is. A library that removes a listener by identity, keys an `IdentityHashMap` or synchronises on the instance would then differ, with a green compile and no moved count
30200c6da434	idiom(refused)	SamLambda	com.github.tommyettinger.anim8.PaletteReducer#lightnessComparator	com/github/tommyettinger/anim8/PaletteReducer.java	1605	kind=SamLambda guard=NonCapturing — anonymous `com.github.tommyettinger.anim8.PaletteReducer$IntComparator`; PERMANENT, and licensed by the SPECIFICATION'S SILENCE rather than by any measurement: JVMS 5.4.3.6 and the `LambdaMetafactory` contract leave a lambda's instance identity UNSPECIFIED in both directions, so a non-capturing lambda MAY be the same object at two evaluations while `new I(){…}` never is. A library that removes a listener by identity, keys an `IdentityHashMap` or synchronises on the instance would then differ, with a green compile and no moved count
fc36bc50fb23	jdk-surface	unhandled	java.util.Arrays#copyOf(byte[],int)	com/github/tommyettinger/anim8/PaletteReducer.java	2173	java.util.Arrays#copyOf(byte[],int) — retyped to java.util.Arrays, no rewrite (1 site(s))
0d651d42d838	jdk-surface	unhandled	java.util.Arrays#fill(byte[],byte)	com/github/tommyettinger/anim8/PaletteReducer.java	1448	java.util.Arrays#fill(byte[],byte) — retyped to java.util.Arrays, no rewrite (10 site(s))
4f439866348b	jdk-surface	unhandled	java.util.Arrays#fill(float[],float)	com/github/tommyettinger/anim8/AnimatedGif.java	744	java.util.Arrays#fill(float[],float) — retyped to java.util.Arrays, no rewrite (114 site(s))
708b3f36701b	jdk-surface	unhandled	java.util.Arrays#fill(int[],int)	com/github/tommyettinger/anim8/PaletteReducer.java	1447	java.util.Arrays#fill(int[],int) — retyped to java.util.Arrays, no rewrite (14 site(s))
acffc2186258	jdk-surface	unhandled	java.util.Arrays#fill(int[],int,int,int)	com/github/tommyettinger/anim8/PaletteReducer.java	2453	java.util.Arrays#fill(int[],int,int,int) — retyped to java.util.Arrays, no rewrite (2 site(s))
4fe272b69bc2	jdk-surface	unhandled	java.util.Arrays#sort(int[],int,int)	com/github/tommyettinger/anim8/PaletteReducer.java	1769	java.util.Arrays#sort(int[],int,int) — retyped to java.util.Arrays, no rewrite (1 site(s))
ab9127a17417	omissions	enum emitted without its java.lang.Enum supertype	sge.anim8.Dithered$DitherAlgorithm	com/github/tommyettinger/anim8/Dithered.java	108	`name` collides with a member java.lang.Enum declares final (or with the scala 3 enum's own companion) — emitted as a sealed abstract class, which is not a `java.lang.Enum`, so no `<E extends Enum<E>>` bound, `EnumSet`, `EnumMap` or `Comparable<E>` accepts it
b687122bcf78	policy	matched, but unverifiable	member-rename	MemberRenameTransform(renames)	0	com.badlogic.gdx.scenes.scene2d.InputEvent#type — the component reaches 1 declaration(s) owned by a resolution root rather than by this module: com.badlogic.gdx.scenes.scene2d.InputEvent#type — so this rename did NOT happen and the member keeps its upstream name
f3c296f35719	policy	matched, but unverifiable	member-rename	MemberRenameTransform(renames)	0	com.badlogic.gdx.scenes.scene2d.ui.List#toString(T) — the component reaches 1 unparsed declaration(s) (java.lang.Object#toString) and 2 owned by a resolution root (com.badlogic.gdx.scenes.scene2d.ui.List#toString, com.badlogic.gdx.scenes.scene2d.ui.SelectBox$SelectBoxScrollPane$109#toString) — so this rename did NOT happen and the member keeps its upstream name
2b259a40275f	portability(all)	java.lang.Class#forName	sge.utils.reflect.ClassReflection#forName	../../../../libgdx/gdx/src/com/badlogic/gdx/utils/reflect/ClassReflection.java	28	Call — runtime class lookup by name is JVM-only
aae5948a8e17	portability(all)	java.lang.Class#getConstructor	sge.utils.reflect.ClassReflection#getConstructor	../../../../libgdx/gdx/src/com/badlogic/gdx/utils/reflect/ClassReflection.java	122	Call — reflective member access is JVM-only
01cabea7b30c	portability(all)	java.lang.Class#getDeclaredConstructor	sge.utils.reflect.ClassReflection#getDeclaredConstructor	../../../../libgdx/gdx/src/com/badlogic/gdx/utils/reflect/ClassReflection.java	135	Call — reflective member access is JVM-only
580f8e2946fc	portability(all)	java.lang.Class#getDeclaredField	sge.utils.reflect.ClassReflection#getDeclaredField	../../../../libgdx/gdx/src/com/badlogic/gdx/utils/reflect/ClassReflection.java	226	Call — reflective member access is JVM-only
e9ae09a39f07	portability(all)	java.lang.Class#getDeclaredFields	fields	../../../../libgdx/gdx/src/com/badlogic/gdx/utils/reflect/ClassReflection.java	215	Call — reflective member access is JVM-only
b7c6890534e5	portability(all)	java.lang.Class#getDeclaredMethod	sge.utils.reflect.ClassReflection#getDeclaredMethod	../../../../libgdx/gdx/src/com/badlogic/gdx/utils/reflect/ClassReflection.java	184	Call — reflective member access is JVM-only
aba966d50746	portability(all)	java.lang.Class#getDeclaredMethods	methods	../../../../libgdx/gdx/src/com/badlogic/gdx/utils/reflect/ClassReflection.java	172	Call — reflective member access is JVM-only
8b47b83c5f87	portability(all)	java.lang.Class#getField	sge.utils.reflect.ClassReflection#getField	../../../../libgdx/gdx/src/com/badlogic/gdx/utils/reflect/ClassReflection.java	205	Call — reflective member access is JVM-only
cccd49a03eed	portability(all)	java.lang.Class#getFields	fields	../../../../libgdx/gdx/src/com/badlogic/gdx/utils/reflect/ClassReflection.java	194	Call — reflective member access is JVM-only
5e9140fac0a2	portability(all)	java.lang.Class#getMethod	sge.utils.reflect.ClassReflection#getMethod	../../../../libgdx/gdx/src/com/badlogic/gdx/utils/reflect/ClassReflection.java	162	Call — reflective member access is JVM-only
382dea975c3e	portability(all)	java.lang.Class#getMethods	methods	../../../../libgdx/gdx/src/com/badlogic/gdx/utils/reflect/ClassReflection.java	150	Call — reflective member access is JVM-only
dfd96b5fd682	portability(all)	java.lang.Class#newInstance	sge.utils.reflect.ClassReflection#newInstance	../../../../libgdx/gdx/src/com/badlogic/gdx/utils/reflect/ClassReflection.java	93	Call — reflective instantiation is JVM-only
c243c4ae2f72	portability(all)	java.lang.Thread	sge.net.NetJavaImpl$90#newThread	../../../../libgdx/gdx/src/com/badlogic/gdx/net/NetJavaImpl.java	143	MemberType — Scala.js's Thread is a private-constructor singleton — getId is hardcoded, run() is empty and currentThread() is always the same instance, so `new Thread(r)` does not even compile there; Scala Native has real OS threads
07c34beb7345	portability(all)	java.lang.Thread	sge.utils.PauseableThread	../../../../libgdx/gdx/src/com/badlogic/gdx/utils/PauseableThread.java	23	Extends — Scala.js's Thread is a private-constructor singleton — getId is hardcoded, run() is empty and currentThread() is always the same instance, so `new Thread(r)` does not even compile there; Scala Native has real OS threads
5181671af778	portability(all)	java.lang.Thread	sge.utils.async.AsyncExecutor#<init>	../../../../libgdx/gdx/src/com/badlogic/gdx/utils/async/AsyncExecutor.java	46	TypeRefPos — Scala.js's Thread is a private-constructor singleton — getId is hardcoded, run() is empty and currentThread() is always the same instance, so `new Thread(r)` does not even compile there; Scala Native has real OS threads
86565038813a	portability(all)	java.lang.Thread	sge.utils.async.ThreadUtils#yield	../../../../libgdx/gdx/src/com/badlogic/gdx/utils/async/ThreadUtils.java	23	TermRef — Scala.js's Thread is a private-constructor singleton — getId is hardcoded, run() is empty and currentThread() is always the same instance, so `new Thread(r)` does not even compile there; Scala Native has real OS threads
f8383a514ed0	portability(all)	java.lang.Thread	stack	../../../../libgdx/gdx/src/com/badlogic/gdx/graphics/profiling/GLErrorListener.java	41	TermRef — Scala.js's Thread is a private-constructor singleton — getId is hardcoded, run() is empty and currentThread() is always the same instance, so `new Thread(r)` does not even compile there; Scala Native has real OS threads
c9c57dbe21a0	portability(all)	java.lang.Thread	thread	../../../../libgdx/gdx/src/com/badlogic/gdx/input/RemoteInput.java	230	Instantiate — Scala.js's Thread is a private-constructor singleton — getId is hardcoded, run() is empty and currentThread() is always the same instance, so `new Thread(r)` does not even compile there; Scala Native has real OS threads
21118d28173f	portability(all)	java.lang.Thread	thread	../../../../libgdx/gdx/src/com/badlogic/gdx/input/RemoteInput.java	230	MemberType — Scala.js's Thread is a private-constructor singleton — getId is hardcoded, run() is empty and currentThread() is always the same instance, so `new Thread(r)` does not even compile there; Scala Native has real OS threads
eacc4b88f1d5	portability(all)	java.lang.Thread	thread	../../../../libgdx/gdx/src/com/badlogic/gdx/net/NetJavaImpl.java	144	Instantiate — Scala.js's Thread is a private-constructor singleton — getId is hardcoded, run() is empty and currentThread() is always the same instance, so `new Thread(r)` does not even compile there; Scala Native has real OS threads
d525b7a1ab3e	portability(all)	java.lang.Thread	thread	../../../../libgdx/gdx/src/com/badlogic/gdx/net/NetJavaImpl.java	144	MemberType — Scala.js's Thread is a private-constructor singleton — getId is hardcoded, run() is empty and currentThread() is always the same instance, so `new Thread(r)` does not even compile there; Scala Native has real OS threads
76856b829220	portability(all)	java.lang.Thread	thread	../../../../libgdx/gdx/src/com/badlogic/gdx/utils/Timer.java	282	Instantiate — Scala.js's Thread is a private-constructor singleton — getId is hardcoded, run() is empty and currentThread() is always the same instance, so `new Thread(r)` does not even compile there; Scala Native has real OS threads
2647f2678f2b	portability(all)	java.lang.Thread	thread	../../../../libgdx/gdx/src/com/badlogic/gdx/utils/Timer.java	282	MemberType — Scala.js's Thread is a private-constructor singleton — getId is hardcoded, run() is empty and currentThread() is always the same instance, so `new Thread(r)` does not even compile there; Scala Native has real OS threads
c8dca36bd4b2	portability(all)	java.lang.Thread	thread	../../../../libgdx/gdx/src/com/badlogic/gdx/utils/async/AsyncExecutor.java	47	Instantiate — Scala.js's Thread is a private-constructor singleton — getId is hardcoded, run() is empty and currentThread() is always the same instance, so `new Thread(r)` does not even compile there; Scala Native has real OS threads
3d3b5ad79de6	portability(all)	java.lang.Thread	thread	../../../../libgdx/gdx/src/com/badlogic/gdx/utils/async/AsyncExecutor.java	47	MemberType — Scala.js's Thread is a private-constructor singleton — getId is hardcoded, run() is empty and currentThread() is always the same instance, so `new Thread(r)` does not even compile there; Scala Native has real OS threads
bebe0ec31d20	portability(all)	java.lang.reflect.Array	sge.utils.reflect.ArrayReflection#get	../../../../libgdx/gdx/src/com/badlogic/gdx/utils/reflect/ArrayReflection.java	35	TermRef — runtime reflection does not exist on Scala.js / Native
19bd51856dd8	portability(all)	java.lang.reflect.Array	sge.utils.reflect.ArrayReflection#getLength	../../../../libgdx/gdx/src/com/badlogic/gdx/utils/reflect/ArrayReflection.java	30	TermRef — runtime reflection does not exist on Scala.js / Native
2e2a7a4a5095	portability(all)	java.lang.reflect.Array	sge.utils.reflect.ArrayReflection#newInstance	../../../../libgdx/gdx/src/com/badlogic/gdx/utils/reflect/ArrayReflection.java	25	TermRef — runtime reflection does not exist on Scala.js / Native
be0dd788c364	portability(all)	java.lang.reflect.Array	sge.utils.reflect.ArrayReflection#set	../../../../libgdx/gdx/src/com/badlogic/gdx/utils/reflect/ArrayReflection.java	40	TermRef — runtime reflection does not exist on Scala.js / Native
b6f8e11792b2	portability(all)	java.lang.reflect.Constructor	constructors	../../../../libgdx/gdx/src/com/badlogic/gdx/utils/reflect/ClassReflection.java	110	Tycon — runtime reflection does not exist on Scala.js / Native
850c625d6df0	portability(all)	java.lang.reflect.Constructor	sge.utils.reflect.ClassReflection#getConstructor	../../../../libgdx/gdx/src/com/badlogic/gdx/utils/reflect/ClassReflection.java	122	Tycon — runtime reflection does not exist on Scala.js / Native
95edc22fcad3	portability(all)	java.lang.reflect.Constructor	sge.utils.reflect.ClassReflection#getConstructors	../../../../libgdx/gdx/src/com/badlogic/gdx/utils/reflect/ClassReflection.java	113	Tycon — runtime reflection does not exist on Scala.js / Native
81f47c26bf00	portability(all)	java.lang.reflect.Constructor	sge.utils.reflect.ClassReflection#getDeclaredConstructor	../../../../libgdx/gdx/src/com/badlogic/gdx/utils/reflect/ClassReflection.java	135	Tycon — runtime reflection does not exist on Scala.js / Native
f985cf8c8259	portability(all)	java.lang.reflect.Constructor	sge.utils.reflect.Constructor#<init>	../../../../libgdx/gdx/src/com/badlogic/gdx/utils/reflect/Constructor.java	28	Tycon — runtime reflection does not exist on Scala.js / Native
4ee9f027075d	portability(all)	java.lang.reflect.Constructor	sge.utils.reflect.Constructor#<init>#constructor	../../../../libgdx/gdx/src/com/badlogic/gdx/utils/reflect/Constructor.java	27	Tycon — runtime reflection does not exist on Scala.js / Native
145ad13b8b26	portability(all)	java.lang.reflect.Constructor	sge.utils.reflect.Constructor#constructor	../../../../libgdx/gdx/src/com/badlogic/gdx/utils/reflect/Constructor.java	25	Tycon — runtime reflection does not exist on Scala.js / Native
3202710059aa	portability(all)	java.lang.reflect.Field	fields	../../../../libgdx/gdx/src/com/badlogic/gdx/utils/reflect/ClassReflection.java	194	TypeArg — runtime reflection does not exist on Scala.js / Native
3202710059aa/2	portability(all)	java.lang.reflect.Field	fields	../../../../libgdx/gdx/src/com/badlogic/gdx/utils/reflect/ClassReflection.java	215	TypeArg — runtime reflection does not exist on Scala.js / Native
8a6d62147de0	portability(all)	java.lang.reflect.Field	sge.utils.reflect.Field#<init>#field	../../../../libgdx/gdx/src/com/badlogic/gdx/utils/reflect/Field.java	30	MemberType — runtime reflection does not exist on Scala.js / Native
82b2cb624b3e	portability(all)	java.lang.reflect.Field	sge.utils.reflect.Field#field	../../../../libgdx/gdx/src/com/badlogic/gdx/utils/reflect/Field.java	28	MemberType — runtime reflection does not exist on Scala.js / Native
ce00fb688d43	portability(all)	java.lang.reflect.GenericArrayType	componentType	../../../../libgdx/gdx/src/com/badlogic/gdx/utils/reflect/Field.java	115	TypeRefPos — runtime reflection does not exist on Scala.js / Native
71b98b6f8071	portability(all)	java.lang.reflect.GenericArrayType	sge.utils.reflect.Field#getElementType	../../../../libgdx/gdx/src/com/badlogic/gdx/utils/reflect/Field.java	114	TypeRefPos — runtime reflection does not exist on Scala.js / Native
33321c18e489	portability(all)	java.lang.reflect.InvocationTargetException	e	../../../../libgdx/gdx/src/com/badlogic/gdx/utils/reflect/Constructor.java	61	MemberType — runtime reflection does not exist on Scala.js / Native
7a362f0cf39f	portability(all)	java.lang.reflect.InvocationTargetException	e	../../../../libgdx/gdx/src/com/badlogic/gdx/utils/reflect/Method.java	113	MemberType — runtime reflection does not exist on Scala.js / Native
2c59dc7cd6a7	portability(all)	java.lang.reflect.Method	methods	../../../../libgdx/gdx/src/com/badlogic/gdx/utils/reflect/ClassReflection.java	150	TypeArg — runtime reflection does not exist on Scala.js / Native
2c59dc7cd6a7/2	portability(all)	java.lang.reflect.Method	methods	../../../../libgdx/gdx/src/com/badlogic/gdx/utils/reflect/ClassReflection.java	172	TypeArg — runtime reflection does not exist on Scala.js / Native
18d169bf8925	portability(all)	java.lang.reflect.Method	sge.utils.reflect.Method#<init>#method	../../../../libgdx/gdx/src/com/badlogic/gdx/utils/reflect/Method.java	28	MemberType — runtime reflection does not exist on Scala.js / Native
c7e6c7e309dc	portability(all)	java.lang.reflect.Method	sge.utils.reflect.Method#method	../../../../libgdx/gdx/src/com/badlogic/gdx/utils/reflect/Method.java	26	MemberType — runtime reflection does not exist on Scala.js / Native
fbef5268be36	portability(all)	java.lang.reflect.Modifier	sge.utils.reflect.ClassReflection#isAbstract	../../../../libgdx/gdx/src/com/badlogic/gdx/utils/reflect/ClassReflection.java	87	TermRef — runtime reflection does not exist on Scala.js / Native
386570011685	portability(all)	java.lang.reflect.Modifier	sge.utils.reflect.ClassReflection#isStaticClass	../../../../libgdx/gdx/src/com/badlogic/gdx/utils/reflect/ClassReflection.java	57	TermRef — runtime reflection does not exist on Scala.js / Native
b4a72f0de38e	portability(all)	java.lang.reflect.Modifier	sge.utils.reflect.Field#final	../../../../libgdx/gdx/src/com/badlogic/gdx/utils/reflect/Field.java	64	TermRef — runtime reflection does not exist on Scala.js / Native
166bb4aee8ef	portability(all)	java.lang.reflect.Modifier	sge.utils.reflect.Field#private	../../../../libgdx/gdx/src/com/badlogic/gdx/utils/reflect/Field.java	69	TermRef — runtime reflection does not exist on Scala.js / Native
b29a7bb8860f	portability(all)	java.lang.reflect.Modifier	sge.utils.reflect.Field#protected	../../../../libgdx/gdx/src/com/badlogic/gdx/utils/reflect/Field.java	74	TermRef — runtime reflection does not exist on Scala.js / Native
c29213019d6a	portability(all)	java.lang.reflect.Modifier	sge.utils.reflect.Field#public	../../../../libgdx/gdx/src/com/badlogic/gdx/utils/reflect/Field.java	79	TermRef — runtime reflection does not exist on Scala.js / Native
42cf42f0a916	portability(all)	java.lang.reflect.Modifier	sge.utils.reflect.Field#static	../../../../libgdx/gdx/src/com/badlogic/gdx/utils/reflect/Field.java	84	TermRef — runtime reflection does not exist on Scala.js / Native
996025283fa8	portability(all)	java.lang.reflect.Modifier	sge.utils.reflect.Field#transient	../../../../libgdx/gdx/src/com/badlogic/gdx/utils/reflect/Field.java	89	TermRef — runtime reflection does not exist on Scala.js / Native
3f40a796e319	portability(all)	java.lang.reflect.Modifier	sge.utils.reflect.Field#volatile	../../../../libgdx/gdx/src/com/badlogic/gdx/utils/reflect/Field.java	94	TermRef — runtime reflection does not exist on Scala.js / Native
7a1491f07635	portability(all)	java.lang.reflect.Modifier	sge.utils.reflect.Method#abstract	../../../../libgdx/gdx/src/com/badlogic/gdx/utils/reflect/Method.java	62	TermRef — runtime reflection does not exist on Scala.js / Native
c28f1735c21d	portability(all)	java.lang.reflect.Modifier	sge.utils.reflect.Method#final	../../../../libgdx/gdx/src/com/badlogic/gdx/utils/reflect/Method.java	72	TermRef — runtime reflection does not exist on Scala.js / Native
aa924d829ef7	portability(all)	java.lang.reflect.Modifier	sge.utils.reflect.Method#native	../../../../libgdx/gdx/src/com/badlogic/gdx/utils/reflect/Method.java	92	TermRef — runtime reflection does not exist on Scala.js / Native
164e6944fc24	portability(all)	java.lang.reflect.Modifier	sge.utils.reflect.Method#private	../../../../libgdx/gdx/src/com/badlogic/gdx/utils/reflect/Method.java	77	TermRef — runtime reflection does not exist on Scala.js / Native
818517894ea4	portability(all)	java.lang.reflect.Modifier	sge.utils.reflect.Method#protected	../../../../libgdx/gdx/src/com/badlogic/gdx/utils/reflect/Method.java	82	TermRef — runtime reflection does not exist on Scala.js / Native
ca3d704b619b	portability(all)	java.lang.reflect.Modifier	sge.utils.reflect.Method#public	../../../../libgdx/gdx/src/com/badlogic/gdx/utils/reflect/Method.java	87	TermRef — runtime reflection does not exist on Scala.js / Native
78cc184eed6c	portability(all)	java.lang.reflect.Modifier	sge.utils.reflect.Method#static	../../../../libgdx/gdx/src/com/badlogic/gdx/utils/reflect/Method.java	97	TermRef — runtime reflection does not exist on Scala.js / Native
53485c4e0ada	portability(all)	java.lang.reflect.ParameterizedType	actualTypes	../../../../libgdx/gdx/src/com/badlogic/gdx/utils/reflect/Field.java	107	TypeRefPos — runtime reflection does not exist on Scala.js / Native
fcdd6555fc16	portability(all)	java.lang.reflect.ParameterizedType	sge.utils.reflect.Field#getElementType	../../../../libgdx/gdx/src/com/badlogic/gdx/utils/reflect/Field.java	106	TypeRefPos — runtime reflection does not exist on Scala.js / Native
fcdd6555fc16/2	portability(all)	java.lang.reflect.ParameterizedType	sge.utils.reflect.Field#getElementType	../../../../libgdx/gdx/src/com/badlogic/gdx/utils/reflect/Field.java	112	TypeRefPos — runtime reflection does not exist on Scala.js / Native
fcdd6555fc16/3	portability(all)	java.lang.reflect.ParameterizedType	sge.utils.reflect.Field#getElementType	../../../../libgdx/gdx/src/com/badlogic/gdx/utils/reflect/Field.java	113	TypeRefPos — runtime reflection does not exist on Scala.js / Native
e886ac0f99de	portability(all)	java.lang.reflect.Type	actualType	../../../../libgdx/gdx/src/com/badlogic/gdx/utils/reflect/Field.java	109	MemberType — runtime reflection does not exist on Scala.js / Native
b22044b71b9e	portability(all)	java.lang.reflect.Type	actualTypes	../../../../libgdx/gdx/src/com/badlogic/gdx/utils/reflect/Field.java	107	TypeArg — runtime reflection does not exist on Scala.js / Native
11a45ab7bc7d	portability(all)	java.lang.reflect.Type	componentType	../../../../libgdx/gdx/src/com/badlogic/gdx/utils/reflect/Field.java	115	MemberType — runtime reflection does not exist on Scala.js / Native
38f97400ed18	portability(all)	java.lang.reflect.Type	genericType	../../../../libgdx/gdx/src/com/badlogic/gdx/utils/reflect/Field.java	105	MemberType — runtime reflection does not exist on Scala.js / Native
fa10bf99920c	portability(all)	java.net.HttpURLConnection	connection	../../../../libgdx/gdx/src/com/badlogic/gdx/net/NetJavaImpl.java	179	MemberType — networking is JVM-only on Scala.js — a browser has no raw sockets, and fetch/XHR is the JS-native equivalent; Scala Native implements the family, IPv6 included
10045e93050c	portability(all)	java.net.HttpURLConnection	connection	../../../../libgdx/gdx/src/com/badlogic/gdx/net/NetJavaImpl.java	179	TypeRefPos — networking is JVM-only on Scala.js — a browser has no raw sockets, and fetch/XHR is the JS-native equivalent; Scala Native implements the family, IPv6 included
bbad2a7f46b5	portability(all)	java.net.HttpURLConnection	sge.net.NetJavaImpl#<init>	../../../../libgdx/gdx/src/com/badlogic/gdx/net/NetJavaImpl.java	150	TypeArg — networking is JVM-only on Scala.js — a browser has no raw sockets, and fetch/XHR is the JS-native equivalent; Scala Native implements the family, IPv6 included
7b559e565e1d	portability(all)	java.net.HttpURLConnection	sge.net.NetJavaImpl#connections	../../../../libgdx/gdx/src/com/badlogic/gdx/net/NetJavaImpl.java	128	TypeArg — networking is JVM-only on Scala.js — a browser has no raw sockets, and fetch/XHR is the JS-native equivalent; Scala Native implements the family, IPv6 included
6b85465ac3ab	portability(all)	java.net.HttpURLConnection	sge.net.NetJavaImpl#putIntoConnectionsAndListeners#connection	../../../../libgdx/gdx/src/com/badlogic/gdx/net/NetJavaImpl.java	285	MemberType — networking is JVM-only on Scala.js — a browser has no raw sockets, and fetch/XHR is the JS-native equivalent; Scala Native implements the family, IPv6 included
b600cc4c4d55	portability(all)	java.net.HttpURLConnection	sge.net.NetJavaImpl#sendHttpRequest	../../../../libgdx/gdx/src/com/badlogic/gdx/net/NetJavaImpl.java	183	TermRef — networking is JVM-only on Scala.js — a browser has no raw sockets, and fetch/XHR is the JS-native equivalent; Scala Native implements the family, IPv6 included
d83bdd610334	portability(all)	java.net.HttpURLConnection	sge.net.NetJavaImpl$HttpClientResponse#<init>#connection	../../../../libgdx/gdx/src/com/badlogic/gdx/net/NetJavaImpl.java	53	MemberType — networking is JVM-only on Scala.js — a browser has no raw sockets, and fetch/XHR is the JS-native equivalent; Scala Native implements the family, IPv6 included
496e70cc4257	portability(all)	java.net.HttpURLConnection	sge.net.NetJavaImpl$HttpClientResponse#connection	../../../../libgdx/gdx/src/com/badlogic/gdx/net/NetJavaImpl.java	50	MemberType — networking is JVM-only on Scala.js — a browser has no raw sockets, and fetch/XHR is the JS-native equivalent; Scala Native implements the family, IPv6 included
a9271009aa5c	portability(all)	java.net.InetAddress	allByName	../../../../libgdx/gdx/src/com/badlogic/gdx/input/RemoteInput.java	233	TermRef — networking is JVM-only on Scala.js — a browser has no raw sockets, and fetch/XHR is the JS-native equivalent; Scala Native implements the family, IPv6 included
a9271009aa5c/2	portability(all)	java.net.InetAddress	allByName	../../../../libgdx/gdx/src/com/badlogic/gdx/input/RemoteInput.java	233	TermRef — networking is JVM-only on Scala.js — a browser has no raw sockets, and fetch/XHR is the JS-native equivalent; Scala Native implements the family, IPv6 included
d2d8f7caac4c	portability(all)	java.net.InetAddress	allByName	../../../../libgdx/gdx/src/com/badlogic/gdx/input/RemoteInput.java	233	TypeArg — networking is JVM-only on Scala.js — a browser has no raw sockets, and fetch/XHR is the JS-native equivalent; Scala Native implements the family, IPv6 included
f88fa8e964dc	portability(all)	java.net.InetSocketAddress	address	../../../../libgdx/gdx/src/com/badlogic/gdx/net/NetJavaServerSocketImpl.java	54	MemberType — networking is JVM-only on Scala.js — a browser has no raw sockets, and fetch/XHR is the JS-native equivalent; Scala Native implements the family, IPv6 included
a20a80d659ff	portability(all)	java.net.InetSocketAddress	address	../../../../libgdx/gdx/src/com/badlogic/gdx/net/NetJavaSocketImpl.java	41	Instantiate — networking is JVM-only on Scala.js — a browser has no raw sockets, and fetch/XHR is the JS-native equivalent; Scala Native implements the family, IPv6 included
cd14577c340f	portability(all)	java.net.InetSocketAddress	address	../../../../libgdx/gdx/src/com/badlogic/gdx/net/NetJavaSocketImpl.java	41	MemberType — networking is JVM-only on Scala.js — a browser has no raw sockets, and fetch/XHR is the JS-native equivalent; Scala Native implements the family, IPv6 included
3f31174c76fe	portability(all)	java.net.InetSocketAddress	sge.net.NetJavaServerSocketImpl#<init>	../../../../libgdx/gdx/src/com/badlogic/gdx/net/NetJavaServerSocketImpl.java	56	Instantiate — networking is JVM-only on Scala.js — a browser has no raw sockets, and fetch/XHR is the JS-native equivalent; Scala Native implements the family, IPv6 included
3f31174c76fe/2	portability(all)	java.net.InetSocketAddress	sge.net.NetJavaServerSocketImpl#<init>	../../../../libgdx/gdx/src/com/badlogic/gdx/net/NetJavaServerSocketImpl.java	58	Instantiate — networking is JVM-only on Scala.js — a browser has no raw sockets, and fetch/XHR is the JS-native equivalent; Scala Native implements the family, IPv6 included
9e777e5c09c3	portability(all)	java.net.ServerSocket	sge.input.RemoteInput#<init>	../../../../libgdx/gdx/src/com/badlogic/gdx/input/RemoteInput.java	229	Instantiate — networking is JVM-only on Scala.js — a browser has no raw sockets, and fetch/XHR is the JS-native equivalent; Scala Native implements the family, IPv6 included
4e4f8613af39	portability(all)	java.net.ServerSocket	sge.input.RemoteInput#serverSocket	../../../../libgdx/gdx/src/com/badlogic/gdx/input/RemoteInput.java	190	MemberType — networking is JVM-only on Scala.js — a browser has no raw sockets, and fetch/XHR is the JS-native equivalent; Scala Native implements the family, IPv6 included
512ad11cdabb	portability(all)	java.net.ServerSocket	sge.net.NetJavaServerSocketImpl#<init>	../../../../libgdx/gdx/src/com/badlogic/gdx/net/NetJavaServerSocketImpl.java	44	Instantiate — networking is JVM-only on Scala.js — a browser has no raw sockets, and fetch/XHR is the JS-native equivalent; Scala Native implements the family, IPv6 included
edaad6e495d0	portability(all)	java.net.ServerSocket	sge.net.NetJavaServerSocketImpl#server	../../../../libgdx/gdx/src/com/badlogic/gdx/net/NetJavaServerSocketImpl.java	32	MemberType — networking is JVM-only on Scala.js — a browser has no raw sockets, and fetch/XHR is the JS-native equivalent; Scala Native implements the family, IPv6 included
1560286fb69b	portability(all)	java.net.Socket	sge.net.NetJavaSocketImpl#<init>	../../../../libgdx/gdx/src/com/badlogic/gdx/net/NetJavaSocketImpl.java	37	Instantiate — networking is JVM-only on Scala.js — a browser has no raw sockets, and fetch/XHR is the JS-native equivalent; Scala Native implements the family, IPv6 included
4d59900dbe2a	portability(all)	java.net.Socket	sge.net.NetJavaSocketImpl#<init>#socket	../../../../libgdx/gdx/src/com/badlogic/gdx/net/NetJavaSocketImpl.java	52	MemberType — networking is JVM-only on Scala.js — a browser has no raw sockets, and fetch/XHR is the JS-native equivalent; Scala Native implements the family, IPv6 included
9d64683f6cd1	portability(all)	java.net.Socket	sge.net.NetJavaSocketImpl#socket	../../../../libgdx/gdx/src/com/badlogic/gdx/net/NetJavaSocketImpl.java	32	MemberType — networking is JVM-only on Scala.js — a browser has no raw sockets, and fetch/XHR is the JS-native equivalent; Scala Native implements the family, IPv6 included
0a5380259bf5	portability(all)	java.net.Socket	socket	../../../../libgdx/gdx/src/com/badlogic/gdx/input/RemoteInput.java	251	MemberType — networking is JVM-only on Scala.js — a browser has no raw sockets, and fetch/XHR is the JS-native equivalent; Scala Native implements the family, IPv6 included
9d5143d7fd27	portability(all)	java.net.Socket	socket	../../../../libgdx/gdx/src/com/badlogic/gdx/input/RemoteSender.java	49	Instantiate — networking is JVM-only on Scala.js — a browser has no raw sockets, and fetch/XHR is the JS-native equivalent; Scala Native implements the family, IPv6 included
4eb19bcf3e60	portability(all)	java.net.Socket	socket	../../../../libgdx/gdx/src/com/badlogic/gdx/input/RemoteSender.java	49	MemberType — networking is JVM-only on Scala.js — a browser has no raw sockets, and fetch/XHR is the JS-native equivalent; Scala Native implements the family, IPv6 included
3d36905b06d7	portability(all)	java.net.URL	sge.net.NetJavaImpl#sendHttpRequest	../../../../libgdx/gdx/src/com/badlogic/gdx/net/NetJavaImpl.java	174	Instantiate — networking is JVM-only on Scala.js — a browser has no raw sockets, and fetch/XHR is the JS-native equivalent; Scala Native implements the family, IPv6 included
3d36905b06d7/2	portability(all)	java.net.URL	sge.net.NetJavaImpl#sendHttpRequest	../../../../libgdx/gdx/src/com/badlogic/gdx/net/NetJavaImpl.java	176	Instantiate — networking is JVM-only on Scala.js — a browser has no raw sockets, and fetch/XHR is the JS-native equivalent; Scala Native implements the family, IPv6 included
185706ba0fc6	portability(all)	java.net.URL	url	../../../../libgdx/gdx/src/com/badlogic/gdx/net/NetJavaImpl.java	163	MemberType — networking is JVM-only on Scala.js — a browser has no raw sockets, and fetch/XHR is the JS-native equivalent; Scala Native implements the family, IPv6 included
e90a2f39ff67	portability(all)	java.net.URLEncoder	sge.net.HttpParametersUtils#encode	../../../../libgdx/gdx/src/com/badlogic/gdx/net/HttpParametersUtils.java	54	TermRef — networking is JVM-only on Scala.js — a browser has no raw sockets, and fetch/XHR is the JS-native equivalent; Scala Native implements the family, IPv6 included
411c9bd83c1f	portability(all)	java.nio.channels.FileChannel	fileChannel	../../../../libgdx/gdx/src/com/badlogic/gdx/files/FileHandle.java	281	MemberType — the java.nio.channels package does not exist in the Scala.js javalib; Scala Native has real FileChannel/FileLock (its SOCKET channels are a separate rule)
76f12a4ab20c	portability(all)	java.nio.channels.FileChannel$MapMode	sge.files.FileHandle#map	../../../../libgdx/gdx/src/com/badlogic/gdx/files/FileHandle.java	269	TermRef — the java.nio.channels package does not exist in the Scala.js javalib; Scala Native has real FileChannel/FileLock (its SOCKET channels are a separate rule)
76f12a4ab20c/2	portability(all)	java.nio.channels.FileChannel$MapMode	sge.files.FileHandle#map	../../../../libgdx/gdx/src/com/badlogic/gdx/files/FileHandle.java	280	TermRef — the java.nio.channels package does not exist in the Scala.js javalib; Scala Native has real FileChannel/FileLock (its SOCKET channels are a separate rule)
195169227927	portability(all)	java.nio.channels.FileChannel$MapMode	sge.files.FileHandle#map#mode	../../../../libgdx/gdx/src/com/badlogic/gdx/files/FileHandle.java	275	MemberType — the java.nio.channels package does not exist in the Scala.js javalib; Scala Native has real FileChannel/FileLock (its SOCKET channels are a separate rule)
a12f294af259	portability(all)	java.text.MessageFormat	sge.utils.TextFormatter#<init>	../../../../libgdx/gdx/src/com/badlogic/gdx/utils/TextFormatter.java	32	Instantiate — no implementation anywhere surveyed — not in either core javalib, not in the locales artifact. The only path is a hand-written shim over the format subset one library actually uses, which is §1(c) knowledge about that library
f971abdb6eb0	portability(all)	java.text.MessageFormat	sge.utils.TextFormatter#messageFormat	../../../../libgdx/gdx/src/com/badlogic/gdx/utils/TextFormatter.java	27	MemberType — no implementation anywhere surveyed — not in either core javalib, not in the locales artifact. The only path is a hand-written shim over the format subset one library actually uses, which is §1(c) knowledge about that library
5067b974fc75	portability(all)	java.util.concurrent.Callable	sge.utils.async.AsyncExecutor#submit	../../../../libgdx/gdx/src/com/badlogic/gdx/utils/async/AsyncExecutor.java	61	Tycon — Scala.js is single-threaded and ships no ExecutorService family — the reference port's answer is one concurrency trait with a per-backend implementation; Scala Native has the JSR-166 ports for real
5c920d76fdcc	portability(all)	java.util.concurrent.ExecutionException	ex	../../../../libgdx/gdx/src/com/badlogic/gdx/utils/async/AsyncResult.java	45	MemberType — Scala.js is single-threaded and ships no ExecutorService family — the reference port's answer is one concurrency trait with a per-backend implementation; Scala Native has the JSR-166 ports for real
06d1b9b55fd3	portability(all)	java.util.concurrent.ExecutorService	sge.utils.async.AsyncExecutor#executor	../../../../libgdx/gdx/src/com/badlogic/gdx/utils/async/AsyncExecutor.java	33	MemberType — Scala.js is single-threaded and ships no ExecutorService family — the reference port's answer is one concurrency trait with a per-backend implementation; Scala Native has the JSR-166 ports for real
9ab0de008756	portability(all)	java.util.concurrent.Executors	sge.utils.async.AsyncExecutor#<init>	../../../../libgdx/gdx/src/com/badlogic/gdx/utils/async/AsyncExecutor.java	44	TermRef — Scala.js is single-threaded and ships no ExecutorService family — the reference port's answer is one concurrency trait with a per-backend implementation; Scala Native has the JSR-166 ports for real
fde1a19374e2	portability(all)	java.util.concurrent.Future	sge.net.NetJavaImpl#<init>	../../../../libgdx/gdx/src/com/badlogic/gdx/net/NetJavaImpl.java	152	Tycon — Scala.js is single-threaded and ships no ExecutorService family — the reference port's answer is one concurrency trait with a per-backend implementation; Scala Native has the JSR-166 ports for real
08d9795cf7fc	portability(all)	java.util.concurrent.Future	sge.net.NetJavaImpl#tasks	../../../../libgdx/gdx/src/com/badlogic/gdx/net/NetJavaImpl.java	130	Tycon — Scala.js is single-threaded and ships no ExecutorService family — the reference port's answer is one concurrency trait with a per-backend implementation; Scala Native has the JSR-166 ports for real
5187a4bb8a95	portability(all)	java.util.concurrent.Future	sge.utils.async.AsyncResult#<init>#future	../../../../libgdx/gdx/src/com/badlogic/gdx/utils/async/AsyncResult.java	29	Tycon — Scala.js is single-threaded and ships no ExecutorService family — the reference port's answer is one concurrency trait with a per-backend implementation; Scala Native has the JSR-166 ports for real
59d5521accec	portability(all)	java.util.concurrent.Future	sge.utils.async.AsyncResult#future	../../../../libgdx/gdx/src/com/badlogic/gdx/utils/async/AsyncResult.java	27	Tycon — Scala.js is single-threaded and ships no ExecutorService family — the reference port's answer is one concurrency trait with a per-backend implementation; Scala Native has the JSR-166 ports for real
bc3e921d6377	portability(all)	java.util.concurrent.Future	task	../../../../libgdx/gdx/src/com/badlogic/gdx/net/NetJavaImpl.java	271	Tycon — Scala.js is single-threaded and ships no ExecutorService family — the reference port's answer is one concurrency trait with a per-backend implementation; Scala Native has the JSR-166 ports for real
5e58c3808ec1	portability(all)	java.util.concurrent.LinkedBlockingQueue	sge.net.NetJavaImpl#<init>	../../../../libgdx/gdx/src/com/badlogic/gdx/net/NetJavaImpl.java	139	Tycon — Scala.js is single-threaded and ships no ExecutorService family — the reference port's answer is one concurrency trait with a per-backend implementation; Scala Native has the JSR-166 ports for real
1d7536af4782	portability(all)	java.util.concurrent.SynchronousQueue	sge.net.NetJavaImpl#<init>	../../../../libgdx/gdx/src/com/badlogic/gdx/net/NetJavaImpl.java	139	Tycon — Scala.js is single-threaded and ships no ExecutorService family — the reference port's answer is one concurrency trait with a per-backend implementation; Scala Native has the JSR-166 ports for real
22b42dc493ae	portability(all)	java.util.concurrent.ThreadFactory	sge.net.NetJavaImpl#<init>	../../../../libgdx/gdx/src/com/badlogic/gdx/net/NetJavaImpl.java	139	Instantiate — Scala.js is single-threaded and ships no ExecutorService family — the reference port's answer is one concurrency trait with a per-backend implementation; Scala Native has the JSR-166 ports for real
65530e534fe7	portability(all)	java.util.concurrent.ThreadFactory	sge.utils.async.AsyncExecutor#<init>	../../../../libgdx/gdx/src/com/badlogic/gdx/utils/async/AsyncExecutor.java	44	TypeRefPos — Scala.js is single-threaded and ships no ExecutorService family — the reference port's answer is one concurrency trait with a per-backend implementation; Scala Native has the JSR-166 ports for real
9a2f61d214ea	portability(all)	java.util.concurrent.ThreadPoolExecutor	sge.net.NetJavaImpl#<init>	../../../../libgdx/gdx/src/com/badlogic/gdx/net/NetJavaImpl.java	138	Instantiate — Scala.js is single-threaded and ships no ExecutorService family — the reference port's answer is one concurrency trait with a per-backend implementation; Scala Native has the JSR-166 ports for real
c3ffc3f2d0b5	portability(all)	java.util.concurrent.ThreadPoolExecutor	sge.net.NetJavaImpl#executorService	../../../../libgdx/gdx/src/com/badlogic/gdx/net/NetJavaImpl.java	127	MemberType — Scala.js is single-threaded and ships no ExecutorService family — the reference port's answer is one concurrency trait with a per-backend implementation; Scala Native has the JSR-166 ports for real
5f0cd91f874e	portability(all)	java.util.concurrent.TimeUnit	sge.net.NetJavaImpl#<init>	../../../../libgdx/gdx/src/com/badlogic/gdx/net/NetJavaImpl.java	138	TermRef — Scala.js is single-threaded and ships no ExecutorService family — the reference port's answer is one concurrency trait with a per-backend implementation; Scala Native has the JSR-166 ports for real
1ba362d59984	portability(all)	java.util.concurrent.TimeUnit	sge.utils.async.AsyncExecutor#close	../../../../libgdx/gdx/src/com/badlogic/gdx/utils/async/AsyncExecutor.java	75	TermRef — Scala.js is single-threaded and ships no ExecutorService family — the reference port's answer is one concurrency trait with a per-backend implementation; Scala Native has the JSR-166 ports for real
3ea646d0e3a8	portability(all)	java.util.concurrent.atomic.AtomicInteger	sge.net.NetJavaImpl$90#threadID	../../../../libgdx/gdx/src/com/badlogic/gdx/net/NetJavaImpl.java	140	Instantiate — Scala.js is single-threaded and ships no ExecutorService family — the reference port's answer is one concurrency trait with a per-backend implementation; Scala Native has the JSR-166 ports for real
d56f9a938c98	portability(all)	java.util.concurrent.atomic.AtomicInteger	sge.net.NetJavaImpl$90#threadID	../../../../libgdx/gdx/src/com/badlogic/gdx/net/NetJavaImpl.java	140	MemberType — Scala.js is single-threaded and ships no ExecutorService family — the reference port's answer is one concurrency trait with a per-backend implementation; Scala Native has the JSR-166 ports for real
43db6f3bf541	portability(all)	java.util.concurrent.atomic.AtomicInteger	sge.utils.AtomicQueue#readIndex	../../../../libgdx/gdx/src/com/badlogic/gdx/utils/AtomicQueue.java	33	Instantiate — Scala.js is single-threaded and ships no ExecutorService family — the reference port's answer is one concurrency trait with a per-backend implementation; Scala Native has the JSR-166 ports for real
9b97a9f91091	portability(all)	java.util.concurrent.atomic.AtomicInteger	sge.utils.AtomicQueue#readIndex	../../../../libgdx/gdx/src/com/badlogic/gdx/utils/AtomicQueue.java	33	MemberType — Scala.js is single-threaded and ships no ExecutorService family — the reference port's answer is one concurrency trait with a per-backend implementation; Scala Native has the JSR-166 ports for real
a3bce3a9dfaf	portability(all)	java.util.concurrent.atomic.AtomicInteger	sge.utils.AtomicQueue#writeIndex	../../../../libgdx/gdx/src/com/badlogic/gdx/utils/AtomicQueue.java	32	Instantiate — Scala.js is single-threaded and ships no ExecutorService family — the reference port's answer is one concurrency trait with a per-backend implementation; Scala Native has the JSR-166 ports for real
0102e821c128	portability(all)	java.util.concurrent.atomic.AtomicInteger	sge.utils.AtomicQueue#writeIndex	../../../../libgdx/gdx/src/com/badlogic/gdx/utils/AtomicQueue.java	32	MemberType — Scala.js is single-threaded and ships no ExecutorService family — the reference port's answer is one concurrency trait with a per-backend implementation; Scala Native has the JSR-166 ports for real
74986529baf0	portability(all)	java.util.concurrent.atomic.AtomicReferenceArray	sge.utils.AtomicQueue#<init>	../../../../libgdx/gdx/src/com/badlogic/gdx/utils/AtomicQueue.java	37	Tycon — Scala.js is single-threaded and ships no ExecutorService family — the reference port's answer is one concurrency trait with a per-backend implementation; Scala Native has the JSR-166 ports for real
74986529baf0/2	portability(all)	java.util.concurrent.atomic.AtomicReferenceArray	sge.utils.AtomicQueue#<init>	../../../../libgdx/gdx/src/com/badlogic/gdx/utils/AtomicQueue.java	37	Tycon — Scala.js is single-threaded and ships no ExecutorService family — the reference port's answer is one concurrency trait with a per-backend implementation; Scala Native has the JSR-166 ports for real
554eb1f8cf42	portability(all)	java.util.concurrent.atomic.AtomicReferenceArray	sge.utils.AtomicQueue#queue	../../../../libgdx/gdx/src/com/badlogic/gdx/utils/AtomicQueue.java	34	Tycon — Scala.js is single-threaded and ships no ExecutorService family — the reference port's answer is one concurrency trait with a per-backend implementation; Scala Native has the JSR-166 ports for real
3cfa039cb857	portability(all)	java.util.zip.CRC32	crc	com/github/tommyettinger/anim8/PNG8.java	8330	Instantiate — no zlib in a browser without a JS dependency; Scala Native implements the family and recently bug-fixed it for UTF-8
f22b301596cd	portability(all)	java.util.zip.CRC32	crc	com/github/tommyettinger/anim8/PNG8.java	8330	MemberType — no zlib in a browser without a JS dependency; Scala Native implements the family and recently bug-fixed it for UTF-8
5f51da6a147c	portability(all)	java.util.zip.CRC32	sge.anim8.ChunkBuffer#<init>	com/github/tommyettinger/anim8/ChunkBuffer.java	35	Instantiate — no zlib in a browser without a JS dependency; Scala Native implements the family and recently bug-fixed it for UTF-8
abfb5504321a	portability(all)	java.util.zip.CRC32	sge.anim8.ChunkBuffer#<init>#crc	com/github/tommyettinger/anim8/ChunkBuffer.java	38	MemberType — no zlib in a browser without a JS dependency; Scala Native implements the family and recently bug-fixed it for UTF-8
3377642ad705	portability(all)	java.util.zip.CRC32	sge.anim8.ChunkBuffer#crc	com/github/tommyettinger/anim8/ChunkBuffer.java	32	MemberType — no zlib in a browser without a JS dependency; Scala Native implements the family and recently bug-fixed it for UTF-8
bf285c63241f	portability(all)	java.util.zip.CRC32	sge.graphics.PixmapIO$PNG$ChunkBuffer#<init>	../../../../libgdx/gdx/src/com/badlogic/gdx/graphics/PixmapIO.java	330	Instantiate — no zlib in a browser without a JS dependency; Scala Native implements the family and recently bug-fixed it for UTF-8
d25e6d73fc5f	portability(all)	java.util.zip.CRC32	sge.graphics.PixmapIO$PNG$ChunkBuffer#<init>#crc	../../../../libgdx/gdx/src/com/badlogic/gdx/graphics/PixmapIO.java	333	MemberType — no zlib in a browser without a JS dependency; Scala Native implements the family and recently bug-fixed it for UTF-8
959784b11759	portability(all)	java.util.zip.CRC32	sge.graphics.PixmapIO$PNG$ChunkBuffer#crc	../../../../libgdx/gdx/src/com/badlogic/gdx/graphics/PixmapIO.java	327	MemberType — no zlib in a browser without a JS dependency; Scala Native implements the family and recently bug-fixed it for UTF-8
3490b19e3e5b	portability(all)	java.util.zip.CheckedOutputStream	sge.anim8.ChunkBuffer#<init>	com/github/tommyettinger/anim8/ChunkBuffer.java	39	Instantiate — no zlib in a browser without a JS dependency; Scala Native implements the family and recently bug-fixed it for UTF-8
8b45d502d363	portability(all)	java.util.zip.CheckedOutputStream	sge.graphics.PixmapIO$PNG$ChunkBuffer#<init>	../../../../libgdx/gdx/src/com/badlogic/gdx/graphics/PixmapIO.java	334	Instantiate — no zlib in a browser without a JS dependency; Scala Native implements the family and recently bug-fixed it for UTF-8
3acbc304745f	portability(all)	java.util.zip.Deflater	sge.anim8.AnimatedPNG#<init>	com/github/tommyettinger/anim8/AnimatedPNG.java	111	Instantiate — no zlib in a browser without a JS dependency; Scala Native implements the family and recently bug-fixed it for UTF-8
128df5c8ade0	portability(all)	java.util.zip.Deflater	sge.anim8.AnimatedPNG#deflater	com/github/tommyettinger/anim8/AnimatedPNG.java	92	MemberType — no zlib in a browser without a JS dependency; Scala Native implements the family and recently bug-fixed it for UTF-8
aa2f9bd1215b	portability(all)	java.util.zip.Deflater	sge.anim8.FastPNG#<init>	com/github/tommyettinger/anim8/FastPNG.java	114	Instantiate — no zlib in a browser without a JS dependency; Scala Native implements the family and recently bug-fixed it for UTF-8
2ba03f8fc12d	portability(all)	java.util.zip.Deflater	sge.anim8.FastPNG#deflater	com/github/tommyettinger/anim8/FastPNG.java	95	MemberType — no zlib in a browser without a JS dependency; Scala Native implements the family and recently bug-fixed it for UTF-8
93b632e252d1	portability(all)	java.util.zip.Deflater	sge.anim8.PNG8#<init>	com/github/tommyettinger/anim8/PNG8.java	183	Instantiate — no zlib in a browser without a JS dependency; Scala Native implements the family and recently bug-fixed it for UTF-8
5754531fb01c	portability(all)	java.util.zip.Deflater	sge.anim8.PNG8#deflater	com/github/tommyettinger/anim8/PNG8.java	116	MemberType — no zlib in a browser without a JS dependency; Scala Native implements the family and recently bug-fixed it for UTF-8
b097cd1cf1a1	portability(all)	java.util.zip.Deflater	sge.graphics.PixmapIO#writePNG	../../../../libgdx/gdx/src/com/badlogic/gdx/graphics/PixmapIO.java	80	TermRef — no zlib in a browser without a JS dependency; Scala Native implements the family and recently bug-fixed it for UTF-8
ab0fa37fb10e	portability(all)	java.util.zip.Deflater	sge.graphics.PixmapIO$PNG#<init>	../../../../libgdx/gdx/src/com/badlogic/gdx/graphics/PixmapIO.java	205	Instantiate — no zlib in a browser without a JS dependency; Scala Native implements the family and recently bug-fixed it for UTF-8
ab1eca23b638	portability(all)	java.util.zip.Deflater	sge.graphics.PixmapIO$PNG#deflater	../../../../libgdx/gdx/src/com/badlogic/gdx/graphics/PixmapIO.java	194	MemberType — no zlib in a browser without a JS dependency; Scala Native implements the family and recently bug-fixed it for UTF-8
0c54fc9624ce	portability(all)	java.util.zip.DeflaterOutputStream	deflaterOutput	../../../../libgdx/gdx/src/com/badlogic/gdx/graphics/PixmapIO.java	229	Instantiate — no zlib in a browser without a JS dependency; Scala Native implements the family and recently bug-fixed it for UTF-8
10d952b08a45	portability(all)	java.util.zip.DeflaterOutputStream	deflaterOutput	../../../../libgdx/gdx/src/com/badlogic/gdx/graphics/PixmapIO.java	229	MemberType — no zlib in a browser without a JS dependency; Scala Native implements the family and recently bug-fixed it for UTF-8
8c50c252a487	portability(all)	java.util.zip.DeflaterOutputStream	deflaterOutput	com/github/tommyettinger/anim8/AnimatedPNG.java	174	Instantiate — no zlib in a browser without a JS dependency; Scala Native implements the family and recently bug-fixed it for UTF-8
26824b6873ae	portability(all)	java.util.zip.DeflaterOutputStream	deflaterOutput	com/github/tommyettinger/anim8/AnimatedPNG.java	174	MemberType — no zlib in a browser without a JS dependency; Scala Native implements the family and recently bug-fixed it for UTF-8
1cd5355054c4	portability(all)	java.util.zip.DeflaterOutputStream	deflaterOutput	com/github/tommyettinger/anim8/FastPNG.java	168	Instantiate — no zlib in a browser without a JS dependency; Scala Native implements the family and recently bug-fixed it for UTF-8
f3ca72e0aac9	portability(all)	java.util.zip.DeflaterOutputStream	deflaterOutput	com/github/tommyettinger/anim8/FastPNG.java	168	MemberType — no zlib in a browser without a JS dependency; Scala Native implements the family and recently bug-fixed it for UTF-8
8b78c39c4866	portability(all)	java.util.zip.DeflaterOutputStream	deflaterOutput	com/github/tommyettinger/anim8/PNG8.java	590	Instantiate — no zlib in a browser without a JS dependency; Scala Native implements the family and recently bug-fixed it for UTF-8
1f3fce1eddb3	portability(all)	java.util.zip.DeflaterOutputStream	deflaterOutput	com/github/tommyettinger/anim8/PNG8.java	590	MemberType — no zlib in a browser without a JS dependency; Scala Native implements the family and recently bug-fixed it for UTF-8
8b78c39c4866/2	portability(all)	java.util.zip.DeflaterOutputStream	deflaterOutput	com/github/tommyettinger/anim8/PNG8.java	756	Instantiate — no zlib in a browser without a JS dependency; Scala Native implements the family and recently bug-fixed it for UTF-8
1f3fce1eddb3/2	portability(all)	java.util.zip.DeflaterOutputStream	deflaterOutput	com/github/tommyettinger/anim8/PNG8.java	756	MemberType — no zlib in a browser without a JS dependency; Scala Native implements the family and recently bug-fixed it for UTF-8
8b78c39c4866/3	portability(all)	java.util.zip.DeflaterOutputStream	deflaterOutput	com/github/tommyettinger/anim8/PNG8.java	845	Instantiate — no zlib in a browser without a JS dependency; Scala Native implements the family and recently bug-fixed it for UTF-8
1f3fce1eddb3/3	portability(all)	java.util.zip.DeflaterOutputStream	deflaterOutput	com/github/tommyettinger/anim8/PNG8.java	845	MemberType — no zlib in a browser without a JS dependency; Scala Native implements the family and recently bug-fixed it for UTF-8
8b78c39c4866/4	portability(all)	java.util.zip.DeflaterOutputStream	deflaterOutput	com/github/tommyettinger/anim8/PNG8.java	946	Instantiate — no zlib in a browser without a JS dependency; Scala Native implements the family and recently bug-fixed it for UTF-8
1f3fce1eddb3/4	portability(all)	java.util.zip.DeflaterOutputStream	deflaterOutput	com/github/tommyettinger/anim8/PNG8.java	946	MemberType — no zlib in a browser without a JS dependency; Scala Native implements the family and recently bug-fixed it for UTF-8
8b78c39c4866/5	portability(all)	java.util.zip.DeflaterOutputStream	deflaterOutput	com/github/tommyettinger/anim8/PNG8.java	1051	Instantiate — no zlib in a browser without a JS dependency; Scala Native implements the family and recently bug-fixed it for UTF-8
1f3fce1eddb3/5	portability(all)	java.util.zip.DeflaterOutputStream	deflaterOutput	com/github/tommyettinger/anim8/PNG8.java	1051	MemberType — no zlib in a browser without a JS dependency; Scala Native implements the family and recently bug-fixed it for UTF-8
8b78c39c4866/6	portability(all)	java.util.zip.DeflaterOutputStream	deflaterOutput	com/github/tommyettinger/anim8/PNG8.java	1130	Instantiate — no zlib in a browser without a JS dependency; Scala Native implements the family and recently bug-fixed it for UTF-8
1f3fce1eddb3/6	portability(all)	java.util.zip.DeflaterOutputStream	deflaterOutput	com/github/tommyettinger/anim8/PNG8.java	1130	MemberType — no zlib in a browser without a JS dependency; Scala Native implements the family and recently bug-fixed it for UTF-8
8b78c39c4866/7	portability(all)	java.util.zip.DeflaterOutputStream	deflaterOutput	com/github/tommyettinger/anim8/PNG8.java	1239	Instantiate — no zlib in a browser without a JS dependency; Scala Native implements the family and recently bug-fixed it for UTF-8
1f3fce1eddb3/7	portability(all)	java.util.zip.DeflaterOutputStream	deflaterOutput	com/github/tommyettinger/anim8/PNG8.java	1239	MemberType — no zlib in a browser without a JS dependency; Scala Native implements the family and recently bug-fixed it for UTF-8
8b78c39c4866/8	portability(all)	java.util.zip.DeflaterOutputStream	deflaterOutput	com/github/tommyettinger/anim8/PNG8.java	1318	Instantiate — no zlib in a browser without a JS dependency; Scala Native implements the family and recently bug-fixed it for UTF-8
1f3fce1eddb3/8	portability(all)	java.util.zip.DeflaterOutputStream	deflaterOutput	com/github/tommyettinger/anim8/PNG8.java	1318	MemberType — no zlib in a browser without a JS dependency; Scala Native implements the family and recently bug-fixed it for UTF-8
8b78c39c4866/9	portability(all)	java.util.zip.DeflaterOutputStream	deflaterOutput	com/github/tommyettinger/anim8/PNG8.java	1400	Instantiate — no zlib in a browser without a JS dependency; Scala Native implements the family and recently bug-fixed it for UTF-8
1f3fce1eddb3/9	portability(all)	java.util.zip.DeflaterOutputStream	deflaterOutput	com/github/tommyettinger/anim8/PNG8.java	1400	MemberType — no zlib in a browser without a JS dependency; Scala Native implements the family and recently bug-fixed it for UTF-8
8b78c39c4866/10	portability(all)	java.util.zip.DeflaterOutputStream	deflaterOutput	com/github/tommyettinger/anim8/PNG8.java	1506	Instantiate — no zlib in a browser without a JS dependency; Scala Native implements the family and recently bug-fixed it for UTF-8
1f3fce1eddb3/10	portability(all)	java.util.zip.DeflaterOutputStream	deflaterOutput	com/github/tommyettinger/anim8/PNG8.java	1506	MemberType — no zlib in a browser without a JS dependency; Scala Native implements the family and recently bug-fixed it for UTF-8
8b78c39c4866/11	portability(all)	java.util.zip.DeflaterOutputStream	deflaterOutput	com/github/tommyettinger/anim8/PNG8.java	1586	Instantiate — no zlib in a browser without a JS dependency; Scala Native implements the family and recently bug-fixed it for UTF-8
1f3fce1eddb3/11	portability(all)	java.util.zip.DeflaterOutputStream	deflaterOutput	com/github/tommyettinger/anim8/PNG8.java	1586	MemberType — no zlib in a browser without a JS dependency; Scala Native implements the family and recently bug-fixed it for UTF-8
8b78c39c4866/12	portability(all)	java.util.zip.DeflaterOutputStream	deflaterOutput	com/github/tommyettinger/anim8/PNG8.java	1667	Instantiate — no zlib in a browser without a JS dependency; Scala Native implements the family and recently bug-fixed it for UTF-8
1f3fce1eddb3/12	portability(all)	java.util.zip.DeflaterOutputStream	deflaterOutput	com/github/tommyettinger/anim8/PNG8.java	1667	MemberType — no zlib in a browser without a JS dependency; Scala Native implements the family and recently bug-fixed it for UTF-8
8b78c39c4866/13	portability(all)	java.util.zip.DeflaterOutputStream	deflaterOutput	com/github/tommyettinger/anim8/PNG8.java	1747	Instantiate — no zlib in a browser without a JS dependency; Scala Native implements the family and recently bug-fixed it for UTF-8
1f3fce1eddb3/13	portability(all)	java.util.zip.DeflaterOutputStream	deflaterOutput	com/github/tommyettinger/anim8/PNG8.java	1747	MemberType — no zlib in a browser without a JS dependency; Scala Native implements the family and recently bug-fixed it for UTF-8
8b78c39c4866/14	portability(all)	java.util.zip.DeflaterOutputStream	deflaterOutput	com/github/tommyettinger/anim8/PNG8.java	1827	Instantiate — no zlib in a browser without a JS dependency; Scala Native implements the family and recently bug-fixed it for UTF-8
1f3fce1eddb3/14	portability(all)	java.util.zip.DeflaterOutputStream	deflaterOutput	com/github/tommyettinger/anim8/PNG8.java	1827	MemberType — no zlib in a browser without a JS dependency; Scala Native implements the family and recently bug-fixed it for UTF-8
8b78c39c4866/15	portability(all)	java.util.zip.DeflaterOutputStream	deflaterOutput	com/github/tommyettinger/anim8/PNG8.java	1955	Instantiate — no zlib in a browser without a JS dependency; Scala Native implements the family and recently bug-fixed it for UTF-8
1f3fce1eddb3/15	portability(all)	java.util.zip.DeflaterOutputStream	deflaterOutput	com/github/tommyettinger/anim8/PNG8.java	1955	MemberType — no zlib in a browser without a JS dependency; Scala Native implements the family and recently bug-fixed it for UTF-8
8b78c39c4866/16	portability(all)	java.util.zip.DeflaterOutputStream	deflaterOutput	com/github/tommyettinger/anim8/PNG8.java	2127	Instantiate — no zlib in a browser without a JS dependency; Scala Native implements the family and recently bug-fixed it for UTF-8
1f3fce1eddb3/16	portability(all)	java.util.zip.DeflaterOutputStream	deflaterOutput	com/github/tommyettinger/anim8/PNG8.java	2127	MemberType — no zlib in a browser without a JS dependency; Scala Native implements the family and recently bug-fixed it for UTF-8
8b78c39c4866/17	portability(all)	java.util.zip.DeflaterOutputStream	deflaterOutput	com/github/tommyettinger/anim8/PNG8.java	2244	Instantiate — no zlib in a browser without a JS dependency; Scala Native implements the family and recently bug-fixed it for UTF-8
1f3fce1eddb3/17	portability(all)	java.util.zip.DeflaterOutputStream	deflaterOutput	com/github/tommyettinger/anim8/PNG8.java	2244	MemberType — no zlib in a browser without a JS dependency; Scala Native implements the family and recently bug-fixed it for UTF-8
8b78c39c4866/18	portability(all)	java.util.zip.DeflaterOutputStream	deflaterOutput	com/github/tommyettinger/anim8/PNG8.java	2418	Instantiate — no zlib in a browser without a JS dependency; Scala Native implements the family and recently bug-fixed it for UTF-8
1f3fce1eddb3/18	portability(all)	java.util.zip.DeflaterOutputStream	deflaterOutput	com/github/tommyettinger/anim8/PNG8.java	2418	MemberType — no zlib in a browser without a JS dependency; Scala Native implements the family and recently bug-fixed it for UTF-8
8b78c39c4866/19	portability(all)	java.util.zip.DeflaterOutputStream	deflaterOutput	com/github/tommyettinger/anim8/PNG8.java	2593	Instantiate — no zlib in a browser without a JS dependency; Scala Native implements the family and recently bug-fixed it for UTF-8
1f3fce1eddb3/19	portability(all)	java.util.zip.DeflaterOutputStream	deflaterOutput	com/github/tommyettinger/anim8/PNG8.java	2593	MemberType — no zlib in a browser without a JS dependency; Scala Native implements the family and recently bug-fixed it for UTF-8
8b78c39c4866/20	portability(all)	java.util.zip.DeflaterOutputStream	deflaterOutput	com/github/tommyettinger/anim8/PNG8.java	2747	Instantiate — no zlib in a browser without a JS dependency; Scala Native implements the family and recently bug-fixed it for UTF-8
1f3fce1eddb3/20	portability(all)	java.util.zip.DeflaterOutputStream	deflaterOutput	com/github/tommyettinger/anim8/PNG8.java	2747	MemberType — no zlib in a browser without a JS dependency; Scala Native implements the family and recently bug-fixed it for UTF-8
8b78c39c4866/21	portability(all)	java.util.zip.DeflaterOutputStream	deflaterOutput	com/github/tommyettinger/anim8/PNG8.java	2919	Instantiate — no zlib in a browser without a JS dependency; Scala Native implements the family and recently bug-fixed it for UTF-8
1f3fce1eddb3/21	portability(all)	java.util.zip.DeflaterOutputStream	deflaterOutput	com/github/tommyettinger/anim8/PNG8.java	2919	MemberType — no zlib in a browser without a JS dependency; Scala Native implements the family and recently bug-fixed it for UTF-8
8b78c39c4866/22	portability(all)	java.util.zip.DeflaterOutputStream	deflaterOutput	com/github/tommyettinger/anim8/PNG8.java	3068	Instantiate — no zlib in a browser without a JS dependency; Scala Native implements the family and recently bug-fixed it for UTF-8
1f3fce1eddb3/22	portability(all)	java.util.zip.DeflaterOutputStream	deflaterOutput	com/github/tommyettinger/anim8/PNG8.java	3068	MemberType — no zlib in a browser without a JS dependency; Scala Native implements the family and recently bug-fixed it for UTF-8
8b78c39c4866/23	portability(all)	java.util.zip.DeflaterOutputStream	deflaterOutput	com/github/tommyettinger/anim8/PNG8.java	3247	Instantiate — no zlib in a browser without a JS dependency; Scala Native implements the family and recently bug-fixed it for UTF-8
1f3fce1eddb3/23	portability(all)	java.util.zip.DeflaterOutputStream	deflaterOutput	com/github/tommyettinger/anim8/PNG8.java	3247	MemberType — no zlib in a browser without a JS dependency; Scala Native implements the family and recently bug-fixed it for UTF-8
8b78c39c4866/24	portability(all)	java.util.zip.DeflaterOutputStream	deflaterOutput	com/github/tommyettinger/anim8/PNG8.java	3454	Instantiate — no zlib in a browser without a JS dependency; Scala Native implements the family and recently bug-fixed it for UTF-8
1f3fce1eddb3/24	portability(all)	java.util.zip.DeflaterOutputStream	deflaterOutput	com/github/tommyettinger/anim8/PNG8.java	3454	MemberType — no zlib in a browser without a JS dependency; Scala Native implements the family and recently bug-fixed it for UTF-8
8b78c39c4866/25	portability(all)	java.util.zip.DeflaterOutputStream	deflaterOutput	com/github/tommyettinger/anim8/PNG8.java	3627	Instantiate — no zlib in a browser without a JS dependency; Scala Native implements the family and recently bug-fixed it for UTF-8
1f3fce1eddb3/25	portability(all)	java.util.zip.DeflaterOutputStream	deflaterOutput	com/github/tommyettinger/anim8/PNG8.java	3627	MemberType — no zlib in a browser without a JS dependency; Scala Native implements the family and recently bug-fixed it for UTF-8
8b78c39c4866/26	portability(all)	java.util.zip.DeflaterOutputStream	deflaterOutput	com/github/tommyettinger/anim8/PNG8.java	3809	Instantiate — no zlib in a browser without a JS dependency; Scala Native implements the family and recently bug-fixed it for UTF-8
1f3fce1eddb3/26	portability(all)	java.util.zip.DeflaterOutputStream	deflaterOutput	com/github/tommyettinger/anim8/PNG8.java	3809	MemberType — no zlib in a browser without a JS dependency; Scala Native implements the family and recently bug-fixed it for UTF-8
8b78c39c4866/27	portability(all)	java.util.zip.DeflaterOutputStream	deflaterOutput	com/github/tommyettinger/anim8/PNG8.java	3993	Instantiate — no zlib in a browser without a JS dependency; Scala Native implements the family and recently bug-fixed it for UTF-8
1f3fce1eddb3/27	portability(all)	java.util.zip.DeflaterOutputStream	deflaterOutput	com/github/tommyettinger/anim8/PNG8.java	3993	MemberType — no zlib in a browser without a JS dependency; Scala Native implements the family and recently bug-fixed it for UTF-8
8b78c39c4866/28	portability(all)	java.util.zip.DeflaterOutputStream	deflaterOutput	com/github/tommyettinger/anim8/PNG8.java	4156	Instantiate — no zlib in a browser without a JS dependency; Scala Native implements the family and recently bug-fixed it for UTF-8
1f3fce1eddb3/28	portability(all)	java.util.zip.DeflaterOutputStream	deflaterOutput	com/github/tommyettinger/anim8/PNG8.java	4156	MemberType — no zlib in a browser without a JS dependency; Scala Native implements the family and recently bug-fixed it for UTF-8
8b78c39c4866/29	portability(all)	java.util.zip.DeflaterOutputStream	deflaterOutput	com/github/tommyettinger/anim8/PNG8.java	4372	Instantiate — no zlib in a browser without a JS dependency; Scala Native implements the family and recently bug-fixed it for UTF-8
1f3fce1eddb3/29	portability(all)	java.util.zip.DeflaterOutputStream	deflaterOutput	com/github/tommyettinger/anim8/PNG8.java	4372	MemberType — no zlib in a browser without a JS dependency; Scala Native implements the family and recently bug-fixed it for UTF-8
8b78c39c4866/30	portability(all)	java.util.zip.DeflaterOutputStream	deflaterOutput	com/github/tommyettinger/anim8/PNG8.java	4505	Instantiate — no zlib in a browser without a JS dependency; Scala Native implements the family and recently bug-fixed it for UTF-8
1f3fce1eddb3/30	portability(all)	java.util.zip.DeflaterOutputStream	deflaterOutput	com/github/tommyettinger/anim8/PNG8.java	4505	MemberType — no zlib in a browser without a JS dependency; Scala Native implements the family and recently bug-fixed it for UTF-8
8b78c39c4866/31	portability(all)	java.util.zip.DeflaterOutputStream	deflaterOutput	com/github/tommyettinger/anim8/PNG8.java	4616	Instantiate — no zlib in a browser without a JS dependency; Scala Native implements the family and recently bug-fixed it for UTF-8
1f3fce1eddb3/31	portability(all)	java.util.zip.DeflaterOutputStream	deflaterOutput	com/github/tommyettinger/anim8/PNG8.java	4616	MemberType — no zlib in a browser without a JS dependency; Scala Native implements the family and recently bug-fixed it for UTF-8
8b78c39c4866/32	portability(all)	java.util.zip.DeflaterOutputStream	deflaterOutput	com/github/tommyettinger/anim8/PNG8.java	4754	Instantiate — no zlib in a browser without a JS dependency; Scala Native implements the family and recently bug-fixed it for UTF-8
1f3fce1eddb3/32	portability(all)	java.util.zip.DeflaterOutputStream	deflaterOutput	com/github/tommyettinger/anim8/PNG8.java	4754	MemberType — no zlib in a browser without a JS dependency; Scala Native implements the family and recently bug-fixed it for UTF-8
8b78c39c4866/33	portability(all)	java.util.zip.DeflaterOutputStream	deflaterOutput	com/github/tommyettinger/anim8/PNG8.java	4864	Instantiate — no zlib in a browser without a JS dependency; Scala Native implements the family and recently bug-fixed it for UTF-8
1f3fce1eddb3/33	portability(all)	java.util.zip.DeflaterOutputStream	deflaterOutput	com/github/tommyettinger/anim8/PNG8.java	4864	MemberType — no zlib in a browser without a JS dependency; Scala Native implements the family and recently bug-fixed it for UTF-8
8b78c39c4866/34	portability(all)	java.util.zip.DeflaterOutputStream	deflaterOutput	com/github/tommyettinger/anim8/PNG8.java	4977	Instantiate — no zlib in a browser without a JS dependency; Scala Native implements the family and recently bug-fixed it for UTF-8
1f3fce1eddb3/34	portability(all)	java.util.zip.DeflaterOutputStream	deflaterOutput	com/github/tommyettinger/anim8/PNG8.java	4977	MemberType — no zlib in a browser without a JS dependency; Scala Native implements the family and recently bug-fixed it for UTF-8
8b78c39c4866/35	portability(all)	java.util.zip.DeflaterOutputStream	deflaterOutput	com/github/tommyettinger/anim8/PNG8.java	5112	Instantiate — no zlib in a browser without a JS dependency; Scala Native implements the family and recently bug-fixed it for UTF-8
1f3fce1eddb3/35	portability(all)	java.util.zip.DeflaterOutputStream	deflaterOutput	com/github/tommyettinger/anim8/PNG8.java	5112	MemberType — no zlib in a browser without a JS dependency; Scala Native implements the family and recently bug-fixed it for UTF-8
8b78c39c4866/36	portability(all)	java.util.zip.DeflaterOutputStream	deflaterOutput	com/github/tommyettinger/anim8/PNG8.java	5221	Instantiate — no zlib in a browser without a JS dependency; Scala Native implements the family and recently bug-fixed it for UTF-8
1f3fce1eddb3/36	portability(all)	java.util.zip.DeflaterOutputStream	deflaterOutput	com/github/tommyettinger/anim8/PNG8.java	5221	MemberType — no zlib in a browser without a JS dependency; Scala Native implements the family and recently bug-fixed it for UTF-8
8b78c39c4866/37	portability(all)	java.util.zip.DeflaterOutputStream	deflaterOutput	com/github/tommyettinger/anim8/PNG8.java	5331	Instantiate — no zlib in a browser without a JS dependency; Scala Native implements the family and recently bug-fixed it for UTF-8
1f3fce1eddb3/37	portability(all)	java.util.zip.DeflaterOutputStream	deflaterOutput	com/github/tommyettinger/anim8/PNG8.java	5331	MemberType — no zlib in a browser without a JS dependency; Scala Native implements the family and recently bug-fixed it for UTF-8
8b78c39c4866/38	portability(all)	java.util.zip.DeflaterOutputStream	deflaterOutput	com/github/tommyettinger/anim8/PNG8.java	5464	Instantiate — no zlib in a browser without a JS dependency; Scala Native implements the family and recently bug-fixed it for UTF-8
1f3fce1eddb3/38	portability(all)	java.util.zip.DeflaterOutputStream	deflaterOutput	com/github/tommyettinger/anim8/PNG8.java	5464	MemberType — no zlib in a browser without a JS dependency; Scala Native implements the family and recently bug-fixed it for UTF-8
8b78c39c4866/39	portability(all)	java.util.zip.DeflaterOutputStream	deflaterOutput	com/github/tommyettinger/anim8/PNG8.java	5597	Instantiate — no zlib in a browser without a JS dependency; Scala Native implements the family and recently bug-fixed it for UTF-8
1f3fce1eddb3/39	portability(all)	java.util.zip.DeflaterOutputStream	deflaterOutput	com/github/tommyettinger/anim8/PNG8.java	5597	MemberType — no zlib in a browser without a JS dependency; Scala Native implements the family and recently bug-fixed it for UTF-8
8b78c39c4866/40	portability(all)	java.util.zip.DeflaterOutputStream	deflaterOutput	com/github/tommyettinger/anim8/PNG8.java	5754	Instantiate — no zlib in a browser without a JS dependency; Scala Native implements the family and recently bug-fixed it for UTF-8
1f3fce1eddb3/40	portability(all)	java.util.zip.DeflaterOutputStream	deflaterOutput	com/github/tommyettinger/anim8/PNG8.java	5754	MemberType — no zlib in a browser without a JS dependency; Scala Native implements the family and recently bug-fixed it for UTF-8
8b78c39c4866/41	portability(all)	java.util.zip.DeflaterOutputStream	deflaterOutput	com/github/tommyettinger/anim8/PNG8.java	5959	Instantiate — no zlib in a browser without a JS dependency; Scala Native implements the family and recently bug-fixed it for UTF-8
1f3fce1eddb3/41	portability(all)	java.util.zip.DeflaterOutputStream	deflaterOutput	com/github/tommyettinger/anim8/PNG8.java	5959	MemberType — no zlib in a browser without a JS dependency; Scala Native implements the family and recently bug-fixed it for UTF-8
8b78c39c4866/42	portability(all)	java.util.zip.DeflaterOutputStream	deflaterOutput	com/github/tommyettinger/anim8/PNG8.java	6108	Instantiate — no zlib in a browser without a JS dependency; Scala Native implements the family and recently bug-fixed it for UTF-8
1f3fce1eddb3/42	portability(all)	java.util.zip.DeflaterOutputStream	deflaterOutput	com/github/tommyettinger/anim8/PNG8.java	6108	MemberType — no zlib in a browser without a JS dependency; Scala Native implements the family and recently bug-fixed it for UTF-8
8b78c39c4866/43	portability(all)	java.util.zip.DeflaterOutputStream	deflaterOutput	com/github/tommyettinger/anim8/PNG8.java	6315	Instantiate — no zlib in a browser without a JS dependency; Scala Native implements the family and recently bug-fixed it for UTF-8
1f3fce1eddb3/43	portability(all)	java.util.zip.DeflaterOutputStream	deflaterOutput	com/github/tommyettinger/anim8/PNG8.java	6315	MemberType — no zlib in a browser without a JS dependency; Scala Native implements the family and recently bug-fixed it for UTF-8
8b78c39c4866/44	portability(all)	java.util.zip.DeflaterOutputStream	deflaterOutput	com/github/tommyettinger/anim8/PNG8.java	6526	Instantiate — no zlib in a browser without a JS dependency; Scala Native implements the family and recently bug-fixed it for UTF-8
1f3fce1eddb3/44	portability(all)	java.util.zip.DeflaterOutputStream	deflaterOutput	com/github/tommyettinger/anim8/PNG8.java	6526	MemberType — no zlib in a browser without a JS dependency; Scala Native implements the family and recently bug-fixed it for UTF-8
8b78c39c4866/45	portability(all)	java.util.zip.DeflaterOutputStream	deflaterOutput	com/github/tommyettinger/anim8/PNG8.java	6713	Instantiate — no zlib in a browser without a JS dependency; Scala Native implements the family and recently bug-fixed it for UTF-8
1f3fce1eddb3/45	portability(all)	java.util.zip.DeflaterOutputStream	deflaterOutput	com/github/tommyettinger/anim8/PNG8.java	6713	MemberType — no zlib in a browser without a JS dependency; Scala Native implements the family and recently bug-fixed it for UTF-8
8b78c39c4866/46	portability(all)	java.util.zip.DeflaterOutputStream	deflaterOutput	com/github/tommyettinger/anim8/PNG8.java	6919	Instantiate — no zlib in a browser without a JS dependency; Scala Native implements the family and recently bug-fixed it for UTF-8
1f3fce1eddb3/46	portability(all)	java.util.zip.DeflaterOutputStream	deflaterOutput	com/github/tommyettinger/anim8/PNG8.java	6919	MemberType — no zlib in a browser without a JS dependency; Scala Native implements the family and recently bug-fixed it for UTF-8
8b78c39c4866/47	portability(all)	java.util.zip.DeflaterOutputStream	deflaterOutput	com/github/tommyettinger/anim8/PNG8.java	7102	Instantiate — no zlib in a browser without a JS dependency; Scala Native implements the family and recently bug-fixed it for UTF-8
1f3fce1eddb3/47	portability(all)	java.util.zip.DeflaterOutputStream	deflaterOutput	com/github/tommyettinger/anim8/PNG8.java	7102	MemberType — no zlib in a browser without a JS dependency; Scala Native implements the family and recently bug-fixed it for UTF-8
8b78c39c4866/48	portability(all)	java.util.zip.DeflaterOutputStream	deflaterOutput	com/github/tommyettinger/anim8/PNG8.java	7315	Instantiate — no zlib in a browser without a JS dependency; Scala Native implements the family and recently bug-fixed it for UTF-8
1f3fce1eddb3/48	portability(all)	java.util.zip.DeflaterOutputStream	deflaterOutput	com/github/tommyettinger/anim8/PNG8.java	7315	MemberType — no zlib in a browser without a JS dependency; Scala Native implements the family and recently bug-fixed it for UTF-8
8b78c39c4866/49	portability(all)	java.util.zip.DeflaterOutputStream	deflaterOutput	com/github/tommyettinger/anim8/PNG8.java	7549	Instantiate — no zlib in a browser without a JS dependency; Scala Native implements the family and recently bug-fixed it for UTF-8
1f3fce1eddb3/49	portability(all)	java.util.zip.DeflaterOutputStream	deflaterOutput	com/github/tommyettinger/anim8/PNG8.java	7549	MemberType — no zlib in a browser without a JS dependency; Scala Native implements the family and recently bug-fixed it for UTF-8
8b78c39c4866/50	portability(all)	java.util.zip.DeflaterOutputStream	deflaterOutput	com/github/tommyettinger/anim8/PNG8.java	7748	Instantiate — no zlib in a browser without a JS dependency; Scala Native implements the family and recently bug-fixed it for UTF-8
1f3fce1eddb3/50	portability(all)	java.util.zip.DeflaterOutputStream	deflaterOutput	com/github/tommyettinger/anim8/PNG8.java	7748	MemberType — no zlib in a browser without a JS dependency; Scala Native implements the family and recently bug-fixed it for UTF-8
8b78c39c4866/51	portability(all)	java.util.zip.DeflaterOutputStream	deflaterOutput	com/github/tommyettinger/anim8/PNG8.java	7963	Instantiate — no zlib in a browser without a JS dependency; Scala Native implements the family and recently bug-fixed it for UTF-8
1f3fce1eddb3/51	portability(all)	java.util.zip.DeflaterOutputStream	deflaterOutput	com/github/tommyettinger/anim8/PNG8.java	7963	MemberType — no zlib in a browser without a JS dependency; Scala Native implements the family and recently bug-fixed it for UTF-8
8b78c39c4866/52	portability(all)	java.util.zip.DeflaterOutputStream	deflaterOutput	com/github/tommyettinger/anim8/PNG8.java	8175	Instantiate — no zlib in a browser without a JS dependency; Scala Native implements the family and recently bug-fixed it for UTF-8
1f3fce1eddb3/52	portability(all)	java.util.zip.DeflaterOutputStream	deflaterOutput	com/github/tommyettinger/anim8/PNG8.java	8175	MemberType — no zlib in a browser without a JS dependency; Scala Native implements the family and recently bug-fixed it for UTF-8
4f02a916ff87	portability(all)	java.util.zip.DeflaterOutputStream	deflaterOutputStream	../../../../libgdx/gdx/src/com/badlogic/gdx/graphics/PixmapIO.java	93	Instantiate — no zlib in a browser without a JS dependency; Scala Native implements the family and recently bug-fixed it for UTF-8
a192e63fee4b	portability(all)	java.util.zip.DeflaterOutputStream	deflaterOutputStream	../../../../libgdx/gdx/src/com/badlogic/gdx/graphics/PixmapIO.java	93	MemberType — no zlib in a browser without a JS dependency; Scala Native implements the family and recently bug-fixed it for UTF-8
c79557743e78	portability(all)	java.util.zip.GZIPInputStream	sge.graphics.glutils.ETC1$ETC1Data#<init>	../../../../libgdx/gdx/src/com/badlogic/gdx/graphics/glutils/ETC1.java	67	Instantiate — no zlib in a browser without a JS dependency; Scala Native implements the family and recently bug-fixed it for UTF-8
a251ad563930	portability(all)	java.util.zip.GZIPInputStream	sge.graphics.glutils.KTXTextureData#prepare	../../../../libgdx/gdx/src/com/badlogic/gdx/graphics/glutils/KTXTextureData.java	82	Instantiate — no zlib in a browser without a JS dependency; Scala Native implements the family and recently bug-fixed it for UTF-8
2d7bcba19765	portability(all)	java.util.zip.GZIPInputStream	sge.maps.tiled.BaseTmjMapLoader#getTileIds	../../../../libgdx/gdx/src/com/badlogic/gdx/maps/tiled/BaseTmjMapLoader.java	657	Instantiate — no zlib in a browser without a JS dependency; Scala Native implements the family and recently bug-fixed it for UTF-8
37d768293547	portability(all)	java.util.zip.GZIPInputStream	sge.maps.tiled.BaseTmxMapLoader#getTileIds	../../../../libgdx/gdx/src/com/badlogic/gdx/maps/tiled/BaseTmxMapLoader.java	703	Instantiate — no zlib in a browser without a JS dependency; Scala Native implements the family and recently bug-fixed it for UTF-8
856d17449604	portability(all)	java.util.zip.GZIPOutputStream	sge.graphics.glutils.ETC1$ETC1Data#write	../../../../libgdx/gdx/src/com/badlogic/gdx/graphics/glutils/ETC1.java	109	Instantiate — no zlib in a browser without a JS dependency; Scala Native implements the family and recently bug-fixed it for UTF-8
b050ca8f3246	portability(all)	java.util.zip.InflaterInputStream	sge.graphics.PixmapIO$CIM#read	../../../../libgdx/gdx/src/com/badlogic/gdx/graphics/PixmapIO.java	129	Instantiate — no zlib in a browser without a JS dependency; Scala Native implements the family and recently bug-fixed it for UTF-8
24dee3170c87	portability(all)	java.util.zip.InflaterInputStream	sge.maps.tiled.BaseTmjMapLoader#getTileIds	../../../../libgdx/gdx/src/com/badlogic/gdx/maps/tiled/BaseTmjMapLoader.java	659	Instantiate — no zlib in a browser without a JS dependency; Scala Native implements the family and recently bug-fixed it for UTF-8
1bb8f70d795d	portability(all)	java.util.zip.InflaterInputStream	sge.maps.tiled.BaseTmxMapLoader#getTileIds	../../../../libgdx/gdx/src/com/badlogic/gdx/maps/tiled/BaseTmxMapLoader.java	705	Instantiate — no zlib in a browser without a JS dependency; Scala Native implements the family and recently bug-fixed it for UTF-8
4b65a7c95b54	portability(emitted)	java.util.zip.CRC32	crc	com/github/tommyettinger/anim8/PNG8.java	8330	Instantiate — no zlib in a browser without a JS dependency; Scala Native implements the family and recently bug-fixed it for UTF-8
dfc9f6143e66	portability(emitted)	java.util.zip.CRC32	crc	com/github/tommyettinger/anim8/PNG8.java	8330	MemberType — no zlib in a browser without a JS dependency; Scala Native implements the family and recently bug-fixed it for UTF-8
3bd36a864455	portability(emitted)	java.util.zip.CRC32	sge.anim8.ChunkBuffer#<init>	com/github/tommyettinger/anim8/ChunkBuffer.java	35	Instantiate — no zlib in a browser without a JS dependency; Scala Native implements the family and recently bug-fixed it for UTF-8
c4d42e09c543	portability(emitted)	java.util.zip.CRC32	sge.anim8.ChunkBuffer#<init>#crc	com/github/tommyettinger/anim8/ChunkBuffer.java	38	MemberType — no zlib in a browser without a JS dependency; Scala Native implements the family and recently bug-fixed it for UTF-8
a9cd49ef04ce	portability(emitted)	java.util.zip.CRC32	sge.anim8.ChunkBuffer#crc	com/github/tommyettinger/anim8/ChunkBuffer.java	32	MemberType — no zlib in a browser without a JS dependency; Scala Native implements the family and recently bug-fixed it for UTF-8
be89639d44df	portability(emitted)	java.util.zip.CheckedOutputStream	sge.anim8.ChunkBuffer#<init>	com/github/tommyettinger/anim8/ChunkBuffer.java	39	Instantiate — no zlib in a browser without a JS dependency; Scala Native implements the family and recently bug-fixed it for UTF-8
525af6654312	portability(emitted)	java.util.zip.Deflater	sge.anim8.AnimatedPNG#<init>	com/github/tommyettinger/anim8/AnimatedPNG.java	111	Instantiate — no zlib in a browser without a JS dependency; Scala Native implements the family and recently bug-fixed it for UTF-8
b965e5ea83dc	portability(emitted)	java.util.zip.Deflater	sge.anim8.AnimatedPNG#deflater	com/github/tommyettinger/anim8/AnimatedPNG.java	92	MemberType — no zlib in a browser without a JS dependency; Scala Native implements the family and recently bug-fixed it for UTF-8
f1731e62db4c	portability(emitted)	java.util.zip.Deflater	sge.anim8.FastPNG#<init>	com/github/tommyettinger/anim8/FastPNG.java	114	Instantiate — no zlib in a browser without a JS dependency; Scala Native implements the family and recently bug-fixed it for UTF-8
07c1afb5fc05	portability(emitted)	java.util.zip.Deflater	sge.anim8.FastPNG#deflater	com/github/tommyettinger/anim8/FastPNG.java	95	MemberType — no zlib in a browser without a JS dependency; Scala Native implements the family and recently bug-fixed it for UTF-8
a364e8ab059b	portability(emitted)	java.util.zip.Deflater	sge.anim8.PNG8#<init>	com/github/tommyettinger/anim8/PNG8.java	183	Instantiate — no zlib in a browser without a JS dependency; Scala Native implements the family and recently bug-fixed it for UTF-8
e47114fcb2ff	portability(emitted)	java.util.zip.Deflater	sge.anim8.PNG8#deflater	com/github/tommyettinger/anim8/PNG8.java	116	MemberType — no zlib in a browser without a JS dependency; Scala Native implements the family and recently bug-fixed it for UTF-8
e914436cf8eb	portability(emitted)	java.util.zip.DeflaterOutputStream	deflaterOutput	com/github/tommyettinger/anim8/AnimatedPNG.java	174	Instantiate — no zlib in a browser without a JS dependency; Scala Native implements the family and recently bug-fixed it for UTF-8
3f00bb9d295d	portability(emitted)	java.util.zip.DeflaterOutputStream	deflaterOutput	com/github/tommyettinger/anim8/AnimatedPNG.java	174	MemberType — no zlib in a browser without a JS dependency; Scala Native implements the family and recently bug-fixed it for UTF-8
f2cd73141e4e	portability(emitted)	java.util.zip.DeflaterOutputStream	deflaterOutput	com/github/tommyettinger/anim8/FastPNG.java	168	Instantiate — no zlib in a browser without a JS dependency; Scala Native implements the family and recently bug-fixed it for UTF-8
388a0f119015	portability(emitted)	java.util.zip.DeflaterOutputStream	deflaterOutput	com/github/tommyettinger/anim8/FastPNG.java	168	MemberType — no zlib in a browser without a JS dependency; Scala Native implements the family and recently bug-fixed it for UTF-8
4c46b21ab2c7	portability(emitted)	java.util.zip.DeflaterOutputStream	deflaterOutput	com/github/tommyettinger/anim8/PNG8.java	590	Instantiate — no zlib in a browser without a JS dependency; Scala Native implements the family and recently bug-fixed it for UTF-8
a6a8b2aae63f	portability(emitted)	java.util.zip.DeflaterOutputStream	deflaterOutput	com/github/tommyettinger/anim8/PNG8.java	590	MemberType — no zlib in a browser without a JS dependency; Scala Native implements the family and recently bug-fixed it for UTF-8
4c46b21ab2c7/2	portability(emitted)	java.util.zip.DeflaterOutputStream	deflaterOutput	com/github/tommyettinger/anim8/PNG8.java	756	Instantiate — no zlib in a browser without a JS dependency; Scala Native implements the family and recently bug-fixed it for UTF-8
a6a8b2aae63f/2	portability(emitted)	java.util.zip.DeflaterOutputStream	deflaterOutput	com/github/tommyettinger/anim8/PNG8.java	756	MemberType — no zlib in a browser without a JS dependency; Scala Native implements the family and recently bug-fixed it for UTF-8
4c46b21ab2c7/3	portability(emitted)	java.util.zip.DeflaterOutputStream	deflaterOutput	com/github/tommyettinger/anim8/PNG8.java	845	Instantiate — no zlib in a browser without a JS dependency; Scala Native implements the family and recently bug-fixed it for UTF-8
a6a8b2aae63f/3	portability(emitted)	java.util.zip.DeflaterOutputStream	deflaterOutput	com/github/tommyettinger/anim8/PNG8.java	845	MemberType — no zlib in a browser without a JS dependency; Scala Native implements the family and recently bug-fixed it for UTF-8
4c46b21ab2c7/4	portability(emitted)	java.util.zip.DeflaterOutputStream	deflaterOutput	com/github/tommyettinger/anim8/PNG8.java	946	Instantiate — no zlib in a browser without a JS dependency; Scala Native implements the family and recently bug-fixed it for UTF-8
a6a8b2aae63f/4	portability(emitted)	java.util.zip.DeflaterOutputStream	deflaterOutput	com/github/tommyettinger/anim8/PNG8.java	946	MemberType — no zlib in a browser without a JS dependency; Scala Native implements the family and recently bug-fixed it for UTF-8
4c46b21ab2c7/5	portability(emitted)	java.util.zip.DeflaterOutputStream	deflaterOutput	com/github/tommyettinger/anim8/PNG8.java	1051	Instantiate — no zlib in a browser without a JS dependency; Scala Native implements the family and recently bug-fixed it for UTF-8
a6a8b2aae63f/5	portability(emitted)	java.util.zip.DeflaterOutputStream	deflaterOutput	com/github/tommyettinger/anim8/PNG8.java	1051	MemberType — no zlib in a browser without a JS dependency; Scala Native implements the family and recently bug-fixed it for UTF-8
4c46b21ab2c7/6	portability(emitted)	java.util.zip.DeflaterOutputStream	deflaterOutput	com/github/tommyettinger/anim8/PNG8.java	1130	Instantiate — no zlib in a browser without a JS dependency; Scala Native implements the family and recently bug-fixed it for UTF-8
a6a8b2aae63f/6	portability(emitted)	java.util.zip.DeflaterOutputStream	deflaterOutput	com/github/tommyettinger/anim8/PNG8.java	1130	MemberType — no zlib in a browser without a JS dependency; Scala Native implements the family and recently bug-fixed it for UTF-8
4c46b21ab2c7/7	portability(emitted)	java.util.zip.DeflaterOutputStream	deflaterOutput	com/github/tommyettinger/anim8/PNG8.java	1239	Instantiate — no zlib in a browser without a JS dependency; Scala Native implements the family and recently bug-fixed it for UTF-8
a6a8b2aae63f/7	portability(emitted)	java.util.zip.DeflaterOutputStream	deflaterOutput	com/github/tommyettinger/anim8/PNG8.java	1239	MemberType — no zlib in a browser without a JS dependency; Scala Native implements the family and recently bug-fixed it for UTF-8
4c46b21ab2c7/8	portability(emitted)	java.util.zip.DeflaterOutputStream	deflaterOutput	com/github/tommyettinger/anim8/PNG8.java	1318	Instantiate — no zlib in a browser without a JS dependency; Scala Native implements the family and recently bug-fixed it for UTF-8
a6a8b2aae63f/8	portability(emitted)	java.util.zip.DeflaterOutputStream	deflaterOutput	com/github/tommyettinger/anim8/PNG8.java	1318	MemberType — no zlib in a browser without a JS dependency; Scala Native implements the family and recently bug-fixed it for UTF-8
4c46b21ab2c7/9	portability(emitted)	java.util.zip.DeflaterOutputStream	deflaterOutput	com/github/tommyettinger/anim8/PNG8.java	1400	Instantiate — no zlib in a browser without a JS dependency; Scala Native implements the family and recently bug-fixed it for UTF-8
a6a8b2aae63f/9	portability(emitted)	java.util.zip.DeflaterOutputStream	deflaterOutput	com/github/tommyettinger/anim8/PNG8.java	1400	MemberType — no zlib in a browser without a JS dependency; Scala Native implements the family and recently bug-fixed it for UTF-8
4c46b21ab2c7/10	portability(emitted)	java.util.zip.DeflaterOutputStream	deflaterOutput	com/github/tommyettinger/anim8/PNG8.java	1506	Instantiate — no zlib in a browser without a JS dependency; Scala Native implements the family and recently bug-fixed it for UTF-8
a6a8b2aae63f/10	portability(emitted)	java.util.zip.DeflaterOutputStream	deflaterOutput	com/github/tommyettinger/anim8/PNG8.java	1506	MemberType — no zlib in a browser without a JS dependency; Scala Native implements the family and recently bug-fixed it for UTF-8
4c46b21ab2c7/11	portability(emitted)	java.util.zip.DeflaterOutputStream	deflaterOutput	com/github/tommyettinger/anim8/PNG8.java	1586	Instantiate — no zlib in a browser without a JS dependency; Scala Native implements the family and recently bug-fixed it for UTF-8
a6a8b2aae63f/11	portability(emitted)	java.util.zip.DeflaterOutputStream	deflaterOutput	com/github/tommyettinger/anim8/PNG8.java	1586	MemberType — no zlib in a browser without a JS dependency; Scala Native implements the family and recently bug-fixed it for UTF-8
4c46b21ab2c7/12	portability(emitted)	java.util.zip.DeflaterOutputStream	deflaterOutput	com/github/tommyettinger/anim8/PNG8.java	1667	Instantiate — no zlib in a browser without a JS dependency; Scala Native implements the family and recently bug-fixed it for UTF-8
a6a8b2aae63f/12	portability(emitted)	java.util.zip.DeflaterOutputStream	deflaterOutput	com/github/tommyettinger/anim8/PNG8.java	1667	MemberType — no zlib in a browser without a JS dependency; Scala Native implements the family and recently bug-fixed it for UTF-8
4c46b21ab2c7/13	portability(emitted)	java.util.zip.DeflaterOutputStream	deflaterOutput	com/github/tommyettinger/anim8/PNG8.java	1747	Instantiate — no zlib in a browser without a JS dependency; Scala Native implements the family and recently bug-fixed it for UTF-8
a6a8b2aae63f/13	portability(emitted)	java.util.zip.DeflaterOutputStream	deflaterOutput	com/github/tommyettinger/anim8/PNG8.java	1747	MemberType — no zlib in a browser without a JS dependency; Scala Native implements the family and recently bug-fixed it for UTF-8
4c46b21ab2c7/14	portability(emitted)	java.util.zip.DeflaterOutputStream	deflaterOutput	com/github/tommyettinger/anim8/PNG8.java	1827	Instantiate — no zlib in a browser without a JS dependency; Scala Native implements the family and recently bug-fixed it for UTF-8
a6a8b2aae63f/14	portability(emitted)	java.util.zip.DeflaterOutputStream	deflaterOutput	com/github/tommyettinger/anim8/PNG8.java	1827	MemberType — no zlib in a browser without a JS dependency; Scala Native implements the family and recently bug-fixed it for UTF-8
4c46b21ab2c7/15	portability(emitted)	java.util.zip.DeflaterOutputStream	deflaterOutput	com/github/tommyettinger/anim8/PNG8.java	1955	Instantiate — no zlib in a browser without a JS dependency; Scala Native implements the family and recently bug-fixed it for UTF-8
a6a8b2aae63f/15	portability(emitted)	java.util.zip.DeflaterOutputStream	deflaterOutput	com/github/tommyettinger/anim8/PNG8.java	1955	MemberType — no zlib in a browser without a JS dependency; Scala Native implements the family and recently bug-fixed it for UTF-8
4c46b21ab2c7/16	portability(emitted)	java.util.zip.DeflaterOutputStream	deflaterOutput	com/github/tommyettinger/anim8/PNG8.java	2127	Instantiate — no zlib in a browser without a JS dependency; Scala Native implements the family and recently bug-fixed it for UTF-8
a6a8b2aae63f/16	portability(emitted)	java.util.zip.DeflaterOutputStream	deflaterOutput	com/github/tommyettinger/anim8/PNG8.java	2127	MemberType — no zlib in a browser without a JS dependency; Scala Native implements the family and recently bug-fixed it for UTF-8
4c46b21ab2c7/17	portability(emitted)	java.util.zip.DeflaterOutputStream	deflaterOutput	com/github/tommyettinger/anim8/PNG8.java	2244	Instantiate — no zlib in a browser without a JS dependency; Scala Native implements the family and recently bug-fixed it for UTF-8
a6a8b2aae63f/17	portability(emitted)	java.util.zip.DeflaterOutputStream	deflaterOutput	com/github/tommyettinger/anim8/PNG8.java	2244	MemberType — no zlib in a browser without a JS dependency; Scala Native implements the family and recently bug-fixed it for UTF-8
4c46b21ab2c7/18	portability(emitted)	java.util.zip.DeflaterOutputStream	deflaterOutput	com/github/tommyettinger/anim8/PNG8.java	2418	Instantiate — no zlib in a browser without a JS dependency; Scala Native implements the family and recently bug-fixed it for UTF-8
a6a8b2aae63f/18	portability(emitted)	java.util.zip.DeflaterOutputStream	deflaterOutput	com/github/tommyettinger/anim8/PNG8.java	2418	MemberType — no zlib in a browser without a JS dependency; Scala Native implements the family and recently bug-fixed it for UTF-8
4c46b21ab2c7/19	portability(emitted)	java.util.zip.DeflaterOutputStream	deflaterOutput	com/github/tommyettinger/anim8/PNG8.java	2593	Instantiate — no zlib in a browser without a JS dependency; Scala Native implements the family and recently bug-fixed it for UTF-8
a6a8b2aae63f/19	portability(emitted)	java.util.zip.DeflaterOutputStream	deflaterOutput	com/github/tommyettinger/anim8/PNG8.java	2593	MemberType — no zlib in a browser without a JS dependency; Scala Native implements the family and recently bug-fixed it for UTF-8
4c46b21ab2c7/20	portability(emitted)	java.util.zip.DeflaterOutputStream	deflaterOutput	com/github/tommyettinger/anim8/PNG8.java	2747	Instantiate — no zlib in a browser without a JS dependency; Scala Native implements the family and recently bug-fixed it for UTF-8
a6a8b2aae63f/20	portability(emitted)	java.util.zip.DeflaterOutputStream	deflaterOutput	com/github/tommyettinger/anim8/PNG8.java	2747	MemberType — no zlib in a browser without a JS dependency; Scala Native implements the family and recently bug-fixed it for UTF-8
4c46b21ab2c7/21	portability(emitted)	java.util.zip.DeflaterOutputStream	deflaterOutput	com/github/tommyettinger/anim8/PNG8.java	2919	Instantiate — no zlib in a browser without a JS dependency; Scala Native implements the family and recently bug-fixed it for UTF-8
a6a8b2aae63f/21	portability(emitted)	java.util.zip.DeflaterOutputStream	deflaterOutput	com/github/tommyettinger/anim8/PNG8.java	2919	MemberType — no zlib in a browser without a JS dependency; Scala Native implements the family and recently bug-fixed it for UTF-8
4c46b21ab2c7/22	portability(emitted)	java.util.zip.DeflaterOutputStream	deflaterOutput	com/github/tommyettinger/anim8/PNG8.java	3068	Instantiate — no zlib in a browser without a JS dependency; Scala Native implements the family and recently bug-fixed it for UTF-8
a6a8b2aae63f/22	portability(emitted)	java.util.zip.DeflaterOutputStream	deflaterOutput	com/github/tommyettinger/anim8/PNG8.java	3068	MemberType — no zlib in a browser without a JS dependency; Scala Native implements the family and recently bug-fixed it for UTF-8
4c46b21ab2c7/23	portability(emitted)	java.util.zip.DeflaterOutputStream	deflaterOutput	com/github/tommyettinger/anim8/PNG8.java	3247	Instantiate — no zlib in a browser without a JS dependency; Scala Native implements the family and recently bug-fixed it for UTF-8
a6a8b2aae63f/23	portability(emitted)	java.util.zip.DeflaterOutputStream	deflaterOutput	com/github/tommyettinger/anim8/PNG8.java	3247	MemberType — no zlib in a browser without a JS dependency; Scala Native implements the family and recently bug-fixed it for UTF-8
4c46b21ab2c7/24	portability(emitted)	java.util.zip.DeflaterOutputStream	deflaterOutput	com/github/tommyettinger/anim8/PNG8.java	3454	Instantiate — no zlib in a browser without a JS dependency; Scala Native implements the family and recently bug-fixed it for UTF-8
a6a8b2aae63f/24	portability(emitted)	java.util.zip.DeflaterOutputStream	deflaterOutput	com/github/tommyettinger/anim8/PNG8.java	3454	MemberType — no zlib in a browser without a JS dependency; Scala Native implements the family and recently bug-fixed it for UTF-8
4c46b21ab2c7/25	portability(emitted)	java.util.zip.DeflaterOutputStream	deflaterOutput	com/github/tommyettinger/anim8/PNG8.java	3627	Instantiate — no zlib in a browser without a JS dependency; Scala Native implements the family and recently bug-fixed it for UTF-8
a6a8b2aae63f/25	portability(emitted)	java.util.zip.DeflaterOutputStream	deflaterOutput	com/github/tommyettinger/anim8/PNG8.java	3627	MemberType — no zlib in a browser without a JS dependency; Scala Native implements the family and recently bug-fixed it for UTF-8
4c46b21ab2c7/26	portability(emitted)	java.util.zip.DeflaterOutputStream	deflaterOutput	com/github/tommyettinger/anim8/PNG8.java	3809	Instantiate — no zlib in a browser without a JS dependency; Scala Native implements the family and recently bug-fixed it for UTF-8
a6a8b2aae63f/26	portability(emitted)	java.util.zip.DeflaterOutputStream	deflaterOutput	com/github/tommyettinger/anim8/PNG8.java	3809	MemberType — no zlib in a browser without a JS dependency; Scala Native implements the family and recently bug-fixed it for UTF-8
4c46b21ab2c7/27	portability(emitted)	java.util.zip.DeflaterOutputStream	deflaterOutput	com/github/tommyettinger/anim8/PNG8.java	3993	Instantiate — no zlib in a browser without a JS dependency; Scala Native implements the family and recently bug-fixed it for UTF-8
a6a8b2aae63f/27	portability(emitted)	java.util.zip.DeflaterOutputStream	deflaterOutput	com/github/tommyettinger/anim8/PNG8.java	3993	MemberType — no zlib in a browser without a JS dependency; Scala Native implements the family and recently bug-fixed it for UTF-8
4c46b21ab2c7/28	portability(emitted)	java.util.zip.DeflaterOutputStream	deflaterOutput	com/github/tommyettinger/anim8/PNG8.java	4156	Instantiate — no zlib in a browser without a JS dependency; Scala Native implements the family and recently bug-fixed it for UTF-8
a6a8b2aae63f/28	portability(emitted)	java.util.zip.DeflaterOutputStream	deflaterOutput	com/github/tommyettinger/anim8/PNG8.java	4156	MemberType — no zlib in a browser without a JS dependency; Scala Native implements the family and recently bug-fixed it for UTF-8
4c46b21ab2c7/29	portability(emitted)	java.util.zip.DeflaterOutputStream	deflaterOutput	com/github/tommyettinger/anim8/PNG8.java	4372	Instantiate — no zlib in a browser without a JS dependency; Scala Native implements the family and recently bug-fixed it for UTF-8
a6a8b2aae63f/29	portability(emitted)	java.util.zip.DeflaterOutputStream	deflaterOutput	com/github/tommyettinger/anim8/PNG8.java	4372	MemberType — no zlib in a browser without a JS dependency; Scala Native implements the family and recently bug-fixed it for UTF-8
4c46b21ab2c7/30	portability(emitted)	java.util.zip.DeflaterOutputStream	deflaterOutput	com/github/tommyettinger/anim8/PNG8.java	4505	Instantiate — no zlib in a browser without a JS dependency; Scala Native implements the family and recently bug-fixed it for UTF-8
a6a8b2aae63f/30	portability(emitted)	java.util.zip.DeflaterOutputStream	deflaterOutput	com/github/tommyettinger/anim8/PNG8.java	4505	MemberType — no zlib in a browser without a JS dependency; Scala Native implements the family and recently bug-fixed it for UTF-8
4c46b21ab2c7/31	portability(emitted)	java.util.zip.DeflaterOutputStream	deflaterOutput	com/github/tommyettinger/anim8/PNG8.java	4616	Instantiate — no zlib in a browser without a JS dependency; Scala Native implements the family and recently bug-fixed it for UTF-8
a6a8b2aae63f/31	portability(emitted)	java.util.zip.DeflaterOutputStream	deflaterOutput	com/github/tommyettinger/anim8/PNG8.java	4616	MemberType — no zlib in a browser without a JS dependency; Scala Native implements the family and recently bug-fixed it for UTF-8
4c46b21ab2c7/32	portability(emitted)	java.util.zip.DeflaterOutputStream	deflaterOutput	com/github/tommyettinger/anim8/PNG8.java	4754	Instantiate — no zlib in a browser without a JS dependency; Scala Native implements the family and recently bug-fixed it for UTF-8
a6a8b2aae63f/32	portability(emitted)	java.util.zip.DeflaterOutputStream	deflaterOutput	com/github/tommyettinger/anim8/PNG8.java	4754	MemberType — no zlib in a browser without a JS dependency; Scala Native implements the family and recently bug-fixed it for UTF-8
4c46b21ab2c7/33	portability(emitted)	java.util.zip.DeflaterOutputStream	deflaterOutput	com/github/tommyettinger/anim8/PNG8.java	4864	Instantiate — no zlib in a browser without a JS dependency; Scala Native implements the family and recently bug-fixed it for UTF-8
a6a8b2aae63f/33	portability(emitted)	java.util.zip.DeflaterOutputStream	deflaterOutput	com/github/tommyettinger/anim8/PNG8.java	4864	MemberType — no zlib in a browser without a JS dependency; Scala Native implements the family and recently bug-fixed it for UTF-8
4c46b21ab2c7/34	portability(emitted)	java.util.zip.DeflaterOutputStream	deflaterOutput	com/github/tommyettinger/anim8/PNG8.java	4977	Instantiate — no zlib in a browser without a JS dependency; Scala Native implements the family and recently bug-fixed it for UTF-8
a6a8b2aae63f/34	portability(emitted)	java.util.zip.DeflaterOutputStream	deflaterOutput	com/github/tommyettinger/anim8/PNG8.java	4977	MemberType — no zlib in a browser without a JS dependency; Scala Native implements the family and recently bug-fixed it for UTF-8
4c46b21ab2c7/35	portability(emitted)	java.util.zip.DeflaterOutputStream	deflaterOutput	com/github/tommyettinger/anim8/PNG8.java	5112	Instantiate — no zlib in a browser without a JS dependency; Scala Native implements the family and recently bug-fixed it for UTF-8
a6a8b2aae63f/35	portability(emitted)	java.util.zip.DeflaterOutputStream	deflaterOutput	com/github/tommyettinger/anim8/PNG8.java	5112	MemberType — no zlib in a browser without a JS dependency; Scala Native implements the family and recently bug-fixed it for UTF-8
4c46b21ab2c7/36	portability(emitted)	java.util.zip.DeflaterOutputStream	deflaterOutput	com/github/tommyettinger/anim8/PNG8.java	5221	Instantiate — no zlib in a browser without a JS dependency; Scala Native implements the family and recently bug-fixed it for UTF-8
a6a8b2aae63f/36	portability(emitted)	java.util.zip.DeflaterOutputStream	deflaterOutput	com/github/tommyettinger/anim8/PNG8.java	5221	MemberType — no zlib in a browser without a JS dependency; Scala Native implements the family and recently bug-fixed it for UTF-8
4c46b21ab2c7/37	portability(emitted)	java.util.zip.DeflaterOutputStream	deflaterOutput	com/github/tommyettinger/anim8/PNG8.java	5331	Instantiate — no zlib in a browser without a JS dependency; Scala Native implements the family and recently bug-fixed it for UTF-8
a6a8b2aae63f/37	portability(emitted)	java.util.zip.DeflaterOutputStream	deflaterOutput	com/github/tommyettinger/anim8/PNG8.java	5331	MemberType — no zlib in a browser without a JS dependency; Scala Native implements the family and recently bug-fixed it for UTF-8
4c46b21ab2c7/38	portability(emitted)	java.util.zip.DeflaterOutputStream	deflaterOutput	com/github/tommyettinger/anim8/PNG8.java	5464	Instantiate — no zlib in a browser without a JS dependency; Scala Native implements the family and recently bug-fixed it for UTF-8
a6a8b2aae63f/38	portability(emitted)	java.util.zip.DeflaterOutputStream	deflaterOutput	com/github/tommyettinger/anim8/PNG8.java	5464	MemberType — no zlib in a browser without a JS dependency; Scala Native implements the family and recently bug-fixed it for UTF-8
4c46b21ab2c7/39	portability(emitted)	java.util.zip.DeflaterOutputStream	deflaterOutput	com/github/tommyettinger/anim8/PNG8.java	5597	Instantiate — no zlib in a browser without a JS dependency; Scala Native implements the family and recently bug-fixed it for UTF-8
a6a8b2aae63f/39	portability(emitted)	java.util.zip.DeflaterOutputStream	deflaterOutput	com/github/tommyettinger/anim8/PNG8.java	5597	MemberType — no zlib in a browser without a JS dependency; Scala Native implements the family and recently bug-fixed it for UTF-8
4c46b21ab2c7/40	portability(emitted)	java.util.zip.DeflaterOutputStream	deflaterOutput	com/github/tommyettinger/anim8/PNG8.java	5754	Instantiate — no zlib in a browser without a JS dependency; Scala Native implements the family and recently bug-fixed it for UTF-8
a6a8b2aae63f/40	portability(emitted)	java.util.zip.DeflaterOutputStream	deflaterOutput	com/github/tommyettinger/anim8/PNG8.java	5754	MemberType — no zlib in a browser without a JS dependency; Scala Native implements the family and recently bug-fixed it for UTF-8
4c46b21ab2c7/41	portability(emitted)	java.util.zip.DeflaterOutputStream	deflaterOutput	com/github/tommyettinger/anim8/PNG8.java	5959	Instantiate — no zlib in a browser without a JS dependency; Scala Native implements the family and recently bug-fixed it for UTF-8
a6a8b2aae63f/41	portability(emitted)	java.util.zip.DeflaterOutputStream	deflaterOutput	com/github/tommyettinger/anim8/PNG8.java	5959	MemberType — no zlib in a browser without a JS dependency; Scala Native implements the family and recently bug-fixed it for UTF-8
4c46b21ab2c7/42	portability(emitted)	java.util.zip.DeflaterOutputStream	deflaterOutput	com/github/tommyettinger/anim8/PNG8.java	6108	Instantiate — no zlib in a browser without a JS dependency; Scala Native implements the family and recently bug-fixed it for UTF-8
a6a8b2aae63f/42	portability(emitted)	java.util.zip.DeflaterOutputStream	deflaterOutput	com/github/tommyettinger/anim8/PNG8.java	6108	MemberType — no zlib in a browser without a JS dependency; Scala Native implements the family and recently bug-fixed it for UTF-8
4c46b21ab2c7/43	portability(emitted)	java.util.zip.DeflaterOutputStream	deflaterOutput	com/github/tommyettinger/anim8/PNG8.java	6315	Instantiate — no zlib in a browser without a JS dependency; Scala Native implements the family and recently bug-fixed it for UTF-8
a6a8b2aae63f/43	portability(emitted)	java.util.zip.DeflaterOutputStream	deflaterOutput	com/github/tommyettinger/anim8/PNG8.java	6315	MemberType — no zlib in a browser without a JS dependency; Scala Native implements the family and recently bug-fixed it for UTF-8
4c46b21ab2c7/44	portability(emitted)	java.util.zip.DeflaterOutputStream	deflaterOutput	com/github/tommyettinger/anim8/PNG8.java	6526	Instantiate — no zlib in a browser without a JS dependency; Scala Native implements the family and recently bug-fixed it for UTF-8
a6a8b2aae63f/44	portability(emitted)	java.util.zip.DeflaterOutputStream	deflaterOutput	com/github/tommyettinger/anim8/PNG8.java	6526	MemberType — no zlib in a browser without a JS dependency; Scala Native implements the family and recently bug-fixed it for UTF-8
4c46b21ab2c7/45	portability(emitted)	java.util.zip.DeflaterOutputStream	deflaterOutput	com/github/tommyettinger/anim8/PNG8.java	6713	Instantiate — no zlib in a browser without a JS dependency; Scala Native implements the family and recently bug-fixed it for UTF-8
a6a8b2aae63f/45	portability(emitted)	java.util.zip.DeflaterOutputStream	deflaterOutput	com/github/tommyettinger/anim8/PNG8.java	6713	MemberType — no zlib in a browser without a JS dependency; Scala Native implements the family and recently bug-fixed it for UTF-8
4c46b21ab2c7/46	portability(emitted)	java.util.zip.DeflaterOutputStream	deflaterOutput	com/github/tommyettinger/anim8/PNG8.java	6919	Instantiate — no zlib in a browser without a JS dependency; Scala Native implements the family and recently bug-fixed it for UTF-8
a6a8b2aae63f/46	portability(emitted)	java.util.zip.DeflaterOutputStream	deflaterOutput	com/github/tommyettinger/anim8/PNG8.java	6919	MemberType — no zlib in a browser without a JS dependency; Scala Native implements the family and recently bug-fixed it for UTF-8
4c46b21ab2c7/47	portability(emitted)	java.util.zip.DeflaterOutputStream	deflaterOutput	com/github/tommyettinger/anim8/PNG8.java	7102	Instantiate — no zlib in a browser without a JS dependency; Scala Native implements the family and recently bug-fixed it for UTF-8
a6a8b2aae63f/47	portability(emitted)	java.util.zip.DeflaterOutputStream	deflaterOutput	com/github/tommyettinger/anim8/PNG8.java	7102	MemberType — no zlib in a browser without a JS dependency; Scala Native implements the family and recently bug-fixed it for UTF-8
4c46b21ab2c7/48	portability(emitted)	java.util.zip.DeflaterOutputStream	deflaterOutput	com/github/tommyettinger/anim8/PNG8.java	7315	Instantiate — no zlib in a browser without a JS dependency; Scala Native implements the family and recently bug-fixed it for UTF-8
a6a8b2aae63f/48	portability(emitted)	java.util.zip.DeflaterOutputStream	deflaterOutput	com/github/tommyettinger/anim8/PNG8.java	7315	MemberType — no zlib in a browser without a JS dependency; Scala Native implements the family and recently bug-fixed it for UTF-8
4c46b21ab2c7/49	portability(emitted)	java.util.zip.DeflaterOutputStream	deflaterOutput	com/github/tommyettinger/anim8/PNG8.java	7549	Instantiate — no zlib in a browser without a JS dependency; Scala Native implements the family and recently bug-fixed it for UTF-8
a6a8b2aae63f/49	portability(emitted)	java.util.zip.DeflaterOutputStream	deflaterOutput	com/github/tommyettinger/anim8/PNG8.java	7549	MemberType — no zlib in a browser without a JS dependency; Scala Native implements the family and recently bug-fixed it for UTF-8
4c46b21ab2c7/50	portability(emitted)	java.util.zip.DeflaterOutputStream	deflaterOutput	com/github/tommyettinger/anim8/PNG8.java	7748	Instantiate — no zlib in a browser without a JS dependency; Scala Native implements the family and recently bug-fixed it for UTF-8
a6a8b2aae63f/50	portability(emitted)	java.util.zip.DeflaterOutputStream	deflaterOutput	com/github/tommyettinger/anim8/PNG8.java	7748	MemberType — no zlib in a browser without a JS dependency; Scala Native implements the family and recently bug-fixed it for UTF-8
4c46b21ab2c7/51	portability(emitted)	java.util.zip.DeflaterOutputStream	deflaterOutput	com/github/tommyettinger/anim8/PNG8.java	7963	Instantiate — no zlib in a browser without a JS dependency; Scala Native implements the family and recently bug-fixed it for UTF-8
a6a8b2aae63f/51	portability(emitted)	java.util.zip.DeflaterOutputStream	deflaterOutput	com/github/tommyettinger/anim8/PNG8.java	7963	MemberType — no zlib in a browser without a JS dependency; Scala Native implements the family and recently bug-fixed it for UTF-8
4c46b21ab2c7/52	portability(emitted)	java.util.zip.DeflaterOutputStream	deflaterOutput	com/github/tommyettinger/anim8/PNG8.java	8175	Instantiate — no zlib in a browser without a JS dependency; Scala Native implements the family and recently bug-fixed it for UTF-8
a6a8b2aae63f/52	portability(emitted)	java.util.zip.DeflaterOutputStream	deflaterOutput	com/github/tommyettinger/anim8/PNG8.java	8175	MemberType — no zlib in a browser without a JS dependency; Scala Native implements the family and recently bug-fixed it for UTF-8
17ee9cb982e2	remediation	observation	java.util.zip.CRC32	-	0	observation — 5 site(s) across 2 declared type(s): sge.anim8.ChunkBuffer, sge.anim8.PNG8 — no single engine seam covers them; each site is its own decision (accept as JVM-only, drop the type, or hand-port it)
c0a265a06afb	remediation	observation	java.util.zip.Deflater	-	0	observation — 6 site(s) across 3 declared type(s): sge.anim8.AnimatedPNG, sge.anim8.FastPNG, sge.anim8.PNG8 — no single engine seam covers them; each site is its own decision (accept as JVM-only, drop the type, or hand-port it)
56b90069fd71	remediation	observation	java.util.zip.DeflaterOutputStream	-	0	observation — 108 site(s) across 3 declared type(s): sge.anim8.AnimatedPNG, sge.anim8.FastPNG, sge.anim8.PNG8 — no single engine seam covers them; each site is its own decision (accept as JVM-only, drop the type, or hand-port it)
07d4924f226a	remediation	resolved	java.util.Arrays#fill(float[],int,int,float)	com/github/tommyettinger/anim8/AnimatedGif.java	1780	accept-jdk-member — java.util.Arrays#fill(float[],int,int,float) — retyped to java.util.Arrays, no rewrite (195 site(s))  ·  selected at `java.util.Arrays#fill(float[],int,int,float)`, draining 1 row(s) from jdk-surface(unhandled)
e4d467df654d	remediation	substitutions-drop	sge.anim8.ChunkBuffer	-	0	Substitutions(dropTypes = Set("sge.anim8.ChunkBuffer"), inject = List(<dir holding your replacement>))  ·  needs one value from you — all 1 site(s) of 1 JVM-only API(s) are inside this one declared type (java.util.zip.CheckedOutputStream); 3 other type(s) reference it (sge.anim8.AnimatedPNG, sge.anim8.FastPNG, sge.anim8.PNG8); 4 of its 5 member(s) touch the API ! the replacement must declare the SAME FQN, or every referring type stops compiling
3f9d2ac4ba33	rewrite-callsites	Unaccounted	class-to-trait	<pipeline>	0	retyped 1 owned declaration(s) and names no check lane
65ba1b98ff86	signature	call to a member with no declaration	sge.utils.Pool#<init>	../../../../libgdx/gdx/src/com/badlogic/gdx/graphics/g2d/ParticleEffectPool.java	27	expects 0, found 0
1070b53d2456	signature	call to a member with no declaration	sge.utils.Pool#<init>	../../../../libgdx/gdx/src/com/badlogic/gdx/utils/DefaultPool.java	33	expects 0, found 0
5c5799c48070	signature	call to a member with no declaration	sge.utils.Pool#<init>	../../../../libgdx/gdx/src/com/badlogic/gdx/utils/FlushablePool.java	26	expects 0, found 2
5c5799c48070/2	signature	call to a member with no declaration	sge.utils.Pool#<init>	../../../../libgdx/gdx/src/com/badlogic/gdx/utils/FlushablePool.java	30	expects 0, found 2
5c5799c48070/3	signature	call to a member with no declaration	sge.utils.Pool#<init>	../../../../libgdx/gdx/src/com/badlogic/gdx/utils/FlushablePool.java	34	expects 0, found 2
d43a9bb49c01	signature	call to a member with no declaration	sge.utils.Pool#<init>	../../../../libgdx/gdx/src/com/badlogic/gdx/utils/ReflectionPool.java	43	expects 0, found 0
7e3822584235	signature	call to a member with no declaration	sge.utils.Pool#<init>	<synthetic>	0	expects 0, found 0
7e3822584235/2	signature	call to a member with no declaration	sge.utils.Pool#<init>	<synthetic>	0	expects 0, found 0
7e3822584235/3	signature	call to a member with no declaration	sge.utils.Pool#<init>	<synthetic>	0	expects 0, found 0
7e3822584235/4	signature	call to a member with no declaration	sge.utils.Pool#<init>	<synthetic>	0	expects 0, found 0
e60e0b949675	trivia(recovered)	recovered by the backstop	src/main/java/com/github/tommyettinger/anim8/PNG8.java	src/main/java/com/github/tommyettinger/anim8/PNG8.java	8312	the attachment channel could not place this comment; it was put back after the member it was written in, with its java coordinates — a counted residue, not a success
10371ad6ba86	unused-symbol(handled)	deleted	e	com/github/tommyettinger/anim8/AnimatedGif.java	357	unused local val — deleted
10371ad6ba86/2	unused-symbol(handled)	deleted	e	com/github/tommyettinger/anim8/AnimatedGif.java	379	unused local val — deleted
f671a7c09316	unused-symbol(handled)	deleted	eofe	com/github/tommyettinger/anim8/PNG8.java	8316	unused local val — deleted
b327e9086916	unused-symbol(handled)	discarded-binding	crc	com/github/tommyettinger/anim8/PNG8.java	8313	unused local val — discarded-binding
f8217c710611	unused-symbol(handled)	discarded-binding	startTime	com/github/tommyettinger/anim8/PaletteReducer.java	1502	unused local val — discarded-binding
