# balticporter port map	schema=4	module=sge-anim8	engine=balticporter/0.1.0-SNAPSHOT	sources=6b96efbdb888cc69	files=16	policy=bfc8233302789ad0	jdk=22
#kind	upstream	emitted	disposition	body	javaPath	javaLine	digest	shape
type	com.github.tommyettinger.anim8.AnimatedGif	sge.anim8.AnimatedGif	Renamed	-		0		companion=yes form=class parents=sge.anim8.AnimationWriter,sge.anim8.Dithered primary=() primaryKind=unique-root primaryVis=public
type	com.github.tommyettinger.anim8.AnimatedPNG	sge.anim8.AnimatedPNG	Renamed	-		0		companion=yes form=class parents=sge.anim8.AnimationWriter,java.lang.AutoCloseable primary=(int) primaryKind=unique-root primaryVis=public secondaries=() statics=COLOR_ARGB,COMPRESSION_DEFLATE,FILTER_NONE,IDAT,IEND,IHDR,INTERLACE_NONE,SIGNATURE,acTL,fcTL,fdAT
type	com.github.tommyettinger.anim8.AnimationWriter	sge.anim8.AnimationWriter	Renamed	-		0		form=trait
type	com.github.tommyettinger.anim8.ChunkBuffer	sge.anim8.ChunkBuffer	Renamed	-		0		form=class parents=java.io.DataOutputStream primary=(ByteArrayOutputStream,CRC32) primaryKind=unique-root primaryVis=private secondaries=(int)
type	com.github.tommyettinger.anim8.ConstantData	sge.anim8.ConstantData	Renamed	-		0		form=object primary=() primaryKind=unique-root primaryVis=public
type	com.github.tommyettinger.anim8.Dithered	sge.anim8.Dithered	Renamed	-		0		companion=yes form=trait statics=DitherAlgorithm
type	com.github.tommyettinger.anim8.Dithered$DitherAlgorithm	sge.anim8.Dithered$DitherAlgorithm	Renamed	-		0		companion=yes flags=abstract,sealed form=enum-class parents=java.lang.Enum primary=(String) primaryKind=not-funnelled primaryVis=public statics=ALL
type	com.github.tommyettinger.anim8.FastAPNG	sge.anim8.FastAPNG	Renamed	-		0		companion=yes disambiguator=marker form=class parents=sge.anim8.AnimatedPNG primary=(int,?) primaryKind=synthesised-primary primaryVis=protected secondaries=();(int)
type	com.github.tommyettinger.anim8.FastGif	sge.anim8.FastGif	Renamed	-		0		companion=yes form=class parents=sge.anim8.AnimatedGif primary=() primaryKind=unique-root primaryVis=public
type	com.github.tommyettinger.anim8.FastPNG	sge.anim8.FastPNG	Renamed	-		0		companion=yes form=class parents=java.lang.AutoCloseable primary=(int) primaryKind=unique-root primaryVis=public secondaries=() statics=COLOR_ARGB,COMPRESSION_DEFLATE,FILTER_NONE,IDAT,IEND,IHDR,INTERLACE_NONE,SIGNATURE
type	com.github.tommyettinger.anim8.FastPNG8	sge.anim8.FastPNG8	Renamed	-		0		companion=yes form=class parents=sge.anim8.PNG8 primary=(int) primaryKind=unique-root primaryVis=public secondaries=()
type	com.github.tommyettinger.anim8.FastPalette	sge.anim8.FastPalette	Renamed	-		0		companion=yes disambiguator=marker form=class parents=sge.anim8.PaletteReducer primary=(?) primaryKind=synthesised-primary primaryVis=protected secondaries=();(int[]);(int[],int);(Color[]);(Color[],int);(Pixmap);(Array);(int[],byte[]);(Pixmap,double)
type	com.github.tommyettinger.anim8.LZWEncoder	sge.anim8.LZWEncoder	Renamed	-		0		companion=yes form=class primary=(int,int,byte[],int) primaryKind=unique-root primaryVis=public statics=BITS,EOF,HSIZE
type	com.github.tommyettinger.anim8.OtherMath	sge.anim8.OtherMath	Renamed	-		0		flags=final form=object primary=() primaryKind=unique-root primaryVis=private
type	com.github.tommyettinger.anim8.OtherMath$BiasGain	sge.anim8.OtherMath$BiasGain	Renamed	-		0		companion=yes form=class parents=sge.math.Interpolation primary=(float,float) primaryKind=unique-root primaryVis=public secondaries=()
type	com.github.tommyettinger.anim8.PNG8	sge.anim8.PNG8	Renamed	-		0		companion=yes form=class parents=sge.anim8.AnimationWriter,sge.anim8.Dithered,java.lang.AutoCloseable primary=(int) primaryKind=unique-root primaryVis=public secondaries=() statics=COLOR_INDEXED,COMPRESSION_DEFLATE,FILTER_NONE,IDAT,IEND,IHDR,INTERLACE_NONE,PLTE,SIGNATURE,TRNS,acTL,centralizePalette,editPalette,editPaletteLightness,editPaletteOklab,editPaletteSaturation,fcTL,fdAT,hueShift,readChunks,swapPalette,writeChunks
type	com.github.tommyettinger.anim8.PaletteReducer	sge.anim8.PaletteReducer	Renamed	-		0		companion=yes disambiguator=marker form=class primary=(?) primaryKind=synthesised-primary primaryVis=protected secondaries=();(int[]);(int[],int);(Color[]);(Color[],int);(Pixmap);(Array);(int[],byte[]);(Pixmap,double) statics=AURORA,BIG_PALETTE,HALTONIC,IntComparator,OKLAB,SNUGGLY,TBM_BITS,TBM_MASK,TRIANGULAR_BYTE_LOOKUP,TRI_BAYER_MATRIX_128,TRI_BLUE_NOISE,TRI_BLUE_NOISE_B,TRI_BLUE_NOISE_C,TRI_BLUE_NOISE_MULTIPLIERS,TRI_BLUE_NOISE_MULTIPLIERS_B,TRI_BLUE_NOISE_MULTIPLIERS_C,bayer,bigPaletteLoaded,bigPaletteMapping,colorsFrom,compareSwap,entryComparator,forwardLight,fromLinearLUT,hueComparator,inPlaceMerge,interleaveBytes,lightnessComparator,loadPreloadFile,lowerBound,oklabToRGB,reverseLight,reverseShortBits,shrink,sort,sort16,sort8,stretch,swap,tempThresholdMatrix,thresholdMatrix16,thresholdMatrix64,thresholdMatrix8,toLinearLUT,upperBound
type	com.github.tommyettinger.anim8.PaletteReducer$IntComparator	sge.anim8.PaletteReducer$IntComparator	Renamed	-		0		form=trait
type	com.github.tommyettinger.anim8.QualityPalette	sge.anim8.QualityPalette	Renamed	-		0		companion=yes disambiguator=marker form=class parents=sge.anim8.PaletteReducer primary=(?) primaryKind=synthesised-primary primaryVis=protected secondaries=();(int[]);(int[],int);(Color[]);(Color[],int);(Pixmap);(Array);(int[],byte[]);(Pixmap,double) statics=forwardLight,reverseLight
type	com.badlogic.gdx.net.NetJavaImpl		Dropped	-		0		
type	com.badlogic.gdx.utils.Align		Dropped	-		0		
type	com.badlogic.gdx.utils.Disposable		Dropped	-		0		
type	com.badlogic.gdx.utils.Json		Dropped	-		0		
type	com.badlogic.gdx.utils.Pools		Dropped	-		0		
type	com.badlogic.gdx.utils.ReflectionPool		Dropped	-		0		
type	com.badlogic.gdx.utils.reflect.Annotation		Dropped	-		0		
type	com.badlogic.gdx.utils.reflect.ArrayReflection		Dropped	-		0		
type	com.badlogic.gdx.utils.reflect.ClassReflection		Dropped	-		0		
type	com.badlogic.gdx.utils.reflect.Constructor		Dropped	-		0		
type	com.badlogic.gdx.utils.reflect.Field		Dropped	-		0		
type	com.badlogic.gdx.utils.reflect.Method		Dropped	-		0		
type	com.badlogic.gdx.utils.reflect.ReflectionException		Dropped	-		0		
type		balticporter.runtime.JavaCollection	Added	-		0		
type		balticporter.runtime.JavaCollections	Added	-		0		
type		balticporter.runtime.JavaEnumMap	Added	-		0		
type		balticporter.runtime.JavaEnumSet	Added	-		0		
type		balticporter.runtime.JavaIterable	Added	-		0		
type		balticporter.runtime.JavaIterator	Added	-		0		
type		balticporter.runtime.JavaListIterator	Added	-		0		
type		balticporter.runtime.JavaOptionalDouble	Added	-		0		
type		balticporter.runtime.JavaOptionalInt	Added	-		0		
type		balticporter.runtime.JavaOptionalLong	Added	-		0		
type		balticporter.runtime.JavaStack	Added	-		0		
member	com.github.tommyettinger.anim8.AnimatedGif#addFrame(Pixmap)	sge.anim8.AnimatedGif#addFrame(Pixmap)	Renamed	-	com/github/tommyettinger/anim8/AnimatedGif.java	327	f532ffe1c7a0f837	
member	com.github.tommyettinger.anim8.AnimatedGif#analyzeAdditive()	sge.anim8.AnimatedGif#analyzeAdditive()	Renamed	-	com/github/tommyettinger/anim8/AnimatedGif.java	601	bcb7e4df3a7dfe94	
member	com.github.tommyettinger.anim8.AnimatedGif#analyzeBanter()	sge.anim8.AnimatedGif#analyzeBanter()	Renamed	-	com/github/tommyettinger/anim8/AnimatedGif.java	885	cf751fa3f38c0b63	
member	com.github.tommyettinger.anim8.AnimatedGif#analyzeBlue()	sge.anim8.AnimatedGif#analyzeBlue()	Renamed	-	com/github/tommyettinger/anim8/AnimatedGif.java	822	6384722006af1f32	
member	com.github.tommyettinger.anim8.AnimatedGif#analyzeBlunt()	sge.anim8.AnimatedGif#analyzeBlunt()	Renamed	-	com/github/tommyettinger/anim8/AnimatedGif.java	853	ba0d717c6bcd6dd3	
member	com.github.tommyettinger.anim8.AnimatedGif#analyzeBurkes()	sge.anim8.AnimatedGif#analyzeBurkes()	Renamed	-	com/github/tommyettinger/anim8/AnimatedGif.java	1698	c08663d4afdd7a4a	
member	com.github.tommyettinger.anim8.AnimatedGif#analyzeChaotic()	sge.anim8.AnimatedGif#analyzeChaotic()	Renamed	-	com/github/tommyettinger/anim8/AnimatedGif.java	528	3e341bd5b334ba4b	
member	com.github.tommyettinger.anim8.AnimatedGif#analyzeDiffusion()	sge.anim8.AnimatedGif#analyzeDiffusion()	Renamed	-	com/github/tommyettinger/anim8/AnimatedGif.java	723	5ac2e21ba31768a6	
member	com.github.tommyettinger.anim8.AnimatedGif#analyzeDodgy()	sge.anim8.AnimatedGif#analyzeDodgy()	Renamed	-	com/github/tommyettinger/anim8/AnimatedGif.java	1112	098b5511503e3bbf	
member	com.github.tommyettinger.anim8.AnimatedGif#analyzeGourd()	sge.anim8.AnimatedGif#analyzeGourd()	Renamed	-	com/github/tommyettinger/anim8/AnimatedGif.java	691	1835f4b4d4fc591e	
member	com.github.tommyettinger.anim8.AnimatedGif#analyzeGradient()	sge.anim8.AnimatedGif#analyzeGradient()	Renamed	-	com/github/tommyettinger/anim8/AnimatedGif.java	573	4a3a6c47433dcdd6	
member	com.github.tommyettinger.anim8.AnimatedGif#analyzeLoaf()	sge.anim8.AnimatedGif#analyzeLoaf()	Renamed	-	com/github/tommyettinger/anim8/AnimatedGif.java	663	66f9343d87342d07	
member	com.github.tommyettinger.anim8.AnimatedGif#analyzeMarten()	sge.anim8.AnimatedGif#analyzeMarten()	Renamed	-	com/github/tommyettinger/anim8/AnimatedGif.java	2083	efdd4fe261e701f2	
member	com.github.tommyettinger.anim8.AnimatedGif#analyzeNeue()	sge.anim8.AnimatedGif#analyzeNeue()	Renamed	-	com/github/tommyettinger/anim8/AnimatedGif.java	1215	06150c44a6aba2e6	
member	com.github.tommyettinger.anim8.AnimatedGif#analyzeNone()	sge.anim8.AnimatedGif#analyzeNone()	Renamed	-	com/github/tommyettinger/anim8/AnimatedGif.java	460	73daba763bdd7afe	
member	com.github.tommyettinger.anim8.AnimatedGif#analyzeOceanic()	sge.anim8.AnimatedGif#analyzeOceanic()	Renamed	-	com/github/tommyettinger/anim8/AnimatedGif.java	1820	d526f6155df8cf00	
member	com.github.tommyettinger.anim8.AnimatedGif#analyzeOverboard()	sge.anim8.AnimatedGif#analyzeOverboard()	Renamed	-	com/github/tommyettinger/anim8/AnimatedGif.java	1542	9386ab5ae02ef476	
member	com.github.tommyettinger.anim8.AnimatedGif#analyzePattern()	sge.anim8.AnimatedGif#analyzePattern()	Renamed	-	com/github/tommyettinger/anim8/AnimatedGif.java	486	64af7cdc21cd8496	
member	com.github.tommyettinger.anim8.AnimatedGif#analyzePixels()	sge.anim8.AnimatedGif#analyzePixels()	Renamed	-	com/github/tommyettinger/anim8/AnimatedGif.java	2119	b0c3fe2c7f9eebf9	
member	com.github.tommyettinger.anim8.AnimatedGif#analyzeRoberts()	sge.anim8.AnimatedGif#analyzeRoberts()	Renamed	-	com/github/tommyettinger/anim8/AnimatedGif.java	630	2debb58017239cf9	
member	com.github.tommyettinger.anim8.AnimatedGif#analyzeScatter()	sge.anim8.AnimatedGif#analyzeScatter()	Renamed	-	com/github/tommyettinger/anim8/AnimatedGif.java	916	c243cf4b1feb4856	
member	com.github.tommyettinger.anim8.AnimatedGif#analyzeSeaside()	sge.anim8.AnimatedGif#analyzeSeaside()	Renamed	-	com/github/tommyettinger/anim8/AnimatedGif.java	1951	376be4b5d035e736	
member	com.github.tommyettinger.anim8.AnimatedGif#analyzeWoven()	sge.anim8.AnimatedGif#analyzeWoven()	Renamed	-	com/github/tommyettinger/anim8/AnimatedGif.java	1015	f5247759ef4cca76	
member	com.github.tommyettinger.anim8.AnimatedGif#analyzeWren()	sge.anim8.AnimatedGif#analyzeWren()	Renamed	-	com/github/tommyettinger/anim8/AnimatedGif.java	1414	79968052e51daae5	
member	com.github.tommyettinger.anim8.AnimatedGif#analyzeWrenOriginal()	sge.anim8.AnimatedGif#analyzeWrenOriginal()	Renamed	-	com/github/tommyettinger/anim8/AnimatedGif.java	1316	f0ee0a753938acd0	
member	com.github.tommyettinger.anim8.AnimatedGif#clearPalette	sge.anim8.AnimatedGif#clearPalette	Renamed	-	com/github/tommyettinger/anim8/AnimatedGif.java	178	e8f37d5c46de2431	
member	com.github.tommyettinger.anim8.AnimatedGif#closeStream	sge.anim8.AnimatedGif#closeStream	Renamed	-	com/github/tommyettinger/anim8/AnimatedGif.java	170	825c83221ceaac84	
member	com.github.tommyettinger.anim8.AnimatedGif#colorDepth	sge.anim8.AnimatedGif#colorDepth	Renamed	-	com/github/tommyettinger/anim8/AnimatedGif.java	160	79d4e47d3840a4ea	
member	com.github.tommyettinger.anim8.AnimatedGif#colorTab	sge.anim8.AnimatedGif#colorTab	Renamed	-	com/github/tommyettinger/anim8/AnimatedGif.java	162	dfc89012bf2e062f	
member	com.github.tommyettinger.anim8.AnimatedGif#delay	sge.anim8.AnimatedGif#delay	Renamed	-	com/github/tommyettinger/anim8/AnimatedGif.java	150	03318c2f7b75df2f	
member	com.github.tommyettinger.anim8.AnimatedGif#dispose	sge.anim8.AnimatedGif#dispose	Renamed	-	com/github/tommyettinger/anim8/AnimatedGif.java	168	e81ce3b1aa04f0c8	
member	com.github.tommyettinger.anim8.AnimatedGif#getDitherAlgorithm	sge.anim8.AnimatedGif#ditherAlgorithm	Renamed	-	com/github/tommyettinger/anim8/AnimatedGif.java	134	53e7317685759995	name=ditherAlgorithm$field
member	com.github.tommyettinger.anim8.AnimatedGif#getDitherAlgorithm()	sge.anim8.AnimatedGif#ditherAlgorithm()	Renamed	-	com/github/tommyettinger/anim8/AnimatedGif.java	303	70eab18ff91dde67	
member	com.github.tommyettinger.anim8.AnimatedGif#setDitherAlgorithm(DitherAlgorithm)	sge.anim8.AnimatedGif#ditherAlgorithm_=(DitherAlgorithm)	Renamed	-	com/github/tommyettinger/anim8/AnimatedGif.java	312	4f2f1732439df7c6	
member	com.github.tommyettinger.anim8.AnimatedGif#getDitherStrength	sge.anim8.AnimatedGif#ditherStrength	Renamed	-	com/github/tommyettinger/anim8/AnimatedGif.java	203	6d18102138993aab	name=ditherStrength$field
member	com.github.tommyettinger.anim8.AnimatedGif#getDitherStrength()	sge.anim8.AnimatedGif#ditherStrength()	Renamed	-	com/github/tommyettinger/anim8/AnimatedGif.java	211	b84c6bd3a2c02a5c	
member	com.github.tommyettinger.anim8.AnimatedGif#setDitherStrength(float)	sge.anim8.AnimatedGif#ditherStrength_=(float)	Renamed	-	com/github/tommyettinger/anim8/AnimatedGif.java	221	138763e9a946de4d	
member	com.github.tommyettinger.anim8.AnimatedGif#fastAnalysis	sge.anim8.AnimatedGif#fastAnalysis	Renamed	-	com/github/tommyettinger/anim8/AnimatedGif.java	187	2ed24be573a72eb2	
member	com.github.tommyettinger.anim8.AnimatedGif#finish()	sge.anim8.AnimatedGif#finish()	Renamed	-	com/github/tommyettinger/anim8/AnimatedGif.java	368	348313bad746a6a7	
member	com.github.tommyettinger.anim8.AnimatedGif#firstFrame	sge.anim8.AnimatedGif#firstFrame	Renamed	-	com/github/tommyettinger/anim8/AnimatedGif.java	172	1ee8e9c839f5e61f	
member	com.github.tommyettinger.anim8.AnimatedGif#isFlipY	sge.anim8.AnimatedGif#flipY	Renamed	-	com/github/tommyettinger/anim8/AnimatedGif.java	144	467e151db452defb	name=flipY$field
member	com.github.tommyettinger.anim8.AnimatedGif#isFlipY()	sge.anim8.AnimatedGif#flipY()	Renamed	-	com/github/tommyettinger/anim8/AnimatedGif.java	287	b39b8dac1ecd905d	
member	com.github.tommyettinger.anim8.AnimatedGif#setFlipY(boolean)	sge.anim8.AnimatedGif#flipY_=(boolean)	Renamed	-	com/github/tommyettinger/anim8/AnimatedGif.java	295	52ff285b07c3a5d2	
member	com.github.tommyettinger.anim8.AnimatedGif#getImagePixels()	sge.anim8.AnimatedGif#getImagePixels()	Renamed	-	com/github/tommyettinger/anim8/AnimatedGif.java	2222	3c2725d0fe9a2d70	
member	com.github.tommyettinger.anim8.AnimatedGif#height	sge.anim8.AnimatedGif#height	Renamed	-	com/github/tommyettinger/anim8/AnimatedGif.java	138	59842463f40dd936	
member	com.github.tommyettinger.anim8.AnimatedGif#image	sge.anim8.AnimatedGif#image	Renamed	-	com/github/tommyettinger/anim8/AnimatedGif.java	156	216c4b5a5a29d8e0	
member	com.github.tommyettinger.anim8.AnimatedGif#indexedPixels	sge.anim8.AnimatedGif#indexedPixels	Renamed	-	com/github/tommyettinger/anim8/AnimatedGif.java	158	1cf2c4389c9cd60d	
member	com.github.tommyettinger.anim8.AnimatedGif#isFastAnalysis()	sge.anim8.AnimatedGif#isFastAnalysis	Renamed	-	com/github/tommyettinger/anim8/AnimatedGif.java	2361	b8ef0bb27868c08c	form=parenless
member	com.github.tommyettinger.anim8.AnimatedGif#out	sge.anim8.AnimatedGif#out	Renamed	-	com/github/tommyettinger/anim8/AnimatedGif.java	154	47cfe68c1f43b76e	
member	com.github.tommyettinger.anim8.AnimatedGif#palSize	sge.anim8.AnimatedGif#palSize	Renamed	-	com/github/tommyettinger/anim8/AnimatedGif.java	166	282d4bba2253f60b	
member	com.github.tommyettinger.anim8.AnimatedGif#getPalette	sge.anim8.AnimatedGif#palette	Renamed	-	com/github/tommyettinger/anim8/AnimatedGif.java	197	f7a3d6cdf3d77679	name=palette$field
member	com.github.tommyettinger.anim8.AnimatedGif#getPalette()	sge.anim8.AnimatedGif#palette()	Renamed	-	com/github/tommyettinger/anim8/AnimatedGif.java	232	6fe59203bf8f420b	
member	com.github.tommyettinger.anim8.AnimatedGif#setPalette(PaletteReducer)	sge.anim8.AnimatedGif#palette_=(PaletteReducer)	Renamed	-	com/github/tommyettinger/anim8/AnimatedGif.java	243	c30e74b35a7af189	
member	com.github.tommyettinger.anim8.AnimatedGif#repeat	sge.anim8.AnimatedGif#repeat	Renamed	-	com/github/tommyettinger/anim8/AnimatedGif.java	148	5aac3f2070fa0519	
member	com.github.tommyettinger.anim8.AnimatedGif#seq	sge.anim8.AnimatedGif#seq	Renamed	-	com/github/tommyettinger/anim8/AnimatedGif.java	176	26c371fb8366fbaf	
member	com.github.tommyettinger.anim8.AnimatedGif#setDelay(int)	sge.anim8.AnimatedGif#setDelay(int)	Renamed	-	com/github/tommyettinger/anim8/AnimatedGif.java	253	9b493aaa4c07be3c	
member	com.github.tommyettinger.anim8.AnimatedGif#setDispose(int)	sge.anim8.AnimatedGif#setDispose(int)	Renamed	-	com/github/tommyettinger/anim8/AnimatedGif.java	264	3f32c26295444016	
member	com.github.tommyettinger.anim8.AnimatedGif#setFastAnalysis(boolean)	sge.anim8.AnimatedGif#setFastAnalysis(boolean)	Renamed	-	com/github/tommyettinger/anim8/AnimatedGif.java	2365	87409c08cba2a45f	
member	com.github.tommyettinger.anim8.AnimatedGif#setFrameRate(float)	sge.anim8.AnimatedGif#setFrameRate(float)	Renamed	-	com/github/tommyettinger/anim8/AnimatedGif.java	403	3475b5b95567c62e	
member	com.github.tommyettinger.anim8.AnimatedGif#setPosition(int,int)	sge.anim8.AnimatedGif#setPosition(int,int)	Renamed	-	com/github/tommyettinger/anim8/AnimatedGif.java	433	254c837c77b0090a	
member	com.github.tommyettinger.anim8.AnimatedGif#setRepeat(int)	sge.anim8.AnimatedGif#setRepeat(int)	Renamed	-	com/github/tommyettinger/anim8/AnimatedGif.java	277	4c7e2791eab4a361	
member	com.github.tommyettinger.anim8.AnimatedGif#setSize(int,int)	sge.anim8.AnimatedGif#setSize(int,int)	Renamed	-	com/github/tommyettinger/anim8/AnimatedGif.java	416	c6bd5dd571deeb11	
member	com.github.tommyettinger.anim8.AnimatedGif#sizeSet	sge.anim8.AnimatedGif#sizeSet	Renamed	-	com/github/tommyettinger/anim8/AnimatedGif.java	174	93e5198f3d818cf1	
member	com.github.tommyettinger.anim8.AnimatedGif#start(OutputStream)	sge.anim8.AnimatedGif#start(OutputStream)	Renamed	-	com/github/tommyettinger/anim8/AnimatedGif.java	445	3cba797c3fb5c9e3	
member	com.github.tommyettinger.anim8.AnimatedGif#started	sge.anim8.AnimatedGif#started	Renamed	-	com/github/tommyettinger/anim8/AnimatedGif.java	152	c92390c6ea6ff93a	
member	com.github.tommyettinger.anim8.AnimatedGif#transIndex	sge.anim8.AnimatedGif#transIndex	Renamed	-	com/github/tommyettinger/anim8/AnimatedGif.java	146	28842bf0c6127b17	
member	com.github.tommyettinger.anim8.AnimatedGif#usedEntry	sge.anim8.AnimatedGif#usedEntry	Renamed	-	com/github/tommyettinger/anim8/AnimatedGif.java	164	5d7d8fe89b9bb056	
member	com.github.tommyettinger.anim8.AnimatedGif#width	sge.anim8.AnimatedGif#width	Renamed	-	com/github/tommyettinger/anim8/AnimatedGif.java	136	93c8440defc4ffb8	
member	com.github.tommyettinger.anim8.AnimatedGif#write(FileHandle,Array)	sge.anim8.AnimatedGif#write(FileHandle,Array<Pixmap>)	Renamed	-	com/github/tommyettinger/anim8/AnimatedGif.java	74	3386a20e07873cce	
member	com.github.tommyettinger.anim8.AnimatedGif#write(FileHandle,Array,int)	sge.anim8.AnimatedGif#write(FileHandle,Array<Pixmap>,int)	Renamed	-	com/github/tommyettinger/anim8/AnimatedGif.java	86	6e8830ee52be87db	
member	com.github.tommyettinger.anim8.AnimatedGif#write(OutputStream,Array,int)	sge.anim8.AnimatedGif#write(OutputStream,Array<Pixmap>,int)	Renamed	-	com/github/tommyettinger/anim8/AnimatedGif.java	113	952478eb633381e8	
member	com.github.tommyettinger.anim8.AnimatedGif#writeGraphicCtrlExt()	sge.anim8.AnimatedGif#writeGraphicCtrlExt()	Renamed	-	com/github/tommyettinger/anim8/AnimatedGif.java	2236	61af8d872f8d1a16	
member	com.github.tommyettinger.anim8.AnimatedGif#writeImageDesc()	sge.anim8.AnimatedGif#writeImageDesc()	Renamed	-	com/github/tommyettinger/anim8/AnimatedGif.java	2267	da11a964af49ec5f	
member	com.github.tommyettinger.anim8.AnimatedGif#writeLSD()	sge.anim8.AnimatedGif#writeLSD()	Renamed	-	com/github/tommyettinger/anim8/AnimatedGif.java	2290	743e5564179a6d23	
member	com.github.tommyettinger.anim8.AnimatedGif#writeNetscapeExt()	sge.anim8.AnimatedGif#writeNetscapeExt()	Renamed	-	com/github/tommyettinger/anim8/AnimatedGif.java	2307	5d1ba81ad21e7cab	
member	com.github.tommyettinger.anim8.AnimatedGif#writePalette()	sge.anim8.AnimatedGif#writePalette()	Renamed	-	com/github/tommyettinger/anim8/AnimatedGif.java	2321	d1df7c05019dc5e0	
member	com.github.tommyettinger.anim8.AnimatedGif#writePixels()	sge.anim8.AnimatedGif#writePixels()	Renamed	-	com/github/tommyettinger/anim8/AnimatedGif.java	2332	05d141e0ad9c07e1	
member	com.github.tommyettinger.anim8.AnimatedGif#writeShort(int)	sge.anim8.AnimatedGif#writeShort(int)	Renamed	-	com/github/tommyettinger/anim8/AnimatedGif.java	2340	5b82e4b097279141	
member	com.github.tommyettinger.anim8.AnimatedGif#writeString(String)	sge.anim8.AnimatedGif#writeString(String)	Renamed	-	com/github/tommyettinger/anim8/AnimatedGif.java	2348	28e2826aa16274f6	
member	com.github.tommyettinger.anim8.AnimatedGif#x	sge.anim8.AnimatedGif#x	Renamed	-	com/github/tommyettinger/anim8/AnimatedGif.java	140	f8caaa91ba85bcf1	
member	com.github.tommyettinger.anim8.AnimatedGif#y	sge.anim8.AnimatedGif#y	Renamed	-	com/github/tommyettinger/anim8/AnimatedGif.java	142	28e8082d792f06ac	
member	com.github.tommyettinger.anim8.AnimatedPNG#<init>(Sge)	sge.anim8.AnimatedPNG#<init>(Sge)	Renamed	-	com/github/tommyettinger/anim8/AnimatedPNG.java	99	a24d3cab5fc0161e	
member	com.github.tommyettinger.anim8.AnimatedPNG#<stmt1>	sge.anim8.AnimatedPNG#<stmt1>	Renamed	-	com/github/tommyettinger/anim8/AnimatedPNG.java	110	75d72649c1a9f8e4	
member	com.github.tommyettinger.anim8.AnimatedPNG#<stmt2>	sge.anim8.AnimatedPNG#<stmt2>	Renamed	-	com/github/tommyettinger/anim8/AnimatedPNG.java	111	892718451a90edbd	
member	com.github.tommyettinger.anim8.AnimatedPNG#COLOR_ARGB	sge.anim8.AnimatedPNG#COLOR_ARGB	Renamed	-	com/github/tommyettinger/anim8/AnimatedPNG.java	84	6f2ac88c961f3c52	placement=companion vis=private
member	com.github.tommyettinger.anim8.AnimatedPNG#COMPRESSION_DEFLATE	sge.anim8.AnimatedPNG#COMPRESSION_DEFLATE	Renamed	-	com/github/tommyettinger/anim8/AnimatedPNG.java	85	4cfa83eab64f15e4	placement=companion vis=private
member	com.github.tommyettinger.anim8.AnimatedPNG#FILTER_NONE	sge.anim8.AnimatedPNG#FILTER_NONE	Renamed	-	com/github/tommyettinger/anim8/AnimatedPNG.java	86	5692708521525b2a	placement=companion vis=private
member	com.github.tommyettinger.anim8.AnimatedPNG#IDAT	sge.anim8.AnimatedPNG#IDAT	Renamed	-	com/github/tommyettinger/anim8/AnimatedPNG.java	82	b0e672c23e4c0855	placement=companion vis=private
member	com.github.tommyettinger.anim8.AnimatedPNG#IEND	sge.anim8.AnimatedPNG#IEND	Renamed	-	com/github/tommyettinger/anim8/AnimatedPNG.java	83	b876a5cf155dbe0c	placement=companion vis=private
member	com.github.tommyettinger.anim8.AnimatedPNG#IHDR	sge.anim8.AnimatedPNG#IHDR	Renamed	-	com/github/tommyettinger/anim8/AnimatedPNG.java	81	69c0c3bc0303a7cd	placement=companion vis=private
member	com.github.tommyettinger.anim8.AnimatedPNG#INTERLACE_NONE	sge.anim8.AnimatedPNG#INTERLACE_NONE	Renamed	-	com/github/tommyettinger/anim8/AnimatedPNG.java	87	4a6352b7fd983aac	placement=companion vis=private
member	com.github.tommyettinger.anim8.AnimatedPNG#SIGNATURE	sge.anim8.AnimatedPNG#SIGNATURE	Renamed	-	com/github/tommyettinger/anim8/AnimatedPNG.java	80	3f9a8ce21da39b90	placement=companion vis=private
member	com.github.tommyettinger.anim8.AnimatedPNG#acTL	sge.anim8.AnimatedPNG#acTL	Renamed	-	com/github/tommyettinger/anim8/AnimatedPNG.java	81	0b669a60cdbe9ffd	placement=companion vis=private
member	com.github.tommyettinger.anim8.AnimatedPNG#buffer	sge.anim8.AnimatedPNG#buffer	Renamed	-	com/github/tommyettinger/anim8/AnimatedPNG.java	91	6d73b9f8b7fc4a77	
member	com.github.tommyettinger.anim8.AnimatedPNG#dispose()	sge.anim8.AnimatedPNG#close()	Renamed	-	com/github/tommyettinger/anim8/AnimatedPNG.java	304	667d8134a880a0d5	
member	com.github.tommyettinger.anim8.AnimatedPNG#curLineBytes	sge.anim8.AnimatedPNG#curLineBytes	Renamed	-	com/github/tommyettinger/anim8/AnimatedPNG.java	93	af3065e7af29e049	vis=private
member	com.github.tommyettinger.anim8.AnimatedPNG#deflater	sge.anim8.AnimatedPNG#deflater	Renamed	-	com/github/tommyettinger/anim8/AnimatedPNG.java	92	c30e9487ce36783f	
member	com.github.tommyettinger.anim8.AnimatedPNG#fcTL	sge.anim8.AnimatedPNG#fcTL	Renamed	-	com/github/tommyettinger/anim8/AnimatedPNG.java	82	b18bb9c3c27a0b14	placement=companion vis=private
member	com.github.tommyettinger.anim8.AnimatedPNG#fdAT	sge.anim8.AnimatedPNG#fdAT	Renamed	-	com/github/tommyettinger/anim8/AnimatedPNG.java	83	b6c76c06dfcf54fc	placement=companion vis=private
member	com.github.tommyettinger.anim8.AnimatedPNG#flipY	sge.anim8.AnimatedPNG#flipY	Renamed	-	com/github/tommyettinger/anim8/AnimatedPNG.java	94	c35d6d0a77ec23d4	vis=private
member	com.github.tommyettinger.anim8.AnimatedPNG#setCompression(int)	sge.anim8.AnimatedPNG#setCompression(int)	Renamed	-	com/github/tommyettinger/anim8/AnimatedPNG.java	125	4878f422da7f1dff	
member	com.github.tommyettinger.anim8.AnimatedPNG#setFlipY(boolean)	sge.anim8.AnimatedPNG#setFlipY(boolean)	Renamed	-	com/github/tommyettinger/anim8/AnimatedPNG.java	117	cd42e58a6b7a5a73	
member	com.github.tommyettinger.anim8.AnimatedPNG#write(FileHandle,Array)	sge.anim8.AnimatedPNG#write(FileHandle,Array<Pixmap>)	Renamed	-	com/github/tommyettinger/anim8/AnimatedPNG.java	137	7a88b1270cef69de	
member	com.github.tommyettinger.anim8.AnimatedPNG#write(FileHandle,Array,int)	sge.anim8.AnimatedPNG#write(FileHandle,Array<Pixmap>,int)	Renamed	-	com/github/tommyettinger/anim8/AnimatedPNG.java	154	d1f66f549cb0c9bf	
member	com.github.tommyettinger.anim8.AnimatedPNG#write(OutputStream,Array,int)	sge.anim8.AnimatedPNG#write(OutputStream,Array<Pixmap>,int)	Renamed	-	com/github/tommyettinger/anim8/AnimatedPNG.java	172	4310b11bd2a1b49a	
member	com.github.tommyettinger.anim8.AnimationWriter#write(FileHandle,Array)	sge.anim8.AnimationWriter#write(FileHandle,Array<Pixmap>)	Renamed	-	com/github/tommyettinger/anim8/AnimationWriter.java	33	54e783c451aacb22	
member	com.github.tommyettinger.anim8.AnimationWriter#write(FileHandle,Array,int)	sge.anim8.AnimationWriter#write(FileHandle,Array<Pixmap>,int)	Renamed	-	com/github/tommyettinger/anim8/AnimationWriter.java	34	71ec95a8a6f666ab	
member	com.github.tommyettinger.anim8.AnimationWriter#write(OutputStream,Array,int)	sge.anim8.AnimationWriter#write(OutputStream,Array<Pixmap>,int)	Renamed	-	com/github/tommyettinger/anim8/AnimationWriter.java	35	ac849bb653bc172b	
member	com.github.tommyettinger.anim8.ChunkBuffer#<init>(int)	sge.anim8.ChunkBuffer#<init>(int)	Renamed	-	com/github/tommyettinger/anim8/ChunkBuffer.java	34	92a1d68296834208	
member	com.github.tommyettinger.anim8.ChunkBuffer#<stmt1>	sge.anim8.ChunkBuffer#<stmt1>	Renamed	-	com/github/tommyettinger/anim8/ChunkBuffer.java	40	03894eafb5d12384	
member	com.github.tommyettinger.anim8.ChunkBuffer#<stmt2>	sge.anim8.ChunkBuffer#<stmt2>	Renamed	-	com/github/tommyettinger/anim8/ChunkBuffer.java	41	3fa2026817a30db7	
member	com.github.tommyettinger.anim8.ChunkBuffer#buffer	sge.anim8.ChunkBuffer#buffer	Renamed	-	com/github/tommyettinger/anim8/ChunkBuffer.java	31	d4aa0760a813d6e2	
member	com.github.tommyettinger.anim8.ChunkBuffer#crc	sge.anim8.ChunkBuffer#crc	Renamed	-	com/github/tommyettinger/anim8/ChunkBuffer.java	32	3f7c03e43ac66bfd	
member	com.github.tommyettinger.anim8.ChunkBuffer#endChunk(DataOutputStream)	sge.anim8.ChunkBuffer#endChunk(DataOutputStream)	Renamed	-	com/github/tommyettinger/anim8/ChunkBuffer.java	44	82d81555cdfb5dac	
member	com.github.tommyettinger.anim8.ConstantData#<clinit>	sge.anim8.ConstantData#<clinit>	Renamed	-	com/github/tommyettinger/anim8/ConstantData.java	65	88e8225cfe97c6ea	placement=companion
member	com.github.tommyettinger.anim8.ConstantData#<clinit>	sge.anim8.ConstantData#<clinit>	Renamed	-	com/github/tommyettinger/anim8/ConstantData.java	101	d7c85a4889d43adf	placement=companion
member	com.github.tommyettinger.anim8.ConstantData#ENCODED_SNUGGLY	sge.anim8.ConstantData#ENCODED_SNUGGLY	Renamed	-	com/github/tommyettinger/anim8/ConstantData.java	34	62d6455fc751e2c8	placement=companion
member	com.github.tommyettinger.anim8.ConstantData#TRI_BLUE_NOISE	sge.anim8.ConstantData#TRI_BLUE_NOISE	Renamed	-	com/github/tommyettinger/anim8/ConstantData.java	43	3dfa7cfd755c40fb	placement=companion
member	com.github.tommyettinger.anim8.ConstantData#TRI_BLUE_NOISE_B	sge.anim8.ConstantData#TRI_BLUE_NOISE_B	Renamed	-	com/github/tommyettinger/anim8/ConstantData.java	53	53a394867eb5a829	placement=companion
member	com.github.tommyettinger.anim8.ConstantData#TRI_BLUE_NOISE_C	sge.anim8.ConstantData#TRI_BLUE_NOISE_C	Renamed	-	com/github/tommyettinger/anim8/ConstantData.java	63	511a4af35bff2fac	placement=companion
member	com.github.tommyettinger.anim8.ConstantData#TRI_BLUE_NOISE_MULTIPLIERS	sge.anim8.ConstantData#TRI_BLUE_NOISE_MULTIPLIERS	Renamed	-	com/github/tommyettinger/anim8/ConstantData.java	80	ec6418bce9e10120	placement=companion
member	com.github.tommyettinger.anim8.ConstantData#TRI_BLUE_NOISE_MULTIPLIERS_B	sge.anim8.ConstantData#TRI_BLUE_NOISE_MULTIPLIERS_B	Renamed	-	com/github/tommyettinger/anim8/ConstantData.java	90	2cc058dd3a5edb86	placement=companion
member	com.github.tommyettinger.anim8.ConstantData#TRI_BLUE_NOISE_MULTIPLIERS_C	sge.anim8.ConstantData#TRI_BLUE_NOISE_MULTIPLIERS_C	Renamed	-	com/github/tommyettinger/anim8/ConstantData.java	100	0bb4e65b02c91565	placement=companion
member	com.github.tommyettinger.anim8.Dithered#getDitherAlgorithm()	sge.anim8.Dithered#ditherAlgorithm()	Renamed	-	com/github/tommyettinger/anim8/Dithered.java	44	7d4b451ef857514f	
member	com.github.tommyettinger.anim8.Dithered#setDitherAlgorithm(DitherAlgorithm)	sge.anim8.Dithered#ditherAlgorithm_=(DitherAlgorithm)	Renamed	-	com/github/tommyettinger/anim8/Dithered.java	50	fde9e9d42d459929	
member	com.github.tommyettinger.anim8.Dithered#getPalette()	sge.anim8.Dithered#palette()	Renamed	-	com/github/tommyettinger/anim8/Dithered.java	31	8108c499873ddab6	
member	com.github.tommyettinger.anim8.Dithered#setPalette(PaletteReducer)	sge.anim8.Dithered#palette_=(PaletteReducer)	Renamed	-	com/github/tommyettinger/anim8/Dithered.java	38	8c633a3a8e321069	
member	com.github.tommyettinger.anim8.Dithered$DitherAlgorithm#<stmt1>	sge.anim8.Dithered$DitherAlgorithm#<stmt1>	Renamed	-	com/github/tommyettinger/anim8/Dithered.java	412	56568ca4d7221d07	
member	com.github.tommyettinger.anim8.Dithered$DitherAlgorithm#ALL	sge.anim8.Dithered$DitherAlgorithm#ALL	Renamed	-	com/github/tommyettinger/anim8/Dithered.java	409	f758d2f3b8feea3a	placement=companion
member	com.github.tommyettinger.anim8.Dithered$DitherAlgorithm#legibleName	sge.anim8.Dithered$DitherAlgorithm#legibleName	Renamed	-	com/github/tommyettinger/anim8/Dithered.java	393	cc33b15676a89e9d	
member	com.github.tommyettinger.anim8.Dithered$DitherAlgorithm#toString()	sge.anim8.Dithered$DitherAlgorithm#toString()	Renamed	-	com/github/tommyettinger/anim8/Dithered.java	416	2143763935e0b953	
member	com.github.tommyettinger.anim8.FastAPNG#<init>(Sge)	sge.anim8.FastAPNG#<init>(Sge)	Renamed	-	com/github/tommyettinger/anim8/FastAPNG.java	58	87f5dc2ce1f4fe2e	
member	com.github.tommyettinger.anim8.FastAPNG#<init>(int,Sge)	sge.anim8.FastAPNG#<init>(int,Sge)	Renamed	-	com/github/tommyettinger/anim8/FastAPNG.java	68	fb58dc6bd1092a91	
member	com.github.tommyettinger.anim8.FastGif#write(OutputStream,Array,int)	sge.anim8.FastGif#write(OutputStream,Array<Pixmap>,int)	Renamed	-	com/github/tommyettinger/anim8/FastGif.java	78	11af613c7c316f8a	
member	com.github.tommyettinger.anim8.FastPNG#<init>(Sge)	sge.anim8.FastPNG#<init>(Sge)	Renamed	-	com/github/tommyettinger/anim8/FastPNG.java	102	81c3a97e4747ba1e	
member	com.github.tommyettinger.anim8.FastPNG#<stmt1>	sge.anim8.FastPNG#<stmt1>	Renamed	-	com/github/tommyettinger/anim8/FastPNG.java	113	75d72649c1a9f8e4	
member	com.github.tommyettinger.anim8.FastPNG#<stmt2>	sge.anim8.FastPNG#<stmt2>	Renamed	-	com/github/tommyettinger/anim8/FastPNG.java	114	8bf7641d4f4f2250	
member	com.github.tommyettinger.anim8.FastPNG#COLOR_ARGB	sge.anim8.FastPNG#COLOR_ARGB	Renamed	-	com/github/tommyettinger/anim8/FastPNG.java	89	6f2ac88c961f3c52	placement=companion vis=private
member	com.github.tommyettinger.anim8.FastPNG#COMPRESSION_DEFLATE	sge.anim8.FastPNG#COMPRESSION_DEFLATE	Renamed	-	com/github/tommyettinger/anim8/FastPNG.java	90	4cfa83eab64f15e4	placement=companion vis=private
member	com.github.tommyettinger.anim8.FastPNG#FILTER_NONE	sge.anim8.FastPNG#FILTER_NONE	Renamed	-	com/github/tommyettinger/anim8/FastPNG.java	91	5692708521525b2a	placement=companion vis=private
member	com.github.tommyettinger.anim8.FastPNG#IDAT	sge.anim8.FastPNG#IDAT	Renamed	-	com/github/tommyettinger/anim8/FastPNG.java	87	b0e672c23e4c0855	placement=companion vis=private
member	com.github.tommyettinger.anim8.FastPNG#IEND	sge.anim8.FastPNG#IEND	Renamed	-	com/github/tommyettinger/anim8/FastPNG.java	88	b876a5cf155dbe0c	placement=companion vis=private
member	com.github.tommyettinger.anim8.FastPNG#IHDR	sge.anim8.FastPNG#IHDR	Renamed	-	com/github/tommyettinger/anim8/FastPNG.java	86	69c0c3bc0303a7cd	placement=companion vis=private
member	com.github.tommyettinger.anim8.FastPNG#INTERLACE_NONE	sge.anim8.FastPNG#INTERLACE_NONE	Renamed	-	com/github/tommyettinger/anim8/FastPNG.java	92	4a6352b7fd983aac	placement=companion vis=private
member	com.github.tommyettinger.anim8.FastPNG#SIGNATURE	sge.anim8.FastPNG#SIGNATURE	Renamed	-	com/github/tommyettinger/anim8/FastPNG.java	85	3f9a8ce21da39b90	placement=companion vis=private
member	com.github.tommyettinger.anim8.FastPNG#buffer	sge.anim8.FastPNG#buffer	Renamed	-	com/github/tommyettinger/anim8/FastPNG.java	94	8ad23d26b5a4bc33	
member	com.github.tommyettinger.anim8.FastPNG#dispose()	sge.anim8.FastPNG#close()	Renamed	-	com/github/tommyettinger/anim8/FastPNG.java	229	4efe672f66858c81	
member	com.github.tommyettinger.anim8.FastPNG#curLineBytes	sge.anim8.FastPNG#curLineBytes	Renamed	-	com/github/tommyettinger/anim8/FastPNG.java	96	af3065e7af29e049	vis=private
member	com.github.tommyettinger.anim8.FastPNG#deflater	sge.anim8.FastPNG#deflater	Renamed	-	com/github/tommyettinger/anim8/FastPNG.java	95	c30e9487ce36783f	
member	com.github.tommyettinger.anim8.FastPNG#flipY	sge.anim8.FastPNG#flipY	Renamed	-	com/github/tommyettinger/anim8/FastPNG.java	97	c35d6d0a77ec23d4	vis=private
member	com.github.tommyettinger.anim8.FastPNG#setCompression(int)	sge.anim8.FastPNG#setCompression(int)	Renamed	-	com/github/tommyettinger/anim8/FastPNG.java	130	af192376b3ea60ae	
member	com.github.tommyettinger.anim8.FastPNG#setFlipY(boolean)	sge.anim8.FastPNG#setFlipY(boolean)	Renamed	-	com/github/tommyettinger/anim8/FastPNG.java	120	8f0d564fa8e04b14	
member	com.github.tommyettinger.anim8.FastPNG#write(FileHandle,Pixmap)	sge.anim8.FastPNG#write(FileHandle,Pixmap)	Renamed	-	com/github/tommyettinger/anim8/FastPNG.java	139	9cd8bd70d6064ca2	
member	com.github.tommyettinger.anim8.FastPNG#write(OutputStream,Pixmap)	sge.anim8.FastPNG#write(OutputStream,Pixmap)	Renamed	-	com/github/tommyettinger/anim8/FastPNG.java	167	fb9f0a5a9ca45fcf	
member	com.github.tommyettinger.anim8.FastPNG8#<init>(Sge)	sge.anim8.FastPNG8#<init>(Sge)	Renamed	-	com/github/tommyettinger/anim8/FastPNG8.java	89	f11c075fd722b596	
member	com.github.tommyettinger.anim8.FastPNG8#<stmt1>	sge.anim8.FastPNG8#<stmt1>	Renamed	-	com/github/tommyettinger/anim8/FastPNG8.java	95	6bfbde55f443638b	
member	com.github.tommyettinger.anim8.FastPNG8#write(OutputStream,Array,int,boolean)	sge.anim8.FastPNG8#write(OutputStream,Array<Pixmap>,int,boolean)	Renamed	-	com/github/tommyettinger/anim8/FastPNG8.java	135	a1b9f67f19143137	
member	com.github.tommyettinger.anim8.FastPNG8#write(OutputStream,Pixmap,boolean,boolean,int)	sge.anim8.FastPNG8#write(OutputStream,Pixmap,boolean,boolean,int)	Renamed	-	com/github/tommyettinger/anim8/FastPNG8.java	109	057a62990785d7b4	
member	com.github.tommyettinger.anim8.FastPalette#<init>(Array,Sge)	sge.anim8.FastPalette#<init>(Array<Color>,Sge)	Renamed	-	com/github/tommyettinger/anim8/FastPalette.java	80	e117450773f8da77	
member	com.github.tommyettinger.anim8.FastPalette#<init>(Array,int,Sge)	sge.anim8.FastPalette#<init>(Array<Color>,int,Sge)	Renamed	-	com/github/tommyettinger/anim8/FastPalette.java	95	8def1caf884bcb9b	
member	com.github.tommyettinger.anim8.FastPalette#<init>(Array,Sge)	sge.anim8.FastPalette#<init>(Array<Pixmap>,Sge)	Renamed	-	com/github/tommyettinger/anim8/FastPalette.java	125	7b79378d1d761d27	
member	com.github.tommyettinger.anim8.FastPalette#<init>(Array,Array,Sge)	sge.anim8.FastPalette#<init>(Array<int>,Array<byte>,Sge)	Renamed	-	com/github/tommyettinger/anim8/FastPalette.java	141	2cf9c23065150ea4	
member	com.github.tommyettinger.anim8.FastPalette#<init>(Array,Sge)	sge.anim8.FastPalette#<init>(Array<int>,Sge)	Renamed	-	com/github/tommyettinger/anim8/FastPalette.java	50	84e231f9a9eddd33	
member	com.github.tommyettinger.anim8.FastPalette#<init>(Array,int,Sge)	sge.anim8.FastPalette#<init>(Array<int>,int,Sge)	Renamed	-	com/github/tommyettinger/anim8/FastPalette.java	65	023697e2060d098f	
member	com.github.tommyettinger.anim8.FastPalette#<init>(Pixmap,Sge)	sge.anim8.FastPalette#<init>(Pixmap,Sge)	Renamed	-	com/github/tommyettinger/anim8/FastPalette.java	110	35392e23d09c7705	
member	com.github.tommyettinger.anim8.FastPalette#<init>(Pixmap,double,Sge)	sge.anim8.FastPalette#<init>(Pixmap,double,Sge)	Renamed	-	com/github/tommyettinger/anim8/FastPalette.java	152	47532bc38510fa5c	
member	com.github.tommyettinger.anim8.FastPalette#<init>(Sge)	sge.anim8.FastPalette#<init>(Sge)	Renamed	-	com/github/tommyettinger/anim8/FastPalette.java	40	b5ce9188952b9b91	
member	com.github.tommyettinger.anim8.FastPalette#difference(int,int)	sge.anim8.FastPalette#difference(int,int)	Renamed	-	com/github/tommyettinger/anim8/FastPalette.java	316	8b929591dda9d17e	
member	com.github.tommyettinger.anim8.FastPalette#difference(int,int,int,int)	sge.anim8.FastPalette#difference(int,int,int,int)	Renamed	-	com/github/tommyettinger/anim8/FastPalette.java	321	753a4e8c162c3d10	
member	com.github.tommyettinger.anim8.FastPalette#difference(int,int,int,int,int,int)	sge.anim8.FastPalette#difference(int,int,int,int,int,int)	Renamed	-	com/github/tommyettinger/anim8/FastPalette.java	326	e2393cfe41226431	
member	com.github.tommyettinger.anim8.FastPalette#differenceAnalyzing(int,int)	sge.anim8.FastPalette#differenceAnalyzing(int,int)	Renamed	-	com/github/tommyettinger/anim8/FastPalette.java	177	1586d65fa159f673	
member	com.github.tommyettinger.anim8.FastPalette#differenceAnalyzing(int,int,int,int)	sge.anim8.FastPalette#differenceAnalyzing(int,int,int,int)	Renamed	-	com/github/tommyettinger/anim8/FastPalette.java	218	62849b3f61c9b51e	
member	com.github.tommyettinger.anim8.FastPalette#differenceAnalyzing(int,int,int,int,int,int)	sge.anim8.FastPalette#differenceAnalyzing(int,int,int,int,int,int)	Renamed	-	com/github/tommyettinger/anim8/FastPalette.java	284	8c8cfffdc4c64faf	
member	com.github.tommyettinger.anim8.FastPalette#differenceHW(int,int)	sge.anim8.FastPalette#differenceHW(int,int)	Renamed	-	com/github/tommyettinger/anim8/FastPalette.java	189	eee1d3bae326d943	
member	com.github.tommyettinger.anim8.FastPalette#differenceHW(int,int,int,int)	sge.anim8.FastPalette#differenceHW(int,int,int,int)	Renamed	-	com/github/tommyettinger/anim8/FastPalette.java	232	f72e36059a013933	
member	com.github.tommyettinger.anim8.FastPalette#differenceHW(int,int,int,int,int,int)	sge.anim8.FastPalette#differenceHW(int,int,int,int,int,int)	Renamed	-	com/github/tommyettinger/anim8/FastPalette.java	312	ba3eab4402cb6aa8	
member	com.github.tommyettinger.anim8.FastPalette#differenceMatch(int,int)	sge.anim8.FastPalette#differenceMatch(int,int)	Renamed	-	com/github/tommyettinger/anim8/FastPalette.java	164	12db243b8884c534	
member	com.github.tommyettinger.anim8.FastPalette#differenceMatch(int,int,int,int)	sge.anim8.FastPalette#differenceMatch(int,int,int,int)	Renamed	-	com/github/tommyettinger/anim8/FastPalette.java	203	1dac13bf7be5935e	
member	com.github.tommyettinger.anim8.FastPalette#differenceMatch(int,int,int,int,int,int)	sge.anim8.FastPalette#differenceMatch(int,int,int,int,int,int)	Renamed	-	com/github/tommyettinger/anim8/FastPalette.java	258	0afb5133703c19b7	
member	com.github.tommyettinger.anim8.LZWEncoder#<stmt1>	sge.anim8.LZWEncoder#<stmt1>	Renamed	-	com/github/tommyettinger/anim8/LZWEncoder.java	135	35ec09562afb2f9c	
member	com.github.tommyettinger.anim8.LZWEncoder#<stmt2>	sge.anim8.LZWEncoder#<stmt2>	Renamed	-	com/github/tommyettinger/anim8/LZWEncoder.java	136	2ffb9137016e1f5b	
member	com.github.tommyettinger.anim8.LZWEncoder#<stmt3>	sge.anim8.LZWEncoder#<stmt3>	Renamed	-	com/github/tommyettinger/anim8/LZWEncoder.java	137	203b797874388bff	
member	com.github.tommyettinger.anim8.LZWEncoder#<stmt4>	sge.anim8.LZWEncoder#<stmt4>	Renamed	-	com/github/tommyettinger/anim8/LZWEncoder.java	138	c89e355e1078fe2c	
member	com.github.tommyettinger.anim8.LZWEncoder#BITS	sge.anim8.LZWEncoder#BITS	Renamed	-	com/github/tommyettinger/anim8/LZWEncoder.java	52	bc5207f95b529b33	placement=companion
member	com.github.tommyettinger.anim8.LZWEncoder#ClearCode	sge.anim8.LZWEncoder#ClearCode	Renamed	-	com/github/tommyettinger/anim8/LZWEncoder.java	101	ddd94f4b64c96d4d	
member	com.github.tommyettinger.anim8.LZWEncoder#EOF	sge.anim8.LZWEncoder#EOF	Renamed	-	com/github/tommyettinger/anim8/LZWEncoder.java	32	ea9a6662ba235412	placement=companion vis=private
member	com.github.tommyettinger.anim8.LZWEncoder#EOFCode	sge.anim8.LZWEncoder#EOFCode	Renamed	-	com/github/tommyettinger/anim8/LZWEncoder.java	103	514d0364f5357d04	
member	com.github.tommyettinger.anim8.LZWEncoder#HSIZE	sge.anim8.LZWEncoder#HSIZE	Renamed	-	com/github/tommyettinger/anim8/LZWEncoder.java	54	584b6e8d442f1013	placement=companion
member	com.github.tommyettinger.anim8.LZWEncoder#MAXCODE(int)	sge.anim8.LZWEncoder#MAXCODE(int)	Renamed	-	com/github/tommyettinger/anim8/LZWEncoder.java	258	0bd941d535c6a72c	
member	com.github.tommyettinger.anim8.LZWEncoder#a_count	sge.anim8.LZWEncoder#a_count	Renamed	-	com/github/tommyettinger/anim8/LZWEncoder.java	128	486ec5e20bbddea6	
member	com.github.tommyettinger.anim8.LZWEncoder#accum	sge.anim8.LZWEncoder#accum	Renamed	-	com/github/tommyettinger/anim8/LZWEncoder.java	131	ce58af5044b5a317	
member	com.github.tommyettinger.anim8.LZWEncoder#char_out(byte,OutputStream)	sge.anim8.LZWEncoder#char_out(byte,OutputStream)	Renamed	-	com/github/tommyettinger/anim8/LZWEncoder.java	143	83c2834688f036c1	
member	com.github.tommyettinger.anim8.LZWEncoder#cl_block(OutputStream)	sge.anim8.LZWEncoder#cl_block(OutputStream)	Renamed	-	com/github/tommyettinger/anim8/LZWEncoder.java	152	6214f2c29a602621	
member	com.github.tommyettinger.anim8.LZWEncoder#cl_hash(int)	sge.anim8.LZWEncoder#cl_hash(int)	Renamed	-	com/github/tommyettinger/anim8/LZWEncoder.java	161	ef0e0e684df285fd	
member	com.github.tommyettinger.anim8.LZWEncoder#clear_flg	sge.anim8.LZWEncoder#clear_flg	Renamed	-	com/github/tommyettinger/anim8/LZWEncoder.java	85	95150931b0aaa369	
member	com.github.tommyettinger.anim8.LZWEncoder#codetab	sge.anim8.LZWEncoder#codetab	Renamed	-	com/github/tommyettinger/anim8/LZWEncoder.java	77	4089fc583060f148	
member	com.github.tommyettinger.anim8.LZWEncoder#compress(int,OutputStream)	sge.anim8.LZWEncoder#compress(int,OutputStream)	Renamed	-	com/github/tommyettinger/anim8/LZWEncoder.java	166	3a6a0cb9415bab6f	
member	com.github.tommyettinger.anim8.LZWEncoder#curPixel	sge.anim8.LZWEncoder#curPixel	Renamed	-	com/github/tommyettinger/anim8/LZWEncoder.java	43	4153ed895056796a	vis=private
member	com.github.tommyettinger.anim8.LZWEncoder#cur_accum	sge.anim8.LZWEncoder#cur_accum	Renamed	-	com/github/tommyettinger/anim8/LZWEncoder.java	120	e9d297b392cd98f7	
member	com.github.tommyettinger.anim8.LZWEncoder#cur_bits	sge.anim8.LZWEncoder#cur_bits	Renamed	-	com/github/tommyettinger/anim8/LZWEncoder.java	122	fbd3e71e55671d65	
member	com.github.tommyettinger.anim8.LZWEncoder#encode(OutputStream)	sge.anim8.LZWEncoder#encode(OutputStream)	Renamed	-	com/github/tommyettinger/anim8/LZWEncoder.java	238	df80758cb5085675	
member	com.github.tommyettinger.anim8.LZWEncoder#flush_char(OutputStream)	sge.anim8.LZWEncoder#flush_char(OutputStream)	Renamed	-	com/github/tommyettinger/anim8/LZWEncoder.java	250	5dbf2da20e40f4d3	
member	com.github.tommyettinger.anim8.LZWEncoder#free_ent	sge.anim8.LZWEncoder#free_ent	Renamed	-	com/github/tommyettinger/anim8/LZWEncoder.java	81	8d73a4e307cfae0b	
member	com.github.tommyettinger.anim8.LZWEncoder#g_init_bits	sge.anim8.LZWEncoder#g_init_bits	Renamed	-	com/github/tommyettinger/anim8/LZWEncoder.java	99	df578521bba29177	
member	com.github.tommyettinger.anim8.LZWEncoder#hsize	sge.anim8.LZWEncoder#hsize	Renamed	-	com/github/tommyettinger/anim8/LZWEncoder.java	79	d98129d3f263edee	
member	com.github.tommyettinger.anim8.LZWEncoder#htab	sge.anim8.LZWEncoder#htab	Renamed	-	com/github/tommyettinger/anim8/LZWEncoder.java	75	72e7877b627c7757	
member	com.github.tommyettinger.anim8.LZWEncoder#imgH	sge.anim8.LZWEncoder#imgH	Renamed	-	com/github/tommyettinger/anim8/LZWEncoder.java	35	15bac1f89182f01e	
member	com.github.tommyettinger.anim8.LZWEncoder#imgW	sge.anim8.LZWEncoder#imgW	Renamed	-	com/github/tommyettinger/anim8/LZWEncoder.java	34	3dde51b9a5663e01	
member	com.github.tommyettinger.anim8.LZWEncoder#initCodeSize	sge.anim8.LZWEncoder#initCodeSize	Renamed	-	com/github/tommyettinger/anim8/LZWEncoder.java	39	706e80fa9c43abd3	
member	com.github.tommyettinger.anim8.LZWEncoder#masks	sge.anim8.LZWEncoder#masks	Renamed	-	com/github/tommyettinger/anim8/LZWEncoder.java	124	571dea80e8787539	
member	com.github.tommyettinger.anim8.LZWEncoder#maxbits	sge.anim8.LZWEncoder#maxbits	Renamed	-	com/github/tommyettinger/anim8/LZWEncoder.java	69	2b00bfc7e9eb94cc	
member	com.github.tommyettinger.anim8.LZWEncoder#maxcode	sge.anim8.LZWEncoder#maxcode	Renamed	-	com/github/tommyettinger/anim8/LZWEncoder.java	71	2d8e45de292f1f72	
member	com.github.tommyettinger.anim8.LZWEncoder#maxmaxcode	sge.anim8.LZWEncoder#maxmaxcode	Renamed	-	com/github/tommyettinger/anim8/LZWEncoder.java	73	983762b266229c38	
member	com.github.tommyettinger.anim8.LZWEncoder#n_bits	sge.anim8.LZWEncoder#n_bits	Renamed	-	com/github/tommyettinger/anim8/LZWEncoder.java	67	5729eb256b0367d0	
member	com.github.tommyettinger.anim8.LZWEncoder#nextPixel()	sge.anim8.LZWEncoder#nextPixel()	Renamed	-	com/github/tommyettinger/anim8/LZWEncoder.java	265	ffa02f1d45013b5a	vis=private
member	com.github.tommyettinger.anim8.LZWEncoder#output(int,OutputStream)	sge.anim8.LZWEncoder#output(int,OutputStream)	Renamed	-	com/github/tommyettinger/anim8/LZWEncoder.java	276	45486b74f94f5046	
member	com.github.tommyettinger.anim8.LZWEncoder#pixArray	sge.anim8.LZWEncoder#pixArray	Renamed	-	com/github/tommyettinger/anim8/LZWEncoder.java	37	bfbfa7d4f4512f67	
member	com.github.tommyettinger.anim8.LZWEncoder#remaining	sge.anim8.LZWEncoder#remaining	Renamed	-	com/github/tommyettinger/anim8/LZWEncoder.java	41	24792cf10c99dce9	vis=private
member	com.github.tommyettinger.anim8.OtherMath#a0	sge.anim8.OtherMath#a0	Renamed	-	com/github/tommyettinger/anim8/OtherMath.java	74	59f2a2235e39ef4b	placement=companion vis=private
member	com.github.tommyettinger.anim8.OtherMath#a0f	sge.anim8.OtherMath#a0f	Renamed	-	com/github/tommyettinger/anim8/OtherMath.java	59	1061515a44cfb910	placement=companion vis=private
member	com.github.tommyettinger.anim8.OtherMath#a1	sge.anim8.OtherMath#a1	Renamed	-	com/github/tommyettinger/anim8/OtherMath.java	75	1e0ee7d4d001f7f0	placement=companion vis=private
member	com.github.tommyettinger.anim8.OtherMath#a1f	sge.anim8.OtherMath#a1f	Renamed	-	com/github/tommyettinger/anim8/OtherMath.java	60	c2d9cdbe92a9cf16	placement=companion vis=private
member	com.github.tommyettinger.anim8.OtherMath#a2	sge.anim8.OtherMath#a2	Renamed	-	com/github/tommyettinger/anim8/OtherMath.java	76	fd618de3e94ce8f6	placement=companion vis=private
member	com.github.tommyettinger.anim8.OtherMath#a2f	sge.anim8.OtherMath#a2f	Renamed	-	com/github/tommyettinger/anim8/OtherMath.java	61	bcbf1f9fb4d7d57b	placement=companion vis=private
member	com.github.tommyettinger.anim8.OtherMath#asin(float)	sge.anim8.OtherMath#asin(float)	Renamed	-	com/github/tommyettinger/anim8/OtherMath.java	299	23ffe9f2969bdf7e	placement=companion
member	com.github.tommyettinger.anim8.OtherMath#atan2(float,float)	sge.anim8.OtherMath#atan2(float,float)	Renamed	-	com/github/tommyettinger/anim8/OtherMath.java	275	6a05ca75e77d1921	placement=companion
member	com.github.tommyettinger.anim8.OtherMath#atanUnchecked(float)	sge.anim8.OtherMath#atanUnchecked(float)	Renamed	-	com/github/tommyettinger/anim8/OtherMath.java	248	df43d85eece62e37	placement=companion vis=private
member	com.github.tommyettinger.anim8.OtherMath#b0	sge.anim8.OtherMath#b0	Renamed	-	com/github/tommyettinger/anim8/OtherMath.java	77	8856e0455a910860	placement=companion vis=private
member	com.github.tommyettinger.anim8.OtherMath#b0f	sge.anim8.OtherMath#b0f	Renamed	-	com/github/tommyettinger/anim8/OtherMath.java	62	b3f20e1f568965ef	placement=companion vis=private
member	com.github.tommyettinger.anim8.OtherMath#b1	sge.anim8.OtherMath#b1	Renamed	-	com/github/tommyettinger/anim8/OtherMath.java	78	e3b8b8647dc5f8fe	placement=companion vis=private
member	com.github.tommyettinger.anim8.OtherMath#b1f	sge.anim8.OtherMath#b1f	Renamed	-	com/github/tommyettinger/anim8/OtherMath.java	63	0db912282d4c8ad2	placement=companion vis=private
member	com.github.tommyettinger.anim8.OtherMath#barronSpline(float,float,float)	sge.anim8.OtherMath#barronSpline(float,float,float)	Renamed	-	com/github/tommyettinger/anim8/OtherMath.java	322	ba8cf4be82cf67c3	placement=companion
member	com.github.tommyettinger.anim8.OtherMath#c0	sge.anim8.OtherMath#c0	Renamed	-	com/github/tommyettinger/anim8/OtherMath.java	80	57841cd0c0d6bc10	placement=companion vis=private
member	com.github.tommyettinger.anim8.OtherMath#c0f	sge.anim8.OtherMath#c0f	Renamed	-	com/github/tommyettinger/anim8/OtherMath.java	65	8b74a84952fa1634	placement=companion vis=private
member	com.github.tommyettinger.anim8.OtherMath#c1	sge.anim8.OtherMath#c1	Renamed	-	com/github/tommyettinger/anim8/OtherMath.java	81	609ffab593904695	placement=companion vis=private
member	com.github.tommyettinger.anim8.OtherMath#c1f	sge.anim8.OtherMath#c1f	Renamed	-	com/github/tommyettinger/anim8/OtherMath.java	66	4d99d7db4cd5df0c	placement=companion vis=private
member	com.github.tommyettinger.anim8.OtherMath#c2	sge.anim8.OtherMath#c2	Renamed	-	com/github/tommyettinger/anim8/OtherMath.java	82	bdacaac46e3f5dd0	placement=companion vis=private
member	com.github.tommyettinger.anim8.OtherMath#c2f	sge.anim8.OtherMath#c2f	Renamed	-	com/github/tommyettinger/anim8/OtherMath.java	67	60d704a907f10795	placement=companion vis=private
member	com.github.tommyettinger.anim8.OtherMath#c3	sge.anim8.OtherMath#c3	Renamed	-	com/github/tommyettinger/anim8/OtherMath.java	79	cef5f0833c5f0f8b	placement=companion vis=private
member	com.github.tommyettinger.anim8.OtherMath#c3f	sge.anim8.OtherMath#c3f	Renamed	-	com/github/tommyettinger/anim8/OtherMath.java	64	95dba860134da7cc	placement=companion vis=private
member	com.github.tommyettinger.anim8.OtherMath#cbrt(float)	sge.anim8.OtherMath#cbrt(float)	Renamed	-	com/github/tommyettinger/anim8/OtherMath.java	153	97ed4435848e790f	placement=companion
member	com.github.tommyettinger.anim8.OtherMath#cbrtPositive(float)	sge.anim8.OtherMath#cbrtPositive(float)	Renamed	-	com/github/tommyettinger/anim8/OtherMath.java	185	2a60c9c5d9829969	placement=companion
member	com.github.tommyettinger.anim8.OtherMath#cbrtShape(float)	sge.anim8.OtherMath#cbrtShape(float)	Renamed	-	com/github/tommyettinger/anim8/OtherMath.java	209	aec15100817c9c08	placement=companion
member	com.github.tommyettinger.anim8.OtherMath#centralize(byte)	sge.anim8.OtherMath#centralize(byte)	Renamed	-	com/github/tommyettinger/anim8/OtherMath.java	40	7a8489d6b2544f67	placement=companion
member	com.github.tommyettinger.anim8.OtherMath#d0	sge.anim8.OtherMath#d0	Renamed	-	com/github/tommyettinger/anim8/OtherMath.java	83	dff7d6bb99bcd4c2	placement=companion vis=private
member	com.github.tommyettinger.anim8.OtherMath#d0f	sge.anim8.OtherMath#d0f	Renamed	-	com/github/tommyettinger/anim8/OtherMath.java	68	f26c3cfc216af02a	placement=companion vis=private
member	com.github.tommyettinger.anim8.OtherMath#d1	sge.anim8.OtherMath#d1	Renamed	-	com/github/tommyettinger/anim8/OtherMath.java	84	d313da85353b0ff4	placement=companion vis=private
member	com.github.tommyettinger.anim8.OtherMath#d1f	sge.anim8.OtherMath#d1f	Renamed	-	com/github/tommyettinger/anim8/OtherMath.java	69	ae84e388da6ce3e3	placement=companion vis=private
member	com.github.tommyettinger.anim8.OtherMath#logRough(float)	sge.anim8.OtherMath#logRough(float)	Renamed	-	com/github/tommyettinger/anim8/OtherMath.java	50	46b6a4ca9f6115a3	placement=companion
member	com.github.tommyettinger.anim8.OtherMath#probit(double)	sge.anim8.OtherMath#probit(double)	Renamed	-	com/github/tommyettinger/anim8/OtherMath.java	117	db358cdf8b1a9dc0	placement=companion
member	com.github.tommyettinger.anim8.OtherMath#probitF(float)	sge.anim8.OtherMath#probitF(float)	Renamed	-	com/github/tommyettinger/anim8/OtherMath.java	95	a58bb3c22b465aa8	placement=companion
member	com.github.tommyettinger.anim8.OtherMath#triangleWave(float)	sge.anim8.OtherMath#triangleWave(float)	Renamed	-	com/github/tommyettinger/anim8/OtherMath.java	239	cabe3fc22bc1470a	placement=companion
member	com.github.tommyettinger.anim8.OtherMath#triangularRemap(float,float)	sge.anim8.OtherMath#triangularRemap(float,float)	Renamed	-	com/github/tommyettinger/anim8/OtherMath.java	226	bf1d9a4aef9fb4b0	placement=companion
member	com.github.tommyettinger.anim8.OtherMath$BiasGain#<init>()	sge.anim8.OtherMath$BiasGain#<init>()	Renamed	-	com/github/tommyettinger/anim8/OtherMath.java	351	469b07fb12adc6d9	
member	com.github.tommyettinger.anim8.OtherMath$BiasGain#<stmt1>	sge.anim8.OtherMath$BiasGain#<stmt1>	Renamed	-	com/github/tommyettinger/anim8/OtherMath.java	363	4ae0269e0229201a	
member	com.github.tommyettinger.anim8.OtherMath$BiasGain#<stmt2>	sge.anim8.OtherMath$BiasGain#<stmt2>	Renamed	-	com/github/tommyettinger/anim8/OtherMath.java	364	39efa5f70536897a	
member	com.github.tommyettinger.anim8.OtherMath$BiasGain#apply(float)	sge.anim8.OtherMath$BiasGain#apply(float)	Renamed	-	com/github/tommyettinger/anim8/OtherMath.java	367	b8f9adeed3c9c443	
member	com.github.tommyettinger.anim8.OtherMath$BiasGain#shape	sge.anim8.OtherMath$BiasGain#shape	Renamed	-	com/github/tommyettinger/anim8/OtherMath.java	341	54cb9ca8d174b217	
member	com.github.tommyettinger.anim8.OtherMath$BiasGain#turning	sge.anim8.OtherMath$BiasGain#turning	Renamed	-	com/github/tommyettinger/anim8/OtherMath.java	345	daaf5503f030e249	
member	com.github.tommyettinger.anim8.PNG8#<init>(Sge)	sge.anim8.PNG8#<init>(Sge)	Renamed	-	com/github/tommyettinger/anim8/PNG8.java	177	f11c075fd722b596	
member	com.github.tommyettinger.anim8.PNG8#<stmt1>	sge.anim8.PNG8#<stmt1>	Renamed	-	com/github/tommyettinger/anim8/PNG8.java	182	75d72649c1a9f8e4	
member	com.github.tommyettinger.anim8.PNG8#<stmt2>	sge.anim8.PNG8#<stmt2>	Renamed	-	com/github/tommyettinger/anim8/PNG8.java	183	892718451a90edbd	
member	com.github.tommyettinger.anim8.PNG8#COLOR_INDEXED	sge.anim8.PNG8#COLOR_INDEXED	Renamed	-	com/github/tommyettinger/anim8/PNG8.java	109	238ceabeb23ce01b	placement=companion vis=private
member	com.github.tommyettinger.anim8.PNG8#COMPRESSION_DEFLATE	sge.anim8.PNG8#COMPRESSION_DEFLATE	Renamed	-	com/github/tommyettinger/anim8/PNG8.java	110	4cfa83eab64f15e4	placement=companion vis=private
member	com.github.tommyettinger.anim8.PNG8#FILTER_NONE	sge.anim8.PNG8#FILTER_NONE	Renamed	-	com/github/tommyettinger/anim8/PNG8.java	112	5692708521525b2a	placement=companion vis=private
member	com.github.tommyettinger.anim8.PNG8#IDAT	sge.anim8.PNG8#IDAT	Renamed	-	com/github/tommyettinger/anim8/PNG8.java	106	b0e672c23e4c0855	placement=companion vis=private
member	com.github.tommyettinger.anim8.PNG8#IEND	sge.anim8.PNG8#IEND	Renamed	-	com/github/tommyettinger/anim8/PNG8.java	106	b876a5cf155dbe0c	placement=companion vis=private
member	com.github.tommyettinger.anim8.PNG8#IHDR	sge.anim8.PNG8#IHDR	Renamed	-	com/github/tommyettinger/anim8/PNG8.java	106	69c0c3bc0303a7cd	placement=companion vis=private
member	com.github.tommyettinger.anim8.PNG8#INTERLACE_NONE	sge.anim8.PNG8#INTERLACE_NONE	Renamed	-	com/github/tommyettinger/anim8/PNG8.java	111	4a6352b7fd983aac	placement=companion vis=private
member	com.github.tommyettinger.anim8.PNG8#PLTE	sge.anim8.PNG8#PLTE	Renamed	-	com/github/tommyettinger/anim8/PNG8.java	107	a43c76c11e3958c5	placement=companion vis=private
member	com.github.tommyettinger.anim8.PNG8#SIGNATURE	sge.anim8.PNG8#SIGNATURE	Renamed	-	com/github/tommyettinger/anim8/PNG8.java	105	3f9a8ce21da39b90	placement=companion vis=private
member	com.github.tommyettinger.anim8.PNG8#TRNS	sge.anim8.PNG8#TRNS	Renamed	-	com/github/tommyettinger/anim8/PNG8.java	107	a4db4ddb99d0afc5	placement=companion vis=private
member	com.github.tommyettinger.anim8.PNG8#acTL	sge.anim8.PNG8#acTL	Renamed	-	com/github/tommyettinger/anim8/PNG8.java	108	0b669a60cdbe9ffd	placement=companion vis=private
member	com.github.tommyettinger.anim8.PNG8#buffer	sge.anim8.PNG8#buffer	Renamed	-	com/github/tommyettinger/anim8/PNG8.java	115	7e8018c830a98739	
member	com.github.tommyettinger.anim8.PNG8#centralizePalette(FileHandle,FileHandle)	sge.anim8.PNG8#centralizePalette(FileHandle,FileHandle)	Renamed	-	com/github/tommyettinger/anim8/PNG8.java	8315	c8c0e5d3fe3db6e4	placement=companion
member	com.github.tommyettinger.anim8.PNG8#centralizePalette(FileHandle,FileHandle,float)	sge.anim8.PNG8#centralizePalette(FileHandle,FileHandle,float)	Renamed	-	com/github/tommyettinger/anim8/PNG8.java	8331	c3ae76680ec895b3	placement=companion
member	com.github.tommyettinger.anim8.PNG8#dispose()	sge.anim8.PNG8#close()	Renamed	-	com/github/tommyettinger/anim8/PNG8.java	7964	39f49101952b8542	
member	com.github.tommyettinger.anim8.PNG8#curLineBytes	sge.anim8.PNG8#curLineBytes	Renamed	-	com/github/tommyettinger/anim8/PNG8.java	117	af3065e7af29e049	vis=private
member	com.github.tommyettinger.anim8.PNG8#deflater	sge.anim8.PNG8#deflater	Renamed	-	com/github/tommyettinger/anim8/PNG8.java	116	c30e9487ce36783f	
member	com.github.tommyettinger.anim8.PNG8#getDitherAlgorithm	sge.anim8.PNG8#ditherAlgorithm	Renamed	-	com/github/tommyettinger/anim8/PNG8.java	122	ece2990a3b3649ee	name=ditherAlgorithm$field
member	com.github.tommyettinger.anim8.PNG8#getDitherAlgorithm()	sge.anim8.PNG8#ditherAlgorithm()	Renamed	-	com/github/tommyettinger/anim8/PNG8.java	137	a8ecad6229a7cbed	
member	com.github.tommyettinger.anim8.PNG8#setDitherAlgorithm(DitherAlgorithm)	sge.anim8.PNG8#ditherAlgorithm_=(DitherAlgorithm)	Renamed	-	com/github/tommyettinger/anim8/PNG8.java	146	c0c5388d0a7ea372	
member	com.github.tommyettinger.anim8.PNG8#getDitherStrength	sge.anim8.PNG8#ditherStrength	Renamed	-	com/github/tommyettinger/anim8/PNG8.java	155	51f09324ddae233e	name=ditherStrength$field
member	com.github.tommyettinger.anim8.PNG8#getDitherStrength()	sge.anim8.PNG8#ditherStrength()	Renamed	-	com/github/tommyettinger/anim8/PNG8.java	163	4864da3e9e09023e	
member	com.github.tommyettinger.anim8.PNG8#setDitherStrength(float)	sge.anim8.PNG8#ditherStrength_=(float)	Renamed	-	com/github/tommyettinger/anim8/PNG8.java	173	a0b0fe1c055823b8	
member	com.github.tommyettinger.anim8.PNG8#editPalette(FileHandle,FileHandle,Interpolation)	sge.anim8.PNG8#editPalette(FileHandle,FileHandle,Interpolation)	Renamed	-	com/github/tommyettinger/anim8/PNG8.java	8076	6b13fac438b31e55	placement=companion
member	com.github.tommyettinger.anim8.PNG8#editPalette(FileHandle,FileHandle,Interpolation,Interpolation,Interpolation)	sge.anim8.PNG8#editPalette(FileHandle,FileHandle,Interpolation,Interpolation,Interpolation)	Renamed	-	com/github/tommyettinger/anim8/PNG8.java	8111	dcd3335a5c6c5a22	placement=companion
member	com.github.tommyettinger.anim8.PNG8#editPaletteLightness(FileHandle,FileHandle,Interpolation)	sge.anim8.PNG8#editPaletteLightness(FileHandle,FileHandle,Interpolation)	Renamed	-	com/github/tommyettinger/anim8/PNG8.java	8194	2b9dc005f03a22c6	placement=companion
member	com.github.tommyettinger.anim8.PNG8#editPaletteOklab(FileHandle,FileHandle,Interpolation,Interpolation,Interpolation)	sge.anim8.PNG8#editPaletteOklab(FileHandle,FileHandle,Interpolation,Interpolation,Interpolation)	Renamed	-	com/github/tommyettinger/anim8/PNG8.java	8277	a17d1b5303d8258c	placement=companion
member	com.github.tommyettinger.anim8.PNG8#editPaletteSaturation(FileHandle,FileHandle,float)	sge.anim8.PNG8#editPaletteSaturation(FileHandle,FileHandle,float)	Renamed	-	com/github/tommyettinger/anim8/PNG8.java	8235	43635c8440bf2f02	placement=companion
member	com.github.tommyettinger.anim8.PNG8#fcTL	sge.anim8.PNG8#fcTL	Renamed	-	com/github/tommyettinger/anim8/PNG8.java	108	b18bb9c3c27a0b14	placement=companion vis=private
member	com.github.tommyettinger.anim8.PNG8#fdAT	sge.anim8.PNG8#fdAT	Renamed	-	com/github/tommyettinger/anim8/PNG8.java	108	b6c76c06dfcf54fc	placement=companion vis=private
member	com.github.tommyettinger.anim8.PNG8#flipY	sge.anim8.PNG8#flipY	Renamed	-	com/github/tommyettinger/anim8/PNG8.java	118	c35d6d0a77ec23d4	vis=private
member	com.github.tommyettinger.anim8.PNG8#hueShift(FileHandle,FileHandle)	sge.anim8.PNG8#hueShift(FileHandle,FileHandle)	Renamed	-	com/github/tommyettinger/anim8/PNG8.java	8143	6c6fc3652686392f	placement=companion
member	com.github.tommyettinger.anim8.PNG8#hueShift(FileHandle,FileHandle,float)	sge.anim8.PNG8#hueShift(FileHandle,FileHandle,float)	Renamed	-	com/github/tommyettinger/anim8/PNG8.java	8155	c4f1c46ee141d41d	placement=companion
member	com.github.tommyettinger.anim8.PNG8#getPalette	sge.anim8.PNG8#palette	Renamed	-	com/github/tommyettinger/anim8/PNG8.java	120	2867253b35e476ca	name=palette$field
member	com.github.tommyettinger.anim8.PNG8#getPalette()	sge.anim8.PNG8#palette()	Renamed	-	com/github/tommyettinger/anim8/PNG8.java	125	e1a5cda95e1c721e	
member	com.github.tommyettinger.anim8.PNG8#setPalette(PaletteReducer)	sge.anim8.PNG8#palette_=(PaletteReducer)	Renamed	-	com/github/tommyettinger/anim8/PNG8.java	129	1644998e0d6d9614	
member	com.github.tommyettinger.anim8.PNG8#readChunks(InputStream)	sge.anim8.PNG8#readChunks(InputStream)	Renamed	-	com/github/tommyettinger/anim8/PNG8.java	7974	4ea0b80e94b14add	placement=companion
member	com.github.tommyettinger.anim8.PNG8#setCompression(int)	sge.anim8.PNG8#setCompression(int)	Renamed	-	com/github/tommyettinger/anim8/PNG8.java	192	8c44ce81e876691b	
member	com.github.tommyettinger.anim8.PNG8#setFlipY(boolean)	sge.anim8.PNG8#setFlipY(boolean)	Renamed	-	com/github/tommyettinger/anim8/PNG8.java	187	7cfd5a6a97b9974d	
member	com.github.tommyettinger.anim8.PNG8#swapPalette(FileHandle,FileHandle,Array)	sge.anim8.PNG8#swapPalette(FileHandle,FileHandle,Array<int>)	Renamed	-	com/github/tommyettinger/anim8/PNG8.java	8042	ea7ed90085b0d91d	placement=companion
member	com.github.tommyettinger.anim8.PNG8#write(FileHandle,Array)	sge.anim8.PNG8#write(FileHandle,Array<Pixmap>)	Renamed	-	com/github/tommyettinger/anim8/PNG8.java	3955	62ed038b6b1525f9	
member	com.github.tommyettinger.anim8.PNG8#write(FileHandle,Array,int)	sge.anim8.PNG8#write(FileHandle,Array<Pixmap>,int)	Renamed	-	com/github/tommyettinger/anim8/PNG8.java	3970	2624ee71564c475d	
member	com.github.tommyettinger.anim8.PNG8#write(FileHandle,Array,int,boolean)	sge.anim8.PNG8#write(FileHandle,Array<Pixmap>,int,boolean)	Renamed	-	com/github/tommyettinger/anim8/PNG8.java	3986	261d7737162189b6	
member	com.github.tommyettinger.anim8.PNG8#write(FileHandle,Pixmap)	sge.anim8.PNG8#write(FileHandle,Pixmap)	Renamed	-	com/github/tommyettinger/anim8/PNG8.java	204	bf90120d6db15e67	
member	com.github.tommyettinger.anim8.PNG8#write(FileHandle,Pixmap,boolean)	sge.anim8.PNG8#write(FileHandle,Pixmap,boolean)	Renamed	-	com/github/tommyettinger/anim8/PNG8.java	219	bcf75e886ec8f17e	
member	com.github.tommyettinger.anim8.PNG8#write(FileHandle,Pixmap,boolean,boolean)	sge.anim8.PNG8#write(FileHandle,Pixmap,boolean,boolean)	Renamed	-	com/github/tommyettinger/anim8/PNG8.java	237	3d326c5166c4b224	
member	com.github.tommyettinger.anim8.PNG8#write(FileHandle,Pixmap,boolean,boolean,int)	sge.anim8.PNG8#write(FileHandle,Pixmap,boolean,boolean,int)	Renamed	-	com/github/tommyettinger/anim8/PNG8.java	259	adac1c21ff619dcd	
member	com.github.tommyettinger.anim8.PNG8#write(OutputStream,Array,int)	sge.anim8.PNG8#write(OutputStream,Array<Pixmap>,int)	Renamed	-	com/github/tommyettinger/anim8/PNG8.java	4154	1c2e395ff31c8d92	
member	com.github.tommyettinger.anim8.PNG8#write(OutputStream,Array,int,boolean)	sge.anim8.PNG8#write(OutputStream,Array<Pixmap>,int,boolean)	Renamed	-	com/github/tommyettinger/anim8/PNG8.java	4008	f8cd616af9a77f3f	
member	com.github.tommyettinger.anim8.PNG8#write(OutputStream,Pixmap)	sge.anim8.PNG8#write(OutputStream,Pixmap)	Renamed	-	com/github/tommyettinger/anim8/PNG8.java	272	94889031b5c4efac	
member	com.github.tommyettinger.anim8.PNG8#write(OutputStream,Pixmap,boolean)	sge.anim8.PNG8#write(OutputStream,Pixmap,boolean)	Renamed	-	com/github/tommyettinger/anim8/PNG8.java	284	3dff21e8fd5e599d	
member	com.github.tommyettinger.anim8.PNG8#write(OutputStream,Pixmap,boolean,boolean)	sge.anim8.PNG8#write(OutputStream,Pixmap,boolean,boolean)	Renamed	-	com/github/tommyettinger/anim8/PNG8.java	301	7b2e3e74bea83709	
member	com.github.tommyettinger.anim8.PNG8#write(OutputStream,Pixmap,boolean,boolean,int)	sge.anim8.PNG8#write(OutputStream,Pixmap,boolean,boolean,int)	Renamed	-	com/github/tommyettinger/anim8/PNG8.java	316	8ccc8ebc8e6cf7f6	
member	com.github.tommyettinger.anim8.PNG8#writeAdditiveDithered(OutputStream,Array,int)	sge.anim8.PNG8#writeAdditiveDithered(OutputStream,Array<Pixmap>,int)	Renamed	-	com/github/tommyettinger/anim8/PNG8.java	4366	6addf2bf9abbfacf	
member	com.github.tommyettinger.anim8.PNG8#writeAdditiveDithered(OutputStream,Pixmap)	sge.anim8.PNG8#writeAdditiveDithered(OutputStream,Pixmap)	Renamed	-	com/github/tommyettinger/anim8/PNG8.java	1046	3c1a1aa5b9b46a9c	
member	com.github.tommyettinger.anim8.PNG8#writeBanterDithered(OutputStream,Array,int)	sge.anim8.PNG8#writeBanterDithered(OutputStream,Array<Pixmap>,int)	Renamed	-	com/github/tommyettinger/anim8/PNG8.java	5113	39574c4f4d91a2b0	
member	com.github.tommyettinger.anim8.PNG8#writeBanterDithered(OutputStream,Pixmap)	sge.anim8.PNG8#writeBanterDithered(OutputStream,Pixmap)	Renamed	-	com/github/tommyettinger/anim8/PNG8.java	1588	0f9dc02ad5a01f3e	
member	com.github.tommyettinger.anim8.PNG8#writeBlueNoiseDithered(OutputStream,Array,int)	sge.anim8.PNG8#writeBlueNoiseDithered(OutputStream,Array<Pixmap>,int)	Renamed	-	com/github/tommyettinger/anim8/PNG8.java	4845	b83c8fa88ac45aa9	
member	com.github.tommyettinger.anim8.PNG8#writeBlueNoiseDithered(OutputStream,Pixmap)	sge.anim8.PNG8#writeBlueNoiseDithered(OutputStream,Pixmap)	Renamed	-	com/github/tommyettinger/anim8/PNG8.java	1400	0433239086214923	
member	com.github.tommyettinger.anim8.PNG8#writeBluntDithered(OutputStream,Array,int)	sge.anim8.PNG8#writeBluntDithered(OutputStream,Array<Pixmap>,int)	Renamed	-	com/github/tommyettinger/anim8/PNG8.java	4979	bb1f031d50483753	
member	com.github.tommyettinger.anim8.PNG8#writeBluntDithered(OutputStream,Pixmap)	sge.anim8.PNG8#writeBluntDithered(OutputStream,Pixmap)	Renamed	-	com/github/tommyettinger/anim8/PNG8.java	1506	aff10b80bc556d3b	
member	com.github.tommyettinger.anim8.PNG8#writeBurkesDithered(OutputStream,Array,int)	sge.anim8.PNG8#writeBurkesDithered(OutputStream,Array<Pixmap>,int)	Renamed	-	com/github/tommyettinger/anim8/PNG8.java	7198	b5ff8b3afec346ba	
member	com.github.tommyettinger.anim8.PNG8#writeBurkesDithered(OutputStream,Pixmap)	sge.anim8.PNG8#writeBurkesDithered(OutputStream,Pixmap)	Renamed	-	com/github/tommyettinger/anim8/PNG8.java	3296	46977336c38bf232	
member	com.github.tommyettinger.anim8.PNG8#writeChaoticNoiseDithered(OutputStream,Array,int)	sge.anim8.PNG8#writeChaoticNoiseDithered(OutputStream,Array<Pixmap>,int)	Renamed	-	com/github/tommyettinger/anim8/PNG8.java	5246	8de5e8865f7c8488	
member	com.github.tommyettinger.anim8.PNG8#writeChaoticNoiseDithered(OutputStream,Pixmap)	sge.anim8.PNG8#writeChaoticNoiseDithered(OutputStream,Pixmap)	Renamed	-	com/github/tommyettinger/anim8/PNG8.java	1669	458c09ada3f60c80	
member	com.github.tommyettinger.anim8.PNG8#writeChunks(OutputStream,OrderedMap)	sge.anim8.PNG8#writeChunks(OutputStream,OrderedMap<String,Array<byte>>)	Renamed	-	com/github/tommyettinger/anim8/PNG8.java	8009	7dc2534d38e2bd53	placement=companion
member	com.github.tommyettinger.anim8.PNG8#writeDiffusionDithered(OutputStream,Array,int)	sge.anim8.PNG8#writeDiffusionDithered(OutputStream,Array<Pixmap>,int)	Renamed	-	com/github/tommyettinger/anim8/PNG8.java	5403	7a8c311acbd6fa9e	
member	com.github.tommyettinger.anim8.PNG8#writeDiffusionDithered(OutputStream,Pixmap)	sge.anim8.PNG8#writeDiffusionDithered(OutputStream,Pixmap)	Renamed	-	com/github/tommyettinger/anim8/PNG8.java	1797	e4e41a22fab4ddda	
member	com.github.tommyettinger.anim8.PNG8#writeDithered(OutputStream,Pixmap)	sge.anim8.PNG8#writeDithered(OutputStream,Pixmap)	Renamed	-	com/github/tommyettinger/anim8/PNG8.java	341	5fdc035a1675de48	
member	com.github.tommyettinger.anim8.PNG8#writeDodgyDithered(OutputStream,Array,int)	sge.anim8.PNG8#writeDodgyDithered(OutputStream,Array<Pixmap>,int)	Renamed	-	com/github/tommyettinger/anim8/PNG8.java	6175	eb05ffaeeea4dce6	
member	com.github.tommyettinger.anim8.PNG8#writeDodgyDithered(OutputStream,Pixmap)	sge.anim8.PNG8#writeDodgyDithered(OutputStream,Pixmap)	Renamed	-	com/github/tommyettinger/anim8/PNG8.java	2435	0778891936b10746	
member	com.github.tommyettinger.anim8.PNG8#writeGourdDithered(OutputStream,Array,int)	sge.anim8.PNG8#writeGourdDithered(OutputStream,Array<Pixmap>,int)	Renamed	-	com/github/tommyettinger/anim8/PNG8.java	4732	c23bf1cc65bb9f9e	
member	com.github.tommyettinger.anim8.PNG8#writeGourdDithered(OutputStream,Pixmap)	sge.anim8.PNG8#writeGourdDithered(OutputStream,Pixmap)	Renamed	-	com/github/tommyettinger/anim8/PNG8.java	1318	ae08c7c1070c3772	
member	com.github.tommyettinger.anim8.PNG8#writeGradientDithered(OutputStream,Array,int)	sge.anim8.PNG8#writeGradientDithered(OutputStream,Array<Pixmap>,int)	Renamed	-	com/github/tommyettinger/anim8/PNG8.java	4230	f79504bd2944d996	
member	com.github.tommyettinger.anim8.PNG8#writeGradientDithered(OutputStream,Pixmap)	sge.anim8.PNG8#writeGradientDithered(OutputStream,Pixmap)	Renamed	-	com/github/tommyettinger/anim8/PNG8.java	939	e9be95d28c6c8624	
member	com.github.tommyettinger.anim8.PNG8#writeLoafDithered(OutputStream,Array,int)	sge.anim8.PNG8#writeLoafDithered(OutputStream,Array<Pixmap>,int)	Renamed	-	com/github/tommyettinger/anim8/PNG8.java	4621	ef3f5ba3a2dcb01d	
member	com.github.tommyettinger.anim8.PNG8#writeLoafDithered(OutputStream,Pixmap)	sge.anim8.PNG8#writeLoafDithered(OutputStream,Pixmap)	Renamed	-	com/github/tommyettinger/anim8/PNG8.java	1239	d6ab682c86b58e00	
member	com.github.tommyettinger.anim8.PNG8#writeMartenDithered(OutputStream,Array,int)	sge.anim8.PNG8#writeMartenDithered(OutputStream,Array<Pixmap>,int)	Renamed	-	com/github/tommyettinger/anim8/PNG8.java	7824	674604559e60efff	
member	com.github.tommyettinger.anim8.PNG8#writeMartenDithered(OutputStream,Pixmap)	sge.anim8.PNG8#writeMartenDithered(OutputStream,Pixmap)	Renamed	-	com/github/tommyettinger/anim8/PNG8.java	3835	edcb37f739e6c76a	
member	com.github.tommyettinger.anim8.PNG8#writeNeueDithered(OutputStream,Array,int)	sge.anim8.PNG8#writeNeueDithered(OutputStream,Array<Pixmap>,int)	Renamed	-	com/github/tommyettinger/anim8/PNG8.java	5964	af6eb92e438be053	
member	com.github.tommyettinger.anim8.PNG8#writeNeueDithered(OutputStream,Pixmap)	sge.anim8.PNG8#writeNeueDithered(OutputStream,Pixmap)	Renamed	-	com/github/tommyettinger/anim8/PNG8.java	2260	0463efd5761579d0	
member	com.github.tommyettinger.anim8.PNG8#writeOceanicDithered(OutputStream,Array,int)	sge.anim8.PNG8#writeOceanicDithered(OutputStream,Array<Pixmap>,int)	Renamed	-	com/github/tommyettinger/anim8/PNG8.java	7396	3e65d9a0ca5fa9e7	
member	com.github.tommyettinger.anim8.PNG8#writeOceanicDithered(OutputStream,Pixmap)	sge.anim8.PNG8#writeOceanicDithered(OutputStream,Pixmap)	Renamed	-	com/github/tommyettinger/anim8/PNG8.java	3469	04a92e50a4d0935d	
member	com.github.tommyettinger.anim8.PNG8#writeOverboardDithered(OutputStream,Array,int)	sge.anim8.PNG8#writeOverboardDithered(OutputStream,Array<Pixmap>,int)	Renamed	-	com/github/tommyettinger/anim8/PNG8.java	6964	a910e518deb428e4	
member	com.github.tommyettinger.anim8.PNG8#writeOverboardDithered(OutputStream,Pixmap)	sge.anim8.PNG8#writeOverboardDithered(OutputStream,Pixmap)	Renamed	-	com/github/tommyettinger/anim8/PNG8.java	3089	7c379f456246a56d	
member	com.github.tommyettinger.anim8.PNG8#writePatternDithered(OutputStream,Array,int)	sge.anim8.PNG8#writePatternDithered(OutputStream,Array<Pixmap>,int)	Renamed	-	com/github/tommyettinger/anim8/PNG8.java	5608	af2566d123f85745	
member	com.github.tommyettinger.anim8.PNG8#writePatternDithered(OutputStream,Pixmap)	sge.anim8.PNG8#writePatternDithered(OutputStream,Pixmap)	Renamed	-	com/github/tommyettinger/anim8/PNG8.java	1969	52440c56b12ab9c6	
member	com.github.tommyettinger.anim8.PNG8#writePreciseSection(FileHandle,Pixmap,Array,int,int,int,int)	sge.anim8.PNG8#writePreciseSection(FileHandle,Pixmap,Array<int>,int,int,int,int)	Renamed	-	com/github/tommyettinger/anim8/PNG8.java	685	85ad8ea24d11bd95	
member	com.github.tommyettinger.anim8.PNG8#writePreciseSection(OutputStream,Pixmap,Array,int,int,int,int)	sge.anim8.PNG8#writePreciseSection(OutputStream,Pixmap,Array<int>,int,int,int,int)	Renamed	-	com/github/tommyettinger/anim8/PNG8.java	709	a86aca507714a1e2	
member	com.github.tommyettinger.anim8.PNG8#writePrecisely(FileHandle,Pixmap,Array,boolean,int)	sge.anim8.PNG8#writePrecisely(FileHandle,Pixmap,Array<int>,boolean,int)	Renamed	-	com/github/tommyettinger/anim8/PNG8.java	478	a045dbc09eb74322	
member	com.github.tommyettinger.anim8.PNG8#writePrecisely(FileHandle,Pixmap,boolean)	sge.anim8.PNG8#writePrecisely(FileHandle,Pixmap,boolean)	Renamed	-	com/github/tommyettinger/anim8/PNG8.java	431	8bad606a6293d376	
member	com.github.tommyettinger.anim8.PNG8#writePrecisely(FileHandle,Pixmap,boolean,int)	sge.anim8.PNG8#writePrecisely(FileHandle,Pixmap,boolean,int)	Renamed	-	com/github/tommyettinger/anim8/PNG8.java	449	485d72a270a864e4	
member	com.github.tommyettinger.anim8.PNG8#writePrecisely(OutputStream,Pixmap,Array,boolean,int)	sge.anim8.PNG8#writePrecisely(OutputStream,Pixmap,Array<int>,boolean,int)	Renamed	-	com/github/tommyettinger/anim8/PNG8.java	543	8bb414fe6bf41451	
member	com.github.tommyettinger.anim8.PNG8#writePrecisely(OutputStream,Pixmap,boolean)	sge.anim8.PNG8#writePrecisely(OutputStream,Pixmap,boolean)	Renamed	-	com/github/tommyettinger/anim8/PNG8.java	500	1f6528f9b4bcc599	
member	com.github.tommyettinger.anim8.PNG8#writePrecisely(OutputStream,Pixmap,boolean,int)	sge.anim8.PNG8#writePrecisely(OutputStream,Pixmap,boolean,int)	Renamed	-	com/github/tommyettinger/anim8/PNG8.java	519	7240073d1346d21f	
member	com.github.tommyettinger.anim8.PNG8#writeRobertsDithered(OutputStream,Array,int)	sge.anim8.PNG8#writeRobertsDithered(OutputStream,Array<Pixmap>,int)	Renamed	-	com/github/tommyettinger/anim8/PNG8.java	4480	890ecb36367e4b27	
member	com.github.tommyettinger.anim8.PNG8#writeRobertsDithered(OutputStream,Pixmap)	sge.anim8.PNG8#writeRobertsDithered(OutputStream,Pixmap)	Renamed	-	com/github/tommyettinger/anim8/PNG8.java	1128	83166158c14aa739	
member	com.github.tommyettinger.anim8.PNG8#writeScatterDithered(OutputStream,Array,int)	sge.anim8.PNG8#writeScatterDithered(OutputStream,Array<Pixmap>,int)	Renamed	-	com/github/tommyettinger/anim8/PNG8.java	5757	3666c550a908af8d	
member	com.github.tommyettinger.anim8.PNG8#writeScatterDithered(OutputStream,Pixmap)	sge.anim8.PNG8#writeScatterDithered(OutputStream,Pixmap)	Renamed	-	com/github/tommyettinger/anim8/PNG8.java	2086	dcee1b3517267cbd	
member	com.github.tommyettinger.anim8.PNG8#writeSeasideDithered(OutputStream,Array,int)	sge.anim8.PNG8#writeSeasideDithered(OutputStream,Array<Pixmap>,int)	Renamed	-	com/github/tommyettinger/anim8/PNG8.java	7609	4f75f9e87e2fae0a	
member	com.github.tommyettinger.anim8.PNG8#writeSeasideDithered(OutputStream,Pixmap)	sge.anim8.PNG8#writeSeasideDithered(OutputStream,Pixmap)	Renamed	-	com/github/tommyettinger/anim8/PNG8.java	3651	36a453c7f1085c0c	
member	com.github.tommyettinger.anim8.PNG8#writeSolid(OutputStream,Array,int)	sge.anim8.PNG8#writeSolid(OutputStream,Array<Pixmap>,int)	Renamed	-	com/github/tommyettinger/anim8/PNG8.java	4020	3545a80d54c99062	
member	com.github.tommyettinger.anim8.PNG8#writeSolid(OutputStream,Pixmap)	sge.anim8.PNG8#writeSolid(OutputStream,Pixmap)	Renamed	-	com/github/tommyettinger/anim8/PNG8.java	835	7101a91dd2172dc5	
member	com.github.tommyettinger.anim8.PNG8#writeWovenDithered(OutputStream,Array,int)	sge.anim8.PNG8#writeWovenDithered(OutputStream,Array<Pixmap>,int)	Renamed	-	com/github/tommyettinger/anim8/PNG8.java	6362	3a9f88d1b8ee1989	
member	com.github.tommyettinger.anim8.PNG8#writeWovenDithered(OutputStream,Pixmap)	sge.anim8.PNG8#writeWovenDithered(OutputStream,Pixmap)	Renamed	-	com/github/tommyettinger/anim8/PNG8.java	2589	73f42831a5be4c02	
member	com.github.tommyettinger.anim8.PNG8#writeWrenDithered(OutputStream,Array,int)	sge.anim8.PNG8#writeWrenDithered(OutputStream,Array<Pixmap>,int)	Renamed	-	com/github/tommyettinger/anim8/PNG8.java	6751	5b63484b1337aa10	
member	com.github.tommyettinger.anim8.PNG8#writeWrenDithered(OutputStream,Pixmap)	sge.anim8.PNG8#writeWrenDithered(OutputStream,Pixmap)	Renamed	-	com/github/tommyettinger/anim8/PNG8.java	2910	9af508e79386230c	
member	com.github.tommyettinger.anim8.PNG8#writeWrenOriginalDithered(OutputStream,Array,int)	sge.anim8.PNG8#writeWrenOriginalDithered(OutputStream,Array<Pixmap>,int)	Renamed	-	com/github/tommyettinger/anim8/PNG8.java	6568	6e2fdf17e4d42895	
member	com.github.tommyettinger.anim8.PNG8#writeWrenOriginalDithered(OutputStream,Pixmap)	sge.anim8.PNG8#writeWrenOriginalDithered(OutputStream,Pixmap)	Renamed	-	com/github/tommyettinger/anim8/PNG8.java	2761	06e4b4dfb3405886	
member	com.github.tommyettinger.anim8.PaletteReducer#<clinit>	sge.anim8.PaletteReducer#<clinit>	Renamed	-	com/github/tommyettinger/anim8/PaletteReducer.java	786	9e4350eba87fb0e8	placement=companion
member	com.github.tommyettinger.anim8.PaletteReducer#<clinit>	sge.anim8.PaletteReducer#<clinit>	Renamed	-	com/github/tommyettinger/anim8/PaletteReducer.java	3989	1d1b740e808cf3cb	placement=companion
member	com.github.tommyettinger.anim8.PaletteReducer#<init>(Array,Sge)	sge.anim8.PaletteReducer#<init>(Array<Color>,Sge)	Renamed	-	com/github/tommyettinger/anim8/PaletteReducer.java	1088	2e1bfbfa5ed145c3	
member	com.github.tommyettinger.anim8.PaletteReducer#<init>(Array,int,Sge)	sge.anim8.PaletteReducer#<init>(Array<Color>,int,Sge)	Renamed	-	com/github/tommyettinger/anim8/PaletteReducer.java	1103	77698281940ece10	
member	com.github.tommyettinger.anim8.PaletteReducer#<init>(Array,Sge)	sge.anim8.PaletteReducer#<init>(Array<Pixmap>,Sge)	Renamed	-	com/github/tommyettinger/anim8/PaletteReducer.java	1133	9d3e3c250d93615d	
member	com.github.tommyettinger.anim8.PaletteReducer#<init>(Array,Array,Sge)	sge.anim8.PaletteReducer#<init>(Array<int>,Array<byte>,Sge)	Renamed	-	com/github/tommyettinger/anim8/PaletteReducer.java	1149	9d3230e7464f634d	
member	com.github.tommyettinger.anim8.PaletteReducer#<init>(Array,Sge)	sge.anim8.PaletteReducer#<init>(Array<int>,Sge)	Renamed	-	com/github/tommyettinger/anim8/PaletteReducer.java	1058	64834b9808502841	
member	com.github.tommyettinger.anim8.PaletteReducer#<init>(Array,int,Sge)	sge.anim8.PaletteReducer#<init>(Array<int>,int,Sge)	Renamed	-	com/github/tommyettinger/anim8/PaletteReducer.java	1073	f9f33dd9b178e198	
member	com.github.tommyettinger.anim8.PaletteReducer#<init>(Pixmap,Sge)	sge.anim8.PaletteReducer#<init>(Pixmap,Sge)	Renamed	-	com/github/tommyettinger/anim8/PaletteReducer.java	1118	9a1892fb9b452eac	
member	com.github.tommyettinger.anim8.PaletteReducer#<init>(Pixmap,double,Sge)	sge.anim8.PaletteReducer#<init>(Pixmap,double,Sge)	Renamed	-	com/github/tommyettinger/anim8/PaletteReducer.java	1160	78609dd5c8e3de21	
member	com.github.tommyettinger.anim8.PaletteReducer#<init>(Sge)	sge.anim8.PaletteReducer#<init>(Sge)	Renamed	-	com/github/tommyettinger/anim8/PaletteReducer.java	1048	f2bd73eb75e4286e	
member	com.github.tommyettinger.anim8.PaletteReducer#AURORA	sge.anim8.PaletteReducer#AURORA	Renamed	-	com/github/tommyettinger/anim8/PaletteReducer.java	174	a6a77b135db40aef	placement=companion
member	com.github.tommyettinger.anim8.PaletteReducer#BIG_PALETTE	sge.anim8.PaletteReducer#BIG_PALETTE	Renamed	-	com/github/tommyettinger/anim8/PaletteReducer.java	215	5bd247adbe8f7835	placement=companion
member	com.github.tommyettinger.anim8.PaletteReducer#HALTONIC	sge.anim8.PaletteReducer#HALTONIC	Renamed	-	com/github/tommyettinger/anim8/PaletteReducer.java	487	63152a7318c37f5d	placement=companion
member	com.github.tommyettinger.anim8.PaletteReducer#OKLAB	sge.anim8.PaletteReducer#OKLAB	Renamed	-	com/github/tommyettinger/anim8/PaletteReducer.java	643	fb699b75822c92e5	placement=companion
member	com.github.tommyettinger.anim8.PaletteReducer#SNUGGLY	sge.anim8.PaletteReducer#SNUGGLY	Renamed	-	com/github/tommyettinger/anim8/PaletteReducer.java	121	55b75ed8f203f0b0	placement=companion
member	com.github.tommyettinger.anim8.PaletteReducer#TBM_BITS	sge.anim8.PaletteReducer#TBM_BITS	Renamed	-	com/github/tommyettinger/anim8/PaletteReducer.java	712	52a3c3fa8dd46479	placement=companion
member	com.github.tommyettinger.anim8.PaletteReducer#TBM_MASK	sge.anim8.PaletteReducer#TBM_MASK	Renamed	-	com/github/tommyettinger/anim8/PaletteReducer.java	717	0af6795d862718e3	placement=companion
member	com.github.tommyettinger.anim8.PaletteReducer#TRIANGULAR_BYTE_LOOKUP	sge.anim8.PaletteReducer#TRIANGULAR_BYTE_LOOKUP	Renamed	-	com/github/tommyettinger/anim8/PaletteReducer.java	785	013cf5e1bd0612ab	placement=companion
member	com.github.tommyettinger.anim8.PaletteReducer#TRI_BAYER_MATRIX_128	sge.anim8.PaletteReducer#TRI_BAYER_MATRIX_128	Renamed	-	com/github/tommyettinger/anim8/PaletteReducer.java	777	42a0fdd5b5894c02	placement=companion
member	com.github.tommyettinger.anim8.PaletteReducer#TRI_BLUE_NOISE	sge.anim8.PaletteReducer#TRI_BLUE_NOISE	Renamed	-	com/github/tommyettinger/anim8/PaletteReducer.java	655	2551dff82c00b0b4	placement=companion
member	com.github.tommyettinger.anim8.PaletteReducer#TRI_BLUE_NOISE_B	sge.anim8.PaletteReducer#TRI_BLUE_NOISE_B	Renamed	-	com/github/tommyettinger/anim8/PaletteReducer.java	664	ee211eba20181d46	placement=companion
member	com.github.tommyettinger.anim8.PaletteReducer#TRI_BLUE_NOISE_C	sge.anim8.PaletteReducer#TRI_BLUE_NOISE_C	Renamed	-	com/github/tommyettinger/anim8/PaletteReducer.java	673	195276271561a2d4	placement=companion
member	com.github.tommyettinger.anim8.PaletteReducer#TRI_BLUE_NOISE_MULTIPLIERS	sge.anim8.PaletteReducer#TRI_BLUE_NOISE_MULTIPLIERS	Renamed	-	com/github/tommyettinger/anim8/PaletteReducer.java	684	b19e1b4fe15cf1f3	placement=companion
member	com.github.tommyettinger.anim8.PaletteReducer#TRI_BLUE_NOISE_MULTIPLIERS_B	sge.anim8.PaletteReducer#TRI_BLUE_NOISE_MULTIPLIERS_B	Renamed	-	com/github/tommyettinger/anim8/PaletteReducer.java	695	4159ab9e7afc4a74	placement=companion
member	com.github.tommyettinger.anim8.PaletteReducer#TRI_BLUE_NOISE_MULTIPLIERS_C	sge.anim8.PaletteReducer#TRI_BLUE_NOISE_MULTIPLIERS_C	Renamed	-	com/github/tommyettinger/anim8/PaletteReducer.java	706	8fbe59e7c1617735	placement=companion
member	com.github.tommyettinger.anim8.PaletteReducer#alterBigPalette(Array)	sge.anim8.PaletteReducer#alterBigPalette(Array<int>)	Renamed	-	com/github/tommyettinger/anim8/PaletteReducer.java	2442	e8a9c0efef31d914	
member	com.github.tommyettinger.anim8.PaletteReducer#alterColors(Interpolation,Interpolation,Interpolation)	sge.anim8.PaletteReducer#alterColors(Interpolation,Interpolation,Interpolation)	Renamed	-	com/github/tommyettinger/anim8/PaletteReducer.java	5890	1d0cdccf26c8d0be	
member	com.github.tommyettinger.anim8.PaletteReducer#alterColorsLightness(Interpolation)	sge.anim8.PaletteReducer#alterColorsLightness(Interpolation)	Renamed	-	com/github/tommyettinger/anim8/PaletteReducer.java	5862	91867d9d6768a309	
member	com.github.tommyettinger.anim8.PaletteReducer#alterColorsOklab(Interpolation,Interpolation,Interpolation)	sge.anim8.PaletteReducer#alterColorsOklab(Interpolation,Interpolation,Interpolation)	Renamed	-	com/github/tommyettinger/anim8/PaletteReducer.java	5924	104fe0278ee8fae1	
member	com.github.tommyettinger.anim8.PaletteReducer#alterColorsSaturation(float)	sge.anim8.PaletteReducer#alterColorsSaturation(float)	Renamed	-	com/github/tommyettinger/anim8/PaletteReducer.java	5947	8601a33dc5b4d914	
member	com.github.tommyettinger.anim8.PaletteReducer#analyze(Array)	sge.anim8.PaletteReducer#analyze(Array<Pixmap>)	Renamed	-	com/github/tommyettinger/anim8/PaletteReducer.java	2746	dd473da2dc997756	
member	com.github.tommyettinger.anim8.PaletteReducer#analyze(Array,double)	sge.anim8.PaletteReducer#analyze(Array<Pixmap>,double)	Renamed	-	com/github/tommyettinger/anim8/PaletteReducer.java	2768	927ecdb46828e921	
member	com.github.tommyettinger.anim8.PaletteReducer#analyze(Array,double,int)	sge.anim8.PaletteReducer#analyze(Array<Pixmap>,double,int)	Renamed	-	com/github/tommyettinger/anim8/PaletteReducer.java	2791	182147e608f10786	
member	com.github.tommyettinger.anim8.PaletteReducer#analyze(Array,int,double,int)	sge.anim8.PaletteReducer#analyze(Array<Pixmap>,int,double,int)	Renamed	-	com/github/tommyettinger/anim8/PaletteReducer.java	2814	2dd8d13877f90e14	
member	com.github.tommyettinger.anim8.PaletteReducer#analyze(Pixmap)	sge.anim8.PaletteReducer#analyze(Pixmap)	Renamed	-	com/github/tommyettinger/anim8/PaletteReducer.java	1818	4fb0f28113e99fdb	
member	com.github.tommyettinger.anim8.PaletteReducer#analyze(Pixmap,double)	sge.anim8.PaletteReducer#analyze(Pixmap,double)	Renamed	-	com/github/tommyettinger/anim8/PaletteReducer.java	1842	f4aa8d32b20bd663	
member	com.github.tommyettinger.anim8.PaletteReducer#analyze(Pixmap,double,int)	sge.anim8.PaletteReducer#analyze(Pixmap,double,int)	Renamed	-	com/github/tommyettinger/anim8/PaletteReducer.java	1866	b5d58e8ef6e6f602	
member	com.github.tommyettinger.anim8.PaletteReducer#analyzeFast(Pixmap,double,int)	sge.anim8.PaletteReducer#analyzeFast(Pixmap,double,int)	Renamed	-	com/github/tommyettinger/anim8/PaletteReducer.java	2109	00056d91bea11d7e	
member	com.github.tommyettinger.anim8.PaletteReducer#analyzeHueWise(Array)	sge.anim8.PaletteReducer#analyzeHueWise(Array<Pixmap>)	Renamed	-	com/github/tommyettinger/anim8/PaletteReducer.java	2919	a99d88712fbb90d3	
member	com.github.tommyettinger.anim8.PaletteReducer#analyzeHueWise(Array,double)	sge.anim8.PaletteReducer#analyzeHueWise(Array<Pixmap>,double)	Renamed	-	com/github/tommyettinger/anim8/PaletteReducer.java	2941	cd9111f52dec0bd9	
member	com.github.tommyettinger.anim8.PaletteReducer#analyzeHueWise(Array,double,int)	sge.anim8.PaletteReducer#analyzeHueWise(Array<Pixmap>,double,int)	Renamed	-	com/github/tommyettinger/anim8/PaletteReducer.java	2963	21a539e1864c48ba	
member	com.github.tommyettinger.anim8.PaletteReducer#analyzeHueWise(Array,int,double,int)	sge.anim8.PaletteReducer#analyzeHueWise(Array<Pixmap>,int,double,int)	Renamed	-	com/github/tommyettinger/anim8/PaletteReducer.java	2986	b31b888d091b7617	
member	com.github.tommyettinger.anim8.PaletteReducer#analyzeHueWise(Pixmap,double,int)	sge.anim8.PaletteReducer#analyzeHueWise(Pixmap,double,int)	Renamed	-	com/github/tommyettinger/anim8/PaletteReducer.java	1971	187317cf7ccff45d	
member	com.github.tommyettinger.anim8.PaletteReducer#analyzeMC(Pixmap,int)	sge.anim8.PaletteReducer#analyzeMC(Pixmap,int)	Renamed	-	com/github/tommyettinger/anim8/PaletteReducer.java	2241	3d68acd21dbd7a04	
member	com.github.tommyettinger.anim8.PaletteReducer#analyzeReductive(Array)	sge.anim8.PaletteReducer#analyzeReductive(Array<Pixmap>)	Renamed	-	com/github/tommyettinger/anim8/PaletteReducer.java	3136	2a6e18f4ed2b18db	
member	com.github.tommyettinger.anim8.PaletteReducer#analyzeReductive(Array,double)	sge.anim8.PaletteReducer#analyzeReductive(Array<Pixmap>,double)	Renamed	-	com/github/tommyettinger/anim8/PaletteReducer.java	3162	cb634a47e896c050	
member	com.github.tommyettinger.anim8.PaletteReducer#analyzeReductive(Array,double,int)	sge.anim8.PaletteReducer#analyzeReductive(Array<Pixmap>,double,int)	Renamed	-	com/github/tommyettinger/anim8/PaletteReducer.java	3189	926c3be4615e1212	
member	com.github.tommyettinger.anim8.PaletteReducer#analyzeReductive(Array,int,double,int)	sge.anim8.PaletteReducer#analyzeReductive(Array<Pixmap>,int,double,int)	Renamed	-	com/github/tommyettinger/anim8/PaletteReducer.java	3216	1d701d1a7cc6d815	
member	com.github.tommyettinger.anim8.PaletteReducer#analyzeReductive(Pixmap)	sge.anim8.PaletteReducer#analyzeReductive(Pixmap)	Renamed	-	com/github/tommyettinger/anim8/PaletteReducer.java	2567	33ad605a1cbfbba2	
member	com.github.tommyettinger.anim8.PaletteReducer#analyzeReductive(Pixmap,double)	sge.anim8.PaletteReducer#analyzeReductive(Pixmap,double)	Renamed	-	com/github/tommyettinger/anim8/PaletteReducer.java	2595	16c17c72ffff2f80	
member	com.github.tommyettinger.anim8.PaletteReducer#analyzeReductive(Pixmap,double,int)	sge.anim8.PaletteReducer#analyzeReductive(Pixmap,double,int)	Renamed	-	com/github/tommyettinger/anim8/PaletteReducer.java	2623	c5bbc774dcfcc18e	
member	com.github.tommyettinger.anim8.PaletteReducer#bayer(int,int,int)	sge.anim8.PaletteReducer#bayer(int,int,int)	Renamed	-	com/github/tommyettinger/anim8/PaletteReducer.java	769	a4767646d651f40a	placement=companion
member	com.github.tommyettinger.anim8.PaletteReducer#bigPaletteLoaded	sge.anim8.PaletteReducer#bigPaletteLoaded	Renamed	-	com/github/tommyettinger/anim8/PaletteReducer.java	2430	374db7e1bffdbe66	placement=companion
member	com.github.tommyettinger.anim8.PaletteReducer#bigPaletteMapping	sge.anim8.PaletteReducer#bigPaletteMapping	Renamed	-	com/github/tommyettinger/anim8/PaletteReducer.java	2431	5368f4fb54da119c	placement=companion
member	com.github.tommyettinger.anim8.PaletteReducer#blend(int,int,float)	sge.anim8.PaletteReducer#blend(int,int,float)	Renamed	-	com/github/tommyettinger/anim8/PaletteReducer.java	2717	20bdeb36e2fd5a47	
member	com.github.tommyettinger.anim8.PaletteReducer#buildBigPalette()	sge.anim8.PaletteReducer#buildBigPalette()	Renamed	-	com/github/tommyettinger/anim8/PaletteReducer.java	2534	205ff4c6bf258a77	
member	com.github.tommyettinger.anim8.PaletteReducer#candidates	sge.anim8.PaletteReducer#candidates	Renamed	-	com/github/tommyettinger/anim8/PaletteReducer.java	1017	be9e2b5a29d58239	
member	com.github.tommyettinger.anim8.PaletteReducer#colorCount	sge.anim8.PaletteReducer#colorCount	Renamed	-	com/github/tommyettinger/anim8/PaletteReducer.java	966	00096a612b5cd1f4	
member	com.github.tommyettinger.anim8.PaletteReducer#colorsFrom(Pixmap)	sge.anim8.PaletteReducer#colorsFrom(Pixmap)	Renamed	-	com/github/tommyettinger/anim8/PaletteReducer.java	860	94cce8a5c88595e5	placement=companion
member	com.github.tommyettinger.anim8.PaletteReducer#colorsFrom(Pixmap,int)	sge.anim8.PaletteReducer#colorsFrom(Pixmap,int)	Renamed	-	com/github/tommyettinger/anim8/PaletteReducer.java	873	a2e74d380d44cffe	placement=companion
member	com.github.tommyettinger.anim8.PaletteReducer#compareSwap(Array,int,int)	sge.anim8.PaletteReducer#compareSwap(Array<int>,int,int)	Renamed	-	com/github/tommyettinger/anim8/PaletteReducer.java	5497	dc2d81895ba8d7ee	placement=companion
member	com.github.tommyettinger.anim8.PaletteReducer#curErrorBlueFloats	sge.anim8.PaletteReducer#curErrorBlueFloats	Renamed	-	com/github/tommyettinger/anim8/PaletteReducer.java	956	016dcbe69071da9c	
member	com.github.tommyettinger.anim8.PaletteReducer#curErrorGreenFloats	sge.anim8.PaletteReducer#curErrorGreenFloats	Renamed	-	com/github/tommyettinger/anim8/PaletteReducer.java	944	1d3235e4805d89f6	
member	com.github.tommyettinger.anim8.PaletteReducer#curErrorRedFloats	sge.anim8.PaletteReducer#curErrorRedFloats	Renamed	-	com/github/tommyettinger/anim8/PaletteReducer.java	932	07a6574332618504	
member	com.github.tommyettinger.anim8.PaletteReducer#differenceAnalyzing(int,int)	sge.anim8.PaletteReducer#differenceAnalyzing(int,int)	Renamed	-	com/github/tommyettinger/anim8/PaletteReducer.java	1228	b42a2ec63e43d20a	
member	com.github.tommyettinger.anim8.PaletteReducer#differenceAnalyzing(int,int,int,int)	sge.anim8.PaletteReducer#differenceAnalyzing(int,int,int,int)	Renamed	-	com/github/tommyettinger/anim8/PaletteReducer.java	1269	564bcb254c74f3af	
member	com.github.tommyettinger.anim8.PaletteReducer#differenceAnalyzing(int,int,int,int,int,int)	sge.anim8.PaletteReducer#differenceAnalyzing(int,int,int,int,int,int)	Renamed	-	com/github/tommyettinger/anim8/PaletteReducer.java	1345	46bc0c0ddbfb8713	
member	com.github.tommyettinger.anim8.PaletteReducer#differenceHW(int,int)	sge.anim8.PaletteReducer#differenceHW(int,int)	Renamed	-	com/github/tommyettinger/anim8/PaletteReducer.java	1240	628cd7005129deaf	
member	com.github.tommyettinger.anim8.PaletteReducer#differenceHW(int,int,int,int)	sge.anim8.PaletteReducer#differenceHW(int,int,int,int)	Renamed	-	com/github/tommyettinger/anim8/PaletteReducer.java	1283	77e56e6252891ed9	
member	com.github.tommyettinger.anim8.PaletteReducer#differenceHW(int,int,int,int,int,int)	sge.anim8.PaletteReducer#differenceHW(int,int,int,int,int,int)	Renamed	-	com/github/tommyettinger/anim8/PaletteReducer.java	1386	73ebc7ad8f74ad84	
member	com.github.tommyettinger.anim8.PaletteReducer#differenceMatch(int,int)	sge.anim8.PaletteReducer#differenceMatch(int,int)	Renamed	-	com/github/tommyettinger/anim8/PaletteReducer.java	1215	7239ae39d12819df	
member	com.github.tommyettinger.anim8.PaletteReducer#differenceMatch(int,int,int,int)	sge.anim8.PaletteReducer#differenceMatch(int,int,int,int)	Renamed	-	com/github/tommyettinger/anim8/PaletteReducer.java	1254	d66b0722bd07475b	
member	com.github.tommyettinger.anim8.PaletteReducer#differenceMatch(int,int,int,int,int,int)	sge.anim8.PaletteReducer#differenceMatch(int,int,int,int,int,int)	Renamed	-	com/github/tommyettinger/anim8/PaletteReducer.java	1309	bd3f5fe071f385b7	
member	com.github.tommyettinger.anim8.PaletteReducer#getDitherStrength	sge.anim8.PaletteReducer#ditherStrength	Renamed	-	com/github/tommyettinger/anim8/PaletteReducer.java	971	a7d003a5e2b83062	name=ditherStrength$field
member	com.github.tommyettinger.anim8.PaletteReducer#getDitherStrength()	sge.anim8.PaletteReducer#ditherStrength()	Renamed	-	com/github/tommyettinger/anim8/PaletteReducer.java	3319	ef9d43c18991342f	
member	com.github.tommyettinger.anim8.PaletteReducer#setDitherStrength(float)	sge.anim8.PaletteReducer#ditherStrength_=(float)	Renamed	-	com/github/tommyettinger/anim8/PaletteReducer.java	3331	d2060c3fb09e9503	
member	com.github.tommyettinger.anim8.PaletteReducer#entryComparator	sge.anim8.PaletteReducer#entryComparator	Renamed	-	com/github/tommyettinger/anim8/PaletteReducer.java	1568	e21c14182d428ef7	placement=companion
member	com.github.tommyettinger.anim8.PaletteReducer#exact(Array)	sge.anim8.PaletteReducer#exact(Array<Color>)	Renamed	-	com/github/tommyettinger/anim8/PaletteReducer.java	1515	d92f1251f033dd7a	
member	com.github.tommyettinger.anim8.PaletteReducer#exact(Array,int)	sge.anim8.PaletteReducer#exact(Array<Color>,int)	Renamed	-	com/github/tommyettinger/anim8/PaletteReducer.java	1530	22cbcda7b4cf227b	
member	com.github.tommyettinger.anim8.PaletteReducer#exact(Array)	sge.anim8.PaletteReducer#exact(Array<int>)	Renamed	-	com/github/tommyettinger/anim8/PaletteReducer.java	1424	fa7290ac195d1677	
member	com.github.tommyettinger.anim8.PaletteReducer#exact(Array,Array)	sge.anim8.PaletteReducer#exact(Array<int>,Array<byte>)	Renamed	-	com/github/tommyettinger/anim8/PaletteReducer.java	1488	44784274053784cb	
member	com.github.tommyettinger.anim8.PaletteReducer#exact(Array,int)	sge.anim8.PaletteReducer#exact(Array<int>,int)	Renamed	-	com/github/tommyettinger/anim8/PaletteReducer.java	1438	054c7f92a5237b93	
member	com.github.tommyettinger.anim8.PaletteReducer#forwardLight(float)	sge.anim8.PaletteReducer#forwardLight(float)	Renamed	-	com/github/tommyettinger/anim8/PaletteReducer.java	557	ecf69c6330a59b4b	placement=companion
member	com.github.tommyettinger.anim8.PaletteReducer#fromLinearLUT	sge.anim8.PaletteReducer#fromLinearLUT	Renamed	-	com/github/tommyettinger/anim8/PaletteReducer.java	3988	e074b9c5711a2cc3	placement=companion
member	com.github.tommyettinger.anim8.PaletteReducer#hueComparator	sge.anim8.PaletteReducer#hueComparator	Renamed	-	com/github/tommyettinger/anim8/PaletteReducer.java	1611	9636eeb9ed02d240	placement=companion
member	com.github.tommyettinger.anim8.PaletteReducer#hueShift()	sge.anim8.PaletteReducer#hueShift()	Renamed	-	com/github/tommyettinger/anim8/PaletteReducer.java	5967	b62e235fcef1b508	
member	com.github.tommyettinger.anim8.PaletteReducer#hueShift(float)	sge.anim8.PaletteReducer#hueShift(float)	Renamed	-	com/github/tommyettinger/anim8/PaletteReducer.java	5977	ce9abd68b9bff149	
member	com.github.tommyettinger.anim8.PaletteReducer#inPlaceMerge(Array,int,int,int,IntComparator)	sge.anim8.PaletteReducer#inPlaceMerge(Array<int>,int,int,int,IntComparator)	Renamed	-	com/github/tommyettinger/anim8/PaletteReducer.java	1634	f25175ad23e2d9e7	placement=companion vis=private
member	com.github.tommyettinger.anim8.PaletteReducer#interleaveBytes(int,int)	sge.anim8.PaletteReducer#interleaveBytes(int,int)	Renamed	-	com/github/tommyettinger/anim8/PaletteReducer.java	729	99804c14868e3147	placement=companion
member	com.github.tommyettinger.anim8.PaletteReducer#lightnessComparator	sge.anim8.PaletteReducer#lightnessComparator	Renamed	-	com/github/tommyettinger/anim8/PaletteReducer.java	1601	21bc30c787174221	placement=companion
member	com.github.tommyettinger.anim8.PaletteReducer#loadBigPalette(FileHandle,Array)	sge.anim8.PaletteReducer#loadBigPalette(FileHandle,Array<int>)	Renamed	-	com/github/tommyettinger/anim8/PaletteReducer.java	2506	26e7d77e9d741244	
member	com.github.tommyettinger.anim8.PaletteReducer#loadPreloadFile(FileHandle)	sge.anim8.PaletteReducer#loadPreloadFile(FileHandle)	Renamed	-	com/github/tommyettinger/anim8/PaletteReducer.java	1038	4d17582ca102e7e7	placement=companion
member	com.github.tommyettinger.anim8.PaletteReducer#lowerBound(Array,int,int,int,IntComparator)	sge.anim8.PaletteReducer#lowerBound(Array<int>,int,int,int,IntComparator)	Renamed	-	com/github/tommyettinger/anim8/PaletteReducer.java	1685	58f904d52167bda2	placement=companion vis=private
member	com.github.tommyettinger.anim8.PaletteReducer#nextErrorBlueFloats	sge.anim8.PaletteReducer#nextErrorBlueFloats	Renamed	-	com/github/tommyettinger/anim8/PaletteReducer.java	962	655ba903b0fcafcd	
member	com.github.tommyettinger.anim8.PaletteReducer#nextErrorGreenFloats	sge.anim8.PaletteReducer#nextErrorGreenFloats	Renamed	-	com/github/tommyettinger/anim8/PaletteReducer.java	950	39243eebf03d890f	
member	com.github.tommyettinger.anim8.PaletteReducer#nextErrorRedFloats	sge.anim8.PaletteReducer#nextErrorRedFloats	Renamed	-	com/github/tommyettinger/anim8/PaletteReducer.java	938	3e719aa3827c5067	
member	com.github.tommyettinger.anim8.PaletteReducer#oklabToRGB(float,float,float,float)	sge.anim8.PaletteReducer#oklabToRGB(float,float,float,float)	Renamed	-	com/github/tommyettinger/anim8/PaletteReducer.java	837	f4e5d6a24eea410b	placement=companion
member	com.github.tommyettinger.anim8.PaletteReducer#paletteArray	sge.anim8.PaletteReducer#paletteArray	Renamed	-	com/github/tommyettinger/anim8/PaletteReducer.java	925	332cc33454032902	
member	com.github.tommyettinger.anim8.PaletteReducer#paletteMapping	sge.anim8.PaletteReducer#paletteMapping	Renamed	-	com/github/tommyettinger/anim8/PaletteReducer.java	915	57b2b738bc2000bd	
member	com.github.tommyettinger.anim8.PaletteReducer#getPopulationBias	sge.anim8.PaletteReducer#populationBias	Renamed	-	com/github/tommyettinger/anim8/PaletteReducer.java	976	fc62b01af0fc07b8	name=populationBias$field
member	com.github.tommyettinger.anim8.PaletteReducer#getPopulationBias()	sge.anim8.PaletteReducer#populationBias()	Renamed	-	com/github/tommyettinger/anim8/PaletteReducer.java	3335	e40d61642a553e03	
member	com.github.tommyettinger.anim8.PaletteReducer#setPopulationBias(float)	sge.anim8.PaletteReducer#populationBias_=(float)	Renamed	-	com/github/tommyettinger/anim8/PaletteReducer.java	3349	afedb91bae5a3c9f	
member	com.github.tommyettinger.anim8.PaletteReducer#randomColor(Random)	sge.anim8.PaletteReducer#randomColor(Random)	Renamed	-	com/github/tommyettinger/anim8/PaletteReducer.java	5778	24b111d7fd737de3	
member	com.github.tommyettinger.anim8.PaletteReducer#randomColorIndex(Random)	sge.anim8.PaletteReducer#randomColorIndex(Random)	Renamed	-	com/github/tommyettinger/anim8/PaletteReducer.java	5765	829ba828b42bd8c0	
member	com.github.tommyettinger.anim8.PaletteReducer#reduce(Pixmap)	sge.anim8.PaletteReducer#reduce(Pixmap)	Renamed	-	com/github/tommyettinger/anim8/PaletteReducer.java	3363	02039214e002111c	
member	com.github.tommyettinger.anim8.PaletteReducer#reduce(Pixmap,DitherAlgorithm)	sge.anim8.PaletteReducer#reduce(Pixmap,DitherAlgorithm)	Renamed	-	com/github/tommyettinger/anim8/PaletteReducer.java	3373	d7d0ae66676e0d85	
member	com.github.tommyettinger.anim8.PaletteReducer#reduceAdditive(Pixmap)	sge.anim8.PaletteReducer#reduceAdditive(Pixmap)	Renamed	-	com/github/tommyettinger/anim8/PaletteReducer.java	3743	ea8e1544e49bfe7f	
member	com.github.tommyettinger.anim8.PaletteReducer#reduceBanter(Pixmap)	sge.anim8.PaletteReducer#reduceBanter(Pixmap)	Renamed	-	com/github/tommyettinger/anim8/PaletteReducer.java	4488	5303c976dad2c406	
member	com.github.tommyettinger.anim8.PaletteReducer#reduceBlueNoise(Pixmap)	sge.anim8.PaletteReducer#reduceBlueNoise(Pixmap)	Renamed	-	com/github/tommyettinger/anim8/PaletteReducer.java	4402	170420e6eb068190	
member	com.github.tommyettinger.anim8.PaletteReducer#reduceBlunt(Pixmap)	sge.anim8.PaletteReducer#reduceBlunt(Pixmap)	Renamed	-	com/github/tommyettinger/anim8/PaletteReducer.java	4444	740091b83e324450	
member	com.github.tommyettinger.anim8.PaletteReducer#reduceBurkes(Pixmap)	sge.anim8.PaletteReducer#reduceBurkes(Pixmap)	Renamed	-	com/github/tommyettinger/anim8/PaletteReducer.java	5089	a38e8bf5101820e7	
member	com.github.tommyettinger.anim8.PaletteReducer#reduceChaoticNoise(Pixmap)	sge.anim8.PaletteReducer#reduceChaoticNoise(Pixmap)	Renamed	-	com/github/tommyettinger/anim8/PaletteReducer.java	4523	0abbfb168b2475f1	
member	com.github.tommyettinger.anim8.PaletteReducer#reduceDodgy(Pixmap)	sge.anim8.PaletteReducer#reduceDodgy(Pixmap)	Renamed	-	com/github/tommyettinger/anim8/PaletteReducer.java	4799	128dec94778bf5cb	
member	com.github.tommyettinger.anim8.PaletteReducer#reduceFloat(float)	sge.anim8.PaletteReducer#reduceFloat(float)	Renamed	-	com/github/tommyettinger/anim8/PaletteReducer.java	5825	501f60abb4aec209	
member	com.github.tommyettinger.anim8.PaletteReducer#reduceFloydSteinberg(Pixmap)	sge.anim8.PaletteReducer#reduceFloydSteinberg(Pixmap)	Renamed	-	com/github/tommyettinger/anim8/PaletteReducer.java	3570	243a4634a9bcefcb	
member	com.github.tommyettinger.anim8.PaletteReducer#reduceGourd(Pixmap)	sge.anim8.PaletteReducer#reduceGourd(Pixmap)	Renamed	-	com/github/tommyettinger/anim8/PaletteReducer.java	4012	bf6e95ed1e9bc644	
member	com.github.tommyettinger.anim8.PaletteReducer#reduceIgneous(Pixmap)	sge.anim8.PaletteReducer#reduceIgneous(Pixmap)	Renamed	-	com/github/tommyettinger/anim8/PaletteReducer.java	3772	649b7fdd8e248ff0	
member	com.github.tommyettinger.anim8.PaletteReducer#reduceInPlace(Color)	sge.anim8.PaletteReducer#reduceInPlace(Color)	Renamed	-	com/github/tommyettinger/anim8/PaletteReducer.java	5844	dd5e32a2eb53e924	
member	com.github.tommyettinger.anim8.PaletteReducer#reduceIndex(int)	sge.anim8.PaletteReducer#reduceIndex(int)	Renamed	-	com/github/tommyettinger/anim8/PaletteReducer.java	5807	b56fc04067fc7145	
member	com.github.tommyettinger.anim8.PaletteReducer#reduceJimenez(Pixmap)	sge.anim8.PaletteReducer#reduceJimenez(Pixmap)	Renamed	-	com/github/tommyettinger/anim8/PaletteReducer.java	3674	3a73e05b35ef555b	
member	com.github.tommyettinger.anim8.PaletteReducer#reduceKnoll(Pixmap)	sge.anim8.PaletteReducer#reduceKnoll(Pixmap)	Renamed	-	com/github/tommyettinger/anim8/PaletteReducer.java	5621	5aa5bae38dda6b4a	
member	com.github.tommyettinger.anim8.PaletteReducer#reduceKnollRoberts(Pixmap)	sge.anim8.PaletteReducer#reduceKnollRoberts(Pixmap)	Renamed	-	com/github/tommyettinger/anim8/PaletteReducer.java	5714	d3ed30bdbab088d4	
member	com.github.tommyettinger.anim8.PaletteReducer#reduceLoaf(Pixmap)	sge.anim8.PaletteReducer#reduceLoaf(Pixmap)	Renamed	-	com/github/tommyettinger/anim8/PaletteReducer.java	3948	9108d7ae3b540afd	
member	com.github.tommyettinger.anim8.PaletteReducer#reduceMarten(Pixmap)	sge.anim8.PaletteReducer#reduceMarten(Pixmap)	Renamed	-	com/github/tommyettinger/anim8/PaletteReducer.java	5665	175a09b985b9097c	
member	com.github.tommyettinger.anim8.PaletteReducer#reduceNeue(Pixmap)	sge.anim8.PaletteReducer#reduceNeue(Pixmap)	Renamed	-	com/github/tommyettinger/anim8/PaletteReducer.java	4687	14942ea834522e03	
member	com.github.tommyettinger.anim8.PaletteReducer#reduceOceanic(Pixmap)	sge.anim8.PaletteReducer#reduceOceanic(Pixmap)	Renamed	-	com/github/tommyettinger/anim8/PaletteReducer.java	5212	ae5757fbcd1d1a09	
member	com.github.tommyettinger.anim8.PaletteReducer#reduceOverboard(Pixmap)	sge.anim8.PaletteReducer#reduceOverboard(Pixmap)	Renamed	-	com/github/tommyettinger/anim8/PaletteReducer.java	4924	befb31378bf62908	
member	com.github.tommyettinger.anim8.PaletteReducer#reduceRoberts(Pixmap)	sge.anim8.PaletteReducer#reduceRoberts(Pixmap)	Renamed	-	com/github/tommyettinger/anim8/PaletteReducer.java	3884	7ef61b8c1197c1db	
member	com.github.tommyettinger.anim8.PaletteReducer#reduceScatter(Pixmap)	sge.anim8.PaletteReducer#reduceScatter(Pixmap)	Renamed	-	com/github/tommyettinger/anim8/PaletteReducer.java	4578	ffc876f0e3da8b8f	
member	com.github.tommyettinger.anim8.PaletteReducer#reduceSeaside(Pixmap)	sge.anim8.PaletteReducer#reduceSeaside(Pixmap)	Renamed	-	com/github/tommyettinger/anim8/PaletteReducer.java	5352	2064b3cefb025a39	
member	com.github.tommyettinger.anim8.PaletteReducer#reduceSierraLite(Pixmap)	sge.anim8.PaletteReducer#reduceSierraLite(Pixmap)	Renamed	-	com/github/tommyettinger/anim8/PaletteReducer.java	3476	25aeecbac6f7087d	
member	com.github.tommyettinger.anim8.PaletteReducer#reduceSingle(int)	sge.anim8.PaletteReducer#reduceSingle(int)	Renamed	-	com/github/tommyettinger/anim8/PaletteReducer.java	5790	15d9c47eb92da9b9	
member	com.github.tommyettinger.anim8.PaletteReducer#reduceSolid(Pixmap)	sge.anim8.PaletteReducer#reduceSolid(Pixmap)	Renamed	-	com/github/tommyettinger/anim8/PaletteReducer.java	3435	85baeb6365290cc0	
member	com.github.tommyettinger.anim8.PaletteReducer#reduceWoven(Pixmap)	sge.anim8.PaletteReducer#reduceWoven(Pixmap)	Renamed	-	com/github/tommyettinger/anim8/PaletteReducer.java	4054	f57ca5022144c6d7	
member	com.github.tommyettinger.anim8.PaletteReducer#reduceWren(Pixmap)	sge.anim8.PaletteReducer#reduceWren(Pixmap)	Renamed	-	com/github/tommyettinger/anim8/PaletteReducer.java	4265	479138cefb8af37e	
member	com.github.tommyettinger.anim8.PaletteReducer#reduceWrenOriginal(Pixmap)	sge.anim8.PaletteReducer#reduceWrenOriginal(Pixmap)	Renamed	-	com/github/tommyettinger/anim8/PaletteReducer.java	4167	95d1c25d1a54b556	
member	com.github.tommyettinger.anim8.PaletteReducer#reverseLight(float)	sge.anim8.PaletteReducer#reverseLight(float)	Renamed	-	com/github/tommyettinger/anim8/PaletteReducer.java	574	d181ab6e217f5c3d	placement=companion
member	com.github.tommyettinger.anim8.PaletteReducer#reverseShortBits(int)	sge.anim8.PaletteReducer#reverseShortBits(int)	Renamed	-	com/github/tommyettinger/anim8/PaletteReducer.java	751	ef7f45b922873cad	placement=companion
member	com.github.tommyettinger.anim8.PaletteReducer#setDefaultPalette()	sge.anim8.PaletteReducer#setDefaultPalette()	Renamed	-	com/github/tommyettinger/anim8/PaletteReducer.java	1413	d7da2509990b75aa	
member	com.github.tommyettinger.anim8.PaletteReducer#shrink(int)	sge.anim8.PaletteReducer#shrink(int)	Renamed	-	com/github/tommyettinger/anim8/PaletteReducer.java	527	b90697f0122135f6	placement=companion
member	com.github.tommyettinger.anim8.PaletteReducer#sort(Array,IntComparator)	sge.anim8.PaletteReducer#sort(Array<int>,IntComparator)	Renamed	-	com/github/tommyettinger/anim8/PaletteReducer.java	1735	9a3e4a33d845ba56	placement=companion
member	com.github.tommyettinger.anim8.PaletteReducer#sort(Array,int,int,IntComparator)	sge.anim8.PaletteReducer#sort(Array<int>,int,int,IntComparator)	Renamed	-	com/github/tommyettinger/anim8/PaletteReducer.java	1757	76d632b11f1de189	placement=companion
member	com.github.tommyettinger.anim8.PaletteReducer#sort16(Array)	sge.anim8.PaletteReducer#sort16(Array<int>)	Renamed	-	com/github/tommyettinger/anim8/PaletteReducer.java	5541	9f305dcad43aa57b	placement=companion
member	com.github.tommyettinger.anim8.PaletteReducer#sort8(Array)	sge.anim8.PaletteReducer#sort8(Array<int>)	Renamed	-	com/github/tommyettinger/anim8/PaletteReducer.java	5513	801a8fe6c0fc167b	placement=companion
member	com.github.tommyettinger.anim8.PaletteReducer#stretch(int)	sge.anim8.PaletteReducer#stretch(int)	Renamed	-	com/github/tommyettinger/anim8/PaletteReducer.java	542	b6a14b29280d6e56	placement=companion
member	com.github.tommyettinger.anim8.PaletteReducer#swap(Array,int,int)	sge.anim8.PaletteReducer#swap(Array<int>,int,int)	Renamed	-	com/github/tommyettinger/anim8/PaletteReducer.java	1622	b79932d45e703c70	placement=companion vis=private
member	com.github.tommyettinger.anim8.PaletteReducer#tempThresholdMatrix	sge.anim8.PaletteReducer#tempThresholdMatrix	Renamed	-	com/github/tommyettinger/anim8/PaletteReducer.java	3977	bd0a58357ce97329	placement=companion
member	com.github.tommyettinger.anim8.PaletteReducer#thresholdMatrix16	sge.anim8.PaletteReducer#thresholdMatrix16	Renamed	-	com/github/tommyettinger/anim8/PaletteReducer.java	991	885979be27aa79b9	placement=companion
member	com.github.tommyettinger.anim8.PaletteReducer#thresholdMatrix64	sge.anim8.PaletteReducer#thresholdMatrix64	Renamed	-	com/github/tommyettinger/anim8/PaletteReducer.java	1002	74b01c30fe7dca84	placement=companion
member	com.github.tommyettinger.anim8.PaletteReducer#thresholdMatrix8	sge.anim8.PaletteReducer#thresholdMatrix8	Renamed	-	com/github/tommyettinger/anim8/PaletteReducer.java	982	be42eda44fa6143a	placement=companion
member	com.github.tommyettinger.anim8.PaletteReducer#toLinearLUT	sge.anim8.PaletteReducer#toLinearLUT	Renamed	-	com/github/tommyettinger/anim8/PaletteReducer.java	3982	e9846328a182e72e	placement=companion
member	com.github.tommyettinger.anim8.PaletteReducer#upperBound(Array,int,int,int,IntComparator)	sge.anim8.PaletteReducer#upperBound(Array<int>,int,int,int,IntComparator)	Renamed	-	com/github/tommyettinger/anim8/PaletteReducer.java	1713	23dfa2ef2adcd992	placement=companion vis=private
member	com.github.tommyettinger.anim8.PaletteReducer#writeBigPalette(FileHandle)	sge.anim8.PaletteReducer#writeBigPalette(FileHandle)	Renamed	-	com/github/tommyettinger/anim8/PaletteReducer.java	2487	82e0c98ef7a7c9d8	
member	com.github.tommyettinger.anim8.PaletteReducer#writePreloadFile(FileHandle)	sge.anim8.PaletteReducer#writePreloadFile(FileHandle)	Renamed	-	com/github/tommyettinger/anim8/PaletteReducer.java	1026	5fef0d28793b422f	
member	com.github.tommyettinger.anim8.PaletteReducer$IntComparator#compare(int,int)	sge.anim8.PaletteReducer$IntComparator#compare(int,int)	Renamed	-	com/github/tommyettinger/anim8/PaletteReducer.java	1595	1490956fa748b246	
member	com.github.tommyettinger.anim8.QualityPalette#<init>(Array,Sge)	sge.anim8.QualityPalette#<init>(Array<Color>,Sge)	Renamed	-	com/github/tommyettinger/anim8/QualityPalette.java	90	2c10d98cf3176856	
member	com.github.tommyettinger.anim8.QualityPalette#<init>(Array,int,Sge)	sge.anim8.QualityPalette#<init>(Array<Color>,int,Sge)	Renamed	-	com/github/tommyettinger/anim8/QualityPalette.java	105	aa571f55420466ff	
member	com.github.tommyettinger.anim8.QualityPalette#<init>(Array,Sge)	sge.anim8.QualityPalette#<init>(Array<Pixmap>,Sge)	Renamed	-	com/github/tommyettinger/anim8/QualityPalette.java	135	0417c82a0b796b62	
member	com.github.tommyettinger.anim8.QualityPalette#<init>(Array,Array,Sge)	sge.anim8.QualityPalette#<init>(Array<int>,Array<byte>,Sge)	Renamed	-	com/github/tommyettinger/anim8/QualityPalette.java	151	363c763c5e153b3c	
member	com.github.tommyettinger.anim8.QualityPalette#<init>(Array,Sge)	sge.anim8.QualityPalette#<init>(Array<int>,Sge)	Renamed	-	com/github/tommyettinger/anim8/QualityPalette.java	60	c4267b0cecac6b29	
member	com.github.tommyettinger.anim8.QualityPalette#<init>(Array,int,Sge)	sge.anim8.QualityPalette#<init>(Array<int>,int,Sge)	Renamed	-	com/github/tommyettinger/anim8/QualityPalette.java	75	b3bf063feb361276	
member	com.github.tommyettinger.anim8.QualityPalette#<init>(Pixmap,Sge)	sge.anim8.QualityPalette#<init>(Pixmap,Sge)	Renamed	-	com/github/tommyettinger/anim8/QualityPalette.java	120	bdc3f4addf215a1a	
member	com.github.tommyettinger.anim8.QualityPalette#<init>(Pixmap,double,Sge)	sge.anim8.QualityPalette#<init>(Pixmap,double,Sge)	Renamed	-	com/github/tommyettinger/anim8/QualityPalette.java	162	d51a1a4d3f2244c6	
member	com.github.tommyettinger.anim8.QualityPalette#<init>(Sge)	sge.anim8.QualityPalette#<init>(Sge)	Renamed	-	com/github/tommyettinger/anim8/QualityPalette.java	50	e8b7719055ac8f1a	
member	com.github.tommyettinger.anim8.QualityPalette#difference(int,int)	sge.anim8.QualityPalette#difference(int,int)	Renamed	-	com/github/tommyettinger/anim8/QualityPalette.java	350	8b929591dda9d17e	
member	com.github.tommyettinger.anim8.QualityPalette#difference(int,int,int,int)	sge.anim8.QualityPalette#difference(int,int,int,int)	Renamed	-	com/github/tommyettinger/anim8/QualityPalette.java	355	753a4e8c162c3d10	
member	com.github.tommyettinger.anim8.QualityPalette#difference(int,int,int,int,int,int)	sge.anim8.QualityPalette#difference(int,int,int,int,int,int)	Renamed	-	com/github/tommyettinger/anim8/QualityPalette.java	360	6c691994e79f531f	
member	com.github.tommyettinger.anim8.QualityPalette#differenceAnalyzing(int,int)	sge.anim8.QualityPalette#differenceAnalyzing(int,int)	Renamed	-	com/github/tommyettinger/anim8/QualityPalette.java	187	1586d65fa159f673	
member	com.github.tommyettinger.anim8.QualityPalette#differenceAnalyzing(int,int,int,int)	sge.anim8.QualityPalette#differenceAnalyzing(int,int,int,int)	Renamed	-	com/github/tommyettinger/anim8/QualityPalette.java	228	62849b3f61c9b51e	
member	com.github.tommyettinger.anim8.QualityPalette#differenceAnalyzing(int,int,int,int,int,int)	sge.anim8.QualityPalette#differenceAnalyzing(int,int,int,int,int,int)	Renamed	-	com/github/tommyettinger/anim8/QualityPalette.java	293	14962afab1ba6f0e	
member	com.github.tommyettinger.anim8.QualityPalette#differenceHW(int,int)	sge.anim8.QualityPalette#differenceHW(int,int)	Renamed	-	com/github/tommyettinger/anim8/QualityPalette.java	199	eee1d3bae326d943	
member	com.github.tommyettinger.anim8.QualityPalette#differenceHW(int,int,int,int)	sge.anim8.QualityPalette#differenceHW(int,int,int,int)	Renamed	-	com/github/tommyettinger/anim8/QualityPalette.java	242	f72e36059a013933	
member	com.github.tommyettinger.anim8.QualityPalette#differenceHW(int,int,int,int,int,int)	sge.anim8.QualityPalette#differenceHW(int,int,int,int,int,int)	Renamed	-	com/github/tommyettinger/anim8/QualityPalette.java	318	7e4de53949b18406	
member	com.github.tommyettinger.anim8.QualityPalette#differenceMatch(int,int)	sge.anim8.QualityPalette#differenceMatch(int,int)	Renamed	-	com/github/tommyettinger/anim8/QualityPalette.java	174	12db243b8884c534	
member	com.github.tommyettinger.anim8.QualityPalette#differenceMatch(int,int,int,int)	sge.anim8.QualityPalette#differenceMatch(int,int,int,int)	Renamed	-	com/github/tommyettinger/anim8/QualityPalette.java	213	1dac13bf7be5935e	
member	com.github.tommyettinger.anim8.QualityPalette#differenceMatch(int,int,int,int,int,int)	sge.anim8.QualityPalette#differenceMatch(int,int,int,int,int,int)	Renamed	-	com/github/tommyettinger/anim8/QualityPalette.java	268	44f519080374de81	
member	com.github.tommyettinger.anim8.QualityPalette#forwardLight(double)	sge.anim8.QualityPalette#forwardLight(double)	Renamed	-	com/github/tommyettinger/anim8/QualityPalette.java	332	ff99464f0bc10ba5	placement=companion
member	com.github.tommyettinger.anim8.QualityPalette#reverseLight(double)	sge.anim8.QualityPalette#reverseLight(double)	Renamed	-	com/github/tommyettinger/anim8/QualityPalette.java	346	2daf97328bdf775d	placement=companion
member	com.badlogic.gdx.graphics.g3d.particles.ParallelArray$ChannelDescriptor#<init>(int,Class,int)		Dropped	-		0		
member	com.badlogic.gdx.graphics.g3d.particles.batches.BufferedParticleBatch#<init>(Class)		Dropped	-		0		
member	com.badlogic.gdx.scenes.scene2d.ui.Skin#findMethod		Dropped	-		0		
member	com.badlogic.gdx.scenes.scene2d.ui.Skin#setEnabledReflection		Dropped	-		0		
member	com.badlogic.gdx.utils.Array#<init>(Class)		Dropped	-		0		
member	com.badlogic.gdx.utils.Array#<init>(boolean,int,Class)		Dropped	-		0		
member	com.badlogic.gdx.utils.Array#of(Class)		Dropped	-		0		
member	com.badlogic.gdx.utils.Array#of(boolean,int,Class)		Dropped	-		0		
member	com.badlogic.gdx.utils.Array#toArray(Class)		Dropped	-		0		
member	com.badlogic.gdx.utils.ArrayMap#<init>(Class,Class)		Dropped	-		0		
member	com.badlogic.gdx.utils.ArrayMap#<init>(boolean,int,Class,Class)		Dropped	-		0		
member	com.badlogic.gdx.utils.DelayedRemovalArray#<init>(Class)		Dropped	-		0		
member	com.badlogic.gdx.utils.DelayedRemovalArray#<init>(boolean,int,Class)		Dropped	-		0		
member	com.badlogic.gdx.utils.Queue#<init>(int,Class)		Dropped	-		0		
member	com.badlogic.gdx.utils.SnapshotArray#<init>(Class)		Dropped	-		0		
member	com.badlogic.gdx.utils.SnapshotArray#<init>(boolean,int,Class)		Dropped	-		0		
