# balticporter port map	schema=4	module=sge-ai	engine=balticporter/0.1.0-SNAPSHOT	sources=9c2fec9564d77ee6	files=164	policy=e8d13b041e63d40a	jdk=22
#kind	upstream	emitted	disposition	body	javaPath	javaLine	digest	shape
type	com.badlogic.gdx.ai.DefaultTimepiece	sge.ai.DefaultTimepiece	Renamed	-		0		form=class parents=sge.ai.Timepiece primary=(float) primaryKind=unique-root primaryVis=public secondaries=()
type	com.badlogic.gdx.ai.FileSystem	sge.ai.FileSystem	Renamed	-		0		form=trait
type	com.badlogic.gdx.ai.GdxAI	sge.ai.GdxAI	Renamed	-		0		flags=final form=object primary=() primaryKind=unique-root primaryVis=private
type	com.badlogic.gdx.ai.GdxFileSystem	sge.ai.GdxFileSystem	Renamed	-		0		form=class parents=sge.ai.FileSystem primary=() primaryKind=unique-root primaryVis=public
type	com.badlogic.gdx.ai.GdxLogger	sge.ai.GdxLogger	Renamed	-		0		form=class parents=sge.ai.Logger primary=() primaryKind=unique-root primaryVis=public
type	com.badlogic.gdx.ai.Logger	sge.ai.Logger	Renamed	-		0		form=trait
type	com.badlogic.gdx.ai.NullLogger	sge.ai.NullLogger	Renamed	-		0		form=class parents=sge.ai.Logger primary=() primaryKind=unique-root primaryVis=public
type	com.badlogic.gdx.ai.StandaloneFileSystem	sge.ai.StandaloneFileSystem	Renamed	-		0		companion=yes form=class parents=sge.ai.FileSystem primary=() primaryKind=unique-root primaryVis=public statics=DesktopFileHandle
type	com.badlogic.gdx.ai.StandaloneFileSystem$DesktopFileHandle	sge.ai.StandaloneFileSystem$DesktopFileHandle	Renamed	-		0		companion=yes form=class parents=sge.files.FileHandle primary=() primaryKind=not-funnelled primaryVis=public secondaries=(String,FileType);(File,FileType) statics=externalPath,localPath
type	com.badlogic.gdx.ai.StdoutLogger	sge.ai.StdoutLogger	Renamed	-		0		form=class parents=sge.ai.Logger primary=() primaryKind=unique-root primaryVis=public
type	com.badlogic.gdx.ai.Timepiece	sge.ai.Timepiece	Renamed	-		0		form=trait
type	com.badlogic.gdx.ai.btree.BehaviorTree	sge.ai.btree.BehaviorTree	Renamed	-		0		companion=yes form=class parents=sge.ai.btree.Task primary=(Task,E) primaryKind=unique-root primaryVis=public secondaries=();(Task) statics=GuardEvaluator,Listener tparams="[E <: java.lang.Object]"
type	com.badlogic.gdx.ai.btree.BehaviorTree$GuardEvaluator	sge.ai.btree.BehaviorTree$GuardEvaluator	Renamed	-		0		companion=yes disambiguator=marker flags=final form=class parents=sge.ai.btree.Task primary=(?) primaryKind=synthesised-primary primaryVis=protected secondaries=();(BehaviorTree) tparams="[E <: java.lang.Object]"
type	com.badlogic.gdx.ai.btree.BehaviorTree$Listener	sge.ai.btree.BehaviorTree$Listener	Renamed	-		0		form=trait tparams="[E <: java.lang.Object]"
type	com.badlogic.gdx.ai.btree.BranchTask	sge.ai.btree.BranchTask	Renamed	-		0		companion=yes flags=abstract form=class parents=sge.ai.btree.Task primary=() primaryKind=unique-root primaryVis=public secondaries=(Array) tparams="[E <: java.lang.Object]"
type	com.badlogic.gdx.ai.btree.Decorator	sge.ai.btree.Decorator	Renamed	-		0		companion=yes disambiguator=marker flags=abstract form=class parents=sge.ai.btree.Task primary=(Task,?) primaryKind=synthesised-primary primaryVis=protected secondaries=();(Task) tparams="[E <: java.lang.Object]"
type	com.badlogic.gdx.ai.btree.LeafTask	sge.ai.btree.LeafTask	Renamed	-		0		companion=yes flags=abstract form=class parents=sge.ai.btree.Task primary=() primaryKind=unique-root primaryVis=public tparams="[E <: java.lang.Object]"
type	com.badlogic.gdx.ai.btree.LoopDecorator	sge.ai.btree.LoopDecorator	Renamed	-		0		companion=yes flags=abstract form=class parents=sge.ai.btree.Decorator primary=() primaryKind=no-arg-root primaryVis=public secondaries=(Task) tparams="[E <: java.lang.Object]"
type	com.badlogic.gdx.ai.btree.SingleRunningChildBranch	sge.ai.btree.SingleRunningChildBranch	Renamed	-		0		companion=yes flags=abstract form=class parents=sge.ai.btree.BranchTask primary=() primaryKind=no-arg-root primaryVis=public secondaries=(Array) tparams="[E <: java.lang.Object]"
type	com.badlogic.gdx.ai.btree.Task	sge.ai.btree.Task	Renamed	-		0		companion=yes flags=abstract form=class parents=sge.utils.Pool$Poolable primary=() primaryKind=unique-root primaryVis=public statics=Status,TASK_CLONER tparams="[E <: java.lang.Object]"
type	com.badlogic.gdx.ai.btree.Task$Status	sge.ai.btree.Task$Status	Renamed	-		0		companion=yes flags=enum form=enum parents=java.lang.Enum primary=() primaryKind=not-funnelled primaryVis=public
type	com.badlogic.gdx.ai.btree.TaskCloneException	sge.ai.btree.TaskCloneException	Renamed	-		0		form=class parents=java.lang.RuntimeException primary=(String,Throwable) primaryKind=widest-root primaryVis=public secondaries=();(String);(Throwable)
type	com.badlogic.gdx.ai.btree.TaskCloner	sge.ai.btree.TaskCloner	Renamed	-		0		form=trait
type	com.badlogic.gdx.ai.btree.annotation.TaskAttribute	sge.ai.btree.annotation.TaskAttribute	Renamed	-		0		form=annotation primary=() primaryKind=no-constructor primaryVis=public
type	com.badlogic.gdx.ai.btree.annotation.TaskConstraint	sge.ai.btree.annotation.TaskConstraint	Renamed	-		0		form=annotation primary=() primaryKind=no-constructor primaryVis=public
type	com.badlogic.gdx.ai.btree.branch.DynamicGuardSelector	sge.ai.btree.branch.DynamicGuardSelector	Renamed	-		0		companion=yes form=class parents=sge.ai.btree.BranchTask primary=() primaryKind=no-arg-root primaryVis=public secondaries=(Task[]);(Array) tparams="[E <: java.lang.Object]"
type	com.badlogic.gdx.ai.btree.branch.Parallel	sge.ai.btree.branch.Parallel	Renamed	-		0		companion=yes form=class parents=sge.ai.btree.BranchTask primary=(Policy,Orchestrator,Array) primaryKind=unique-root primaryVis=public secondaries=();(Task[]);(Array);(Policy);(Policy,Task[]);(Policy,Array);(Orchestrator,Array);(Orchestrator,Task[]) statics=Orchestrator,Policy tparams="[E <: java.lang.Object]"
type	com.badlogic.gdx.ai.btree.branch.Parallel$Orchestrator	sge.ai.btree.branch.Parallel$Orchestrator	Renamed	-		0		companion=yes flags=abstract,sealed form=enum-class parents=java.lang.Enum primary=() primaryKind=not-funnelled primaryVis=public
type	com.badlogic.gdx.ai.btree.branch.Parallel$Policy	sge.ai.btree.branch.Parallel$Policy	Renamed	-		0		companion=yes flags=abstract,sealed form=enum-class parents=java.lang.Enum primary=() primaryKind=not-funnelled primaryVis=public
type	com.badlogic.gdx.ai.btree.branch.RandomSelector	sge.ai.btree.branch.RandomSelector	Renamed	-		0		companion=yes form=class parents=sge.ai.btree.branch.Selector primary=() primaryKind=no-arg-root primaryVis=public secondaries=(Task[]);(Array) tparams="[E <: java.lang.Object]"
type	com.badlogic.gdx.ai.btree.branch.RandomSequence	sge.ai.btree.branch.RandomSequence	Renamed	-		0		companion=yes form=class parents=sge.ai.btree.branch.Sequence primary=() primaryKind=no-arg-root primaryVis=public secondaries=(Array);(Task[]) tparams="[E <: java.lang.Object]"
type	com.badlogic.gdx.ai.btree.branch.Selector	sge.ai.btree.branch.Selector	Renamed	-		0		companion=yes form=class parents=sge.ai.btree.SingleRunningChildBranch primary=() primaryKind=no-arg-root primaryVis=public secondaries=(Task[]);(Array) tparams="[E <: java.lang.Object]"
type	com.badlogic.gdx.ai.btree.branch.Sequence	sge.ai.btree.branch.Sequence	Renamed	-		0		companion=yes form=class parents=sge.ai.btree.SingleRunningChildBranch primary=() primaryKind=no-arg-root primaryVis=public secondaries=(Array);(Task[]) tparams="[E <: java.lang.Object]"
type	com.badlogic.gdx.ai.btree.decorator.AlwaysFail	sge.ai.btree.decorator.AlwaysFail	Renamed	-		0		companion=yes form=class parents=sge.ai.btree.Decorator primary=() primaryKind=no-arg-root primaryVis=public secondaries=(Task) tparams="[E <: java.lang.Object]"
type	com.badlogic.gdx.ai.btree.decorator.AlwaysSucceed	sge.ai.btree.decorator.AlwaysSucceed	Renamed	-		0		companion=yes form=class parents=sge.ai.btree.Decorator primary=() primaryKind=no-arg-root primaryVis=public secondaries=(Task) tparams="[E <: java.lang.Object]"
type	com.badlogic.gdx.ai.btree.decorator.Include	sge.ai.btree.decorator.Include	Renamed	-		0		companion=yes disambiguator=marker form=class parents=sge.ai.btree.Decorator primary=(String,boolean,?) primaryKind=synthesised-primary primaryVis=protected secondaries=();(String);(String,boolean) tparams="[E <: java.lang.Object]"
type	com.badlogic.gdx.ai.btree.decorator.Invert	sge.ai.btree.decorator.Invert	Renamed	-		0		companion=yes form=class parents=sge.ai.btree.Decorator primary=() primaryKind=no-arg-root primaryVis=public secondaries=(Task) tparams="[E <: java.lang.Object]"
type	com.badlogic.gdx.ai.btree.decorator.Random	sge.ai.btree.decorator.Random	Renamed	-		0		companion=yes form=class parents=sge.ai.btree.Decorator primary=() primaryKind=not-funnelled primaryVis=public secondaries=(Task);(FloatDistribution);(FloatDistribution,Task) tparams="[E <: java.lang.Object]"
type	com.badlogic.gdx.ai.btree.decorator.Repeat	sge.ai.btree.decorator.Repeat	Renamed	-		0		companion=yes form=class parents=sge.ai.btree.LoopDecorator primary=(IntegerDistribution,Task) primaryKind=unique-root primaryVis=public secondaries=();(Task) tparams="[E <: java.lang.Object]"
type	com.badlogic.gdx.ai.btree.decorator.SemaphoreGuard	sge.ai.btree.decorator.SemaphoreGuard	Renamed	-		0		companion=yes form=class parents=sge.ai.btree.Decorator primary=() primaryKind=no-arg-root primaryVis=public secondaries=(Task);(String);(String,Task) tparams="[E <: java.lang.Object]"
type	com.badlogic.gdx.ai.btree.decorator.UntilFail	sge.ai.btree.decorator.UntilFail	Renamed	-		0		companion=yes form=class parents=sge.ai.btree.LoopDecorator primary=() primaryKind=no-arg-root primaryVis=public secondaries=(Task) tparams="[E <: java.lang.Object]"
type	com.badlogic.gdx.ai.btree.decorator.UntilSuccess	sge.ai.btree.decorator.UntilSuccess	Renamed	-		0		companion=yes form=class parents=sge.ai.btree.LoopDecorator primary=() primaryKind=no-arg-root primaryVis=public secondaries=(Task) tparams="[E <: java.lang.Object]"
type	com.badlogic.gdx.ai.btree.leaf.Failure	sge.ai.btree.leaf.Failure	Renamed	-		0		companion=yes form=class parents=sge.ai.btree.LeafTask primary=() primaryKind=unique-root primaryVis=public tparams="[E <: java.lang.Object]"
type	com.badlogic.gdx.ai.btree.leaf.Success	sge.ai.btree.leaf.Success	Renamed	-		0		companion=yes form=class parents=sge.ai.btree.LeafTask primary=() primaryKind=unique-root primaryVis=public tparams="[E <: java.lang.Object]"
type	com.badlogic.gdx.ai.btree.leaf.Wait	sge.ai.btree.leaf.Wait	Renamed	-		0		companion=yes form=class parents=sge.ai.btree.LeafTask primary=(FloatDistribution) primaryKind=unique-root primaryVis=public secondaries=();(float) tparams="[E <: java.lang.Object]"
type	com.badlogic.gdx.ai.btree.utils.BehaviorTreeLibrary	sge.ai.btree.utils.BehaviorTreeLibrary	Renamed	-		0		form=class primary=() primaryKind=unique-root primaryVis=public secondaries=(int);(FileHandleResolver);(FileHandleResolver,int);(FileHandleResolver,AssetManager,int)
type	com.badlogic.gdx.ai.btree.utils.BehaviorTreeLibraryManager	sge.ai.btree.utils.BehaviorTreeLibraryManager	Renamed	-		0		companion=yes flags=final form=class primary=() primaryKind=unique-root primaryVis=private statics=getInstance,instance
type	com.badlogic.gdx.ai.btree.utils.BehaviorTreeLoader	sge.ai.btree.utils.BehaviorTreeLoader	Renamed	-		0		companion=yes form=class parents=sge.assets.loaders.AsynchronousAssetLoader primary=(FileHandleResolver) primaryKind=unique-root primaryVis=public statics=BehaviorTreeParameter
type	com.badlogic.gdx.ai.btree.utils.BehaviorTreeLoader$BehaviorTreeParameter	sge.ai.btree.utils.BehaviorTreeLoader$BehaviorTreeParameter	Renamed	-		0		companion=yes form=class parents=sge.assets.AssetLoaderParameters primary=(Object,BehaviorTreeParser) primaryKind=unique-root primaryVis=public secondaries=();(Object)
type	com.badlogic.gdx.ai.btree.utils.BehaviorTreeParser	sge.ai.btree.utils.BehaviorTreeParser	Renamed	-		0		companion=yes form=class primary=(DistributionAdapters,int,DefaultBehaviorTreeReader) primaryKind=unique-root primaryVis=public secondaries=();(DistributionAdapters);(int);(DistributionAdapters,int) statics=DEBUG_HIGH,DEBUG_LOW,DEBUG_NONE,DefaultBehaviorTreeReader,TAG,printTree tparams="[E <: java.lang.Object]"
type	com.badlogic.gdx.ai.btree.utils.BehaviorTreeParser$DefaultBehaviorTreeReader	sge.ai.btree.utils.BehaviorTreeParser$DefaultBehaviorTreeReader	Renamed	-		0		companion=yes form=class parents=sge.ai.btree.utils.BehaviorTreeReader primary=(boolean) primaryKind=unique-root primaryVis=public secondaries=() statics=AttrInfo,DEFAULT_IMPORTS,Metadata,StackedTask,Statement,Subtree tparams="[E <: java.lang.Object]"
type	com.badlogic.gdx.ai.btree.utils.BehaviorTreeParser$DefaultBehaviorTreeReader$AttrInfo	sge.ai.btree.utils.BehaviorTreeParser$DefaultBehaviorTreeReader$AttrInfo	Renamed	-		0		form=class primary=(String,String,boolean) primaryKind=unique-root primaryVis=public secondaries=(String,TaskAttribute)
type	com.badlogic.gdx.ai.btree.utils.BehaviorTreeParser$DefaultBehaviorTreeReader$Metadata	sge.ai.btree.utils.BehaviorTreeParser$DefaultBehaviorTreeReader$Metadata	Renamed	-		0		form=class primary=(int,int,ObjectMap) primaryKind=unique-root primaryVis=public
type	com.badlogic.gdx.ai.btree.utils.BehaviorTreeParser$DefaultBehaviorTreeReader$StackedTask	sge.ai.btree.utils.BehaviorTreeParser$DefaultBehaviorTreeReader$StackedTask	Renamed	-		0		form=class primary=(int,String,Task,Metadata) primaryKind=unique-root primaryVis=public tparams="[E <: java.lang.Object]"
type	com.badlogic.gdx.ai.btree.utils.BehaviorTreeParser$DefaultBehaviorTreeReader$Statement	sge.ai.btree.utils.BehaviorTreeParser$DefaultBehaviorTreeReader$Statement	Renamed	-		0		companion=yes flags=abstract,sealed form=enum-class parents=java.lang.Enum primary=(String) primaryKind=not-funnelled primaryVis=public
type	com.badlogic.gdx.ai.btree.utils.BehaviorTreeParser$DefaultBehaviorTreeReader$Subtree	sge.ai.btree.utils.BehaviorTreeParser$DefaultBehaviorTreeReader$Subtree	Renamed	-		0		form=class primary=(String) primaryKind=unique-root primaryVis=public secondaries=() tparams="[E <: java.lang.Object]"
type	com.badlogic.gdx.ai.btree.utils.BehaviorTreeReader	sge.ai.btree.utils.BehaviorTreeReader	Renamed	-		0		companion=yes flags=abstract form=class primary=(boolean) primaryKind=unique-root primaryVis=public secondaries=() statics=LOG_TAG,_btree_actions,_btree_eof_actions,_btree_index_offsets,_btree_indicies,_btree_key_offsets,_btree_range_lengths,_btree_single_lengths,_btree_trans_actions,_btree_trans_keys,_btree_trans_targs,btree_en_main,btree_error,btree_first_final,btree_start,containsFloatingPointCharacters,init__btree_actions_0,init__btree_eof_actions_0,init__btree_index_offsets_0,init__btree_indicies_0,init__btree_key_offsets_0,init__btree_range_lengths_0,init__btree_single_lengths_0,init__btree_trans_actions_0,init__btree_trans_keys_0,init__btree_trans_targs_0,unescape
type	com.badlogic.gdx.ai.btree.utils.DistributionAdapters	sge.ai.btree.utils.DistributionAdapters	Renamed	-		0		companion=yes form=class primary=() primaryKind=unique-root primaryVis=public statics=ADAPTERS,Adapter,DistributionFormatException,DoubleAdapter,FloatAdapter,IntegerAdapter,LongAdapter,invalidNumberOfArgumentsException
type	com.badlogic.gdx.ai.btree.utils.DistributionAdapters$Adapter	sge.ai.btree.utils.DistributionAdapters$Adapter	Renamed	-		0		companion=yes flags=abstract form=class primary=(String,Class) primaryKind=unique-root primaryVis=public statics=parseDouble,parseFloat,parseInteger,parseLong tparams="[D <: sge.ai.utils.random.Distribution]"
type	com.badlogic.gdx.ai.btree.utils.DistributionAdapters$DistributionFormatException	sge.ai.btree.utils.DistributionAdapters$DistributionFormatException	Renamed	-		0		form=class parents=java.lang.RuntimeException primary=(String,Throwable) primaryKind=widest-root primaryVis=public secondaries=();(String);(Throwable)
type	com.badlogic.gdx.ai.btree.utils.DistributionAdapters$DoubleAdapter	sge.ai.btree.utils.DistributionAdapters$DoubleAdapter	Renamed	-		0		companion=yes flags=abstract form=class parents=sge.ai.btree.utils.DistributionAdapters$Adapter primary=(String) primaryKind=unique-root primaryVis=public tparams="[D <: sge.ai.utils.random.DoubleDistribution]"
type	com.badlogic.gdx.ai.btree.utils.DistributionAdapters$FloatAdapter	sge.ai.btree.utils.DistributionAdapters$FloatAdapter	Renamed	-		0		companion=yes flags=abstract form=class parents=sge.ai.btree.utils.DistributionAdapters$Adapter primary=(String) primaryKind=unique-root primaryVis=public tparams="[D <: sge.ai.utils.random.FloatDistribution]"
type	com.badlogic.gdx.ai.btree.utils.DistributionAdapters$IntegerAdapter	sge.ai.btree.utils.DistributionAdapters$IntegerAdapter	Renamed	-		0		companion=yes flags=abstract form=class parents=sge.ai.btree.utils.DistributionAdapters$Adapter primary=(String) primaryKind=unique-root primaryVis=public tparams="[D <: sge.ai.utils.random.IntegerDistribution]"
type	com.badlogic.gdx.ai.btree.utils.DistributionAdapters$LongAdapter	sge.ai.btree.utils.DistributionAdapters$LongAdapter	Renamed	-		0		companion=yes flags=abstract form=class parents=sge.ai.btree.utils.DistributionAdapters$Adapter primary=(String) primaryKind=unique-root primaryVis=public tparams="[D <: sge.ai.utils.random.LongDistribution]"
type	com.badlogic.gdx.ai.btree.utils.PooledBehaviorTreeLibrary	sge.ai.btree.utils.PooledBehaviorTreeLibrary	Renamed	-		0		form=class parents=sge.ai.btree.utils.BehaviorTreeLibrary primary=() primaryKind=unique-root primaryVis=public
type	com.badlogic.gdx.ai.fma.BoundedSlotAssignmentStrategy	sge.ai.fma.BoundedSlotAssignmentStrategy	Renamed	-		0		flags=abstract form=class parents=sge.ai.fma.SlotAssignmentStrategy primary=() primaryKind=unique-root primaryVis=public tparams="[T <: sge.math.Vector[T]]"
type	com.badlogic.gdx.ai.fma.Formation	sge.ai.fma.Formation	Renamed	-		0		form=class primary=(Location,FormationPattern,SlotAssignmentStrategy,FormationMotionModerator) primaryKind=unique-root primaryVis=public secondaries=(Location,FormationPattern);(Location,FormationPattern,SlotAssignmentStrategy) tparams="[T <: sge.math.Vector[T]]"
type	com.badlogic.gdx.ai.fma.FormationMember	sge.ai.fma.FormationMember	Renamed	-		0		form=trait tparams="[T <: sge.math.Vector[T]]"
type	com.badlogic.gdx.ai.fma.FormationMotionModerator	sge.ai.fma.FormationMotionModerator	Renamed	-		0		flags=abstract form=class primary=() primaryKind=unique-root primaryVis=public tparams="[T <: sge.math.Vector[T]]"
type	com.badlogic.gdx.ai.fma.FormationPattern	sge.ai.fma.FormationPattern	Renamed	-		0		form=trait tparams="[T <: sge.math.Vector[T]]"
type	com.badlogic.gdx.ai.fma.FreeSlotAssignmentStrategy	sge.ai.fma.FreeSlotAssignmentStrategy	Renamed	-		0		form=class parents=sge.ai.fma.SlotAssignmentStrategy primary=() primaryKind=unique-root primaryVis=public tparams="[T <: sge.math.Vector[T]]"
type	com.badlogic.gdx.ai.fma.SlotAssignment	sge.ai.fma.SlotAssignment	Renamed	-		0		form=class primary=(FormationMember,int) primaryKind=unique-root primaryVis=public secondaries=(FormationMember) tparams="[T <: sge.math.Vector[T]]"
type	com.badlogic.gdx.ai.fma.SlotAssignmentStrategy	sge.ai.fma.SlotAssignmentStrategy	Renamed	-		0		form=trait tparams="[T <: sge.math.Vector[T]]"
type	com.badlogic.gdx.ai.fma.SoftRoleSlotAssignmentStrategy	sge.ai.fma.SoftRoleSlotAssignmentStrategy	Renamed	-		0		companion=yes form=class parents=sge.ai.fma.BoundedSlotAssignmentStrategy primary=(SlotCostProvider,float) primaryKind=unique-root primaryVis=public secondaries=(SlotCostProvider) statics=CostAndSlot,MemberAndSlots,SlotCostProvider tparams="[T <: sge.math.Vector[T]]"
type	com.badlogic.gdx.ai.fma.SoftRoleSlotAssignmentStrategy$CostAndSlot	sge.ai.fma.SoftRoleSlotAssignmentStrategy$CostAndSlot	Renamed	-		0		form=class parents=java.lang.Comparable primary=(float,int) primaryKind=unique-root primaryVis=public tparams="[T <: sge.math.Vector[T]]"
type	com.badlogic.gdx.ai.fma.SoftRoleSlotAssignmentStrategy$MemberAndSlots	sge.ai.fma.SoftRoleSlotAssignmentStrategy$MemberAndSlots	Renamed	-		0		form=class parents=java.lang.Comparable primary=(FormationMember) primaryKind=unique-root primaryVis=public tparams="[T <: sge.math.Vector[T]]"
type	com.badlogic.gdx.ai.fma.SoftRoleSlotAssignmentStrategy$SlotCostProvider	sge.ai.fma.SoftRoleSlotAssignmentStrategy$SlotCostProvider	Renamed	-		0		form=trait tparams="[T <: sge.math.Vector[T]]"
type	com.badlogic.gdx.ai.fma.patterns.DefensiveCircleFormationPattern	sge.ai.fma.patterns.DefensiveCircleFormationPattern	Renamed	-		0		form=class parents=sge.ai.fma.FormationPattern primary=(float) primaryKind=unique-root primaryVis=public tparams="[T <: sge.math.Vector[T]]"
type	com.badlogic.gdx.ai.fma.patterns.OffensiveCircleFormationPattern	sge.ai.fma.patterns.OffensiveCircleFormationPattern	Renamed	-		0		form=class parents=sge.ai.fma.patterns.DefensiveCircleFormationPattern primary=(float) primaryKind=unique-root primaryVis=public tparams="[T <: sge.math.Vector[T]]"
type	com.badlogic.gdx.ai.fsm.DefaultStateMachine	sge.ai.fsm.DefaultStateMachine	Renamed	-		0		form=class parents=sge.ai.fsm.StateMachine primary=(E,S,S) primaryKind=unique-root primaryVis=public secondaries=();(E);(E,S) tparams="[E <: java.lang.Object, S <: sge.ai.fsm.State[E]]"
type	com.badlogic.gdx.ai.fsm.StackStateMachine	sge.ai.fsm.StackStateMachine	Renamed	-		0		form=class parents=sge.ai.fsm.DefaultStateMachine primary=(E,S,S) primaryKind=unique-root primaryVis=public secondaries=();(E);(E,S) tparams="[E <: java.lang.Object, S <: sge.ai.fsm.State[E]]"
type	com.badlogic.gdx.ai.fsm.State	sge.ai.fsm.State	Renamed	-		0		form=trait tparams="[E <: java.lang.Object]"
type	com.badlogic.gdx.ai.fsm.StateMachine	sge.ai.fsm.StateMachine	Renamed	-		0		form=trait parents=sge.ai.msg.Telegraph tparams="[E <: java.lang.Object, S <: sge.ai.fsm.State[E]]"
type	com.badlogic.gdx.ai.msg.MessageDispatcher	sge.ai.msg.MessageDispatcher	Renamed	-		0		companion=yes form=class parents=sge.ai.msg.Telegraph primary=() primaryKind=unique-root primaryVis=public secondaries=(Pool) statics=LOG_TAG,POOL_GLOBAL,PendingMessageCallback
type	com.badlogic.gdx.ai.msg.MessageDispatcher$PendingMessageCallback	sge.ai.msg.MessageDispatcher$PendingMessageCallback	Renamed	-		0		form=trait
type	com.badlogic.gdx.ai.msg.MessageManager	sge.ai.msg.MessageManager	Renamed	-		0		companion=yes flags=final form=class parents=sge.ai.msg.MessageDispatcher primary=() primaryKind=unique-root primaryVis=private statics=INSTANCE,getInstance
type	com.badlogic.gdx.ai.msg.PriorityQueue	sge.ai.msg.PriorityQueue	Renamed	-		0		companion=yes form=class primary=(int) primaryKind=unique-root primaryVis=public secondaries=() statics=CAPACITY_RATIO_HI,CAPACITY_RATIO_LOW,DEFAULT_INITIAL_CAPACITY tparams="[E <: java.lang.Comparable[E]]"
type	com.badlogic.gdx.ai.msg.Telegram	sge.ai.msg.Telegram	Renamed	-		0		companion=yes form=class parents=java.lang.Comparable,sge.utils.Pool$Poolable primary=() primaryKind=unique-root primaryVis=public statics=RETURN_RECEIPT_NEEDED,RETURN_RECEIPT_SENT,RETURN_RECEIPT_UNNEEDED
type	com.badlogic.gdx.ai.msg.TelegramProvider	sge.ai.msg.TelegramProvider	Renamed	-		0		form=trait
type	com.badlogic.gdx.ai.msg.Telegraph	sge.ai.msg.Telegraph	Renamed	-		0		form=trait
type	com.badlogic.gdx.ai.pfa.Connection	sge.ai.pfa.Connection	Renamed	-		0		form=trait tparams="[N <: java.lang.Object]"
type	com.badlogic.gdx.ai.pfa.DefaultConnection	sge.ai.pfa.DefaultConnection	Renamed	-		0		form=class parents=sge.ai.pfa.Connection primary=(N,N) primaryKind=unique-root primaryVis=public tparams="[N <: java.lang.Object]"
type	com.badlogic.gdx.ai.pfa.DefaultGraphPath	sge.ai.pfa.DefaultGraphPath	Renamed	-		0		form=class parents=sge.ai.pfa.GraphPath primary=(Array) primaryKind=unique-root primaryVis=public secondaries=();(int) tparams="[N <: java.lang.Object]"
type	com.badlogic.gdx.ai.pfa.Graph	sge.ai.pfa.Graph	Renamed	-		0		form=trait tparams="[N <: java.lang.Object]"
type	com.badlogic.gdx.ai.pfa.GraphPath	sge.ai.pfa.GraphPath	Renamed	-		0		form=trait parents=balticporter.runtime.JavaIterable tparams="[N <: java.lang.Object]"
type	com.badlogic.gdx.ai.pfa.Heuristic	sge.ai.pfa.Heuristic	Renamed	-		0		form=trait tparams="[N <: java.lang.Object]"
type	com.badlogic.gdx.ai.pfa.HierarchicalGraph	sge.ai.pfa.HierarchicalGraph	Renamed	-		0		form=trait parents=sge.ai.pfa.Graph tparams="[N <: java.lang.Object]"
type	com.badlogic.gdx.ai.pfa.HierarchicalPathFinder	sge.ai.pfa.HierarchicalPathFinder	Renamed	-		0		companion=yes form=class parents=sge.ai.pfa.PathFinder primary=(HierarchicalGraph,PathFinder) primaryKind=unique-root primaryVis=public statics=DEBUG,LevelPathFinderRequest,TAG tparams="[N <: java.lang.Object]"
type	com.badlogic.gdx.ai.pfa.HierarchicalPathFinder$LevelPathFinderRequest	sge.ai.pfa.HierarchicalPathFinder$LevelPathFinderRequest	Renamed	-		0		companion=yes form=class parents=sge.ai.pfa.PathFinderRequest primary=() primaryKind=unique-root primaryVis=public tparams="[N <: java.lang.Object]"
type	com.badlogic.gdx.ai.pfa.PathFinder	sge.ai.pfa.PathFinder	Renamed	-		0		form=trait tparams="[N <: java.lang.Object]"
type	com.badlogic.gdx.ai.pfa.PathFinderQueue	sge.ai.pfa.PathFinderQueue	Renamed	-		0		companion=yes form=class parents=sge.ai.sched.Schedulable,sge.ai.msg.Telegraph primary=(PathFinder) primaryKind=unique-root primaryVis=public statics=TIME_TOLERANCE tparams="[N <: java.lang.Object]"
type	com.badlogic.gdx.ai.pfa.PathFinderRequest	sge.ai.pfa.PathFinderRequest	Renamed	-		0		companion=yes disambiguator=marker form=class primary=(?) primaryKind=synthesised-primary primaryVis=protected secondaries=();(N,N,Heuristic,GraphPath);(N,N,Heuristic,GraphPath,MessageDispatcher) statics=SEARCH_DONE,SEARCH_FINALIZED,SEARCH_INITIALIZED,SEARCH_NEW tparams="[N <: java.lang.Object]"
type	com.badlogic.gdx.ai.pfa.PathFinderRequestControl	sge.ai.pfa.PathFinderRequestControl	Renamed	-		0		companion=yes form=class primary=() primaryKind=unique-root primaryVis=public statics=DEBUG,TAG tparams="[N <: java.lang.Object]"
type	com.badlogic.gdx.ai.pfa.PathSmoother	sge.ai.pfa.PathSmoother	Renamed	-		0		form=class primary=(RaycastCollisionDetector) primaryKind=unique-root primaryVis=public tparams="[N <: java.lang.Object, V <: sge.math.Vector[V]]"
type	com.badlogic.gdx.ai.pfa.PathSmootherRequest	sge.ai.pfa.PathSmootherRequest	Renamed	-		0		form=class primary=() primaryKind=unique-root primaryVis=public tparams="[N <: java.lang.Object, V <: sge.math.Vector[V]]"
type	com.badlogic.gdx.ai.pfa.SmoothableGraphPath	sge.ai.pfa.SmoothableGraphPath	Renamed	-		0		form=trait parents=sge.ai.pfa.GraphPath tparams="[N <: java.lang.Object, V <: sge.math.Vector[V]]"
type	com.badlogic.gdx.ai.pfa.indexed.IndexedAStarPathFinder	sge.ai.pfa.indexed.IndexedAStarPathFinder	Renamed	-		0		companion=yes form=class parents=sge.ai.pfa.PathFinder primary=(IndexedGraph,boolean,StopCondition) primaryKind=unique-root primaryVis=public secondaries=(IndexedGraph);(IndexedGraph,boolean) statics=CLOSED,EqualsByReferenceStopCondition,EqualsMethodStopCondition,Metrics,NodeRecord,OPEN,StopCondition,UNVISITED tparams="[N <: java.lang.Object]"
type	com.badlogic.gdx.ai.pfa.indexed.IndexedAStarPathFinder$EqualsByReferenceStopCondition	sge.ai.pfa.indexed.IndexedAStarPathFinder$EqualsByReferenceStopCondition	Renamed	-		0		form=class parents=sge.ai.pfa.indexed.IndexedAStarPathFinder$StopCondition primary=() primaryKind=unique-root primaryVis=public tparams="[N <: java.lang.Object]"
type	com.badlogic.gdx.ai.pfa.indexed.IndexedAStarPathFinder$EqualsMethodStopCondition	sge.ai.pfa.indexed.IndexedAStarPathFinder$EqualsMethodStopCondition	Renamed	-		0		form=class parents=sge.ai.pfa.indexed.IndexedAStarPathFinder$StopCondition primary=() primaryKind=unique-root primaryVis=public tparams="[N <: java.lang.Object]"
type	com.badlogic.gdx.ai.pfa.indexed.IndexedAStarPathFinder$Metrics	sge.ai.pfa.indexed.IndexedAStarPathFinder$Metrics	Renamed	-		0		form=class primary=() primaryKind=unique-root primaryVis=public
type	com.badlogic.gdx.ai.pfa.indexed.IndexedAStarPathFinder$NodeRecord	sge.ai.pfa.indexed.IndexedAStarPathFinder$NodeRecord	Renamed	-		0		form=class parents=sge.utils.BinaryHeap$Node primary=() primaryKind=unique-root primaryVis=public tparams="[N <: java.lang.Object]"
type	com.badlogic.gdx.ai.pfa.indexed.IndexedAStarPathFinder$StopCondition	sge.ai.pfa.indexed.IndexedAStarPathFinder$StopCondition	Renamed	-		0		form=trait tparams="[N <: java.lang.Object]"
type	com.badlogic.gdx.ai.pfa.indexed.IndexedGraph	sge.ai.pfa.indexed.IndexedGraph	Renamed	-		0		form=trait parents=sge.ai.pfa.Graph tparams="[N <: java.lang.Object]"
type	com.badlogic.gdx.ai.pfa.indexed.IndexedHierarchicalGraph	sge.ai.pfa.indexed.IndexedHierarchicalGraph	Renamed	-		0		flags=abstract form=class parents=sge.ai.pfa.indexed.IndexedGraph,sge.ai.pfa.HierarchicalGraph primary=(int) primaryKind=unique-root primaryVis=public tparams="[N <: java.lang.Object]"
type	com.badlogic.gdx.ai.sched.LoadBalancingScheduler	sge.ai.sched.LoadBalancingScheduler	Renamed	-		0		companion=yes form=class parents=sge.ai.sched.SchedulerBase primary=(int) primaryKind=unique-root primaryVis=public
type	com.badlogic.gdx.ai.sched.PriorityScheduler	sge.ai.sched.PriorityScheduler	Renamed	-		0		companion=yes form=class parents=sge.ai.sched.SchedulerBase primary=(int) primaryKind=unique-root primaryVis=public statics=PrioritySchedulableRecord
type	com.badlogic.gdx.ai.sched.PriorityScheduler$PrioritySchedulableRecord	sge.ai.sched.PriorityScheduler$PrioritySchedulableRecord	Renamed	-		0		form=class parents=sge.ai.sched.SchedulerBase$SchedulableRecord primary=(Schedulable,int,int,float) primaryKind=unique-root primaryVis=public
type	com.badlogic.gdx.ai.sched.Schedulable	sge.ai.sched.Schedulable	Renamed	-		0		form=trait
type	com.badlogic.gdx.ai.sched.Scheduler	sge.ai.sched.Scheduler	Renamed	-		0		form=trait parents=sge.ai.sched.Schedulable
type	com.badlogic.gdx.ai.sched.SchedulerBase	sge.ai.sched.SchedulerBase	Renamed	-		0		companion=yes flags=abstract form=class parents=sge.ai.sched.Scheduler primary=(int) primaryKind=unique-root primaryVis=public statics=SchedulableRecord tparams="[T <: sge.ai.sched.SchedulerBase.SchedulableRecord]"
type	com.badlogic.gdx.ai.sched.SchedulerBase$SchedulableRecord	sge.ai.sched.SchedulerBase$SchedulableRecord	Renamed	-		0		form=class primary=(Schedulable,int,int) primaryKind=unique-root primaryVis=public
type	com.badlogic.gdx.ai.steer.GroupBehavior	sge.ai.steer.GroupBehavior	Renamed	-		0		flags=abstract form=class parents=sge.ai.steer.SteeringBehavior primary=(Steerable,Proximity) primaryKind=unique-root primaryVis=public tparams="[T <: sge.math.Vector[T]]"
type	com.badlogic.gdx.ai.steer.Limiter	sge.ai.steer.Limiter	Renamed	-		0		form=trait
type	com.badlogic.gdx.ai.steer.Proximity	sge.ai.steer.Proximity	Renamed	-		0		companion=yes form=trait statics=ProximityCallback tparams="[T <: sge.math.Vector[T]]"
type	com.badlogic.gdx.ai.steer.Proximity$ProximityCallback	sge.ai.steer.Proximity$ProximityCallback	Renamed	-		0		form=trait tparams="[T <: sge.math.Vector[T]]"
type	com.badlogic.gdx.ai.steer.Steerable	sge.ai.steer.Steerable	Renamed	-		0		form=trait parents=sge.ai.utils.Location,sge.ai.steer.Limiter tparams="[T <: sge.math.Vector[T]]"
type	com.badlogic.gdx.ai.steer.SteerableAdapter	sge.ai.steer.SteerableAdapter	Renamed	-		0		form=class parents=sge.ai.steer.Steerable primary=() primaryKind=unique-root primaryVis=public tparams="[T <: sge.math.Vector[T]]"
type	com.badlogic.gdx.ai.steer.SteeringAcceleration	sge.ai.steer.SteeringAcceleration	Renamed	-		0		form=class primary=(T,float) primaryKind=unique-root primaryVis=public secondaries=(T) tparams="[T <: sge.math.Vector[T]]"
type	com.badlogic.gdx.ai.steer.SteeringBehavior	sge.ai.steer.SteeringBehavior	Renamed	-		0		flags=abstract form=class primary=(Steerable,Limiter,boolean) primaryKind=unique-root primaryVis=public secondaries=(Steerable);(Steerable,Limiter);(Steerable,boolean) tparams="[T <: sge.math.Vector[T]]"
type	com.badlogic.gdx.ai.steer.behaviors.Alignment	sge.ai.steer.behaviors.Alignment	Renamed	-		0		form=class parents=sge.ai.steer.GroupBehavior,sge.ai.steer.Proximity$ProximityCallback primary=(Steerable,Proximity) primaryKind=unique-root primaryVis=public tparams="[T <: sge.math.Vector[T]]"
type	com.badlogic.gdx.ai.steer.behaviors.Arrive	sge.ai.steer.behaviors.Arrive	Renamed	-		0		form=class parents=sge.ai.steer.SteeringBehavior primary=(Steerable,Location) primaryKind=unique-root primaryVis=public secondaries=(Steerable) tparams="[T <: sge.math.Vector[T]]"
type	com.badlogic.gdx.ai.steer.behaviors.BlendedSteering	sge.ai.steer.behaviors.BlendedSteering	Renamed	-		0		companion=yes form=class parents=sge.ai.steer.SteeringBehavior primary=(Steerable) primaryKind=unique-root primaryVis=public statics=BehaviorAndWeight tparams="[T <: sge.math.Vector[T]]"
type	com.badlogic.gdx.ai.steer.behaviors.BlendedSteering$BehaviorAndWeight	sge.ai.steer.behaviors.BlendedSteering$BehaviorAndWeight	Renamed	-		0		form=class primary=(SteeringBehavior,float) primaryKind=unique-root primaryVis=public tparams="[T <: sge.math.Vector[T]]"
type	com.badlogic.gdx.ai.steer.behaviors.Cohesion	sge.ai.steer.behaviors.Cohesion	Renamed	-		0		form=class parents=sge.ai.steer.GroupBehavior,sge.ai.steer.Proximity$ProximityCallback primary=(Steerable,Proximity) primaryKind=unique-root primaryVis=public tparams="[T <: sge.math.Vector[T]]"
type	com.badlogic.gdx.ai.steer.behaviors.CollisionAvoidance	sge.ai.steer.behaviors.CollisionAvoidance	Renamed	-		0		form=class parents=sge.ai.steer.GroupBehavior,sge.ai.steer.Proximity$ProximityCallback primary=(Steerable,Proximity) primaryKind=unique-root primaryVis=public tparams="[T <: sge.math.Vector[T]]"
type	com.badlogic.gdx.ai.steer.behaviors.Evade	sge.ai.steer.behaviors.Evade	Renamed	-		0		form=class parents=sge.ai.steer.behaviors.Pursue primary=(Steerable,Steerable,float) primaryKind=unique-root primaryVis=public secondaries=(Steerable,Steerable) tparams="[T <: sge.math.Vector[T]]"
type	com.badlogic.gdx.ai.steer.behaviors.Face	sge.ai.steer.behaviors.Face	Renamed	-		0		form=class parents=sge.ai.steer.behaviors.ReachOrientation primary=(Steerable,Location) primaryKind=unique-root primaryVis=public secondaries=(Steerable) tparams="[T <: sge.math.Vector[T]]"
type	com.badlogic.gdx.ai.steer.behaviors.Flee	sge.ai.steer.behaviors.Flee	Renamed	-		0		form=class parents=sge.ai.steer.behaviors.Seek primary=(Steerable,Location) primaryKind=unique-root primaryVis=public secondaries=(Steerable) tparams="[T <: sge.math.Vector[T]]"
type	com.badlogic.gdx.ai.steer.behaviors.FollowFlowField	sge.ai.steer.behaviors.FollowFlowField	Renamed	-		0		companion=yes form=class parents=sge.ai.steer.SteeringBehavior primary=(Steerable,FlowField,float) primaryKind=unique-root primaryVis=public secondaries=(Steerable);(Steerable,FlowField) statics=FlowField tparams="[T <: sge.math.Vector[T]]"
type	com.badlogic.gdx.ai.steer.behaviors.FollowFlowField$FlowField	sge.ai.steer.behaviors.FollowFlowField$FlowField	Renamed	-		0		form=trait tparams="[T <: sge.math.Vector[T]]"
type	com.badlogic.gdx.ai.steer.behaviors.FollowPath	sge.ai.steer.behaviors.FollowPath	Renamed	-		0		form=class parents=sge.ai.steer.behaviors.Arrive primary=(Steerable,Path,float,float) primaryKind=unique-root primaryVis=public secondaries=(Steerable,Path);(Steerable,Path,float) tparams="[T <: sge.math.Vector[T], P <: sge.ai.steer.utils.Path.PathParam]"
type	com.badlogic.gdx.ai.steer.behaviors.Hide	sge.ai.steer.behaviors.Hide	Renamed	-		0		form=class parents=sge.ai.steer.behaviors.Arrive,sge.ai.steer.Proximity$ProximityCallback primary=(Steerable,Location,Proximity) primaryKind=unique-root primaryVis=public secondaries=(Steerable);(Steerable,Location) tparams="[T <: sge.math.Vector[T]]"
type	com.badlogic.gdx.ai.steer.behaviors.Interpose	sge.ai.steer.behaviors.Interpose	Renamed	-		0		form=class parents=sge.ai.steer.behaviors.Arrive primary=(Steerable,Steerable,Steerable,float) primaryKind=unique-root primaryVis=public secondaries=(Steerable,Steerable,Steerable) tparams="[T <: sge.math.Vector[T]]"
type	com.badlogic.gdx.ai.steer.behaviors.Jump	sge.ai.steer.behaviors.Jump	Renamed	-		0		companion=yes form=class parents=sge.ai.steer.behaviors.MatchVelocity primary=(Steerable,JumpDescriptor,T,GravityComponentHandler,JumpCallback) primaryKind=unique-root primaryVis=public statics=DEBUG_ENABLED,GravityComponentHandler,JumpCallback,JumpDescriptor,JumpTarget tparams="[T <: sge.math.Vector[T]]"
type	com.badlogic.gdx.ai.steer.behaviors.Jump$GravityComponentHandler	sge.ai.steer.behaviors.Jump$GravityComponentHandler	Renamed	-		0		form=trait tparams="[T <: sge.math.Vector[T]]"
type	com.badlogic.gdx.ai.steer.behaviors.Jump$JumpCallback	sge.ai.steer.behaviors.Jump$JumpCallback	Renamed	-		0		form=trait
type	com.badlogic.gdx.ai.steer.behaviors.Jump$JumpDescriptor	sge.ai.steer.behaviors.Jump$JumpDescriptor	Renamed	-		0		form=class primary=(T,T) primaryKind=unique-root primaryVis=public tparams="[T <: sge.math.Vector[T]]"
type	com.badlogic.gdx.ai.steer.behaviors.Jump$JumpTarget	sge.ai.steer.behaviors.Jump$JumpTarget	Renamed	-		0		form=class parents=sge.ai.steer.SteerableAdapter primary=(Steerable) primaryKind=unique-root primaryVis=public tparams="[T <: sge.math.Vector[T]]"
type	com.badlogic.gdx.ai.steer.behaviors.LookWhereYouAreGoing	sge.ai.steer.behaviors.LookWhereYouAreGoing	Renamed	-		0		form=class parents=sge.ai.steer.behaviors.ReachOrientation primary=(Steerable) primaryKind=unique-root primaryVis=public tparams="[T <: sge.math.Vector[T]]"
type	com.badlogic.gdx.ai.steer.behaviors.MatchVelocity	sge.ai.steer.behaviors.MatchVelocity	Renamed	-		0		form=class parents=sge.ai.steer.SteeringBehavior primary=(Steerable,Steerable,float) primaryKind=unique-root primaryVis=public secondaries=(Steerable);(Steerable,Steerable) tparams="[T <: sge.math.Vector[T]]"
type	com.badlogic.gdx.ai.steer.behaviors.PrioritySteering	sge.ai.steer.behaviors.PrioritySteering	Renamed	-		0		form=class parents=sge.ai.steer.SteeringBehavior primary=(Steerable,float) primaryKind=unique-root primaryVis=public secondaries=(Steerable) tparams="[T <: sge.math.Vector[T]]"
type	com.badlogic.gdx.ai.steer.behaviors.Pursue	sge.ai.steer.behaviors.Pursue	Renamed	-		0		form=class parents=sge.ai.steer.SteeringBehavior primary=(Steerable,Steerable,float) primaryKind=unique-root primaryVis=public secondaries=(Steerable,Steerable) tparams="[T <: sge.math.Vector[T]]"
type	com.badlogic.gdx.ai.steer.behaviors.RaycastObstacleAvoidance	sge.ai.steer.behaviors.RaycastObstacleAvoidance	Renamed	-		0		form=class parents=sge.ai.steer.SteeringBehavior primary=(Steerable,RayConfiguration,RaycastCollisionDetector,float) primaryKind=unique-root primaryVis=public secondaries=(Steerable);(Steerable,RayConfiguration);(Steerable,RayConfiguration,RaycastCollisionDetector) tparams="[T <: sge.math.Vector[T]]"
type	com.badlogic.gdx.ai.steer.behaviors.ReachOrientation	sge.ai.steer.behaviors.ReachOrientation	Renamed	-		0		form=class parents=sge.ai.steer.SteeringBehavior primary=(Steerable,Location) primaryKind=unique-root primaryVis=public secondaries=(Steerable) tparams="[T <: sge.math.Vector[T]]"
type	com.badlogic.gdx.ai.steer.behaviors.Seek	sge.ai.steer.behaviors.Seek	Renamed	-		0		form=class parents=sge.ai.steer.SteeringBehavior primary=(Steerable,Location) primaryKind=unique-root primaryVis=public secondaries=(Steerable) tparams="[T <: sge.math.Vector[T]]"
type	com.badlogic.gdx.ai.steer.behaviors.Separation	sge.ai.steer.behaviors.Separation	Renamed	-		0		form=class parents=sge.ai.steer.GroupBehavior,sge.ai.steer.Proximity$ProximityCallback primary=(Steerable,Proximity) primaryKind=unique-root primaryVis=public tparams="[T <: sge.math.Vector[T]]"
type	com.badlogic.gdx.ai.steer.behaviors.Wander	sge.ai.steer.behaviors.Wander	Renamed	-		0		form=class parents=sge.ai.steer.behaviors.Face primary=(Steerable) primaryKind=unique-root primaryVis=public tparams="[T <: sge.math.Vector[T]]"
type	com.badlogic.gdx.ai.steer.limiters.AngularAccelerationLimiter	sge.ai.steer.limiters.AngularAccelerationLimiter	Renamed	-		0		companion=yes form=class parents=sge.ai.steer.limiters.NullLimiter primary=(float) primaryKind=unique-root primaryVis=public
type	com.badlogic.gdx.ai.steer.limiters.AngularLimiter	sge.ai.steer.limiters.AngularLimiter	Renamed	-		0		companion=yes form=class parents=sge.ai.steer.limiters.NullLimiter primary=(float,float) primaryKind=unique-root primaryVis=public
type	com.badlogic.gdx.ai.steer.limiters.AngularSpeedLimiter	sge.ai.steer.limiters.AngularSpeedLimiter	Renamed	-		0		companion=yes form=class parents=sge.ai.steer.limiters.NullLimiter primary=(float) primaryKind=unique-root primaryVis=public
type	com.badlogic.gdx.ai.steer.limiters.FullLimiter	sge.ai.steer.limiters.FullLimiter	Renamed	-		0		form=class parents=sge.ai.steer.Limiter primary=(float,float,float,float) primaryKind=unique-root primaryVis=public
type	com.badlogic.gdx.ai.steer.limiters.LinearAccelerationLimiter	sge.ai.steer.limiters.LinearAccelerationLimiter	Renamed	-		0		companion=yes form=class parents=sge.ai.steer.limiters.NullLimiter primary=(float) primaryKind=unique-root primaryVis=public
type	com.badlogic.gdx.ai.steer.limiters.LinearLimiter	sge.ai.steer.limiters.LinearLimiter	Renamed	-		0		companion=yes form=class parents=sge.ai.steer.limiters.NullLimiter primary=(float,float) primaryKind=unique-root primaryVis=public
type	com.badlogic.gdx.ai.steer.limiters.LinearSpeedLimiter	sge.ai.steer.limiters.LinearSpeedLimiter	Renamed	-		0		companion=yes form=class parents=sge.ai.steer.limiters.NullLimiter primary=(float) primaryKind=unique-root primaryVis=public
type	com.badlogic.gdx.ai.steer.limiters.NullLimiter	sge.ai.steer.limiters.NullLimiter	Renamed	-		0		companion=yes form=class parents=sge.ai.steer.Limiter primary=() primaryKind=unique-root primaryVis=public statics=NEUTRAL_LIMITER
type	com.badlogic.gdx.ai.steer.proximities.FieldOfViewProximity	sge.ai.steer.proximities.FieldOfViewProximity	Renamed	-		0		companion=yes form=class parents=sge.ai.steer.proximities.ProximityBase primary=(Steerable,JavaIterable,float,float) primaryKind=unique-root primaryVis=public tparams="[T <: sge.math.Vector[T]]"
type	com.badlogic.gdx.ai.steer.proximities.InfiniteProximity	sge.ai.steer.proximities.InfiniteProximity	Renamed	-		0		companion=yes form=class parents=sge.ai.steer.proximities.ProximityBase primary=(Steerable,JavaIterable) primaryKind=unique-root primaryVis=public tparams="[T <: sge.math.Vector[T]]"
type	com.badlogic.gdx.ai.steer.proximities.ProximityBase	sge.ai.steer.proximities.ProximityBase	Renamed	-		0		companion=yes flags=abstract form=class parents=sge.ai.steer.Proximity primary=(Steerable,JavaIterable) primaryKind=unique-root primaryVis=public tparams="[T <: sge.math.Vector[T]]"
type	com.badlogic.gdx.ai.steer.proximities.RadiusProximity	sge.ai.steer.proximities.RadiusProximity	Renamed	-		0		companion=yes form=class parents=sge.ai.steer.proximities.ProximityBase primary=(Steerable,JavaIterable,float) primaryKind=unique-root primaryVis=public tparams="[T <: sge.math.Vector[T]]"
type	com.badlogic.gdx.ai.steer.utils.Path	sge.ai.steer.utils.Path	Renamed	-		0		companion=yes form=trait statics=PathParam tparams="[T <: sge.math.Vector[T], P <: sge.ai.steer.utils.Path.PathParam]"
type	com.badlogic.gdx.ai.steer.utils.Path$PathParam	sge.ai.steer.utils.Path$PathParam	Renamed	-		0		form=trait
type	com.badlogic.gdx.ai.steer.utils.RayConfiguration	sge.ai.steer.utils.RayConfiguration	Renamed	-		0		form=trait tparams="[T <: sge.math.Vector[T]]"
type	com.badlogic.gdx.ai.steer.utils.paths.LinePath	sge.ai.steer.utils.paths.LinePath	Renamed	-		0		companion=yes form=class parents=sge.ai.steer.utils.Path primary=(Array,boolean) primaryKind=unique-root primaryVis=public secondaries=(Array) statics=LinePathParam,Segment tparams="[T <: sge.math.Vector[T]]"
type	com.badlogic.gdx.ai.steer.utils.paths.LinePath$LinePathParam	sge.ai.steer.utils.paths.LinePath$LinePathParam	Renamed	-		0		form=class parents=sge.ai.steer.utils.Path$PathParam primary=() primaryKind=unique-root primaryVis=public
type	com.badlogic.gdx.ai.steer.utils.paths.LinePath$Segment	sge.ai.steer.utils.paths.LinePath$Segment	Renamed	-		0		form=class primary=(T,T) primaryKind=unique-root primaryVis=public tparams="[T <: sge.math.Vector[T]]"
type	com.badlogic.gdx.ai.steer.utils.rays.CentralRayWithWhiskersConfiguration	sge.ai.steer.utils.rays.CentralRayWithWhiskersConfiguration	Renamed	-		0		form=class parents=sge.ai.steer.utils.rays.RayConfigurationBase primary=(Steerable,float,float,float) primaryKind=unique-root primaryVis=public tparams="[T <: sge.math.Vector[T]]"
type	com.badlogic.gdx.ai.steer.utils.rays.ParallelSideRayConfiguration	sge.ai.steer.utils.rays.ParallelSideRayConfiguration	Renamed	-		0		companion=yes form=class parents=sge.ai.steer.utils.rays.RayConfigurationBase primary=(Steerable,float,float) primaryKind=unique-root primaryVis=public statics=HALF_PI tparams="[T <: sge.math.Vector[T]]"
type	com.badlogic.gdx.ai.steer.utils.rays.RayConfigurationBase	sge.ai.steer.utils.rays.RayConfigurationBase	Renamed	-		0		flags=abstract form=class parents=sge.ai.steer.utils.RayConfiguration primary=(Steerable,int) primaryKind=unique-root primaryVis=public tparams="[T <: sge.math.Vector[T]]"
type	com.badlogic.gdx.ai.steer.utils.rays.SingleRayConfiguration	sge.ai.steer.utils.rays.SingleRayConfiguration	Renamed	-		0		form=class parents=sge.ai.steer.utils.rays.RayConfigurationBase primary=(Steerable,float) primaryKind=unique-root primaryVis=public tparams="[T <: sge.math.Vector[T]]"
type	com.badlogic.gdx.ai.utils.ArithmeticUtils	sge.ai.utils.ArithmeticUtils	Renamed	-		0		flags=final form=object primary=() primaryKind=unique-root primaryVis=private
type	com.badlogic.gdx.ai.utils.CircularBuffer	sge.ai.utils.CircularBuffer	Renamed	-		0		form=class primary=(int,boolean) primaryKind=unique-root primaryVis=public secondaries=();(int) tparams="[T <: java.lang.Object]"
type	com.badlogic.gdx.ai.utils.Collision	sge.ai.utils.Collision	Renamed	-		0		form=class primary=(T,T) primaryKind=unique-root primaryVis=public tparams="[T <: sge.math.Vector[T]]"
type	com.badlogic.gdx.ai.utils.Location	sge.ai.utils.Location	Renamed	-		0		form=trait tparams="[T <: sge.math.Vector[T]]"
type	com.badlogic.gdx.ai.utils.NonBlockingSemaphore	sge.ai.utils.NonBlockingSemaphore	Renamed	-		0		companion=yes form=trait statics=Factory
type	com.badlogic.gdx.ai.utils.NonBlockingSemaphore$Factory	sge.ai.utils.NonBlockingSemaphore$Factory	Renamed	-		0		form=trait
type	com.badlogic.gdx.ai.utils.NonBlockingSemaphoreRepository	sge.ai.utils.NonBlockingSemaphoreRepository	Renamed	-		0		form=object primary=() primaryKind=unique-root primaryVis=public
type	com.badlogic.gdx.ai.utils.Ray	sge.ai.utils.Ray	Renamed	-		0		form=class primary=(T,T) primaryKind=unique-root primaryVis=public tparams="[T <: sge.math.Vector[T]]"
type	com.badlogic.gdx.ai.utils.RaycastCollisionDetector	sge.ai.utils.RaycastCollisionDetector	Renamed	-		0		form=trait tparams="[T <: sge.math.Vector[T]]"
type	com.badlogic.gdx.ai.utils.SimpleNonBlockingSemaphore	sge.ai.utils.SimpleNonBlockingSemaphore	Renamed	-		0		companion=yes form=class parents=sge.ai.utils.NonBlockingSemaphore primary=(String,int) primaryKind=unique-root primaryVis=public statics=Factory
type	com.badlogic.gdx.ai.utils.SimpleNonBlockingSemaphore$Factory	sge.ai.utils.SimpleNonBlockingSemaphore$Factory	Renamed	-		0		form=class parents=sge.ai.utils.NonBlockingSemaphore$Factory primary=() primaryKind=unique-root primaryVis=public
type	com.badlogic.gdx.ai.utils.random.ConstantDoubleDistribution	sge.ai.utils.random.ConstantDoubleDistribution	Renamed	-		0		companion=yes flags=final form=class parents=sge.ai.utils.random.DoubleDistribution primary=(double) primaryKind=unique-root primaryVis=public statics=NEGATIVE_ONE,ONE,ZERO
type	com.badlogic.gdx.ai.utils.random.ConstantFloatDistribution	sge.ai.utils.random.ConstantFloatDistribution	Renamed	-		0		companion=yes flags=final form=class parents=sge.ai.utils.random.FloatDistribution primary=(float) primaryKind=unique-root primaryVis=public statics=NEGATIVE_ONE,ONE,ZERO,ZERO_POINT_FIVE
type	com.badlogic.gdx.ai.utils.random.ConstantIntegerDistribution	sge.ai.utils.random.ConstantIntegerDistribution	Renamed	-		0		companion=yes flags=final form=class parents=sge.ai.utils.random.IntegerDistribution primary=(int) primaryKind=unique-root primaryVis=public statics=NEGATIVE_ONE,ONE,ZERO
type	com.badlogic.gdx.ai.utils.random.ConstantLongDistribution	sge.ai.utils.random.ConstantLongDistribution	Renamed	-		0		companion=yes flags=final form=class parents=sge.ai.utils.random.LongDistribution primary=(long) primaryKind=unique-root primaryVis=public statics=NEGATIVE_ONE,ONE,ZERO
type	com.badlogic.gdx.ai.utils.random.Distribution	sge.ai.utils.random.Distribution	Renamed	-		0		form=trait
type	com.badlogic.gdx.ai.utils.random.DoubleDistribution	sge.ai.utils.random.DoubleDistribution	Renamed	-		0		flags=abstract form=class parents=sge.ai.utils.random.Distribution primary=() primaryKind=unique-root primaryVis=public
type	com.badlogic.gdx.ai.utils.random.FloatDistribution	sge.ai.utils.random.FloatDistribution	Renamed	-		0		flags=abstract form=class parents=sge.ai.utils.random.Distribution primary=() primaryKind=unique-root primaryVis=public
type	com.badlogic.gdx.ai.utils.random.GaussianDoubleDistribution	sge.ai.utils.random.GaussianDoubleDistribution	Renamed	-		0		companion=yes flags=final form=class parents=sge.ai.utils.random.DoubleDistribution primary=(double,double) primaryKind=unique-root primaryVis=public statics=STANDARD_NORMAL
type	com.badlogic.gdx.ai.utils.random.GaussianFloatDistribution	sge.ai.utils.random.GaussianFloatDistribution	Renamed	-		0		companion=yes flags=final form=class parents=sge.ai.utils.random.FloatDistribution primary=(float,float) primaryKind=unique-root primaryVis=public statics=STANDARD_NORMAL
type	com.badlogic.gdx.ai.utils.random.IntegerDistribution	sge.ai.utils.random.IntegerDistribution	Renamed	-		0		flags=abstract form=class parents=sge.ai.utils.random.Distribution primary=() primaryKind=unique-root primaryVis=public
type	com.badlogic.gdx.ai.utils.random.LongDistribution	sge.ai.utils.random.LongDistribution	Renamed	-		0		flags=abstract form=class parents=sge.ai.utils.random.Distribution primary=() primaryKind=unique-root primaryVis=public
type	com.badlogic.gdx.ai.utils.random.TriangularDoubleDistribution	sge.ai.utils.random.TriangularDoubleDistribution	Renamed	-		0		companion=yes flags=final form=class parents=sge.ai.utils.random.DoubleDistribution primary=(double,double,double) primaryKind=unique-root primaryVis=public secondaries=(double);(double,double) statics=randomTriangular
type	com.badlogic.gdx.ai.utils.random.TriangularFloatDistribution	sge.ai.utils.random.TriangularFloatDistribution	Renamed	-		0		flags=final form=class parents=sge.ai.utils.random.FloatDistribution primary=(float,float,float) primaryKind=unique-root primaryVis=public secondaries=(float);(float,float)
type	com.badlogic.gdx.ai.utils.random.TriangularIntegerDistribution	sge.ai.utils.random.TriangularIntegerDistribution	Renamed	-		0		flags=final form=class parents=sge.ai.utils.random.IntegerDistribution primary=(int,int,float) primaryKind=unique-root primaryVis=public secondaries=(int);(int,int)
type	com.badlogic.gdx.ai.utils.random.TriangularLongDistribution	sge.ai.utils.random.TriangularLongDistribution	Renamed	-		0		flags=final form=class parents=sge.ai.utils.random.LongDistribution primary=(long,long,double) primaryKind=unique-root primaryVis=public secondaries=(long);(long,long)
type	com.badlogic.gdx.ai.utils.random.UniformDoubleDistribution	sge.ai.utils.random.UniformDoubleDistribution	Renamed	-		0		flags=final form=class parents=sge.ai.utils.random.DoubleDistribution primary=(double,double) primaryKind=unique-root primaryVis=public secondaries=(double)
type	com.badlogic.gdx.ai.utils.random.UniformFloatDistribution	sge.ai.utils.random.UniformFloatDistribution	Renamed	-		0		flags=final form=class parents=sge.ai.utils.random.FloatDistribution primary=(float,float) primaryKind=unique-root primaryVis=public secondaries=(float)
type	com.badlogic.gdx.ai.utils.random.UniformIntegerDistribution	sge.ai.utils.random.UniformIntegerDistribution	Renamed	-		0		flags=final form=class parents=sge.ai.utils.random.IntegerDistribution primary=(int,int) primaryKind=unique-root primaryVis=public secondaries=(int)
type	com.badlogic.gdx.ai.utils.random.UniformLongDistribution	sge.ai.utils.random.UniformLongDistribution	Renamed	-		0		flags=final form=class parents=sge.ai.utils.random.LongDistribution primary=(long,long) primaryKind=unique-root primaryVis=public secondaries=(long)
type	com.badlogic.gdx.ai.GdxAI	sge.ai.GdxAI	Substituted	-		0		
type	com.badlogic.gdx.net.NetJavaImpl		Dropped	-		0		
type	com.badlogic.gdx.utils.Align		Dropped	-		0		
type	com.badlogic.gdx.utils.Disposable		Dropped	-		0		
type	com.badlogic.gdx.utils.Json		Dropped	-		0		
type	com.badlogic.gdx.utils.Pools		Dropped	-		0		
type	com.badlogic.gdx.utils.ReflectionPool		Dropped	-		0		
type	com.badlogic.gdx.utils.reflect.Annotation		Dropped	-		0		
type	com.badlogic.gdx.utils.reflect.ArrayReflection		Dropped	-		0		
type	com.badlogic.gdx.utils.reflect.ClassReflection		Dropped	-		0		
type	com.badlogic.gdx.utils.reflect.Constructor		Dropped	-		0		
type	com.badlogic.gdx.utils.reflect.Field		Dropped	-		0		
type	com.badlogic.gdx.utils.reflect.Method		Dropped	-		0		
type	com.badlogic.gdx.utils.reflect.ReflectionException		Dropped	-		0		
type		balticporter.runtime.JavaCollection	Added	-		0		
type		balticporter.runtime.JavaCollections	Added	-		0		
type		balticporter.runtime.JavaEnumMap	Added	-		0		
type		balticporter.runtime.JavaEnumSet	Added	-		0		
type		balticporter.runtime.JavaIterable	Added	-		0		
type		balticporter.runtime.JavaIterator	Added	-		0		
type		balticporter.runtime.JavaListIterator	Added	-		0		
type		balticporter.runtime.JavaOptionalDouble	Added	-		0		
type		balticporter.runtime.JavaOptionalInt	Added	-		0		
type		balticporter.runtime.JavaOptionalLong	Added	-		0		
type		balticporter.runtime.JavaStack	Added	-		0		
type		sge.ai.btree.utils.TaskField	Added	-		0		
type		sge.ai.btree.utils.TaskRegistry	Added	-		0		
member	com.badlogic.gdx.ai.DefaultTimepiece#<init>()	sge.ai.DefaultTimepiece#<init>()	Renamed	-	com/badlogic/gdx/ai/DefaultTimepiece.java	26	a53308314f236f65	
member	com.badlogic.gdx.ai.DefaultTimepiece#<stmt1>	sge.ai.DefaultTimepiece#<stmt1>	Renamed	-	com/badlogic/gdx/ai/DefaultTimepiece.java	31	aa14952e44952f3a	
member	com.badlogic.gdx.ai.DefaultTimepiece#<stmt2>	sge.ai.DefaultTimepiece#<stmt2>	Renamed	-	com/badlogic/gdx/ai/DefaultTimepiece.java	32	822c34e509627a61	
member	com.badlogic.gdx.ai.DefaultTimepiece#<stmt3>	sge.ai.DefaultTimepiece#<stmt3>	Renamed	-	com/badlogic/gdx/ai/DefaultTimepiece.java	33	97696649fd785375	
member	com.badlogic.gdx.ai.DefaultTimepiece#getDeltaTime	sge.ai.DefaultTimepiece#deltaTime	Renamed	-	com/badlogic/gdx/ai/DefaultTimepiece.java	23	cfbcc4b97b1a57f9	name=deltaTime$field
member	com.badlogic.gdx.ai.DefaultTimepiece#getDeltaTime()	sge.ai.DefaultTimepiece#deltaTime()	Renamed	-	com/badlogic/gdx/ai/DefaultTimepiece.java	42	a4914d450715d94f	
member	com.badlogic.gdx.ai.DefaultTimepiece#maxDeltaTime	sge.ai.DefaultTimepiece#maxDeltaTime	Renamed	-	com/badlogic/gdx/ai/DefaultTimepiece.java	24	2a366fbf621fdd9b	
member	com.badlogic.gdx.ai.DefaultTimepiece#getTime	sge.ai.DefaultTimepiece#time	Renamed	-	com/badlogic/gdx/ai/DefaultTimepiece.java	22	89309bdb3ab1b287	name=time$field
member	com.badlogic.gdx.ai.DefaultTimepiece#getTime()	sge.ai.DefaultTimepiece#time()	Renamed	-	com/badlogic/gdx/ai/DefaultTimepiece.java	37	b8ebd73ff46a2fba	
member	com.badlogic.gdx.ai.DefaultTimepiece#update(float)	sge.ai.DefaultTimepiece#update(float)	Renamed	-	com/badlogic/gdx/ai/DefaultTimepiece.java	47	60bb38d59d3813cd	
member	com.badlogic.gdx.ai.FileSystem#newFileHandle(File)	sge.ai.FileSystem#newFileHandle(File)	Renamed	-	com/badlogic/gdx/ai/FileSystem.java	33	3a9265fe587cde3e	
member	com.badlogic.gdx.ai.FileSystem#newFileHandle(File,FileType)	sge.ai.FileSystem#newFileHandle(File,FileType)	Renamed	-	com/badlogic/gdx/ai/FileSystem.java	37	55a8e9a4834e3059	
member	com.badlogic.gdx.ai.FileSystem#newFileHandle(String)	sge.ai.FileSystem#newFileHandle(String)	Renamed	-	com/badlogic/gdx/ai/FileSystem.java	31	e24b3b131b509e3d	
member	com.badlogic.gdx.ai.FileSystem#newFileHandle(String,FileType)	sge.ai.FileSystem#newFileHandle(String,FileType)	Renamed	-	com/badlogic/gdx/ai/FileSystem.java	35	64093f39a2c56447	
member	com.badlogic.gdx.ai.FileSystem#newResolver(FileType)	sge.ai.FileSystem#newResolver(FileType)	Renamed	-	com/badlogic/gdx/ai/FileSystem.java	29	2a252e2af5812943	
member	com.badlogic.gdx.ai.GdxAI#fileSystem	sge.ai.GdxAI#fileSystem	Renamed	-	com/badlogic/gdx/ai/GdxAI.java	48	2f9c0db05f59769b	placement=companion vis=private
member	com.badlogic.gdx.ai.GdxAI#getFileSystem()	sge.ai.GdxAI#getFileSystem()	Renamed	-	com/badlogic/gdx/ai/GdxAI.java	71	bfe500bb2f3dcfa7	placement=companion
member	com.badlogic.gdx.ai.GdxAI#getLogger()	sge.ai.GdxAI#getLogger()	Renamed	-	com/badlogic/gdx/ai/GdxAI.java	61	e2cd835816ac3521	placement=companion
member	com.badlogic.gdx.ai.GdxAI#getTimepiece()	sge.ai.GdxAI#getTimepiece()	Renamed	-	com/badlogic/gdx/ai/GdxAI.java	51	5d340bfed88b8e05	placement=companion
member	com.badlogic.gdx.ai.GdxAI#logger	sge.ai.GdxAI#logger	Renamed	-	com/badlogic/gdx/ai/GdxAI.java	47	7914ae6ba5931cb5	placement=companion vis=private
member	com.badlogic.gdx.ai.GdxAI#setFileSystem(FileSystem)	sge.ai.GdxAI#setFileSystem(FileSystem)	Renamed	-	com/badlogic/gdx/ai/GdxAI.java	76	9cef510464a78fab	placement=companion
member	com.badlogic.gdx.ai.GdxAI#setLogger(Logger)	sge.ai.GdxAI#setLogger(Logger)	Renamed	-	com/badlogic/gdx/ai/GdxAI.java	66	1b0f40b91050660d	placement=companion
member	com.badlogic.gdx.ai.GdxAI#setTimepiece(Timepiece)	sge.ai.GdxAI#setTimepiece(Timepiece)	Renamed	-	com/badlogic/gdx/ai/GdxAI.java	56	7f5e53c56f7e3466	placement=companion
member	com.badlogic.gdx.ai.GdxAI#timepiece	sge.ai.GdxAI#timepiece	Renamed	-	com/badlogic/gdx/ai/GdxAI.java	46	a5dd5200694c1821	placement=companion vis=private
member	com.badlogic.gdx.ai.GdxFileSystem#newFileHandle(File)	sge.ai.GdxFileSystem#newFileHandle(File)	Renamed	-	com/badlogic/gdx/ai/GdxFileSystem.java	60	7818c7eb4e1621cf	
member	com.badlogic.gdx.ai.GdxFileSystem#newFileHandle(File,FileType)	sge.ai.GdxFileSystem#newFileHandle(File,FileType)	Renamed	-	com/badlogic/gdx/ai/GdxFileSystem.java	70	38b66c075a0ce9ae	
member	com.badlogic.gdx.ai.GdxFileSystem#newFileHandle(String)	sge.ai.GdxFileSystem#newFileHandle(String)	Renamed	-	com/badlogic/gdx/ai/GdxFileSystem.java	55	77c446bcd103d7ed	
member	com.badlogic.gdx.ai.GdxFileSystem#newFileHandle(String,FileType)	sge.ai.GdxFileSystem#newFileHandle(String,FileType)	Renamed	-	com/badlogic/gdx/ai/GdxFileSystem.java	65	de0d6580062f132a	
member	com.badlogic.gdx.ai.GdxFileSystem#newResolver(FileType)	sge.ai.GdxFileSystem#newResolver(FileType)	Renamed	-	com/badlogic/gdx/ai/GdxFileSystem.java	38	80ba2dfe9fecbd71	
member	com.badlogic.gdx.ai.GdxLogger#debug(String,String)	sge.ai.GdxLogger#debug(String,String)	Renamed	-	com/badlogic/gdx/ai/GdxLogger.java	28	4369344d189d3bb1	
member	com.badlogic.gdx.ai.GdxLogger#debug(String,String,Throwable)	sge.ai.GdxLogger#debug(String,String,Throwable)	Renamed	-	com/badlogic/gdx/ai/GdxLogger.java	33	bd51384a68212d30	
member	com.badlogic.gdx.ai.GdxLogger#error(String,String)	sge.ai.GdxLogger#error(String,String)	Renamed	-	com/badlogic/gdx/ai/GdxLogger.java	48	be32a44f9875a733	
member	com.badlogic.gdx.ai.GdxLogger#error(String,String,Throwable)	sge.ai.GdxLogger#error(String,String,Throwable)	Renamed	-	com/badlogic/gdx/ai/GdxLogger.java	53	684ed155861041d2	
member	com.badlogic.gdx.ai.GdxLogger#info(String,String)	sge.ai.GdxLogger#info(String,String)	Renamed	-	com/badlogic/gdx/ai/GdxLogger.java	38	e8d50adde4ade8f1	
member	com.badlogic.gdx.ai.GdxLogger#info(String,String,Throwable)	sge.ai.GdxLogger#info(String,String,Throwable)	Renamed	-	com/badlogic/gdx/ai/GdxLogger.java	43	c33aeebd44eeef0f	
member	com.badlogic.gdx.ai.Logger#debug(String,String)	sge.ai.Logger#debug(String,String)	Renamed	-	com/badlogic/gdx/ai/Logger.java	26	a2ce78352749173f	
member	com.badlogic.gdx.ai.Logger#debug(String,String,Throwable)	sge.ai.Logger#debug(String,String,Throwable)	Renamed	-	com/badlogic/gdx/ai/Logger.java	32	1ecb2a3024cc2186	
member	com.badlogic.gdx.ai.Logger#error(String,String)	sge.ai.Logger#error(String,String)	Renamed	-	com/badlogic/gdx/ai/Logger.java	48	60fa49388c732d79	
member	com.badlogic.gdx.ai.Logger#error(String,String,Throwable)	sge.ai.Logger#error(String,String,Throwable)	Renamed	-	com/badlogic/gdx/ai/Logger.java	54	85287df1f82c86cb	
member	com.badlogic.gdx.ai.Logger#info(String,String)	sge.ai.Logger#info(String,String)	Renamed	-	com/badlogic/gdx/ai/Logger.java	37	b346b4c1d0b66bea	
member	com.badlogic.gdx.ai.Logger#info(String,String,Throwable)	sge.ai.Logger#info(String,String,Throwable)	Renamed	-	com/badlogic/gdx/ai/Logger.java	43	3a35f3bb2f66c2b5	
member	com.badlogic.gdx.ai.NullLogger#debug(String,String)	sge.ai.NullLogger#debug(String,String)	Renamed	-	com/badlogic/gdx/ai/NullLogger.java	28	8c66bc97de483b57	
member	com.badlogic.gdx.ai.NullLogger#debug(String,String,Throwable)	sge.ai.NullLogger#debug(String,String,Throwable)	Renamed	-	com/badlogic/gdx/ai/NullLogger.java	33	e9c3ee7851611bc1	
member	com.badlogic.gdx.ai.NullLogger#error(String,String)	sge.ai.NullLogger#error(String,String)	Renamed	-	com/badlogic/gdx/ai/NullLogger.java	48	7523e0ddef706435	
member	com.badlogic.gdx.ai.NullLogger#error(String,String,Throwable)	sge.ai.NullLogger#error(String,String,Throwable)	Renamed	-	com/badlogic/gdx/ai/NullLogger.java	53	0877dcfd7127e127	
member	com.badlogic.gdx.ai.NullLogger#info(String,String)	sge.ai.NullLogger#info(String,String)	Renamed	-	com/badlogic/gdx/ai/NullLogger.java	38	26399ab198a1b17d	
member	com.badlogic.gdx.ai.NullLogger#info(String,String,Throwable)	sge.ai.NullLogger#info(String,String,Throwable)	Renamed	-	com/badlogic/gdx/ai/NullLogger.java	43	36fb8d7475391f37	
member	com.badlogic.gdx.ai.StandaloneFileSystem#newFileHandle(File)	sge.ai.StandaloneFileSystem#newFileHandle(File)	Renamed	-	com/badlogic/gdx/ai/StandaloneFileSystem.java	49	99dfd364a6fe47f9	
member	com.badlogic.gdx.ai.StandaloneFileSystem#newFileHandle(File,FileType)	sge.ai.StandaloneFileSystem#newFileHandle(File,FileType)	Renamed	-	com/badlogic/gdx/ai/StandaloneFileSystem.java	59	3dde9bbdf93d2ae2	
member	com.badlogic.gdx.ai.StandaloneFileSystem#newFileHandle(String)	sge.ai.StandaloneFileSystem#newFileHandle(String)	Renamed	-	com/badlogic/gdx/ai/StandaloneFileSystem.java	44	3128407ec3d25254	
member	com.badlogic.gdx.ai.StandaloneFileSystem#newFileHandle(String,FileType)	sge.ai.StandaloneFileSystem#newFileHandle(String,FileType)	Renamed	-	com/badlogic/gdx/ai/StandaloneFileSystem.java	54	7d36a8783b7f849a	
member	com.badlogic.gdx.ai.StandaloneFileSystem#newResolver(FileType)	sge.ai.StandaloneFileSystem#newResolver(FileType)	Renamed	-	com/badlogic/gdx/ai/StandaloneFileSystem.java	33	5a8de38c17be5f5b	
member	com.badlogic.gdx.ai.StandaloneFileSystem$DesktopFileHandle#<init>(File,FileType,Sge)	sge.ai.StandaloneFileSystem$DesktopFileHandle#<init>(File,FileType,Sge)	Renamed	-	com/badlogic/gdx/ai/StandaloneFileSystem.java	72	1704d181a2d6b258	
member	com.badlogic.gdx.ai.StandaloneFileSystem$DesktopFileHandle#<init>(String,FileType,Sge)	sge.ai.StandaloneFileSystem$DesktopFileHandle#<init>(String,FileType,Sge)	Renamed	-	com/badlogic/gdx/ai/StandaloneFileSystem.java	68	b2c092ac3d89f423	
member	com.badlogic.gdx.ai.StandaloneFileSystem$DesktopFileHandle#child(String)	sge.ai.StandaloneFileSystem$DesktopFileHandle#child(String)	Renamed	-	com/badlogic/gdx/ai/StandaloneFileSystem.java	76	fa1e0bb7e974511b	
member	com.badlogic.gdx.ai.StandaloneFileSystem$DesktopFileHandle#externalPath	sge.ai.StandaloneFileSystem$DesktopFileHandle#externalPath	Renamed	-	com/badlogic/gdx/ai/StandaloneFileSystem.java	65	50eb4dd99f170c1e	placement=companion
member	com.badlogic.gdx.ai.StandaloneFileSystem$DesktopFileHandle#file()	sge.ai.StandaloneFileSystem$DesktopFileHandle#file()	Renamed	-	com/badlogic/gdx/ai/StandaloneFileSystem.java	97	53cc82c51c43b05d	
member	com.badlogic.gdx.ai.StandaloneFileSystem$DesktopFileHandle#localPath	sge.ai.StandaloneFileSystem$DesktopFileHandle#localPath	Renamed	-	com/badlogic/gdx/ai/StandaloneFileSystem.java	66	ec8d54a87f0485f4	placement=companion
member	com.badlogic.gdx.ai.StandaloneFileSystem$DesktopFileHandle#parent()	sge.ai.StandaloneFileSystem$DesktopFileHandle#parent()	Renamed	-	com/badlogic/gdx/ai/StandaloneFileSystem.java	86	5a18f451e450270a	
member	com.badlogic.gdx.ai.StandaloneFileSystem$DesktopFileHandle#sibling(String)	sge.ai.StandaloneFileSystem$DesktopFileHandle#sibling(String)	Renamed	-	com/badlogic/gdx/ai/StandaloneFileSystem.java	81	8bc53350285f21a2	
member	com.badlogic.gdx.ai.StdoutLogger#debug(String,String)	sge.ai.StdoutLogger#debug(String,String)	Renamed	-	com/badlogic/gdx/ai/StdoutLogger.java	28	50bb3a15ecb5b94b	
member	com.badlogic.gdx.ai.StdoutLogger#debug(String,String,Throwable)	sge.ai.StdoutLogger#debug(String,String,Throwable)	Renamed	-	com/badlogic/gdx/ai/StdoutLogger.java	33	e4181f5650cf4aec	
member	com.badlogic.gdx.ai.StdoutLogger#error(String,String)	sge.ai.StdoutLogger#error(String,String)	Renamed	-	com/badlogic/gdx/ai/StdoutLogger.java	48	50253cdf774be05b	
member	com.badlogic.gdx.ai.StdoutLogger#error(String,String,Throwable)	sge.ai.StdoutLogger#error(String,String,Throwable)	Renamed	-	com/badlogic/gdx/ai/StdoutLogger.java	53	19f7b1719381c8e1	
member	com.badlogic.gdx.ai.StdoutLogger#info(String,String)	sge.ai.StdoutLogger#info(String,String)	Renamed	-	com/badlogic/gdx/ai/StdoutLogger.java	38	0adf4d628e2b5812	
member	com.badlogic.gdx.ai.StdoutLogger#info(String,String,Throwable)	sge.ai.StdoutLogger#info(String,String,Throwable)	Renamed	-	com/badlogic/gdx/ai/StdoutLogger.java	43	5f66382f1535d1f5	
member	com.badlogic.gdx.ai.StdoutLogger#println(String,String,String)	sge.ai.StdoutLogger#println(String,String,String)	Renamed	-	com/badlogic/gdx/ai/StdoutLogger.java	57	7608d9eb76bc6949	vis=private
member	com.badlogic.gdx.ai.StdoutLogger#println(String,String,String,Throwable)	sge.ai.StdoutLogger#println(String,String,String,Throwable)	Renamed	-	com/badlogic/gdx/ai/StdoutLogger.java	61	f4e3b2067d0c9e6b	vis=private
member	com.badlogic.gdx.ai.Timepiece#getDeltaTime()	sge.ai.Timepiece#deltaTime()	Renamed	-	com/badlogic/gdx/ai/Timepiece.java	35	85c17b66ace3ded9	
member	com.badlogic.gdx.ai.Timepiece#getTime()	sge.ai.Timepiece#time()	Renamed	-	com/badlogic/gdx/ai/Timepiece.java	32	acda322143a0120a	
member	com.badlogic.gdx.ai.Timepiece#update(float)	sge.ai.Timepiece#update(float)	Renamed	-	com/badlogic/gdx/ai/Timepiece.java	39	4673bede1e65346e	
member	com.badlogic.gdx.ai.btree.BehaviorTree#<init>()	sge.ai.btree.BehaviorTree#<init>()	Renamed	-	com/badlogic/gdx/ai/btree/BehaviorTree.java	38	895551f758266214	
member	com.badlogic.gdx.ai.btree.BehaviorTree#<init>(Task)	sge.ai.btree.BehaviorTree#<init>(Task<E>)	Renamed	-	com/badlogic/gdx/ai/btree/BehaviorTree.java	47	c489cfa7a6d85c5e	
member	com.badlogic.gdx.ai.btree.BehaviorTree#<stmt1>	sge.ai.btree.BehaviorTree#<stmt1>	Renamed	-	com/badlogic/gdx/ai/btree/BehaviorTree.java	58	c319fb69589abe6d	
member	com.badlogic.gdx.ai.btree.BehaviorTree#<stmt2>	sge.ai.btree.BehaviorTree#<stmt2>	Renamed	-	com/badlogic/gdx/ai/btree/BehaviorTree.java	59	5acb18d61639ee2d	
member	com.badlogic.gdx.ai.btree.BehaviorTree#<stmt3>	sge.ai.btree.BehaviorTree#<stmt3>	Renamed	-	com/badlogic/gdx/ai/btree/BehaviorTree.java	60	ba9c9b3337b749fc	
member	com.badlogic.gdx.ai.btree.BehaviorTree#<stmt4>	sge.ai.btree.BehaviorTree#<stmt4>	Renamed	-	com/badlogic/gdx/ai/btree/BehaviorTree.java	61	1d5d9bc2633804ed	
member	com.badlogic.gdx.ai.btree.BehaviorTree#addChildToTask(Task)	sge.ai.btree.BehaviorTree#addChildToTask(Task<E>)	Renamed	-	com/badlogic/gdx/ai/btree/BehaviorTree.java	83	9841a12d9e8074d5	
member	com.badlogic.gdx.ai.btree.BehaviorTree#addListener(Listener)	sge.ai.btree.BehaviorTree#addListener(Listener<E>)	Renamed	-	com/badlogic/gdx/ai/btree/BehaviorTree.java	148	31670333f277126e	
member	com.badlogic.gdx.ai.btree.BehaviorTree#getChildCount()	sge.ai.btree.BehaviorTree#childCount()	Renamed	-	com/badlogic/gdx/ai/btree/BehaviorTree.java	90	2b7f6ce9d08a51bd	
member	com.badlogic.gdx.ai.btree.BehaviorTree#childFail(Task)	sge.ai.btree.BehaviorTree#childFail(Task<E>)	Renamed	-	com/badlogic/gdx/ai/btree/BehaviorTree.java	106	8d48e5ff51f49c4a	
member	com.badlogic.gdx.ai.btree.BehaviorTree#childRunning(Task,Task)	sge.ai.btree.BehaviorTree#childRunning(Task<E>,Task<E>)	Renamed	-	com/badlogic/gdx/ai/btree/BehaviorTree.java	101	b68390f9e8801c7b	
member	com.badlogic.gdx.ai.btree.BehaviorTree#childSuccess(Task)	sge.ai.btree.BehaviorTree#childSuccess(Task<E>)	Renamed	-	com/badlogic/gdx/ai/btree/BehaviorTree.java	111	dd273574f88e7b53	
member	com.badlogic.gdx.ai.btree.BehaviorTree#copyTo(Task)	sge.ai.btree.BehaviorTree#copyTo(Task<E>)	Renamed	-	com/badlogic/gdx/ai/btree/BehaviorTree.java	141	5eb04b995582128d	
member	com.badlogic.gdx.ai.btree.BehaviorTree#getChild(int)	sge.ai.btree.BehaviorTree#getChild(int)	Renamed	-	com/badlogic/gdx/ai/btree/BehaviorTree.java	95	79ab767dbb7fa9bc	
member	com.badlogic.gdx.ai.btree.BehaviorTree#guardEvaluator	sge.ai.btree.BehaviorTree#guardEvaluator	Renamed	-	com/badlogic/gdx/ai/btree/BehaviorTree.java	31	d9dd41313e7455fa	
member	com.badlogic.gdx.ai.btree.BehaviorTree#listeners	sge.ai.btree.BehaviorTree#listeners	Renamed	-	com/badlogic/gdx/ai/btree/BehaviorTree.java	33	12c5f229d766043d	
member	com.badlogic.gdx.ai.btree.BehaviorTree#notifyChildAdded(Task,int)	sge.ai.btree.BehaviorTree#notifyChildAdded(Task<E>,int)	Renamed	-	com/badlogic/gdx/ai/btree/BehaviorTree.java	167	6bc49355b94efc95	
member	com.badlogic.gdx.ai.btree.BehaviorTree#notifyStatusUpdated(Task,Status)	sge.ai.btree.BehaviorTree#notifyStatusUpdated(Task<E>,Status)	Renamed	-	com/badlogic/gdx/ai/btree/BehaviorTree.java	161	904950adae50ab07	
member	com.badlogic.gdx.ai.btree.BehaviorTree#getObject	sge.ai.btree.BehaviorTree#object	Renamed	-	com/badlogic/gdx/ai/btree/BehaviorTree.java	30	d9acbe66c8badefa	name=object$field
member	com.badlogic.gdx.ai.btree.BehaviorTree#getObject()	sge.ai.btree.BehaviorTree#object()	Renamed	-	com/badlogic/gdx/ai/btree/BehaviorTree.java	66	87111d08db2f238b	
member	com.badlogic.gdx.ai.btree.BehaviorTree#setObject(E)	sge.ai.btree.BehaviorTree#object_=(E)	Renamed	-	com/badlogic/gdx/ai/btree/BehaviorTree.java	73	f60cc78fc37a294b	
member	com.badlogic.gdx.ai.btree.BehaviorTree#removeListener(Listener)	sge.ai.btree.BehaviorTree#removeListener(Listener<E>)	Renamed	-	com/badlogic/gdx/ai/btree/BehaviorTree.java	153	52b283dec8e550e8	
member	com.badlogic.gdx.ai.btree.BehaviorTree#removeListeners()	sge.ai.btree.BehaviorTree#removeListeners()	Renamed	-	com/badlogic/gdx/ai/btree/BehaviorTree.java	157	e921617da1dd3af0	
member	com.badlogic.gdx.ai.btree.BehaviorTree#reset()	sge.ai.btree.BehaviorTree#reset()	Renamed	-	com/badlogic/gdx/ai/btree/BehaviorTree.java	174	45fa54ff76e58b90	
member	com.badlogic.gdx.ai.btree.BehaviorTree#resetTask()	sge.ai.btree.BehaviorTree#resetTask()	Renamed	-	com/badlogic/gdx/ai/btree/BehaviorTree.java	135	00956848646148f9	
member	com.badlogic.gdx.ai.btree.BehaviorTree#rootTask	sge.ai.btree.BehaviorTree#rootTask	Renamed	-	com/badlogic/gdx/ai/btree/BehaviorTree.java	29	fa5b5bdf6e8db491	
member	com.badlogic.gdx.ai.btree.BehaviorTree#run()	sge.ai.btree.BehaviorTree#run()	Renamed	-	com/badlogic/gdx/ai/btree/BehaviorTree.java	131	8959b7027abd4cf8	
member	com.badlogic.gdx.ai.btree.BehaviorTree#step()	sge.ai.btree.BehaviorTree#step()	Renamed	-	com/badlogic/gdx/ai/btree/BehaviorTree.java	117	ae67680fc779bc2f	
member	com.badlogic.gdx.ai.btree.BehaviorTree$GuardEvaluator#<init>()	sge.ai.btree.BehaviorTree$GuardEvaluator#<init>()	Renamed	-	com/badlogic/gdx/ai/btree/BehaviorTree.java	186	0eda884c68417ef3	
member	com.badlogic.gdx.ai.btree.BehaviorTree$GuardEvaluator#<init>(BehaviorTree)	sge.ai.btree.BehaviorTree$GuardEvaluator#<init>(BehaviorTree<E>)	Renamed	-	com/badlogic/gdx/ai/btree/BehaviorTree.java	189	2e5b97bedf970d44	
member	com.badlogic.gdx.ai.btree.BehaviorTree$GuardEvaluator#addChildToTask(Task)	sge.ai.btree.BehaviorTree$GuardEvaluator#addChildToTask(Task<E>)	Renamed	-	com/badlogic/gdx/ai/btree/BehaviorTree.java	194	6e9637d560cd4439	
member	com.badlogic.gdx.ai.btree.BehaviorTree$GuardEvaluator#getChildCount()	sge.ai.btree.BehaviorTree$GuardEvaluator#childCount()	Renamed	-	com/badlogic/gdx/ai/btree/BehaviorTree.java	199	7b3b1f114398d5fc	
member	com.badlogic.gdx.ai.btree.BehaviorTree$GuardEvaluator#childFail(Task)	sge.ai.btree.BehaviorTree$GuardEvaluator#childFail(Task<E>)	Renamed	-	com/badlogic/gdx/ai/btree/BehaviorTree.java	217	0c61d06751a2f56f	
member	com.badlogic.gdx.ai.btree.BehaviorTree$GuardEvaluator#childRunning(Task,Task)	sge.ai.btree.BehaviorTree$GuardEvaluator#childRunning(Task<E>,Task<E>)	Renamed	-	com/badlogic/gdx/ai/btree/BehaviorTree.java	221	6a58841fed3bd758	
member	com.badlogic.gdx.ai.btree.BehaviorTree$GuardEvaluator#childSuccess(Task)	sge.ai.btree.BehaviorTree$GuardEvaluator#childSuccess(Task<E>)	Renamed	-	com/badlogic/gdx/ai/btree/BehaviorTree.java	213	58a6af4fc03d098a	
member	com.badlogic.gdx.ai.btree.BehaviorTree$GuardEvaluator#copyTo(Task)	sge.ai.btree.BehaviorTree$GuardEvaluator#copyTo(Task<E>)	Renamed	-	com/badlogic/gdx/ai/btree/BehaviorTree.java	225	aa8e8928168beedc	
member	com.badlogic.gdx.ai.btree.BehaviorTree$GuardEvaluator#getChild(int)	sge.ai.btree.BehaviorTree$GuardEvaluator#getChild(int)	Renamed	-	com/badlogic/gdx/ai/btree/BehaviorTree.java	204	d33c0c610f0f408c	
member	com.badlogic.gdx.ai.btree.BehaviorTree$GuardEvaluator#run()	sge.ai.btree.BehaviorTree$GuardEvaluator#run()	Renamed	-	com/badlogic/gdx/ai/btree/BehaviorTree.java	209	064bbd3c0decde76	
member	com.badlogic.gdx.ai.btree.BehaviorTree$Listener#childAdded(Task,int)	sge.ai.btree.BehaviorTree$Listener#childAdded(Task<E>,int)	Renamed	-	com/badlogic/gdx/ai/btree/BehaviorTree.java	248	c54fadff8e96d096	
member	com.badlogic.gdx.ai.btree.BehaviorTree$Listener#statusUpdated(Task,Status)	sge.ai.btree.BehaviorTree$Listener#statusUpdated(Task<E>,Status)	Renamed	-	com/badlogic/gdx/ai/btree/BehaviorTree.java	243	04c2105cb91f9b7d	
member	com.badlogic.gdx.ai.btree.BranchTask#<init>(Array)	sge.ai.btree.BranchTask#<init>(Array<Task<E>>)	Renamed	-	com/badlogic/gdx/ai/btree/BranchTask.java	42	ec71fc75985e192a	
member	com.badlogic.gdx.ai.btree.BranchTask#<stmt1>	sge.ai.btree.BranchTask#<stmt1>	Renamed	-	com/badlogic/gdx/ai/btree/BranchTask.java	43	1dda8acea389448a	
member	com.badlogic.gdx.ai.btree.BranchTask#addChildToTask(Task)	sge.ai.btree.BranchTask#addChildToTask(Task<E>)	Renamed	-	com/badlogic/gdx/ai/btree/BranchTask.java	47	7a4abcfb6b9c5424	
member	com.badlogic.gdx.ai.btree.BranchTask#getChildCount()	sge.ai.btree.BranchTask#childCount()	Renamed	-	com/badlogic/gdx/ai/btree/BranchTask.java	53	829b4ebb464e1d3f	
member	com.badlogic.gdx.ai.btree.BranchTask#children	sge.ai.btree.BranchTask#children	Renamed	-	com/badlogic/gdx/ai/btree/BranchTask.java	32	8558cd864a1e23d8	
member	com.badlogic.gdx.ai.btree.BranchTask#copyTo(Task)	sge.ai.btree.BranchTask#copyTo(Task<E>)	Renamed	-	com/badlogic/gdx/ai/btree/BranchTask.java	63	5d436bd9802b9721	
member	com.badlogic.gdx.ai.btree.BranchTask#getChild(int)	sge.ai.btree.BranchTask#getChild(int)	Renamed	-	com/badlogic/gdx/ai/btree/BranchTask.java	58	ad300d4a601640f9	
member	com.badlogic.gdx.ai.btree.BranchTask#reset()	sge.ai.btree.BranchTask#reset()	Renamed	-	com/badlogic/gdx/ai/btree/BranchTask.java	75	a78dffcc570291fc	
member	com.badlogic.gdx.ai.btree.Decorator#<init>()	sge.ai.btree.Decorator#<init>()	Renamed	-	com/badlogic/gdx/ai/btree/Decorator.java	35	5313d97d7d38a6b4	
member	com.badlogic.gdx.ai.btree.Decorator#<init>(Task)	sge.ai.btree.Decorator#<init>(Task<E>)	Renamed	-	com/badlogic/gdx/ai/btree/Decorator.java	41	423b37ae3a5a2e2e	
member	com.badlogic.gdx.ai.btree.Decorator#addChildToTask(Task)	sge.ai.btree.Decorator#addChildToTask(Task<E>)	Renamed	-	com/badlogic/gdx/ai/btree/Decorator.java	46	6d5b5370b2d0e8d8	
member	com.badlogic.gdx.ai.btree.Decorator#child	sge.ai.btree.Decorator#child	Renamed	-	com/badlogic/gdx/ai/btree/Decorator.java	32	47bcf8aac30d28b6	
member	com.badlogic.gdx.ai.btree.Decorator#getChildCount()	sge.ai.btree.Decorator#childCount()	Renamed	-	com/badlogic/gdx/ai/btree/Decorator.java	53	46db906d0a775eda	
member	com.badlogic.gdx.ai.btree.Decorator#childFail(Task)	sge.ai.btree.Decorator#childFail(Task<E>)	Renamed	-	com/badlogic/gdx/ai/btree/Decorator.java	83	8d48e5ff51f49c4a	
member	com.badlogic.gdx.ai.btree.Decorator#childRunning(Task,Task)	sge.ai.btree.Decorator#childRunning(Task<E>,Task<E>)	Renamed	-	com/badlogic/gdx/ai/btree/Decorator.java	78	b68390f9e8801c7b	
member	com.badlogic.gdx.ai.btree.Decorator#childSuccess(Task)	sge.ai.btree.Decorator#childSuccess(Task<E>)	Renamed	-	com/badlogic/gdx/ai/btree/Decorator.java	88	dd273574f88e7b53	
member	com.badlogic.gdx.ai.btree.Decorator#copyTo(Task)	sge.ai.btree.Decorator#copyTo(Task<E>)	Renamed	-	com/badlogic/gdx/ai/btree/Decorator.java	93	32436f942b21b7d5	
member	com.badlogic.gdx.ai.btree.Decorator#getChild(int)	sge.ai.btree.Decorator#getChild(int)	Renamed	-	com/badlogic/gdx/ai/btree/Decorator.java	58	109d29c4d771b2c6	
member	com.badlogic.gdx.ai.btree.Decorator#reset()	sge.ai.btree.Decorator#reset()	Renamed	-	com/badlogic/gdx/ai/btree/Decorator.java	103	83e9eeaf26e120c8	
member	com.badlogic.gdx.ai.btree.Decorator#run()	sge.ai.btree.Decorator#run()	Renamed	-	com/badlogic/gdx/ai/btree/Decorator.java	64	132be0bc9779dc15	
member	com.badlogic.gdx.ai.btree.LeafTask#addChildToTask(Task)	sge.ai.btree.LeafTask#addChildToTask(Task<E>)	Renamed	-	com/badlogic/gdx/ai/btree/LeafTask.java	61	10dd8fea1674805c	
member	com.badlogic.gdx.ai.btree.LeafTask#getChildCount()	sge.ai.btree.LeafTask#childCount()	Renamed	-	com/badlogic/gdx/ai/btree/LeafTask.java	66	74b9b7d69d213cda	
member	com.badlogic.gdx.ai.btree.LeafTask#childFail(Task)	sge.ai.btree.LeafTask#childFail(Task<E>)	Renamed	-	com/badlogic/gdx/ai/btree/LeafTask.java	80	58b94cc4bd3fb98c	
member	com.badlogic.gdx.ai.btree.LeafTask#childRunning(Task,Task)	sge.ai.btree.LeafTask#childRunning(Task<E>,Task<E>)	Renamed	-	com/badlogic/gdx/ai/btree/LeafTask.java	76	98bb564c1c6d83b2	
member	com.badlogic.gdx.ai.btree.LeafTask#childSuccess(Task)	sge.ai.btree.LeafTask#childSuccess(Task<E>)	Renamed	-	com/badlogic/gdx/ai/btree/LeafTask.java	84	a955f93d12c7d4aa	
member	com.badlogic.gdx.ai.btree.LeafTask#execute()	sge.ai.btree.LeafTask#execute()	Renamed	-	com/badlogic/gdx/ai/btree/LeafTask.java	37	81229fa5014f5d81	
member	com.badlogic.gdx.ai.btree.LeafTask#getChild(int)	sge.ai.btree.LeafTask#getChild(int)	Renamed	-	com/badlogic/gdx/ai/btree/LeafTask.java	71	97120facde3f3dd5	
member	com.badlogic.gdx.ai.btree.LeafTask#run()	sge.ai.btree.LeafTask#run()	Renamed	-	com/badlogic/gdx/ai/btree/LeafTask.java	41	79c93e53cdb67c32	
member	com.badlogic.gdx.ai.btree.LoopDecorator#<init>(Task)	sge.ai.btree.LoopDecorator#<init>(Task<E>)	Renamed	-	com/badlogic/gdx/ai/btree/LoopDecorator.java	36	9ddd402cd53b3e48	
member	com.badlogic.gdx.ai.btree.LoopDecorator#childRunning(Task,Task)	sge.ai.btree.LoopDecorator#childRunning(Task<E>,Task<E>)	Renamed	-	com/badlogic/gdx/ai/btree/LoopDecorator.java	64	89214d6b2f74df64	
member	com.badlogic.gdx.ai.btree.LoopDecorator#condition()	sge.ai.btree.LoopDecorator#condition()	Renamed	-	com/badlogic/gdx/ai/btree/LoopDecorator.java	42	727f843c564c50fe	
member	com.badlogic.gdx.ai.btree.LoopDecorator#loop	sge.ai.btree.LoopDecorator#loop	Renamed	-	com/badlogic/gdx/ai/btree/LoopDecorator.java	27	21bd29570bc89488	
member	com.badlogic.gdx.ai.btree.LoopDecorator#reset()	sge.ai.btree.LoopDecorator#reset()	Renamed	-	com/badlogic/gdx/ai/btree/LoopDecorator.java	70	5b68fb632d636af0	
member	com.badlogic.gdx.ai.btree.LoopDecorator#run()	sge.ai.btree.LoopDecorator#run()	Renamed	-	com/badlogic/gdx/ai/btree/LoopDecorator.java	47	5bf8bdc928719c5c	
member	com.badlogic.gdx.ai.btree.SingleRunningChildBranch#<init>(Array)	sge.ai.btree.SingleRunningChildBranch#<init>(Array<Task<E>>)	Renamed	-	com/badlogic/gdx/ai/btree/SingleRunningChildBranch.java	47	19283cbccd0ab2dc	
member	com.badlogic.gdx.ai.btree.SingleRunningChildBranch#cancelRunningChildren(int)	sge.ai.btree.SingleRunningChildBranch#cancelRunningChildren(int)	Renamed	-	com/badlogic/gdx/ai/btree/SingleRunningChildBranch.java	105	a951a064770e7f5b	
member	com.badlogic.gdx.ai.btree.SingleRunningChildBranch#childFail(Task)	sge.ai.btree.SingleRunningChildBranch#childFail(Task<E>)	Renamed	-	com/badlogic/gdx/ai/btree/SingleRunningChildBranch.java	63	2d20db7aa023aa58	
member	com.badlogic.gdx.ai.btree.SingleRunningChildBranch#childRunning(Task,Task)	sge.ai.btree.SingleRunningChildBranch#childRunning(Task<E>,Task<E>)	Renamed	-	com/badlogic/gdx/ai/btree/SingleRunningChildBranch.java	52	548ce49a2f6271fb	
member	com.badlogic.gdx.ai.btree.SingleRunningChildBranch#childSuccess(Task)	sge.ai.btree.SingleRunningChildBranch#childSuccess(Task<E>)	Renamed	-	com/badlogic/gdx/ai/btree/SingleRunningChildBranch.java	58	db8b6d294a5b1938	
member	com.badlogic.gdx.ai.btree.SingleRunningChildBranch#copyTo(Task)	sge.ai.btree.SingleRunningChildBranch#copyTo(Task<E>)	Renamed	-	com/badlogic/gdx/ai/btree/SingleRunningChildBranch.java	119	bc29d620ea8580f1	
member	com.badlogic.gdx.ai.btree.SingleRunningChildBranch#createRandomChildren()	sge.ai.btree.SingleRunningChildBranch#createRandomChildren()	Renamed	-	com/badlogic/gdx/ai/btree/SingleRunningChildBranch.java	127	f405928db3900cc8	
member	com.badlogic.gdx.ai.btree.SingleRunningChildBranch#currentChildIndex	sge.ai.btree.SingleRunningChildBranch#currentChildIndex	Renamed	-	com/badlogic/gdx/ai/btree/SingleRunningChildBranch.java	34	af59f96eea898678	
member	com.badlogic.gdx.ai.btree.SingleRunningChildBranch#randomChildren	sge.ai.btree.SingleRunningChildBranch#randomChildren	Renamed	-	com/badlogic/gdx/ai/btree/SingleRunningChildBranch.java	37	df6d79f15038eabd	
member	com.badlogic.gdx.ai.btree.SingleRunningChildBranch#reset()	sge.ai.btree.SingleRunningChildBranch#reset()	Renamed	-	com/badlogic/gdx/ai/btree/SingleRunningChildBranch.java	134	b94826f367b240f4	
member	com.badlogic.gdx.ai.btree.SingleRunningChildBranch#resetTask()	sge.ai.btree.SingleRunningChildBranch#resetTask()	Renamed	-	com/badlogic/gdx/ai/btree/SingleRunningChildBranch.java	111	641b3cd2e450c315	
member	com.badlogic.gdx.ai.btree.SingleRunningChildBranch#run()	sge.ai.btree.SingleRunningChildBranch#run()	Renamed	-	com/badlogic/gdx/ai/btree/SingleRunningChildBranch.java	68	fa1f262eec7ae442	
member	com.badlogic.gdx.ai.btree.SingleRunningChildBranch#runningChild	sge.ai.btree.SingleRunningChildBranch#runningChild	Renamed	-	com/badlogic/gdx/ai/btree/SingleRunningChildBranch.java	31	3cb86e5f457c5e75	
member	com.badlogic.gdx.ai.btree.SingleRunningChildBranch#start()	sge.ai.btree.SingleRunningChildBranch#start()	Renamed	-	com/badlogic/gdx/ai/btree/SingleRunningChildBranch.java	99	1a790c69918186c2	
member	com.badlogic.gdx.ai.btree.Task#TASK_CLONER	sge.ai.btree.Task#TASK_CLONER	Renamed	-	com/badlogic/gdx/ai/btree/Task.java	72	af63aa87244759b7	placement=companion
member	com.badlogic.gdx.ai.btree.Task#addChild(Task)	sge.ai.btree.Task#addChild(Task<E>)	Renamed	-	com/badlogic/gdx/ai/btree/Task.java	91	9ba8a3ac652e2801	
member	com.badlogic.gdx.ai.btree.Task#addChildToTask(Task)	sge.ai.btree.Task#addChildToTask(Task<E>)	Renamed	-	com/badlogic/gdx/ai/btree/Task.java	102	291d34a918bdf422	
member	com.badlogic.gdx.ai.btree.Task#cancel()	sge.ai.btree.Task#cancel()	Renamed	-	com/badlogic/gdx/ai/btree/Task.java	225	8a839ce42a6edeaa	
member	com.badlogic.gdx.ai.btree.Task#cancelRunningChildren(int)	sge.ai.btree.Task#cancelRunningChildren(int)	Renamed	-	com/badlogic/gdx/ai/btree/Task.java	235	789e6707c612f017	
member	com.badlogic.gdx.ai.btree.Task#checkGuard(Task)	sge.ai.btree.Task#checkGuard(Task<E>)	Renamed	-	com/badlogic/gdx/ai/btree/Task.java	148	b7483b990430724c	
member	com.badlogic.gdx.ai.btree.Task#getChildCount()	sge.ai.btree.Task#childCount()	Renamed	-	com/badlogic/gdx/ai/btree/Task.java	107	cd8c7ee7c809f47b	
member	com.badlogic.gdx.ai.btree.Task#childFail(Task)	sge.ai.btree.Task#childFail(Task<E>)	Renamed	-	com/badlogic/gdx/ai/btree/Task.java	216	e4cd1e977c8ae05c	
member	com.badlogic.gdx.ai.btree.Task#childRunning(Task,Task)	sge.ai.btree.Task#childRunning(Task<E>,Task<E>)	Renamed	-	com/badlogic/gdx/ai/btree/Task.java	222	c3cf24bfda848a11	
member	com.badlogic.gdx.ai.btree.Task#childSuccess(Task)	sge.ai.btree.Task#childSuccess(Task<E>)	Renamed	-	com/badlogic/gdx/ai/btree/Task.java	211	f9330f52205cee5b	
member	com.badlogic.gdx.ai.btree.Task#cloneTask()	sge.ai.btree.Task#cloneTask()	Renamed	body	com/badlogic/gdx/ai/btree/Task.java	258	8513bc3f9f08e835	
member	com.badlogic.gdx.ai.btree.Task#control	sge.ai.btree.Task#control	Renamed	-	com/badlogic/gdx/ai/btree/Task.java	78	08e072f65d8bedf7	
member	com.badlogic.gdx.ai.btree.Task#copyTo(Task)	sge.ai.btree.Task#copyTo(Task<E>)	Renamed	-	com/badlogic/gdx/ai/btree/Task.java	280	ad4aab6de825f330	
member	com.badlogic.gdx.ai.btree.Task#end()	sge.ai.btree.Task#end()	Renamed	-	com/badlogic/gdx/ai/btree/Task.java	175	7396dc2bc1d7344d	
member	com.badlogic.gdx.ai.btree.Task#fail()	sge.ai.btree.Task#fail()	Renamed	-	com/badlogic/gdx/ai/btree/Task.java	200	f04b884d9138f815	
member	com.badlogic.gdx.ai.btree.Task#getChild(int)	sge.ai.btree.Task#getChild(int)	Renamed	-	com/badlogic/gdx/ai/btree/Task.java	110	9ac22e04e549f8f8	
member	com.badlogic.gdx.ai.btree.Task#getGuard	sge.ai.btree.Task#guard	Renamed	-	com/badlogic/gdx/ai/btree/Task.java	84	3943a78d7dfc444d	name=guard$field
member	com.badlogic.gdx.ai.btree.Task#getGuard()	sge.ai.btree.Task#guard()	Renamed	-	com/badlogic/gdx/ai/btree/Task.java	120	03a6f3d12c8e71e1	
member	com.badlogic.gdx.ai.btree.Task#setGuard(Task)	sge.ai.btree.Task#guard_=(Task<E>)	Renamed	-	com/badlogic/gdx/ai/btree/Task.java	126	897c4b78de3daf24	
member	com.badlogic.gdx.ai.btree.Task#getObject()	sge.ai.btree.Task#object()	Renamed	-	com/badlogic/gdx/ai/btree/Task.java	114	99d3ea21df4d99c4	
member	com.badlogic.gdx.ai.btree.Task#reset()	sge.ai.btree.Task#reset()	Renamed	-	com/badlogic/gdx/ai/btree/Task.java	283	c185c6f5af79c5df	
member	com.badlogic.gdx.ai.btree.Task#resetTask()	sge.ai.btree.Task#resetTask()	Renamed	-	com/badlogic/gdx/ai/btree/Task.java	243	6054cc420faad445	
member	com.badlogic.gdx.ai.btree.Task#run()	sge.ai.btree.Task#run()	Renamed	-	com/badlogic/gdx/ai/btree/Task.java	180	50d59fdc255a5f59	
member	com.badlogic.gdx.ai.btree.Task#running()	sge.ai.btree.Task#running()	Renamed	-	com/badlogic/gdx/ai/btree/Task.java	183	8efe4c6c96e2a84c	
member	com.badlogic.gdx.ai.btree.Task#setControl(Task)	sge.ai.btree.Task#setControl(Task<E>)	Renamed	-	com/badlogic/gdx/ai/btree/Task.java	138	970dbebe4ef63db3	
member	com.badlogic.gdx.ai.btree.Task#start()	sge.ai.btree.Task#start()	Renamed	-	com/badlogic/gdx/ai/btree/Task.java	170	2b35a93c2f7fbdeb	
member	com.badlogic.gdx.ai.btree.Task#getStatus	sge.ai.btree.Task#status	Renamed	-	com/badlogic/gdx/ai/btree/Task.java	75	948a997271f3f649	name=status$field
member	com.badlogic.gdx.ai.btree.Task#getStatus()	sge.ai.btree.Task#status()	Renamed	-	com/badlogic/gdx/ai/btree/Task.java	131	24bc431efcf71a68	
member	com.badlogic.gdx.ai.btree.Task#success()	sge.ai.btree.Task#success()	Renamed	-	com/badlogic/gdx/ai/btree/Task.java	191	1825e597e438e855	
member	com.badlogic.gdx.ai.btree.Task#tree	sge.ai.btree.Task#tree	Renamed	-	com/badlogic/gdx/ai/btree/Task.java	81	faf871592e8c7f9d	
member	com.badlogic.gdx.ai.btree.TaskCloneException#<init>()	sge.ai.btree.TaskCloneException#<init>()	Renamed	-	com/badlogic/gdx/ai/btree/TaskCloneException.java	27	bd57639c41f7518c	
member	com.badlogic.gdx.ai.btree.TaskCloneException#<init>(String)	sge.ai.btree.TaskCloneException#<init>(String)	Renamed	-	com/badlogic/gdx/ai/btree/TaskCloneException.java	34	504d991d1f21748a	
member	com.badlogic.gdx.ai.btree.TaskCloneException#<init>(Throwable)	sge.ai.btree.TaskCloneException#<init>(Throwable)	Renamed	-	com/badlogic/gdx/ai/btree/TaskCloneException.java	42	2cf1f95efb917c6f	
member	com.badlogic.gdx.ai.btree.TaskCloner#cloneTask(Task)	sge.ai.btree.TaskCloner#cloneTask(Task<T>)	Renamed	-	com/badlogic/gdx/ai/btree/TaskCloner.java	27	a6df7da3dc4caeff	
member	com.badlogic.gdx.ai.btree.TaskCloner#freeTask(Task)	sge.ai.btree.TaskCloner#freeTask(Task<T>)	Renamed	-	com/badlogic/gdx/ai/btree/TaskCloner.java	33	96950a869653edc0	
member	com.badlogic.gdx.ai.btree.branch.DynamicGuardSelector#<init>(Array)	sge.ai.btree.branch.DynamicGuardSelector#<init>(Array<Task<E>>)	Renamed	-	com/badlogic/gdx/ai/btree/branch/DynamicGuardSelector.java	45	cc015b052589a80e	
member	com.badlogic.gdx.ai.btree.branch.DynamicGuardSelector#<init>(Array)	sge.ai.btree.branch.DynamicGuardSelector#<init>(Array<Task<E>>)	Renamed	-	com/badlogic/gdx/ai/btree/branch/DynamicGuardSelector.java	52	c0dfe954152010a7	
member	com.badlogic.gdx.ai.btree.branch.DynamicGuardSelector#childFail(Task)	sge.ai.btree.branch.DynamicGuardSelector#childFail(Task<E>)	Renamed	-	com/badlogic/gdx/ai/btree/branch/DynamicGuardSelector.java	69	55636e74b69d4744	
member	com.badlogic.gdx.ai.btree.branch.DynamicGuardSelector#childRunning(Task,Task)	sge.ai.btree.branch.DynamicGuardSelector#childRunning(Task<E>,Task<E>)	Renamed	-	com/badlogic/gdx/ai/btree/branch/DynamicGuardSelector.java	57	548ce49a2f6271fb	
member	com.badlogic.gdx.ai.btree.branch.DynamicGuardSelector#childSuccess(Task)	sge.ai.btree.branch.DynamicGuardSelector#childSuccess(Task<E>)	Renamed	-	com/badlogic/gdx/ai/btree/branch/DynamicGuardSelector.java	63	1a2876d5542ab698	
member	com.badlogic.gdx.ai.btree.branch.DynamicGuardSelector#copyTo(Task)	sge.ai.btree.branch.DynamicGuardSelector#copyTo(Task<E>)	Renamed	-	com/badlogic/gdx/ai/btree/branch/DynamicGuardSelector.java	109	481f4f346f3fed3d	
member	com.badlogic.gdx.ai.btree.branch.DynamicGuardSelector#reset()	sge.ai.btree.branch.DynamicGuardSelector#reset()	Renamed	-	com/badlogic/gdx/ai/btree/branch/DynamicGuardSelector.java	117	555d2ca0cb64ae8f	
member	com.badlogic.gdx.ai.btree.branch.DynamicGuardSelector#resetTask()	sge.ai.btree.branch.DynamicGuardSelector#resetTask()	Renamed	-	com/badlogic/gdx/ai/btree/branch/DynamicGuardSelector.java	103	138c60355939ef9d	
member	com.badlogic.gdx.ai.btree.branch.DynamicGuardSelector#run()	sge.ai.btree.branch.DynamicGuardSelector#run()	Renamed	-	com/badlogic/gdx/ai/btree/branch/DynamicGuardSelector.java	75	e84ff2d324e4b897	
member	com.badlogic.gdx.ai.btree.branch.DynamicGuardSelector#runningChild	sge.ai.btree.branch.DynamicGuardSelector#runningChild	Renamed	-	com/badlogic/gdx/ai/btree/branch/DynamicGuardSelector.java	35	96b3650358cead9b	
member	com.badlogic.gdx.ai.btree.branch.Parallel#<init>()	sge.ai.btree.branch.Parallel#<init>()	Renamed	-	com/badlogic/gdx/ai/btree/branch/Parallel.java	60	7bc04997331c479e	
member	com.badlogic.gdx.ai.btree.branch.Parallel#<init>(Array)	sge.ai.btree.branch.Parallel#<init>(Array<Task<E>>)	Renamed	-	com/badlogic/gdx/ai/btree/branch/Parallel.java	72	4310e08283bd5d66	
member	com.badlogic.gdx.ai.btree.branch.Parallel#<init>(Array)	sge.ai.btree.branch.Parallel#<init>(Array<Task<E>>)	Renamed	-	com/badlogic/gdx/ai/btree/branch/Parallel.java	66	96026388e971428a	
member	com.badlogic.gdx.ai.btree.branch.Parallel#<init>(Orchestrator,Array)	sge.ai.btree.branch.Parallel#<init>(Orchestrator,Array<Task<E>>)	Renamed	-	com/badlogic/gdx/ai/btree/branch/Parallel.java	99	0014f3bf23f76673	
member	com.badlogic.gdx.ai.btree.branch.Parallel#<init>(Orchestrator,Array)	sge.ai.btree.branch.Parallel#<init>(Orchestrator,Array<Task<E>>)	Renamed	-	com/badlogic/gdx/ai/btree/branch/Parallel.java	106	be55da4b7e99dd9b	
member	com.badlogic.gdx.ai.btree.branch.Parallel#<init>(Policy)	sge.ai.btree.branch.Parallel#<init>(Policy)	Renamed	-	com/badlogic/gdx/ai/btree/branch/Parallel.java	78	7b234bd291e81696	
member	com.badlogic.gdx.ai.btree.branch.Parallel#<init>(Policy,Array)	sge.ai.btree.branch.Parallel#<init>(Policy,Array<Task<E>>)	Renamed	-	com/badlogic/gdx/ai/btree/branch/Parallel.java	92	eda519c03debc2b6	
member	com.badlogic.gdx.ai.btree.branch.Parallel#<init>(Policy,Array)	sge.ai.btree.branch.Parallel#<init>(Policy,Array<Task<E>>)	Renamed	-	com/badlogic/gdx/ai/btree/branch/Parallel.java	85	352e30f6fb60ad78	
member	com.badlogic.gdx.ai.btree.branch.Parallel#<stmt1>	sge.ai.btree.branch.Parallel#<stmt1>	Renamed	-	com/badlogic/gdx/ai/btree/branch/Parallel.java	116	e98a5eb9dea89b31	
member	com.badlogic.gdx.ai.btree.branch.Parallel#<stmt2>	sge.ai.btree.branch.Parallel#<stmt2>	Renamed	-	com/badlogic/gdx/ai/btree/branch/Parallel.java	117	c307d1b73bbbb485	
member	com.badlogic.gdx.ai.btree.branch.Parallel#<stmt3>	sge.ai.btree.branch.Parallel#<stmt3>	Renamed	-	com/badlogic/gdx/ai/btree/branch/Parallel.java	118	ad012fa68fff826d	
member	com.badlogic.gdx.ai.btree.branch.Parallel#childFail(Task)	sge.ai.btree.branch.Parallel#childFail(Task<E>)	Renamed	-	com/badlogic/gdx/ai/btree/branch/Parallel.java	137	44e41cf866184112	
member	com.badlogic.gdx.ai.btree.branch.Parallel#childRunning(Task,Task)	sge.ai.btree.branch.Parallel#childRunning(Task<E>,Task<E>)	Renamed	-	com/badlogic/gdx/ai/btree/branch/Parallel.java	127	3e55c3678aceba03	
member	com.badlogic.gdx.ai.btree.branch.Parallel#childSuccess(Task)	sge.ai.btree.branch.Parallel#childSuccess(Task<E>)	Renamed	-	com/badlogic/gdx/ai/btree/branch/Parallel.java	132	1f4e033fe6d6d687	
member	com.badlogic.gdx.ai.btree.branch.Parallel#copyTo(Task)	sge.ai.btree.branch.Parallel#copyTo(Task<E>)	Renamed	-	com/badlogic/gdx/ai/btree/branch/Parallel.java	148	d50cc37b7a2b820a	
member	com.badlogic.gdx.ai.btree.branch.Parallel#currentChildIndex	sge.ai.btree.branch.Parallel#currentChildIndex	Renamed	-	com/badlogic/gdx/ai/btree/branch/Parallel.java	57	bc0bbee289305b98	vis=private
member	com.badlogic.gdx.ai.btree.branch.Parallel#lastResult	sge.ai.btree.branch.Parallel#lastResult	Renamed	-	com/badlogic/gdx/ai/btree/branch/Parallel.java	56	03255e373efbe45e	vis=private
member	com.badlogic.gdx.ai.btree.branch.Parallel#noRunningTasks	sge.ai.btree.branch.Parallel#noRunningTasks	Renamed	-	com/badlogic/gdx/ai/btree/branch/Parallel.java	55	e92772a645e9a808	
member	com.badlogic.gdx.ai.btree.branch.Parallel#orchestrator	sge.ai.btree.branch.Parallel#orchestrator	Renamed	-	com/badlogic/gdx/ai/btree/branch/Parallel.java	53	239cd8ab8cdaa239	
member	com.badlogic.gdx.ai.btree.branch.Parallel#policy	sge.ai.btree.branch.Parallel#policy	Renamed	-	com/badlogic/gdx/ai/btree/branch/Parallel.java	51	d0828d82790b9c78	
member	com.badlogic.gdx.ai.btree.branch.Parallel#reset()	sge.ai.btree.branch.Parallel#reset()	Renamed	-	com/badlogic/gdx/ai/btree/branch/Parallel.java	243	19d174ffe18fe15b	
member	com.badlogic.gdx.ai.btree.branch.Parallel#resetAllChildren()	sge.ai.btree.branch.Parallel#resetAllChildren()	Renamed	-	com/badlogic/gdx/ai/btree/branch/Parallel.java	155	e2856b5fd3147f03	
member	com.badlogic.gdx.ai.btree.branch.Parallel#resetTask()	sge.ai.btree.branch.Parallel#resetTask()	Renamed	-	com/badlogic/gdx/ai/btree/branch/Parallel.java	142	7c510821184744f7	
member	com.badlogic.gdx.ai.btree.branch.Parallel#run()	sge.ai.btree.branch.Parallel#run()	Renamed	-	com/badlogic/gdx/ai/btree/branch/Parallel.java	122	040b43014bb35d79	
member	com.badlogic.gdx.ai.btree.branch.Parallel$Orchestrator#execute(Parallel)	sge.ai.btree.branch.Parallel$Orchestrator#execute(Parallel<?>)	Renamed	-	com/badlogic/gdx/ai/btree/branch/Parallel.java	239	b30f31f712e60436	
member	com.badlogic.gdx.ai.btree.branch.Parallel$Policy#onChildFail(Parallel)	sge.ai.btree.branch.Parallel$Policy#onChildFail(Parallel<?>)	Renamed	-	com/badlogic/gdx/ai/btree/branch/Parallel.java	297	dceb02472beb998f	
member	com.badlogic.gdx.ai.btree.branch.Parallel$Policy#onChildSuccess(Parallel)	sge.ai.btree.branch.Parallel$Policy#onChildSuccess(Parallel<?>)	Renamed	-	com/badlogic/gdx/ai/btree/branch/Parallel.java	291	15e6e55233957b30	
member	com.badlogic.gdx.ai.btree.branch.RandomSelector#<init>(Array)	sge.ai.btree.branch.RandomSelector#<init>(Array<Task<E>>)	Renamed	-	com/badlogic/gdx/ai/btree/branch/RandomSelector.java	37	e5564d2638c9ae88	
member	com.badlogic.gdx.ai.btree.branch.RandomSelector#<init>(Array)	sge.ai.btree.branch.RandomSelector#<init>(Array<Task<E>>)	Renamed	-	com/badlogic/gdx/ai/btree/branch/RandomSelector.java	44	8c84b5949f10cb0b	
member	com.badlogic.gdx.ai.btree.branch.RandomSelector#start()	sge.ai.btree.branch.RandomSelector#start()	Renamed	-	com/badlogic/gdx/ai/btree/branch/RandomSelector.java	49	e6155b83e8118d8b	
member	com.badlogic.gdx.ai.btree.branch.RandomSequence#<init>(Array)	sge.ai.btree.branch.RandomSequence#<init>(Array<Task<E>>)	Renamed	-	com/badlogic/gdx/ai/btree/branch/RandomSequence.java	37	4b2c6f4b01a6a204	
member	com.badlogic.gdx.ai.btree.branch.RandomSequence#<init>(Array)	sge.ai.btree.branch.RandomSequence#<init>(Array<Task<E>>)	Renamed	-	com/badlogic/gdx/ai/btree/branch/RandomSequence.java	44	ea973b317a2ec437	
member	com.badlogic.gdx.ai.btree.branch.RandomSequence#start()	sge.ai.btree.branch.RandomSequence#start()	Renamed	-	com/badlogic/gdx/ai/btree/branch/RandomSequence.java	49	e6155b83e8118d8b	
member	com.badlogic.gdx.ai.btree.branch.Selector#<init>(Array)	sge.ai.btree.branch.Selector#<init>(Array<Task<E>>)	Renamed	-	com/badlogic/gdx/ai/btree/branch/Selector.java	39	5601e82ab041d959	
member	com.badlogic.gdx.ai.btree.branch.Selector#<init>(Array)	sge.ai.btree.branch.Selector#<init>(Array<Task<E>>)	Renamed	-	com/badlogic/gdx/ai/btree/branch/Selector.java	46	07019515c0269e65	
member	com.badlogic.gdx.ai.btree.branch.Selector#childFail(Task)	sge.ai.btree.branch.Selector#childFail(Task<E>)	Renamed	-	com/badlogic/gdx/ai/btree/branch/Selector.java	51	30dc354ade1d6674	
member	com.badlogic.gdx.ai.btree.branch.Selector#childSuccess(Task)	sge.ai.btree.branch.Selector#childSuccess(Task<E>)	Renamed	-	com/badlogic/gdx/ai/btree/branch/Selector.java	61	a1ba53318a45cb53	
member	com.badlogic.gdx.ai.btree.branch.Sequence#<init>(Array)	sge.ai.btree.branch.Sequence#<init>(Array<Task<E>>)	Renamed	-	com/badlogic/gdx/ai/btree/branch/Sequence.java	39	4d9a8813fa387460	
member	com.badlogic.gdx.ai.btree.branch.Sequence#<init>(Array)	sge.ai.btree.branch.Sequence#<init>(Array<Task<E>>)	Renamed	-	com/badlogic/gdx/ai/btree/branch/Sequence.java	46	8bfaece0c5afdfd1	
member	com.badlogic.gdx.ai.btree.branch.Sequence#childFail(Task)	sge.ai.btree.branch.Sequence#childFail(Task<E>)	Renamed	-	com/badlogic/gdx/ai/btree/branch/Sequence.java	61	c3643bed1e4c71a1	
member	com.badlogic.gdx.ai.btree.branch.Sequence#childSuccess(Task)	sge.ai.btree.branch.Sequence#childSuccess(Task<E>)	Renamed	-	com/badlogic/gdx/ai/btree/branch/Sequence.java	51	a83068b48e6fc333	
member	com.badlogic.gdx.ai.btree.decorator.AlwaysFail#<init>(Task)	sge.ai.btree.decorator.AlwaysFail#<init>(Task<E>)	Renamed	-	com/badlogic/gdx/ai/btree/decorator/AlwaysFail.java	36	449fcd3e9b094621	
member	com.badlogic.gdx.ai.btree.decorator.AlwaysFail#childSuccess(Task)	sge.ai.btree.decorator.AlwaysFail#childSuccess(Task<E>)	Renamed	-	com/badlogic/gdx/ai/btree/decorator/AlwaysFail.java	41	4c24d04d9636b5e8	
member	com.badlogic.gdx.ai.btree.decorator.AlwaysSucceed#<init>(Task)	sge.ai.btree.decorator.AlwaysSucceed#<init>(Task<E>)	Renamed	-	com/badlogic/gdx/ai/btree/decorator/AlwaysSucceed.java	36	7b7e67caea228c7e	
member	com.badlogic.gdx.ai.btree.decorator.AlwaysSucceed#childFail(Task)	sge.ai.btree.decorator.AlwaysSucceed#childFail(Task<E>)	Renamed	-	com/badlogic/gdx/ai/btree/decorator/AlwaysSucceed.java	41	f5533e890d4e7eea	
member	com.badlogic.gdx.ai.btree.decorator.Include#<init>()	sge.ai.btree.decorator.Include#<init>()	Renamed	-	com/badlogic/gdx/ai/btree/decorator/Include.java	44	e81ce36ccf2cf64b	
member	com.badlogic.gdx.ai.btree.decorator.Include#<init>(String)	sge.ai.btree.decorator.Include#<init>(String)	Renamed	-	com/badlogic/gdx/ai/btree/decorator/Include.java	49	1897e2ccedda2b2f	
member	com.badlogic.gdx.ai.btree.decorator.Include#<init>(String,boolean)	sge.ai.btree.decorator.Include#<init>(String,boolean)	Renamed	-	com/badlogic/gdx/ai/btree/decorator/Include.java	56	096b6664df59571d	
member	com.badlogic.gdx.ai.btree.decorator.Include#cloneTask()	sge.ai.btree.decorator.Include#cloneTask()	Renamed	-	com/badlogic/gdx/ai/btree/decorator/Include.java	79	576de6c5292c2f59	
member	com.badlogic.gdx.ai.btree.decorator.Include#copyTo(Task)	sge.ai.btree.decorator.Include#copyTo(Task<E>)	Renamed	-	com/badlogic/gdx/ai/btree/decorator/Include.java	91	fa9b8ebf16e61186	
member	com.badlogic.gdx.ai.btree.decorator.Include#createSubtreeRootTask()	sge.ai.btree.decorator.Include#createSubtreeRootTask()	Renamed	-	com/badlogic/gdx/ai/btree/decorator/Include.java	104	8eba3f0131e9fc3b	vis=private
member	com.badlogic.gdx.ai.btree.decorator.Include#lazy	sge.ai.btree.decorator.Include#lazy	Renamed	-	com/badlogic/gdx/ai/btree/decorator/Include.java	41	4726d360ae7323c2	
member	com.badlogic.gdx.ai.btree.decorator.Include#reset()	sge.ai.btree.decorator.Include#reset()	Renamed	-	com/badlogic/gdx/ai/btree/decorator/Include.java	113	443f62e2cb3a933c	
member	com.badlogic.gdx.ai.btree.decorator.Include#start()	sge.ai.btree.decorator.Include#start()	Renamed	-	com/badlogic/gdx/ai/btree/decorator/Include.java	67	e07cec3883de3e2e	
member	com.badlogic.gdx.ai.btree.decorator.Include#subtree	sge.ai.btree.decorator.Include#subtree	Renamed	-	com/badlogic/gdx/ai/btree/decorator/Include.java	37	edcafe2ded973f3f	
member	com.badlogic.gdx.ai.btree.decorator.Invert#<init>(Task)	sge.ai.btree.decorator.Invert#<init>(Task<E>)	Renamed	-	com/badlogic/gdx/ai/btree/decorator/Invert.java	36	de930f016870a4b0	
member	com.badlogic.gdx.ai.btree.decorator.Invert#childFail(Task)	sge.ai.btree.decorator.Invert#childFail(Task<E>)	Renamed	-	com/badlogic/gdx/ai/btree/decorator/Invert.java	46	fd9d577ba0b9304c	
member	com.badlogic.gdx.ai.btree.decorator.Invert#childSuccess(Task)	sge.ai.btree.decorator.Invert#childSuccess(Task<E>)	Renamed	-	com/badlogic/gdx/ai/btree/decorator/Invert.java	41	40aa73b3a74cba31	
member	com.badlogic.gdx.ai.btree.decorator.Random#<init>(FloatDistribution)	sge.ai.btree.decorator.Random#<init>(FloatDistribution)	Renamed	-	com/badlogic/gdx/ai/btree/decorator/Random.java	63	d554bf27eb7420a8	
member	com.badlogic.gdx.ai.btree.decorator.Random#<init>(FloatDistribution,Task)	sge.ai.btree.decorator.Random#<init>(FloatDistribution,Task<E>)	Renamed	-	com/badlogic/gdx/ai/btree/decorator/Random.java	72	15021dd48ad8e06b	
member	com.badlogic.gdx.ai.btree.decorator.Random#<init>(Task)	sge.ai.btree.decorator.Random#<init>(Task<E>)	Renamed	-	com/badlogic/gdx/ai/btree/decorator/Random.java	56	e80306a30e43df32	
member	com.badlogic.gdx.ai.btree.decorator.Random#childFail(Task)	sge.ai.btree.decorator.Random#childFail(Task<E>)	Renamed	-	com/badlogic/gdx/ai/btree/decorator/Random.java	94	7f7eaa8a6ec891aa	
member	com.badlogic.gdx.ai.btree.decorator.Random#childSuccess(Task)	sge.ai.btree.decorator.Random#childSuccess(Task<E>)	Renamed	-	com/badlogic/gdx/ai/btree/decorator/Random.java	99	a369ab8294f3e059	
member	com.badlogic.gdx.ai.btree.decorator.Random#copyTo(Task)	sge.ai.btree.decorator.Random#copyTo(Task<E>)	Renamed	-	com/badlogic/gdx/ai/btree/decorator/Random.java	111	e1fd89219210af91	
member	com.badlogic.gdx.ai.btree.decorator.Random#decide()	sge.ai.btree.decorator.Random#decide()	Renamed	-	com/badlogic/gdx/ai/btree/decorator/Random.java	103	6e84546dea3c32ca	vis=private
member	com.badlogic.gdx.ai.btree.decorator.Random#p	sge.ai.btree.decorator.Random#p	Renamed	-	com/badlogic/gdx/ai/btree/decorator/Random.java	46	096abd88835ddc5f	vis=private
member	com.badlogic.gdx.ai.btree.decorator.Random#reset()	sge.ai.btree.decorator.Random#reset()	Renamed	-	com/badlogic/gdx/ai/btree/decorator/Random.java	119	9d852b3168f4a13b	
member	com.badlogic.gdx.ai.btree.decorator.Random#run()	sge.ai.btree.decorator.Random#run()	Renamed	-	com/badlogic/gdx/ai/btree/decorator/Random.java	86	84d7544462632244	
member	com.badlogic.gdx.ai.btree.decorator.Random#start()	sge.ai.btree.decorator.Random#start()	Renamed	-	com/badlogic/gdx/ai/btree/decorator/Random.java	81	0df365164364e407	
member	com.badlogic.gdx.ai.btree.decorator.Random#success	sge.ai.btree.decorator.Random#success	Renamed	-	com/badlogic/gdx/ai/btree/decorator/Random.java	44	e0536f57ba6d7fce	name=success$shadow
member	com.badlogic.gdx.ai.btree.decorator.Repeat#<init>()	sge.ai.btree.decorator.Repeat#<init>()	Renamed	-	com/badlogic/gdx/ai/btree/decorator/Repeat.java	42	5f01105595a0f8ac	
member	com.badlogic.gdx.ai.btree.decorator.Repeat#<init>(Task)	sge.ai.btree.decorator.Repeat#<init>(Task<E>)	Renamed	-	com/badlogic/gdx/ai/btree/decorator/Repeat.java	49	866f055d6d7c6f59	
member	com.badlogic.gdx.ai.btree.decorator.Repeat#<stmt1>	sge.ai.btree.decorator.Repeat#<stmt1>	Renamed	-	com/badlogic/gdx/ai/btree/decorator/Repeat.java	61	cf36b0a020ce3d2c	
member	com.badlogic.gdx.ai.btree.decorator.Repeat#childFail(Task)	sge.ai.btree.decorator.Repeat#childFail(Task<E>)	Renamed	-	com/badlogic/gdx/ai/btree/decorator/Repeat.java	89	f5533e890d4e7eea	
member	com.badlogic.gdx.ai.btree.decorator.Repeat#childSuccess(Task)	sge.ai.btree.decorator.Repeat#childSuccess(Task<E>)	Renamed	-	com/badlogic/gdx/ai/btree/decorator/Repeat.java	79	1a20ffcd8dbde0e5	
member	com.badlogic.gdx.ai.btree.decorator.Repeat#condition()	sge.ai.btree.decorator.Repeat#condition()	Renamed	-	com/badlogic/gdx/ai/btree/decorator/Repeat.java	74	277c7479f5e44fd6	
member	com.badlogic.gdx.ai.btree.decorator.Repeat#copyTo(Task)	sge.ai.btree.decorator.Repeat#copyTo(Task<E>)	Renamed	-	com/badlogic/gdx/ai/btree/decorator/Repeat.java	94	381661242e89207f	
member	com.badlogic.gdx.ai.btree.decorator.Repeat#count	sge.ai.btree.decorator.Repeat#count	Renamed	-	com/badlogic/gdx/ai/btree/decorator/Repeat.java	39	0c0ebb642878ed15	vis=private
member	com.badlogic.gdx.ai.btree.decorator.Repeat#reset()	sge.ai.btree.decorator.Repeat#reset()	Renamed	-	com/badlogic/gdx/ai/btree/decorator/Repeat.java	102	66d4eabfd82aacde	
member	com.badlogic.gdx.ai.btree.decorator.Repeat#start()	sge.ai.btree.decorator.Repeat#start()	Renamed	-	com/badlogic/gdx/ai/btree/decorator/Repeat.java	69	00fe06c89810d9f5	
member	com.badlogic.gdx.ai.btree.decorator.Repeat#times	sge.ai.btree.decorator.Repeat#times	Renamed	-	com/badlogic/gdx/ai/btree/decorator/Repeat.java	37	66afec4f9597553c	
member	com.badlogic.gdx.ai.btree.decorator.SemaphoreGuard#<init>(String)	sge.ai.btree.decorator.SemaphoreGuard#<init>(String)	Renamed	-	com/badlogic/gdx/ai/btree/decorator/SemaphoreGuard.java	61	b964e52088cc216b	
member	com.badlogic.gdx.ai.btree.decorator.SemaphoreGuard#<init>(String,Task)	sge.ai.btree.decorator.SemaphoreGuard#<init>(String,Task<E>)	Renamed	-	com/badlogic/gdx/ai/btree/decorator/SemaphoreGuard.java	70	5b9c296f257c76c0	
member	com.badlogic.gdx.ai.btree.decorator.SemaphoreGuard#<init>(Task)	sge.ai.btree.decorator.SemaphoreGuard#<init>(Task<E>)	Renamed	-	com/badlogic/gdx/ai/btree/decorator/SemaphoreGuard.java	54	4a746a8944f114a1	
member	com.badlogic.gdx.ai.btree.decorator.SemaphoreGuard#copyTo(Task)	sge.ai.btree.decorator.SemaphoreGuard#copyTo(Task<E>)	Renamed	-	com/badlogic/gdx/ai/btree/decorator/SemaphoreGuard.java	120	45591968657fd5ca	
member	com.badlogic.gdx.ai.btree.decorator.SemaphoreGuard#end()	sge.ai.btree.decorator.SemaphoreGuard#end()	Renamed	-	com/badlogic/gdx/ai/btree/decorator/SemaphoreGuard.java	101	d3f53d90897c5173	
member	com.badlogic.gdx.ai.btree.decorator.SemaphoreGuard#name	sge.ai.btree.decorator.SemaphoreGuard#name	Renamed	-	com/badlogic/gdx/ai/btree/decorator/SemaphoreGuard.java	42	da9be3fd637ce0cb	
member	com.badlogic.gdx.ai.btree.decorator.SemaphoreGuard#reset()	sge.ai.btree.decorator.SemaphoreGuard#reset()	Renamed	-	com/badlogic/gdx/ai/btree/decorator/SemaphoreGuard.java	130	7a604dcb86c41a8a	
member	com.badlogic.gdx.ai.btree.decorator.SemaphoreGuard#resetTask()	sge.ai.btree.decorator.SemaphoreGuard#resetTask()	Renamed	-	com/badlogic/gdx/ai/btree/decorator/SemaphoreGuard.java	113	5ac64727c2c3d98c	
member	com.badlogic.gdx.ai.btree.decorator.SemaphoreGuard#run()	sge.ai.btree.decorator.SemaphoreGuard#run()	Renamed	-	com/badlogic/gdx/ai/btree/decorator/SemaphoreGuard.java	89	a284102190af6b44	
member	com.badlogic.gdx.ai.btree.decorator.SemaphoreGuard#semaphore	sge.ai.btree.decorator.SemaphoreGuard#semaphore	Renamed	-	com/badlogic/gdx/ai/btree/decorator/SemaphoreGuard.java	44	70fc8ebc6da2092e	vis=private
member	com.badlogic.gdx.ai.btree.decorator.SemaphoreGuard#semaphoreAcquired	sge.ai.btree.decorator.SemaphoreGuard#semaphoreAcquired	Renamed	-	com/badlogic/gdx/ai/btree/decorator/SemaphoreGuard.java	45	dc5f05a126abe70c	vis=private
member	com.badlogic.gdx.ai.btree.decorator.SemaphoreGuard#start()	sge.ai.btree.decorator.SemaphoreGuard#start()	Renamed	-	com/badlogic/gdx/ai/btree/decorator/SemaphoreGuard.java	79	ce7e5559fba979ee	
member	com.badlogic.gdx.ai.btree.decorator.UntilFail#<init>(Task)	sge.ai.btree.decorator.UntilFail#<init>(Task<E>)	Renamed	-	com/badlogic/gdx/ai/btree/decorator/UntilFail.java	40	fccc7f4d10ee7847	
member	com.badlogic.gdx.ai.btree.decorator.UntilFail#childFail(Task)	sge.ai.btree.decorator.UntilFail#childFail(Task<E>)	Renamed	-	com/badlogic/gdx/ai/btree/decorator/UntilFail.java	50	1cf32a94ee85e2fc	
member	com.badlogic.gdx.ai.btree.decorator.UntilFail#childSuccess(Task)	sge.ai.btree.decorator.UntilFail#childSuccess(Task<E>)	Renamed	-	com/badlogic/gdx/ai/btree/decorator/UntilFail.java	45	48e273d3dbf52edd	
member	com.badlogic.gdx.ai.btree.decorator.UntilSuccess#<init>(Task)	sge.ai.btree.decorator.UntilSuccess#<init>(Task<E>)	Renamed	-	com/badlogic/gdx/ai/btree/decorator/UntilSuccess.java	40	8c64db4592af7a44	
member	com.badlogic.gdx.ai.btree.decorator.UntilSuccess#childFail(Task)	sge.ai.btree.decorator.UntilSuccess#childFail(Task<E>)	Renamed	-	com/badlogic/gdx/ai/btree/decorator/UntilSuccess.java	51	a0a1a4514188c60c	
member	com.badlogic.gdx.ai.btree.decorator.UntilSuccess#childSuccess(Task)	sge.ai.btree.decorator.UntilSuccess#childSuccess(Task<E>)	Renamed	-	com/badlogic/gdx/ai/btree/decorator/UntilSuccess.java	45	84fc927b452a1f0e	
member	com.badlogic.gdx.ai.btree.leaf.Failure#copyTo(Task)	sge.ai.btree.leaf.Failure#copyTo(Task<E>)	Renamed	-	com/badlogic/gdx/ai/btree/leaf/Failure.java	41	0f6719f1520809ec	
member	com.badlogic.gdx.ai.btree.leaf.Failure#execute()	sge.ai.btree.leaf.Failure#execute()	Renamed	-	com/badlogic/gdx/ai/btree/leaf/Failure.java	36	0f9827bfc9f90837	
member	com.badlogic.gdx.ai.btree.leaf.Success#copyTo(Task)	sge.ai.btree.leaf.Success#copyTo(Task<E>)	Renamed	-	com/badlogic/gdx/ai/btree/leaf/Success.java	41	0f6719f1520809ec	
member	com.badlogic.gdx.ai.btree.leaf.Success#execute()	sge.ai.btree.leaf.Success#execute()	Renamed	-	com/badlogic/gdx/ai/btree/leaf/Success.java	36	2b6c9087bfb2081d	
member	com.badlogic.gdx.ai.btree.leaf.Wait#<init>()	sge.ai.btree.leaf.Wait#<init>()	Renamed	-	com/badlogic/gdx/ai/btree/leaf/Wait.java	41	c4fb9ccf5ba965c0	
member	com.badlogic.gdx.ai.btree.leaf.Wait#<init>(float)	sge.ai.btree.leaf.Wait#<init>(float)	Renamed	-	com/badlogic/gdx/ai/btree/leaf/Wait.java	48	9e43419e4007cbde	
member	com.badlogic.gdx.ai.btree.leaf.Wait#<stmt1>	sge.ai.btree.leaf.Wait#<stmt1>	Renamed	-	com/badlogic/gdx/ai/btree/leaf/Wait.java	56	7faa9bb28e0eed3c	
member	com.badlogic.gdx.ai.btree.leaf.Wait#copyTo(Task)	sge.ai.btree.leaf.Wait#copyTo(Task<E>)	Renamed	-	com/badlogic/gdx/ai/btree/leaf/Wait.java	81	928d8f4116d998f1	
member	com.badlogic.gdx.ai.btree.leaf.Wait#execute()	sge.ai.btree.leaf.Wait#execute()	Renamed	-	com/badlogic/gdx/ai/btree/leaf/Wait.java	76	75f6c1fa66a14f90	
member	com.badlogic.gdx.ai.btree.leaf.Wait#reset()	sge.ai.btree.leaf.Wait#reset()	Renamed	-	com/badlogic/gdx/ai/btree/leaf/Wait.java	87	ee8595a2b93d51bc	
member	com.badlogic.gdx.ai.btree.leaf.Wait#seconds	sge.ai.btree.leaf.Wait#seconds	Renamed	-	com/badlogic/gdx/ai/btree/leaf/Wait.java	35	b5d0058b6abbd9a1	
member	com.badlogic.gdx.ai.btree.leaf.Wait#start()	sge.ai.btree.leaf.Wait#start()	Renamed	-	com/badlogic/gdx/ai/btree/leaf/Wait.java	68	00cdc93e77f0724c	
member	com.badlogic.gdx.ai.btree.leaf.Wait#startTime	sge.ai.btree.leaf.Wait#startTime	Renamed	-	com/badlogic/gdx/ai/btree/leaf/Wait.java	37	8fda5a85ecf57a59	vis=private
member	com.badlogic.gdx.ai.btree.leaf.Wait#timeout	sge.ai.btree.leaf.Wait#timeout	Renamed	-	com/badlogic/gdx/ai/btree/leaf/Wait.java	38	efb44724f12ac9da	vis=private
member	com.badlogic.gdx.ai.btree.utils.BehaviorTreeLibrary#<init>(FileHandleResolver)	sge.ai.btree.utils.BehaviorTreeLibrary#<init>(FileHandleResolver)	Renamed	-	com/badlogic/gdx/ai/btree/utils/BehaviorTreeLibrary.java	57	0568c5c5ab8d4bfc	
member	com.badlogic.gdx.ai.btree.utils.BehaviorTreeLibrary#<init>(FileHandleResolver,AssetManager,int)	sge.ai.btree.utils.BehaviorTreeLibrary#<init>(FileHandleResolver,AssetManager,int)	Renamed	-	com/badlogic/gdx/ai/btree/utils/BehaviorTreeLibrary.java	77	9b26f28a7a44a738	vis=private
member	com.badlogic.gdx.ai.btree.utils.BehaviorTreeLibrary#<init>(FileHandleResolver,int)	sge.ai.btree.utils.BehaviorTreeLibrary#<init>(FileHandleResolver,int)	Renamed	-	com/badlogic/gdx/ai/btree/utils/BehaviorTreeLibrary.java	64	f98bb95da7028a71	
member	com.badlogic.gdx.ai.btree.utils.BehaviorTreeLibrary#<init>(int)	sge.ai.btree.utils.BehaviorTreeLibrary#<init>(int)	Renamed	-	com/badlogic/gdx/ai/btree/utils/BehaviorTreeLibrary.java	51	5128539ef9d63fa8	
member	com.badlogic.gdx.ai.btree.utils.BehaviorTreeLibrary#<stmt1>	sge.ai.btree.utils.BehaviorTreeLibrary#<stmt1>	Renamed	-	com/badlogic/gdx/ai/btree/utils/BehaviorTreeLibrary.java	78	030ecb344531f27e	
member	com.badlogic.gdx.ai.btree.utils.BehaviorTreeLibrary#<stmt2>	sge.ai.btree.utils.BehaviorTreeLibrary#<stmt2>	Renamed	-	com/badlogic/gdx/ai/btree/utils/BehaviorTreeLibrary.java	80	f86e504732d7a62a	
member	com.badlogic.gdx.ai.btree.utils.BehaviorTreeLibrary#<stmt3>	sge.ai.btree.utils.BehaviorTreeLibrary#<stmt3>	Renamed	-	com/badlogic/gdx/ai/btree/utils/BehaviorTreeLibrary.java	81	c75a9a81e250918f	
member	com.badlogic.gdx.ai.btree.utils.BehaviorTreeLibrary#createBehaviorTree(String)	sge.ai.btree.utils.BehaviorTreeLibrary#createBehaviorTree(String)	Renamed	-	com/badlogic/gdx/ai/btree/utils/BehaviorTreeLibrary.java	99	b4852e528687ff02	
member	com.badlogic.gdx.ai.btree.utils.BehaviorTreeLibrary#createBehaviorTree(String,T)	sge.ai.btree.utils.BehaviorTreeLibrary#createBehaviorTree(String,T)	Renamed	-	com/badlogic/gdx/ai/btree/utils/BehaviorTreeLibrary.java	110	c30814154844a321	
member	com.badlogic.gdx.ai.btree.utils.BehaviorTreeLibrary#createRootTask(String)	sge.ai.btree.utils.BehaviorTreeLibrary#createRootTask(String)	Renamed	-	com/badlogic/gdx/ai/btree/utils/BehaviorTreeLibrary.java	90	fe84f70c1ba98a35	
member	com.badlogic.gdx.ai.btree.utils.BehaviorTreeLibrary#disposeBehaviorTree(String,BehaviorTree)	sge.ai.btree.utils.BehaviorTreeLibrary#disposeBehaviorTree(String,BehaviorTree<?>)	Renamed	-	com/badlogic/gdx/ai/btree/utils/BehaviorTreeLibrary.java	160	fff8d665d8472c2e	
member	com.badlogic.gdx.ai.btree.utils.BehaviorTreeLibrary#hasArchetypeTree(String)	sge.ai.btree.utils.BehaviorTreeLibrary#hasArchetypeTree(String)	Renamed	-	com/badlogic/gdx/ai/btree/utils/BehaviorTreeLibrary.java	151	f251b06a6f89881b	
member	com.badlogic.gdx.ai.btree.utils.BehaviorTreeLibrary#parser	sge.ai.btree.utils.BehaviorTreeLibrary#parser	Renamed	-	com/badlogic/gdx/ai/btree/utils/BehaviorTreeLibrary.java	40	7e52152af053b240	
member	com.badlogic.gdx.ai.btree.utils.BehaviorTreeLibrary#registerArchetypeTree(String,BehaviorTree)	sge.ai.btree.utils.BehaviorTreeLibrary#registerArchetypeTree(String,BehaviorTree<?>)	Renamed	-	com/badlogic/gdx/ai/btree/utils/BehaviorTreeLibrary.java	141	78b78c24c01652d6	
member	com.badlogic.gdx.ai.btree.utils.BehaviorTreeLibrary#repository	sge.ai.btree.utils.BehaviorTreeLibrary#repository	Renamed	-	com/badlogic/gdx/ai/btree/utils/BehaviorTreeLibrary.java	36	be4f1e6794870cce	
member	com.badlogic.gdx.ai.btree.utils.BehaviorTreeLibrary#resolver	sge.ai.btree.utils.BehaviorTreeLibrary#resolver	Renamed	-	com/badlogic/gdx/ai/btree/utils/BehaviorTreeLibrary.java	39	52afc00034a2d28f	
member	com.badlogic.gdx.ai.btree.utils.BehaviorTreeLibrary#retrieveArchetypeTree(String)	sge.ai.btree.utils.BehaviorTreeLibrary#retrieveArchetypeTree(String)	Renamed	-	com/badlogic/gdx/ai/btree/utils/BehaviorTreeLibrary.java	121	12fc2243a1a97f86	
member	com.badlogic.gdx.ai.btree.utils.BehaviorTreeLibraryManager#<stmt1>	sge.ai.btree.utils.BehaviorTreeLibraryManager#<stmt1>	Renamed	-	com/badlogic/gdx/ai/btree/utils/BehaviorTreeLibraryManager.java	36	365387dd60e409ff	
member	com.badlogic.gdx.ai.btree.utils.BehaviorTreeLibraryManager#createBehaviorTree(String)	sge.ai.btree.utils.BehaviorTreeLibraryManager#createBehaviorTree(String)	Renamed	-	com/badlogic/gdx/ai/btree/utils/BehaviorTreeLibraryManager.java	70	3b0f0b4d0f2d8048	
member	com.badlogic.gdx.ai.btree.utils.BehaviorTreeLibraryManager#createBehaviorTree(String,T)	sge.ai.btree.utils.BehaviorTreeLibraryManager#createBehaviorTree(String,T)	Renamed	-	com/badlogic/gdx/ai/btree/utils/BehaviorTreeLibraryManager.java	80	1bc9ff7882e16adb	
member	com.badlogic.gdx.ai.btree.utils.BehaviorTreeLibraryManager#createRootTask(String)	sge.ai.btree.utils.BehaviorTreeLibraryManager#createRootTask(String)	Renamed	-	com/badlogic/gdx/ai/btree/utils/BehaviorTreeLibraryManager.java	61	b6a8c4d9b5119e68	
member	com.badlogic.gdx.ai.btree.utils.BehaviorTreeLibraryManager#disposeBehaviorTree(String,BehaviorTree)	sge.ai.btree.utils.BehaviorTreeLibraryManager#disposeBehaviorTree(String,BehaviorTree<?>)	Renamed	-	com/badlogic/gdx/ai/btree/utils/BehaviorTreeLibraryManager.java	89	0243d182349f3575	
member	com.badlogic.gdx.ai.btree.utils.BehaviorTreeLibraryManager#getInstance()	sge.ai.btree.utils.BehaviorTreeLibraryManager#getInstance()	Renamed	-	com/badlogic/gdx/ai/btree/utils/BehaviorTreeLibraryManager.java	40	b1d1f9918d864755	placement=companion
member	com.badlogic.gdx.ai.btree.utils.BehaviorTreeLibraryManager#instance	sge.ai.btree.utils.BehaviorTreeLibraryManager#instance	Renamed	-	com/badlogic/gdx/ai/btree/utils/BehaviorTreeLibraryManager.java	31	60fa6551f7805f1a	placement=companion vis=private
member	com.badlogic.gdx.ai.btree.utils.BehaviorTreeLibraryManager#getLibrary	sge.ai.btree.utils.BehaviorTreeLibraryManager#library	Renamed	-	com/badlogic/gdx/ai/btree/utils/BehaviorTreeLibraryManager.java	33	927a84b82a88be07	name=library$field
member	com.badlogic.gdx.ai.btree.utils.BehaviorTreeLibraryManager#getLibrary()	sge.ai.btree.utils.BehaviorTreeLibraryManager#library()	Renamed	-	com/badlogic/gdx/ai/btree/utils/BehaviorTreeLibraryManager.java	46	bfa37a6738648b20	
member	com.badlogic.gdx.ai.btree.utils.BehaviorTreeLibraryManager#setLibrary(BehaviorTreeLibrary)	sge.ai.btree.utils.BehaviorTreeLibraryManager#library_=(BehaviorTreeLibrary)	Renamed	-	com/badlogic/gdx/ai/btree/utils/BehaviorTreeLibraryManager.java	52	b7fbe99a6697e3fe	
member	com.badlogic.gdx.ai.btree.utils.BehaviorTreeLoader#behaviorTree	sge.ai.btree.utils.BehaviorTreeLoader#behaviorTree	Renamed	-	com/badlogic/gdx/ai/btree/utils/BehaviorTreeLoader.java	42	8fd69036682f68c6	
member	com.badlogic.gdx.ai.btree.utils.BehaviorTreeLoader#getDependencies(String,FileHandle,BehaviorTreeParameter)	sge.ai.btree.utils.BehaviorTreeLoader#getDependencies(String,FileHandle,BehaviorTreeParameter)	Renamed	-	com/badlogic/gdx/ai/btree/utils/BehaviorTreeLoader.java	75	ccf4599c72dffb73	
member	com.badlogic.gdx.ai.btree.utils.BehaviorTreeLoader#loadAsync(AssetManager,String,FileHandle,BehaviorTreeParameter)	sge.ai.btree.utils.BehaviorTreeLoader#loadAsync(AssetManager,String,FileHandle,BehaviorTreeParameter)	Renamed	-	com/badlogic/gdx/ai/btree/utils/BehaviorTreeLoader.java	46	974c450995cd8157	
member	com.badlogic.gdx.ai.btree.utils.BehaviorTreeLoader#loadSync(AssetManager,String,FileHandle,BehaviorTreeParameter)	sge.ai.btree.utils.BehaviorTreeLoader#loadSync(AssetManager,String,FileHandle,BehaviorTreeParameter)	Renamed	-	com/badlogic/gdx/ai/btree/utils/BehaviorTreeLoader.java	68	7b60472546d5b366	
member	com.badlogic.gdx.ai.btree.utils.BehaviorTreeLoader$BehaviorTreeParameter#<init>()	sge.ai.btree.utils.BehaviorTreeLoader$BehaviorTreeParameter#<init>()	Renamed	-	com/badlogic/gdx/ai/btree/utils/BehaviorTreeLoader.java	83	40c4c56ff5a2bf53	
member	com.badlogic.gdx.ai.btree.utils.BehaviorTreeLoader$BehaviorTreeParameter#<init>(Object)	sge.ai.btree.utils.BehaviorTreeLoader$BehaviorTreeParameter#<init>(Object)	Renamed	-	com/badlogic/gdx/ai/btree/utils/BehaviorTreeLoader.java	87	2fb8a5198afc9459	
member	com.badlogic.gdx.ai.btree.utils.BehaviorTreeLoader$BehaviorTreeParameter#<stmt1>	sge.ai.btree.utils.BehaviorTreeLoader$BehaviorTreeParameter#<stmt1>	Renamed	-	com/badlogic/gdx/ai/btree/utils/BehaviorTreeLoader.java	92	f3399d6c77913341	
member	com.badlogic.gdx.ai.btree.utils.BehaviorTreeLoader$BehaviorTreeParameter#<stmt2>	sge.ai.btree.utils.BehaviorTreeLoader$BehaviorTreeParameter#<stmt2>	Renamed	-	com/badlogic/gdx/ai/btree/utils/BehaviorTreeLoader.java	93	9457d57e60ca7c32	
member	com.badlogic.gdx.ai.btree.utils.BehaviorTreeLoader$BehaviorTreeParameter#blackboard	sge.ai.btree.utils.BehaviorTreeLoader$BehaviorTreeParameter#blackboard	Renamed	-	com/badlogic/gdx/ai/btree/utils/BehaviorTreeLoader.java	80	f8d3e5a53ebb9840	
member	com.badlogic.gdx.ai.btree.utils.BehaviorTreeLoader$BehaviorTreeParameter#parser	sge.ai.btree.utils.BehaviorTreeLoader$BehaviorTreeParameter#parser	Renamed	-	com/badlogic/gdx/ai/btree/utils/BehaviorTreeLoader.java	81	7ffeba0fb2f437d6	
member	com.badlogic.gdx.ai.btree.utils.BehaviorTreeParser#<init>()	sge.ai.btree.utils.BehaviorTreeParser#<init>()	Renamed	-	com/badlogic/gdx/ai/btree/utils/BehaviorTreeParser.java	75	049f4c34d052c8b7	
member	com.badlogic.gdx.ai.btree.utils.BehaviorTreeParser#<init>(DistributionAdapters)	sge.ai.btree.utils.BehaviorTreeParser#<init>(DistributionAdapters)	Renamed	-	com/badlogic/gdx/ai/btree/utils/BehaviorTreeParser.java	79	9373f4d42936373a	
member	com.badlogic.gdx.ai.btree.utils.BehaviorTreeParser#<init>(DistributionAdapters,int)	sge.ai.btree.utils.BehaviorTreeParser#<init>(DistributionAdapters,int)	Renamed	-	com/badlogic/gdx/ai/btree/utils/BehaviorTreeParser.java	87	43cc2f24bda38f4e	
member	com.badlogic.gdx.ai.btree.utils.BehaviorTreeParser#<init>(int)	sge.ai.btree.utils.BehaviorTreeParser#<init>(int)	Renamed	-	com/badlogic/gdx/ai/btree/utils/BehaviorTreeParser.java	83	a63e6288ff0ebc32	
member	com.badlogic.gdx.ai.btree.utils.BehaviorTreeParser#<stmt1>	sge.ai.btree.utils.BehaviorTreeParser#<stmt1>	Renamed	-	com/badlogic/gdx/ai/btree/utils/BehaviorTreeParser.java	92	aafc7cb0c9a20b50	
member	com.badlogic.gdx.ai.btree.utils.BehaviorTreeParser#<stmt2>	sge.ai.btree.utils.BehaviorTreeParser#<stmt2>	Renamed	-	com/badlogic/gdx/ai/btree/utils/BehaviorTreeParser.java	93	d5b5cbcf206e08af	
member	com.badlogic.gdx.ai.btree.utils.BehaviorTreeParser#<stmt3>	sge.ai.btree.utils.BehaviorTreeParser#<stmt3>	Renamed	-	com/badlogic/gdx/ai/btree/utils/BehaviorTreeParser.java	94	dee47141aad13866	
member	com.badlogic.gdx.ai.btree.utils.BehaviorTreeParser#<stmt4>	sge.ai.btree.utils.BehaviorTreeParser#<stmt4>	Renamed	-	com/badlogic/gdx/ai/btree/utils/BehaviorTreeParser.java	95	34cd60de2d3aff32	
member	com.badlogic.gdx.ai.btree.utils.BehaviorTreeParser#DEBUG_HIGH	sge.ai.btree.utils.BehaviorTreeParser#DEBUG_HIGH	Renamed	-	com/badlogic/gdx/ai/btree/utils/BehaviorTreeParser.java	66	967166db168005e6	placement=companion
member	com.badlogic.gdx.ai.btree.utils.BehaviorTreeParser#DEBUG_LOW	sge.ai.btree.utils.BehaviorTreeParser#DEBUG_LOW	Renamed	-	com/badlogic/gdx/ai/btree/utils/BehaviorTreeParser.java	65	45af069cee24538f	placement=companion
member	com.badlogic.gdx.ai.btree.utils.BehaviorTreeParser#DEBUG_NONE	sge.ai.btree.utils.BehaviorTreeParser#DEBUG_NONE	Renamed	-	com/badlogic/gdx/ai/btree/utils/BehaviorTreeParser.java	64	3770647815a780b8	placement=companion
member	com.badlogic.gdx.ai.btree.utils.BehaviorTreeParser#TAG	sge.ai.btree.utils.BehaviorTreeParser#TAG	Renamed	-	com/badlogic/gdx/ai/btree/utils/BehaviorTreeParser.java	68	a3df0290e582a3b3	placement=companion vis=private
member	com.badlogic.gdx.ai.btree.utils.BehaviorTreeParser#btReader	sge.ai.btree.utils.BehaviorTreeParser#btReader	Renamed	-	com/badlogic/gdx/ai/btree/utils/BehaviorTreeParser.java	73	5dff9612d8f54525	
member	com.badlogic.gdx.ai.btree.utils.BehaviorTreeParser#createBehaviorTree(Task,E)	sge.ai.btree.utils.BehaviorTreeParser#createBehaviorTree(Task<E>,E)	Renamed	-	com/badlogic/gdx/ai/btree/utils/BehaviorTreeParser.java	138	fd4d15f76974155c	
member	com.badlogic.gdx.ai.btree.utils.BehaviorTreeParser#debugLevel	sge.ai.btree.utils.BehaviorTreeParser#debugLevel	Renamed	-	com/badlogic/gdx/ai/btree/utils/BehaviorTreeParser.java	70	f35e5767a456d985	
member	com.badlogic.gdx.ai.btree.utils.BehaviorTreeParser#distributionAdapters	sge.ai.btree.utils.BehaviorTreeParser#distributionAdapters	Renamed	-	com/badlogic/gdx/ai/btree/utils/BehaviorTreeParser.java	71	a0fdc28c115ccee4	
member	com.badlogic.gdx.ai.btree.utils.BehaviorTreeParser#parse(FileHandle,E)	sge.ai.btree.utils.BehaviorTreeParser#parse(FileHandle,E)	Renamed	-	com/badlogic/gdx/ai/btree/utils/BehaviorTreeParser.java	123	afc78de93d9d7a8a	
member	com.badlogic.gdx.ai.btree.utils.BehaviorTreeParser#parse(InputStream,E)	sge.ai.btree.utils.BehaviorTreeParser#parse(InputStream,E)	Renamed	-	com/badlogic/gdx/ai/btree/utils/BehaviorTreeParser.java	113	e85a16790b0b8b8e	
member	com.badlogic.gdx.ai.btree.utils.BehaviorTreeParser#parse(Reader,E)	sge.ai.btree.utils.BehaviorTreeParser#parse(Reader,E)	Renamed	-	com/badlogic/gdx/ai/btree/utils/BehaviorTreeParser.java	133	bc1d47f8509e0485	
member	com.badlogic.gdx.ai.btree.utils.BehaviorTreeParser#parse(String,E)	sge.ai.btree.utils.BehaviorTreeParser#parse(String,E)	Renamed	-	com/badlogic/gdx/ai/btree/utils/BehaviorTreeParser.java	103	bde9424d2764fa62	
member	com.badlogic.gdx.ai.btree.utils.BehaviorTreeParser#printTree(Task,int)	sge.ai.btree.utils.BehaviorTreeParser#printTree(Task<E>,int)	Renamed	-	com/badlogic/gdx/ai/btree/utils/BehaviorTreeParser.java	143	2c7dd4b8fedb9fdf	placement=companion
member	com.badlogic.gdx.ai.btree.utils.BehaviorTreeParser$DefaultBehaviorTreeReader#<clinit>	sge.ai.btree.utils.BehaviorTreeParser$DefaultBehaviorTreeReader#<clinit>	Renamed	-	com/badlogic/gdx/ai/btree/utils/BehaviorTreeParser.java	162	61dda9c789a6de69	placement=companion
member	com.badlogic.gdx.ai.btree.utils.BehaviorTreeParser$DefaultBehaviorTreeReader#<init>()	sge.ai.btree.utils.BehaviorTreeParser$DefaultBehaviorTreeReader#<init>()	Renamed	-	com/badlogic/gdx/ai/btree/utils/BehaviorTreeParser.java	305	487985229d53d695	
member	com.badlogic.gdx.ai.btree.utils.BehaviorTreeParser$DefaultBehaviorTreeReader#DEFAULT_IMPORTS	sge.ai.btree.utils.BehaviorTreeParser$DefaultBehaviorTreeReader#DEFAULT_IMPORTS	Renamed	-	com/badlogic/gdx/ai/btree/utils/BehaviorTreeParser.java	161	fe2eee31f859a7d0	placement=companion vis=private[BehaviorTreeParser]
member	com.badlogic.gdx.ai.btree.utils.BehaviorTreeParser$DefaultBehaviorTreeReader#addImport(String,String)	sge.ai.btree.utils.BehaviorTreeParser$DefaultBehaviorTreeReader#addImport(String,String)	Renamed	-	com/badlogic/gdx/ai/btree/utils/BehaviorTreeParser.java	724	313a0177014a7402	
member	com.badlogic.gdx.ai.btree.utils.BehaviorTreeParser$DefaultBehaviorTreeReader#attribute(String,Object)	sge.ai.btree.utils.BehaviorTreeParser$DefaultBehaviorTreeReader#attribute(String,Object)	Renamed	-	com/badlogic/gdx/ai/btree/utils/BehaviorTreeParser.java	370	980a8c4ef2af58bf	
member	com.badlogic.gdx.ai.btree.utils.BehaviorTreeParser$DefaultBehaviorTreeReader#btParser	sge.ai.btree.utils.BehaviorTreeParser$DefaultBehaviorTreeReader#btParser	Renamed	-	com/badlogic/gdx/ai/btree/utils/BehaviorTreeParser.java	296	495eb5218abc194c	
member	com.badlogic.gdx.ai.btree.utils.BehaviorTreeParser$DefaultBehaviorTreeReader#castValue(TaskField,Object)	sge.ai.btree.utils.BehaviorTreeParser$DefaultBehaviorTreeReader#castValue(TaskField,Object)	Renamed	-	com/badlogic/gdx/ai/btree/utils/BehaviorTreeParser.java	411	b5953d1b12a5f2ae	
member	com.badlogic.gdx.ai.btree.utils.BehaviorTreeParser$DefaultBehaviorTreeReader#checkMinChildren(StackedTask)	sge.ai.btree.utils.BehaviorTreeParser$DefaultBehaviorTreeReader#checkMinChildren(StackedTask<E>)	Renamed	-	com/badlogic/gdx/ai/btree/utils/BehaviorTreeParser.java	760	27c571dd3b473b4c	vis=private[BehaviorTreeParser]
member	com.badlogic.gdx.ai.btree.utils.BehaviorTreeParser$DefaultBehaviorTreeReader#checkRequiredAttributes(StackedTask)	sge.ai.btree.utils.BehaviorTreeParser$DefaultBehaviorTreeReader#checkRequiredAttributes(StackedTask<E>)	Renamed	-	com/badlogic/gdx/ai/btree/utils/BehaviorTreeParser.java	768	e2cb9e94947d151e	vis=private[BehaviorTreeParser]
member	com.badlogic.gdx.ai.btree.utils.BehaviorTreeParser$DefaultBehaviorTreeReader#checkStatement(String)	sge.ai.btree.utils.BehaviorTreeParser$DefaultBehaviorTreeReader#checkStatement(String)	Renamed	-	com/badlogic/gdx/ai/btree/utils/BehaviorTreeParser.java	346	cbd249e553173ea5	vis=private[BehaviorTreeParser]
member	com.badlogic.gdx.ai.btree.utils.BehaviorTreeParser$DefaultBehaviorTreeReader#clear()	sge.ai.btree.utils.BehaviorTreeParser$DefaultBehaviorTreeReader#clear()	Renamed	-	com/badlogic/gdx/ai/btree/utils/BehaviorTreeParser.java	681	c7f6596b446f7d04	
member	com.badlogic.gdx.ai.btree.utils.BehaviorTreeParser$DefaultBehaviorTreeReader#createStackedTask(String,Task)	sge.ai.btree.utils.BehaviorTreeParser$DefaultBehaviorTreeReader#createStackedTask(String,Task<E>)	Renamed	-	com/badlogic/gdx/ai/btree/utils/BehaviorTreeParser.java	529	2beb7f610a3b9144	vis=private[BehaviorTreeParser]
member	com.badlogic.gdx.ai.btree.utils.BehaviorTreeParser$DefaultBehaviorTreeReader#currentDepth	sge.ai.btree.utils.BehaviorTreeParser$DefaultBehaviorTreeReader#currentDepth	Renamed	-	com/badlogic/gdx/ai/btree/utils/BehaviorTreeParser.java	647	0ffd3a953ecd447b	
member	com.badlogic.gdx.ai.btree.utils.BehaviorTreeParser$DefaultBehaviorTreeReader#getCurrentTask()	sge.ai.btree.utils.BehaviorTreeParser$DefaultBehaviorTreeReader#currentTask()	Renamed	-	com/badlogic/gdx/ai/btree/utils/BehaviorTreeParser.java	664	b5880e090a5ff41d	
member	com.badlogic.gdx.ai.btree.utils.BehaviorTreeParser$DefaultBehaviorTreeReader#currentTree	sge.ai.btree.utils.BehaviorTreeParser$DefaultBehaviorTreeReader#currentTree	Renamed	-	com/badlogic/gdx/ai/btree/utils/BehaviorTreeParser.java	644	93999b8d30f78548	
member	com.badlogic.gdx.ai.btree.utils.BehaviorTreeParser$DefaultBehaviorTreeReader#currentTreeStartIndent	sge.ai.btree.utils.BehaviorTreeParser$DefaultBehaviorTreeReader#currentTreeStartIndent	Renamed	-	com/badlogic/gdx/ai/btree/utils/BehaviorTreeParser.java	646	289ce2ffa7d1b3ca	
member	com.badlogic.gdx.ai.btree.utils.BehaviorTreeParser$DefaultBehaviorTreeReader#encounteredAttributes	sge.ai.btree.utils.BehaviorTreeParser$DefaultBehaviorTreeReader#encounteredAttributes	Renamed	-	com/badlogic/gdx/ai/btree/utils/BehaviorTreeParser.java	653	9ad9328b5d8c1ea3	
member	com.badlogic.gdx.ai.btree.utils.BehaviorTreeParser$DefaultBehaviorTreeReader#endLine()	sge.ai.btree.utils.BehaviorTreeParser$DefaultBehaviorTreeReader#endLine()	Renamed	-	com/badlogic/gdx/ai/btree/utils/BehaviorTreeParser.java	472	265573727139afdc	
member	com.badlogic.gdx.ai.btree.utils.BehaviorTreeParser$DefaultBehaviorTreeReader#endStatement()	sge.ai.btree.utils.BehaviorTreeParser$DefaultBehaviorTreeReader#endStatement()	Renamed	-	com/badlogic/gdx/ai/btree/utils/BehaviorTreeParser.java	476	10e62db0a14899dc	
member	com.badlogic.gdx.ai.btree.utils.BehaviorTreeParser$DefaultBehaviorTreeReader#findMetadata(Class)	sge.ai.btree.utils.BehaviorTreeParser$DefaultBehaviorTreeReader#findMetadata(Class<?>)	Renamed	body	com/badlogic/gdx/ai/btree/utils/BehaviorTreeParser.java	537	7bd476dd3ec0d6cb	vis=private[BehaviorTreeParser]
member	com.badlogic.gdx.ai.btree.utils.BehaviorTreeParser$DefaultBehaviorTreeReader#getField(Class,String)	sge.ai.btree.utils.BehaviorTreeParser$DefaultBehaviorTreeReader#getField(Class<?>,String)	Renamed	body	com/badlogic/gdx/ai/btree/utils/BehaviorTreeParser.java	384	28b500f5851a1399	vis=private[BehaviorTreeParser]
member	com.badlogic.gdx.ai.btree.utils.BehaviorTreeParser$DefaultBehaviorTreeReader#getImport(String)	sge.ai.btree.utils.BehaviorTreeParser$DefaultBehaviorTreeReader#getImport(String)	Renamed	-	com/badlogic/gdx/ai/btree/utils/BehaviorTreeParser.java	740	3077018d0836109d	
member	com.badlogic.gdx.ai.btree.utils.BehaviorTreeParser$DefaultBehaviorTreeReader#guardChain	sge.ai.btree.utils.BehaviorTreeParser$DefaultBehaviorTreeReader#guardChain	Renamed	-	com/badlogic/gdx/ai/btree/utils/BehaviorTreeParser.java	651	ecda7369f0a321b7	
member	com.badlogic.gdx.ai.btree.utils.BehaviorTreeParser$DefaultBehaviorTreeReader#indent	sge.ai.btree.utils.BehaviorTreeParser$DefaultBehaviorTreeReader#indent	Renamed	-	com/badlogic/gdx/ai/btree/utils/BehaviorTreeParser.java	303	637c3d9b4a812f87	vis=private[BehaviorTreeParser]
member	com.badlogic.gdx.ai.btree.utils.BehaviorTreeParser$DefaultBehaviorTreeReader#initCurrentTree(Task,int)	sge.ai.btree.utils.BehaviorTreeParser$DefaultBehaviorTreeReader#initCurrentTree(Task<E>,int)	Renamed	-	com/badlogic/gdx/ai/btree/utils/BehaviorTreeParser.java	705	90d8050ab33f1784	
member	com.badlogic.gdx.ai.btree.utils.BehaviorTreeParser$DefaultBehaviorTreeReader#isGuard	sge.ai.btree.utils.BehaviorTreeParser$DefaultBehaviorTreeReader#isGuard	Renamed	-	com/badlogic/gdx/ai/btree/utils/BehaviorTreeParser.java	654	84de8687a4dbdb72	
member	com.badlogic.gdx.ai.btree.utils.BehaviorTreeParser$DefaultBehaviorTreeReader#isSubtreeRef	sge.ai.btree.utils.BehaviorTreeParser$DefaultBehaviorTreeReader#isSubtreeRef	Renamed	-	com/badlogic/gdx/ai/btree/utils/BehaviorTreeParser.java	649	7cb8bf3baa67f57a	
member	com.badlogic.gdx.ai.btree.utils.BehaviorTreeParser$DefaultBehaviorTreeReader#getLastStackedTask()	sge.ai.btree.utils.BehaviorTreeParser$DefaultBehaviorTreeReader#lastStackedTask()	Renamed	-	com/badlogic/gdx/ai/btree/utils/BehaviorTreeParser.java	656	3c6f2d0f82c26f38	
member	com.badlogic.gdx.ai.btree.utils.BehaviorTreeParser$DefaultBehaviorTreeReader#metadataCache	sge.ai.btree.utils.BehaviorTreeParser$DefaultBehaviorTreeReader#metadataCache	Renamed	-	com/badlogic/gdx/ai/btree/utils/BehaviorTreeParser.java	298	56118934a7e65b0b	
member	com.badlogic.gdx.ai.btree.utils.BehaviorTreeParser$DefaultBehaviorTreeReader#openTask(String,boolean)	sge.ai.btree.utils.BehaviorTreeParser$DefaultBehaviorTreeReader#openTask(String,boolean)	Renamed	body	com/badlogic/gdx/ai/btree/utils/BehaviorTreeParser.java	480	1d6bd756889b860c	vis=private[BehaviorTreeParser]
member	com.badlogic.gdx.ai.btree.utils.BehaviorTreeParser$DefaultBehaviorTreeReader#parse(Array,int,int)	sge.ai.btree.utils.BehaviorTreeParser$DefaultBehaviorTreeReader#parse(Array<char>,int,int)	Renamed	-	com/badlogic/gdx/ai/btree/utils/BehaviorTreeParser.java	322	a76ec1bfb3cdba3a	
member	com.badlogic.gdx.ai.btree.utils.BehaviorTreeParser$DefaultBehaviorTreeReader#getParser()	sge.ai.btree.utils.BehaviorTreeParser$DefaultBehaviorTreeReader#parser()	Renamed	-	com/badlogic/gdx/ai/btree/utils/BehaviorTreeParser.java	313	6400ec4c40d20f1f	
member	com.badlogic.gdx.ai.btree.utils.BehaviorTreeParser$DefaultBehaviorTreeReader#setParser(BehaviorTreeParser)	sge.ai.btree.utils.BehaviorTreeParser$DefaultBehaviorTreeReader#parser_=(BehaviorTreeParser<E>)	Renamed	-	com/badlogic/gdx/ai/btree/utils/BehaviorTreeParser.java	317	36b4beb64f4a672e	
member	com.badlogic.gdx.ai.btree.utils.BehaviorTreeParser$DefaultBehaviorTreeReader#popAndCheckMinChildren(int)	sge.ai.btree.utils.BehaviorTreeParser$DefaultBehaviorTreeReader#popAndCheckMinChildren(int)	Renamed	-	com/badlogic/gdx/ai/btree/utils/BehaviorTreeParser.java	749	c5e7d4a57d2c2b59	vis=private[BehaviorTreeParser]
member	com.badlogic.gdx.ai.btree.utils.BehaviorTreeParser$DefaultBehaviorTreeReader#getPrevTask	sge.ai.btree.utils.BehaviorTreeParser$DefaultBehaviorTreeReader#prevTask	Renamed	-	com/badlogic/gdx/ai/btree/utils/BehaviorTreeParser.java	650	9e4e9832cec63b18	name=prevTask$field
member	com.badlogic.gdx.ai.btree.utils.BehaviorTreeParser$DefaultBehaviorTreeReader#getPrevTask()	sge.ai.btree.utils.BehaviorTreeParser$DefaultBehaviorTreeReader#prevTask()	Renamed	-	com/badlogic/gdx/ai/btree/utils/BehaviorTreeParser.java	660	550783265e0c75cb	
member	com.badlogic.gdx.ai.btree.utils.BehaviorTreeParser$DefaultBehaviorTreeReader#root	sge.ai.btree.utils.BehaviorTreeParser$DefaultBehaviorTreeReader#root	Renamed	-	com/badlogic/gdx/ai/btree/utils/BehaviorTreeParser.java	300	f2b5eef8602bda16	
member	com.badlogic.gdx.ai.btree.utils.BehaviorTreeParser$DefaultBehaviorTreeReader#setField(TaskField,Task,Object)	sge.ai.btree.utils.BehaviorTreeParser$DefaultBehaviorTreeReader#setField(TaskField,Task<E>,Object)	Renamed	-	com/badlogic/gdx/ai/btree/utils/BehaviorTreeParser.java	392	30b67bfe8eb7c937	vis=private[BehaviorTreeParser]
member	com.badlogic.gdx.ai.btree.utils.BehaviorTreeParser$DefaultBehaviorTreeReader#stack	sge.ai.btree.utils.BehaviorTreeParser$DefaultBehaviorTreeReader#stack	Renamed	-	com/badlogic/gdx/ai/btree/utils/BehaviorTreeParser.java	652	49fd20903e70340c	
member	com.badlogic.gdx.ai.btree.utils.BehaviorTreeParser$DefaultBehaviorTreeReader#stackedTaskException(StackedTask,String)	sge.ai.btree.utils.BehaviorTreeParser$DefaultBehaviorTreeReader#stackedTaskException(StackedTask<E>,String)	Renamed	-	com/badlogic/gdx/ai/btree/utils/BehaviorTreeParser.java	778	479a5e0c338c7871	vis=private[BehaviorTreeParser]
member	com.badlogic.gdx.ai.btree.utils.BehaviorTreeParser$DefaultBehaviorTreeReader#startLine(int)	sge.ai.btree.utils.BehaviorTreeParser$DefaultBehaviorTreeReader#startLine(int)	Renamed	-	com/badlogic/gdx/ai/btree/utils/BehaviorTreeParser.java	340	d217e4d6d221051b	
member	com.badlogic.gdx.ai.btree.utils.BehaviorTreeParser$DefaultBehaviorTreeReader#startStatement(String,boolean,boolean)	sge.ai.btree.utils.BehaviorTreeParser$DefaultBehaviorTreeReader#startStatement(String,boolean,boolean)	Renamed	-	com/badlogic/gdx/ai/btree/utils/BehaviorTreeParser.java	354	9dc9a15532ad901b	
member	com.badlogic.gdx.ai.btree.utils.BehaviorTreeParser$DefaultBehaviorTreeReader#statement	sge.ai.btree.utils.BehaviorTreeParser$DefaultBehaviorTreeReader#statement	Renamed	-	com/badlogic/gdx/ai/btree/utils/BehaviorTreeParser.java	302	49c3a9b8a8c3dab8	
member	com.badlogic.gdx.ai.btree.utils.BehaviorTreeParser$DefaultBehaviorTreeReader#step	sge.ai.btree.utils.BehaviorTreeParser$DefaultBehaviorTreeReader#step	Renamed	-	com/badlogic/gdx/ai/btree/utils/BehaviorTreeParser.java	648	58f848cca39cf9fc	
member	com.badlogic.gdx.ai.btree.utils.BehaviorTreeParser$DefaultBehaviorTreeReader#subtreeName	sge.ai.btree.utils.BehaviorTreeParser$DefaultBehaviorTreeReader#subtreeName	Renamed	-	com/badlogic/gdx/ai/btree/utils/BehaviorTreeParser.java	301	566cc7382885b17b	
member	com.badlogic.gdx.ai.btree.utils.BehaviorTreeParser$DefaultBehaviorTreeReader#subtreeRootTaskInstance(String)	sge.ai.btree.utils.BehaviorTreeParser$DefaultBehaviorTreeReader#subtreeRootTaskInstance(String)	Renamed	-	com/badlogic/gdx/ai/btree/utils/BehaviorTreeParser.java	713	d5939c43cdb4d16c	
member	com.badlogic.gdx.ai.btree.utils.BehaviorTreeParser$DefaultBehaviorTreeReader#subtrees	sge.ai.btree.utils.BehaviorTreeParser$DefaultBehaviorTreeReader#subtrees	Renamed	-	com/badlogic/gdx/ai/btree/utils/BehaviorTreeParser.java	643	2701c5b6cc7937d3	
member	com.badlogic.gdx.ai.btree.utils.BehaviorTreeParser$DefaultBehaviorTreeReader#switchToNewTree(String)	sge.ai.btree.utils.BehaviorTreeParser$DefaultBehaviorTreeReader#switchToNewTree(String)	Renamed	-	com/badlogic/gdx/ai/btree/utils/BehaviorTreeParser.java	695	f26b1442938f8780	
member	com.badlogic.gdx.ai.btree.utils.BehaviorTreeParser$DefaultBehaviorTreeReader#throwAttributeNameException(String,String,String)	sge.ai.btree.utils.BehaviorTreeParser$DefaultBehaviorTreeReader#throwAttributeNameException(String,String,String)	Renamed	-	com/badlogic/gdx/ai/btree/utils/BehaviorTreeParser.java	460	2e5fc95f9cb1d39d	vis=private[BehaviorTreeParser]
member	com.badlogic.gdx.ai.btree.utils.BehaviorTreeParser$DefaultBehaviorTreeReader#throwAttributeTypeException(String,String,String)	sge.ai.btree.utils.BehaviorTreeParser$DefaultBehaviorTreeReader#throwAttributeTypeException(String,String,String)	Renamed	-	com/badlogic/gdx/ai/btree/utils/BehaviorTreeParser.java	467	da4d14502f198b02	vis=private[BehaviorTreeParser]
member	com.badlogic.gdx.ai.btree.utils.BehaviorTreeParser$DefaultBehaviorTreeReader#updateCurrentTask(StackedTask,int,boolean)	sge.ai.btree.utils.BehaviorTreeParser$DefaultBehaviorTreeReader#updateCurrentTask(StackedTask<E>,int,boolean)	Renamed	-	com/badlogic/gdx/ai/btree/utils/BehaviorTreeParser.java	668	6f85c967b60886ea	
member	com.badlogic.gdx.ai.btree.utils.BehaviorTreeParser$DefaultBehaviorTreeReader#userImports	sge.ai.btree.utils.BehaviorTreeParser$DefaultBehaviorTreeReader#userImports	Renamed	-	com/badlogic/gdx/ai/btree/utils/BehaviorTreeParser.java	641	532cac79b8d42894	
member	com.badlogic.gdx.ai.btree.utils.BehaviorTreeParser$DefaultBehaviorTreeReader$AttrInfo#<init>(String,TaskAttribute)	sge.ai.btree.utils.BehaviorTreeParser$DefaultBehaviorTreeReader$AttrInfo#<init>(String,TaskAttribute)	Renamed	-	com/badlogic/gdx/ai/btree/utils/BehaviorTreeParser.java	595	378f0d5d14632f75	
member	com.badlogic.gdx.ai.btree.utils.BehaviorTreeParser$DefaultBehaviorTreeReader$AttrInfo#<stmt1>	sge.ai.btree.utils.BehaviorTreeParser$DefaultBehaviorTreeReader$AttrInfo#<stmt1>	Renamed	-	com/badlogic/gdx/ai/btree/utils/BehaviorTreeParser.java	600	ee797dd1270b9f93	
member	com.badlogic.gdx.ai.btree.utils.BehaviorTreeParser$DefaultBehaviorTreeReader$AttrInfo#<stmt2>	sge.ai.btree.utils.BehaviorTreeParser$DefaultBehaviorTreeReader$AttrInfo#<stmt2>	Renamed	-	com/badlogic/gdx/ai/btree/utils/BehaviorTreeParser.java	601	7bb3a138bbcbaedb	
member	com.badlogic.gdx.ai.btree.utils.BehaviorTreeParser$DefaultBehaviorTreeReader$AttrInfo#<stmt3>	sge.ai.btree.utils.BehaviorTreeParser$DefaultBehaviorTreeReader$AttrInfo#<stmt3>	Renamed	-	com/badlogic/gdx/ai/btree/utils/BehaviorTreeParser.java	602	d690cbabc1154aca	
member	com.badlogic.gdx.ai.btree.utils.BehaviorTreeParser$DefaultBehaviorTreeReader$AttrInfo#fieldName	sge.ai.btree.utils.BehaviorTreeParser$DefaultBehaviorTreeReader$AttrInfo#fieldName	Renamed	-	com/badlogic/gdx/ai/btree/utils/BehaviorTreeParser.java	592	a2d2c14de66c7f71	
member	com.badlogic.gdx.ai.btree.utils.BehaviorTreeParser$DefaultBehaviorTreeReader$AttrInfo#name	sge.ai.btree.utils.BehaviorTreeParser$DefaultBehaviorTreeReader$AttrInfo#name	Renamed	-	com/badlogic/gdx/ai/btree/utils/BehaviorTreeParser.java	591	96dfc852091a194d	
member	com.badlogic.gdx.ai.btree.utils.BehaviorTreeParser$DefaultBehaviorTreeReader$AttrInfo#required	sge.ai.btree.utils.BehaviorTreeParser$DefaultBehaviorTreeReader$AttrInfo#required	Renamed	-	com/badlogic/gdx/ai/btree/utils/BehaviorTreeParser.java	593	34820d56e624ff2e	
member	com.badlogic.gdx.ai.btree.utils.BehaviorTreeParser$DefaultBehaviorTreeReader$Metadata#<stmt1>	sge.ai.btree.utils.BehaviorTreeParser$DefaultBehaviorTreeReader$Metadata#<stmt1>	Renamed	-	com/badlogic/gdx/ai/btree/utils/BehaviorTreeParser.java	584	97554ce5dae77766	
member	com.badlogic.gdx.ai.btree.utils.BehaviorTreeParser$DefaultBehaviorTreeReader$Metadata#<stmt2>	sge.ai.btree.utils.BehaviorTreeParser$DefaultBehaviorTreeReader$Metadata#<stmt2>	Renamed	-	com/badlogic/gdx/ai/btree/utils/BehaviorTreeParser.java	585	3bd2d109c69d1b1a	
member	com.badlogic.gdx.ai.btree.utils.BehaviorTreeParser$DefaultBehaviorTreeReader$Metadata#<stmt3>	sge.ai.btree.utils.BehaviorTreeParser$DefaultBehaviorTreeReader$Metadata#<stmt3>	Renamed	-	com/badlogic/gdx/ai/btree/utils/BehaviorTreeParser.java	586	08d82bb6b001f892	
member	com.badlogic.gdx.ai.btree.utils.BehaviorTreeParser$DefaultBehaviorTreeReader$Metadata#attributes	sge.ai.btree.utils.BehaviorTreeParser$DefaultBehaviorTreeReader$Metadata#attributes	Renamed	-	com/badlogic/gdx/ai/btree/utils/BehaviorTreeParser.java	576	b1d1504400bfc384	
member	com.badlogic.gdx.ai.btree.utils.BehaviorTreeParser$DefaultBehaviorTreeReader$Metadata#maxChildren	sge.ai.btree.utils.BehaviorTreeParser$DefaultBehaviorTreeReader$Metadata#maxChildren	Renamed	-	com/badlogic/gdx/ai/btree/utils/BehaviorTreeParser.java	575	707ac53c34b0163e	
member	com.badlogic.gdx.ai.btree.utils.BehaviorTreeParser$DefaultBehaviorTreeReader$Metadata#minChildren	sge.ai.btree.utils.BehaviorTreeParser$DefaultBehaviorTreeReader$Metadata#minChildren	Renamed	-	com/badlogic/gdx/ai/btree/utils/BehaviorTreeParser.java	574	43a96969c541c1e5	
member	com.badlogic.gdx.ai.btree.utils.BehaviorTreeParser$DefaultBehaviorTreeReader$StackedTask#<stmt1>	sge.ai.btree.utils.BehaviorTreeParser$DefaultBehaviorTreeReader$StackedTask#<stmt1>	Renamed	-	com/badlogic/gdx/ai/btree/utils/BehaviorTreeParser.java	566	cd888a7f6dd74347	
member	com.badlogic.gdx.ai.btree.utils.BehaviorTreeParser$DefaultBehaviorTreeReader$StackedTask#<stmt2>	sge.ai.btree.utils.BehaviorTreeParser$DefaultBehaviorTreeReader$StackedTask#<stmt2>	Renamed	-	com/badlogic/gdx/ai/btree/utils/BehaviorTreeParser.java	567	e2df1b9e2e2e73c2	
member	com.badlogic.gdx.ai.btree.utils.BehaviorTreeParser$DefaultBehaviorTreeReader$StackedTask#<stmt3>	sge.ai.btree.utils.BehaviorTreeParser$DefaultBehaviorTreeReader$StackedTask#<stmt3>	Renamed	-	com/badlogic/gdx/ai/btree/utils/BehaviorTreeParser.java	568	0c2b59ea3ae9f211	
member	com.badlogic.gdx.ai.btree.utils.BehaviorTreeParser$DefaultBehaviorTreeReader$StackedTask#<stmt4>	sge.ai.btree.utils.BehaviorTreeParser$DefaultBehaviorTreeReader$StackedTask#<stmt4>	Renamed	-	com/badlogic/gdx/ai/btree/utils/BehaviorTreeParser.java	569	7e215308dd0e8671	
member	com.badlogic.gdx.ai.btree.utils.BehaviorTreeParser$DefaultBehaviorTreeReader$StackedTask#lineNumber	sge.ai.btree.utils.BehaviorTreeParser$DefaultBehaviorTreeReader$StackedTask#lineNumber	Renamed	-	com/badlogic/gdx/ai/btree/utils/BehaviorTreeParser.java	560	1501a6a95b5ed48a	
member	com.badlogic.gdx.ai.btree.utils.BehaviorTreeParser$DefaultBehaviorTreeReader$StackedTask#metadata	sge.ai.btree.utils.BehaviorTreeParser$DefaultBehaviorTreeReader$StackedTask#metadata	Renamed	-	com/badlogic/gdx/ai/btree/utils/BehaviorTreeParser.java	563	3e4c59ec15db35d2	
member	com.badlogic.gdx.ai.btree.utils.BehaviorTreeParser$DefaultBehaviorTreeReader$StackedTask#name	sge.ai.btree.utils.BehaviorTreeParser$DefaultBehaviorTreeReader$StackedTask#name	Renamed	-	com/badlogic/gdx/ai/btree/utils/BehaviorTreeParser.java	561	1515a25ce2568b92	
member	com.badlogic.gdx.ai.btree.utils.BehaviorTreeParser$DefaultBehaviorTreeReader$StackedTask#task	sge.ai.btree.utils.BehaviorTreeParser$DefaultBehaviorTreeReader$StackedTask#task	Renamed	-	com/badlogic/gdx/ai/btree/utils/BehaviorTreeParser.java	562	2e43b949c818859d	
member	com.badlogic.gdx.ai.btree.utils.BehaviorTreeParser$DefaultBehaviorTreeReader$Statement#attribute(DefaultBehaviorTreeReader,String,Object)	sge.ai.btree.utils.BehaviorTreeParser$DefaultBehaviorTreeReader$Statement#attribute(DefaultBehaviorTreeReader<E>,String,Object)	Renamed	-	com/badlogic/gdx/ai/btree/utils/BehaviorTreeParser.java	291	e224b01215a9eac6	
member	com.badlogic.gdx.ai.btree.utils.BehaviorTreeParser$DefaultBehaviorTreeReader$Statement#enter(DefaultBehaviorTreeReader,String,boolean)	sge.ai.btree.utils.BehaviorTreeParser$DefaultBehaviorTreeReader$Statement#enter(DefaultBehaviorTreeReader<E>,String,boolean)	Renamed	-	com/badlogic/gdx/ai/btree/utils/BehaviorTreeParser.java	290	9a288c6794b02112	
member	com.badlogic.gdx.ai.btree.utils.BehaviorTreeParser$DefaultBehaviorTreeReader$Statement#exit(DefaultBehaviorTreeReader)	sge.ai.btree.utils.BehaviorTreeParser$DefaultBehaviorTreeReader$Statement#exit(DefaultBehaviorTreeReader<E>)	Renamed	-	com/badlogic/gdx/ai/btree/utils/BehaviorTreeParser.java	292	c7e7e76f31f634c8	
member	com.badlogic.gdx.ai.btree.utils.BehaviorTreeParser$DefaultBehaviorTreeReader$Subtree#<init>()	sge.ai.btree.utils.BehaviorTreeParser$DefaultBehaviorTreeReader$Subtree#<init>()	Renamed	-	com/badlogic/gdx/ai/btree/utils/BehaviorTreeParser.java	611	5a5d9c359618390a	
member	com.badlogic.gdx.ai.btree.utils.BehaviorTreeParser$DefaultBehaviorTreeReader$Subtree#<stmt1>	sge.ai.btree.utils.BehaviorTreeParser$DefaultBehaviorTreeReader$Subtree#<stmt1>	Renamed	-	com/badlogic/gdx/ai/btree/utils/BehaviorTreeParser.java	616	e2df1b9e2e2e73c2	
member	com.badlogic.gdx.ai.btree.utils.BehaviorTreeParser$DefaultBehaviorTreeReader$Subtree#<stmt2>	sge.ai.btree.utils.BehaviorTreeParser$DefaultBehaviorTreeReader$Subtree#<stmt2>	Renamed	-	com/badlogic/gdx/ai/btree/utils/BehaviorTreeParser.java	617	1710492b43b93f40	
member	com.badlogic.gdx.ai.btree.utils.BehaviorTreeParser$DefaultBehaviorTreeReader$Subtree#<stmt3>	sge.ai.btree.utils.BehaviorTreeParser$DefaultBehaviorTreeReader$Subtree#<stmt3>	Renamed	-	com/badlogic/gdx/ai/btree/utils/BehaviorTreeParser.java	618	1a177014a3d7b457	
member	com.badlogic.gdx.ai.btree.utils.BehaviorTreeParser$DefaultBehaviorTreeReader$Subtree#init(Task)	sge.ai.btree.utils.BehaviorTreeParser$DefaultBehaviorTreeReader$Subtree#init(Task<E>)	Renamed	-	com/badlogic/gdx/ai/btree/utils/BehaviorTreeParser.java	621	c3aa97dbbd232ff6	
member	com.badlogic.gdx.ai.btree.utils.BehaviorTreeParser$DefaultBehaviorTreeReader$Subtree#inited()	sge.ai.btree.utils.BehaviorTreeParser$DefaultBehaviorTreeReader$Subtree#inited()	Renamed	-	com/badlogic/gdx/ai/btree/utils/BehaviorTreeParser.java	625	3a866d07d28fb792	
member	com.badlogic.gdx.ai.btree.utils.BehaviorTreeParser$DefaultBehaviorTreeReader$Subtree#name	sge.ai.btree.utils.BehaviorTreeParser$DefaultBehaviorTreeReader$Subtree#name	Renamed	-	com/badlogic/gdx/ai/btree/utils/BehaviorTreeParser.java	607	335a13405c1ba996	
member	com.badlogic.gdx.ai.btree.utils.BehaviorTreeParser$DefaultBehaviorTreeReader$Subtree#referenceCount	sge.ai.btree.utils.BehaviorTreeParser$DefaultBehaviorTreeReader$Subtree#referenceCount	Renamed	-	com/badlogic/gdx/ai/btree/utils/BehaviorTreeParser.java	609	fbe06476d1c4ae88	
member	com.badlogic.gdx.ai.btree.utils.BehaviorTreeParser$DefaultBehaviorTreeReader$Subtree#rootTask	sge.ai.btree.utils.BehaviorTreeParser$DefaultBehaviorTreeReader$Subtree#rootTask	Renamed	-	com/badlogic/gdx/ai/btree/utils/BehaviorTreeParser.java	608	be619cc718006078	
member	com.badlogic.gdx.ai.btree.utils.BehaviorTreeParser$DefaultBehaviorTreeReader$Subtree#rootTaskInstance()	sge.ai.btree.utils.BehaviorTreeParser$DefaultBehaviorTreeReader$Subtree#rootTaskInstance()	Renamed	-	com/badlogic/gdx/ai/btree/utils/BehaviorTreeParser.java	633	9d1539dd86078641	
member	com.badlogic.gdx.ai.btree.utils.BehaviorTreeParser$DefaultBehaviorTreeReader$Subtree#isRootTree()	sge.ai.btree.utils.BehaviorTreeParser$DefaultBehaviorTreeReader$Subtree#rootTree()	Renamed	-	com/badlogic/gdx/ai/btree/utils/BehaviorTreeParser.java	629	5983c9468597e043	
member	com.badlogic.gdx.ai.btree.utils.BehaviorTreeReader#<init>()	sge.ai.btree.utils.BehaviorTreeReader#<init>()	Renamed	-	com/badlogic/gdx/ai/btree/utils/BehaviorTreeReader.java	59	54fd6174aa1574d1	
member	com.badlogic.gdx.ai.btree.utils.BehaviorTreeReader#<stmt1>	sge.ai.btree.utils.BehaviorTreeReader#<stmt1>	Renamed	-	com/badlogic/gdx/ai/btree/utils/BehaviorTreeReader.java	64	bb9cf23dfad411b1	
member	com.badlogic.gdx.ai.btree.utils.BehaviorTreeReader#LOG_TAG	sge.ai.btree.utils.BehaviorTreeReader#LOG_TAG	Renamed	-	com/badlogic/gdx/ai/btree/utils/BehaviorTreeReader.java	40	80205841e6ad6424	placement=companion vis=private
member	com.badlogic.gdx.ai.btree.utils.BehaviorTreeReader#_btree_actions	sge.ai.btree.utils.BehaviorTreeReader#_btree_actions	Renamed	-	com/badlogic/gdx/ai/btree/utils/BehaviorTreeReader.java	563	cc4ad158e45bd4b9	placement=companion vis=private
member	com.badlogic.gdx.ai.btree.utils.BehaviorTreeReader#_btree_eof_actions	sge.ai.btree.utils.BehaviorTreeReader#_btree_eof_actions	Renamed	-	com/badlogic/gdx/ai/btree/utils/BehaviorTreeReader.java	724	8394a701737fc140	placement=companion vis=private
member	com.badlogic.gdx.ai.btree.utils.BehaviorTreeReader#_btree_index_offsets	sge.ai.btree.utils.BehaviorTreeReader#_btree_index_offsets	Renamed	-	com/badlogic/gdx/ai/btree/utils/BehaviorTreeReader.java	647	7c58b5f3294580d7	placement=companion vis=private
member	com.badlogic.gdx.ai.btree.utils.BehaviorTreeReader#_btree_indicies	sge.ai.btree.utils.BehaviorTreeReader#_btree_indicies	Renamed	-	com/badlogic/gdx/ai/btree/utils/BehaviorTreeReader.java	679	f0f7a06a9f5d1b33	placement=companion vis=private
member	com.badlogic.gdx.ai.btree.utils.BehaviorTreeReader#_btree_key_offsets	sge.ai.btree.utils.BehaviorTreeReader#_btree_key_offsets	Renamed	-	com/badlogic/gdx/ai/btree/utils/BehaviorTreeReader.java	576	344c4943f11eded0	placement=companion vis=private
member	com.badlogic.gdx.ai.btree.utils.BehaviorTreeReader#_btree_range_lengths	sge.ai.btree.utils.BehaviorTreeReader#_btree_range_lengths	Renamed	-	com/badlogic/gdx/ai/btree/utils/BehaviorTreeReader.java	634	12f5eff40dd4b569	placement=companion vis=private
member	com.badlogic.gdx.ai.btree.utils.BehaviorTreeReader#_btree_single_lengths	sge.ai.btree.utils.BehaviorTreeReader#_btree_single_lengths	Renamed	-	com/badlogic/gdx/ai/btree/utils/BehaviorTreeReader.java	621	afbdfbc51de9a7cc	placement=companion vis=private
member	com.badlogic.gdx.ai.btree.utils.BehaviorTreeReader#_btree_trans_actions	sge.ai.btree.utils.BehaviorTreeReader#_btree_trans_actions	Renamed	-	com/badlogic/gdx/ai/btree/utils/BehaviorTreeReader.java	711	182dad2e7ecf09d4	placement=companion vis=private
member	com.badlogic.gdx.ai.btree.utils.BehaviorTreeReader#_btree_trans_keys	sge.ai.btree.utils.BehaviorTreeReader#_btree_trans_keys	Renamed	-	com/badlogic/gdx/ai/btree/utils/BehaviorTreeReader.java	608	dd0e8951921b795c	placement=companion vis=private
member	com.badlogic.gdx.ai.btree.utils.BehaviorTreeReader#_btree_trans_targs	sge.ai.btree.utils.BehaviorTreeReader#_btree_trans_targs	Renamed	-	com/badlogic/gdx/ai/btree/utils/BehaviorTreeReader.java	695	a35cf11df2fd15db	placement=companion vis=private
member	com.badlogic.gdx.ai.btree.utils.BehaviorTreeReader#attribute(String,Object)	sge.ai.btree.utils.BehaviorTreeReader#attribute(String,Object)	Renamed	-	com/badlogic/gdx/ai/btree/utils/BehaviorTreeReader.java	50	5bcf6cab89f2d869	
member	com.badlogic.gdx.ai.btree.utils.BehaviorTreeReader#btree_en_main	sge.ai.btree.utils.BehaviorTreeReader#btree_en_main	Renamed	-	com/badlogic/gdx/ai/btree/utils/BehaviorTreeReader.java	731	27e69223c51d013f	placement=companion
member	com.badlogic.gdx.ai.btree.utils.BehaviorTreeReader#btree_error	sge.ai.btree.utils.BehaviorTreeReader#btree_error	Renamed	-	com/badlogic/gdx/ai/btree/utils/BehaviorTreeReader.java	729	f4ad0c84a7539710	placement=companion
member	com.badlogic.gdx.ai.btree.utils.BehaviorTreeReader#btree_first_final	sge.ai.btree.utils.BehaviorTreeReader#btree_first_final	Renamed	-	com/badlogic/gdx/ai/btree/utils/BehaviorTreeReader.java	728	d066b898f37207ff	placement=companion
member	com.badlogic.gdx.ai.btree.utils.BehaviorTreeReader#btree_start	sge.ai.btree.utils.BehaviorTreeReader#btree_start	Renamed	-	com/badlogic/gdx/ai/btree/utils/BehaviorTreeReader.java	727	555ccc66c8cd17f4	placement=companion
member	com.badlogic.gdx.ai.btree.utils.BehaviorTreeReader#comment(String)	sge.ai.btree.utils.BehaviorTreeReader#comment(String)	Renamed	-	com/badlogic/gdx/ai/btree/utils/BehaviorTreeReader.java	56	b6e71b19cd3b4621	
member	com.badlogic.gdx.ai.btree.utils.BehaviorTreeReader#containsFloatingPointCharacters(String)	sge.ai.btree.utils.BehaviorTreeReader#containsFloatingPointCharacters(String)	Renamed	-	com/badlogic/gdx/ai/btree/utils/BehaviorTreeReader.java	736	5dfcb2f1654cecd7	placement=companion vis=private
member	com.badlogic.gdx.ai.btree.utils.BehaviorTreeReader#debug	sge.ai.btree.utils.BehaviorTreeReader#debug	Renamed	-	com/badlogic/gdx/ai/btree/utils/BehaviorTreeReader.java	42	73baa38c71d26436	
member	com.badlogic.gdx.ai.btree.utils.BehaviorTreeReader#endLine()	sge.ai.btree.utils.BehaviorTreeReader#endLine()	Renamed	-	com/badlogic/gdx/ai/btree/utils/BehaviorTreeReader.java	54	b38dbb7f7a516365	
member	com.badlogic.gdx.ai.btree.utils.BehaviorTreeReader#endStatement()	sge.ai.btree.utils.BehaviorTreeReader#endStatement()	Renamed	-	com/badlogic/gdx/ai/btree/utils/BehaviorTreeReader.java	52	2f4848cf062c9ef5	
member	com.badlogic.gdx.ai.btree.utils.BehaviorTreeReader#init__btree_actions_0()	sge.ai.btree.utils.BehaviorTreeReader#init__btree_actions_0()	Renamed	-	com/badlogic/gdx/ai/btree/utils/BehaviorTreeReader.java	550	5b47dc2fd6bb4e6a	placement=companion vis=private
member	com.badlogic.gdx.ai.btree.utils.BehaviorTreeReader#init__btree_eof_actions_0()	sge.ai.btree.utils.BehaviorTreeReader#init__btree_eof_actions_0()	Renamed	-	com/badlogic/gdx/ai/btree/utils/BehaviorTreeReader.java	714	ef7e1ada87443683	placement=companion vis=private
member	com.badlogic.gdx.ai.btree.utils.BehaviorTreeReader#init__btree_index_offsets_0()	sge.ai.btree.utils.BehaviorTreeReader#init__btree_index_offsets_0()	Renamed	-	com/badlogic/gdx/ai/btree/utils/BehaviorTreeReader.java	637	eba6a3008ee50642	placement=companion vis=private
member	com.badlogic.gdx.ai.btree.utils.BehaviorTreeReader#init__btree_indicies_0()	sge.ai.btree.utils.BehaviorTreeReader#init__btree_indicies_0()	Renamed	-	com/badlogic/gdx/ai/btree/utils/BehaviorTreeReader.java	650	fcbd9633717d522a	placement=companion vis=private
member	com.badlogic.gdx.ai.btree.utils.BehaviorTreeReader#init__btree_key_offsets_0()	sge.ai.btree.utils.BehaviorTreeReader#init__btree_key_offsets_0()	Renamed	-	com/badlogic/gdx/ai/btree/utils/BehaviorTreeReader.java	566	7bc973a32c013c16	placement=companion vis=private
member	com.badlogic.gdx.ai.btree.utils.BehaviorTreeReader#init__btree_range_lengths_0()	sge.ai.btree.utils.BehaviorTreeReader#init__btree_range_lengths_0()	Renamed	-	com/badlogic/gdx/ai/btree/utils/BehaviorTreeReader.java	624	5fbfa6255d31390e	placement=companion vis=private
member	com.badlogic.gdx.ai.btree.utils.BehaviorTreeReader#init__btree_single_lengths_0()	sge.ai.btree.utils.BehaviorTreeReader#init__btree_single_lengths_0()	Renamed	-	com/badlogic/gdx/ai/btree/utils/BehaviorTreeReader.java	611	9012601c82804ebf	placement=companion vis=private
member	com.badlogic.gdx.ai.btree.utils.BehaviorTreeReader#init__btree_trans_actions_0()	sge.ai.btree.utils.BehaviorTreeReader#init__btree_trans_actions_0()	Renamed	-	com/badlogic/gdx/ai/btree/utils/BehaviorTreeReader.java	698	b458a04987c14a6e	placement=companion vis=private
member	com.badlogic.gdx.ai.btree.utils.BehaviorTreeReader#init__btree_trans_keys_0()	sge.ai.btree.utils.BehaviorTreeReader#init__btree_trans_keys_0()	Renamed	-	com/badlogic/gdx/ai/btree/utils/BehaviorTreeReader.java	579	6f399268a7d2d042	placement=companion vis=private
member	com.badlogic.gdx.ai.btree.utils.BehaviorTreeReader#init__btree_trans_targs_0()	sge.ai.btree.utils.BehaviorTreeReader#init__btree_trans_targs_0()	Renamed	-	com/badlogic/gdx/ai/btree/utils/BehaviorTreeReader.java	682	0bfec0eeeb225844	placement=companion vis=private
member	com.badlogic.gdx.ai.btree.utils.BehaviorTreeReader#lineNumber	sge.ai.btree.utils.BehaviorTreeReader#lineNumber	Renamed	-	com/badlogic/gdx/ai/btree/utils/BehaviorTreeReader.java	43	74c6f655de5fcf2e	
member	com.badlogic.gdx.ai.btree.utils.BehaviorTreeReader#parse(Array,int,int)	sge.ai.btree.utils.BehaviorTreeReader#parse(Array<char>,int,int)	Renamed	-	com/badlogic/gdx/ai/btree/utils/BehaviorTreeReader.java	129	3efb3cc7c7f1a955	
member	com.badlogic.gdx.ai.btree.utils.BehaviorTreeReader#parse(FileHandle)	sge.ai.btree.utils.BehaviorTreeReader#parse(FileHandle)	Renamed	-	com/badlogic/gdx/ai/btree/utils/BehaviorTreeReader.java	116	89f2ec4eafb98f9e	
member	com.badlogic.gdx.ai.btree.utils.BehaviorTreeReader#parse(InputStream)	sge.ai.btree.utils.BehaviorTreeReader#parse(InputStream)	Renamed	-	com/badlogic/gdx/ai/btree/utils/BehaviorTreeReader.java	103	2413eeb0cde2d507	
member	com.badlogic.gdx.ai.btree.utils.BehaviorTreeReader#parse(Reader)	sge.ai.btree.utils.BehaviorTreeReader#parse(Reader)	Renamed	-	com/badlogic/gdx/ai/btree/utils/BehaviorTreeReader.java	78	9c2c19db483dd683	
member	com.badlogic.gdx.ai.btree.utils.BehaviorTreeReader#parse(String)	sge.ai.btree.utils.BehaviorTreeReader#parse(String)	Renamed	-	com/badlogic/gdx/ai/btree/utils/BehaviorTreeReader.java	70	9252e0447ce5654c	
member	com.badlogic.gdx.ai.btree.utils.BehaviorTreeReader#reportsComments	sge.ai.btree.utils.BehaviorTreeReader#reportsComments	Renamed	-	com/badlogic/gdx/ai/btree/utils/BehaviorTreeReader.java	44	1d6df28ee7453b48	
member	com.badlogic.gdx.ai.btree.utils.BehaviorTreeReader#startLine(int)	sge.ai.btree.utils.BehaviorTreeReader#startLine(int)	Renamed	-	com/badlogic/gdx/ai/btree/utils/BehaviorTreeReader.java	46	005f16cfafaaf136	
member	com.badlogic.gdx.ai.btree.utils.BehaviorTreeReader#startStatement(String,boolean,boolean)	sge.ai.btree.utils.BehaviorTreeReader#startStatement(String,boolean,boolean)	Renamed	-	com/badlogic/gdx/ai/btree/utils/BehaviorTreeReader.java	48	3e865c75dbf0276a	
member	com.badlogic.gdx.ai.btree.utils.BehaviorTreeReader#unescape(String)	sge.ai.btree.utils.BehaviorTreeReader#unescape(String)	Renamed	-	com/badlogic/gdx/ai/btree/utils/BehaviorTreeReader.java	748	97170e3b27bd76e6	placement=companion vis=private
member	com.badlogic.gdx.ai.btree.utils.DistributionAdapters#<clinit>	sge.ai.btree.utils.DistributionAdapters#<clinit>	Renamed	-	com/badlogic/gdx/ai/btree/utils/DistributionAdapters.java	160	ed5e8fe5a9ef9168	placement=companion
member	com.badlogic.gdx.ai.btree.utils.DistributionAdapters#<stmt1>	sge.ai.btree.utils.DistributionAdapters#<stmt1>	Renamed	-	com/badlogic/gdx/ai/btree/utils/DistributionAdapters.java	438	8d119fc97bd956dd	
member	com.badlogic.gdx.ai.btree.utils.DistributionAdapters#<stmt2>	sge.ai.btree.utils.DistributionAdapters#<stmt2>	Renamed	-	com/badlogic/gdx/ai/btree/utils/DistributionAdapters.java	439	79204344d7a2c55d	
member	com.badlogic.gdx.ai.btree.utils.DistributionAdapters#<stmt3>	sge.ai.btree.utils.DistributionAdapters#<stmt3>	Renamed	-	com/badlogic/gdx/ai/btree/utils/DistributionAdapters.java	440	de1f9146be659174	
member	com.badlogic.gdx.ai.btree.utils.DistributionAdapters#ADAPTERS	sge.ai.btree.utils.DistributionAdapters#ADAPTERS	Renamed	-	com/badlogic/gdx/ai/btree/utils/DistributionAdapters.java	159	6015c76ac6bc89cf	placement=companion vis=private
member	com.badlogic.gdx.ai.btree.utils.DistributionAdapters#add(Class,Adapter)	sge.ai.btree.utils.DistributionAdapters#add(Class<?>,Adapter<?>)	Renamed	-	com/badlogic/gdx/ai/btree/utils/DistributionAdapters.java	444	1bd67048726f130e	
member	com.badlogic.gdx.ai.btree.utils.DistributionAdapters#invalidNumberOfArgumentsException(int,Array)	sge.ai.btree.utils.DistributionAdapters#invalidNumberOfArgumentsException(int,Array<int>)	Renamed	-	com/badlogic/gdx/ai/btree/utils/DistributionAdapters.java	480	106ceb993922fe88	placement=companion vis=private
member	com.badlogic.gdx.ai.btree.utils.DistributionAdapters#map	sge.ai.btree.utils.DistributionAdapters#map	Renamed	-	com/badlogic/gdx/ai/btree/utils/DistributionAdapters.java	434	59ecb2fb71467681	
member	com.badlogic.gdx.ai.btree.utils.DistributionAdapters#toDistribution(String,Class)	sge.ai.btree.utils.DistributionAdapters#toDistribution(String,Class<T>)	Renamed	-	com/badlogic/gdx/ai/btree/utils/DistributionAdapters.java	456	599699f3686d4548	
member	com.badlogic.gdx.ai.btree.utils.DistributionAdapters#toString(Distribution)	sge.ai.btree.utils.DistributionAdapters#toString(Distribution)	Renamed	-	com/badlogic/gdx/ai/btree/utils/DistributionAdapters.java	471	441a474e2f43eb05	
member	com.badlogic.gdx.ai.btree.utils.DistributionAdapters#typeMap	sge.ai.btree.utils.DistributionAdapters#typeMap	Renamed	-	com/badlogic/gdx/ai/btree/utils/DistributionAdapters.java	435	170385d11d4b271e	
member	com.badlogic.gdx.ai.btree.utils.DistributionAdapters$Adapter#<stmt1>	sge.ai.btree.utils.DistributionAdapters$Adapter#<stmt1>	Renamed	-	com/badlogic/gdx/ai/btree/utils/DistributionAdapters.java	93	22f651532e2c1e4f	
member	com.badlogic.gdx.ai.btree.utils.DistributionAdapters$Adapter#<stmt2>	sge.ai.btree.utils.DistributionAdapters$Adapter#<stmt2>	Renamed	-	com/badlogic/gdx/ai/btree/utils/DistributionAdapters.java	94	3cee554c1a79c2d4	
member	com.badlogic.gdx.ai.btree.utils.DistributionAdapters$Adapter#category	sge.ai.btree.utils.DistributionAdapters$Adapter#category	Renamed	-	com/badlogic/gdx/ai/btree/utils/DistributionAdapters.java	89	968075d060c079be	
member	com.badlogic.gdx.ai.btree.utils.DistributionAdapters$Adapter#parseDouble(String)	sge.ai.btree.utils.DistributionAdapters$Adapter#parseDouble(String)	Renamed	-	com/badlogic/gdx/ai/btree/utils/DistributionAdapters.java	101	5f4b95a1bf6093d1	placement=companion
member	com.badlogic.gdx.ai.btree.utils.DistributionAdapters$Adapter#parseFloat(String)	sge.ai.btree.utils.DistributionAdapters$Adapter#parseFloat(String)	Renamed	-	com/badlogic/gdx/ai/btree/utils/DistributionAdapters.java	109	be93ed60858a9acf	placement=companion
member	com.badlogic.gdx.ai.btree.utils.DistributionAdapters$Adapter#parseInteger(String)	sge.ai.btree.utils.DistributionAdapters$Adapter#parseInteger(String)	Renamed	-	com/badlogic/gdx/ai/btree/utils/DistributionAdapters.java	117	787ae0b0c95ed846	placement=companion
member	com.badlogic.gdx.ai.btree.utils.DistributionAdapters$Adapter#parseLong(String)	sge.ai.btree.utils.DistributionAdapters$Adapter#parseLong(String)	Renamed	-	com/badlogic/gdx/ai/btree/utils/DistributionAdapters.java	125	e2d135c1323171f8	placement=companion
member	com.badlogic.gdx.ai.btree.utils.DistributionAdapters$Adapter#toDistribution(Array)	sge.ai.btree.utils.DistributionAdapters$Adapter#toDistribution(Array<String>)	Renamed	-	com/badlogic/gdx/ai/btree/utils/DistributionAdapters.java	97	08df49527e2bd842	
member	com.badlogic.gdx.ai.btree.utils.DistributionAdapters$Adapter#toParameters(D)	sge.ai.btree.utils.DistributionAdapters$Adapter#toParameters(D)	Renamed	-	com/badlogic/gdx/ai/btree/utils/DistributionAdapters.java	99	31f0badfc4fdc578	
member	com.badlogic.gdx.ai.btree.utils.DistributionAdapters$Adapter#type	sge.ai.btree.utils.DistributionAdapters$Adapter#type	Renamed	-	com/badlogic/gdx/ai/btree/utils/DistributionAdapters.java	90	0105bd5a0e9df517	
member	com.badlogic.gdx.ai.btree.utils.DistributionAdapters$DistributionFormatException#<init>()	sge.ai.btree.utils.DistributionAdapters$DistributionFormatException#<init>()	Renamed	-	com/badlogic/gdx/ai/btree/utils/DistributionAdapters.java	53	69eb350b0f1318c4	
member	com.badlogic.gdx.ai.btree.utils.DistributionAdapters$DistributionFormatException#<init>(String)	sge.ai.btree.utils.DistributionAdapters$DistributionFormatException#<init>(String)	Renamed	-	com/badlogic/gdx/ai/btree/utils/DistributionAdapters.java	60	bf941e1fa8b2b6a6	
member	com.badlogic.gdx.ai.btree.utils.DistributionAdapters$DistributionFormatException#<init>(Throwable)	sge.ai.btree.utils.DistributionAdapters$DistributionFormatException#<init>(Throwable)	Renamed	-	com/badlogic/gdx/ai/btree/utils/DistributionAdapters.java	82	4e00dd3fb7153299	
member	com.badlogic.gdx.ai.btree.utils.PooledBehaviorTreeLibrary#clear()	sge.ai.btree.utils.PooledBehaviorTreeLibrary#clear()	Renamed	-	com/badlogic/gdx/ai/btree/utils/PooledBehaviorTreeLibrary.java	78	ae37089696a03721	
member	com.badlogic.gdx.ai.btree.utils.PooledBehaviorTreeLibrary#clear(String)	sge.ai.btree.utils.PooledBehaviorTreeLibrary#clear(String)	Renamed	-	com/badlogic/gdx/ai/btree/utils/PooledBehaviorTreeLibrary.java	68	9d8663aac3db4272	
member	com.badlogic.gdx.ai.btree.utils.PooledBehaviorTreeLibrary#createBehaviorTree(String,T)	sge.ai.btree.utils.PooledBehaviorTreeLibrary#createBehaviorTree(String,T)	Renamed	-	com/badlogic/gdx/ai/btree/utils/PooledBehaviorTreeLibrary.java	51	f6578fa003e43e37	
member	com.badlogic.gdx.ai.btree.utils.PooledBehaviorTreeLibrary#disposeBehaviorTree(String,BehaviorTree)	sge.ai.btree.utils.PooledBehaviorTreeLibrary#disposeBehaviorTree(String,BehaviorTree<?>)	Renamed	-	com/badlogic/gdx/ai/btree/utils/PooledBehaviorTreeLibrary.java	59	1308c501d876c0b4	
member	com.badlogic.gdx.ai.btree.utils.PooledBehaviorTreeLibrary#getPool(String)	sge.ai.btree.utils.PooledBehaviorTreeLibrary#getPool(String)	Renamed	-	com/badlogic/gdx/ai/btree/utils/PooledBehaviorTreeLibrary.java	26	4187d5a3206649a6	
member	com.badlogic.gdx.ai.btree.utils.PooledBehaviorTreeLibrary#newBehaviorTree(String)	sge.ai.btree.utils.PooledBehaviorTreeLibrary#newBehaviorTree(String)	Renamed	-	com/badlogic/gdx/ai/btree/utils/PooledBehaviorTreeLibrary.java	45	889488742e4cbd6c	
member	com.badlogic.gdx.ai.btree.utils.PooledBehaviorTreeLibrary#pools	sge.ai.btree.utils.PooledBehaviorTreeLibrary#pools	Renamed	-	com/badlogic/gdx/ai/btree/utils/PooledBehaviorTreeLibrary.java	19	585c389289f5c898	
member	com.badlogic.gdx.ai.fma.BoundedSlotAssignmentStrategy#calculateNumberOfSlots(Array)	sge.ai.fma.BoundedSlotAssignmentStrategy#calculateNumberOfSlots(Array<SlotAssignment<T>>)	Renamed	-	com/badlogic/gdx/ai/fma/BoundedSlotAssignmentStrategy.java	38	9ab74a97415227df	
member	com.badlogic.gdx.ai.fma.BoundedSlotAssignmentStrategy#removeSlotAssignment(Array,int)	sge.ai.fma.BoundedSlotAssignmentStrategy#removeSlotAssignment(Array<SlotAssignment<T>>,int)	Renamed	-	com/badlogic/gdx/ai/fma/BoundedSlotAssignmentStrategy.java	52	fedee0e3ae5aeee8	
member	com.badlogic.gdx.ai.fma.BoundedSlotAssignmentStrategy#updateSlotAssignments(Array)	sge.ai.fma.BoundedSlotAssignmentStrategy#updateSlotAssignments(Array<SlotAssignment<T>>)	Renamed	-	com/badlogic/gdx/ai/fma/BoundedSlotAssignmentStrategy.java	35	bd22bdc3acd8ca2f	
member	com.badlogic.gdx.ai.fma.Formation#<init>(Location,FormationPattern)	sge.ai.fma.Formation#<init>(Location<T>,FormationPattern<T>)	Renamed	-	com/badlogic/gdx/ai/fma/Formation.java	68	3395b4ebe2c7f7c0	
member	com.badlogic.gdx.ai.fma.Formation#<init>(Location,FormationPattern,SlotAssignmentStrategy)	sge.ai.fma.Formation#<init>(Location<T>,FormationPattern<T>,SlotAssignmentStrategy<T>)	Renamed	-	com/badlogic/gdx/ai/fma/Formation.java	77	4e157bfb807327df	
member	com.badlogic.gdx.ai.fma.Formation#<stmt1>	sge.ai.fma.Formation#<stmt1>	Renamed	-	com/badlogic/gdx/ai/fma/Formation.java	89	a983baeb6ee130d5	
member	com.badlogic.gdx.ai.fma.Formation#<stmt2>	sge.ai.fma.Formation#<stmt2>	Renamed	-	com/badlogic/gdx/ai/fma/Formation.java	90	a8f01364fc627ccd	
member	com.badlogic.gdx.ai.fma.Formation#<stmt3>	sge.ai.fma.Formation#<stmt3>	Renamed	-	com/badlogic/gdx/ai/fma/Formation.java	91	0bc11db4a9c87501	
member	com.badlogic.gdx.ai.fma.Formation#<stmt4>	sge.ai.fma.Formation#<stmt4>	Renamed	-	com/badlogic/gdx/ai/fma/Formation.java	92	e925b534fe0b5157	
member	com.badlogic.gdx.ai.fma.Formation#<stmt5>	sge.ai.fma.Formation#<stmt5>	Renamed	-	com/badlogic/gdx/ai/fma/Formation.java	93	576bd7239be57b32	
member	com.badlogic.gdx.ai.fma.Formation#<stmt6>	sge.ai.fma.Formation#<stmt6>	Renamed	-	com/badlogic/gdx/ai/fma/Formation.java	95	8b516f5138027e11	
member	com.badlogic.gdx.ai.fma.Formation#<stmt7>	sge.ai.fma.Formation#<stmt7>	Renamed	-	com/badlogic/gdx/ai/fma/Formation.java	96	86ee517bd5623144	
member	com.badlogic.gdx.ai.fma.Formation#<stmt8>	sge.ai.fma.Formation#<stmt8>	Renamed	-	com/badlogic/gdx/ai/fma/Formation.java	97	c4e26c717a52f3e5	
member	com.badlogic.gdx.ai.fma.Formation#addMember(FormationMember)	sge.ai.fma.Formation#addMember(FormationMember<T>)	Renamed	-	com/badlogic/gdx/ai/fma/Formation.java	183	fc3165a423a39fcf	
member	com.badlogic.gdx.ai.fma.Formation#anchor	sge.ai.fma.Formation#anchor	Renamed	-	com/badlogic/gdx/ai/fma/Formation.java	46	5380afb30f7caf6a	
member	com.badlogic.gdx.ai.fma.Formation#getAnchorPoint()	sge.ai.fma.Formation#anchorPoint()	Renamed	-	com/badlogic/gdx/ai/fma/Formation.java	103	c10f286677a4e950	
member	com.badlogic.gdx.ai.fma.Formation#setAnchorPoint(Location)	sge.ai.fma.Formation#anchorPoint_=(Location<T>)	Renamed	-	com/badlogic/gdx/ai/fma/Formation.java	109	f80b873204627853	
member	com.badlogic.gdx.ai.fma.Formation#changePattern(FormationPattern)	sge.ai.fma.Formation#changePattern(FormationPattern<T>)	Renamed	-	com/badlogic/gdx/ai/fma/Formation.java	162	ac7dd544986ae6e3	
member	com.badlogic.gdx.ai.fma.Formation#driftOffset	sge.ai.fma.Formation#driftOffset	Renamed	-	com/badlogic/gdx/ai/fma/Formation.java	61	c3c7485842f5ea5e	
member	com.badlogic.gdx.ai.fma.Formation#findMemberSlot(FormationMember)	sge.ai.fma.Formation#findMemberSlot(FormationMember<T>)	Renamed	-	com/badlogic/gdx/ai/fma/Formation.java	217	359872a839e38208	vis=private
member	com.badlogic.gdx.ai.fma.Formation#getSlotAssignmentAt(int)	sge.ai.fma.Formation#getSlotAssignmentAt(int)	Renamed	-	com/badlogic/gdx/ai/fma/Formation.java	225	d3974b72e64b5a4a	
member	com.badlogic.gdx.ai.fma.Formation#getMotionModerator	sge.ai.fma.Formation#motionModerator	Renamed	-	com/badlogic/gdx/ai/fma/Formation.java	55	c18e08ee94da99de	name=motionModerator$field
member	com.badlogic.gdx.ai.fma.Formation#getMotionModerator()	sge.ai.fma.Formation#motionModerator()	Renamed	-	com/badlogic/gdx/ai/fma/Formation.java	136	9ab1085f527bc7b6	
member	com.badlogic.gdx.ai.fma.Formation#setMotionModerator(FormationMotionModerator)	sge.ai.fma.Formation#motionModerator_=(FormationMotionModerator<T>)	Renamed	-	com/badlogic/gdx/ai/fma/Formation.java	142	fa2d9407ff45dacb	
member	com.badlogic.gdx.ai.fma.Formation#orientationMatrix	sge.ai.fma.Formation#orientationMatrix	Renamed	-	com/badlogic/gdx/ai/fma/Formation.java	58	b3c83d426cfc2a03	vis=private
member	com.badlogic.gdx.ai.fma.Formation#getPattern	sge.ai.fma.Formation#pattern	Renamed	-	com/badlogic/gdx/ai/fma/Formation.java	49	2dfc2995f380aa50	name=pattern$field
member	com.badlogic.gdx.ai.fma.Formation#getPattern()	sge.ai.fma.Formation#pattern()	Renamed	-	com/badlogic/gdx/ai/fma/Formation.java	114	14b99960314598c1	
member	com.badlogic.gdx.ai.fma.Formation#setPattern(FormationPattern)	sge.ai.fma.Formation#pattern_=(FormationPattern<T>)	Renamed	-	com/badlogic/gdx/ai/fma/Formation.java	120	bcddd57ff43b1a43	
member	com.badlogic.gdx.ai.fma.Formation#positionOffset	sge.ai.fma.Formation#positionOffset	Renamed	-	com/badlogic/gdx/ai/fma/Formation.java	57	a1e5d9feb31b1f62	
member	com.badlogic.gdx.ai.fma.Formation#removeMember(FormationMember)	sge.ai.fma.Formation#removeMember(FormationMember<T>)	Renamed	-	com/badlogic/gdx/ai/fma/Formation.java	202	a03141aece97114f	
member	com.badlogic.gdx.ai.fma.Formation#getSlotAssignmentCount()	sge.ai.fma.Formation#slotAssignmentCount()	Renamed	-	com/badlogic/gdx/ai/fma/Formation.java	230	fc67e6000f89ee69	
member	com.badlogic.gdx.ai.fma.Formation#getSlotAssignmentStrategy	sge.ai.fma.Formation#slotAssignmentStrategy	Renamed	-	com/badlogic/gdx/ai/fma/Formation.java	52	61865199c8ed6a85	name=slotAssignmentStrategy$field
member	com.badlogic.gdx.ai.fma.Formation#getSlotAssignmentStrategy()	sge.ai.fma.Formation#slotAssignmentStrategy()	Renamed	-	com/badlogic/gdx/ai/fma/Formation.java	125	95db6df52e6af578	
member	com.badlogic.gdx.ai.fma.Formation#setSlotAssignmentStrategy(SlotAssignmentStrategy)	sge.ai.fma.Formation#slotAssignmentStrategy_=(SlotAssignmentStrategy<T>)	Renamed	-	com/badlogic/gdx/ai/fma/Formation.java	131	8fc824c714d0c17b	
member	com.badlogic.gdx.ai.fma.Formation#slotAssignments	sge.ai.fma.Formation#slotAssignments	Renamed	-	com/badlogic/gdx/ai/fma/Formation.java	43	d5da6c299c448566	
member	com.badlogic.gdx.ai.fma.Formation#updateSlotAssignments()	sge.ai.fma.Formation#updateSlotAssignments()	Renamed	-	com/badlogic/gdx/ai/fma/Formation.java	147	961f31cdb5097dbe	
member	com.badlogic.gdx.ai.fma.Formation#updateSlots()	sge.ai.fma.Formation#updateSlots()	Renamed	-	com/badlogic/gdx/ai/fma/Formation.java	235	307dff26b9f6ba9e	
member	com.badlogic.gdx.ai.fma.FormationMember#getTargetLocation()	sge.ai.fma.FormationMember#targetLocation()	Renamed	-	com/badlogic/gdx/ai/fma/FormationMember.java	32	f5c298cad2cf25d4	
member	com.badlogic.gdx.ai.fma.FormationMotionModerator#calculateDriftOffset(Location,Array,FormationPattern)	sge.ai.fma.FormationMotionModerator#calculateDriftOffset(Location<T>,Array<SlotAssignment<T>>,FormationPattern<T>)	Renamed	-	com/badlogic/gdx/ai/fma/FormationMotionModerator.java	43	41fab14dbf1b585a	
member	com.badlogic.gdx.ai.fma.FormationMotionModerator#tempLocation	sge.ai.fma.FormationMotionModerator#tempLocation	Renamed	-	com/badlogic/gdx/ai/fma/FormationMotionModerator.java	32	6bd861a32f749f4f	vis=private
member	com.badlogic.gdx.ai.fma.FormationMotionModerator#updateAnchorPoint(Location)	sge.ai.fma.FormationMotionModerator#updateAnchorPoint(Location<T>)	Renamed	-	com/badlogic/gdx/ai/fma/FormationMotionModerator.java	36	d4ca6eb1282fe310	
member	com.badlogic.gdx.ai.fma.FormationPattern#calculateSlotLocation(Location,int)	sge.ai.fma.FormationPattern#calculateSlotLocation(Location<T>,int)	Renamed	-	com/badlogic/gdx/ai/fma/FormationPattern.java	38	85ff88d651d5f841	
member	com.badlogic.gdx.ai.fma.FormationPattern#setNumberOfSlots(int)	sge.ai.fma.FormationPattern#setNumberOfSlots(int)	Renamed	-	com/badlogic/gdx/ai/fma/FormationPattern.java	35	af5237fb71bef84d	
member	com.badlogic.gdx.ai.fma.FormationPattern#supportsSlots(int)	sge.ai.fma.FormationPattern#supportsSlots(int)	Renamed	-	com/badlogic/gdx/ai/fma/FormationPattern.java	43	3c56d16bf8736aa4	
member	com.badlogic.gdx.ai.fma.FreeSlotAssignmentStrategy#calculateNumberOfSlots(Array)	sge.ai.fma.FreeSlotAssignmentStrategy#calculateNumberOfSlots(Array<SlotAssignment<T>>)	Renamed	-	com/badlogic/gdx/ai/fma/FreeSlotAssignmentStrategy.java	41	33b4b5aff71f93fd	
member	com.badlogic.gdx.ai.fma.FreeSlotAssignmentStrategy#removeSlotAssignment(Array,int)	sge.ai.fma.FreeSlotAssignmentStrategy#removeSlotAssignment(Array<SlotAssignment<T>>,int)	Renamed	-	com/badlogic/gdx/ai/fma/FreeSlotAssignmentStrategy.java	46	6a2bd8c15edfbf28	
member	com.badlogic.gdx.ai.fma.FreeSlotAssignmentStrategy#updateSlotAssignments(Array)	sge.ai.fma.FreeSlotAssignmentStrategy#updateSlotAssignments(Array<SlotAssignment<T>>)	Renamed	-	com/badlogic/gdx/ai/fma/FreeSlotAssignmentStrategy.java	33	598ea9f68ba5559e	
member	com.badlogic.gdx.ai.fma.SlotAssignment#<init>(FormationMember)	sge.ai.fma.SlotAssignment#<init>(FormationMember<T>)	Renamed	-	com/badlogic/gdx/ai/fma/SlotAssignment.java	33	4f1621f8897fb7f3	
member	com.badlogic.gdx.ai.fma.SlotAssignment#<stmt1>	sge.ai.fma.SlotAssignment#<stmt1>	Renamed	-	com/badlogic/gdx/ai/fma/SlotAssignment.java	40	f66387f608680b80	
member	com.badlogic.gdx.ai.fma.SlotAssignment#<stmt2>	sge.ai.fma.SlotAssignment#<stmt2>	Renamed	-	com/badlogic/gdx/ai/fma/SlotAssignment.java	41	350e6652fc2893b7	
member	com.badlogic.gdx.ai.fma.SlotAssignment#member	sge.ai.fma.SlotAssignment#member	Renamed	-	com/badlogic/gdx/ai/fma/SlotAssignment.java	28	11d356c4605dc43d	
member	com.badlogic.gdx.ai.fma.SlotAssignment#slotNumber	sge.ai.fma.SlotAssignment#slotNumber	Renamed	-	com/badlogic/gdx/ai/fma/SlotAssignment.java	29	bd3bd7a9b8596574	
member	com.badlogic.gdx.ai.fma.SlotAssignmentStrategy#calculateNumberOfSlots(Array)	sge.ai.fma.SlotAssignmentStrategy#calculateNumberOfSlots(Array<SlotAssignment<T>>)	Renamed	-	com/badlogic/gdx/ai/fma/SlotAssignmentStrategy.java	33	3daf78eed562a0f6	
member	com.badlogic.gdx.ai.fma.SlotAssignmentStrategy#removeSlotAssignment(Array,int)	sge.ai.fma.SlotAssignmentStrategy#removeSlotAssignment(Array<SlotAssignment<T>>,int)	Renamed	-	com/badlogic/gdx/ai/fma/SlotAssignmentStrategy.java	36	707c8ec785585066	
member	com.badlogic.gdx.ai.fma.SlotAssignmentStrategy#updateSlotAssignments(Array)	sge.ai.fma.SlotAssignmentStrategy#updateSlotAssignments(Array<SlotAssignment<T>>)	Renamed	-	com/badlogic/gdx/ai/fma/SlotAssignmentStrategy.java	30	686ab47150d3826b	
member	com.badlogic.gdx.ai.fma.SoftRoleSlotAssignmentStrategy#<init>(SlotCostProvider)	sge.ai.fma.SoftRoleSlotAssignmentStrategy#<init>(SlotCostProvider<T>)	Renamed	-	com/badlogic/gdx/ai/fma/SoftRoleSlotAssignmentStrategy.java	55	147b2e6fd59d5de6	
member	com.badlogic.gdx.ai.fma.SoftRoleSlotAssignmentStrategy#<stmt1>	sge.ai.fma.SoftRoleSlotAssignmentStrategy#<stmt1>	Renamed	-	com/badlogic/gdx/ai/fma/SoftRoleSlotAssignmentStrategy.java	63	56c2aeabaae892de	
member	com.badlogic.gdx.ai.fma.SoftRoleSlotAssignmentStrategy#<stmt2>	sge.ai.fma.SoftRoleSlotAssignmentStrategy#<stmt2>	Renamed	-	com/badlogic/gdx/ai/fma/SoftRoleSlotAssignmentStrategy.java	64	da55fc6aba900ef9	
member	com.badlogic.gdx.ai.fma.SoftRoleSlotAssignmentStrategy#<stmt3>	sge.ai.fma.SoftRoleSlotAssignmentStrategy#<stmt3>	Renamed	-	com/badlogic/gdx/ai/fma/SoftRoleSlotAssignmentStrategy.java	66	fe2ee08af827bf03	
member	com.badlogic.gdx.ai.fma.SoftRoleSlotAssignmentStrategy#costThreshold	sge.ai.fma.SoftRoleSlotAssignmentStrategy#costThreshold	Renamed	-	com/badlogic/gdx/ai/fma/SoftRoleSlotAssignmentStrategy.java	49	2b4d7e4ede886caf	
member	com.badlogic.gdx.ai.fma.SoftRoleSlotAssignmentStrategy#filledSlots	sge.ai.fma.SoftRoleSlotAssignmentStrategy#filledSlots	Renamed	-	com/badlogic/gdx/ai/fma/SoftRoleSlotAssignmentStrategy.java	51	cb19826d38531cd3	
member	com.badlogic.gdx.ai.fma.SoftRoleSlotAssignmentStrategy#slotCostProvider	sge.ai.fma.SoftRoleSlotAssignmentStrategy#slotCostProvider	Renamed	-	com/badlogic/gdx/ai/fma/SoftRoleSlotAssignmentStrategy.java	47	8a8075ddf92621f6	
member	com.badlogic.gdx.ai.fma.SoftRoleSlotAssignmentStrategy#updateSlotAssignments(Array)	sge.ai.fma.SoftRoleSlotAssignmentStrategy#updateSlotAssignments(Array<SlotAssignment<T>>)	Renamed	-	com/badlogic/gdx/ai/fma/SoftRoleSlotAssignmentStrategy.java	70	cc4bf3ecf5c9def3	
member	com.badlogic.gdx.ai.fma.SoftRoleSlotAssignmentStrategy$CostAndSlot#<stmt1>	sge.ai.fma.SoftRoleSlotAssignmentStrategy$CostAndSlot#<stmt1>	Renamed	-	com/badlogic/gdx/ai/fma/SoftRoleSlotAssignmentStrategy.java	154	6413dc53d8ebcdb3	
member	com.badlogic.gdx.ai.fma.SoftRoleSlotAssignmentStrategy$CostAndSlot#<stmt2>	sge.ai.fma.SoftRoleSlotAssignmentStrategy$CostAndSlot#<stmt2>	Renamed	-	com/badlogic/gdx/ai/fma/SoftRoleSlotAssignmentStrategy.java	155	b36b777459c89d4d	
member	com.badlogic.gdx.ai.fma.SoftRoleSlotAssignmentStrategy$CostAndSlot#compareTo(CostAndSlot)	sge.ai.fma.SoftRoleSlotAssignmentStrategy$CostAndSlot#compareTo(CostAndSlot<T>)	Renamed	-	com/badlogic/gdx/ai/fma/SoftRoleSlotAssignmentStrategy.java	159	d491e5fac5b744d0	
member	com.badlogic.gdx.ai.fma.SoftRoleSlotAssignmentStrategy$CostAndSlot#cost	sge.ai.fma.SoftRoleSlotAssignmentStrategy$CostAndSlot#cost	Renamed	-	com/badlogic/gdx/ai/fma/SoftRoleSlotAssignmentStrategy.java	150	6535530cf8e18dc0	
member	com.badlogic.gdx.ai.fma.SoftRoleSlotAssignmentStrategy$CostAndSlot#slotNumber	sge.ai.fma.SoftRoleSlotAssignmentStrategy$CostAndSlot#slotNumber	Renamed	-	com/badlogic/gdx/ai/fma/SoftRoleSlotAssignmentStrategy.java	151	3b08f503fa3409f2	
member	com.badlogic.gdx.ai.fma.SoftRoleSlotAssignmentStrategy$MemberAndSlots#<stmt1>	sge.ai.fma.SoftRoleSlotAssignmentStrategy$MemberAndSlots#<stmt1>	Renamed	-	com/badlogic/gdx/ai/fma/SoftRoleSlotAssignmentStrategy.java	170	f8735b01aa72c978	
member	com.badlogic.gdx.ai.fma.SoftRoleSlotAssignmentStrategy$MemberAndSlots#<stmt2>	sge.ai.fma.SoftRoleSlotAssignmentStrategy$MemberAndSlots#<stmt2>	Renamed	-	com/badlogic/gdx/ai/fma/SoftRoleSlotAssignmentStrategy.java	171	10bb03821a2c978f	
member	com.badlogic.gdx.ai.fma.SoftRoleSlotAssignmentStrategy$MemberAndSlots#<stmt3>	sge.ai.fma.SoftRoleSlotAssignmentStrategy$MemberAndSlots#<stmt3>	Renamed	-	com/badlogic/gdx/ai/fma/SoftRoleSlotAssignmentStrategy.java	172	93372616966eb16d	
member	com.badlogic.gdx.ai.fma.SoftRoleSlotAssignmentStrategy$MemberAndSlots#assignmentEase	sge.ai.fma.SoftRoleSlotAssignmentStrategy$MemberAndSlots#assignmentEase	Renamed	-	com/badlogic/gdx/ai/fma/SoftRoleSlotAssignmentStrategy.java	166	ae69a4550cf23a90	
member	com.badlogic.gdx.ai.fma.SoftRoleSlotAssignmentStrategy$MemberAndSlots#compareTo(MemberAndSlots)	sge.ai.fma.SoftRoleSlotAssignmentStrategy$MemberAndSlots#compareTo(MemberAndSlots<T>)	Renamed	-	com/badlogic/gdx/ai/fma/SoftRoleSlotAssignmentStrategy.java	176	2321dcb4a10906fc	
member	com.badlogic.gdx.ai.fma.SoftRoleSlotAssignmentStrategy$MemberAndSlots#costAndSlots	sge.ai.fma.SoftRoleSlotAssignmentStrategy$MemberAndSlots#costAndSlots	Renamed	-	com/badlogic/gdx/ai/fma/SoftRoleSlotAssignmentStrategy.java	167	dc9ab6c0fbcf65b6	
member	com.badlogic.gdx.ai.fma.SoftRoleSlotAssignmentStrategy$MemberAndSlots#member	sge.ai.fma.SoftRoleSlotAssignmentStrategy$MemberAndSlots#member	Renamed	-	com/badlogic/gdx/ai/fma/SoftRoleSlotAssignmentStrategy.java	165	ad75942a5125e9ce	
member	com.badlogic.gdx.ai.fma.SoftRoleSlotAssignmentStrategy$SlotCostProvider#getCost(FormationMember,int)	sge.ai.fma.SoftRoleSlotAssignmentStrategy$SlotCostProvider#getCost(FormationMember<T>,int)	Renamed	-	com/badlogic/gdx/ai/fma/SoftRoleSlotAssignmentStrategy.java	183	dd4b5f370f3b316b	
member	com.badlogic.gdx.ai.fma.patterns.DefensiveCircleFormationPattern#<stmt1>	sge.ai.fma.patterns.DefensiveCircleFormationPattern#<stmt1>	Renamed	-	com/badlogic/gdx/ai/fma/patterns/DefensiveCircleFormationPattern.java	41	0312f3d1ff1c5d6a	
member	com.badlogic.gdx.ai.fma.patterns.DefensiveCircleFormationPattern#calculateSlotLocation(Location,int)	sge.ai.fma.patterns.DefensiveCircleFormationPattern#calculateSlotLocation(Location<T>,int)	Renamed	-	com/badlogic/gdx/ai/fma/patterns/DefensiveCircleFormationPattern.java	50	168284ca319a4de6	
member	com.badlogic.gdx.ai.fma.patterns.DefensiveCircleFormationPattern#memberRadius	sge.ai.fma.patterns.DefensiveCircleFormationPattern#memberRadius	Renamed	-	com/badlogic/gdx/ai/fma/patterns/DefensiveCircleFormationPattern.java	36	d15e736260bf3739	
member	com.badlogic.gdx.ai.fma.patterns.DefensiveCircleFormationPattern#numberOfSlots	sge.ai.fma.patterns.DefensiveCircleFormationPattern#numberOfSlots	Renamed	-	com/badlogic/gdx/ai/fma/patterns/DefensiveCircleFormationPattern.java	33	8825a7314ae34346	
member	com.badlogic.gdx.ai.fma.patterns.DefensiveCircleFormationPattern#setNumberOfSlots(int)	sge.ai.fma.patterns.DefensiveCircleFormationPattern#setNumberOfSlots(int)	Renamed	-	com/badlogic/gdx/ai/fma/patterns/DefensiveCircleFormationPattern.java	45	98c0d2f3af8d88af	
member	com.badlogic.gdx.ai.fma.patterns.DefensiveCircleFormationPattern#supportsSlots(int)	sge.ai.fma.patterns.DefensiveCircleFormationPattern#supportsSlots(int)	Renamed	-	com/badlogic/gdx/ai/fma/patterns/DefensiveCircleFormationPattern.java	76	6bf2f3a5c4166d0f	
member	com.badlogic.gdx.ai.fma.patterns.OffensiveCircleFormationPattern#calculateSlotLocation(Location,int)	sge.ai.fma.patterns.OffensiveCircleFormationPattern#calculateSlotLocation(Location<T>,int)	Renamed	-	com/badlogic/gdx/ai/fma/patterns/OffensiveCircleFormationPattern.java	39	97d1f1e6791ad956	
member	com.badlogic.gdx.ai.fsm.DefaultStateMachine#<init>()	sge.ai.fsm.DefaultStateMachine#<init>()	Renamed	-	com/badlogic/gdx/ai/fsm/DefaultStateMachine.java	42	a37530a8c3c49b56	
member	com.badlogic.gdx.ai.fsm.DefaultStateMachine#<init>(E)	sge.ai.fsm.DefaultStateMachine#<init>(E)	Renamed	-	com/badlogic/gdx/ai/fsm/DefaultStateMachine.java	48	724cbac9a6b952f5	
member	com.badlogic.gdx.ai.fsm.DefaultStateMachine#<init>(E,S)	sge.ai.fsm.DefaultStateMachine#<init>(E,S)	Renamed	-	com/badlogic/gdx/ai/fsm/DefaultStateMachine.java	55	1d55e6b495af26ba	
member	com.badlogic.gdx.ai.fsm.DefaultStateMachine#<stmt1>	sge.ai.fsm.DefaultStateMachine#<stmt1>	Renamed	-	com/badlogic/gdx/ai/fsm/DefaultStateMachine.java	64	d038446e0fb78aea	
member	com.badlogic.gdx.ai.fsm.DefaultStateMachine#<stmt2>	sge.ai.fsm.DefaultStateMachine#<stmt2>	Renamed	-	com/badlogic/gdx/ai/fsm/DefaultStateMachine.java	65	0fecbbf61a7e5fab	
member	com.badlogic.gdx.ai.fsm.DefaultStateMachine#<stmt3>	sge.ai.fsm.DefaultStateMachine#<stmt3>	Renamed	-	com/badlogic/gdx/ai/fsm/DefaultStateMachine.java	66	71bbdc943a06173a	
member	com.badlogic.gdx.ai.fsm.DefaultStateMachine#changeState(S)	sge.ai.fsm.DefaultStateMachine#changeState(S)	Renamed	-	com/badlogic/gdx/ai/fsm/DefaultStateMachine.java	117	e90945310ef42d91	
member	com.badlogic.gdx.ai.fsm.DefaultStateMachine#getCurrentState	sge.ai.fsm.DefaultStateMachine#currentState	Renamed	-	com/badlogic/gdx/ai/fsm/DefaultStateMachine.java	33	b63898354f3182f3	name=currentState$field
member	com.badlogic.gdx.ai.fsm.DefaultStateMachine#getCurrentState()	sge.ai.fsm.DefaultStateMachine#currentState()	Renamed	-	com/badlogic/gdx/ai/fsm/DefaultStateMachine.java	91	9a2f5e72986b086b	
member	com.badlogic.gdx.ai.fsm.DefaultStateMachine#getGlobalState	sge.ai.fsm.DefaultStateMachine#globalState	Renamed	-	com/badlogic/gdx/ai/fsm/DefaultStateMachine.java	39	8537ba2a71daef56	name=globalState$field
member	com.badlogic.gdx.ai.fsm.DefaultStateMachine#getGlobalState()	sge.ai.fsm.DefaultStateMachine#globalState()	Renamed	-	com/badlogic/gdx/ai/fsm/DefaultStateMachine.java	96	4fb2cb975c1b1cda	
member	com.badlogic.gdx.ai.fsm.DefaultStateMachine#setGlobalState(S)	sge.ai.fsm.DefaultStateMachine#globalState_=(S)	Renamed	-	com/badlogic/gdx/ai/fsm/DefaultStateMachine.java	86	49b36d570a92b642	
member	com.badlogic.gdx.ai.fsm.DefaultStateMachine#handleMessage(Telegram)	sge.ai.fsm.DefaultStateMachine#handleMessage(Telegram)	Renamed	-	com/badlogic/gdx/ai/fsm/DefaultStateMachine.java	159	100ea6906206661d	
member	com.badlogic.gdx.ai.fsm.DefaultStateMachine#isInState(S)	sge.ai.fsm.DefaultStateMachine#isInState(S)	Renamed	-	com/badlogic/gdx/ai/fsm/DefaultStateMachine.java	149	1f14e6187207b152	
member	com.badlogic.gdx.ai.fsm.DefaultStateMachine#getOwner	sge.ai.fsm.DefaultStateMachine#owner	Renamed	-	com/badlogic/gdx/ai/fsm/DefaultStateMachine.java	30	6a198ff600bd1436	name=owner$field
member	com.badlogic.gdx.ai.fsm.DefaultStateMachine#getOwner()	sge.ai.fsm.DefaultStateMachine#owner()	Renamed	-	com/badlogic/gdx/ai/fsm/DefaultStateMachine.java	69	a0b1b4572bc4af49	
member	com.badlogic.gdx.ai.fsm.DefaultStateMachine#setOwner(E)	sge.ai.fsm.DefaultStateMachine#owner_=(E)	Renamed	-	com/badlogic/gdx/ai/fsm/DefaultStateMachine.java	75	9c8e9ed392edd7f3	
member	com.badlogic.gdx.ai.fsm.DefaultStateMachine#getPreviousState	sge.ai.fsm.DefaultStateMachine#previousState	Renamed	-	com/badlogic/gdx/ai/fsm/DefaultStateMachine.java	36	ec134ac7f1f91132	name=previousState$field
member	com.badlogic.gdx.ai.fsm.DefaultStateMachine#getPreviousState()	sge.ai.fsm.DefaultStateMachine#previousState()	Renamed	-	com/badlogic/gdx/ai/fsm/DefaultStateMachine.java	101	5f77aa1e44f490eb	
member	com.badlogic.gdx.ai.fsm.DefaultStateMachine#revertToPreviousState()	sge.ai.fsm.DefaultStateMachine#revertToPreviousState()	Renamed	-	com/badlogic/gdx/ai/fsm/DefaultStateMachine.java	132	95860070bea3421c	
member	com.badlogic.gdx.ai.fsm.DefaultStateMachine#setInitialState(S)	sge.ai.fsm.DefaultStateMachine#setInitialState(S)	Renamed	-	com/badlogic/gdx/ai/fsm/DefaultStateMachine.java	80	2ff1c026e6871448	
member	com.badlogic.gdx.ai.fsm.DefaultStateMachine#update()	sge.ai.fsm.DefaultStateMachine#update()	Renamed	-	com/badlogic/gdx/ai/fsm/DefaultStateMachine.java	108	d3a86087c46f7858	
member	com.badlogic.gdx.ai.fsm.StackStateMachine#<init>()	sge.ai.fsm.StackStateMachine#<init>()	Renamed	-	com/badlogic/gdx/ai/fsm/StackStateMachine.java	34	1d7b1c1cc33a16f4	
member	com.badlogic.gdx.ai.fsm.StackStateMachine#<init>(E)	sge.ai.fsm.StackStateMachine#<init>(E)	Renamed	-	com/badlogic/gdx/ai/fsm/StackStateMachine.java	40	7f8ba2f4b74c1a07	
member	com.badlogic.gdx.ai.fsm.StackStateMachine#<init>(E,S)	sge.ai.fsm.StackStateMachine#<init>(E,S)	Renamed	-	com/badlogic/gdx/ai/fsm/StackStateMachine.java	47	2358ee5d32c660b5	
member	com.badlogic.gdx.ai.fsm.StackStateMachine#changeState(S)	sge.ai.fsm.StackStateMachine#changeState(S)	Renamed	-	com/badlogic/gdx/ai/fsm/StackStateMachine.java	85	098a6f17652934ec	
member	com.badlogic.gdx.ai.fsm.StackStateMachine#changeState(S,boolean)	sge.ai.fsm.StackStateMachine#changeState(S,boolean)	Renamed	-	com/badlogic/gdx/ai/fsm/StackStateMachine.java	103	46fa6aba9bd5734a	vis=private
member	com.badlogic.gdx.ai.fsm.StackStateMachine#getCurrentState()	sge.ai.fsm.StackStateMachine#currentState()	Renamed	-	com/badlogic/gdx/ai/fsm/StackStateMachine.java	70	fd2d50bd34ba77cb	
member	com.badlogic.gdx.ai.fsm.StackStateMachine#getPreviousState()	sge.ai.fsm.StackStateMachine#previousState()	Renamed	-	com/badlogic/gdx/ai/fsm/StackStateMachine.java	76	2500c017d38abe4e	
member	com.badlogic.gdx.ai.fsm.StackStateMachine#revertToPreviousState()	sge.ai.fsm.StackStateMachine#revertToPreviousState()	Renamed	-	com/badlogic/gdx/ai/fsm/StackStateMachine.java	93	1fa19b5ecab34f82	
member	com.badlogic.gdx.ai.fsm.StackStateMachine#setInitialState(S)	sge.ai.fsm.StackStateMachine#setInitialState(S)	Renamed	-	com/badlogic/gdx/ai/fsm/StackStateMachine.java	60	4465894f68699e6f	
member	com.badlogic.gdx.ai.fsm.StackStateMachine#stateStack	sge.ai.fsm.StackStateMachine#stateStack	Renamed	-	com/badlogic/gdx/ai/fsm/StackStateMachine.java	31	310954842eaa6809	vis=private
member	com.badlogic.gdx.ai.fsm.State#enter(E)	sge.ai.fsm.State#enter(E)	Renamed	-	com/badlogic/gdx/ai/fsm/State.java	32	bb373117cfc92734	
member	com.badlogic.gdx.ai.fsm.State#exit(E)	sge.ai.fsm.State#exit(E)	Renamed	-	com/badlogic/gdx/ai/fsm/State.java	42	daf2407741c4f49d	
member	com.badlogic.gdx.ai.fsm.State#onMessage(E,Telegram)	sge.ai.fsm.State#onMessage(E,Telegram)	Renamed	-	com/badlogic/gdx/ai/fsm/State.java	50	a618e3bf14129d07	
member	com.badlogic.gdx.ai.fsm.State#update(E)	sge.ai.fsm.State#update(E)	Renamed	-	com/badlogic/gdx/ai/fsm/State.java	37	6f625704c1275b67	
member	com.badlogic.gdx.ai.fsm.StateMachine#changeState(S)	sge.ai.fsm.StateMachine#changeState(S)	Renamed	-	com/badlogic/gdx/ai/fsm/StateMachine.java	40	4378f85434949f0e	
member	com.badlogic.gdx.ai.fsm.StateMachine#getCurrentState()	sge.ai.fsm.StateMachine#currentState()	Renamed	-	com/badlogic/gdx/ai/fsm/StateMachine.java	56	37e91cbdb32c2a94	
member	com.badlogic.gdx.ai.fsm.StateMachine#getGlobalState()	sge.ai.fsm.StateMachine#globalState()	Renamed	-	com/badlogic/gdx/ai/fsm/StateMachine.java	63	44dbedfe6ec0404f	
member	com.badlogic.gdx.ai.fsm.StateMachine#setGlobalState(S)	sge.ai.fsm.StateMachine#globalState_=(S)	Renamed	-	com/badlogic/gdx/ai/fsm/StateMachine.java	53	7a70bcd9318e5011	
member	com.badlogic.gdx.ai.fsm.StateMachine#handleMessage(Telegram)	sge.ai.fsm.StateMachine#handleMessage(Telegram)	Renamed	-	com/badlogic/gdx/ai/fsm/StateMachine.java	80	0be996fc8b474971	
member	com.badlogic.gdx.ai.fsm.StateMachine#isInState(S)	sge.ai.fsm.StateMachine#isInState(S)	Renamed	-	com/badlogic/gdx/ai/fsm/StateMachine.java	71	ade7c0d318b4be8e	
member	com.badlogic.gdx.ai.fsm.StateMachine#getPreviousState()	sge.ai.fsm.StateMachine#previousState()	Renamed	-	com/badlogic/gdx/ai/fsm/StateMachine.java	66	3480a91403cbb962	
member	com.badlogic.gdx.ai.fsm.StateMachine#revertToPreviousState()	sge.ai.fsm.StateMachine#revertToPreviousState()	Renamed	-	com/badlogic/gdx/ai/fsm/StateMachine.java	45	9d9f722398dffba2	
member	com.badlogic.gdx.ai.fsm.StateMachine#setInitialState(S)	sge.ai.fsm.StateMachine#setInitialState(S)	Renamed	-	com/badlogic/gdx/ai/fsm/StateMachine.java	49	4776acaddbf9c9ca	
member	com.badlogic.gdx.ai.fsm.StateMachine#update()	sge.ai.fsm.StateMachine#update()	Renamed	-	com/badlogic/gdx/ai/fsm/StateMachine.java	36	b0d59b0fc0b6990b	
member	com.badlogic.gdx.ai.msg.MessageDispatcher#<init>(Pool)	sge.ai.msg.MessageDispatcher#<init>(Pool<Telegram>)	Renamed	-	com/badlogic/gdx/ai/msg/MessageDispatcher.java	55	d4911666cc7f88bb	
member	com.badlogic.gdx.ai.msg.MessageDispatcher#<stmt1>	sge.ai.msg.MessageDispatcher#<stmt1>	Renamed	-	com/badlogic/gdx/ai/msg/MessageDispatcher.java	56	307a9ba1848f6a51	
member	com.badlogic.gdx.ai.msg.MessageDispatcher#<stmt2>	sge.ai.msg.MessageDispatcher#<stmt2>	Renamed	-	com/badlogic/gdx/ai/msg/MessageDispatcher.java	58	96d76a01e519f42f	
member	com.badlogic.gdx.ai.msg.MessageDispatcher#<stmt3>	sge.ai.msg.MessageDispatcher#<stmt3>	Renamed	-	com/badlogic/gdx/ai/msg/MessageDispatcher.java	59	9f10af7db89bad0d	
member	com.badlogic.gdx.ai.msg.MessageDispatcher#<stmt4>	sge.ai.msg.MessageDispatcher#<stmt4>	Renamed	-	com/badlogic/gdx/ai/msg/MessageDispatcher.java	60	936082a1e012151f	
member	com.badlogic.gdx.ai.msg.MessageDispatcher#<stmt5>	sge.ai.msg.MessageDispatcher#<stmt5>	Renamed	-	com/badlogic/gdx/ai/msg/MessageDispatcher.java	61	fde7fee1a9d7a655	
member	com.badlogic.gdx.ai.msg.MessageDispatcher#LOG_TAG	sge.ai.msg.MessageDispatcher#LOG_TAG	Renamed	-	com/badlogic/gdx/ai/msg/MessageDispatcher.java	31	f48c5f1e7fb81677	placement=companion vis=private
member	com.badlogic.gdx.ai.msg.MessageDispatcher#POOL_GLOBAL	sge.ai.msg.MessageDispatcher#POOL_GLOBAL	Renamed	-	com/badlogic/gdx/ai/msg/MessageDispatcher.java	33	b4b6ed3245ce4af3	placement=companion vis=private
member	com.badlogic.gdx.ai.msg.MessageDispatcher#addListener(Telegraph,int)	sge.ai.msg.MessageDispatcher#addListener(Telegraph,int)	Renamed	-	com/badlogic/gdx/ai/msg/MessageDispatcher.java	78	a941c304314d8127	
member	com.badlogic.gdx.ai.msg.MessageDispatcher#addListeners(Telegraph,Array)	sge.ai.msg.MessageDispatcher#addListeners(Telegraph,Array<int>)	Renamed	-	com/badlogic/gdx/ai/msg/MessageDispatcher.java	106	23327297178f84a8	
member	com.badlogic.gdx.ai.msg.MessageDispatcher#addProvider(TelegramProvider,int)	sge.ai.msg.MessageDispatcher#addProvider(TelegramProvider,int)	Renamed	-	com/badlogic/gdx/ai/msg/MessageDispatcher.java	114	9c3280757e7a1760	
member	com.badlogic.gdx.ai.msg.MessageDispatcher#addProviders(TelegramProvider,Array)	sge.ai.msg.MessageDispatcher#addProviders(TelegramProvider,Array<int>)	Renamed	-	com/badlogic/gdx/ai/msg/MessageDispatcher.java	127	38006309f17015af	
member	com.badlogic.gdx.ai.msg.MessageDispatcher#clear()	sge.ai.msg.MessageDispatcher#clear()	Renamed	-	com/badlogic/gdx/ai/msg/MessageDispatcher.java	198	f1e84fab44668589	
member	com.badlogic.gdx.ai.msg.MessageDispatcher#clearListeners()	sge.ai.msg.MessageDispatcher#clearListeners()	Renamed	-	com/badlogic/gdx/ai/msg/MessageDispatcher.java	166	5abd7a68970b87d1	
member	com.badlogic.gdx.ai.msg.MessageDispatcher#clearListeners(Array)	sge.ai.msg.MessageDispatcher#clearListeners(Array<int>)	Renamed	-	com/badlogic/gdx/ai/msg/MessageDispatcher.java	160	cde08cfe318ebcd1	
member	com.badlogic.gdx.ai.msg.MessageDispatcher#clearListeners(int)	sge.ai.msg.MessageDispatcher#clearListeners(int)	Renamed	-	com/badlogic/gdx/ai/msg/MessageDispatcher.java	153	c7ae16d89ddf48bb	
member	com.badlogic.gdx.ai.msg.MessageDispatcher#clearProviders()	sge.ai.msg.MessageDispatcher#clearProviders()	Renamed	-	com/badlogic/gdx/ai/msg/MessageDispatcher.java	185	a5af99c4bb3cb0a3	
member	com.badlogic.gdx.ai.msg.MessageDispatcher#clearProviders(Array)	sge.ai.msg.MessageDispatcher#clearProviders(Array<int>)	Renamed	-	com/badlogic/gdx/ai/msg/MessageDispatcher.java	179	e687df76d21eddf4	
member	com.badlogic.gdx.ai.msg.MessageDispatcher#clearProviders(int)	sge.ai.msg.MessageDispatcher#clearProviders(int)	Renamed	-	com/badlogic/gdx/ai/msg/MessageDispatcher.java	172	1fb7e109c3037934	
member	com.badlogic.gdx.ai.msg.MessageDispatcher#clearQueue()	sge.ai.msg.MessageDispatcher#clearQueue()	Renamed	-	com/badlogic/gdx/ai/msg/MessageDispatcher.java	190	c78ec20583c72a51	
member	com.badlogic.gdx.ai.msg.MessageDispatcher#isDebugEnabled	sge.ai.msg.MessageDispatcher#debugEnabled	Renamed	-	com/badlogic/gdx/ai/msg/MessageDispatcher.java	48	0380dad65c466aa0	name=debugEnabled$field
member	com.badlogic.gdx.ai.msg.MessageDispatcher#isDebugEnabled()	sge.ai.msg.MessageDispatcher#debugEnabled()	Renamed	-	com/badlogic/gdx/ai/msg/MessageDispatcher.java	65	312f417febe7feed	
member	com.badlogic.gdx.ai.msg.MessageDispatcher#setDebugEnabled(boolean)	sge.ai.msg.MessageDispatcher#debugEnabled_=(boolean)	Renamed	-	com/badlogic/gdx/ai/msg/MessageDispatcher.java	70	9e3e7655fabcb111	
member	com.badlogic.gdx.ai.msg.MessageDispatcher#discharge(Telegram)	sge.ai.msg.MessageDispatcher#discharge(Telegram)	Renamed	-	com/badlogic/gdx/ai/msg/MessageDispatcher.java	580	06958f3b6ff1da95	vis=private
member	com.badlogic.gdx.ai.msg.MessageDispatcher#dispatchMessage(Telegraph,Telegraph,int)	sge.ai.msg.MessageDispatcher#dispatchMessage(Telegraph,Telegraph,int)	Renamed	-	com/badlogic/gdx/ai/msg/MessageDispatcher.java	285	dfc342426d0a5319	
member	com.badlogic.gdx.ai.msg.MessageDispatcher#dispatchMessage(Telegraph,Telegraph,int,Object)	sge.ai.msg.MessageDispatcher#dispatchMessage(Telegraph,Telegraph,int,Object)	Renamed	-	com/badlogic/gdx/ai/msg/MessageDispatcher.java	316	6657a394ef300e99	
member	com.badlogic.gdx.ai.msg.MessageDispatcher#dispatchMessage(Telegraph,Telegraph,int,Object,boolean)	sge.ai.msg.MessageDispatcher#dispatchMessage(Telegraph,Telegraph,int,Object,boolean)	Renamed	-	com/badlogic/gdx/ai/msg/MessageDispatcher.java	333	46799632ad143a23	
member	com.badlogic.gdx.ai.msg.MessageDispatcher#dispatchMessage(Telegraph,Telegraph,int,boolean)	sge.ai.msg.MessageDispatcher#dispatchMessage(Telegraph,Telegraph,int,boolean)	Renamed	-	com/badlogic/gdx/ai/msg/MessageDispatcher.java	301	4e31f8f150331a0f	
member	com.badlogic.gdx.ai.msg.MessageDispatcher#dispatchMessage(Telegraph,int)	sge.ai.msg.MessageDispatcher#dispatchMessage(Telegraph,int)	Renamed	-	com/badlogic/gdx/ai/msg/MessageDispatcher.java	221	0d38456d63a1e676	
member	com.badlogic.gdx.ai.msg.MessageDispatcher#dispatchMessage(Telegraph,int,Object)	sge.ai.msg.MessageDispatcher#dispatchMessage(Telegraph,int,Object)	Renamed	-	com/badlogic/gdx/ai/msg/MessageDispatcher.java	257	37e0e132e28cacc5	
member	com.badlogic.gdx.ai.msg.MessageDispatcher#dispatchMessage(Telegraph,int,Object,boolean)	sge.ai.msg.MessageDispatcher#dispatchMessage(Telegraph,int,Object,boolean)	Renamed	-	com/badlogic/gdx/ai/msg/MessageDispatcher.java	271	6a67284de1084475	
member	com.badlogic.gdx.ai.msg.MessageDispatcher#dispatchMessage(Telegraph,int,boolean)	sge.ai.msg.MessageDispatcher#dispatchMessage(Telegraph,int,boolean)	Renamed	-	com/badlogic/gdx/ai/msg/MessageDispatcher.java	234	e0309ecf2e8bc99e	
member	com.badlogic.gdx.ai.msg.MessageDispatcher#dispatchMessage(float,Telegraph,Telegraph,int)	sge.ai.msg.MessageDispatcher#dispatchMessage(float,Telegraph,Telegraph,int)	Renamed	-	com/badlogic/gdx/ai/msg/MessageDispatcher.java	425	9befdce271dad752	
member	com.badlogic.gdx.ai.msg.MessageDispatcher#dispatchMessage(float,Telegraph,Telegraph,int,Object)	sge.ai.msg.MessageDispatcher#dispatchMessage(float,Telegraph,Telegraph,int,Object)	Renamed	-	com/badlogic/gdx/ai/msg/MessageDispatcher.java	458	1568d716d454771a	
member	com.badlogic.gdx.ai.msg.MessageDispatcher#dispatchMessage(float,Telegraph,Telegraph,int,Object,boolean)	sge.ai.msg.MessageDispatcher#dispatchMessage(float,Telegraph,Telegraph,int,Object,boolean)	Renamed	-	com/badlogic/gdx/ai/msg/MessageDispatcher.java	472	99775b7a0ce516cc	
member	com.badlogic.gdx.ai.msg.MessageDispatcher#dispatchMessage(float,Telegraph,Telegraph,int,boolean)	sge.ai.msg.MessageDispatcher#dispatchMessage(float,Telegraph,Telegraph,int,boolean)	Renamed	-	com/badlogic/gdx/ai/msg/MessageDispatcher.java	442	2e78b89bcc3ddb21	
member	com.badlogic.gdx.ai.msg.MessageDispatcher#dispatchMessage(float,Telegraph,int)	sge.ai.msg.MessageDispatcher#dispatchMessage(float,Telegraph,int)	Renamed	-	com/badlogic/gdx/ai/msg/MessageDispatcher.java	356	a0a1cb962a2f87b5	
member	com.badlogic.gdx.ai.msg.MessageDispatcher#dispatchMessage(float,Telegraph,int,Object)	sge.ai.msg.MessageDispatcher#dispatchMessage(float,Telegraph,int,Object)	Renamed	-	com/badlogic/gdx/ai/msg/MessageDispatcher.java	395	be2ce7912cb49bca	
member	com.badlogic.gdx.ai.msg.MessageDispatcher#dispatchMessage(float,Telegraph,int,Object,boolean)	sge.ai.msg.MessageDispatcher#dispatchMessage(float,Telegraph,int,Object,boolean)	Renamed	-	com/badlogic/gdx/ai/msg/MessageDispatcher.java	410	9990e59283f8f754	
member	com.badlogic.gdx.ai.msg.MessageDispatcher#dispatchMessage(float,Telegraph,int,boolean)	sge.ai.msg.MessageDispatcher#dispatchMessage(float,Telegraph,int,boolean)	Renamed	-	com/badlogic/gdx/ai/msg/MessageDispatcher.java	370	56919ea992644cc0	
member	com.badlogic.gdx.ai.msg.MessageDispatcher#dispatchMessage(float,int)	sge.ai.msg.MessageDispatcher#dispatchMessage(float,int)	Renamed	-	com/badlogic/gdx/ai/msg/MessageDispatcher.java	344	a01cd1dca5409fa6	
member	com.badlogic.gdx.ai.msg.MessageDispatcher#dispatchMessage(float,int,Object)	sge.ai.msg.MessageDispatcher#dispatchMessage(float,int,Object)	Renamed	-	com/badlogic/gdx/ai/msg/MessageDispatcher.java	382	8626d4188a6ec272	
member	com.badlogic.gdx.ai.msg.MessageDispatcher#dispatchMessage(int)	sge.ai.msg.MessageDispatcher#dispatchMessage(int)	Renamed	-	com/badlogic/gdx/ai/msg/MessageDispatcher.java	210	30365ab08f8899bc	
member	com.badlogic.gdx.ai.msg.MessageDispatcher#dispatchMessage(int,Object)	sge.ai.msg.MessageDispatcher#dispatchMessage(int,Object)	Renamed	-	com/badlogic/gdx/ai/msg/MessageDispatcher.java	245	5cb17879328b5b05	
member	com.badlogic.gdx.ai.msg.MessageDispatcher#handleMessage(Telegram)	sge.ai.msg.MessageDispatcher#handleMessage(Telegram)	Renamed	-	com/badlogic/gdx/ai/msg/MessageDispatcher.java	619	606f86e2136a111c	
member	com.badlogic.gdx.ai.msg.MessageDispatcher#msgListeners	sge.ai.msg.MessageDispatcher#msgListeners	Renamed	-	com/badlogic/gdx/ai/msg/MessageDispatcher.java	44	6faebbffcc77d478	
member	com.badlogic.gdx.ai.msg.MessageDispatcher#msgProviders	sge.ai.msg.MessageDispatcher#msgProviders	Renamed	-	com/badlogic/gdx/ai/msg/MessageDispatcher.java	46	69a4d1abd34b7c1e	
member	com.badlogic.gdx.ai.msg.MessageDispatcher#pool	sge.ai.msg.MessageDispatcher#pool	Renamed	-	com/badlogic/gdx/ai/msg/MessageDispatcher.java	40	eae6127e27555913	
member	com.badlogic.gdx.ai.msg.MessageDispatcher#queue	sge.ai.msg.MessageDispatcher#queue	Renamed	-	com/badlogic/gdx/ai/msg/MessageDispatcher.java	42	6b22afafa2ac5c39	
member	com.badlogic.gdx.ai.msg.MessageDispatcher#removeListener(Telegraph,Array)	sge.ai.msg.MessageDispatcher#removeListener(Telegraph,Array<int>)	Renamed	-	com/badlogic/gdx/ai/msg/MessageDispatcher.java	146	8a40e35b0f199937	
member	com.badlogic.gdx.ai.msg.MessageDispatcher#removeListener(Telegraph,int)	sge.ai.msg.MessageDispatcher#removeListener(Telegraph,int)	Renamed	-	com/badlogic/gdx/ai/msg/MessageDispatcher.java	135	ce6a350683c43d14	
member	com.badlogic.gdx.ai.msg.MessageDispatcher#scanQueue(PendingMessageCallback)	sge.ai.msg.MessageDispatcher#scanQueue(PendingMessageCallback)	Renamed	-	com/badlogic/gdx/ai/msg/MessageDispatcher.java	566	e74ee9f68f55e479	
member	com.badlogic.gdx.ai.msg.MessageDispatcher#update()	sge.ai.msg.MessageDispatcher#update()	Renamed	-	com/badlogic/gdx/ai/msg/MessageDispatcher.java	535	f3597b47b1179463	
member	com.badlogic.gdx.ai.msg.MessageDispatcher$PendingMessageCallback#report(float,Telegraph,Telegraph,int,Object,int)	sge.ai.msg.MessageDispatcher$PendingMessageCallback#report(float,Telegraph,Telegraph,int,Object,int)	Renamed	-	com/badlogic/gdx/ai/msg/MessageDispatcher.java	636	a23c202ca82de67d	
member	com.badlogic.gdx.ai.msg.MessageManager#INSTANCE	sge.ai.msg.MessageManager#INSTANCE	Renamed	-	com/badlogic/gdx/ai/msg/MessageManager.java	25	10c5992c15060500	placement=companion vis=private
member	com.badlogic.gdx.ai.msg.MessageManager#getInstance()	sge.ai.msg.MessageManager#getInstance()	Renamed	-	com/badlogic/gdx/ai/msg/MessageManager.java	32	e42af23242682aec	placement=companion
member	com.badlogic.gdx.ai.msg.PriorityQueue#<init>()	sge.ai.msg.PriorityQueue#<init>()	Renamed	-	com/badlogic/gdx/ai/msg/PriorityQueue.java	75	3fcfc4b1ac349ecd	
member	com.badlogic.gdx.ai.msg.PriorityQueue#<stmt1>	sge.ai.msg.PriorityQueue#<stmt1>	Renamed	-	com/badlogic/gdx/ai/msg/PriorityQueue.java	84	ee7f0518a2143f21	
member	com.badlogic.gdx.ai.msg.PriorityQueue#<stmt2>	sge.ai.msg.PriorityQueue#<stmt2>	Renamed	-	com/badlogic/gdx/ai/msg/PriorityQueue.java	85	d46efcc080b349d1	
member	com.badlogic.gdx.ai.msg.PriorityQueue#CAPACITY_RATIO_HI	sge.ai.msg.PriorityQueue#CAPACITY_RATIO_HI	Renamed	-	com/badlogic/gdx/ai/msg/PriorityQueue.java	57	ac25564394384b9a	placement=companion vis=private
member	com.badlogic.gdx.ai.msg.PriorityQueue#CAPACITY_RATIO_LOW	sge.ai.msg.PriorityQueue#CAPACITY_RATIO_LOW	Renamed	-	com/badlogic/gdx/ai/msg/PriorityQueue.java	55	e1b765a4cb0a9ee1	placement=companion vis=private
member	com.badlogic.gdx.ai.msg.PriorityQueue#DEFAULT_INITIAL_CAPACITY	sge.ai.msg.PriorityQueue#DEFAULT_INITIAL_CAPACITY	Renamed	-	com/badlogic/gdx/ai/msg/PriorityQueue.java	53	84f779281f88ce83	placement=companion vis=private
member	com.badlogic.gdx.ai.msg.PriorityQueue#add(E)	sge.ai.msg.PriorityQueue#add(E)	Renamed	-	com/badlogic/gdx/ai/msg/PriorityQueue.java	105	c90ea2da59a4e6b8	
member	com.badlogic.gdx.ai.msg.PriorityQueue#clear()	sge.ai.msg.PriorityQueue#clear()	Renamed	-	com/badlogic/gdx/ai/msg/PriorityQueue.java	142	d347a8d2b9c3f73c	
member	com.badlogic.gdx.ai.msg.PriorityQueue#get(int)	sge.ai.msg.PriorityQueue#get(int)	Renamed	-	com/badlogic/gdx/ai/msg/PriorityQueue.java	132	1501b65ba13c1060	
member	com.badlogic.gdx.ai.msg.PriorityQueue#growToSize(int)	sge.ai.msg.PriorityQueue#growToSize(int)	Renamed	-	com/badlogic/gdx/ai/msg/PriorityQueue.java	204	7f66e6b12cdb91a8	vis=private
member	com.badlogic.gdx.ai.msg.PriorityQueue#peek()	sge.ai.msg.PriorityQueue#peek()	Renamed	-	com/badlogic/gdx/ai/msg/PriorityQueue.java	122	881d930c1329974b	
member	com.badlogic.gdx.ai.msg.PriorityQueue#poll()	sge.ai.msg.PriorityQueue#poll()	Renamed	-	com/badlogic/gdx/ai/msg/PriorityQueue.java	153	c21f18423adec32e	
member	com.badlogic.gdx.ai.msg.PriorityQueue#queue	sge.ai.msg.PriorityQueue#queue	Renamed	-	com/badlogic/gdx/ai/msg/PriorityQueue.java	62	8fad50c90f38f609	
member	com.badlogic.gdx.ai.msg.PriorityQueue#set	sge.ai.msg.PriorityQueue#set	Renamed	-	com/badlogic/gdx/ai/msg/PriorityQueue.java	65	175b31c1352adca9	
member	com.badlogic.gdx.ai.msg.PriorityQueue#siftDown(int,E)	sge.ai.msg.PriorityQueue#siftDown(int,E)	Renamed	-	com/badlogic/gdx/ai/msg/PriorityQueue.java	187	52cba99aabc65cd4	vis=private
member	com.badlogic.gdx.ai.msg.PriorityQueue#siftUp(int,E)	sge.ai.msg.PriorityQueue#siftUp(int,E)	Renamed	-	com/badlogic/gdx/ai/msg/PriorityQueue.java	170	3fd7f821047ee77f	vis=private
member	com.badlogic.gdx.ai.msg.PriorityQueue#size	sge.ai.msg.PriorityQueue#size	Renamed	-	com/badlogic/gdx/ai/msg/PriorityQueue.java	71	c87d42a65e772b72	name=size$field
member	com.badlogic.gdx.ai.msg.PriorityQueue#size()	sge.ai.msg.PriorityQueue#size	Renamed	-	com/badlogic/gdx/ai/msg/PriorityQueue.java	137	bde87904e00565a6	form=parenless
member	com.badlogic.gdx.ai.msg.PriorityQueue#getUniqueness	sge.ai.msg.PriorityQueue#uniqueness	Renamed	-	com/badlogic/gdx/ai/msg/PriorityQueue.java	68	0ca971f6631691af	name=uniqueness$field
member	com.badlogic.gdx.ai.msg.PriorityQueue#getUniqueness()	sge.ai.msg.PriorityQueue#uniqueness()	Renamed	-	com/badlogic/gdx/ai/msg/PriorityQueue.java	89	44f07d3b90b59be4	
member	com.badlogic.gdx.ai.msg.PriorityQueue#setUniqueness(boolean)	sge.ai.msg.PriorityQueue#uniqueness_=(boolean)	Renamed	-	com/badlogic/gdx/ai/msg/PriorityQueue.java	94	33d0747fee7c72b3	
member	com.badlogic.gdx.ai.msg.Telegram#RETURN_RECEIPT_NEEDED	sge.ai.msg.Telegram#RETURN_RECEIPT_NEEDED	Renamed	-	com/badlogic/gdx/ai/msg/Telegram.java	29	343f0d0c5ecda469	placement=companion
member	com.badlogic.gdx.ai.msg.Telegram#RETURN_RECEIPT_SENT	sge.ai.msg.Telegram#RETURN_RECEIPT_SENT	Renamed	-	com/badlogic/gdx/ai/msg/Telegram.java	32	b53d96d2a6d95925	placement=companion
member	com.badlogic.gdx.ai.msg.Telegram#RETURN_RECEIPT_UNNEEDED	sge.ai.msg.Telegram#RETURN_RECEIPT_UNNEEDED	Renamed	-	com/badlogic/gdx/ai/msg/Telegram.java	26	87ec7ef75bd2ba3f	placement=companion
member	com.badlogic.gdx.ai.msg.Telegram#compareTo(Telegram)	sge.ai.msg.Telegram#compareTo(Telegram)	Renamed	-	com/badlogic/gdx/ai/msg/Telegram.java	79	75ae420a3a44920a	
member	com.badlogic.gdx.ai.msg.Telegram#equals(Any)	sge.ai.msg.Telegram#equals(Any)	Renamed	-	com/badlogic/gdx/ai/msg/Telegram.java	96	eecf315aa62f61e4	
member	com.badlogic.gdx.ai.msg.Telegram#extraInfo	sge.ai.msg.Telegram#extraInfo	Renamed	-	com/badlogic/gdx/ai/msg/Telegram.java	52	1e516ee1818ec0a1	
member	com.badlogic.gdx.ai.msg.Telegram#hashCode()	sge.ai.msg.Telegram#hashCode()	Renamed	-	com/badlogic/gdx/ai/msg/Telegram.java	85	3c49dce8a5df3ea8	
member	com.badlogic.gdx.ai.msg.Telegram#message	sge.ai.msg.Telegram#message	Renamed	-	com/badlogic/gdx/ai/msg/Telegram.java	41	ee1433370c02cdc5	
member	com.badlogic.gdx.ai.msg.Telegram#receiver	sge.ai.msg.Telegram#receiver	Renamed	-	com/badlogic/gdx/ai/msg/Telegram.java	38	77b736e105b71223	
member	com.badlogic.gdx.ai.msg.Telegram#reset()	sge.ai.msg.Telegram#reset()	Renamed	-	com/badlogic/gdx/ai/msg/Telegram.java	69	2bb16aa6834884e4	
member	com.badlogic.gdx.ai.msg.Telegram#returnReceiptStatus	sge.ai.msg.Telegram#returnReceiptStatus	Renamed	-	com/badlogic/gdx/ai/msg/Telegram.java	45	ac7b93fb1f55a004	
member	com.badlogic.gdx.ai.msg.Telegram#sender	sge.ai.msg.Telegram#sender	Renamed	-	com/badlogic/gdx/ai/msg/Telegram.java	35	0f7a1be01bc0817a	
member	com.badlogic.gdx.ai.msg.Telegram#getTimestamp	sge.ai.msg.Telegram#timestamp	Renamed	-	com/badlogic/gdx/ai/msg/Telegram.java	49	09423645d24eeb3e	name=timestamp$field
member	com.badlogic.gdx.ai.msg.Telegram#getTimestamp()	sge.ai.msg.Telegram#timestamp()	Renamed	-	com/badlogic/gdx/ai/msg/Telegram.java	59	4d6f148597e0a83a	
member	com.badlogic.gdx.ai.msg.Telegram#setTimestamp(float)	sge.ai.msg.Telegram#timestamp_=(float)	Renamed	-	com/badlogic/gdx/ai/msg/Telegram.java	64	796fcf0abf4b34ac	
member	com.badlogic.gdx.ai.msg.TelegramProvider#provideMessageInfo(int,Telegraph)	sge.ai.msg.TelegramProvider#provideMessageInfo(int,Telegraph)	Renamed	-	com/badlogic/gdx/ai/msg/TelegramProvider.java	30	9440f80c8119ca2a	
member	com.badlogic.gdx.ai.msg.Telegraph#handleMessage(Telegram)	sge.ai.msg.Telegraph#handleMessage(Telegram)	Renamed	-	com/badlogic/gdx/ai/msg/Telegraph.java	26	20dd575dc1a7d28f	
member	com.badlogic.gdx.ai.pfa.Connection#getCost()	sge.ai.pfa.Connection#cost()	Renamed	-	com/badlogic/gdx/ai/pfa/Connection.java	28	561ac85244af308b	
member	com.badlogic.gdx.ai.pfa.Connection#getFromNode()	sge.ai.pfa.Connection#fromNode()	Renamed	-	com/badlogic/gdx/ai/pfa/Connection.java	31	4816274a513c049f	
member	com.badlogic.gdx.ai.pfa.Connection#getToNode()	sge.ai.pfa.Connection#toNode()	Renamed	-	com/badlogic/gdx/ai/pfa/Connection.java	34	cef8f12be79a7e88	
member	com.badlogic.gdx.ai.pfa.DefaultConnection#<stmt1>	sge.ai.pfa.DefaultConnection#<stmt1>	Renamed	-	com/badlogic/gdx/ai/pfa/DefaultConnection.java	30	be321fe410f58527	
member	com.badlogic.gdx.ai.pfa.DefaultConnection#<stmt2>	sge.ai.pfa.DefaultConnection#<stmt2>	Renamed	-	com/badlogic/gdx/ai/pfa/DefaultConnection.java	31	b45ac661ecb5bbf7	
member	com.badlogic.gdx.ai.pfa.DefaultConnection#getCost()	sge.ai.pfa.DefaultConnection#cost()	Renamed	-	com/badlogic/gdx/ai/pfa/DefaultConnection.java	35	e159683df5b2c95e	
member	com.badlogic.gdx.ai.pfa.DefaultConnection#getFromNode	sge.ai.pfa.DefaultConnection#fromNode	Renamed	-	com/badlogic/gdx/ai/pfa/DefaultConnection.java	26	0d5297b5063923e5	name=fromNode$field
member	com.badlogic.gdx.ai.pfa.DefaultConnection#getFromNode()	sge.ai.pfa.DefaultConnection#fromNode()	Renamed	-	com/badlogic/gdx/ai/pfa/DefaultConnection.java	40	d9fab87bb3c6c8d9	
member	com.badlogic.gdx.ai.pfa.DefaultConnection#getToNode	sge.ai.pfa.DefaultConnection#toNode	Renamed	-	com/badlogic/gdx/ai/pfa/DefaultConnection.java	27	b7b290133db7faae	name=toNode$field
member	com.badlogic.gdx.ai.pfa.DefaultConnection#getToNode()	sge.ai.pfa.DefaultConnection#toNode()	Renamed	-	com/badlogic/gdx/ai/pfa/DefaultConnection.java	45	55ee0790b12190f4	
member	com.badlogic.gdx.ai.pfa.DefaultGraphPath#<init>()	sge.ai.pfa.DefaultGraphPath#<init>()	Renamed	-	com/badlogic/gdx/ai/pfa/DefaultGraphPath.java	32	4999ab2d9931e3f3	
member	com.badlogic.gdx.ai.pfa.DefaultGraphPath#<init>(int)	sge.ai.pfa.DefaultGraphPath#<init>(int)	Renamed	-	com/badlogic/gdx/ai/pfa/DefaultGraphPath.java	37	e214d99a22bba242	
member	com.badlogic.gdx.ai.pfa.DefaultGraphPath#<stmt1>	sge.ai.pfa.DefaultGraphPath#<stmt1>	Renamed	-	com/badlogic/gdx/ai/pfa/DefaultGraphPath.java	43	ad6c3d995bbdf44e	
member	com.badlogic.gdx.ai.pfa.DefaultGraphPath#add(N)	sge.ai.pfa.DefaultGraphPath#add(N)	Renamed	-	com/badlogic/gdx/ai/pfa/DefaultGraphPath.java	57	a8a9248ff7d2134a	
member	com.badlogic.gdx.ai.pfa.DefaultGraphPath#clear()	sge.ai.pfa.DefaultGraphPath#clear()	Renamed	-	com/badlogic/gdx/ai/pfa/DefaultGraphPath.java	47	819e1b864f6776c3	
member	com.badlogic.gdx.ai.pfa.DefaultGraphPath#getCount()	sge.ai.pfa.DefaultGraphPath#count()	Renamed	-	com/badlogic/gdx/ai/pfa/DefaultGraphPath.java	52	081104c289d6e101	
member	com.badlogic.gdx.ai.pfa.DefaultGraphPath#get(int)	sge.ai.pfa.DefaultGraphPath#get(int)	Renamed	-	com/badlogic/gdx/ai/pfa/DefaultGraphPath.java	62	c95aa893d35f731d	
member	com.badlogic.gdx.ai.pfa.DefaultGraphPath#iterator()	sge.ai.pfa.DefaultGraphPath#iterator()	Renamed	-	com/badlogic/gdx/ai/pfa/DefaultGraphPath.java	72	6938755e37dd6053	
member	com.badlogic.gdx.ai.pfa.DefaultGraphPath#nodes	sge.ai.pfa.DefaultGraphPath#nodes	Renamed	-	com/badlogic/gdx/ai/pfa/DefaultGraphPath.java	29	f8e987e2e4f982f7	
member	com.badlogic.gdx.ai.pfa.DefaultGraphPath#reverse()	sge.ai.pfa.DefaultGraphPath#reverse()	Renamed	-	com/badlogic/gdx/ai/pfa/DefaultGraphPath.java	67	4d80b9d09c6e0764	
member	com.badlogic.gdx.ai.pfa.Graph#getConnections(N)	sge.ai.pfa.Graph#getConnections(N)	Renamed	-	com/badlogic/gdx/ai/pfa/Graph.java	31	c470cb08c45eb414	
member	com.badlogic.gdx.ai.pfa.GraphPath#add(N)	sge.ai.pfa.GraphPath#add(N)	Renamed	-	com/badlogic/gdx/ai/pfa/GraphPath.java	34	aeb44f263f6eaf14	
member	com.badlogic.gdx.ai.pfa.GraphPath#clear()	sge.ai.pfa.GraphPath#clear()	Renamed	-	com/badlogic/gdx/ai/pfa/GraphPath.java	37	e1c479777f18cc44	
member	com.badlogic.gdx.ai.pfa.GraphPath#getCount()	sge.ai.pfa.GraphPath#count()	Renamed	-	com/badlogic/gdx/ai/pfa/GraphPath.java	28	0e1fab1fa77a8481	
member	com.badlogic.gdx.ai.pfa.GraphPath#get(int)	sge.ai.pfa.GraphPath#get(int)	Renamed	-	com/badlogic/gdx/ai/pfa/GraphPath.java	31	66f63c90397728e3	
member	com.badlogic.gdx.ai.pfa.GraphPath#reverse()	sge.ai.pfa.GraphPath#reverse()	Renamed	-	com/badlogic/gdx/ai/pfa/GraphPath.java	40	d6cd1b7653120c04	
member	com.badlogic.gdx.ai.pfa.Heuristic#estimate(N,N)	sge.ai.pfa.Heuristic#estimate(N,N)	Renamed	-	com/badlogic/gdx/ai/pfa/Heuristic.java	35	94b1d7c04e0bd2c5	
member	com.badlogic.gdx.ai.pfa.HierarchicalGraph#convertNodeBetweenLevels(int,N,int)	sge.ai.pfa.HierarchicalGraph#convertNodeBetweenLevels(int,N,int)	Renamed	-	com/badlogic/gdx/ai/pfa/HierarchicalGraph.java	40	e067cb566868e9ac	
member	com.badlogic.gdx.ai.pfa.HierarchicalGraph#getLevelCount()	sge.ai.pfa.HierarchicalGraph#levelCount()	Renamed	-	com/badlogic/gdx/ai/pfa/HierarchicalGraph.java	28	4ba69a255e1f0086	
member	com.badlogic.gdx.ai.pfa.HierarchicalGraph#setLevel(int)	sge.ai.pfa.HierarchicalGraph#setLevel(int)	Renamed	-	com/badlogic/gdx/ai/pfa/HierarchicalGraph.java	33	c7e8ddd7b037ee70	
member	com.badlogic.gdx.ai.pfa.HierarchicalPathFinder#<stmt1>	sge.ai.pfa.HierarchicalPathFinder#<stmt1>	Renamed	-	com/badlogic/gdx/ai/pfa/HierarchicalPathFinder.java	48	75860eedd6637294	
member	com.badlogic.gdx.ai.pfa.HierarchicalPathFinder#<stmt2>	sge.ai.pfa.HierarchicalPathFinder#<stmt2>	Renamed	-	com/badlogic/gdx/ai/pfa/HierarchicalPathFinder.java	49	33794bf279b9ec88	
member	com.badlogic.gdx.ai.pfa.HierarchicalPathFinder#<stmt3>	sge.ai.pfa.HierarchicalPathFinder#<stmt3>	Renamed	-	com/badlogic/gdx/ai/pfa/HierarchicalPathFinder.java	50	ecc9487b78e36440	
member	com.badlogic.gdx.ai.pfa.HierarchicalPathFinder#<stmt4>	sge.ai.pfa.HierarchicalPathFinder#<stmt4>	Renamed	-	com/badlogic/gdx/ai/pfa/HierarchicalPathFinder.java	51	9d37c92ea8eceea8	
member	com.badlogic.gdx.ai.pfa.HierarchicalPathFinder#DEBUG	sge.ai.pfa.HierarchicalPathFinder#DEBUG	Renamed	-	com/badlogic/gdx/ai/pfa/HierarchicalPathFinder.java	40	52bf96fe576ab9d2	placement=companion
member	com.badlogic.gdx.ai.pfa.HierarchicalPathFinder#TAG	sge.ai.pfa.HierarchicalPathFinder#TAG	Renamed	-	com/badlogic/gdx/ai/pfa/HierarchicalPathFinder.java	38	3c17f93ee6797795	placement=companion vis=private
member	com.badlogic.gdx.ai.pfa.HierarchicalPathFinder#graph	sge.ai.pfa.HierarchicalPathFinder#graph	Renamed	-	com/badlogic/gdx/ai/pfa/HierarchicalPathFinder.java	42	a321fa92c0ed3926	
member	com.badlogic.gdx.ai.pfa.HierarchicalPathFinder#levelPathFinder	sge.ai.pfa.HierarchicalPathFinder#levelPathFinder	Renamed	-	com/badlogic/gdx/ai/pfa/HierarchicalPathFinder.java	43	ff83278fb29f32ed	
member	com.badlogic.gdx.ai.pfa.HierarchicalPathFinder#levelRequest	sge.ai.pfa.HierarchicalPathFinder#levelRequest	Renamed	-	com/badlogic/gdx/ai/pfa/HierarchicalPathFinder.java	44	696dd919f8cf253a	
member	com.badlogic.gdx.ai.pfa.HierarchicalPathFinder#levelRequestControl	sge.ai.pfa.HierarchicalPathFinder#levelRequestControl	Renamed	-	com/badlogic/gdx/ai/pfa/HierarchicalPathFinder.java	45	1c92171dd48a41cf	
member	com.badlogic.gdx.ai.pfa.HierarchicalPathFinder#search(PathFinderRequest,long)	sge.ai.pfa.HierarchicalPathFinder#search(PathFinderRequest<N>,long)	Renamed	-	com/badlogic/gdx/ai/pfa/HierarchicalPathFinder.java	153	4165e6b29ab4752d	
member	com.badlogic.gdx.ai.pfa.HierarchicalPathFinder#searchConnectionPath(N,N,Heuristic,GraphPath)	sge.ai.pfa.HierarchicalPathFinder#searchConnectionPath(N,N,Heuristic<N>,GraphPath<Connection<N>>)	Renamed	-	com/badlogic/gdx/ai/pfa/HierarchicalPathFinder.java	104	637324bb11276f27	
member	com.badlogic.gdx.ai.pfa.HierarchicalPathFinder#searchNodePath(N,N,Heuristic,GraphPath)	sge.ai.pfa.HierarchicalPathFinder#searchNodePath(N,N,Heuristic<N>,GraphPath<N>)	Renamed	-	com/badlogic/gdx/ai/pfa/HierarchicalPathFinder.java	55	56ec28aab976a46c	
member	com.badlogic.gdx.ai.pfa.HierarchicalPathFinder$LevelPathFinderRequest#currentLevel	sge.ai.pfa.HierarchicalPathFinder$LevelPathFinderRequest#currentLevel	Renamed	-	com/badlogic/gdx/ai/pfa/HierarchicalPathFinder.java	220	9704848222922032	
member	com.badlogic.gdx.ai.pfa.HierarchicalPathFinder$LevelPathFinderRequest#finalizeSearch(long)	sge.ai.pfa.HierarchicalPathFinder$LevelPathFinderRequest#finalizeSearch(long)	Renamed	-	com/badlogic/gdx/ai/pfa/HierarchicalPathFinder.java	271	789957a7fd8e0874	
member	com.badlogic.gdx.ai.pfa.HierarchicalPathFinder$LevelPathFinderRequest#hpf	sge.ai.pfa.HierarchicalPathFinder$LevelPathFinderRequest#hpf	Renamed	-	com/badlogic/gdx/ai/pfa/HierarchicalPathFinder.java	216	d210a5b2b58b4b06	
member	com.badlogic.gdx.ai.pfa.HierarchicalPathFinder$LevelPathFinderRequest#hpfRequest	sge.ai.pfa.HierarchicalPathFinder$LevelPathFinderRequest#hpfRequest	Renamed	-	com/badlogic/gdx/ai/pfa/HierarchicalPathFinder.java	217	55ef862778b66a76	
member	com.badlogic.gdx.ai.pfa.HierarchicalPathFinder$LevelPathFinderRequest#initializeSearch(long)	sge.ai.pfa.HierarchicalPathFinder$LevelPathFinderRequest#initializeSearch(long)	Renamed	-	com/badlogic/gdx/ai/pfa/HierarchicalPathFinder.java	223	328dd22560169566	
member	com.badlogic.gdx.ai.pfa.HierarchicalPathFinder$LevelPathFinderRequest#levelOfNodes	sge.ai.pfa.HierarchicalPathFinder$LevelPathFinderRequest#levelOfNodes	Renamed	-	com/badlogic/gdx/ai/pfa/HierarchicalPathFinder.java	219	62425199acb1c304	
member	com.badlogic.gdx.ai.pfa.HierarchicalPathFinder$LevelPathFinderRequest#search(PathFinder,long)	sge.ai.pfa.HierarchicalPathFinder$LevelPathFinderRequest#search(PathFinder<N>,long)	Renamed	-	com/badlogic/gdx/ai/pfa/HierarchicalPathFinder.java	265	b1b5d06cb773aa09	
member	com.badlogic.gdx.ai.pfa.PathFinder#search(PathFinderRequest,long)	sge.ai.pfa.PathFinder#search(PathFinderRequest<N>,long)	Renamed	-	com/badlogic/gdx/ai/pfa/PathFinder.java	57	6180bd7b3ca2f026	
member	com.badlogic.gdx.ai.pfa.PathFinder#searchConnectionPath(N,N,Heuristic,GraphPath)	sge.ai.pfa.PathFinder#searchConnectionPath(N,N,Heuristic<N>,GraphPath<Connection<N>>)	Renamed	-	com/badlogic/gdx/ai/pfa/PathFinder.java	39	99a370c673455225	
member	com.badlogic.gdx.ai.pfa.PathFinder#searchNodePath(N,N,Heuristic,GraphPath)	sge.ai.pfa.PathFinder#searchNodePath(N,N,Heuristic<N>,GraphPath<N>)	Renamed	-	com/badlogic/gdx/ai/pfa/PathFinder.java	49	651cef63fd476649	
member	com.badlogic.gdx.ai.pfa.PathFinderQueue#<stmt1>	sge.ai.pfa.PathFinderQueue#<stmt1>	Renamed	-	com/badlogic/gdx/ai/pfa/PathFinderQueue.java	41	c5c56bc3cc5ac20c	
member	com.badlogic.gdx.ai.pfa.PathFinderQueue#<stmt2>	sge.ai.pfa.PathFinderQueue#<stmt2>	Renamed	-	com/badlogic/gdx/ai/pfa/PathFinderQueue.java	42	6e8fc8d97eaf18eb	
member	com.badlogic.gdx.ai.pfa.PathFinderQueue#<stmt3>	sge.ai.pfa.PathFinderQueue#<stmt3>	Renamed	-	com/badlogic/gdx/ai/pfa/PathFinderQueue.java	43	64dd90ef4967f5ff	
member	com.badlogic.gdx.ai.pfa.PathFinderQueue#<stmt4>	sge.ai.pfa.PathFinderQueue#<stmt4>	Renamed	-	com/badlogic/gdx/ai/pfa/PathFinderQueue.java	44	57dd7d15ae3461aa	
member	com.badlogic.gdx.ai.pfa.PathFinderQueue#TIME_TOLERANCE	sge.ai.pfa.PathFinderQueue#TIME_TOLERANCE	Renamed	-	com/badlogic/gdx/ai/pfa/PathFinderQueue.java	30	faa54532309bc50e	placement=companion
member	com.badlogic.gdx.ai.pfa.PathFinderQueue#currentRequest	sge.ai.pfa.PathFinderQueue#currentRequest	Renamed	-	com/badlogic/gdx/ai/pfa/PathFinderQueue.java	36	ac6f73bf8671d8b5	
member	com.badlogic.gdx.ai.pfa.PathFinderQueue#handleMessage(Telegram)	sge.ai.pfa.PathFinderQueue#handleMessage(Telegram)	Renamed	-	com/badlogic/gdx/ai/pfa/PathFinderQueue.java	72	38645d88d37827a8	
member	com.badlogic.gdx.ai.pfa.PathFinderQueue#pathFinder	sge.ai.pfa.PathFinderQueue#pathFinder	Renamed	-	com/badlogic/gdx/ai/pfa/PathFinderQueue.java	34	93422ffd019c6f47	
member	com.badlogic.gdx.ai.pfa.PathFinderQueue#requestControl	sge.ai.pfa.PathFinderQueue#requestControl	Renamed	-	com/badlogic/gdx/ai/pfa/PathFinderQueue.java	38	200a7d35d9bb8bca	
member	com.badlogic.gdx.ai.pfa.PathFinderQueue#requestQueue	sge.ai.pfa.PathFinderQueue#requestQueue	Renamed	-	com/badlogic/gdx/ai/pfa/PathFinderQueue.java	32	18d958a7b2daefa4	
member	com.badlogic.gdx.ai.pfa.PathFinderQueue#run(long)	sge.ai.pfa.PathFinderQueue#run(long)	Renamed	-	com/badlogic/gdx/ai/pfa/PathFinderQueue.java	48	ac7559a6a186f311	
member	com.badlogic.gdx.ai.pfa.PathFinderQueue#size()	sge.ai.pfa.PathFinderQueue#size	Renamed	-	com/badlogic/gdx/ai/pfa/PathFinderQueue.java	83	bf8a84ff883c0085	form=parenless
member	com.badlogic.gdx.ai.pfa.PathFinderRequest#<init>()	sge.ai.pfa.PathFinderRequest#<init>()	Renamed	-	com/badlogic/gdx/ai/pfa/PathFinderRequest.java	49	85dc34c9053c4fe7	
member	com.badlogic.gdx.ai.pfa.PathFinderRequest#<init>(N,N,Heuristic,GraphPath)	sge.ai.pfa.PathFinderRequest#<init>(N,N,Heuristic<N>,GraphPath<N>)	Renamed	-	com/badlogic/gdx/ai/pfa/PathFinderRequest.java	54	4fb98b8fb7b39cbc	
member	com.badlogic.gdx.ai.pfa.PathFinderRequest#<init>(N,N,Heuristic,GraphPath,MessageDispatcher)	sge.ai.pfa.PathFinderRequest#<init>(N,N,Heuristic<N>,GraphPath<N>,MessageDispatcher)	Renamed	-	com/badlogic/gdx/ai/pfa/PathFinderRequest.java	59	b3bd9f743e0ad6f2	
member	com.badlogic.gdx.ai.pfa.PathFinderRequest#SEARCH_DONE	sge.ai.pfa.PathFinderRequest#SEARCH_DONE	Renamed	-	com/badlogic/gdx/ai/pfa/PathFinderRequest.java	33	ed62866069ae6b2b	placement=companion
member	com.badlogic.gdx.ai.pfa.PathFinderRequest#SEARCH_FINALIZED	sge.ai.pfa.PathFinderRequest#SEARCH_FINALIZED	Renamed	-	com/badlogic/gdx/ai/pfa/PathFinderRequest.java	34	0eab7d1f1bdb544b	placement=companion
member	com.badlogic.gdx.ai.pfa.PathFinderRequest#SEARCH_INITIALIZED	sge.ai.pfa.PathFinderRequest#SEARCH_INITIALIZED	Renamed	-	com/badlogic/gdx/ai/pfa/PathFinderRequest.java	32	6fe5213c5efa6209	placement=companion
member	com.badlogic.gdx.ai.pfa.PathFinderRequest#SEARCH_NEW	sge.ai.pfa.PathFinderRequest#SEARCH_NEW	Renamed	-	com/badlogic/gdx/ai/pfa/PathFinderRequest.java	31	70ee037342782410	placement=companion
member	com.badlogic.gdx.ai.pfa.PathFinderRequest#changeStatus(int)	sge.ai.pfa.PathFinderRequest#changeStatus(int)	Renamed	-	com/badlogic/gdx/ai/pfa/PathFinderRequest.java	72	efdeb23acdbb4d49	
member	com.badlogic.gdx.ai.pfa.PathFinderRequest#client	sge.ai.pfa.PathFinderRequest#client	Renamed	-	com/badlogic/gdx/ai/pfa/PathFinderRequest.java	44	345d220ba63848df	
member	com.badlogic.gdx.ai.pfa.PathFinderRequest#dispatcher	sge.ai.pfa.PathFinderRequest#dispatcher	Renamed	-	com/badlogic/gdx/ai/pfa/PathFinderRequest.java	46	526e3e3e11f4615e	
member	com.badlogic.gdx.ai.pfa.PathFinderRequest#endNode	sge.ai.pfa.PathFinderRequest#endNode	Renamed	-	com/badlogic/gdx/ai/pfa/PathFinderRequest.java	37	ba0847fcde4775fe	
member	com.badlogic.gdx.ai.pfa.PathFinderRequest#executionFrames	sge.ai.pfa.PathFinderRequest#executionFrames	Renamed	-	com/badlogic/gdx/ai/pfa/PathFinderRequest.java	40	acff4a518b9e827d	
member	com.badlogic.gdx.ai.pfa.PathFinderRequest#finalizeSearch(long)	sge.ai.pfa.PathFinderRequest#finalizeSearch(long)	Renamed	-	com/badlogic/gdx/ai/pfa/PathFinderRequest.java	95	841034bebb5f05d0	
member	com.badlogic.gdx.ai.pfa.PathFinderRequest#heuristic	sge.ai.pfa.PathFinderRequest#heuristic	Renamed	-	com/badlogic/gdx/ai/pfa/PathFinderRequest.java	38	0e2d331655c1b323	
member	com.badlogic.gdx.ai.pfa.PathFinderRequest#initializeSearch(long)	sge.ai.pfa.PathFinderRequest#initializeSearch(long)	Renamed	-	com/badlogic/gdx/ai/pfa/PathFinderRequest.java	80	057882e7d1846bc8	
member	com.badlogic.gdx.ai.pfa.PathFinderRequest#pathFound	sge.ai.pfa.PathFinderRequest#pathFound	Renamed	-	com/badlogic/gdx/ai/pfa/PathFinderRequest.java	41	9a54cdfc8b666218	
member	com.badlogic.gdx.ai.pfa.PathFinderRequest#responseMessageCode	sge.ai.pfa.PathFinderRequest#responseMessageCode	Renamed	-	com/badlogic/gdx/ai/pfa/PathFinderRequest.java	45	91c63dd3244bb1cc	
member	com.badlogic.gdx.ai.pfa.PathFinderRequest#resultPath	sge.ai.pfa.PathFinderRequest#resultPath	Renamed	-	com/badlogic/gdx/ai/pfa/PathFinderRequest.java	39	08688409efeeb62e	
member	com.badlogic.gdx.ai.pfa.PathFinderRequest#search(PathFinder,long)	sge.ai.pfa.PathFinderRequest#search(PathFinder<N>,long)	Renamed	-	com/badlogic/gdx/ai/pfa/PathFinderRequest.java	87	4f043d43bea5e9f8	
member	com.badlogic.gdx.ai.pfa.PathFinderRequest#startNode	sge.ai.pfa.PathFinderRequest#startNode	Renamed	-	com/badlogic/gdx/ai/pfa/PathFinderRequest.java	36	1d4f20f96223cc21	
member	com.badlogic.gdx.ai.pfa.PathFinderRequest#status	sge.ai.pfa.PathFinderRequest#status	Renamed	-	com/badlogic/gdx/ai/pfa/PathFinderRequest.java	42	5213bc0cc6628808	
member	com.badlogic.gdx.ai.pfa.PathFinderRequest#statusChanged	sge.ai.pfa.PathFinderRequest#statusChanged	Renamed	-	com/badlogic/gdx/ai/pfa/PathFinderRequest.java	43	d73f89b5bfa68bea	
member	com.badlogic.gdx.ai.pfa.PathFinderRequestControl#DEBUG	sge.ai.pfa.PathFinderRequestControl#DEBUG	Renamed	-	com/badlogic/gdx/ai/pfa/PathFinderRequestControl.java	34	3e05785129efe732	placement=companion
member	com.badlogic.gdx.ai.pfa.PathFinderRequestControl#TAG	sge.ai.pfa.PathFinderRequestControl#TAG	Renamed	-	com/badlogic/gdx/ai/pfa/PathFinderRequestControl.java	32	ef9c2f9b140a7489	placement=companion vis=private
member	com.badlogic.gdx.ai.pfa.PathFinderRequestControl#execute(PathFinderRequest)	sge.ai.pfa.PathFinderRequestControl#execute(PathFinderRequest<N>)	Renamed	-	com/badlogic/gdx/ai/pfa/PathFinderRequestControl.java	48	85429934872a3478	
member	com.badlogic.gdx.ai.pfa.PathFinderRequestControl#lastTime	sge.ai.pfa.PathFinderRequestControl#lastTime	Renamed	-	com/badlogic/gdx/ai/pfa/PathFinderRequestControl.java	38	f2b74b1c7d78233f	
member	com.badlogic.gdx.ai.pfa.PathFinderRequestControl#pathFinder	sge.ai.pfa.PathFinderRequestControl#pathFinder	Renamed	-	com/badlogic/gdx/ai/pfa/PathFinderRequestControl.java	37	a144c176d7e420b8	
member	com.badlogic.gdx.ai.pfa.PathFinderRequestControl#server	sge.ai.pfa.PathFinderRequestControl#server	Renamed	-	com/badlogic/gdx/ai/pfa/PathFinderRequestControl.java	36	d9974fce167ebaf2	
member	com.badlogic.gdx.ai.pfa.PathFinderRequestControl#timeToRun	sge.ai.pfa.PathFinderRequestControl#timeToRun	Renamed	-	com/badlogic/gdx/ai/pfa/PathFinderRequestControl.java	39	164387b7ab96c6eb	
member	com.badlogic.gdx.ai.pfa.PathFinderRequestControl#timeTolerance	sge.ai.pfa.PathFinderRequestControl#timeTolerance	Renamed	-	com/badlogic/gdx/ai/pfa/PathFinderRequestControl.java	40	da53b99cce31978e	
member	com.badlogic.gdx.ai.pfa.PathSmoother#<stmt1>	sge.ai.pfa.PathSmoother#<stmt1>	Renamed	-	com/badlogic/gdx/ai/pfa/PathSmoother.java	53	e31922c5f4b9ba19	
member	com.badlogic.gdx.ai.pfa.PathSmoother#ray	sge.ai.pfa.PathSmoother#ray	Renamed	-	com/badlogic/gdx/ai/pfa/PathSmoother.java	48	7a38b7521ccd1c17	
member	com.badlogic.gdx.ai.pfa.PathSmoother#raycastCollisionDetector	sge.ai.pfa.PathSmoother#raycastCollisionDetector	Renamed	-	com/badlogic/gdx/ai/pfa/PathSmoother.java	47	015665fd14f6ad5c	
member	com.badlogic.gdx.ai.pfa.PathSmoother#smoothPath(PathSmootherRequest,long)	sge.ai.pfa.PathSmoother#smoothPath(PathSmootherRequest<N,V>,long)	Renamed	-	com/badlogic/gdx/ai/pfa/PathSmoother.java	111	632e52b1d74580ae	
member	com.badlogic.gdx.ai.pfa.PathSmoother#smoothPath(SmoothableGraphPath)	sge.ai.pfa.PathSmoother#smoothPath(SmoothableGraphPath<N,V>)	Renamed	-	com/badlogic/gdx/ai/pfa/PathSmoother.java	59	92c832290e2db831	
member	com.badlogic.gdx.ai.pfa.PathSmootherRequest#<stmt1>	sge.ai.pfa.PathSmootherRequest#<stmt1>	Renamed	-	com/badlogic/gdx/ai/pfa/PathSmootherRequest.java	36	d228204fcf453d2c	
member	com.badlogic.gdx.ai.pfa.PathSmootherRequest#inputIndex	sge.ai.pfa.PathSmootherRequest#inputIndex	Renamed	-	com/badlogic/gdx/ai/pfa/PathSmootherRequest.java	31	fc7ec76bda4b6e2d	
member	com.badlogic.gdx.ai.pfa.PathSmootherRequest#isNew	sge.ai.pfa.PathSmootherRequest#isNew	Renamed	-	com/badlogic/gdx/ai/pfa/PathSmootherRequest.java	29	fe12e07f2d0069d7	
member	com.badlogic.gdx.ai.pfa.PathSmootherRequest#outputIndex	sge.ai.pfa.PathSmootherRequest#outputIndex	Renamed	-	com/badlogic/gdx/ai/pfa/PathSmootherRequest.java	30	cb0b06c31881e4fa	
member	com.badlogic.gdx.ai.pfa.PathSmootherRequest#path	sge.ai.pfa.PathSmootherRequest#path	Renamed	-	com/badlogic/gdx/ai/pfa/PathSmootherRequest.java	32	bd3e6ea5de8f85cb	
member	com.badlogic.gdx.ai.pfa.PathSmootherRequest#refresh(SmoothableGraphPath)	sge.ai.pfa.PathSmootherRequest#refresh(SmoothableGraphPath<N,V>)	Renamed	-	com/badlogic/gdx/ai/pfa/PathSmootherRequest.java	39	a894a005b33bd8f7	
member	com.badlogic.gdx.ai.pfa.SmoothableGraphPath#getNodePosition(int)	sge.ai.pfa.SmoothableGraphPath#getNodePosition(int)	Renamed	-	com/badlogic/gdx/ai/pfa/SmoothableGraphPath.java	31	c550b8894b69943a	
member	com.badlogic.gdx.ai.pfa.SmoothableGraphPath#swapNodes(int,int)	sge.ai.pfa.SmoothableGraphPath#swapNodes(int,int)	Renamed	-	com/badlogic/gdx/ai/pfa/SmoothableGraphPath.java	36	36956cc5dd265a14	
member	com.badlogic.gdx.ai.pfa.SmoothableGraphPath#truncatePath(int)	sge.ai.pfa.SmoothableGraphPath#truncatePath(int)	Renamed	-	com/badlogic/gdx/ai/pfa/SmoothableGraphPath.java	41	7dd74537d9d6ae72	
member	com.badlogic.gdx.ai.pfa.indexed.IndexedAStarPathFinder#<init>(IndexedGraph)	sge.ai.pfa.indexed.IndexedAStarPathFinder#<init>(IndexedGraph<N>)	Renamed	-	com/badlogic/gdx/ai/pfa/indexed/IndexedAStarPathFinder.java	77	e38268cb172fb41f	
member	com.badlogic.gdx.ai.pfa.indexed.IndexedAStarPathFinder#<init>(IndexedGraph,boolean)	sge.ai.pfa.indexed.IndexedAStarPathFinder#<init>(IndexedGraph<N>,boolean)	Renamed	-	com/badlogic/gdx/ai/pfa/indexed/IndexedAStarPathFinder.java	82	5eb65f1b075c60ac	
member	com.badlogic.gdx.ai.pfa.indexed.IndexedAStarPathFinder#<stmt1>	sge.ai.pfa.indexed.IndexedAStarPathFinder#<stmt1>	Renamed	-	com/badlogic/gdx/ai/pfa/indexed/IndexedAStarPathFinder.java	88	75860eedd6637294	
member	com.badlogic.gdx.ai.pfa.indexed.IndexedAStarPathFinder#<stmt2>	sge.ai.pfa.indexed.IndexedAStarPathFinder#<stmt2>	Renamed	-	com/badlogic/gdx/ai/pfa/indexed/IndexedAStarPathFinder.java	89	c4fe925d6c75fdf3	
member	com.badlogic.gdx.ai.pfa.indexed.IndexedAStarPathFinder#<stmt3>	sge.ai.pfa.indexed.IndexedAStarPathFinder#<stmt3>	Renamed	-	com/badlogic/gdx/ai/pfa/indexed/IndexedAStarPathFinder.java	90	836935e4746b5e55	
member	com.badlogic.gdx.ai.pfa.indexed.IndexedAStarPathFinder#<stmt4>	sge.ai.pfa.indexed.IndexedAStarPathFinder#<stmt4>	Renamed	-	com/badlogic/gdx/ai/pfa/indexed/IndexedAStarPathFinder.java	91	60a073d5f286bc4f	
member	com.badlogic.gdx.ai.pfa.indexed.IndexedAStarPathFinder#<stmt5>	sge.ai.pfa.indexed.IndexedAStarPathFinder#<stmt5>	Renamed	-	com/badlogic/gdx/ai/pfa/indexed/IndexedAStarPathFinder.java	92	038c3908ee81e396	
member	com.badlogic.gdx.ai.pfa.indexed.IndexedAStarPathFinder#CLOSED	sge.ai.pfa.indexed.IndexedAStarPathFinder#CLOSED	Renamed	-	com/badlogic/gdx/ai/pfa/indexed/IndexedAStarPathFinder.java	75	f317d32d4c948fb9	placement=companion vis=private
member	com.badlogic.gdx.ai.pfa.indexed.IndexedAStarPathFinder#OPEN	sge.ai.pfa.indexed.IndexedAStarPathFinder#OPEN	Renamed	-	com/badlogic/gdx/ai/pfa/indexed/IndexedAStarPathFinder.java	74	edb21f888c06b8d2	placement=companion vis=private
member	com.badlogic.gdx.ai.pfa.indexed.IndexedAStarPathFinder#UNVISITED	sge.ai.pfa.indexed.IndexedAStarPathFinder#UNVISITED	Renamed	-	com/badlogic/gdx/ai/pfa/indexed/IndexedAStarPathFinder.java	73	73efe3a10cc93f23	placement=companion vis=private
member	com.badlogic.gdx.ai.pfa.indexed.IndexedAStarPathFinder#addToOpenList(NodeRecord,float)	sge.ai.pfa.indexed.IndexedAStarPathFinder#addToOpenList(NodeRecord<N>,float)	Renamed	-	com/badlogic/gdx/ai/pfa/indexed/IndexedAStarPathFinder.java	287	bc8475e54fad5ed9	
member	com.badlogic.gdx.ai.pfa.indexed.IndexedAStarPathFinder#current	sge.ai.pfa.indexed.IndexedAStarPathFinder#current	Renamed	-	com/badlogic/gdx/ai/pfa/indexed/IndexedAStarPathFinder.java	60	8b0fe4ae37928cb9	
member	com.badlogic.gdx.ai.pfa.indexed.IndexedAStarPathFinder#generateConnectionPath(N,GraphPath)	sge.ai.pfa.indexed.IndexedAStarPathFinder#generateConnectionPath(N,GraphPath<Connection<N>>)	Renamed	-	com/badlogic/gdx/ai/pfa/indexed/IndexedAStarPathFinder.java	260	82e6db987269ab01	
member	com.badlogic.gdx.ai.pfa.indexed.IndexedAStarPathFinder#generateNodePath(N,GraphPath)	sge.ai.pfa.indexed.IndexedAStarPathFinder#generateNodePath(N,GraphPath<N>)	Renamed	-	com/badlogic/gdx/ai/pfa/indexed/IndexedAStarPathFinder.java	273	adbbd2dd1e860d28	
member	com.badlogic.gdx.ai.pfa.indexed.IndexedAStarPathFinder#getNodeRecord(N)	sge.ai.pfa.indexed.IndexedAStarPathFinder#getNodeRecord(N)	Renamed	-	com/badlogic/gdx/ai/pfa/indexed/IndexedAStarPathFinder.java	296	4e52c9e3da6c5c76	
member	com.badlogic.gdx.ai.pfa.indexed.IndexedAStarPathFinder#graph	sge.ai.pfa.indexed.IndexedAStarPathFinder#graph	Renamed	-	com/badlogic/gdx/ai/pfa/indexed/IndexedAStarPathFinder.java	57	e4b52a626e087918	
member	com.badlogic.gdx.ai.pfa.indexed.IndexedAStarPathFinder#initSearch(N,N,Heuristic)	sge.ai.pfa.indexed.IndexedAStarPathFinder#initSearch(N,N,Heuristic<N>)	Renamed	-	com/badlogic/gdx/ai/pfa/indexed/IndexedAStarPathFinder.java	189	d4949246488e15c4	
member	com.badlogic.gdx.ai.pfa.indexed.IndexedAStarPathFinder#metrics	sge.ai.pfa.indexed.IndexedAStarPathFinder#metrics	Renamed	-	com/badlogic/gdx/ai/pfa/indexed/IndexedAStarPathFinder.java	68	06223d510db31473	
member	com.badlogic.gdx.ai.pfa.indexed.IndexedAStarPathFinder#nodeRecords	sge.ai.pfa.indexed.IndexedAStarPathFinder#nodeRecords	Renamed	-	com/badlogic/gdx/ai/pfa/indexed/IndexedAStarPathFinder.java	58	189023d5b282567a	
member	com.badlogic.gdx.ai.pfa.indexed.IndexedAStarPathFinder#openList	sge.ai.pfa.indexed.IndexedAStarPathFinder#openList	Renamed	-	com/badlogic/gdx/ai/pfa/indexed/IndexedAStarPathFinder.java	59	24cee4f3b93e4755	
member	com.badlogic.gdx.ai.pfa.indexed.IndexedAStarPathFinder#search(N,N,Heuristic)	sge.ai.pfa.indexed.IndexedAStarPathFinder#search(N,N,Heuristic<N>)	Renamed	-	com/badlogic/gdx/ai/pfa/indexed/IndexedAStarPathFinder.java	123	79d65bd91fba41fc	
member	com.badlogic.gdx.ai.pfa.indexed.IndexedAStarPathFinder#search(PathFinderRequest,long)	sge.ai.pfa.indexed.IndexedAStarPathFinder#search(PathFinderRequest<N>,long)	Renamed	-	com/badlogic/gdx/ai/pfa/indexed/IndexedAStarPathFinder.java	145	89e284b4f392490e	
member	com.badlogic.gdx.ai.pfa.indexed.IndexedAStarPathFinder#searchConnectionPath(N,N,Heuristic,GraphPath)	sge.ai.pfa.indexed.IndexedAStarPathFinder#searchConnectionPath(N,N,Heuristic<N>,GraphPath<Connection<N>>)	Renamed	-	com/badlogic/gdx/ai/pfa/indexed/IndexedAStarPathFinder.java	96	00967e7ae5e230a1	
member	com.badlogic.gdx.ai.pfa.indexed.IndexedAStarPathFinder#searchId	sge.ai.pfa.indexed.IndexedAStarPathFinder#searchId	Renamed	-	com/badlogic/gdx/ai/pfa/indexed/IndexedAStarPathFinder.java	71	0f56c5a9b3d99625	vis=private
member	com.badlogic.gdx.ai.pfa.indexed.IndexedAStarPathFinder#searchNodePath(N,N,Heuristic,GraphPath)	sge.ai.pfa.indexed.IndexedAStarPathFinder#searchNodePath(N,N,Heuristic<N>,GraphPath<N>)	Renamed	-	com/badlogic/gdx/ai/pfa/indexed/IndexedAStarPathFinder.java	110	9e5778202fca8532	
member	com.badlogic.gdx.ai.pfa.indexed.IndexedAStarPathFinder#stopCondition	sge.ai.pfa.indexed.IndexedAStarPathFinder#stopCondition	Renamed	-	com/badlogic/gdx/ai/pfa/indexed/IndexedAStarPathFinder.java	67	c8d5c1e9ddd5abac	
member	com.badlogic.gdx.ai.pfa.indexed.IndexedAStarPathFinder#visitChildren(N,Heuristic)	sge.ai.pfa.indexed.IndexedAStarPathFinder#visitChildren(N,Heuristic<N>)	Renamed	-	com/badlogic/gdx/ai/pfa/indexed/IndexedAStarPathFinder.java	208	e034f14c7ae9642e	
member	com.badlogic.gdx.ai.pfa.indexed.IndexedAStarPathFinder$EqualsByReferenceStopCondition#shouldStopSearch(N,N)	sge.ai.pfa.indexed.IndexedAStarPathFinder$EqualsByReferenceStopCondition#shouldStopSearch(N,N)	Renamed	-	com/badlogic/gdx/ai/pfa/indexed/IndexedAStarPathFinder.java	385	dadf6335bee9ae9d	
member	com.badlogic.gdx.ai.pfa.indexed.IndexedAStarPathFinder$EqualsMethodStopCondition#shouldStopSearch(N,N)	sge.ai.pfa.indexed.IndexedAStarPathFinder$EqualsMethodStopCondition#shouldStopSearch(N,N)	Renamed	-	com/badlogic/gdx/ai/pfa/indexed/IndexedAStarPathFinder.java	398	32444bf0d418ae0f	
member	com.badlogic.gdx.ai.pfa.indexed.IndexedAStarPathFinder$Metrics#openListAdditions	sge.ai.pfa.indexed.IndexedAStarPathFinder$Metrics#openListAdditions	Renamed	-	com/badlogic/gdx/ai/pfa/indexed/IndexedAStarPathFinder.java	349	0d47ed80b1cbd34a	
member	com.badlogic.gdx.ai.pfa.indexed.IndexedAStarPathFinder$Metrics#openListPeak	sge.ai.pfa.indexed.IndexedAStarPathFinder$Metrics#openListPeak	Renamed	-	com/badlogic/gdx/ai/pfa/indexed/IndexedAStarPathFinder.java	350	f9ff6b48f2a137a5	
member	com.badlogic.gdx.ai.pfa.indexed.IndexedAStarPathFinder$Metrics#reset()	sge.ai.pfa.indexed.IndexedAStarPathFinder$Metrics#reset()	Renamed	-	com/badlogic/gdx/ai/pfa/indexed/IndexedAStarPathFinder.java	355	157f1667bd8e4ac9	
member	com.badlogic.gdx.ai.pfa.indexed.IndexedAStarPathFinder$Metrics#visitedNodes	sge.ai.pfa.indexed.IndexedAStarPathFinder$Metrics#visitedNodes	Renamed	-	com/badlogic/gdx/ai/pfa/indexed/IndexedAStarPathFinder.java	348	8e1120c51e35b526	
member	com.badlogic.gdx.ai.pfa.indexed.IndexedAStarPathFinder$NodeRecord#category	sge.ai.pfa.indexed.IndexedAStarPathFinder$NodeRecord#category	Renamed	-	com/badlogic/gdx/ai/pfa/indexed/IndexedAStarPathFinder.java	328	98b951ff845d6c59	
member	com.badlogic.gdx.ai.pfa.indexed.IndexedAStarPathFinder$NodeRecord#connection	sge.ai.pfa.indexed.IndexedAStarPathFinder$NodeRecord#connection	Renamed	-	com/badlogic/gdx/ai/pfa/indexed/IndexedAStarPathFinder.java	322	f32b75da33ea13b9	
member	com.badlogic.gdx.ai.pfa.indexed.IndexedAStarPathFinder$NodeRecord#costSoFar	sge.ai.pfa.indexed.IndexedAStarPathFinder$NodeRecord#costSoFar	Renamed	-	com/badlogic/gdx/ai/pfa/indexed/IndexedAStarPathFinder.java	325	7724c7e048d76ab8	
member	com.badlogic.gdx.ai.pfa.indexed.IndexedAStarPathFinder$NodeRecord#getEstimatedTotalCost()	sge.ai.pfa.indexed.IndexedAStarPathFinder$NodeRecord#estimatedTotalCost()	Renamed	-	com/badlogic/gdx/ai/pfa/indexed/IndexedAStarPathFinder.java	339	812c858bca556cf3	
member	com.badlogic.gdx.ai.pfa.indexed.IndexedAStarPathFinder$NodeRecord#node	sge.ai.pfa.indexed.IndexedAStarPathFinder$NodeRecord#node	Renamed	-	com/badlogic/gdx/ai/pfa/indexed/IndexedAStarPathFinder.java	319	2b718a48ee5ccb48	
member	com.badlogic.gdx.ai.pfa.indexed.IndexedAStarPathFinder$NodeRecord#searchId	sge.ai.pfa.indexed.IndexedAStarPathFinder$NodeRecord#searchId	Renamed	-	com/badlogic/gdx/ai/pfa/indexed/IndexedAStarPathFinder.java	331	d8e829c84fadaaf1	
member	com.badlogic.gdx.ai.pfa.indexed.IndexedAStarPathFinder$StopCondition#shouldStopSearch(N,N)	sge.ai.pfa.indexed.IndexedAStarPathFinder$StopCondition#shouldStopSearch(N,N)	Renamed	-	com/badlogic/gdx/ai/pfa/indexed/IndexedAStarPathFinder.java	373	641c0537d28eb919	
member	com.badlogic.gdx.ai.pfa.indexed.IndexedGraph#getIndex(N)	sge.ai.pfa.indexed.IndexedGraph#getIndex(N)	Renamed	-	com/badlogic/gdx/ai/pfa/indexed/IndexedGraph.java	31	97815abf51dc86f6	
member	com.badlogic.gdx.ai.pfa.indexed.IndexedGraph#getNodeCount()	sge.ai.pfa.indexed.IndexedGraph#nodeCount()	Renamed	-	com/badlogic/gdx/ai/pfa/indexed/IndexedGraph.java	34	332296ab93d1ca12	
member	com.badlogic.gdx.ai.pfa.indexed.IndexedHierarchicalGraph#<stmt1>	sge.ai.pfa.indexed.IndexedHierarchicalGraph#<stmt1>	Renamed	-	com/badlogic/gdx/ai/pfa/indexed/IndexedHierarchicalGraph.java	33	9382ed9f0fd447ee	
member	com.badlogic.gdx.ai.pfa.indexed.IndexedHierarchicalGraph#<stmt2>	sge.ai.pfa.indexed.IndexedHierarchicalGraph#<stmt2>	Renamed	-	com/badlogic/gdx/ai/pfa/indexed/IndexedHierarchicalGraph.java	34	944170262a6de317	
member	com.badlogic.gdx.ai.pfa.indexed.IndexedHierarchicalGraph#convertNodeBetweenLevels(int,N,int)	sge.ai.pfa.indexed.IndexedHierarchicalGraph#convertNodeBetweenLevels(int,N,int)	Renamed	-	com/badlogic/gdx/ai/pfa/indexed/IndexedHierarchicalGraph.java	48	5b63a677c5a11b83	
member	com.badlogic.gdx.ai.pfa.indexed.IndexedHierarchicalGraph#level	sge.ai.pfa.indexed.IndexedHierarchicalGraph#level	Renamed	-	com/badlogic/gdx/ai/pfa/indexed/IndexedHierarchicalGraph.java	29	de1cffec922ff3d0	
member	com.badlogic.gdx.ai.pfa.indexed.IndexedHierarchicalGraph#getLevelCount	sge.ai.pfa.indexed.IndexedHierarchicalGraph#levelCount	Renamed	-	com/badlogic/gdx/ai/pfa/indexed/IndexedHierarchicalGraph.java	28	cf1893874b46e1a8	name=levelCount$field
member	com.badlogic.gdx.ai.pfa.indexed.IndexedHierarchicalGraph#getLevelCount()	sge.ai.pfa.indexed.IndexedHierarchicalGraph#levelCount()	Renamed	-	com/badlogic/gdx/ai/pfa/indexed/IndexedHierarchicalGraph.java	38	1ed83db77a7f3de6	
member	com.badlogic.gdx.ai.pfa.indexed.IndexedHierarchicalGraph#setLevel(int)	sge.ai.pfa.indexed.IndexedHierarchicalGraph#setLevel(int)	Renamed	-	com/badlogic/gdx/ai/pfa/indexed/IndexedHierarchicalGraph.java	43	5c1f2b6b66d5a019	
member	com.badlogic.gdx.ai.sched.LoadBalancingScheduler#<stmt1>	sge.ai.sched.LoadBalancingScheduler#<stmt1>	Renamed	-	com/badlogic/gdx/ai/sched/LoadBalancingScheduler.java	60	47e0399b0dd24a20	
member	com.badlogic.gdx.ai.sched.LoadBalancingScheduler#add(Schedulable,int,int)	sge.ai.sched.LoadBalancingScheduler#add(Schedulable,int,int)	Renamed	-	com/badlogic/gdx/ai/sched/LoadBalancingScheduler.java	74	169e62e25b86f2a3	
member	com.badlogic.gdx.ai.sched.LoadBalancingScheduler#addWithAutomaticPhasing(Schedulable,int)	sge.ai.sched.LoadBalancingScheduler#addWithAutomaticPhasing(Schedulable,int)	Renamed	-	com/badlogic/gdx/ai/sched/LoadBalancingScheduler.java	68	eb1b3ccdec43c15d	
member	com.badlogic.gdx.ai.sched.LoadBalancingScheduler#frame	sge.ai.sched.LoadBalancingScheduler#frame	Renamed	-	com/badlogic/gdx/ai/sched/LoadBalancingScheduler.java	53	f0826e1cf3be5eda	
member	com.badlogic.gdx.ai.sched.LoadBalancingScheduler#run(long)	sge.ai.sched.LoadBalancingScheduler#run(long)	Renamed	-	com/badlogic/gdx/ai/sched/LoadBalancingScheduler.java	82	0b4e93594292d170	
member	com.badlogic.gdx.ai.sched.PriorityScheduler#<stmt1>	sge.ai.sched.PriorityScheduler#<stmt1>	Renamed	-	com/badlogic/gdx/ai/sched/PriorityScheduler.java	37	47e0399b0dd24a20	
member	com.badlogic.gdx.ai.sched.PriorityScheduler#add(Schedulable,int,int)	sge.ai.sched.PriorityScheduler#add(Schedulable,int,int)	Renamed	-	com/badlogic/gdx/ai/sched/PriorityScheduler.java	107	5eddb1c4dc92b02d	
member	com.badlogic.gdx.ai.sched.PriorityScheduler#add(Schedulable,int,int,float)	sge.ai.sched.PriorityScheduler#add(Schedulable,int,int,float)	Renamed	-	com/badlogic/gdx/ai/sched/PriorityScheduler.java	116	6b77fb7e6f5bfa0e	
member	com.badlogic.gdx.ai.sched.PriorityScheduler#addWithAutomaticPhasing(Schedulable,int)	sge.ai.sched.PriorityScheduler#addWithAutomaticPhasing(Schedulable,int)	Renamed	-	com/badlogic/gdx/ai/sched/PriorityScheduler.java	88	708ae271d53235b6	
member	com.badlogic.gdx.ai.sched.PriorityScheduler#addWithAutomaticPhasing(Schedulable,int,float)	sge.ai.sched.PriorityScheduler#addWithAutomaticPhasing(Schedulable,int,float)	Renamed	-	com/badlogic/gdx/ai/sched/PriorityScheduler.java	97	dbc3a63d6d46ad4d	
member	com.badlogic.gdx.ai.sched.PriorityScheduler#frame	sge.ai.sched.PriorityScheduler#frame	Renamed	-	com/badlogic/gdx/ai/sched/PriorityScheduler.java	30	f0826e1cf3be5eda	
member	com.badlogic.gdx.ai.sched.PriorityScheduler#run(long)	sge.ai.sched.PriorityScheduler#run(long)	Renamed	-	com/badlogic/gdx/ai/sched/PriorityScheduler.java	43	dc383c3c99bbbf42	
member	com.badlogic.gdx.ai.sched.PriorityScheduler$PrioritySchedulableRecord#<stmt1>	sge.ai.sched.PriorityScheduler$PrioritySchedulableRecord#<stmt1>	Renamed	-	com/badlogic/gdx/ai/sched/PriorityScheduler.java	129	8a65b610677a3058	
member	com.badlogic.gdx.ai.sched.PriorityScheduler$PrioritySchedulableRecord#priority	sge.ai.sched.PriorityScheduler$PrioritySchedulableRecord#priority	Renamed	-	com/badlogic/gdx/ai/sched/PriorityScheduler.java	125	d39ab1cb49a4dfa9	
member	com.badlogic.gdx.ai.sched.Schedulable#run(long)	sge.ai.sched.Schedulable#run(long)	Renamed	-	com/badlogic/gdx/ai/sched/Schedulable.java	26	a526fa9900206bea	
member	com.badlogic.gdx.ai.sched.Scheduler#add(Schedulable,int,int)	sge.ai.sched.Scheduler#add(Schedulable,int,int)	Renamed	-	com/badlogic/gdx/ai/sched/Scheduler.java	53	2978ab2ac526e8ba	
member	com.badlogic.gdx.ai.sched.Scheduler#addWithAutomaticPhasing(Schedulable,int)	sge.ai.sched.Scheduler#addWithAutomaticPhasing(Schedulable,int)	Renamed	-	com/badlogic/gdx/ai/sched/Scheduler.java	47	8e7d6c0a7ffaf8eb	
member	com.badlogic.gdx.ai.sched.SchedulerBase#<stmt1>	sge.ai.sched.SchedulerBase#<stmt1>	Renamed	-	com/badlogic/gdx/ai/sched/SchedulerBase.java	39	3e48165f17034524	
member	com.badlogic.gdx.ai.sched.SchedulerBase#<stmt2>	sge.ai.sched.SchedulerBase#<stmt2>	Renamed	-	com/badlogic/gdx/ai/sched/SchedulerBase.java	40	5a214e81de918f32	
member	com.badlogic.gdx.ai.sched.SchedulerBase#<stmt3>	sge.ai.sched.SchedulerBase#<stmt3>	Renamed	-	com/badlogic/gdx/ai/sched/SchedulerBase.java	41	f40f66712fc66a3d	
member	com.badlogic.gdx.ai.sched.SchedulerBase#<stmt4>	sge.ai.sched.SchedulerBase#<stmt4>	Renamed	-	com/badlogic/gdx/ai/sched/SchedulerBase.java	42	18b1a0c214e2fefe	
member	com.badlogic.gdx.ai.sched.SchedulerBase#calculatePhase(int)	sge.ai.sched.SchedulerBase#calculatePhase(int)	Renamed	-	com/badlogic/gdx/ai/sched/SchedulerBase.java	51	a4f0ba47c2ee22d5	
member	com.badlogic.gdx.ai.sched.SchedulerBase#dryRunFrames	sge.ai.sched.SchedulerBase#dryRunFrames	Renamed	-	com/badlogic/gdx/ai/sched/SchedulerBase.java	33	be1d8faa784afa8a	
member	com.badlogic.gdx.ai.sched.SchedulerBase#phaseCounters	sge.ai.sched.SchedulerBase#phaseCounters	Renamed	-	com/badlogic/gdx/ai/sched/SchedulerBase.java	31	b4d0e2558e47fdd2	
member	com.badlogic.gdx.ai.sched.SchedulerBase#runList	sge.ai.sched.SchedulerBase#runList	Renamed	-	com/badlogic/gdx/ai/sched/SchedulerBase.java	29	d718478fe5b5c154	
member	com.badlogic.gdx.ai.sched.SchedulerBase#schedulableRecords	sge.ai.sched.SchedulerBase#schedulableRecords	Renamed	-	com/badlogic/gdx/ai/sched/SchedulerBase.java	27	b5bb64a6e3542c06	
member	com.badlogic.gdx.ai.sched.SchedulerBase$SchedulableRecord#<stmt1>	sge.ai.sched.SchedulerBase$SchedulableRecord#<stmt1>	Renamed	-	com/badlogic/gdx/ai/sched/SchedulerBase.java	94	ff851ea85c1dc5f2	
member	com.badlogic.gdx.ai.sched.SchedulerBase$SchedulableRecord#<stmt2>	sge.ai.sched.SchedulerBase$SchedulableRecord#<stmt2>	Renamed	-	com/badlogic/gdx/ai/sched/SchedulerBase.java	95	314f259f5e3575ec	
member	com.badlogic.gdx.ai.sched.SchedulerBase$SchedulableRecord#<stmt3>	sge.ai.sched.SchedulerBase$SchedulableRecord#<stmt3>	Renamed	-	com/badlogic/gdx/ai/sched/SchedulerBase.java	96	dc20da994f479555	
member	com.badlogic.gdx.ai.sched.SchedulerBase$SchedulableRecord#frequency	sge.ai.sched.SchedulerBase$SchedulableRecord#frequency	Renamed	-	com/badlogic/gdx/ai/sched/SchedulerBase.java	90	2cd75e7c30edc2c0	
member	com.badlogic.gdx.ai.sched.SchedulerBase$SchedulableRecord#phase	sge.ai.sched.SchedulerBase$SchedulableRecord#phase	Renamed	-	com/badlogic/gdx/ai/sched/SchedulerBase.java	91	9599f2759cb2abea	
member	com.badlogic.gdx.ai.sched.SchedulerBase$SchedulableRecord#schedulable	sge.ai.sched.SchedulerBase$SchedulableRecord#schedulable	Renamed	-	com/badlogic/gdx/ai/sched/SchedulerBase.java	89	1c32267e9ec265b8	
member	com.badlogic.gdx.ai.steer.GroupBehavior#<stmt1>	sge.ai.steer.GroupBehavior#<stmt1>	Renamed	-	com/badlogic/gdx/ai/steer/GroupBehavior.java	39	e11553fbe5255e87	
member	com.badlogic.gdx.ai.steer.GroupBehavior#getProximity	sge.ai.steer.GroupBehavior#proximity	Renamed	-	com/badlogic/gdx/ai/steer/GroupBehavior.java	32	f9f840a58ec811a9	name=proximity$field
member	com.badlogic.gdx.ai.steer.GroupBehavior#getProximity()	sge.ai.steer.GroupBehavior#proximity()	Renamed	-	com/badlogic/gdx/ai/steer/GroupBehavior.java	43	4d048f3f5b750ca1	
member	com.badlogic.gdx.ai.steer.GroupBehavior#setProximity(Proximity)	sge.ai.steer.GroupBehavior#proximity_=(Proximity<T>)	Renamed	-	com/badlogic/gdx/ai/steer/GroupBehavior.java	49	56b0f273fd992fe7	
member	com.badlogic.gdx.ai.steer.Limiter#getMaxAngularAcceleration()	sge.ai.steer.Limiter#maxAngularAcceleration()	Renamed	-	com/badlogic/gdx/ai/steer/Limiter.java	51	113599f9f54af35f	
member	com.badlogic.gdx.ai.steer.Limiter#setMaxAngularAcceleration(float)	sge.ai.steer.Limiter#maxAngularAcceleration_=(float)	Renamed	-	com/badlogic/gdx/ai/steer/Limiter.java	54	500c79e04ebb020d	
member	com.badlogic.gdx.ai.steer.Limiter#getMaxAngularSpeed()	sge.ai.steer.Limiter#maxAngularSpeed()	Renamed	-	com/badlogic/gdx/ai/steer/Limiter.java	45	05fd549e230b9ab1	
member	com.badlogic.gdx.ai.steer.Limiter#setMaxAngularSpeed(float)	sge.ai.steer.Limiter#maxAngularSpeed_=(float)	Renamed	-	com/badlogic/gdx/ai/steer/Limiter.java	48	06706d4d7672be2b	
member	com.badlogic.gdx.ai.steer.Limiter#getMaxLinearAcceleration()	sge.ai.steer.Limiter#maxLinearAcceleration()	Renamed	-	com/badlogic/gdx/ai/steer/Limiter.java	39	edecc232705d0cc2	
member	com.badlogic.gdx.ai.steer.Limiter#setMaxLinearAcceleration(float)	sge.ai.steer.Limiter#maxLinearAcceleration_=(float)	Renamed	-	com/badlogic/gdx/ai/steer/Limiter.java	42	796837384e3c456a	
member	com.badlogic.gdx.ai.steer.Limiter#getMaxLinearSpeed()	sge.ai.steer.Limiter#maxLinearSpeed()	Renamed	-	com/badlogic/gdx/ai/steer/Limiter.java	33	c525fc12194dd342	
member	com.badlogic.gdx.ai.steer.Limiter#setMaxLinearSpeed(float)	sge.ai.steer.Limiter#maxLinearSpeed_=(float)	Renamed	-	com/badlogic/gdx/ai/steer/Limiter.java	36	e1acf00a1a715a2f	
member	com.badlogic.gdx.ai.steer.Limiter#getZeroLinearSpeedThreshold()	sge.ai.steer.Limiter#zeroLinearSpeedThreshold()	Renamed	-	com/badlogic/gdx/ai/steer/Limiter.java	26	c58ee61ce3944909	
member	com.badlogic.gdx.ai.steer.Limiter#setZeroLinearSpeedThreshold(float)	sge.ai.steer.Limiter#zeroLinearSpeedThreshold_=(float)	Renamed	-	com/badlogic/gdx/ai/steer/Limiter.java	30	da703880cd07e256	
member	com.badlogic.gdx.ai.steer.Proximity#findNeighbors(ProximityCallback)	sge.ai.steer.Proximity#findNeighbors(ProximityCallback<T>)	Renamed	-	com/badlogic/gdx/ai/steer/Proximity.java	81	414b913a7fd094c9	
member	com.badlogic.gdx.ai.steer.Proximity#getOwner()	sge.ai.steer.Proximity#owner()	Renamed	-	com/badlogic/gdx/ai/steer/Proximity.java	73	aec3044fc440443d	
member	com.badlogic.gdx.ai.steer.Proximity#setOwner(Steerable)	sge.ai.steer.Proximity#owner_=(Steerable<T>)	Renamed	-	com/badlogic/gdx/ai/steer/Proximity.java	76	8a2c636a3473920c	
member	com.badlogic.gdx.ai.steer.Proximity$ProximityCallback#reportNeighbor(Steerable)	sge.ai.steer.Proximity$ProximityCallback#reportNeighbor(Steerable<T>)	Renamed	-	com/badlogic/gdx/ai/steer/Proximity.java	93	969f5113072a09c3	
member	com.badlogic.gdx.ai.steer.Steerable#getAngularVelocity()	sge.ai.steer.Steerable#angularVelocity()	Renamed	-	com/badlogic/gdx/ai/steer/Steerable.java	36	ba7f0c0d82b1a7ed	
member	com.badlogic.gdx.ai.steer.Steerable#getBoundingRadius()	sge.ai.steer.Steerable#boundingRadius()	Renamed	-	com/badlogic/gdx/ai/steer/Steerable.java	39	8b22d9ecd85b2165	
member	com.badlogic.gdx.ai.steer.Steerable#getLinearVelocity()	sge.ai.steer.Steerable#linearVelocity()	Renamed	-	com/badlogic/gdx/ai/steer/Steerable.java	33	e07170499a6bdbb5	
member	com.badlogic.gdx.ai.steer.Steerable#isTagged()	sge.ai.steer.Steerable#tagged()	Renamed	-	com/badlogic/gdx/ai/steer/Steerable.java	42	5f6d0d41f3c918e7	
member	com.badlogic.gdx.ai.steer.Steerable#setTagged(boolean)	sge.ai.steer.Steerable#tagged_=(boolean)	Renamed	-	com/badlogic/gdx/ai/steer/Steerable.java	46	ee349ef785f5dac2	
member	com.badlogic.gdx.ai.steer.SteerableAdapter#angleToVector(T,float)	sge.ai.steer.SteerableAdapter#angleToVector(T,float)	Renamed	-	com/badlogic/gdx/ai/steer/SteerableAdapter.java	124	3f8eda1bd34f97d7	
member	com.badlogic.gdx.ai.steer.SteerableAdapter#getAngularVelocity()	sge.ai.steer.SteerableAdapter#angularVelocity()	Renamed	-	com/badlogic/gdx/ai/steer/SteerableAdapter.java	95	d7b793a3e3e510c0	
member	com.badlogic.gdx.ai.steer.SteerableAdapter#getBoundingRadius()	sge.ai.steer.SteerableAdapter#boundingRadius()	Renamed	-	com/badlogic/gdx/ai/steer/SteerableAdapter.java	100	f4c070cc78b2a3e0	
member	com.badlogic.gdx.ai.steer.SteerableAdapter#getLinearVelocity()	sge.ai.steer.SteerableAdapter#linearVelocity()	Renamed	-	com/badlogic/gdx/ai/steer/SteerableAdapter.java	90	5f35a7803f459c8d	
member	com.badlogic.gdx.ai.steer.SteerableAdapter#getMaxAngularAcceleration()	sge.ai.steer.SteerableAdapter#maxAngularAcceleration()	Renamed	-	com/badlogic/gdx/ai/steer/SteerableAdapter.java	67	8e45fa3a9d5cc1ed	
member	com.badlogic.gdx.ai.steer.SteerableAdapter#setMaxAngularAcceleration(float)	sge.ai.steer.SteerableAdapter#maxAngularAcceleration_=(float)	Renamed	-	com/badlogic/gdx/ai/steer/SteerableAdapter.java	72	7bba8910037c4c4b	
member	com.badlogic.gdx.ai.steer.SteerableAdapter#getMaxAngularSpeed()	sge.ai.steer.SteerableAdapter#maxAngularSpeed()	Renamed	-	com/badlogic/gdx/ai/steer/SteerableAdapter.java	58	f7a924a77f527284	
member	com.badlogic.gdx.ai.steer.SteerableAdapter#setMaxAngularSpeed(float)	sge.ai.steer.SteerableAdapter#maxAngularSpeed_=(float)	Renamed	-	com/badlogic/gdx/ai/steer/SteerableAdapter.java	63	b202c378c7f642ca	
member	com.badlogic.gdx.ai.steer.SteerableAdapter#getMaxLinearAcceleration()	sge.ai.steer.SteerableAdapter#maxLinearAcceleration()	Renamed	-	com/badlogic/gdx/ai/steer/SteerableAdapter.java	49	f5091774dddd9844	
member	com.badlogic.gdx.ai.steer.SteerableAdapter#setMaxLinearAcceleration(float)	sge.ai.steer.SteerableAdapter#maxLinearAcceleration_=(float)	Renamed	-	com/badlogic/gdx/ai/steer/SteerableAdapter.java	54	fcf2dd75347c5112	
member	com.badlogic.gdx.ai.steer.SteerableAdapter#getMaxLinearSpeed()	sge.ai.steer.SteerableAdapter#maxLinearSpeed()	Renamed	-	com/badlogic/gdx/ai/steer/SteerableAdapter.java	40	190fc17a510a5057	
member	com.badlogic.gdx.ai.steer.SteerableAdapter#setMaxLinearSpeed(float)	sge.ai.steer.SteerableAdapter#maxLinearSpeed_=(float)	Renamed	-	com/badlogic/gdx/ai/steer/SteerableAdapter.java	45	a7cd57434461f12d	
member	com.badlogic.gdx.ai.steer.SteerableAdapter#newLocation()	sge.ai.steer.SteerableAdapter#newLocation()	Renamed	-	com/badlogic/gdx/ai/steer/SteerableAdapter.java	114	e0d4447d4d4db53e	
member	com.badlogic.gdx.ai.steer.SteerableAdapter#getOrientation()	sge.ai.steer.SteerableAdapter#orientation()	Renamed	-	com/badlogic/gdx/ai/steer/SteerableAdapter.java	81	554845d66c52d2c7	
member	com.badlogic.gdx.ai.steer.SteerableAdapter#setOrientation(float)	sge.ai.steer.SteerableAdapter#orientation_=(float)	Renamed	-	com/badlogic/gdx/ai/steer/SteerableAdapter.java	86	ec11e9f081f262e6	
member	com.badlogic.gdx.ai.steer.SteerableAdapter#getPosition()	sge.ai.steer.SteerableAdapter#position()	Renamed	-	com/badlogic/gdx/ai/steer/SteerableAdapter.java	76	5ebd4037e299a62a	
member	com.badlogic.gdx.ai.steer.SteerableAdapter#isTagged()	sge.ai.steer.SteerableAdapter#tagged()	Renamed	-	com/badlogic/gdx/ai/steer/SteerableAdapter.java	105	b25a0d273c149a84	
member	com.badlogic.gdx.ai.steer.SteerableAdapter#setTagged(boolean)	sge.ai.steer.SteerableAdapter#tagged_=(boolean)	Renamed	-	com/badlogic/gdx/ai/steer/SteerableAdapter.java	110	570a7e137075c2a1	
member	com.badlogic.gdx.ai.steer.SteerableAdapter#vectorToAngle(T)	sge.ai.steer.SteerableAdapter#vectorToAngle(T)	Renamed	-	com/badlogic/gdx/ai/steer/SteerableAdapter.java	119	fb16e6d4f3dac97b	
member	com.badlogic.gdx.ai.steer.SteerableAdapter#getZeroLinearSpeedThreshold()	sge.ai.steer.SteerableAdapter#zeroLinearSpeedThreshold()	Renamed	-	com/badlogic/gdx/ai/steer/SteerableAdapter.java	31	04086c1ba1d14b52	
member	com.badlogic.gdx.ai.steer.SteerableAdapter#setZeroLinearSpeedThreshold(float)	sge.ai.steer.SteerableAdapter#zeroLinearSpeedThreshold_=(float)	Renamed	-	com/badlogic/gdx/ai/steer/SteerableAdapter.java	36	330950736bf98668	
member	com.badlogic.gdx.ai.steer.SteeringAcceleration#<init>(T)	sge.ai.steer.SteeringAcceleration#<init>(T)	Renamed	-	com/badlogic/gdx/ai/steer/SteeringAcceleration.java	37	f6d3e31793ba1c7f	
member	com.badlogic.gdx.ai.steer.SteeringAcceleration#<stmt1>	sge.ai.steer.SteeringAcceleration#<stmt1>	Renamed	-	com/badlogic/gdx/ai/steer/SteeringAcceleration.java	46	3e2e8f86551e9cab	
member	com.badlogic.gdx.ai.steer.SteeringAcceleration#<stmt2>	sge.ai.steer.SteeringAcceleration#<stmt2>	Renamed	-	com/badlogic/gdx/ai/steer/SteeringAcceleration.java	47	db64041d47438da3	
member	com.badlogic.gdx.ai.steer.SteeringAcceleration#<stmt3>	sge.ai.steer.SteeringAcceleration#<stmt3>	Renamed	-	com/badlogic/gdx/ai/steer/SteeringAcceleration.java	48	993730339f52bafe	
member	com.badlogic.gdx.ai.steer.SteeringAcceleration#add(SteeringAcceleration)	sge.ai.steer.SteeringAcceleration#add(SteeringAcceleration<T>)	Renamed	-	com/badlogic/gdx/ai/steer/SteeringAcceleration.java	68	0dd6eb267c112444	
member	com.badlogic.gdx.ai.steer.SteeringAcceleration#angular	sge.ai.steer.SteeringAcceleration#angular	Renamed	-	com/badlogic/gdx/ai/steer/SteeringAcceleration.java	32	49d37eba1a329935	
member	com.badlogic.gdx.ai.steer.SteeringAcceleration#calculateMagnitude()	sge.ai.steer.SteeringAcceleration#calculateMagnitude()	Renamed	-	com/badlogic/gdx/ai/steer/SteeringAcceleration.java	101	dd1fde547e1ddd73	
member	com.badlogic.gdx.ai.steer.SteeringAcceleration#calculateSquareMagnitude()	sge.ai.steer.SteeringAcceleration#calculateSquareMagnitude()	Renamed	-	com/badlogic/gdx/ai/steer/SteeringAcceleration.java	96	e600fc7b96ac25a1	
member	com.badlogic.gdx.ai.steer.SteeringAcceleration#linear	sge.ai.steer.SteeringAcceleration#linear	Renamed	-	com/badlogic/gdx/ai/steer/SteeringAcceleration.java	29	e6770cc91666af70	
member	com.badlogic.gdx.ai.steer.SteeringAcceleration#mulAdd(SteeringAcceleration,float)	sge.ai.steer.SteeringAcceleration#mulAdd(SteeringAcceleration<T>,float)	Renamed	-	com/badlogic/gdx/ai/steer/SteeringAcceleration.java	89	00d40fa0d890672e	
member	com.badlogic.gdx.ai.steer.SteeringAcceleration#scl(float)	sge.ai.steer.SteeringAcceleration#scl(float)	Renamed	-	com/badlogic/gdx/ai/steer/SteeringAcceleration.java	78	1cb86697f4b6e057	
member	com.badlogic.gdx.ai.steer.SteeringAcceleration#setZero()	sge.ai.steer.SteeringAcceleration#setZero()	Renamed	-	com/badlogic/gdx/ai/steer/SteeringAcceleration.java	58	25928d9af9f6e488	
member	com.badlogic.gdx.ai.steer.SteeringAcceleration#isZero()	sge.ai.steer.SteeringAcceleration#zero()	Renamed	-	com/badlogic/gdx/ai/steer/SteeringAcceleration.java	52	8d0ac82ef873d329	
member	com.badlogic.gdx.ai.steer.SteeringBehavior#<init>(Steerable)	sge.ai.steer.SteeringBehavior#<init>(Steerable<T>)	Renamed	-	com/badlogic/gdx/ai/steer/SteeringBehavior.java	42	063df5b68daaf6c1	
member	com.badlogic.gdx.ai.steer.SteeringBehavior#<init>(Steerable,Limiter)	sge.ai.steer.SteeringBehavior#<init>(Steerable<T>,Limiter)	Renamed	-	com/badlogic/gdx/ai/steer/SteeringBehavior.java	50	829dfed63decba0e	
member	com.badlogic.gdx.ai.steer.SteeringBehavior#<init>(Steerable,boolean)	sge.ai.steer.SteeringBehavior#<init>(Steerable<T>,boolean)	Renamed	-	com/badlogic/gdx/ai/steer/SteeringBehavior.java	59	4af10738f96fe6b3	
member	com.badlogic.gdx.ai.steer.SteeringBehavior#<stmt1>	sge.ai.steer.SteeringBehavior#<stmt1>	Renamed	-	com/badlogic/gdx/ai/steer/SteeringBehavior.java	69	bf3fc443a808b2b5	
member	com.badlogic.gdx.ai.steer.SteeringBehavior#<stmt2>	sge.ai.steer.SteeringBehavior#<stmt2>	Renamed	-	com/badlogic/gdx/ai/steer/SteeringBehavior.java	70	c7742796066f7554	
member	com.badlogic.gdx.ai.steer.SteeringBehavior#<stmt3>	sge.ai.steer.SteeringBehavior#<stmt3>	Renamed	-	com/badlogic/gdx/ai/steer/SteeringBehavior.java	71	f9c4e29ebb80c761	
member	com.badlogic.gdx.ai.steer.SteeringBehavior#getActualLimiter()	sge.ai.steer.SteeringBehavior#actualLimiter()	Renamed	-	com/badlogic/gdx/ai/steer/SteeringBehavior.java	126	9f0f76f4f97e9bc3	
member	com.badlogic.gdx.ai.steer.SteeringBehavior#calculateRealSteering(SteeringAcceleration)	sge.ai.steer.SteeringBehavior#calculateRealSteering(SteeringAcceleration<T>)	Renamed	-	com/badlogic/gdx/ai/steer/SteeringBehavior.java	87	3117004053f89fee	
member	com.badlogic.gdx.ai.steer.SteeringBehavior#calculateSteering(SteeringAcceleration)	sge.ai.steer.SteeringBehavior#calculateSteering(SteeringAcceleration<T>)	Renamed	-	com/badlogic/gdx/ai/steer/SteeringBehavior.java	78	104b45fe9507e02d	
member	com.badlogic.gdx.ai.steer.SteeringBehavior#enabled	sge.ai.steer.SteeringBehavior#enabled	Renamed	-	com/badlogic/gdx/ai/steer/SteeringBehavior.java	36	ea84849d155a13e1	
member	com.badlogic.gdx.ai.steer.SteeringBehavior#getLimiter()	sge.ai.steer.SteeringBehavior#getLimiter	Renamed	-	com/badlogic/gdx/ai/steer/SteeringBehavior.java	102	c8a714cdef070610	form=parenless
member	com.badlogic.gdx.ai.steer.SteeringBehavior#getOwner()	sge.ai.steer.SteeringBehavior#getOwner	Renamed	-	com/badlogic/gdx/ai/steer/SteeringBehavior.java	90	798f69da314e38f5	form=parenless
member	com.badlogic.gdx.ai.steer.SteeringBehavior#isEnabled()	sge.ai.steer.SteeringBehavior#isEnabled	Renamed	-	com/badlogic/gdx/ai/steer/SteeringBehavior.java	114	b895c9b6e885bccd	form=parenless
member	com.badlogic.gdx.ai.steer.SteeringBehavior#limiter	sge.ai.steer.SteeringBehavior#limiter	Renamed	-	com/badlogic/gdx/ai/steer/SteeringBehavior.java	33	2d7a7bff3ad8b73d	
member	com.badlogic.gdx.ai.steer.SteeringBehavior#newVector(Location)	sge.ai.steer.SteeringBehavior#newVector(Location<T>)	Renamed	-	com/badlogic/gdx/ai/steer/SteeringBehavior.java	137	e09df8db3fe3c41b	
member	com.badlogic.gdx.ai.steer.SteeringBehavior#owner	sge.ai.steer.SteeringBehavior#owner	Renamed	-	com/badlogic/gdx/ai/steer/SteeringBehavior.java	30	f86fb580f347cd01	
member	com.badlogic.gdx.ai.steer.SteeringBehavior#setEnabled(boolean)	sge.ai.steer.SteeringBehavior#setEnabled(boolean)	Renamed	-	com/badlogic/gdx/ai/steer/SteeringBehavior.java	120	089adde97cb9a955	
member	com.badlogic.gdx.ai.steer.SteeringBehavior#setLimiter(Limiter)	sge.ai.steer.SteeringBehavior#setLimiter(Limiter)	Renamed	-	com/badlogic/gdx/ai/steer/SteeringBehavior.java	108	5a0a064921d1986a	
member	com.badlogic.gdx.ai.steer.SteeringBehavior#setOwner(Steerable)	sge.ai.steer.SteeringBehavior#setOwner(Steerable<T>)	Renamed	-	com/badlogic/gdx/ai/steer/SteeringBehavior.java	96	34af399d17ec3a80	
member	com.badlogic.gdx.ai.steer.behaviors.Alignment#averageVelocity	sge.ai.steer.behaviors.Alignment#averageVelocity	Renamed	-	com/badlogic/gdx/ai/steer/behaviors/Alignment.java	40	f48e1f0a8acffeff	vis=private
member	com.badlogic.gdx.ai.steer.behaviors.Alignment#calculateRealSteering(SteeringAcceleration)	sge.ai.steer.behaviors.Alignment#calculateRealSteering(SteeringAcceleration<T>)	Renamed	-	com/badlogic/gdx/ai/steer/behaviors/Alignment.java	50	741e436e27f6d8b5	
member	com.badlogic.gdx.ai.steer.behaviors.Alignment#reportNeighbor(Steerable)	sge.ai.steer.behaviors.Alignment#reportNeighbor(Steerable<T>)	Renamed	-	com/badlogic/gdx/ai/steer/behaviors/Alignment.java	70	9c80c798bda0bed8	
member	com.badlogic.gdx.ai.steer.behaviors.Alignment#setEnabled(boolean)	sge.ai.steer.behaviors.Alignment#setEnabled(boolean)	Renamed	-	com/badlogic/gdx/ai/steer/behaviors/Alignment.java	87	ca859e95427be010	
member	com.badlogic.gdx.ai.steer.behaviors.Alignment#setLimiter(Limiter)	sge.ai.steer.behaviors.Alignment#setLimiter(Limiter)	Renamed	-	com/badlogic/gdx/ai/steer/behaviors/Alignment.java	95	088de13d8cb86561	
member	com.badlogic.gdx.ai.steer.behaviors.Alignment#setOwner(Steerable)	sge.ai.steer.behaviors.Alignment#setOwner(Steerable<T>)	Renamed	-	com/badlogic/gdx/ai/steer/behaviors/Alignment.java	81	58f8edb7daaa31ec	
member	com.badlogic.gdx.ai.steer.behaviors.Arrive#<init>(Steerable)	sge.ai.steer.behaviors.Arrive#<init>(Steerable<T>)	Renamed	-	com/badlogic/gdx/ai/steer/behaviors/Arrive.java	61	6f2be9a9cb9ebac7	
member	com.badlogic.gdx.ai.steer.behaviors.Arrive#<stmt1>	sge.ai.steer.behaviors.Arrive#<stmt1>	Renamed	-	com/badlogic/gdx/ai/steer/behaviors/Arrive.java	70	80f9eb745c02feb8	
member	com.badlogic.gdx.ai.steer.behaviors.Arrive#arrivalTolerance	sge.ai.steer.behaviors.Arrive#arrivalTolerance	Renamed	-	com/badlogic/gdx/ai/steer/behaviors/Arrive.java	51	85180e50d89bf55e	
member	com.badlogic.gdx.ai.steer.behaviors.Arrive#arrive(SteeringAcceleration,T)	sge.ai.steer.behaviors.Arrive#arrive(SteeringAcceleration<T>,T)	Renamed	-	com/badlogic/gdx/ai/steer/behaviors/Arrive.java	78	1ac2e5e12a605732	
member	com.badlogic.gdx.ai.steer.behaviors.Arrive#calculateRealSteering(SteeringAcceleration)	sge.ai.steer.behaviors.Arrive#calculateRealSteering(SteeringAcceleration<T>)	Renamed	-	com/badlogic/gdx/ai/steer/behaviors/Arrive.java	74	712ad97534171450	
member	com.badlogic.gdx.ai.steer.behaviors.Arrive#decelerationRadius	sge.ai.steer.behaviors.Arrive#decelerationRadius	Renamed	-	com/badlogic/gdx/ai/steer/behaviors/Arrive.java	54	a83a9f274e3c45e1	
member	com.badlogic.gdx.ai.steer.behaviors.Arrive#getArrivalTolerance()	sge.ai.steer.behaviors.Arrive#getArrivalTolerance	Renamed	-	com/badlogic/gdx/ai/steer/behaviors/Arrive.java	121	504b660aaa03d886	form=parenless
member	com.badlogic.gdx.ai.steer.behaviors.Arrive#getDecelerationRadius()	sge.ai.steer.behaviors.Arrive#getDecelerationRadius	Renamed	-	com/badlogic/gdx/ai/steer/behaviors/Arrive.java	134	f8f30e5928713e31	form=parenless
member	com.badlogic.gdx.ai.steer.behaviors.Arrive#getTarget()	sge.ai.steer.behaviors.Arrive#getTarget	Renamed	-	com/badlogic/gdx/ai/steer/behaviors/Arrive.java	108	2d65100c85a3eeea	form=parenless
member	com.badlogic.gdx.ai.steer.behaviors.Arrive#getTimeToTarget()	sge.ai.steer.behaviors.Arrive#getTimeToTarget	Renamed	-	com/badlogic/gdx/ai/steer/behaviors/Arrive.java	146	27c07b7cf3c2fe91	form=parenless
member	com.badlogic.gdx.ai.steer.behaviors.Arrive#setArrivalTolerance(float)	sge.ai.steer.behaviors.Arrive#setArrivalTolerance(float)	Renamed	-	com/badlogic/gdx/ai/steer/behaviors/Arrive.java	128	76cd57d8b5c2ef69	
member	com.badlogic.gdx.ai.steer.behaviors.Arrive#setDecelerationRadius(float)	sge.ai.steer.behaviors.Arrive#setDecelerationRadius(float)	Renamed	-	com/badlogic/gdx/ai/steer/behaviors/Arrive.java	140	f695391a4ed89b24	
member	com.badlogic.gdx.ai.steer.behaviors.Arrive#setEnabled(boolean)	sge.ai.steer.behaviors.Arrive#setEnabled(boolean)	Renamed	-	com/badlogic/gdx/ai/steer/behaviors/Arrive.java	168	bd9a7d43ae07551f	
member	com.badlogic.gdx.ai.steer.behaviors.Arrive#setLimiter(Limiter)	sge.ai.steer.behaviors.Arrive#setLimiter(Limiter)	Renamed	-	com/badlogic/gdx/ai/steer/behaviors/Arrive.java	177	9cedecf1bb54105f	
member	com.badlogic.gdx.ai.steer.behaviors.Arrive#setOwner(Steerable)	sge.ai.steer.behaviors.Arrive#setOwner(Steerable<T>)	Renamed	-	com/badlogic/gdx/ai/steer/behaviors/Arrive.java	162	076f479e91adafec	
member	com.badlogic.gdx.ai.steer.behaviors.Arrive#setTarget(Location)	sge.ai.steer.behaviors.Arrive#setTarget(Location<T>)	Renamed	-	com/badlogic/gdx/ai/steer/behaviors/Arrive.java	114	1b3f58eec70bb8f2	
member	com.badlogic.gdx.ai.steer.behaviors.Arrive#setTimeToTarget(float)	sge.ai.steer.behaviors.Arrive#setTimeToTarget(float)	Renamed	-	com/badlogic/gdx/ai/steer/behaviors/Arrive.java	152	1df27ad6f3c4fb8e	
member	com.badlogic.gdx.ai.steer.behaviors.Arrive#target	sge.ai.steer.behaviors.Arrive#target	Renamed	-	com/badlogic/gdx/ai/steer/behaviors/Arrive.java	47	4f8e94ad901d1a87	
member	com.badlogic.gdx.ai.steer.behaviors.Arrive#timeToTarget	sge.ai.steer.behaviors.Arrive#timeToTarget	Renamed	-	com/badlogic/gdx/ai/steer/behaviors/Arrive.java	57	ae26d680ed191437	
member	com.badlogic.gdx.ai.steer.behaviors.BlendedSteering#<stmt1>	sge.ai.steer.behaviors.BlendedSteering#<stmt1>	Renamed	-	com/badlogic/gdx/ai/steer/behaviors/BlendedSteering.java	61	81ce768c22eee1c6	
member	com.badlogic.gdx.ai.steer.behaviors.BlendedSteering#<stmt2>	sge.ai.steer.behaviors.BlendedSteering#<stmt2>	Renamed	-	com/badlogic/gdx/ai/steer/behaviors/BlendedSteering.java	62	b92d93f14e2e1677	
member	com.badlogic.gdx.ai.steer.behaviors.BlendedSteering#add(BehaviorAndWeight)	sge.ai.steer.behaviors.BlendedSteering#add(BehaviorAndWeight<T>)	Renamed	-	com/badlogic/gdx/ai/steer/behaviors/BlendedSteering.java	76	0524cc24dbcbbe13	
member	com.badlogic.gdx.ai.steer.behaviors.BlendedSteering#add(SteeringBehavior,float)	sge.ai.steer.behaviors.BlendedSteering#add(SteeringBehavior<T>,float)	Renamed	-	com/badlogic/gdx/ai/steer/behaviors/BlendedSteering.java	69	93ed0a92464debda	
member	com.badlogic.gdx.ai.steer.behaviors.BlendedSteering#calculateRealSteering(SteeringAcceleration)	sge.ai.steer.behaviors.BlendedSteering#calculateRealSteering(SteeringAcceleration<T>)	Renamed	-	com/badlogic/gdx/ai/steer/behaviors/BlendedSteering.java	106	57401e6bb8d5ca67	
member	com.badlogic.gdx.ai.steer.behaviors.BlendedSteering#get(int)	sge.ai.steer.behaviors.BlendedSteering#get(int)	Renamed	-	com/badlogic/gdx/ai/steer/behaviors/BlendedSteering.java	101	3de836b8ec0e1075	
member	com.badlogic.gdx.ai.steer.behaviors.BlendedSteering#list	sge.ai.steer.behaviors.BlendedSteering#list	Renamed	-	com/badlogic/gdx/ai/steer/behaviors/BlendedSteering.java	51	aa686d9a302e7f5a	
member	com.badlogic.gdx.ai.steer.behaviors.BlendedSteering#remove(BehaviorAndWeight)	sge.ai.steer.behaviors.BlendedSteering#remove(BehaviorAndWeight<T>)	Renamed	-	com/badlogic/gdx/ai/steer/behaviors/BlendedSteering.java	84	075b9fa1eae5b8f7	
member	com.badlogic.gdx.ai.steer.behaviors.BlendedSteering#remove(SteeringBehavior)	sge.ai.steer.behaviors.BlendedSteering#remove(SteeringBehavior<T>)	Renamed	-	com/badlogic/gdx/ai/steer/behaviors/BlendedSteering.java	90	b5bdf45ecf9cafc6	
member	com.badlogic.gdx.ai.steer.behaviors.BlendedSteering#setEnabled(boolean)	sge.ai.steer.behaviors.BlendedSteering#setEnabled(boolean)	Renamed	-	com/badlogic/gdx/ai/steer/behaviors/BlendedSteering.java	143	c2a6dcef121df941	
member	com.badlogic.gdx.ai.steer.behaviors.BlendedSteering#setLimiter(Limiter)	sge.ai.steer.behaviors.BlendedSteering#setLimiter(Limiter)	Renamed	-	com/badlogic/gdx/ai/steer/behaviors/BlendedSteering.java	152	0260242adfb13dd2	
member	com.badlogic.gdx.ai.steer.behaviors.BlendedSteering#setOwner(Steerable)	sge.ai.steer.behaviors.BlendedSteering#setOwner(Steerable<T>)	Renamed	-	com/badlogic/gdx/ai/steer/behaviors/BlendedSteering.java	137	03a18b6b12a2dffc	
member	com.badlogic.gdx.ai.steer.behaviors.BlendedSteering#steering	sge.ai.steer.behaviors.BlendedSteering#steering	Renamed	-	com/badlogic/gdx/ai/steer/behaviors/BlendedSteering.java	53	67e44db25085329e	
member	com.badlogic.gdx.ai.steer.behaviors.BlendedSteering$BehaviorAndWeight#<stmt1>	sge.ai.steer.behaviors.BlendedSteering$BehaviorAndWeight#<stmt1>	Renamed	-	com/badlogic/gdx/ai/steer/behaviors/BlendedSteering.java	167	3f28f4f31571d724	
member	com.badlogic.gdx.ai.steer.behaviors.BlendedSteering$BehaviorAndWeight#<stmt2>	sge.ai.steer.behaviors.BlendedSteering$BehaviorAndWeight#<stmt2>	Renamed	-	com/badlogic/gdx/ai/steer/behaviors/BlendedSteering.java	168	1877c8453c765114	
member	com.badlogic.gdx.ai.steer.behaviors.BlendedSteering$BehaviorAndWeight#getBehavior	sge.ai.steer.behaviors.BlendedSteering$BehaviorAndWeight#behavior	Renamed	-	com/badlogic/gdx/ai/steer/behaviors/BlendedSteering.java	163	fb98ae0027d104f4	name=behavior$field
member	com.badlogic.gdx.ai.steer.behaviors.BlendedSteering$BehaviorAndWeight#getBehavior()	sge.ai.steer.behaviors.BlendedSteering$BehaviorAndWeight#behavior()	Renamed	-	com/badlogic/gdx/ai/steer/behaviors/BlendedSteering.java	171	1be27af3a1fbf080	
member	com.badlogic.gdx.ai.steer.behaviors.BlendedSteering$BehaviorAndWeight#setBehavior(SteeringBehavior)	sge.ai.steer.behaviors.BlendedSteering$BehaviorAndWeight#behavior_=(SteeringBehavior<T>)	Renamed	-	com/badlogic/gdx/ai/steer/behaviors/BlendedSteering.java	175	7234fcf381823548	
member	com.badlogic.gdx.ai.steer.behaviors.BlendedSteering$BehaviorAndWeight#getWeight	sge.ai.steer.behaviors.BlendedSteering$BehaviorAndWeight#weight	Renamed	-	com/badlogic/gdx/ai/steer/behaviors/BlendedSteering.java	164	75a5396777baed52	name=weight$field
member	com.badlogic.gdx.ai.steer.behaviors.BlendedSteering$BehaviorAndWeight#getWeight()	sge.ai.steer.behaviors.BlendedSteering$BehaviorAndWeight#weight()	Renamed	-	com/badlogic/gdx/ai/steer/behaviors/BlendedSteering.java	179	a803a9e5a70a78bc	
member	com.badlogic.gdx.ai.steer.behaviors.BlendedSteering$BehaviorAndWeight#setWeight(float)	sge.ai.steer.behaviors.BlendedSteering$BehaviorAndWeight#weight_=(float)	Renamed	-	com/badlogic/gdx/ai/steer/behaviors/BlendedSteering.java	183	0d298c83aaf9bff5	
member	com.badlogic.gdx.ai.steer.behaviors.Cohesion#calculateRealSteering(SteeringAcceleration)	sge.ai.steer.behaviors.Cohesion#calculateRealSteering(SteeringAcceleration<T>)	Renamed	-	com/badlogic/gdx/ai/steer/behaviors/Cohesion.java	49	066c8798a9a47b29	
member	com.badlogic.gdx.ai.steer.behaviors.Cohesion#centerOfMass	sge.ai.steer.behaviors.Cohesion#centerOfMass	Renamed	-	com/badlogic/gdx/ai/steer/behaviors/Cohesion.java	39	197dc2279c6030a5	vis=private
member	com.badlogic.gdx.ai.steer.behaviors.Cohesion#reportNeighbor(Steerable)	sge.ai.steer.behaviors.Cohesion#reportNeighbor(Steerable<T>)	Renamed	-	com/badlogic/gdx/ai/steer/behaviors/Cohesion.java	70	8c834b65caeefb9d	
member	com.badlogic.gdx.ai.steer.behaviors.Cohesion#setEnabled(boolean)	sge.ai.steer.behaviors.Cohesion#setEnabled(boolean)	Renamed	-	com/badlogic/gdx/ai/steer/behaviors/Cohesion.java	87	16d7e7eeb8f93f33	
member	com.badlogic.gdx.ai.steer.behaviors.Cohesion#setLimiter(Limiter)	sge.ai.steer.behaviors.Cohesion#setLimiter(Limiter)	Renamed	-	com/badlogic/gdx/ai/steer/behaviors/Cohesion.java	95	686d9305331753b3	
member	com.badlogic.gdx.ai.steer.behaviors.Cohesion#setOwner(Steerable)	sge.ai.steer.behaviors.Cohesion#setOwner(Steerable<T>)	Renamed	-	com/badlogic/gdx/ai/steer/behaviors/Cohesion.java	81	2fb8284e782e2178	
member	com.badlogic.gdx.ai.steer.behaviors.CollisionAvoidance#<stmt1>	sge.ai.steer.behaviors.CollisionAvoidance#<stmt1>	Renamed	-	com/badlogic/gdx/ai/steer/behaviors/CollisionAvoidance.java	59	b82a53a1c4b3f66d	
member	com.badlogic.gdx.ai.steer.behaviors.CollisionAvoidance#<stmt2>	sge.ai.steer.behaviors.CollisionAvoidance#<stmt2>	Renamed	-	com/badlogic/gdx/ai/steer/behaviors/CollisionAvoidance.java	60	5b4280a0eda36ede	
member	com.badlogic.gdx.ai.steer.behaviors.CollisionAvoidance#<stmt3>	sge.ai.steer.behaviors.CollisionAvoidance#<stmt3>	Renamed	-	com/badlogic/gdx/ai/steer/behaviors/CollisionAvoidance.java	62	802dff08e66a370c	
member	com.badlogic.gdx.ai.steer.behaviors.CollisionAvoidance#calculateRealSteering(SteeringAcceleration)	sge.ai.steer.behaviors.CollisionAvoidance#calculateRealSteering(SteeringAcceleration<T>)	Renamed	-	com/badlogic/gdx/ai/steer/behaviors/CollisionAvoidance.java	66	321bfa8d8e747274	
member	com.badlogic.gdx.ai.steer.behaviors.CollisionAvoidance#firstDistance	sge.ai.steer.behaviors.CollisionAvoidance#firstDistance	Renamed	-	com/badlogic/gdx/ai/steer/behaviors/CollisionAvoidance.java	47	90263bd888911ec6	vis=private
member	com.badlogic.gdx.ai.steer.behaviors.CollisionAvoidance#firstMinSeparation	sge.ai.steer.behaviors.CollisionAvoidance#firstMinSeparation	Renamed	-	com/badlogic/gdx/ai/steer/behaviors/CollisionAvoidance.java	46	53b9c2b1e7af785e	vis=private
member	com.badlogic.gdx.ai.steer.behaviors.CollisionAvoidance#firstNeighbor	sge.ai.steer.behaviors.CollisionAvoidance#firstNeighbor	Renamed	-	com/badlogic/gdx/ai/steer/behaviors/CollisionAvoidance.java	45	2fe7abf606dd6a46	vis=private
member	com.badlogic.gdx.ai.steer.behaviors.CollisionAvoidance#firstRelativePosition	sge.ai.steer.behaviors.CollisionAvoidance#firstRelativePosition	Renamed	-	com/badlogic/gdx/ai/steer/behaviors/CollisionAvoidance.java	48	9e53f20ad0a89996	
member	com.badlogic.gdx.ai.steer.behaviors.CollisionAvoidance#firstRelativeVelocity	sge.ai.steer.behaviors.CollisionAvoidance#firstRelativeVelocity	Renamed	-	com/badlogic/gdx/ai/steer/behaviors/CollisionAvoidance.java	49	9c02ca5ac157c135	
member	com.badlogic.gdx.ai.steer.behaviors.CollisionAvoidance#relativePosition	sge.ai.steer.behaviors.CollisionAvoidance#relativePosition	Renamed	-	com/badlogic/gdx/ai/steer/behaviors/CollisionAvoidance.java	50	086f031e4c830b6c	vis=private
member	com.badlogic.gdx.ai.steer.behaviors.CollisionAvoidance#relativeVelocity	sge.ai.steer.behaviors.CollisionAvoidance#relativeVelocity	Renamed	-	com/badlogic/gdx/ai/steer/behaviors/CollisionAvoidance.java	51	df7b4c9789c7f3fc	
member	com.badlogic.gdx.ai.steer.behaviors.CollisionAvoidance#reportNeighbor(Steerable)	sge.ai.steer.behaviors.CollisionAvoidance#reportNeighbor(Steerable<T>)	Renamed	-	com/badlogic/gdx/ai/steer/behaviors/CollisionAvoidance.java	105	59da9fbe0444bb07	
member	com.badlogic.gdx.ai.steer.behaviors.CollisionAvoidance#setEnabled(boolean)	sge.ai.steer.behaviors.CollisionAvoidance#setEnabled(boolean)	Renamed	-	com/badlogic/gdx/ai/steer/behaviors/CollisionAvoidance.java	150	8f1ae9b3089d1a8e	
member	com.badlogic.gdx.ai.steer.behaviors.CollisionAvoidance#setLimiter(Limiter)	sge.ai.steer.behaviors.CollisionAvoidance#setLimiter(Limiter)	Renamed	-	com/badlogic/gdx/ai/steer/behaviors/CollisionAvoidance.java	158	0dd0588c03bf2c18	
member	com.badlogic.gdx.ai.steer.behaviors.CollisionAvoidance#setOwner(Steerable)	sge.ai.steer.behaviors.CollisionAvoidance#setOwner(Steerable<T>)	Renamed	-	com/badlogic/gdx/ai/steer/behaviors/CollisionAvoidance.java	144	b814a9d452e34afc	
member	com.badlogic.gdx.ai.steer.behaviors.CollisionAvoidance#shortestTime	sge.ai.steer.behaviors.CollisionAvoidance#shortestTime	Renamed	-	com/badlogic/gdx/ai/steer/behaviors/CollisionAvoidance.java	44	c18f11b0b9b98548	vis=private
member	com.badlogic.gdx.ai.steer.behaviors.Evade#<init>(Steerable,Steerable)	sge.ai.steer.behaviors.Evade#<init>(Steerable<T>,Steerable<T>)	Renamed	-	com/badlogic/gdx/ai/steer/behaviors/Evade.java	34	186404dc3f578cf4	
member	com.badlogic.gdx.ai.steer.behaviors.Evade#getActualMaxLinearAcceleration()	sge.ai.steer.behaviors.Evade#actualMaxLinearAcceleration()	Renamed	-	com/badlogic/gdx/ai/steer/behaviors/Evade.java	48	547a7d2260a75b99	
member	com.badlogic.gdx.ai.steer.behaviors.Evade#setEnabled(boolean)	sge.ai.steer.behaviors.Evade#setEnabled(boolean)	Renamed	-	com/badlogic/gdx/ai/steer/behaviors/Evade.java	64	178cd15d2e39b093	
member	com.badlogic.gdx.ai.steer.behaviors.Evade#setLimiter(Limiter)	sge.ai.steer.behaviors.Evade#setLimiter(Limiter)	Renamed	-	com/badlogic/gdx/ai/steer/behaviors/Evade.java	72	9c3e02bbd7585253	
member	com.badlogic.gdx.ai.steer.behaviors.Evade#setOwner(Steerable)	sge.ai.steer.behaviors.Evade#setOwner(Steerable<T>)	Renamed	-	com/badlogic/gdx/ai/steer/behaviors/Evade.java	58	556cdc6faab66b9e	
member	com.badlogic.gdx.ai.steer.behaviors.Evade#setTarget(Steerable)	sge.ai.steer.behaviors.Evade#setTarget(Steerable<T>)	Renamed	-	com/badlogic/gdx/ai/steer/behaviors/Evade.java	78	fd17b6122fe1648e	
member	com.badlogic.gdx.ai.steer.behaviors.Face#<init>(Steerable)	sge.ai.steer.behaviors.Face#<init>(Steerable<T>)	Renamed	-	com/badlogic/gdx/ai/steer/behaviors/Face.java	35	d736d667e2ed8da4	
member	com.badlogic.gdx.ai.steer.behaviors.Face#calculateRealSteering(SteeringAcceleration)	sge.ai.steer.behaviors.Face#calculateRealSteering(SteeringAcceleration<T>)	Renamed	-	com/badlogic/gdx/ai/steer/behaviors/Face.java	47	1bc8870724e76e1a	
member	com.badlogic.gdx.ai.steer.behaviors.Face#face(SteeringAcceleration,T)	sge.ai.steer.behaviors.Face#face(SteeringAcceleration<T>,T)	Renamed	-	com/badlogic/gdx/ai/steer/behaviors/Face.java	51	adb704274c09bef9	
member	com.badlogic.gdx.ai.steer.behaviors.Face#setAlignTolerance(float)	sge.ai.steer.behaviors.Face#setAlignTolerance(float)	Renamed	-	com/badlogic/gdx/ai/steer/behaviors/Face.java	97	f636e2cf10382ed5	
member	com.badlogic.gdx.ai.steer.behaviors.Face#setDecelerationRadius(float)	sge.ai.steer.behaviors.Face#setDecelerationRadius(float)	Renamed	-	com/badlogic/gdx/ai/steer/behaviors/Face.java	103	a60677ac6a950ece	
member	com.badlogic.gdx.ai.steer.behaviors.Face#setEnabled(boolean)	sge.ai.steer.behaviors.Face#setEnabled(boolean)	Renamed	-	com/badlogic/gdx/ai/steer/behaviors/Face.java	76	597f28325c4fe936	
member	com.badlogic.gdx.ai.steer.behaviors.Face#setLimiter(Limiter)	sge.ai.steer.behaviors.Face#setLimiter(Limiter)	Renamed	-	com/badlogic/gdx/ai/steer/behaviors/Face.java	85	7d38d2a789bfa562	
member	com.badlogic.gdx.ai.steer.behaviors.Face#setOwner(Steerable)	sge.ai.steer.behaviors.Face#setOwner(Steerable<T>)	Renamed	-	com/badlogic/gdx/ai/steer/behaviors/Face.java	70	6d63047a40ffad89	
member	com.badlogic.gdx.ai.steer.behaviors.Face#setTarget(Location)	sge.ai.steer.behaviors.Face#setTarget(Location<T>)	Renamed	-	com/badlogic/gdx/ai/steer/behaviors/Face.java	91	e3887d4bfd52d5f8	
member	com.badlogic.gdx.ai.steer.behaviors.Face#setTimeToTarget(float)	sge.ai.steer.behaviors.Face#setTimeToTarget(float)	Renamed	-	com/badlogic/gdx/ai/steer/behaviors/Face.java	109	24e96bc8a24471f2	
member	com.badlogic.gdx.ai.steer.behaviors.Flee#<init>(Steerable)	sge.ai.steer.behaviors.Flee#<init>(Steerable<T>)	Renamed	-	com/badlogic/gdx/ai/steer/behaviors/Flee.java	35	d5ef04533f2f498b	
member	com.badlogic.gdx.ai.steer.behaviors.Flee#calculateRealSteering(SteeringAcceleration)	sge.ai.steer.behaviors.Flee#calculateRealSteering(SteeringAcceleration<T>)	Renamed	-	com/badlogic/gdx/ai/steer/behaviors/Flee.java	47	11a52d3d6d3bdd6a	
member	com.badlogic.gdx.ai.steer.behaviors.Flee#setEnabled(boolean)	sge.ai.steer.behaviors.Flee#setEnabled(boolean)	Renamed	-	com/badlogic/gdx/ai/steer/behaviors/Flee.java	70	1e9b3f838b4f48f2	
member	com.badlogic.gdx.ai.steer.behaviors.Flee#setLimiter(Limiter)	sge.ai.steer.behaviors.Flee#setLimiter(Limiter)	Renamed	-	com/badlogic/gdx/ai/steer/behaviors/Flee.java	78	b143230eff512ff0	
member	com.badlogic.gdx.ai.steer.behaviors.Flee#setOwner(Steerable)	sge.ai.steer.behaviors.Flee#setOwner(Steerable<T>)	Renamed	-	com/badlogic/gdx/ai/steer/behaviors/Flee.java	64	16373c06393dd821	
member	com.badlogic.gdx.ai.steer.behaviors.Flee#setTarget(Location)	sge.ai.steer.behaviors.Flee#setTarget(Location<T>)	Renamed	-	com/badlogic/gdx/ai/steer/behaviors/Flee.java	84	88ecdeca017bbdc6	
member	com.badlogic.gdx.ai.steer.behaviors.FollowFlowField#<init>(Steerable)	sge.ai.steer.behaviors.FollowFlowField#<init>(Steerable<T>)	Renamed	-	com/badlogic/gdx/ai/steer/behaviors/FollowFlowField.java	48	25a21c80953c9d2d	
member	com.badlogic.gdx.ai.steer.behaviors.FollowFlowField#<init>(Steerable,FlowField)	sge.ai.steer.behaviors.FollowFlowField#<init>(Steerable<T>,FlowField<T>)	Renamed	-	com/badlogic/gdx/ai/steer/behaviors/FollowFlowField.java	55	37d3be80433c32b0	
member	com.badlogic.gdx.ai.steer.behaviors.FollowFlowField#<stmt1>	sge.ai.steer.behaviors.FollowFlowField#<stmt1>	Renamed	-	com/badlogic/gdx/ai/steer/behaviors/FollowFlowField.java	66	64b9479a7a9d4238	
member	com.badlogic.gdx.ai.steer.behaviors.FollowFlowField#<stmt2>	sge.ai.steer.behaviors.FollowFlowField#<stmt2>	Renamed	-	com/badlogic/gdx/ai/steer/behaviors/FollowFlowField.java	67	8c2ff5a87b4f44df	
member	com.badlogic.gdx.ai.steer.behaviors.FollowFlowField#calculateRealSteering(SteeringAcceleration)	sge.ai.steer.behaviors.FollowFlowField#calculateRealSteering(SteeringAcceleration<T>)	Renamed	-	com/badlogic/gdx/ai/steer/behaviors/FollowFlowField.java	71	dd4aced53076114f	
member	com.badlogic.gdx.ai.steer.behaviors.FollowFlowField#flowField	sge.ai.steer.behaviors.FollowFlowField#flowField	Renamed	-	com/badlogic/gdx/ai/steer/behaviors/FollowFlowField.java	41	7ef34e36f883ac27	
member	com.badlogic.gdx.ai.steer.behaviors.FollowFlowField#getFlowField()	sge.ai.steer.behaviors.FollowFlowField#getFlowField	Renamed	-	com/badlogic/gdx/ai/steer/behaviors/FollowFlowField.java	99	2b566b7d8f18e962	form=parenless
member	com.badlogic.gdx.ai.steer.behaviors.FollowFlowField#getPredictionTime()	sge.ai.steer.behaviors.FollowFlowField#getPredictionTime	Renamed	-	com/badlogic/gdx/ai/steer/behaviors/FollowFlowField.java	112	f9a2c155e7c02b01	form=parenless
member	com.badlogic.gdx.ai.steer.behaviors.FollowFlowField#predictionTime	sge.ai.steer.behaviors.FollowFlowField#predictionTime	Renamed	-	com/badlogic/gdx/ai/steer/behaviors/FollowFlowField.java	44	fde98eff1e4d74e0	
member	com.badlogic.gdx.ai.steer.behaviors.FollowFlowField#setEnabled(boolean)	sge.ai.steer.behaviors.FollowFlowField#setEnabled(boolean)	Renamed	-	com/badlogic/gdx/ai/steer/behaviors/FollowFlowField.java	135	83f486d30823153c	
member	com.badlogic.gdx.ai.steer.behaviors.FollowFlowField#setFlowField(FlowField)	sge.ai.steer.behaviors.FollowFlowField#setFlowField(FlowField<T>)	Renamed	-	com/badlogic/gdx/ai/steer/behaviors/FollowFlowField.java	106	0ecd920e287bb378	
member	com.badlogic.gdx.ai.steer.behaviors.FollowFlowField#setLimiter(Limiter)	sge.ai.steer.behaviors.FollowFlowField#setLimiter(Limiter)	Renamed	-	com/badlogic/gdx/ai/steer/behaviors/FollowFlowField.java	144	e85abc4f17dd49b4	
member	com.badlogic.gdx.ai.steer.behaviors.FollowFlowField#setOwner(Steerable)	sge.ai.steer.behaviors.FollowFlowField#setOwner(Steerable<T>)	Renamed	-	com/badlogic/gdx/ai/steer/behaviors/FollowFlowField.java	129	db638eb1f51b4755	
member	com.badlogic.gdx.ai.steer.behaviors.FollowFlowField#setPredictionTime(float)	sge.ai.steer.behaviors.FollowFlowField#setPredictionTime(float)	Renamed	-	com/badlogic/gdx/ai/steer/behaviors/FollowFlowField.java	119	8d3d6d1dabe1e735	
member	com.badlogic.gdx.ai.steer.behaviors.FollowFlowField$FlowField#lookup(T)	sge.ai.steer.behaviors.FollowFlowField$FlowField#lookup(T)	Renamed	-	com/badlogic/gdx/ai/steer/behaviors/FollowFlowField.java	158	944f598cdd102c17	
member	com.badlogic.gdx.ai.steer.behaviors.FollowPath#<init>(Steerable,Path)	sge.ai.steer.behaviors.FollowPath#<init>(Steerable<T>,Path<T,P>)	Renamed	-	com/badlogic/gdx/ai/steer/behaviors/FollowPath.java	65	0c9f9b66bf99ffa7	
member	com.badlogic.gdx.ai.steer.behaviors.FollowPath#<init>(Steerable,Path,float)	sge.ai.steer.behaviors.FollowPath#<init>(Steerable<T>,Path<T,P>,float)	Renamed	-	com/badlogic/gdx/ai/steer/behaviors/FollowPath.java	74	eb2c399cf6aa8b37	
member	com.badlogic.gdx.ai.steer.behaviors.FollowPath#<stmt1>	sge.ai.steer.behaviors.FollowPath#<stmt1>	Renamed	-	com/badlogic/gdx/ai/steer/behaviors/FollowPath.java	87	f96fbb09ef6b0af0	
member	com.badlogic.gdx.ai.steer.behaviors.FollowPath#<stmt2>	sge.ai.steer.behaviors.FollowPath#<stmt2>	Renamed	-	com/badlogic/gdx/ai/steer/behaviors/FollowPath.java	88	6dfc8a78ecc07d57	
member	com.badlogic.gdx.ai.steer.behaviors.FollowPath#<stmt3>	sge.ai.steer.behaviors.FollowPath#<stmt3>	Renamed	-	com/badlogic/gdx/ai/steer/behaviors/FollowPath.java	89	9262d3abd02c6d13	
member	com.badlogic.gdx.ai.steer.behaviors.FollowPath#<stmt4>	sge.ai.steer.behaviors.FollowPath#<stmt4>	Renamed	-	com/badlogic/gdx/ai/steer/behaviors/FollowPath.java	90	8c2ff5a87b4f44df	
member	com.badlogic.gdx.ai.steer.behaviors.FollowPath#<stmt5>	sge.ai.steer.behaviors.FollowPath#<stmt5>	Renamed	-	com/badlogic/gdx/ai/steer/behaviors/FollowPath.java	92	30fdfb00be10b696	
member	com.badlogic.gdx.ai.steer.behaviors.FollowPath#<stmt6>	sge.ai.steer.behaviors.FollowPath#<stmt6>	Renamed	-	com/badlogic/gdx/ai/steer/behaviors/FollowPath.java	94	41e491202d63710c	
member	com.badlogic.gdx.ai.steer.behaviors.FollowPath#arriveEnabled	sge.ai.steer.behaviors.FollowPath#arriveEnabled	Renamed	-	com/badlogic/gdx/ai/steer/behaviors/FollowPath.java	55	8a0fb3adff71a29c	
member	com.badlogic.gdx.ai.steer.behaviors.FollowPath#calculateRealSteering(SteeringAcceleration)	sge.ai.steer.behaviors.FollowPath#calculateRealSteering(SteeringAcceleration<T>)	Renamed	-	com/badlogic/gdx/ai/steer/behaviors/FollowPath.java	98	880a7df3463c7e5e	
member	com.badlogic.gdx.ai.steer.behaviors.FollowPath#getPath()	sge.ai.steer.behaviors.FollowPath#getPath	Renamed	-	com/badlogic/gdx/ai/steer/behaviors/FollowPath.java	139	a08f40454b3a56c6	form=parenless
member	com.badlogic.gdx.ai.steer.behaviors.FollowPath#getPathOffset()	sge.ai.steer.behaviors.FollowPath#getPathOffset	Renamed	-	com/badlogic/gdx/ai/steer/behaviors/FollowPath.java	152	b63b5bfc9f20aff9	form=parenless
member	com.badlogic.gdx.ai.steer.behaviors.FollowPath#getPredictionTime()	sge.ai.steer.behaviors.FollowPath#getPredictionTime	Renamed	-	com/badlogic/gdx/ai/steer/behaviors/FollowPath.java	162	f9a2c155e7c02b01	form=parenless
member	com.badlogic.gdx.ai.steer.behaviors.FollowPath#getInternalTargetPosition	sge.ai.steer.behaviors.FollowPath#internalTargetPosition	Renamed	-	com/badlogic/gdx/ai/steer/behaviors/FollowPath.java	60	7a6983a5bcc5055e	name=internalTargetPosition$field
member	com.badlogic.gdx.ai.steer.behaviors.FollowPath#getInternalTargetPosition()	sge.ai.steer.behaviors.FollowPath#internalTargetPosition()	Renamed	-	com/badlogic/gdx/ai/steer/behaviors/FollowPath.java	197	3f2849bd46e7ddcb	
member	com.badlogic.gdx.ai.steer.behaviors.FollowPath#isArriveEnabled()	sge.ai.steer.behaviors.FollowPath#isArriveEnabled	Renamed	-	com/badlogic/gdx/ai/steer/behaviors/FollowPath.java	157	11d2146e282de588	form=parenless
member	com.badlogic.gdx.ai.steer.behaviors.FollowPath#path	sge.ai.steer.behaviors.FollowPath#path	Renamed	-	com/badlogic/gdx/ai/steer/behaviors/FollowPath.java	46	925887eec90017cc	
member	com.badlogic.gdx.ai.steer.behaviors.FollowPath#pathOffset	sge.ai.steer.behaviors.FollowPath#pathOffset	Renamed	-	com/badlogic/gdx/ai/steer/behaviors/FollowPath.java	49	a9e830946978165d	
member	com.badlogic.gdx.ai.steer.behaviors.FollowPath#getPathParam	sge.ai.steer.behaviors.FollowPath#pathParam	Renamed	-	com/badlogic/gdx/ai/steer/behaviors/FollowPath.java	52	123f54fdc9453f9b	name=pathParam$field
member	com.badlogic.gdx.ai.steer.behaviors.FollowPath#getPathParam()	sge.ai.steer.behaviors.FollowPath#pathParam()	Renamed	-	com/badlogic/gdx/ai/steer/behaviors/FollowPath.java	192	94221655a7a6f401	
member	com.badlogic.gdx.ai.steer.behaviors.FollowPath#predictionTime	sge.ai.steer.behaviors.FollowPath#predictionTime	Renamed	-	com/badlogic/gdx/ai/steer/behaviors/FollowPath.java	58	3ff776950e08ad0f	
member	com.badlogic.gdx.ai.steer.behaviors.FollowPath#setArrivalTolerance(float)	sge.ai.steer.behaviors.FollowPath#setArrivalTolerance(float)	Renamed	-	com/badlogic/gdx/ai/steer/behaviors/FollowPath.java	233	fbefb1c6354672b9	
member	com.badlogic.gdx.ai.steer.behaviors.FollowPath#setArriveEnabled(boolean)	sge.ai.steer.behaviors.FollowPath#setArriveEnabled(boolean)	Renamed	-	com/badlogic/gdx/ai/steer/behaviors/FollowPath.java	178	98d2ec948e4d04a5	
member	com.badlogic.gdx.ai.steer.behaviors.FollowPath#setDecelerationRadius(float)	sge.ai.steer.behaviors.FollowPath#setDecelerationRadius(float)	Renamed	-	com/badlogic/gdx/ai/steer/behaviors/FollowPath.java	239	3181702cd4cfdbd5	
member	com.badlogic.gdx.ai.steer.behaviors.FollowPath#setEnabled(boolean)	sge.ai.steer.behaviors.FollowPath#setEnabled(boolean)	Renamed	-	com/badlogic/gdx/ai/steer/behaviors/FollowPath.java	212	4eac2749e4ad686c	
member	com.badlogic.gdx.ai.steer.behaviors.FollowPath#setLimiter(Limiter)	sge.ai.steer.behaviors.FollowPath#setLimiter(Limiter)	Renamed	-	com/badlogic/gdx/ai/steer/behaviors/FollowPath.java	221	51e74fca3accbe95	
member	com.badlogic.gdx.ai.steer.behaviors.FollowPath#setOwner(Steerable)	sge.ai.steer.behaviors.FollowPath#setOwner(Steerable<T>)	Renamed	-	com/badlogic/gdx/ai/steer/behaviors/FollowPath.java	206	79a0a88f61be7dcf	
member	com.badlogic.gdx.ai.steer.behaviors.FollowPath#setPath(Path)	sge.ai.steer.behaviors.FollowPath#setPath(Path<T,P>)	Renamed	-	com/badlogic/gdx/ai/steer/behaviors/FollowPath.java	146	2e0ec0a89adc5cbc	
member	com.badlogic.gdx.ai.steer.behaviors.FollowPath#setPathOffset(float)	sge.ai.steer.behaviors.FollowPath#setPathOffset(float)	Renamed	-	com/badlogic/gdx/ai/steer/behaviors/FollowPath.java	186	f1ef90d15774e734	
member	com.badlogic.gdx.ai.steer.behaviors.FollowPath#setPredictionTime(float)	sge.ai.steer.behaviors.FollowPath#setPredictionTime(float)	Renamed	-	com/badlogic/gdx/ai/steer/behaviors/FollowPath.java	169	7a018eba80b75843	
member	com.badlogic.gdx.ai.steer.behaviors.FollowPath#setTarget(Location)	sge.ai.steer.behaviors.FollowPath#setTarget(Location<T>)	Renamed	-	com/badlogic/gdx/ai/steer/behaviors/FollowPath.java	227	edf612c4cfbd070c	
member	com.badlogic.gdx.ai.steer.behaviors.FollowPath#setTimeToTarget(float)	sge.ai.steer.behaviors.FollowPath#setTimeToTarget(float)	Renamed	-	com/badlogic/gdx/ai/steer/behaviors/FollowPath.java	245	a543d145ed7d2d0c	
member	com.badlogic.gdx.ai.steer.behaviors.Hide#<init>(Steerable)	sge.ai.steer.behaviors.Hide#<init>(Steerable<T>)	Renamed	-	com/badlogic/gdx/ai/steer/behaviors/Hide.java	74	ce91f1918238c863	
member	com.badlogic.gdx.ai.steer.behaviors.Hide#<init>(Steerable,Location)	sge.ai.steer.behaviors.Hide#<init>(Steerable<T>,Location<T>)	Renamed	-	com/badlogic/gdx/ai/steer/behaviors/Hide.java	81	6113ac7bff417ebe	
member	com.badlogic.gdx.ai.steer.behaviors.Hide#<stmt1>	sge.ai.steer.behaviors.Hide#<stmt1>	Renamed	-	com/badlogic/gdx/ai/steer/behaviors/Hide.java	91	64076495a6749f36	
member	com.badlogic.gdx.ai.steer.behaviors.Hide#<stmt2>	sge.ai.steer.behaviors.Hide#<stmt2>	Renamed	-	com/badlogic/gdx/ai/steer/behaviors/Hide.java	93	a4853615c0600c8b	
member	com.badlogic.gdx.ai.steer.behaviors.Hide#<stmt3>	sge.ai.steer.behaviors.Hide#<stmt3>	Renamed	-	com/badlogic/gdx/ai/steer/behaviors/Hide.java	94	78ab507195ad575c	
member	com.badlogic.gdx.ai.steer.behaviors.Hide#bestHidingSpot	sge.ai.steer.behaviors.Hide#bestHidingSpot	Renamed	-	com/badlogic/gdx/ai/steer/behaviors/Hide.java	69	5723f361336e7149	
member	com.badlogic.gdx.ai.steer.behaviors.Hide#calculateRealSteering(SteeringAcceleration)	sge.ai.steer.behaviors.Hide#calculateRealSteering(SteeringAcceleration<T>)	Renamed	-	com/badlogic/gdx/ai/steer/behaviors/Hide.java	98	783ceb58392ff91e	
member	com.badlogic.gdx.ai.steer.behaviors.Hide#distance2ToClosest	sge.ai.steer.behaviors.Hide#distance2ToClosest	Renamed	-	com/badlogic/gdx/ai/steer/behaviors/Hide.java	70	64462bfd96a35bc2	vis=private
member	com.badlogic.gdx.ai.steer.behaviors.Hide#distanceFromBoundary	sge.ai.steer.behaviors.Hide#distanceFromBoundary	Renamed	-	com/badlogic/gdx/ai/steer/behaviors/Hide.java	66	b872cfdaac320980	
member	com.badlogic.gdx.ai.steer.behaviors.Hide#getDistanceFromBoundary()	sge.ai.steer.behaviors.Hide#getDistanceFromBoundary	Renamed	-	com/badlogic/gdx/ai/steer/behaviors/Hide.java	141	6e127ef8e53f0957	form=parenless
member	com.badlogic.gdx.ai.steer.behaviors.Hide#getHidingPosition(T,float,T)	sge.ai.steer.behaviors.Hide#getHidingPosition(T,float,T)	Renamed	-	com/badlogic/gdx/ai/steer/behaviors/Hide.java	161	e9bc110a4eb386a4	
member	com.badlogic.gdx.ai.steer.behaviors.Hide#getProximity()	sge.ai.steer.behaviors.Hide#getProximity	Renamed	-	com/badlogic/gdx/ai/steer/behaviors/Hide.java	128	1f965130c413baac	form=parenless
member	com.badlogic.gdx.ai.steer.behaviors.Hide#proximity	sge.ai.steer.behaviors.Hide#proximity	Renamed	-	com/badlogic/gdx/ai/steer/behaviors/Hide.java	63	3d8f251cbe3a1922	
member	com.badlogic.gdx.ai.steer.behaviors.Hide#reportNeighbor(Steerable)	sge.ai.steer.behaviors.Hide#reportNeighbor(Steerable<T>)	Renamed	-	com/badlogic/gdx/ai/steer/behaviors/Hide.java	111	76908a49386f45ce	
member	com.badlogic.gdx.ai.steer.behaviors.Hide#setArrivalTolerance(float)	sge.ai.steer.behaviors.Hide#setArrivalTolerance(float)	Renamed	-	com/badlogic/gdx/ai/steer/behaviors/Hide.java	203	04dcdc43756b245d	
member	com.badlogic.gdx.ai.steer.behaviors.Hide#setDecelerationRadius(float)	sge.ai.steer.behaviors.Hide#setDecelerationRadius(float)	Renamed	-	com/badlogic/gdx/ai/steer/behaviors/Hide.java	209	b5a4228bc5f6b6f9	
member	com.badlogic.gdx.ai.steer.behaviors.Hide#setDistanceFromBoundary(float)	sge.ai.steer.behaviors.Hide#setDistanceFromBoundary(float)	Renamed	-	com/badlogic/gdx/ai/steer/behaviors/Hide.java	148	0f4b2160d9287085	
member	com.badlogic.gdx.ai.steer.behaviors.Hide#setEnabled(boolean)	sge.ai.steer.behaviors.Hide#setEnabled(boolean)	Renamed	-	com/badlogic/gdx/ai/steer/behaviors/Hide.java	185	a5e32bdf3afee92f	
member	com.badlogic.gdx.ai.steer.behaviors.Hide#setLimiter(Limiter)	sge.ai.steer.behaviors.Hide#setLimiter(Limiter)	Renamed	-	com/badlogic/gdx/ai/steer/behaviors/Hide.java	191	27fb13bb1fdd7cf3	
member	com.badlogic.gdx.ai.steer.behaviors.Hide#setOwner(Steerable)	sge.ai.steer.behaviors.Hide#setOwner(Steerable<T>)	Renamed	-	com/badlogic/gdx/ai/steer/behaviors/Hide.java	179	4b9738cd7d8592ad	
member	com.badlogic.gdx.ai.steer.behaviors.Hide#setProximity(Proximity)	sge.ai.steer.behaviors.Hide#setProximity(Proximity<T>)	Renamed	-	com/badlogic/gdx/ai/steer/behaviors/Hide.java	135	229cf506bf006e75	
member	com.badlogic.gdx.ai.steer.behaviors.Hide#setTarget(Location)	sge.ai.steer.behaviors.Hide#setTarget(Location<T>)	Renamed	-	com/badlogic/gdx/ai/steer/behaviors/Hide.java	197	f1b81169cdfa6a25	
member	com.badlogic.gdx.ai.steer.behaviors.Hide#setTimeToTarget(float)	sge.ai.steer.behaviors.Hide#setTimeToTarget(float)	Renamed	-	com/badlogic/gdx/ai/steer/behaviors/Hide.java	215	b00200628c701ee5	
member	com.badlogic.gdx.ai.steer.behaviors.Hide#toObstacle	sge.ai.steer.behaviors.Hide#toObstacle	Renamed	-	com/badlogic/gdx/ai/steer/behaviors/Hide.java	68	e1946481694da7a5	
member	com.badlogic.gdx.ai.steer.behaviors.Interpose#<init>(Steerable,Steerable,Steerable)	sge.ai.steer.behaviors.Interpose#<init>(Steerable<T>,Steerable<T>,Steerable<T>)	Renamed	-	com/badlogic/gdx/ai/steer/behaviors/Interpose.java	57	6fd40248087fd3bc	
member	com.badlogic.gdx.ai.steer.behaviors.Interpose#<stmt1>	sge.ai.steer.behaviors.Interpose#<stmt1>	Renamed	-	com/badlogic/gdx/ai/steer/behaviors/Interpose.java	69	eff36541afcb813d	
member	com.badlogic.gdx.ai.steer.behaviors.Interpose#<stmt2>	sge.ai.steer.behaviors.Interpose#<stmt2>	Renamed	-	com/badlogic/gdx/ai/steer/behaviors/Interpose.java	70	1ea03492c5e983f2	
member	com.badlogic.gdx.ai.steer.behaviors.Interpose#<stmt3>	sge.ai.steer.behaviors.Interpose#<stmt3>	Renamed	-	com/badlogic/gdx/ai/steer/behaviors/Interpose.java	71	a52d4c6ecca1e861	
member	com.badlogic.gdx.ai.steer.behaviors.Interpose#<stmt4>	sge.ai.steer.behaviors.Interpose#<stmt4>	Renamed	-	com/badlogic/gdx/ai/steer/behaviors/Interpose.java	73	41e491202d63710c	
member	com.badlogic.gdx.ai.steer.behaviors.Interpose#agentA	sge.ai.steer.behaviors.Interpose#agentA	Renamed	-	com/badlogic/gdx/ai/steer/behaviors/Interpose.java	47	6ac085da642220c9	
member	com.badlogic.gdx.ai.steer.behaviors.Interpose#agentB	sge.ai.steer.behaviors.Interpose#agentB	Renamed	-	com/badlogic/gdx/ai/steer/behaviors/Interpose.java	48	feb0452f8432a72c	
member	com.badlogic.gdx.ai.steer.behaviors.Interpose#calculateRealSteering(SteeringAcceleration)	sge.ai.steer.behaviors.Interpose#calculateRealSteering(SteeringAcceleration<T>)	Renamed	-	com/badlogic/gdx/ai/steer/behaviors/Interpose.java	115	12c7db2ec1ea13de	
member	com.badlogic.gdx.ai.steer.behaviors.Interpose#getAgentA()	sge.ai.steer.behaviors.Interpose#getAgentA	Renamed	-	com/badlogic/gdx/ai/steer/behaviors/Interpose.java	77	30cb1f81901b91f5	form=parenless
member	com.badlogic.gdx.ai.steer.behaviors.Interpose#getAgentB()	sge.ai.steer.behaviors.Interpose#getAgentB	Renamed	-	com/badlogic/gdx/ai/steer/behaviors/Interpose.java	89	057b53ac31bb2ffa	form=parenless
member	com.badlogic.gdx.ai.steer.behaviors.Interpose#getInterpositionRatio()	sge.ai.steer.behaviors.Interpose#getInterpositionRatio	Renamed	-	com/badlogic/gdx/ai/steer/behaviors/Interpose.java	101	836ca2d4a64a34bf	form=parenless
member	com.badlogic.gdx.ai.steer.behaviors.Interpose#getInternalTargetPosition	sge.ai.steer.behaviors.Interpose#internalTargetPosition	Renamed	-	com/badlogic/gdx/ai/steer/behaviors/Interpose.java	51	f65eb3d233c7baa4	name=internalTargetPosition$field
member	com.badlogic.gdx.ai.steer.behaviors.Interpose#getInternalTargetPosition()	sge.ai.steer.behaviors.Interpose#internalTargetPosition()	Renamed	-	com/badlogic/gdx/ai/steer/behaviors/Interpose.java	141	16e918a93eab4593	
member	com.badlogic.gdx.ai.steer.behaviors.Interpose#interpositionRatio	sge.ai.steer.behaviors.Interpose#interpositionRatio	Renamed	-	com/badlogic/gdx/ai/steer/behaviors/Interpose.java	49	444ccd70005e400a	
member	com.badlogic.gdx.ai.steer.behaviors.Interpose#setAgentA(Steerable)	sge.ai.steer.behaviors.Interpose#setAgentA(Steerable<T>)	Renamed	-	com/badlogic/gdx/ai/steer/behaviors/Interpose.java	83	50de86dc574d4ccf	
member	com.badlogic.gdx.ai.steer.behaviors.Interpose#setAgentB(Steerable)	sge.ai.steer.behaviors.Interpose#setAgentB(Steerable<T>)	Renamed	-	com/badlogic/gdx/ai/steer/behaviors/Interpose.java	95	47e1fee4d3c0e37b	
member	com.badlogic.gdx.ai.steer.behaviors.Interpose#setArrivalTolerance(float)	sge.ai.steer.behaviors.Interpose#setArrivalTolerance(float)	Renamed	-	com/badlogic/gdx/ai/steer/behaviors/Interpose.java	174	480e81b9fd1ec626	
member	com.badlogic.gdx.ai.steer.behaviors.Interpose#setDecelerationRadius(float)	sge.ai.steer.behaviors.Interpose#setDecelerationRadius(float)	Renamed	-	com/badlogic/gdx/ai/steer/behaviors/Interpose.java	180	fbc4e2eb3027de0d	
member	com.badlogic.gdx.ai.steer.behaviors.Interpose#setEnabled(boolean)	sge.ai.steer.behaviors.Interpose#setEnabled(boolean)	Renamed	-	com/badlogic/gdx/ai/steer/behaviors/Interpose.java	156	9de75d72be196163	
member	com.badlogic.gdx.ai.steer.behaviors.Interpose#setInterpositionRatio(float)	sge.ai.steer.behaviors.Interpose#setInterpositionRatio(float)	Renamed	-	com/badlogic/gdx/ai/steer/behaviors/Interpose.java	109	930a5a4767a62967	
member	com.badlogic.gdx.ai.steer.behaviors.Interpose#setLimiter(Limiter)	sge.ai.steer.behaviors.Interpose#setLimiter(Limiter)	Renamed	-	com/badlogic/gdx/ai/steer/behaviors/Interpose.java	162	2b4adf7f08f8fd0c	
member	com.badlogic.gdx.ai.steer.behaviors.Interpose#setOwner(Steerable)	sge.ai.steer.behaviors.Interpose#setOwner(Steerable<T>)	Renamed	-	com/badlogic/gdx/ai/steer/behaviors/Interpose.java	150	ca9d3c7ccbd04b82	
member	com.badlogic.gdx.ai.steer.behaviors.Interpose#setTarget(Location)	sge.ai.steer.behaviors.Interpose#setTarget(Location<T>)	Renamed	-	com/badlogic/gdx/ai/steer/behaviors/Interpose.java	168	8233bbbf02532803	
member	com.badlogic.gdx.ai.steer.behaviors.Interpose#setTimeToTarget(float)	sge.ai.steer.behaviors.Interpose#setTimeToTarget(float)	Renamed	-	com/badlogic/gdx/ai/steer/behaviors/Interpose.java	186	aa9c532c2f61d5d2	
member	com.badlogic.gdx.ai.steer.behaviors.Jump#<stmt1>	sge.ai.steer.behaviors.Jump#<stmt1>	Renamed	-	com/badlogic/gdx/ai/steer/behaviors/Jump.java	74	aa8944c112d96733	
member	com.badlogic.gdx.ai.steer.behaviors.Jump#<stmt2>	sge.ai.steer.behaviors.Jump#<stmt2>	Renamed	-	com/badlogic/gdx/ai/steer/behaviors/Jump.java	75	15a20b8c386fab29	
member	com.badlogic.gdx.ai.steer.behaviors.Jump#<stmt3>	sge.ai.steer.behaviors.Jump#<stmt3>	Renamed	-	com/badlogic/gdx/ai/steer/behaviors/Jump.java	76	598cce4fc14f74c2	
member	com.badlogic.gdx.ai.steer.behaviors.Jump#<stmt4>	sge.ai.steer.behaviors.Jump#<stmt4>	Renamed	-	com/badlogic/gdx/ai/steer/behaviors/Jump.java	77	001e021011fdcf2c	
member	com.badlogic.gdx.ai.steer.behaviors.Jump#<stmt5>	sge.ai.steer.behaviors.Jump#<stmt5>	Renamed	-	com/badlogic/gdx/ai/steer/behaviors/Jump.java	79	48f047b0aea546ba	
member	com.badlogic.gdx.ai.steer.behaviors.Jump#<stmt6>	sge.ai.steer.behaviors.Jump#<stmt6>	Renamed	-	com/badlogic/gdx/ai/steer/behaviors/Jump.java	80	d29a343c98b5daeb	
member	com.badlogic.gdx.ai.steer.behaviors.Jump#DEBUG_ENABLED	sge.ai.steer.behaviors.Jump#DEBUG_ENABLED	Renamed	-	com/badlogic/gdx/ai/steer/behaviors/Jump.java	38	975e2f7865a8f77d	placement=companion
member	com.badlogic.gdx.ai.steer.behaviors.Jump#airborneTime	sge.ai.steer.behaviors.Jump#airborneTime	Renamed	-	com/badlogic/gdx/ai/steer/behaviors/Jump.java	60	813707d193dbded0	
member	com.badlogic.gdx.ai.steer.behaviors.Jump#calculateAirborneTimeAndVelocity(T,JumpDescriptor,float)	sge.ai.steer.behaviors.Jump#calculateAirborneTimeAndVelocity(T,JumpDescriptor<T>,float)	Renamed	-	com/badlogic/gdx/ai/steer/behaviors/Jump.java	134	e68c2193dd153a49	
member	com.badlogic.gdx.ai.steer.behaviors.Jump#calculateRealSteering(SteeringAcceleration)	sge.ai.steer.behaviors.Jump#calculateRealSteering(SteeringAcceleration<T>)	Renamed	-	com/badlogic/gdx/ai/steer/behaviors/Jump.java	84	d732c4678784ca64	
member	com.badlogic.gdx.ai.steer.behaviors.Jump#calculateTarget()	sge.ai.steer.behaviors.Jump#calculateTarget()	Renamed	-	com/badlogic/gdx/ai/steer/behaviors/Jump.java	117	cbfc335e15809eaf	vis=private
member	com.badlogic.gdx.ai.steer.behaviors.Jump#callback	sge.ai.steer.behaviors.Jump#callback	Renamed	-	com/badlogic/gdx/ai/steer/behaviors/Jump.java	49	d4dd777a6834f831	
member	com.badlogic.gdx.ai.steer.behaviors.Jump#checkAirborneTimeAndCalculateVelocity(T,float,JumpDescriptor,float)	sge.ai.steer.behaviors.Jump#checkAirborneTimeAndCalculateVelocity(T,float,JumpDescriptor<T>,float)	Renamed	-	com/badlogic/gdx/ai/steer/behaviors/Jump.java	159	45465c26877f3577	vis=private
member	com.badlogic.gdx.ai.steer.behaviors.Jump#getGravity()	sge.ai.steer.behaviors.Jump#getGravity	Renamed	-	com/badlogic/gdx/ai/steer/behaviors/Jump.java	193	2d625cc466970268	form=parenless
member	com.badlogic.gdx.ai.steer.behaviors.Jump#getJumpDescriptor()	sge.ai.steer.behaviors.Jump#getJumpDescriptor	Renamed	-	com/badlogic/gdx/ai/steer/behaviors/Jump.java	178	24bffeafe892eb2f	form=parenless
member	com.badlogic.gdx.ai.steer.behaviors.Jump#getMaxVerticalVelocity()	sge.ai.steer.behaviors.Jump#getMaxVerticalVelocity	Renamed	-	com/badlogic/gdx/ai/steer/behaviors/Jump.java	206	362be9eb7a7000c6	form=parenless
member	com.badlogic.gdx.ai.steer.behaviors.Jump#getTakeoffPositionTolerance()	sge.ai.steer.behaviors.Jump#getTakeoffPositionTolerance	Renamed	-	com/badlogic/gdx/ai/steer/behaviors/Jump.java	219	2dc818ed4ff0050c	form=parenless
member	com.badlogic.gdx.ai.steer.behaviors.Jump#getTakeoffVelocityTolerance()	sge.ai.steer.behaviors.Jump#getTakeoffVelocityTolerance	Renamed	-	com/badlogic/gdx/ai/steer/behaviors/Jump.java	232	36f8426af229670a	form=parenless
member	com.badlogic.gdx.ai.steer.behaviors.Jump#gravity	sge.ai.steer.behaviors.Jump#gravity	Renamed	-	com/badlogic/gdx/ai/steer/behaviors/Jump.java	45	c82968b22cfe4aa8	
member	com.badlogic.gdx.ai.steer.behaviors.Jump#gravityComponentHandler	sge.ai.steer.behaviors.Jump#gravityComponentHandler	Renamed	-	com/badlogic/gdx/ai/steer/behaviors/Jump.java	47	75b3a5374d13577a	
member	com.badlogic.gdx.ai.steer.behaviors.Jump#isJumpAchievable	sge.ai.steer.behaviors.Jump#isJumpAchievable	Renamed	-	com/badlogic/gdx/ai/steer/behaviors/Jump.java	58	90f2e8617ea476eb	vis=private
member	com.badlogic.gdx.ai.steer.behaviors.Jump#jumpDescriptor	sge.ai.steer.behaviors.Jump#jumpDescriptor	Renamed	-	com/badlogic/gdx/ai/steer/behaviors/Jump.java	41	945d8a90a4a92160	
member	com.badlogic.gdx.ai.steer.behaviors.Jump#jumpTarget	sge.ai.steer.behaviors.Jump#jumpTarget	Renamed	-	com/badlogic/gdx/ai/steer/behaviors/Jump.java	62	d75ec63461963607	
member	com.badlogic.gdx.ai.steer.behaviors.Jump#maxVerticalVelocity	sge.ai.steer.behaviors.Jump#maxVerticalVelocity	Renamed	-	com/badlogic/gdx/ai/steer/behaviors/Jump.java	55	f1bff54775922902	
member	com.badlogic.gdx.ai.steer.behaviors.Jump#planarVelocity	sge.ai.steer.behaviors.Jump#planarVelocity	Renamed	-	com/badlogic/gdx/ai/steer/behaviors/Jump.java	63	b2da4e9e55255352	
member	com.badlogic.gdx.ai.steer.behaviors.Jump#setEnabled(boolean)	sge.ai.steer.behaviors.Jump#setEnabled(boolean)	Renamed	-	com/badlogic/gdx/ai/steer/behaviors/Jump.java	264	25712d61382869f7	
member	com.badlogic.gdx.ai.steer.behaviors.Jump#setGravity(T)	sge.ai.steer.behaviors.Jump#setGravity(T)	Renamed	-	com/badlogic/gdx/ai/steer/behaviors/Jump.java	200	388c812d7bd8317f	
member	com.badlogic.gdx.ai.steer.behaviors.Jump#setJumpDescriptor(JumpDescriptor)	sge.ai.steer.behaviors.Jump#setJumpDescriptor(JumpDescriptor<T>)	Renamed	-	com/badlogic/gdx/ai/steer/behaviors/Jump.java	185	5f4fb0dbd11c1608	
member	com.badlogic.gdx.ai.steer.behaviors.Jump#setLimiter(Limiter)	sge.ai.steer.behaviors.Jump#setLimiter(Limiter)	Renamed	-	com/badlogic/gdx/ai/steer/behaviors/Jump.java	273	0bf3bd6038cb544c	
member	com.badlogic.gdx.ai.steer.behaviors.Jump#setMaxVerticalVelocity(float)	sge.ai.steer.behaviors.Jump#setMaxVerticalVelocity(float)	Renamed	-	com/badlogic/gdx/ai/steer/behaviors/Jump.java	213	f4576640af51954d	
member	com.badlogic.gdx.ai.steer.behaviors.Jump#setOwner(Steerable)	sge.ai.steer.behaviors.Jump#setOwner(Steerable<T>)	Renamed	-	com/badlogic/gdx/ai/steer/behaviors/Jump.java	258	5c10310deeae682c	
member	com.badlogic.gdx.ai.steer.behaviors.Jump#setTakeoffPositionTolerance(float)	sge.ai.steer.behaviors.Jump#setTakeoffPositionTolerance(float)	Renamed	-	com/badlogic/gdx/ai/steer/behaviors/Jump.java	226	d41b5dd71633d49e	
member	com.badlogic.gdx.ai.steer.behaviors.Jump#setTakeoffTolerance(float)	sge.ai.steer.behaviors.Jump#setTakeoffTolerance(float)	Renamed	-	com/badlogic/gdx/ai/steer/behaviors/Jump.java	247	c6d14fb52dea3ae2	
member	com.badlogic.gdx.ai.steer.behaviors.Jump#setTakeoffVelocityTolerance(float)	sge.ai.steer.behaviors.Jump#setTakeoffVelocityTolerance(float)	Renamed	-	com/badlogic/gdx/ai/steer/behaviors/Jump.java	239	d20bab355ed2abc1	
member	com.badlogic.gdx.ai.steer.behaviors.Jump#setTarget(Steerable)	sge.ai.steer.behaviors.Jump#setTarget(Steerable<T>)	Renamed	-	com/badlogic/gdx/ai/steer/behaviors/Jump.java	283	a3a92510079f2c80	
member	com.badlogic.gdx.ai.steer.behaviors.Jump#setTimeToTarget(float)	sge.ai.steer.behaviors.Jump#setTimeToTarget(float)	Renamed	-	com/badlogic/gdx/ai/steer/behaviors/Jump.java	289	e9acab7961e82f30	
member	com.badlogic.gdx.ai.steer.behaviors.Jump#takeoffPositionTolerance	sge.ai.steer.behaviors.Jump#takeoffPositionTolerance	Renamed	-	com/badlogic/gdx/ai/steer/behaviors/Jump.java	51	6d408ff5362b11e5	
member	com.badlogic.gdx.ai.steer.behaviors.Jump#takeoffVelocityTolerance	sge.ai.steer.behaviors.Jump#takeoffVelocityTolerance	Renamed	-	com/badlogic/gdx/ai/steer/behaviors/Jump.java	52	35179e04e309f759	
member	com.badlogic.gdx.ai.steer.behaviors.Jump$GravityComponentHandler#getComponent(T)	sge.ai.steer.behaviors.Jump$GravityComponentHandler#getComponent(T)	Renamed	-	com/badlogic/gdx/ai/steer/behaviors/Jump.java	374	b356ed73ba6602c6	
member	com.badlogic.gdx.ai.steer.behaviors.Jump$GravityComponentHandler#setComponent(T,float)	sge.ai.steer.behaviors.Jump$GravityComponentHandler#setComponent(T,float)	Renamed	-	com/badlogic/gdx/ai/steer/behaviors/Jump.java	389	44f4fc698c646efa	
member	com.badlogic.gdx.ai.steer.behaviors.Jump$JumpCallback#reportAchievability(boolean)	sge.ai.steer.behaviors.Jump$JumpCallback#reportAchievability(boolean)	Renamed	-	com/badlogic/gdx/ai/steer/behaviors/Jump.java	405	a5f919f2bbb3a9a3	
member	com.badlogic.gdx.ai.steer.behaviors.Jump$JumpCallback#takeoff(float,float)	sge.ai.steer.behaviors.Jump$JumpCallback#takeoff(float,float)	Renamed	-	com/badlogic/gdx/ai/steer/behaviors/Jump.java	410	705a07b3d1fb72e5	
member	com.badlogic.gdx.ai.steer.behaviors.Jump$JumpDescriptor#<stmt1>	sge.ai.steer.behaviors.Jump$JumpDescriptor#<stmt1>	Renamed	-	com/badlogic/gdx/ai/steer/behaviors/Jump.java	338	8be12b43cc03cfd9	
member	com.badlogic.gdx.ai.steer.behaviors.Jump$JumpDescriptor#<stmt2>	sge.ai.steer.behaviors.Jump$JumpDescriptor#<stmt2>	Renamed	-	com/badlogic/gdx/ai/steer/behaviors/Jump.java	339	1ef5186468c85561	
member	com.badlogic.gdx.ai.steer.behaviors.Jump$JumpDescriptor#<stmt3>	sge.ai.steer.behaviors.Jump$JumpDescriptor#<stmt3>	Renamed	-	com/badlogic/gdx/ai/steer/behaviors/Jump.java	340	f645b68035396c34	
member	com.badlogic.gdx.ai.steer.behaviors.Jump$JumpDescriptor#<stmt4>	sge.ai.steer.behaviors.Jump$JumpDescriptor#<stmt4>	Renamed	-	com/badlogic/gdx/ai/steer/behaviors/Jump.java	341	8450573e1e5682cc	
member	com.badlogic.gdx.ai.steer.behaviors.Jump$JumpDescriptor#delta	sge.ai.steer.behaviors.Jump$JumpDescriptor#delta	Renamed	-	com/badlogic/gdx/ai/steer/behaviors/Jump.java	332	a2806b7c76dceeda	
member	com.badlogic.gdx.ai.steer.behaviors.Jump$JumpDescriptor#landingPosition	sge.ai.steer.behaviors.Jump$JumpDescriptor#landingPosition	Renamed	-	com/badlogic/gdx/ai/steer/behaviors/Jump.java	329	6733c95f09893969	
member	com.badlogic.gdx.ai.steer.behaviors.Jump$JumpDescriptor#set(T,T)	sge.ai.steer.behaviors.Jump$JumpDescriptor#set(T,T)	Renamed	-	com/badlogic/gdx/ai/steer/behaviors/Jump.java	347	13285c1481437b27	
member	com.badlogic.gdx.ai.steer.behaviors.Jump$JumpDescriptor#takeoffPosition	sge.ai.steer.behaviors.Jump$JumpDescriptor#takeoffPosition	Renamed	-	com/badlogic/gdx/ai/steer/behaviors/Jump.java	326	8d018072d02c016e	
member	com.badlogic.gdx.ai.steer.behaviors.Jump$JumpTarget#<stmt1>	sge.ai.steer.behaviors.Jump$JumpTarget#<stmt1>	Renamed	-	com/badlogic/gdx/ai/steer/behaviors/Jump.java	304	5d41723bd6eb9b19	
member	com.badlogic.gdx.ai.steer.behaviors.Jump$JumpTarget#<stmt2>	sge.ai.steer.behaviors.Jump$JumpTarget#<stmt2>	Renamed	-	com/badlogic/gdx/ai/steer/behaviors/Jump.java	305	e8dd9a5676548dd4	
member	com.badlogic.gdx.ai.steer.behaviors.Jump$JumpTarget#getLinearVelocity	sge.ai.steer.behaviors.Jump$JumpTarget#linearVelocity	Renamed	-	com/badlogic/gdx/ai/steer/behaviors/Jump.java	301	0f3146c3b3cfde94	name=linearVelocity$field
member	com.badlogic.gdx.ai.steer.behaviors.Jump$JumpTarget#getLinearVelocity()	sge.ai.steer.behaviors.Jump$JumpTarget#linearVelocity()	Renamed	-	com/badlogic/gdx/ai/steer/behaviors/Jump.java	314	e288d2969a650262	
member	com.badlogic.gdx.ai.steer.behaviors.Jump$JumpTarget#getPosition	sge.ai.steer.behaviors.Jump$JumpTarget#position	Renamed	-	com/badlogic/gdx/ai/steer/behaviors/Jump.java	300	1eef303f4a78bd32	name=position$field
member	com.badlogic.gdx.ai.steer.behaviors.Jump$JumpTarget#getPosition()	sge.ai.steer.behaviors.Jump$JumpTarget#position()	Renamed	-	com/badlogic/gdx/ai/steer/behaviors/Jump.java	309	7c2382b557080db0	
member	com.badlogic.gdx.ai.steer.behaviors.LookWhereYouAreGoing#calculateRealSteering(SteeringAcceleration)	sge.ai.steer.behaviors.LookWhereYouAreGoing#calculateRealSteering(SteeringAcceleration<T>)	Renamed	-	com/badlogic/gdx/ai/steer/behaviors/LookWhereYouAreGoing.java	50	d854a6fad359da2a	
member	com.badlogic.gdx.ai.steer.behaviors.LookWhereYouAreGoing#setAlignTolerance(float)	sge.ai.steer.behaviors.LookWhereYouAreGoing#setAlignTolerance(float)	Renamed	-	com/badlogic/gdx/ai/steer/behaviors/LookWhereYouAreGoing.java	96	83b9a79f5be36a38	
member	com.badlogic.gdx.ai.steer.behaviors.LookWhereYouAreGoing#setDecelerationRadius(float)	sge.ai.steer.behaviors.LookWhereYouAreGoing#setDecelerationRadius(float)	Renamed	-	com/badlogic/gdx/ai/steer/behaviors/LookWhereYouAreGoing.java	102	b5bd6c4abea0394b	
member	com.badlogic.gdx.ai.steer.behaviors.LookWhereYouAreGoing#setEnabled(boolean)	sge.ai.steer.behaviors.LookWhereYouAreGoing#setEnabled(boolean)	Renamed	-	com/badlogic/gdx/ai/steer/behaviors/LookWhereYouAreGoing.java	72	e00ec575654e7a10	
member	com.badlogic.gdx.ai.steer.behaviors.LookWhereYouAreGoing#setLimiter(Limiter)	sge.ai.steer.behaviors.LookWhereYouAreGoing#setLimiter(Limiter)	Renamed	-	com/badlogic/gdx/ai/steer/behaviors/LookWhereYouAreGoing.java	81	914bcf1364f5331c	
member	com.badlogic.gdx.ai.steer.behaviors.LookWhereYouAreGoing#setOwner(Steerable)	sge.ai.steer.behaviors.LookWhereYouAreGoing#setOwner(Steerable<T>)	Renamed	-	com/badlogic/gdx/ai/steer/behaviors/LookWhereYouAreGoing.java	66	df4ea6f26f488852	
member	com.badlogic.gdx.ai.steer.behaviors.LookWhereYouAreGoing#setTarget(Location)	sge.ai.steer.behaviors.LookWhereYouAreGoing#setTarget(Location<T>)	Renamed	-	com/badlogic/gdx/ai/steer/behaviors/LookWhereYouAreGoing.java	90	616e821a85fe81d2	
member	com.badlogic.gdx.ai.steer.behaviors.LookWhereYouAreGoing#setTimeToTarget(float)	sge.ai.steer.behaviors.LookWhereYouAreGoing#setTimeToTarget(float)	Renamed	-	com/badlogic/gdx/ai/steer/behaviors/LookWhereYouAreGoing.java	108	83d9f46c0489dfb0	
member	com.badlogic.gdx.ai.steer.behaviors.MatchVelocity#<init>(Steerable)	sge.ai.steer.behaviors.MatchVelocity#<init>(Steerable<T>)	Renamed	-	com/badlogic/gdx/ai/steer/behaviors/MatchVelocity.java	42	1f682fde49ba6773	
member	com.badlogic.gdx.ai.steer.behaviors.MatchVelocity#<init>(Steerable,Steerable)	sge.ai.steer.behaviors.MatchVelocity#<init>(Steerable<T>,Steerable<T>)	Renamed	-	com/badlogic/gdx/ai/steer/behaviors/MatchVelocity.java	49	cdba69b31e08114e	
member	com.badlogic.gdx.ai.steer.behaviors.MatchVelocity#<stmt1>	sge.ai.steer.behaviors.MatchVelocity#<stmt1>	Renamed	-	com/badlogic/gdx/ai/steer/behaviors/MatchVelocity.java	59	80f9eb745c02feb8	
member	com.badlogic.gdx.ai.steer.behaviors.MatchVelocity#<stmt2>	sge.ai.steer.behaviors.MatchVelocity#<stmt2>	Renamed	-	com/badlogic/gdx/ai/steer/behaviors/MatchVelocity.java	60	23d7abbbc3238892	
member	com.badlogic.gdx.ai.steer.behaviors.MatchVelocity#calculateRealSteering(SteeringAcceleration)	sge.ai.steer.behaviors.MatchVelocity#calculateRealSteering(SteeringAcceleration<T>)	Renamed	-	com/badlogic/gdx/ai/steer/behaviors/MatchVelocity.java	64	e22d82eefcbb7c8e	
member	com.badlogic.gdx.ai.steer.behaviors.MatchVelocity#getTarget()	sge.ai.steer.behaviors.MatchVelocity#getTarget	Renamed	-	com/badlogic/gdx/ai/steer/behaviors/MatchVelocity.java	77	529368d4f21b7de6	form=parenless
member	com.badlogic.gdx.ai.steer.behaviors.MatchVelocity#getTimeToTarget()	sge.ai.steer.behaviors.MatchVelocity#getTimeToTarget	Renamed	-	com/badlogic/gdx/ai/steer/behaviors/MatchVelocity.java	90	27c07b7cf3c2fe91	form=parenless
member	com.badlogic.gdx.ai.steer.behaviors.MatchVelocity#setEnabled(boolean)	sge.ai.steer.behaviors.MatchVelocity#setEnabled(boolean)	Renamed	-	com/badlogic/gdx/ai/steer/behaviors/MatchVelocity.java	113	8d134d0ca34cf9fe	
member	com.badlogic.gdx.ai.steer.behaviors.MatchVelocity#setLimiter(Limiter)	sge.ai.steer.behaviors.MatchVelocity#setLimiter(Limiter)	Renamed	-	com/badlogic/gdx/ai/steer/behaviors/MatchVelocity.java	121	ff7e789b6f3cb317	
member	com.badlogic.gdx.ai.steer.behaviors.MatchVelocity#setOwner(Steerable)	sge.ai.steer.behaviors.MatchVelocity#setOwner(Steerable<T>)	Renamed	-	com/badlogic/gdx/ai/steer/behaviors/MatchVelocity.java	107	d21e68a3dcac5996	
member	com.badlogic.gdx.ai.steer.behaviors.MatchVelocity#setTarget(Steerable)	sge.ai.steer.behaviors.MatchVelocity#setTarget(Steerable<T>)	Renamed	-	com/badlogic/gdx/ai/steer/behaviors/MatchVelocity.java	84	c906f3e6300e845c	
member	com.badlogic.gdx.ai.steer.behaviors.MatchVelocity#setTimeToTarget(float)	sge.ai.steer.behaviors.MatchVelocity#setTimeToTarget(float)	Renamed	-	com/badlogic/gdx/ai/steer/behaviors/MatchVelocity.java	97	efd94b1c450b4e08	
member	com.badlogic.gdx.ai.steer.behaviors.MatchVelocity#target	sge.ai.steer.behaviors.MatchVelocity#target	Renamed	-	com/badlogic/gdx/ai/steer/behaviors/MatchVelocity.java	34	03f6be04341f30b4	
member	com.badlogic.gdx.ai.steer.behaviors.MatchVelocity#timeToTarget	sge.ai.steer.behaviors.MatchVelocity#timeToTarget	Renamed	-	com/badlogic/gdx/ai/steer/behaviors/MatchVelocity.java	37	af85cd3d0c761443	
member	com.badlogic.gdx.ai.steer.behaviors.PrioritySteering#<init>(Steerable)	sge.ai.steer.behaviors.PrioritySteering#<init>(Steerable<T>)	Renamed	-	com/badlogic/gdx/ai/steer/behaviors/PrioritySteering.java	76	29c719560b29c2d4	
member	com.badlogic.gdx.ai.steer.behaviors.PrioritySteering#<stmt1>	sge.ai.steer.behaviors.PrioritySteering#<stmt1>	Renamed	-	com/badlogic/gdx/ai/steer/behaviors/PrioritySteering.java	86	24128600b94e20bf	
member	com.badlogic.gdx.ai.steer.behaviors.PrioritySteering#add(SteeringBehavior)	sge.ai.steer.behaviors.PrioritySteering#add(SteeringBehavior<T>)	Renamed	-	com/badlogic/gdx/ai/steer/behaviors/PrioritySteering.java	92	07a48e7818804391	
member	com.badlogic.gdx.ai.steer.behaviors.PrioritySteering#behaviors	sge.ai.steer.behaviors.PrioritySteering#behaviors	Renamed	-	com/badlogic/gdx/ai/steer/behaviors/PrioritySteering.java	69	f25735730cae55ac	
member	com.badlogic.gdx.ai.steer.behaviors.PrioritySteering#calculateRealSteering(SteeringAcceleration)	sge.ai.steer.behaviors.PrioritySteering#calculateRealSteering(SteeringAcceleration<T>)	Renamed	-	com/badlogic/gdx/ai/steer/behaviors/PrioritySteering.java	98	578053216c27a486	
member	com.badlogic.gdx.ai.steer.behaviors.PrioritySteering#epsilon	sge.ai.steer.behaviors.PrioritySteering#epsilon	Renamed	-	com/badlogic/gdx/ai/steer/behaviors/PrioritySteering.java	65	116ba16a024790d9	
member	com.badlogic.gdx.ai.steer.behaviors.PrioritySteering#getEpsilon()	sge.ai.steer.behaviors.PrioritySteering#getEpsilon	Renamed	-	com/badlogic/gdx/ai/steer/behaviors/PrioritySteering.java	131	a464ae31e82c384b	form=parenless
member	com.badlogic.gdx.ai.steer.behaviors.PrioritySteering#getSelectedBehaviorIndex	sge.ai.steer.behaviors.PrioritySteering#selectedBehaviorIndex	Renamed	-	com/badlogic/gdx/ai/steer/behaviors/PrioritySteering.java	72	52f502a537406298	name=selectedBehaviorIndex$field
member	com.badlogic.gdx.ai.steer.behaviors.PrioritySteering#getSelectedBehaviorIndex()	sge.ai.steer.behaviors.PrioritySteering#selectedBehaviorIndex()	Renamed	-	com/badlogic/gdx/ai/steer/behaviors/PrioritySteering.java	125	45bc43d088eb994f	
member	com.badlogic.gdx.ai.steer.behaviors.PrioritySteering#setEnabled(boolean)	sge.ai.steer.behaviors.PrioritySteering#setEnabled(boolean)	Renamed	-	com/badlogic/gdx/ai/steer/behaviors/PrioritySteering.java	155	38738ef24c979380	
member	com.badlogic.gdx.ai.steer.behaviors.PrioritySteering#setEpsilon(float)	sge.ai.steer.behaviors.PrioritySteering#setEpsilon(float)	Renamed	-	com/badlogic/gdx/ai/steer/behaviors/PrioritySteering.java	139	9c0ced4ece6c548b	
member	com.badlogic.gdx.ai.steer.behaviors.PrioritySteering#setLimiter(Limiter)	sge.ai.steer.behaviors.PrioritySteering#setLimiter(Limiter)	Renamed	-	com/badlogic/gdx/ai/steer/behaviors/PrioritySteering.java	164	ef77933a674993d2	
member	com.badlogic.gdx.ai.steer.behaviors.PrioritySteering#setOwner(Steerable)	sge.ai.steer.behaviors.PrioritySteering#setOwner(Steerable<T>)	Renamed	-	com/badlogic/gdx/ai/steer/behaviors/PrioritySteering.java	149	0d9dd301c56f65c9	
member	com.badlogic.gdx.ai.steer.behaviors.Pursue#<init>(Steerable,Steerable)	sge.ai.steer.behaviors.Pursue#<init>(Steerable<T>,Steerable<T>)	Renamed	-	com/badlogic/gdx/ai/steer/behaviors/Pursue.java	53	d7253431a3283973	
member	com.badlogic.gdx.ai.steer.behaviors.Pursue#<stmt1>	sge.ai.steer.behaviors.Pursue#<stmt1>	Renamed	-	com/badlogic/gdx/ai/steer/behaviors/Pursue.java	64	80f9eb745c02feb8	
member	com.badlogic.gdx.ai.steer.behaviors.Pursue#<stmt2>	sge.ai.steer.behaviors.Pursue#<stmt2>	Renamed	-	com/badlogic/gdx/ai/steer/behaviors/Pursue.java	65	b072b7efa1de15c3	
member	com.badlogic.gdx.ai.steer.behaviors.Pursue#getActualMaxLinearAcceleration()	sge.ai.steer.behaviors.Pursue#actualMaxLinearAcceleration()	Renamed	-	com/badlogic/gdx/ai/steer/behaviors/Pursue.java	70	a2047c37787c0a8c	
member	com.badlogic.gdx.ai.steer.behaviors.Pursue#calculateRealSteering(SteeringAcceleration)	sge.ai.steer.behaviors.Pursue#calculateRealSteering(SteeringAcceleration<T>)	Renamed	-	com/badlogic/gdx/ai/steer/behaviors/Pursue.java	75	68ce3ae2d42de060	
member	com.badlogic.gdx.ai.steer.behaviors.Pursue#getMaxPredictionTime()	sge.ai.steer.behaviors.Pursue#getMaxPredictionTime	Renamed	-	com/badlogic/gdx/ai/steer/behaviors/Pursue.java	117	5687cecd8867ccdb	form=parenless
member	com.badlogic.gdx.ai.steer.behaviors.Pursue#getTarget()	sge.ai.steer.behaviors.Pursue#getTarget	Renamed	-	com/badlogic/gdx/ai/steer/behaviors/Pursue.java	105	4258cda3b92074dc	form=parenless
member	com.badlogic.gdx.ai.steer.behaviors.Pursue#maxPredictionTime	sge.ai.steer.behaviors.Pursue#maxPredictionTime	Renamed	-	com/badlogic/gdx/ai/steer/behaviors/Pursue.java	48	0a015d270604f90d	
member	com.badlogic.gdx.ai.steer.behaviors.Pursue#setEnabled(boolean)	sge.ai.steer.behaviors.Pursue#setEnabled(boolean)	Renamed	-	com/badlogic/gdx/ai/steer/behaviors/Pursue.java	139	8013c229f7d321d8	
member	com.badlogic.gdx.ai.steer.behaviors.Pursue#setLimiter(Limiter)	sge.ai.steer.behaviors.Pursue#setLimiter(Limiter)	Renamed	-	com/badlogic/gdx/ai/steer/behaviors/Pursue.java	147	4df587c21d62099e	
member	com.badlogic.gdx.ai.steer.behaviors.Pursue#setMaxPredictionTime(float)	sge.ai.steer.behaviors.Pursue#setMaxPredictionTime(float)	Renamed	-	com/badlogic/gdx/ai/steer/behaviors/Pursue.java	123	2ee72933b0b18ff5	
member	com.badlogic.gdx.ai.steer.behaviors.Pursue#setOwner(Steerable)	sge.ai.steer.behaviors.Pursue#setOwner(Steerable<T>)	Renamed	-	com/badlogic/gdx/ai/steer/behaviors/Pursue.java	133	bf1e63f2fca627c4	
member	com.badlogic.gdx.ai.steer.behaviors.Pursue#setTarget(Steerable)	sge.ai.steer.behaviors.Pursue#setTarget(Steerable<T>)	Renamed	-	com/badlogic/gdx/ai/steer/behaviors/Pursue.java	111	af16c4e374db6be9	
member	com.badlogic.gdx.ai.steer.behaviors.Pursue#target	sge.ai.steer.behaviors.Pursue#target	Renamed	-	com/badlogic/gdx/ai/steer/behaviors/Pursue.java	45	5bcfd94799bf0000	
member	com.badlogic.gdx.ai.steer.behaviors.RaycastObstacleAvoidance#<init>(Steerable)	sge.ai.steer.behaviors.RaycastObstacleAvoidance#<init>(Steerable<T>)	Renamed	-	com/badlogic/gdx/ai/steer/behaviors/RaycastObstacleAvoidance.java	89	1dea23fd90518323	
member	com.badlogic.gdx.ai.steer.behaviors.RaycastObstacleAvoidance#<init>(Steerable,RayConfiguration)	sge.ai.steer.behaviors.RaycastObstacleAvoidance#<init>(Steerable<T>,RayConfiguration<T>)	Renamed	-	com/badlogic/gdx/ai/steer/behaviors/RaycastObstacleAvoidance.java	96	d202a414a7767dd7	
member	com.badlogic.gdx.ai.steer.behaviors.RaycastObstacleAvoidance#<init>(Steerable,RayConfiguration,RaycastCollisionDetector)	sge.ai.steer.behaviors.RaycastObstacleAvoidance#<init>(Steerable<T>,RayConfiguration<T>,RaycastCollisionDetector<T>)	Renamed	-	com/badlogic/gdx/ai/steer/behaviors/RaycastObstacleAvoidance.java	104	7290124a93776539	
member	com.badlogic.gdx.ai.steer.behaviors.RaycastObstacleAvoidance#<stmt1>	sge.ai.steer.behaviors.RaycastObstacleAvoidance#<stmt1>	Renamed	-	com/badlogic/gdx/ai/steer/behaviors/RaycastObstacleAvoidance.java	117	1c391fc127bf2ff0	
member	com.badlogic.gdx.ai.steer.behaviors.RaycastObstacleAvoidance#<stmt2>	sge.ai.steer.behaviors.RaycastObstacleAvoidance#<stmt2>	Renamed	-	com/badlogic/gdx/ai/steer/behaviors/RaycastObstacleAvoidance.java	118	e31922c5f4b9ba19	
member	com.badlogic.gdx.ai.steer.behaviors.RaycastObstacleAvoidance#<stmt3>	sge.ai.steer.behaviors.RaycastObstacleAvoidance#<stmt3>	Renamed	-	com/badlogic/gdx/ai/steer/behaviors/RaycastObstacleAvoidance.java	119	c123846110cdc715	
member	com.badlogic.gdx.ai.steer.behaviors.RaycastObstacleAvoidance#<stmt4>	sge.ai.steer.behaviors.RaycastObstacleAvoidance#<stmt4>	Renamed	-	com/badlogic/gdx/ai/steer/behaviors/RaycastObstacleAvoidance.java	121	9d8e57ba0afe067d	
member	com.badlogic.gdx.ai.steer.behaviors.RaycastObstacleAvoidance#<stmt5>	sge.ai.steer.behaviors.RaycastObstacleAvoidance#<stmt5>	Renamed	-	com/badlogic/gdx/ai/steer/behaviors/RaycastObstacleAvoidance.java	122	54379b5f42a89386	
member	com.badlogic.gdx.ai.steer.behaviors.RaycastObstacleAvoidance#calculateRealSteering(SteeringAcceleration)	sge.ai.steer.behaviors.RaycastObstacleAvoidance#calculateRealSteering(SteeringAcceleration<T>)	Renamed	-	com/badlogic/gdx/ai/steer/behaviors/RaycastObstacleAvoidance.java	126	184b42dc96e07ece	
member	com.badlogic.gdx.ai.steer.behaviors.RaycastObstacleAvoidance#distanceFromBoundary	sge.ai.steer.behaviors.RaycastObstacleAvoidance#distanceFromBoundary	Renamed	-	com/badlogic/gdx/ai/steer/behaviors/RaycastObstacleAvoidance.java	82	fe89d3b9e7e421f9	
member	com.badlogic.gdx.ai.steer.behaviors.RaycastObstacleAvoidance#getDistanceFromBoundary()	sge.ai.steer.behaviors.RaycastObstacleAvoidance#getDistanceFromBoundary	Renamed	-	com/badlogic/gdx/ai/steer/behaviors/RaycastObstacleAvoidance.java	192	f0c21c0b1204f8d2	form=parenless
member	com.badlogic.gdx.ai.steer.behaviors.RaycastObstacleAvoidance#getRayConfiguration()	sge.ai.steer.behaviors.RaycastObstacleAvoidance#getRayConfiguration	Renamed	-	com/badlogic/gdx/ai/steer/behaviors/RaycastObstacleAvoidance.java	166	a82a4476ebc4f772	form=parenless
member	com.badlogic.gdx.ai.steer.behaviors.RaycastObstacleAvoidance#getRaycastCollisionDetector()	sge.ai.steer.behaviors.RaycastObstacleAvoidance#getRaycastCollisionDetector	Renamed	-	com/badlogic/gdx/ai/steer/behaviors/RaycastObstacleAvoidance.java	179	160e56e7a61d68c7	form=parenless
member	com.badlogic.gdx.ai.steer.behaviors.RaycastObstacleAvoidance#minOutputCollision	sge.ai.steer.behaviors.RaycastObstacleAvoidance#minOutputCollision	Renamed	-	com/badlogic/gdx/ai/steer/behaviors/RaycastObstacleAvoidance.java	85	b96e43f1a09e6579	
member	com.badlogic.gdx.ai.steer.behaviors.RaycastObstacleAvoidance#outputCollision	sge.ai.steer.behaviors.RaycastObstacleAvoidance#outputCollision	Renamed	-	com/badlogic/gdx/ai/steer/behaviors/RaycastObstacleAvoidance.java	84	f62fb9e197ae053d	
member	com.badlogic.gdx.ai.steer.behaviors.RaycastObstacleAvoidance#rayConfiguration	sge.ai.steer.behaviors.RaycastObstacleAvoidance#rayConfiguration	Renamed	-	com/badlogic/gdx/ai/steer/behaviors/RaycastObstacleAvoidance.java	76	51ef177b798d8d32	
member	com.badlogic.gdx.ai.steer.behaviors.RaycastObstacleAvoidance#raycastCollisionDetector	sge.ai.steer.behaviors.RaycastObstacleAvoidance#raycastCollisionDetector	Renamed	-	com/badlogic/gdx/ai/steer/behaviors/RaycastObstacleAvoidance.java	79	025be432811c1270	
member	com.badlogic.gdx.ai.steer.behaviors.RaycastObstacleAvoidance#setDistanceFromBoundary(float)	sge.ai.steer.behaviors.RaycastObstacleAvoidance#setDistanceFromBoundary(float)	Renamed	-	com/badlogic/gdx/ai/steer/behaviors/RaycastObstacleAvoidance.java	199	eacd7191b1d0a834	
member	com.badlogic.gdx.ai.steer.behaviors.RaycastObstacleAvoidance#setEnabled(boolean)	sge.ai.steer.behaviors.RaycastObstacleAvoidance#setEnabled(boolean)	Renamed	-	com/badlogic/gdx/ai/steer/behaviors/RaycastObstacleAvoidance.java	215	dafc0b9e4c083c6f	
member	com.badlogic.gdx.ai.steer.behaviors.RaycastObstacleAvoidance#setLimiter(Limiter)	sge.ai.steer.behaviors.RaycastObstacleAvoidance#setLimiter(Limiter)	Renamed	-	com/badlogic/gdx/ai/steer/behaviors/RaycastObstacleAvoidance.java	223	7340cdaed2aacb14	
member	com.badlogic.gdx.ai.steer.behaviors.RaycastObstacleAvoidance#setOwner(Steerable)	sge.ai.steer.behaviors.RaycastObstacleAvoidance#setOwner(Steerable<T>)	Renamed	-	com/badlogic/gdx/ai/steer/behaviors/RaycastObstacleAvoidance.java	209	e91c38afab075cde	
member	com.badlogic.gdx.ai.steer.behaviors.RaycastObstacleAvoidance#setRayConfiguration(RayConfiguration)	sge.ai.steer.behaviors.RaycastObstacleAvoidance#setRayConfiguration(RayConfiguration<T>)	Renamed	-	com/badlogic/gdx/ai/steer/behaviors/RaycastObstacleAvoidance.java	173	d46e7a0012385e24	
member	com.badlogic.gdx.ai.steer.behaviors.RaycastObstacleAvoidance#setRaycastCollisionDetector(RaycastCollisionDetector)	sge.ai.steer.behaviors.RaycastObstacleAvoidance#setRaycastCollisionDetector(RaycastCollisionDetector<T>)	Renamed	-	com/badlogic/gdx/ai/steer/behaviors/RaycastObstacleAvoidance.java	186	29b8faaf8fde1ba0	
member	com.badlogic.gdx.ai.steer.behaviors.ReachOrientation#<init>(Steerable)	sge.ai.steer.behaviors.ReachOrientation#<init>(Steerable<T>)	Renamed	-	com/badlogic/gdx/ai/steer/behaviors/ReachOrientation.java	56	b806cdb11bbc6476	
member	com.badlogic.gdx.ai.steer.behaviors.ReachOrientation#<stmt1>	sge.ai.steer.behaviors.ReachOrientation#<stmt1>	Renamed	-	com/badlogic/gdx/ai/steer/behaviors/ReachOrientation.java	65	80f9eb745c02feb8	
member	com.badlogic.gdx.ai.steer.behaviors.ReachOrientation#alignTolerance	sge.ai.steer.behaviors.ReachOrientation#alignTolerance	Renamed	-	com/badlogic/gdx/ai/steer/behaviors/ReachOrientation.java	46	048e3a35f3a0e21c	
member	com.badlogic.gdx.ai.steer.behaviors.ReachOrientation#calculateRealSteering(SteeringAcceleration)	sge.ai.steer.behaviors.ReachOrientation#calculateRealSteering(SteeringAcceleration<T>)	Renamed	-	com/badlogic/gdx/ai/steer/behaviors/ReachOrientation.java	69	3d6e8fc008b547bc	
member	com.badlogic.gdx.ai.steer.behaviors.ReachOrientation#decelerationRadius	sge.ai.steer.behaviors.ReachOrientation#decelerationRadius	Renamed	-	com/badlogic/gdx/ai/steer/behaviors/ReachOrientation.java	49	a83a9f274e3c45e1	
member	com.badlogic.gdx.ai.steer.behaviors.ReachOrientation#getAlignTolerance()	sge.ai.steer.behaviors.ReachOrientation#getAlignTolerance	Renamed	-	com/badlogic/gdx/ai/steer/behaviors/ReachOrientation.java	128	bc6652a01f4dd9f8	form=parenless
member	com.badlogic.gdx.ai.steer.behaviors.ReachOrientation#getDecelerationRadius()	sge.ai.steer.behaviors.ReachOrientation#getDecelerationRadius	Renamed	-	com/badlogic/gdx/ai/steer/behaviors/ReachOrientation.java	140	1d3b025713821937	form=parenless
member	com.badlogic.gdx.ai.steer.behaviors.ReachOrientation#getTarget()	sge.ai.steer.behaviors.ReachOrientation#getTarget	Renamed	-	com/badlogic/gdx/ai/steer/behaviors/ReachOrientation.java	116	07d774a8dbe1ece4	form=parenless
member	com.badlogic.gdx.ai.steer.behaviors.ReachOrientation#getTimeToTarget()	sge.ai.steer.behaviors.ReachOrientation#getTimeToTarget	Renamed	-	com/badlogic/gdx/ai/steer/behaviors/ReachOrientation.java	152	fcfd393d125f29ca	form=parenless
member	com.badlogic.gdx.ai.steer.behaviors.ReachOrientation#reachOrientation(SteeringAcceleration,float)	sge.ai.steer.behaviors.ReachOrientation#reachOrientation(SteeringAcceleration<T>,float)	Renamed	-	com/badlogic/gdx/ai/steer/behaviors/ReachOrientation.java	78	5268311f7125102e	
member	com.badlogic.gdx.ai.steer.behaviors.ReachOrientation#setAlignTolerance(float)	sge.ai.steer.behaviors.ReachOrientation#setAlignTolerance(float)	Renamed	-	com/badlogic/gdx/ai/steer/behaviors/ReachOrientation.java	134	e4240a64e1ed5945	
member	com.badlogic.gdx.ai.steer.behaviors.ReachOrientation#setDecelerationRadius(float)	sge.ai.steer.behaviors.ReachOrientation#setDecelerationRadius(float)	Renamed	-	com/badlogic/gdx/ai/steer/behaviors/ReachOrientation.java	146	5c9d79ebab19f0ba	
member	com.badlogic.gdx.ai.steer.behaviors.ReachOrientation#setEnabled(boolean)	sge.ai.steer.behaviors.ReachOrientation#setEnabled(boolean)	Renamed	-	com/badlogic/gdx/ai/steer/behaviors/ReachOrientation.java	174	ba9f5788f2e7dce6	
member	com.badlogic.gdx.ai.steer.behaviors.ReachOrientation#setLimiter(Limiter)	sge.ai.steer.behaviors.ReachOrientation#setLimiter(Limiter)	Renamed	-	com/badlogic/gdx/ai/steer/behaviors/ReachOrientation.java	183	5b7468c98b23ce2c	
member	com.badlogic.gdx.ai.steer.behaviors.ReachOrientation#setOwner(Steerable)	sge.ai.steer.behaviors.ReachOrientation#setOwner(Steerable<T>)	Renamed	-	com/badlogic/gdx/ai/steer/behaviors/ReachOrientation.java	168	d98b16405c699d90	
member	com.badlogic.gdx.ai.steer.behaviors.ReachOrientation#setTarget(Location)	sge.ai.steer.behaviors.ReachOrientation#setTarget(Location<T>)	Renamed	-	com/badlogic/gdx/ai/steer/behaviors/ReachOrientation.java	122	2c35c0adcadb4e6f	
member	com.badlogic.gdx.ai.steer.behaviors.ReachOrientation#setTimeToTarget(float)	sge.ai.steer.behaviors.ReachOrientation#setTimeToTarget(float)	Renamed	-	com/badlogic/gdx/ai/steer/behaviors/ReachOrientation.java	158	c804be0f2f896b44	
member	com.badlogic.gdx.ai.steer.behaviors.ReachOrientation#target	sge.ai.steer.behaviors.ReachOrientation#target	Renamed	-	com/badlogic/gdx/ai/steer/behaviors/ReachOrientation.java	43	904be84ecc669e9a	
member	com.badlogic.gdx.ai.steer.behaviors.ReachOrientation#timeToTarget	sge.ai.steer.behaviors.ReachOrientation#timeToTarget	Renamed	-	com/badlogic/gdx/ai/steer/behaviors/ReachOrientation.java	52	120ce8959bbb9f8b	
member	com.badlogic.gdx.ai.steer.behaviors.Seek#<init>(Steerable)	sge.ai.steer.behaviors.Seek#<init>(Steerable<T>)	Renamed	-	com/badlogic/gdx/ai/steer/behaviors/Seek.java	39	f358f228a46463cc	
member	com.badlogic.gdx.ai.steer.behaviors.Seek#<stmt1>	sge.ai.steer.behaviors.Seek#<stmt1>	Renamed	-	com/badlogic/gdx/ai/steer/behaviors/Seek.java	48	80f9eb745c02feb8	
member	com.badlogic.gdx.ai.steer.behaviors.Seek#calculateRealSteering(SteeringAcceleration)	sge.ai.steer.behaviors.Seek#calculateRealSteering(SteeringAcceleration<T>)	Renamed	-	com/badlogic/gdx/ai/steer/behaviors/Seek.java	52	e10bc0e810591880	
member	com.badlogic.gdx.ai.steer.behaviors.Seek#getTarget()	sge.ai.steer.behaviors.Seek#getTarget	Renamed	-	com/badlogic/gdx/ai/steer/behaviors/Seek.java	65	756e2c6114600897	form=parenless
member	com.badlogic.gdx.ai.steer.behaviors.Seek#setEnabled(boolean)	sge.ai.steer.behaviors.Seek#setEnabled(boolean)	Renamed	-	com/badlogic/gdx/ai/steer/behaviors/Seek.java	87	e9fee78ddce4e5c5	
member	com.badlogic.gdx.ai.steer.behaviors.Seek#setLimiter(Limiter)	sge.ai.steer.behaviors.Seek#setLimiter(Limiter)	Renamed	-	com/badlogic/gdx/ai/steer/behaviors/Seek.java	95	18741deb241f7d0e	
member	com.badlogic.gdx.ai.steer.behaviors.Seek#setOwner(Steerable)	sge.ai.steer.behaviors.Seek#setOwner(Steerable<T>)	Renamed	-	com/badlogic/gdx/ai/steer/behaviors/Seek.java	81	7e52e4f8f9b3fa81	
member	com.badlogic.gdx.ai.steer.behaviors.Seek#setTarget(Location)	sge.ai.steer.behaviors.Seek#setTarget(Location<T>)	Renamed	-	com/badlogic/gdx/ai/steer/behaviors/Seek.java	71	1bc585e11c0e6b34	
member	com.badlogic.gdx.ai.steer.behaviors.Seek#target	sge.ai.steer.behaviors.Seek#target	Renamed	-	com/badlogic/gdx/ai/steer/behaviors/Seek.java	35	0fcdf433c25c541b	
member	com.badlogic.gdx.ai.steer.behaviors.Separation#<stmt1>	sge.ai.steer.behaviors.Separation#<stmt1>	Renamed	-	com/badlogic/gdx/ai/steer/behaviors/Separation.java	50	677827b9c0188ad2	
member	com.badlogic.gdx.ai.steer.behaviors.Separation#calculateRealSteering(SteeringAcceleration)	sge.ai.steer.behaviors.Separation#calculateRealSteering(SteeringAcceleration<T>)	Renamed	-	com/badlogic/gdx/ai/steer/behaviors/Separation.java	54	7c83e0cbc686cf8c	
member	com.badlogic.gdx.ai.steer.behaviors.Separation#decayCoefficient	sge.ai.steer.behaviors.Separation#decayCoefficient	Renamed	-	com/badlogic/gdx/ai/steer/behaviors/Separation.java	39	153bc98d929a0aa9	
member	com.badlogic.gdx.ai.steer.behaviors.Separation#getDecayCoefficient()	sge.ai.steer.behaviors.Separation#getDecayCoefficient	Renamed	-	com/badlogic/gdx/ai/steer/behaviors/Separation.java	86	2e9e4f77b482b662	form=parenless
member	com.badlogic.gdx.ai.steer.behaviors.Separation#linear	sge.ai.steer.behaviors.Separation#linear	Renamed	-	com/badlogic/gdx/ai/steer/behaviors/Separation.java	42	789fb38569e4c4b1	vis=private
member	com.badlogic.gdx.ai.steer.behaviors.Separation#reportNeighbor(Steerable)	sge.ai.steer.behaviors.Separation#reportNeighbor(Steerable<T>)	Renamed	-	com/badlogic/gdx/ai/steer/behaviors/Separation.java	65	f3616b6b499af0fa	
member	com.badlogic.gdx.ai.steer.behaviors.Separation#setDecayCoefficient(float)	sge.ai.steer.behaviors.Separation#setDecayCoefficient(float)	Renamed	-	com/badlogic/gdx/ai/steer/behaviors/Separation.java	93	04c1ecd5e2fbc416	
member	com.badlogic.gdx.ai.steer.behaviors.Separation#setEnabled(boolean)	sge.ai.steer.behaviors.Separation#setEnabled(boolean)	Renamed	-	com/badlogic/gdx/ai/steer/behaviors/Separation.java	109	07232315ff293927	
member	com.badlogic.gdx.ai.steer.behaviors.Separation#setLimiter(Limiter)	sge.ai.steer.behaviors.Separation#setLimiter(Limiter)	Renamed	-	com/badlogic/gdx/ai/steer/behaviors/Separation.java	117	5404c5e2d37d05b5	
member	com.badlogic.gdx.ai.steer.behaviors.Separation#setOwner(Steerable)	sge.ai.steer.behaviors.Separation#setOwner(Steerable<T>)	Renamed	-	com/badlogic/gdx/ai/steer/behaviors/Separation.java	103	bd6fd6f6ba9a4941	
member	com.badlogic.gdx.ai.steer.behaviors.Separation#toAgent	sge.ai.steer.behaviors.Separation#toAgent	Renamed	-	com/badlogic/gdx/ai/steer/behaviors/Separation.java	41	f3cee466a0e9520c	
member	com.badlogic.gdx.ai.steer.behaviors.Wander#<stmt1>	sge.ai.steer.behaviors.Wander#<stmt1>	Renamed	-	com/badlogic/gdx/ai/steer/behaviors/Wander.java	93	c53576b2daae6469	
member	com.badlogic.gdx.ai.steer.behaviors.Wander#<stmt2>	sge.ai.steer.behaviors.Wander#<stmt2>	Renamed	-	com/badlogic/gdx/ai/steer/behaviors/Wander.java	94	04ccc7be0d4f334b	
member	com.badlogic.gdx.ai.steer.behaviors.Wander#calculateRealSteering(SteeringAcceleration)	sge.ai.steer.behaviors.Wander#calculateRealSteering(SteeringAcceleration<T>)	Renamed	-	com/badlogic/gdx/ai/steer/behaviors/Wander.java	98	c1d81df10154c416	
member	com.badlogic.gdx.ai.steer.behaviors.Wander#faceEnabled	sge.ai.steer.behaviors.Wander#faceEnabled	Renamed	-	com/badlogic/gdx/ai/steer/behaviors/Wander.java	83	356b86d3f3067403	
member	com.badlogic.gdx.ai.steer.behaviors.Wander#getWanderOffset()	sge.ai.steer.behaviors.Wander#getWanderOffset	Renamed	-	com/badlogic/gdx/ai/steer/behaviors/Wander.java	139	f5c0e35286a13103	form=parenless
member	com.badlogic.gdx.ai.steer.behaviors.Wander#getWanderOrientation()	sge.ai.steer.behaviors.Wander#getWanderOrientation	Renamed	-	com/badlogic/gdx/ai/steer/behaviors/Wander.java	175	3ec763a3e6a2d9d1	form=parenless
member	com.badlogic.gdx.ai.steer.behaviors.Wander#getWanderRadius()	sge.ai.steer.behaviors.Wander#getWanderRadius	Renamed	-	com/badlogic/gdx/ai/steer/behaviors/Wander.java	151	232f867290549e46	form=parenless
member	com.badlogic.gdx.ai.steer.behaviors.Wander#getWanderRate()	sge.ai.steer.behaviors.Wander#getWanderRate	Renamed	-	com/badlogic/gdx/ai/steer/behaviors/Wander.java	163	11fc415b5392d62e	form=parenless
member	com.badlogic.gdx.ai.steer.behaviors.Wander#getInternalTargetPosition	sge.ai.steer.behaviors.Wander#internalTargetPosition	Renamed	-	com/badlogic/gdx/ai/steer/behaviors/Wander.java	85	ec4c9a91f88d77d1	name=internalTargetPosition$field
member	com.badlogic.gdx.ai.steer.behaviors.Wander#getInternalTargetPosition()	sge.ai.steer.behaviors.Wander#internalTargetPosition()	Renamed	-	com/badlogic/gdx/ai/steer/behaviors/Wander.java	200	69a051ae905071f3	
member	com.badlogic.gdx.ai.steer.behaviors.Wander#isFaceEnabled()	sge.ai.steer.behaviors.Wander#isFaceEnabled	Renamed	-	com/badlogic/gdx/ai/steer/behaviors/Wander.java	187	f6d969bfe01fa7a2	form=parenless
member	com.badlogic.gdx.ai.steer.behaviors.Wander#lastTime	sge.ai.steer.behaviors.Wander#lastTime	Renamed	-	com/badlogic/gdx/ai/steer/behaviors/Wander.java	76	4c06acf185d70285	
member	com.badlogic.gdx.ai.steer.behaviors.Wander#setAlignTolerance(float)	sge.ai.steer.behaviors.Wander#setAlignTolerance(float)	Renamed	-	com/badlogic/gdx/ai/steer/behaviors/Wander.java	244	c5920305621899ab	
member	com.badlogic.gdx.ai.steer.behaviors.Wander#setDecelerationRadius(float)	sge.ai.steer.behaviors.Wander#setDecelerationRadius(float)	Renamed	-	com/badlogic/gdx/ai/steer/behaviors/Wander.java	250	e2c9f867f6216435	
member	com.badlogic.gdx.ai.steer.behaviors.Wander#setEnabled(boolean)	sge.ai.steer.behaviors.Wander#setEnabled(boolean)	Renamed	-	com/badlogic/gdx/ai/steer/behaviors/Wander.java	220	0a0467b9cb4d9032	
member	com.badlogic.gdx.ai.steer.behaviors.Wander#setFaceEnabled(boolean)	sge.ai.steer.behaviors.Wander#setFaceEnabled(boolean)	Renamed	-	com/badlogic/gdx/ai/steer/behaviors/Wander.java	194	b03b1e7f12f2a1ba	
member	com.badlogic.gdx.ai.steer.behaviors.Wander#setLimiter(Limiter)	sge.ai.steer.behaviors.Wander#setLimiter(Limiter)	Renamed	-	com/badlogic/gdx/ai/steer/behaviors/Wander.java	229	fca9d4481c0cbe20	
member	com.badlogic.gdx.ai.steer.behaviors.Wander#setOwner(Steerable)	sge.ai.steer.behaviors.Wander#setOwner(Steerable<T>)	Renamed	-	com/badlogic/gdx/ai/steer/behaviors/Wander.java	214	9430dcf9a3b41cbb	
member	com.badlogic.gdx.ai.steer.behaviors.Wander#setTarget(Location)	sge.ai.steer.behaviors.Wander#setTarget(Location<T>)	Renamed	-	com/badlogic/gdx/ai/steer/behaviors/Wander.java	238	fd078d3a00227b61	
member	com.badlogic.gdx.ai.steer.behaviors.Wander#setTimeToTarget(float)	sge.ai.steer.behaviors.Wander#setTimeToTarget(float)	Renamed	-	com/badlogic/gdx/ai/steer/behaviors/Wander.java	256	4967e9b998b5b56d	
member	com.badlogic.gdx.ai.steer.behaviors.Wander#setWanderOffset(float)	sge.ai.steer.behaviors.Wander#setWanderOffset(float)	Renamed	-	com/badlogic/gdx/ai/steer/behaviors/Wander.java	145	894dad77140a549e	
member	com.badlogic.gdx.ai.steer.behaviors.Wander#setWanderOrientation(float)	sge.ai.steer.behaviors.Wander#setWanderOrientation(float)	Renamed	-	com/badlogic/gdx/ai/steer/behaviors/Wander.java	181	84c7918ecbf0ce92	
member	com.badlogic.gdx.ai.steer.behaviors.Wander#setWanderRadius(float)	sge.ai.steer.behaviors.Wander#setWanderRadius(float)	Renamed	-	com/badlogic/gdx/ai/steer/behaviors/Wander.java	157	2eee365b0ff35ce0	
member	com.badlogic.gdx.ai.steer.behaviors.Wander#setWanderRate(float)	sge.ai.steer.behaviors.Wander#setWanderRate(float)	Renamed	-	com/badlogic/gdx/ai/steer/behaviors/Wander.java	169	17d1f98795047253	
member	com.badlogic.gdx.ai.steer.behaviors.Wander#getWanderCenter	sge.ai.steer.behaviors.Wander#wanderCenter	Renamed	-	com/badlogic/gdx/ai/steer/behaviors/Wander.java	86	d47a409660ae66f6	name=wanderCenter$field
member	com.badlogic.gdx.ai.steer.behaviors.Wander#getWanderCenter()	sge.ai.steer.behaviors.Wander#wanderCenter()	Renamed	-	com/badlogic/gdx/ai/steer/behaviors/Wander.java	205	177c7f591bb517af	
member	com.badlogic.gdx.ai.steer.behaviors.Wander#wanderOffset	sge.ai.steer.behaviors.Wander#wanderOffset	Renamed	-	com/badlogic/gdx/ai/steer/behaviors/Wander.java	67	487267e1681db8b7	
member	com.badlogic.gdx.ai.steer.behaviors.Wander#wanderOrientation	sge.ai.steer.behaviors.Wander#wanderOrientation	Renamed	-	com/badlogic/gdx/ai/steer/behaviors/Wander.java	79	1ce44918f85108f8	
member	com.badlogic.gdx.ai.steer.behaviors.Wander#wanderRadius	sge.ai.steer.behaviors.Wander#wanderRadius	Renamed	-	com/badlogic/gdx/ai/steer/behaviors/Wander.java	70	a0d64d2fab833b2f	
member	com.badlogic.gdx.ai.steer.behaviors.Wander#wanderRate	sge.ai.steer.behaviors.Wander#wanderRate	Renamed	-	com/badlogic/gdx/ai/steer/behaviors/Wander.java	73	4d45f837875b4c74	
member	com.badlogic.gdx.ai.steer.limiters.AngularAccelerationLimiter#<stmt1>	sge.ai.steer.limiters.AngularAccelerationLimiter#<stmt1>	Renamed	-	com/badlogic/gdx/ai/steer/limiters/AngularAccelerationLimiter.java	30	e458499add8dad94	
member	com.badlogic.gdx.ai.steer.limiters.AngularAccelerationLimiter#getMaxAngularAcceleration	sge.ai.steer.limiters.AngularAccelerationLimiter#maxAngularAcceleration	Renamed	-	com/badlogic/gdx/ai/steer/limiters/AngularAccelerationLimiter.java	25	972d586716c48dca	name=maxAngularAcceleration$field
member	com.badlogic.gdx.ai.steer.limiters.AngularAccelerationLimiter#getMaxAngularAcceleration()	sge.ai.steer.limiters.AngularAccelerationLimiter#maxAngularAcceleration()	Renamed	-	com/badlogic/gdx/ai/steer/limiters/AngularAccelerationLimiter.java	35	61ac1d263c3ad6a6	
member	com.badlogic.gdx.ai.steer.limiters.AngularAccelerationLimiter#setMaxAngularAcceleration(float)	sge.ai.steer.limiters.AngularAccelerationLimiter#maxAngularAcceleration_=(float)	Renamed	-	com/badlogic/gdx/ai/steer/limiters/AngularAccelerationLimiter.java	41	d3d69262ce2d597d	
member	com.badlogic.gdx.ai.steer.limiters.AngularLimiter#<stmt1>	sge.ai.steer.limiters.AngularLimiter#<stmt1>	Renamed	-	com/badlogic/gdx/ai/steer/limiters/AngularLimiter.java	32	e458499add8dad94	
member	com.badlogic.gdx.ai.steer.limiters.AngularLimiter#<stmt2>	sge.ai.steer.limiters.AngularLimiter#<stmt2>	Renamed	-	com/badlogic/gdx/ai/steer/limiters/AngularLimiter.java	33	b21fec05a9a3ee2e	
member	com.badlogic.gdx.ai.steer.limiters.AngularLimiter#getMaxAngularAcceleration	sge.ai.steer.limiters.AngularLimiter#maxAngularAcceleration	Renamed	-	com/badlogic/gdx/ai/steer/limiters/AngularLimiter.java	25	cd807a5ccccffefb	name=maxAngularAcceleration$field
member	com.badlogic.gdx.ai.steer.limiters.AngularLimiter#getMaxAngularAcceleration()	sge.ai.steer.limiters.AngularLimiter#maxAngularAcceleration()	Renamed	-	com/badlogic/gdx/ai/steer/limiters/AngularLimiter.java	50	51d5e10cf80cbe9b	
member	com.badlogic.gdx.ai.steer.limiters.AngularLimiter#setMaxAngularAcceleration(float)	sge.ai.steer.limiters.AngularLimiter#maxAngularAcceleration_=(float)	Renamed	-	com/badlogic/gdx/ai/steer/limiters/AngularLimiter.java	56	c52cad7f28e8af02	
member	com.badlogic.gdx.ai.steer.limiters.AngularLimiter#getMaxAngularSpeed	sge.ai.steer.limiters.AngularLimiter#maxAngularSpeed	Renamed	-	com/badlogic/gdx/ai/steer/limiters/AngularLimiter.java	26	7136858105c9d80a	name=maxAngularSpeed$field
member	com.badlogic.gdx.ai.steer.limiters.AngularLimiter#getMaxAngularSpeed()	sge.ai.steer.limiters.AngularLimiter#maxAngularSpeed()	Renamed	-	com/badlogic/gdx/ai/steer/limiters/AngularLimiter.java	38	1d60d50365e5a3f6	
member	com.badlogic.gdx.ai.steer.limiters.AngularLimiter#setMaxAngularSpeed(float)	sge.ai.steer.limiters.AngularLimiter#maxAngularSpeed_=(float)	Renamed	-	com/badlogic/gdx/ai/steer/limiters/AngularLimiter.java	44	3ed3faa951675a96	
member	com.badlogic.gdx.ai.steer.limiters.AngularSpeedLimiter#<stmt1>	sge.ai.steer.limiters.AngularSpeedLimiter#<stmt1>	Renamed	-	com/badlogic/gdx/ai/steer/limiters/AngularSpeedLimiter.java	30	b21fec05a9a3ee2e	
member	com.badlogic.gdx.ai.steer.limiters.AngularSpeedLimiter#getMaxAngularSpeed	sge.ai.steer.limiters.AngularSpeedLimiter#maxAngularSpeed	Renamed	-	com/badlogic/gdx/ai/steer/limiters/AngularSpeedLimiter.java	25	f003f4080a39c31b	name=maxAngularSpeed$field
member	com.badlogic.gdx.ai.steer.limiters.AngularSpeedLimiter#getMaxAngularSpeed()	sge.ai.steer.limiters.AngularSpeedLimiter#maxAngularSpeed()	Renamed	-	com/badlogic/gdx/ai/steer/limiters/AngularSpeedLimiter.java	35	8fdc9257bf9aca0f	
member	com.badlogic.gdx.ai.steer.limiters.AngularSpeedLimiter#setMaxAngularSpeed(float)	sge.ai.steer.limiters.AngularSpeedLimiter#maxAngularSpeed_=(float)	Renamed	-	com/badlogic/gdx/ai/steer/limiters/AngularSpeedLimiter.java	41	7f4ea2dee307d333	
member	com.badlogic.gdx.ai.steer.limiters.FullLimiter#<stmt1>	sge.ai.steer.limiters.FullLimiter#<stmt1>	Renamed	-	com/badlogic/gdx/ai/steer/limiters/FullLimiter.java	38	5eabdd4a8a4c19f9	
member	com.badlogic.gdx.ai.steer.limiters.FullLimiter#<stmt2>	sge.ai.steer.limiters.FullLimiter#<stmt2>	Renamed	-	com/badlogic/gdx/ai/steer/limiters/FullLimiter.java	39	b476065edd3e1d73	
member	com.badlogic.gdx.ai.steer.limiters.FullLimiter#<stmt3>	sge.ai.steer.limiters.FullLimiter#<stmt3>	Renamed	-	com/badlogic/gdx/ai/steer/limiters/FullLimiter.java	40	e458499add8dad94	
member	com.badlogic.gdx.ai.steer.limiters.FullLimiter#<stmt4>	sge.ai.steer.limiters.FullLimiter#<stmt4>	Renamed	-	com/badlogic/gdx/ai/steer/limiters/FullLimiter.java	41	b21fec05a9a3ee2e	
member	com.badlogic.gdx.ai.steer.limiters.FullLimiter#getMaxAngularAcceleration	sge.ai.steer.limiters.FullLimiter#maxAngularAcceleration	Renamed	-	com/badlogic/gdx/ai/steer/limiters/FullLimiter.java	28	0ed302c6efc647c4	name=maxAngularAcceleration$field
member	com.badlogic.gdx.ai.steer.limiters.FullLimiter#getMaxAngularAcceleration()	sge.ai.steer.limiters.FullLimiter#maxAngularAcceleration()	Renamed	-	com/badlogic/gdx/ai/steer/limiters/FullLimiter.java	75	347aa649eeb35af5	
member	com.badlogic.gdx.ai.steer.limiters.FullLimiter#setMaxAngularAcceleration(float)	sge.ai.steer.limiters.FullLimiter#maxAngularAcceleration_=(float)	Renamed	-	com/badlogic/gdx/ai/steer/limiters/FullLimiter.java	80	37d5065b5a9089bd	
member	com.badlogic.gdx.ai.steer.limiters.FullLimiter#getMaxAngularSpeed	sge.ai.steer.limiters.FullLimiter#maxAngularSpeed	Renamed	-	com/badlogic/gdx/ai/steer/limiters/FullLimiter.java	29	1a4e037daca3e9ec	name=maxAngularSpeed$field
member	com.badlogic.gdx.ai.steer.limiters.FullLimiter#getMaxAngularSpeed()	sge.ai.steer.limiters.FullLimiter#maxAngularSpeed()	Renamed	-	com/badlogic/gdx/ai/steer/limiters/FullLimiter.java	65	d4f5a3b720b8c5fe	
member	com.badlogic.gdx.ai.steer.limiters.FullLimiter#setMaxAngularSpeed(float)	sge.ai.steer.limiters.FullLimiter#maxAngularSpeed_=(float)	Renamed	-	com/badlogic/gdx/ai/steer/limiters/FullLimiter.java	70	53a56ea72c67e44c	
member	com.badlogic.gdx.ai.steer.limiters.FullLimiter#getMaxLinearAcceleration	sge.ai.steer.limiters.FullLimiter#maxLinearAcceleration	Renamed	-	com/badlogic/gdx/ai/steer/limiters/FullLimiter.java	26	bed76047cbf9093a	name=maxLinearAcceleration$field
member	com.badlogic.gdx.ai.steer.limiters.FullLimiter#getMaxLinearAcceleration()	sge.ai.steer.limiters.FullLimiter#maxLinearAcceleration()	Renamed	-	com/badlogic/gdx/ai/steer/limiters/FullLimiter.java	55	f8af31c1141078dd	
member	com.badlogic.gdx.ai.steer.limiters.FullLimiter#setMaxLinearAcceleration(float)	sge.ai.steer.limiters.FullLimiter#maxLinearAcceleration_=(float)	Renamed	-	com/badlogic/gdx/ai/steer/limiters/FullLimiter.java	60	f8e883d9278f2b37	
member	com.badlogic.gdx.ai.steer.limiters.FullLimiter#getMaxLinearSpeed	sge.ai.steer.limiters.FullLimiter#maxLinearSpeed	Renamed	-	com/badlogic/gdx/ai/steer/limiters/FullLimiter.java	27	e9c9fd10252ed833	name=maxLinearSpeed$field
member	com.badlogic.gdx.ai.steer.limiters.FullLimiter#getMaxLinearSpeed()	sge.ai.steer.limiters.FullLimiter#maxLinearSpeed()	Renamed	-	com/badlogic/gdx/ai/steer/limiters/FullLimiter.java	45	c82cdb87d75e5f46	
member	com.badlogic.gdx.ai.steer.limiters.FullLimiter#setMaxLinearSpeed(float)	sge.ai.steer.limiters.FullLimiter#maxLinearSpeed_=(float)	Renamed	-	com/badlogic/gdx/ai/steer/limiters/FullLimiter.java	50	850a0ef48277ff18	
member	com.badlogic.gdx.ai.steer.limiters.FullLimiter#getZeroLinearSpeedThreshold	sge.ai.steer.limiters.FullLimiter#zeroLinearSpeedThreshold	Renamed	-	com/badlogic/gdx/ai/steer/limiters/FullLimiter.java	30	683f0bac7473446b	name=zeroLinearSpeedThreshold$field
member	com.badlogic.gdx.ai.steer.limiters.FullLimiter#getZeroLinearSpeedThreshold()	sge.ai.steer.limiters.FullLimiter#zeroLinearSpeedThreshold()	Renamed	-	com/badlogic/gdx/ai/steer/limiters/FullLimiter.java	85	7a02566c65e86d2c	
member	com.badlogic.gdx.ai.steer.limiters.FullLimiter#setZeroLinearSpeedThreshold(float)	sge.ai.steer.limiters.FullLimiter#zeroLinearSpeedThreshold_=(float)	Renamed	-	com/badlogic/gdx/ai/steer/limiters/FullLimiter.java	90	ddb86cb4fdb53809	
member	com.badlogic.gdx.ai.steer.limiters.LinearAccelerationLimiter#<stmt1>	sge.ai.steer.limiters.LinearAccelerationLimiter#<stmt1>	Renamed	-	com/badlogic/gdx/ai/steer/limiters/LinearAccelerationLimiter.java	30	5eabdd4a8a4c19f9	
member	com.badlogic.gdx.ai.steer.limiters.LinearAccelerationLimiter#getMaxLinearAcceleration	sge.ai.steer.limiters.LinearAccelerationLimiter#maxLinearAcceleration	Renamed	-	com/badlogic/gdx/ai/steer/limiters/LinearAccelerationLimiter.java	25	9f6681bfa335ee35	name=maxLinearAcceleration$field
member	com.badlogic.gdx.ai.steer.limiters.LinearAccelerationLimiter#getMaxLinearAcceleration()	sge.ai.steer.limiters.LinearAccelerationLimiter#maxLinearAcceleration()	Renamed	-	com/badlogic/gdx/ai/steer/limiters/LinearAccelerationLimiter.java	35	44fbd199098990ab	
member	com.badlogic.gdx.ai.steer.limiters.LinearAccelerationLimiter#setMaxLinearAcceleration(float)	sge.ai.steer.limiters.LinearAccelerationLimiter#maxLinearAcceleration_=(float)	Renamed	-	com/badlogic/gdx/ai/steer/limiters/LinearAccelerationLimiter.java	41	fe90b652c1967148	
member	com.badlogic.gdx.ai.steer.limiters.LinearLimiter#<stmt1>	sge.ai.steer.limiters.LinearLimiter#<stmt1>	Renamed	-	com/badlogic/gdx/ai/steer/limiters/LinearLimiter.java	32	5eabdd4a8a4c19f9	
member	com.badlogic.gdx.ai.steer.limiters.LinearLimiter#<stmt2>	sge.ai.steer.limiters.LinearLimiter#<stmt2>	Renamed	-	com/badlogic/gdx/ai/steer/limiters/LinearLimiter.java	33	b476065edd3e1d73	
member	com.badlogic.gdx.ai.steer.limiters.LinearLimiter#getMaxLinearAcceleration	sge.ai.steer.limiters.LinearLimiter#maxLinearAcceleration	Renamed	-	com/badlogic/gdx/ai/steer/limiters/LinearLimiter.java	25	fd1cfb4e5d95740d	name=maxLinearAcceleration$field
member	com.badlogic.gdx.ai.steer.limiters.LinearLimiter#getMaxLinearAcceleration()	sge.ai.steer.limiters.LinearLimiter#maxLinearAcceleration()	Renamed	-	com/badlogic/gdx/ai/steer/limiters/LinearLimiter.java	50	d8f0b4c0573ad7c2	
member	com.badlogic.gdx.ai.steer.limiters.LinearLimiter#setMaxLinearAcceleration(float)	sge.ai.steer.limiters.LinearLimiter#maxLinearAcceleration_=(float)	Renamed	-	com/badlogic/gdx/ai/steer/limiters/LinearLimiter.java	56	aaf3c6cd1dd44ffc	
member	com.badlogic.gdx.ai.steer.limiters.LinearLimiter#getMaxLinearSpeed	sge.ai.steer.limiters.LinearLimiter#maxLinearSpeed	Renamed	-	com/badlogic/gdx/ai/steer/limiters/LinearLimiter.java	26	59c25a9623f6b21b	name=maxLinearSpeed$field
member	com.badlogic.gdx.ai.steer.limiters.LinearLimiter#getMaxLinearSpeed()	sge.ai.steer.limiters.LinearLimiter#maxLinearSpeed()	Renamed	-	com/badlogic/gdx/ai/steer/limiters/LinearLimiter.java	38	69cd21a6889d8f7d	
member	com.badlogic.gdx.ai.steer.limiters.LinearLimiter#setMaxLinearSpeed(float)	sge.ai.steer.limiters.LinearLimiter#maxLinearSpeed_=(float)	Renamed	-	com/badlogic/gdx/ai/steer/limiters/LinearLimiter.java	44	3720104df9dee6f0	
member	com.badlogic.gdx.ai.steer.limiters.LinearSpeedLimiter#<stmt1>	sge.ai.steer.limiters.LinearSpeedLimiter#<stmt1>	Renamed	-	com/badlogic/gdx/ai/steer/limiters/LinearSpeedLimiter.java	30	b476065edd3e1d73	
member	com.badlogic.gdx.ai.steer.limiters.LinearSpeedLimiter#getMaxLinearSpeed	sge.ai.steer.limiters.LinearSpeedLimiter#maxLinearSpeed	Renamed	-	com/badlogic/gdx/ai/steer/limiters/LinearSpeedLimiter.java	25	7cb68eeda66a89b1	name=maxLinearSpeed$field
member	com.badlogic.gdx.ai.steer.limiters.LinearSpeedLimiter#getMaxLinearSpeed()	sge.ai.steer.limiters.LinearSpeedLimiter#maxLinearSpeed()	Renamed	-	com/badlogic/gdx/ai/steer/limiters/LinearSpeedLimiter.java	35	4599b5f28bf7d6c9	
member	com.badlogic.gdx.ai.steer.limiters.LinearSpeedLimiter#setMaxLinearSpeed(float)	sge.ai.steer.limiters.LinearSpeedLimiter#maxLinearSpeed_=(float)	Renamed	-	com/badlogic/gdx/ai/steer/limiters/LinearSpeedLimiter.java	41	a421827b9c5af91c	
member	com.badlogic.gdx.ai.steer.limiters.NullLimiter#NEUTRAL_LIMITER	sge.ai.steer.limiters.NullLimiter#NEUTRAL_LIMITER	Renamed	-	com/badlogic/gdx/ai/steer/limiters/NullLimiter.java	29	2d0ddcbe2a0e8133	placement=companion
member	com.badlogic.gdx.ai.steer.limiters.NullLimiter#getMaxAngularAcceleration()	sge.ai.steer.limiters.NullLimiter#maxAngularAcceleration()	Renamed	-	com/badlogic/gdx/ai/steer/limiters/NullLimiter.java	102	13c0158d5077e978	
member	com.badlogic.gdx.ai.steer.limiters.NullLimiter#setMaxAngularAcceleration(float)	sge.ai.steer.limiters.NullLimiter#maxAngularAcceleration_=(float)	Renamed	-	com/badlogic/gdx/ai/steer/limiters/NullLimiter.java	109	46da2d42df84cfb5	
member	com.badlogic.gdx.ai.steer.limiters.NullLimiter#getMaxAngularSpeed()	sge.ai.steer.limiters.NullLimiter#maxAngularSpeed()	Renamed	-	com/badlogic/gdx/ai/steer/limiters/NullLimiter.java	88	9fe1174675ee5c7b	
member	com.badlogic.gdx.ai.steer.limiters.NullLimiter#setMaxAngularSpeed(float)	sge.ai.steer.limiters.NullLimiter#maxAngularSpeed_=(float)	Renamed	-	com/badlogic/gdx/ai/steer/limiters/NullLimiter.java	95	b1ea54c5ae942eeb	
member	com.badlogic.gdx.ai.steer.limiters.NullLimiter#getMaxLinearAcceleration()	sge.ai.steer.limiters.NullLimiter#maxLinearAcceleration()	Renamed	-	com/badlogic/gdx/ai/steer/limiters/NullLimiter.java	74	67d334e2c1eafedd	
member	com.badlogic.gdx.ai.steer.limiters.NullLimiter#setMaxLinearAcceleration(float)	sge.ai.steer.limiters.NullLimiter#maxLinearAcceleration_=(float)	Renamed	-	com/badlogic/gdx/ai/steer/limiters/NullLimiter.java	81	aa814713abaec5d2	
member	com.badlogic.gdx.ai.steer.limiters.NullLimiter#getMaxLinearSpeed()	sge.ai.steer.limiters.NullLimiter#maxLinearSpeed()	Renamed	-	com/badlogic/gdx/ai/steer/limiters/NullLimiter.java	60	5867acdc0b0ab2b4	
member	com.badlogic.gdx.ai.steer.limiters.NullLimiter#setMaxLinearSpeed(float)	sge.ai.steer.limiters.NullLimiter#maxLinearSpeed_=(float)	Renamed	-	com/badlogic/gdx/ai/steer/limiters/NullLimiter.java	67	1c8bcf16193e40fb	
member	com.badlogic.gdx.ai.steer.limiters.NullLimiter#getZeroLinearSpeedThreshold()	sge.ai.steer.limiters.NullLimiter#zeroLinearSpeedThreshold()	Renamed	-	com/badlogic/gdx/ai/steer/limiters/NullLimiter.java	114	1ed7a74c461d8cd7	
member	com.badlogic.gdx.ai.steer.limiters.NullLimiter#setZeroLinearSpeedThreshold(float)	sge.ai.steer.limiters.NullLimiter#zeroLinearSpeedThreshold_=(float)	Renamed	-	com/badlogic/gdx/ai/steer/limiters/NullLimiter.java	121	74d7f8a5a82a6238	
member	com.badlogic.gdx.ai.steer.proximities.FieldOfViewProximity#<stmt1>	sge.ai.steer.proximities.FieldOfViewProximity#<stmt1>	Renamed	-	com/badlogic/gdx/ai/steer/proximities/FieldOfViewProximity.java	62	716b4a7ed9a5889f	
member	com.badlogic.gdx.ai.steer.proximities.FieldOfViewProximity#<stmt2>	sge.ai.steer.proximities.FieldOfViewProximity#<stmt2>	Renamed	-	com/badlogic/gdx/ai/steer/proximities/FieldOfViewProximity.java	63	59f00f161aba24e7	
member	com.badlogic.gdx.ai.steer.proximities.FieldOfViewProximity#<stmt3>	sge.ai.steer.proximities.FieldOfViewProximity#<stmt3>	Renamed	-	com/badlogic/gdx/ai/steer/proximities/FieldOfViewProximity.java	64	ec6bec5bf3f1e447	
member	com.badlogic.gdx.ai.steer.proximities.FieldOfViewProximity#<stmt4>	sge.ai.steer.proximities.FieldOfViewProximity#<stmt4>	Renamed	-	com/badlogic/gdx/ai/steer/proximities/FieldOfViewProximity.java	65	3fa6ce8a2ea168fe	
member	com.badlogic.gdx.ai.steer.proximities.FieldOfViewProximity#<stmt5>	sge.ai.steer.proximities.FieldOfViewProximity#<stmt5>	Renamed	-	com/badlogic/gdx/ai/steer/proximities/FieldOfViewProximity.java	66	8b3d71025fa0d178	
member	com.badlogic.gdx.ai.steer.proximities.FieldOfViewProximity#getAngle	sge.ai.steer.proximities.FieldOfViewProximity#angle	Renamed	-	com/badlogic/gdx/ai/steer/proximities/FieldOfViewProximity.java	47	5d4ef04cc0fdb8e1	name=angle$field
member	com.badlogic.gdx.ai.steer.proximities.FieldOfViewProximity#getAngle()	sge.ai.steer.proximities.FieldOfViewProximity#angle()	Renamed	-	com/badlogic/gdx/ai/steer/proximities/FieldOfViewProximity.java	80	7707b4fe2274ddf8	
member	com.badlogic.gdx.ai.steer.proximities.FieldOfViewProximity#setAngle(float)	sge.ai.steer.proximities.FieldOfViewProximity#angle_=(float)	Renamed	-	com/badlogic/gdx/ai/steer/proximities/FieldOfViewProximity.java	85	0df744180aeccb71	
member	com.badlogic.gdx.ai.steer.proximities.FieldOfViewProximity#coneThreshold	sge.ai.steer.proximities.FieldOfViewProximity#coneThreshold	Renamed	-	com/badlogic/gdx/ai/steer/proximities/FieldOfViewProximity.java	49	762ddcdd3e8ea6ec	vis=private
member	com.badlogic.gdx.ai.steer.proximities.FieldOfViewProximity#findNeighbors(ProximityCallback)	sge.ai.steer.proximities.FieldOfViewProximity#findNeighbors(ProximityCallback<T>)	Renamed	-	com/badlogic/gdx/ai/steer/proximities/FieldOfViewProximity.java	91	2acc99225d8d0d73	
member	com.badlogic.gdx.ai.steer.proximities.FieldOfViewProximity#lastTime	sge.ai.steer.proximities.FieldOfViewProximity#lastTime	Renamed	-	com/badlogic/gdx/ai/steer/proximities/FieldOfViewProximity.java	50	d61e07165d7a5766	
member	com.badlogic.gdx.ai.steer.proximities.FieldOfViewProximity#ownerOrientation	sge.ai.steer.proximities.FieldOfViewProximity#ownerOrientation	Renamed	-	com/badlogic/gdx/ai/steer/proximities/FieldOfViewProximity.java	51	75d691963d815037	
member	com.badlogic.gdx.ai.steer.proximities.FieldOfViewProximity#getRadius	sge.ai.steer.proximities.FieldOfViewProximity#radius	Renamed	-	com/badlogic/gdx/ai/steer/proximities/FieldOfViewProximity.java	44	96275309ba3af0c7	name=radius$field
member	com.badlogic.gdx.ai.steer.proximities.FieldOfViewProximity#getRadius()	sge.ai.steer.proximities.FieldOfViewProximity#radius()	Renamed	-	com/badlogic/gdx/ai/steer/proximities/FieldOfViewProximity.java	70	26cbbfd477a6aefa	
member	com.badlogic.gdx.ai.steer.proximities.FieldOfViewProximity#setRadius(float)	sge.ai.steer.proximities.FieldOfViewProximity#radius_=(float)	Renamed	-	com/badlogic/gdx/ai/steer/proximities/FieldOfViewProximity.java	75	b1ed6c3707d98477	
member	com.badlogic.gdx.ai.steer.proximities.FieldOfViewProximity#toAgent	sge.ai.steer.proximities.FieldOfViewProximity#toAgent	Renamed	-	com/badlogic/gdx/ai/steer/proximities/FieldOfViewProximity.java	52	f3cee466a0e9520c	
member	com.badlogic.gdx.ai.steer.proximities.InfiniteProximity#findNeighbors(ProximityCallback)	sge.ai.steer.proximities.InfiniteProximity#findNeighbors(ProximityCallback<T>)	Renamed	-	com/badlogic/gdx/ai/steer/proximities/InfiniteProximity.java	38	919d34c7d1444a78	
member	com.badlogic.gdx.ai.steer.proximities.ProximityBase#<stmt1>	sge.ai.steer.proximities.ProximityBase#<stmt1>	Renamed	-	com/badlogic/gdx/ai/steer/proximities/ProximityBase.java	43	d038446e0fb78aea	
member	com.badlogic.gdx.ai.steer.proximities.ProximityBase#<stmt2>	sge.ai.steer.proximities.ProximityBase#<stmt2>	Renamed	-	com/badlogic/gdx/ai/steer/proximities/ProximityBase.java	44	80805ee67aa68901	
member	com.badlogic.gdx.ai.steer.proximities.ProximityBase#getAgents	sge.ai.steer.proximities.ProximityBase#agents	Renamed	-	com/badlogic/gdx/ai/steer/proximities/ProximityBase.java	37	4e02da7c48402e54	name=agents$field
member	com.badlogic.gdx.ai.steer.proximities.ProximityBase#getAgents()	sge.ai.steer.proximities.ProximityBase#agents()	Renamed	-	com/badlogic/gdx/ai/steer/proximities/ProximityBase.java	58	8705a63e2fbcb750	
member	com.badlogic.gdx.ai.steer.proximities.ProximityBase#setAgents(JavaIterable)	sge.ai.steer.proximities.ProximityBase#agents_=(JavaIterable<Steerable<T>>)	Renamed	-	com/badlogic/gdx/ai/steer/proximities/ProximityBase.java	63	ef5e26983ff8bc70	
member	com.badlogic.gdx.ai.steer.proximities.ProximityBase#getOwner	sge.ai.steer.proximities.ProximityBase#owner	Renamed	-	com/badlogic/gdx/ai/steer/proximities/ProximityBase.java	31	8c8ae2f8e19bb50b	name=owner$field
member	com.badlogic.gdx.ai.steer.proximities.ProximityBase#getOwner()	sge.ai.steer.proximities.ProximityBase#owner()	Renamed	-	com/badlogic/gdx/ai/steer/proximities/ProximityBase.java	48	3a0ded62fe8a4fee	
member	com.badlogic.gdx.ai.steer.proximities.ProximityBase#setOwner(Steerable)	sge.ai.steer.proximities.ProximityBase#owner_=(Steerable<T>)	Renamed	-	com/badlogic/gdx/ai/steer/proximities/ProximityBase.java	53	bfc039fb337af4bc	
member	com.badlogic.gdx.ai.steer.proximities.RadiusProximity#<stmt1>	sge.ai.steer.proximities.RadiusProximity#<stmt1>	Renamed	-	com/badlogic/gdx/ai/steer/proximities/RadiusProximity.java	52	716b4a7ed9a5889f	
member	com.badlogic.gdx.ai.steer.proximities.RadiusProximity#<stmt2>	sge.ai.steer.proximities.RadiusProximity#<stmt2>	Renamed	-	com/badlogic/gdx/ai/steer/proximities/RadiusProximity.java	53	ec6bec5bf3f1e447	
member	com.badlogic.gdx.ai.steer.proximities.RadiusProximity#findNeighbors(ProximityCallback)	sge.ai.steer.proximities.RadiusProximity#findNeighbors(ProximityCallback<T>)	Renamed	-	com/badlogic/gdx/ai/steer/proximities/RadiusProximity.java	67	e3199fa052540f72	
member	com.badlogic.gdx.ai.steer.proximities.RadiusProximity#lastTime	sge.ai.steer.proximities.RadiusProximity#lastTime	Renamed	-	com/badlogic/gdx/ai/steer/proximities/RadiusProximity.java	44	d61e07165d7a5766	
member	com.badlogic.gdx.ai.steer.proximities.RadiusProximity#getRadius	sge.ai.steer.proximities.RadiusProximity#radius	Renamed	-	com/badlogic/gdx/ai/steer/proximities/RadiusProximity.java	42	b8099a7d85616cc6	name=radius$field
member	com.badlogic.gdx.ai.steer.proximities.RadiusProximity#getRadius()	sge.ai.steer.proximities.RadiusProximity#radius()	Renamed	-	com/badlogic/gdx/ai/steer/proximities/RadiusProximity.java	57	3c8ada2682477367	
member	com.badlogic.gdx.ai.steer.proximities.RadiusProximity#setRadius(float)	sge.ai.steer.proximities.RadiusProximity#radius_=(float)	Renamed	-	com/badlogic/gdx/ai/steer/proximities/RadiusProximity.java	62	a968f204dcdd5095	
member	com.badlogic.gdx.ai.steer.utils.Path#calculateDistance(T,P)	sge.ai.steer.utils.Path#calculateDistance(T,P)	Renamed	-	com/badlogic/gdx/ai/steer/utils/Path.java	54	c8ce62ceaefb94b0	
member	com.badlogic.gdx.ai.steer.utils.Path#calculateTargetPosition(T,P,float)	sge.ai.steer.utils.Path#calculateTargetPosition(T,P,float)	Renamed	-	com/badlogic/gdx/ai/steer/utils/Path.java	60	780a11b66671cd67	
member	com.badlogic.gdx.ai.steer.utils.Path#createParam()	sge.ai.steer.utils.Path#createParam()	Renamed	-	com/badlogic/gdx/ai/steer/utils/Path.java	35	c7bb59e834dccc5c	
member	com.badlogic.gdx.ai.steer.utils.Path#getEndPoint()	sge.ai.steer.utils.Path#endPoint()	Renamed	-	com/badlogic/gdx/ai/steer/utils/Path.java	47	335d117829ec76f2	
member	com.badlogic.gdx.ai.steer.utils.Path#getLength()	sge.ai.steer.utils.Path#length()	Renamed	-	com/badlogic/gdx/ai/steer/utils/Path.java	41	5052df429e8f71a0	
member	com.badlogic.gdx.ai.steer.utils.Path#isOpen()	sge.ai.steer.utils.Path#open()	Renamed	-	com/badlogic/gdx/ai/steer/utils/Path.java	38	e6307093af84108d	
member	com.badlogic.gdx.ai.steer.utils.Path#getStartPoint()	sge.ai.steer.utils.Path#startPoint()	Renamed	-	com/badlogic/gdx/ai/steer/utils/Path.java	44	891fadd660c468cf	
member	com.badlogic.gdx.ai.steer.utils.Path$PathParam#getDistance()	sge.ai.steer.utils.Path$PathParam#distance()	Renamed	-	com/badlogic/gdx/ai/steer/utils/Path.java	68	e7def6e0f3d51d5c	
member	com.badlogic.gdx.ai.steer.utils.Path$PathParam#setDistance(float)	sge.ai.steer.utils.Path$PathParam#distance_=(float)	Renamed	-	com/badlogic/gdx/ai/steer/utils/Path.java	72	9d3640d88aa9b539	
member	com.badlogic.gdx.ai.steer.utils.RayConfiguration#updateRays()	sge.ai.steer.utils.RayConfiguration#updateRays()	Renamed	-	com/badlogic/gdx/ai/steer/utils/RayConfiguration.java	28	b831d14d9023d706	
member	com.badlogic.gdx.ai.steer.utils.paths.LinePath#<init>(Array)	sge.ai.steer.utils.paths.LinePath#<init>(Array<T>)	Renamed	-	com/badlogic/gdx/ai/steer/utils/paths/LinePath.java	45	8370252a60238ffa	
member	com.badlogic.gdx.ai.steer.utils.paths.LinePath#<stmt1>	sge.ai.steer.utils.paths.LinePath#<stmt1>	Renamed	-	com/badlogic/gdx/ai/steer/utils/paths/LinePath.java	54	f32e190e5cff9a9a	
member	com.badlogic.gdx.ai.steer.utils.paths.LinePath#<stmt2>	sge.ai.steer.utils.paths.LinePath#<stmt2>	Renamed	-	com/badlogic/gdx/ai/steer/utils/paths/LinePath.java	55	da81071384a92784	
member	com.badlogic.gdx.ai.steer.utils.paths.LinePath#<stmt3>	sge.ai.steer.utils.paths.LinePath#<stmt3>	Renamed	-	com/badlogic/gdx/ai/steer/utils/paths/LinePath.java	56	9eab516be8712905	
member	com.badlogic.gdx.ai.steer.utils.paths.LinePath#<stmt4>	sge.ai.steer.utils.paths.LinePath#<stmt4>	Renamed	-	com/badlogic/gdx/ai/steer/utils/paths/LinePath.java	57	ea4ec342fc4d0243	
member	com.badlogic.gdx.ai.steer.utils.paths.LinePath#<stmt5>	sge.ai.steer.utils.paths.LinePath#<stmt5>	Renamed	-	com/badlogic/gdx/ai/steer/utils/paths/LinePath.java	58	4ae0213c0fb55740	
member	com.badlogic.gdx.ai.steer.utils.paths.LinePath#<stmt6>	sge.ai.steer.utils.paths.LinePath#<stmt6>	Renamed	-	com/badlogic/gdx/ai/steer/utils/paths/LinePath.java	59	8b036b12dc73902e	
member	com.badlogic.gdx.ai.steer.utils.paths.LinePath#calculateDistance(T,LinePathParam)	sge.ai.steer.utils.paths.LinePath#calculateDistance(T,LinePathParam)	Renamed	-	com/badlogic/gdx/ai/steer/utils/paths/LinePath.java	116	8d024fcf7176ad2d	
member	com.badlogic.gdx.ai.steer.utils.paths.LinePath#calculatePointSegmentSquareDistance(T,T,T,T)	sge.ai.steer.utils.paths.LinePath#calculatePointSegmentSquareDistance(T,T,T,T)	Renamed	-	com/badlogic/gdx/ai/steer/utils/paths/LinePath.java	88	89dcf265627d88e7	
member	com.badlogic.gdx.ai.steer.utils.paths.LinePath#calculateTargetPosition(T,LinePathParam,float)	sge.ai.steer.utils.paths.LinePath#calculateTargetPosition(T,LinePathParam,float)	Renamed	-	com/badlogic/gdx/ai/steer/utils/paths/LinePath.java	143	757bf4b58ed422c5	
member	com.badlogic.gdx.ai.steer.utils.paths.LinePath#createParam()	sge.ai.steer.utils.paths.LinePath#createParam()	Renamed	-	com/badlogic/gdx/ai/steer/utils/paths/LinePath.java	104	004a66a3965c8813	
member	com.badlogic.gdx.ai.steer.utils.paths.LinePath#createPath(Array)	sge.ai.steer.utils.paths.LinePath#createPath(Array<T>)	Renamed	-	com/badlogic/gdx/ai/steer/utils/paths/LinePath.java	183	97b7db9d4754544e	
member	com.badlogic.gdx.ai.steer.utils.paths.LinePath#getEndPoint()	sge.ai.steer.utils.paths.LinePath#endPoint()	Renamed	-	com/badlogic/gdx/ai/steer/utils/paths/LinePath.java	78	bf2d92e683822480	
member	com.badlogic.gdx.ai.steer.utils.paths.LinePath#isOpen	sge.ai.steer.utils.paths.LinePath#isOpen	Renamed	-	com/badlogic/gdx/ai/steer/utils/paths/LinePath.java	35	24be79933032d01d	
member	com.badlogic.gdx.ai.steer.utils.paths.LinePath#getLength()	sge.ai.steer.utils.paths.LinePath#length()	Renamed	-	com/badlogic/gdx/ai/steer/utils/paths/LinePath.java	68	920ffd83d1256deb	
member	com.badlogic.gdx.ai.steer.utils.paths.LinePath#nearestPointOnCurrentSegment	sge.ai.steer.utils.paths.LinePath#nearestPointOnCurrentSegment	Renamed	-	com/badlogic/gdx/ai/steer/utils/paths/LinePath.java	37	c9c69a0080aaedf8	
member	com.badlogic.gdx.ai.steer.utils.paths.LinePath#nearestPointOnPath	sge.ai.steer.utils.paths.LinePath#nearestPointOnPath	Renamed	-	com/badlogic/gdx/ai/steer/utils/paths/LinePath.java	38	761191f290bbe724	
member	com.badlogic.gdx.ai.steer.utils.paths.LinePath#isOpen()	sge.ai.steer.utils.paths.LinePath#open()	Renamed	-	com/badlogic/gdx/ai/steer/utils/paths/LinePath.java	63	a44597cae1be6143	
member	com.badlogic.gdx.ai.steer.utils.paths.LinePath#pathLength	sge.ai.steer.utils.paths.LinePath#pathLength	Renamed	-	com/badlogic/gdx/ai/steer/utils/paths/LinePath.java	36	509e0783a82f3502	vis=private
member	com.badlogic.gdx.ai.steer.utils.paths.LinePath#getSegments	sge.ai.steer.utils.paths.LinePath#segments	Renamed	-	com/badlogic/gdx/ai/steer/utils/paths/LinePath.java	34	bdb968a80e058e45	name=segments$field
member	com.badlogic.gdx.ai.steer.utils.paths.LinePath#getSegments()	sge.ai.steer.utils.paths.LinePath#segments()	Renamed	-	com/badlogic/gdx/ai/steer/utils/paths/LinePath.java	206	da5a5df91d321a59	
member	com.badlogic.gdx.ai.steer.utils.paths.LinePath#getStartPoint()	sge.ai.steer.utils.paths.LinePath#startPoint()	Renamed	-	com/badlogic/gdx/ai/steer/utils/paths/LinePath.java	73	f8ed6d3aeb4d40a3	
member	com.badlogic.gdx.ai.steer.utils.paths.LinePath#tmpB	sge.ai.steer.utils.paths.LinePath#tmpB	Renamed	-	com/badlogic/gdx/ai/steer/utils/paths/LinePath.java	39	35a0e2fcdc35cb52	
member	com.badlogic.gdx.ai.steer.utils.paths.LinePath#tmpC	sge.ai.steer.utils.paths.LinePath#tmpC	Renamed	-	com/badlogic/gdx/ai/steer/utils/paths/LinePath.java	40	0866c99c7d2cf17a	
member	com.badlogic.gdx.ai.steer.utils.paths.LinePath$LinePathParam#getDistance	sge.ai.steer.utils.paths.LinePath$LinePathParam#distance	Renamed	-	com/badlogic/gdx/ai/steer/utils/paths/LinePath.java	215	e2a8800549992a67	name=distance$field
member	com.badlogic.gdx.ai.steer.utils.paths.LinePath$LinePathParam#getDistance()	sge.ai.steer.utils.paths.LinePath$LinePathParam#distance()	Renamed	-	com/badlogic/gdx/ai/steer/utils/paths/LinePath.java	218	d50b9b651bc0313d	
member	com.badlogic.gdx.ai.steer.utils.paths.LinePath$LinePathParam#setDistance(float)	sge.ai.steer.utils.paths.LinePath$LinePathParam#distance_=(float)	Renamed	-	com/badlogic/gdx/ai/steer/utils/paths/LinePath.java	223	66acb0da496bc882	
member	com.badlogic.gdx.ai.steer.utils.paths.LinePath$LinePathParam#getSegmentIndex	sge.ai.steer.utils.paths.LinePath$LinePathParam#segmentIndex	Renamed	-	com/badlogic/gdx/ai/steer/utils/paths/LinePath.java	214	5f3cdf74f0538e0b	name=segmentIndex$field
member	com.badlogic.gdx.ai.steer.utils.paths.LinePath$LinePathParam#getSegmentIndex()	sge.ai.steer.utils.paths.LinePath$LinePathParam#segmentIndex()	Renamed	-	com/badlogic/gdx/ai/steer/utils/paths/LinePath.java	228	e41ecc2f2aea9293	
member	com.badlogic.gdx.ai.steer.utils.paths.LinePath$Segment#<stmt1>	sge.ai.steer.utils.paths.LinePath$Segment#<stmt1>	Renamed	-	com/badlogic/gdx/ai/steer/utils/paths/LinePath.java	249	a331b501f0af36cc	
member	com.badlogic.gdx.ai.steer.utils.paths.LinePath$Segment#<stmt2>	sge.ai.steer.utils.paths.LinePath$Segment#<stmt2>	Renamed	-	com/badlogic/gdx/ai/steer/utils/paths/LinePath.java	250	459a1e92d13a66be	
member	com.badlogic.gdx.ai.steer.utils.paths.LinePath$Segment#<stmt3>	sge.ai.steer.utils.paths.LinePath$Segment#<stmt3>	Renamed	-	com/badlogic/gdx/ai/steer/utils/paths/LinePath.java	251	15bdc431ed872f9b	
member	com.badlogic.gdx.ai.steer.utils.paths.LinePath$Segment#getBegin	sge.ai.steer.utils.paths.LinePath$Segment#begin	Renamed	-	com/badlogic/gdx/ai/steer/utils/paths/LinePath.java	240	3c9a628fae4e8c9c	name=begin$field
member	com.badlogic.gdx.ai.steer.utils.paths.LinePath$Segment#getBegin()	sge.ai.steer.utils.paths.LinePath$Segment#begin()	Renamed	-	com/badlogic/gdx/ai/steer/utils/paths/LinePath.java	255	53b6ce4dc6a28029	
member	com.badlogic.gdx.ai.steer.utils.paths.LinePath$Segment#getCumulativeLength	sge.ai.steer.utils.paths.LinePath$Segment#cumulativeLength	Renamed	-	com/badlogic/gdx/ai/steer/utils/paths/LinePath.java	243	21a065493bcca9cb	name=cumulativeLength$field
member	com.badlogic.gdx.ai.steer.utils.paths.LinePath$Segment#getCumulativeLength()	sge.ai.steer.utils.paths.LinePath$Segment#cumulativeLength()	Renamed	-	com/badlogic/gdx/ai/steer/utils/paths/LinePath.java	270	f59b9153ea841987	
member	com.badlogic.gdx.ai.steer.utils.paths.LinePath$Segment#getEnd	sge.ai.steer.utils.paths.LinePath$Segment#end	Renamed	-	com/badlogic/gdx/ai/steer/utils/paths/LinePath.java	241	c18b79394cc8debb	name=end$field
member	com.badlogic.gdx.ai.steer.utils.paths.LinePath$Segment#getEnd()	sge.ai.steer.utils.paths.LinePath$Segment#end()	Renamed	-	com/badlogic/gdx/ai/steer/utils/paths/LinePath.java	260	80c72fb45b6abe23	
member	com.badlogic.gdx.ai.steer.utils.paths.LinePath$Segment#getLength	sge.ai.steer.utils.paths.LinePath$Segment#length	Renamed	-	com/badlogic/gdx/ai/steer/utils/paths/LinePath.java	242	b4b0ca9ff93d2dd3	name=length$field
member	com.badlogic.gdx.ai.steer.utils.paths.LinePath$Segment#getLength()	sge.ai.steer.utils.paths.LinePath$Segment#length()	Renamed	-	com/badlogic/gdx/ai/steer/utils/paths/LinePath.java	265	7df66b7074bb3ea1	
member	com.badlogic.gdx.ai.steer.utils.rays.CentralRayWithWhiskersConfiguration#<stmt1>	sge.ai.steer.utils.rays.CentralRayWithWhiskersConfiguration#<stmt1>	Renamed	-	com/badlogic/gdx/ai/steer/utils/rays/CentralRayWithWhiskersConfiguration.java	46	23ccbb388905cefa	
member	com.badlogic.gdx.ai.steer.utils.rays.CentralRayWithWhiskersConfiguration#<stmt2>	sge.ai.steer.utils.rays.CentralRayWithWhiskersConfiguration#<stmt2>	Renamed	-	com/badlogic/gdx/ai/steer/utils/rays/CentralRayWithWhiskersConfiguration.java	47	353bb90d9d5482d9	
member	com.badlogic.gdx.ai.steer.utils.rays.CentralRayWithWhiskersConfiguration#<stmt3>	sge.ai.steer.utils.rays.CentralRayWithWhiskersConfiguration#<stmt3>	Renamed	-	com/badlogic/gdx/ai/steer/utils/rays/CentralRayWithWhiskersConfiguration.java	48	6e870a893ab82ad9	
member	com.badlogic.gdx.ai.steer.utils.rays.CentralRayWithWhiskersConfiguration#getRayLength	sge.ai.steer.utils.rays.CentralRayWithWhiskersConfiguration#rayLength	Renamed	-	com/badlogic/gdx/ai/steer/utils/rays/CentralRayWithWhiskersConfiguration.java	34	a2cc53c7ed539786	name=rayLength$field
member	com.badlogic.gdx.ai.steer.utils.rays.CentralRayWithWhiskersConfiguration#getRayLength()	sge.ai.steer.utils.rays.CentralRayWithWhiskersConfiguration#rayLength()	Renamed	-	com/badlogic/gdx/ai/steer/utils/rays/CentralRayWithWhiskersConfiguration.java	74	b1da7ed4e3b0d028	
member	com.badlogic.gdx.ai.steer.utils.rays.CentralRayWithWhiskersConfiguration#setRayLength(float)	sge.ai.steer.utils.rays.CentralRayWithWhiskersConfiguration#rayLength_=(float)	Renamed	-	com/badlogic/gdx/ai/steer/utils/rays/CentralRayWithWhiskersConfiguration.java	79	66092fc13bf72f19	
member	com.badlogic.gdx.ai.steer.utils.rays.CentralRayWithWhiskersConfiguration#updateRays()	sge.ai.steer.utils.rays.CentralRayWithWhiskersConfiguration#updateRays()	Renamed	-	com/badlogic/gdx/ai/steer/utils/rays/CentralRayWithWhiskersConfiguration.java	52	82fc3a046a7a55d2	
member	com.badlogic.gdx.ai.steer.utils.rays.CentralRayWithWhiskersConfiguration#getWhiskerAngle	sge.ai.steer.utils.rays.CentralRayWithWhiskersConfiguration#whiskerAngle	Renamed	-	com/badlogic/gdx/ai/steer/utils/rays/CentralRayWithWhiskersConfiguration.java	36	042ee06964320b2b	name=whiskerAngle$field
member	com.badlogic.gdx.ai.steer.utils.rays.CentralRayWithWhiskersConfiguration#getWhiskerAngle()	sge.ai.steer.utils.rays.CentralRayWithWhiskersConfiguration#whiskerAngle()	Renamed	-	com/badlogic/gdx/ai/steer/utils/rays/CentralRayWithWhiskersConfiguration.java	94	e457d21ffdee5762	
member	com.badlogic.gdx.ai.steer.utils.rays.CentralRayWithWhiskersConfiguration#setWhiskerAngle(float)	sge.ai.steer.utils.rays.CentralRayWithWhiskersConfiguration#whiskerAngle_=(float)	Renamed	-	com/badlogic/gdx/ai/steer/utils/rays/CentralRayWithWhiskersConfiguration.java	99	3f61f1e81f5de923	
member	com.badlogic.gdx.ai.steer.utils.rays.CentralRayWithWhiskersConfiguration#getWhiskerLength	sge.ai.steer.utils.rays.CentralRayWithWhiskersConfiguration#whiskerLength	Renamed	-	com/badlogic/gdx/ai/steer/utils/rays/CentralRayWithWhiskersConfiguration.java	35	8901cf194aab3828	name=whiskerLength$field
member	com.badlogic.gdx.ai.steer.utils.rays.CentralRayWithWhiskersConfiguration#getWhiskerLength()	sge.ai.steer.utils.rays.CentralRayWithWhiskersConfiguration#whiskerLength()	Renamed	-	com/badlogic/gdx/ai/steer/utils/rays/CentralRayWithWhiskersConfiguration.java	84	e2293b27a6073284	
member	com.badlogic.gdx.ai.steer.utils.rays.CentralRayWithWhiskersConfiguration#setWhiskerLength(float)	sge.ai.steer.utils.rays.CentralRayWithWhiskersConfiguration#whiskerLength_=(float)	Renamed	-	com/badlogic/gdx/ai/steer/utils/rays/CentralRayWithWhiskersConfiguration.java	89	8070ab3a4a9fc763	
member	com.badlogic.gdx.ai.steer.utils.rays.ParallelSideRayConfiguration#<stmt1>	sge.ai.steer.utils.rays.ParallelSideRayConfiguration#<stmt1>	Renamed	-	com/badlogic/gdx/ai/steer/utils/rays/ParallelSideRayConfiguration.java	47	879884b4ee0c0cea	
member	com.badlogic.gdx.ai.steer.utils.rays.ParallelSideRayConfiguration#<stmt2>	sge.ai.steer.utils.rays.ParallelSideRayConfiguration#<stmt2>	Renamed	-	com/badlogic/gdx/ai/steer/utils/rays/ParallelSideRayConfiguration.java	48	88db1fdb27a67e6c	
member	com.badlogic.gdx.ai.steer.utils.rays.ParallelSideRayConfiguration#HALF_PI	sge.ai.steer.utils.rays.ParallelSideRayConfiguration#HALF_PI	Renamed	-	com/badlogic/gdx/ai/steer/utils/rays/ParallelSideRayConfiguration.java	35	0e00df79c22d6b62	placement=companion vis=private
member	com.badlogic.gdx.ai.steer.utils.rays.ParallelSideRayConfiguration#getLength	sge.ai.steer.utils.rays.ParallelSideRayConfiguration#length	Renamed	-	com/badlogic/gdx/ai/steer/utils/rays/ParallelSideRayConfiguration.java	37	6a07fba757856ee9	name=length$field
member	com.badlogic.gdx.ai.steer.utils.rays.ParallelSideRayConfiguration#getLength()	sge.ai.steer.utils.rays.ParallelSideRayConfiguration#length()	Renamed	-	com/badlogic/gdx/ai/steer/utils/rays/ParallelSideRayConfiguration.java	70	bac371dd7af17ac3	
member	com.badlogic.gdx.ai.steer.utils.rays.ParallelSideRayConfiguration#setLength(float)	sge.ai.steer.utils.rays.ParallelSideRayConfiguration#length_=(float)	Renamed	-	com/badlogic/gdx/ai/steer/utils/rays/ParallelSideRayConfiguration.java	75	6b5224d893a66b00	
member	com.badlogic.gdx.ai.steer.utils.rays.ParallelSideRayConfiguration#getSideOffset	sge.ai.steer.utils.rays.ParallelSideRayConfiguration#sideOffset	Renamed	-	com/badlogic/gdx/ai/steer/utils/rays/ParallelSideRayConfiguration.java	38	c26e42a5cd598c4b	name=sideOffset$field
member	com.badlogic.gdx.ai.steer.utils.rays.ParallelSideRayConfiguration#getSideOffset()	sge.ai.steer.utils.rays.ParallelSideRayConfiguration#sideOffset()	Renamed	-	com/badlogic/gdx/ai/steer/utils/rays/ParallelSideRayConfiguration.java	80	84f303ed92e34e66	
member	com.badlogic.gdx.ai.steer.utils.rays.ParallelSideRayConfiguration#setSideOffset(float)	sge.ai.steer.utils.rays.ParallelSideRayConfiguration#sideOffset_=(float)	Renamed	-	com/badlogic/gdx/ai/steer/utils/rays/ParallelSideRayConfiguration.java	85	48e80ee43ce17e6b	
member	com.badlogic.gdx.ai.steer.utils.rays.ParallelSideRayConfiguration#updateRays()	sge.ai.steer.utils.rays.ParallelSideRayConfiguration#updateRays()	Renamed	-	com/badlogic/gdx/ai/steer/utils/rays/ParallelSideRayConfiguration.java	52	6f7884e73f61ac87	
member	com.badlogic.gdx.ai.steer.utils.rays.RayConfigurationBase#<stmt1>	sge.ai.steer.utils.rays.RayConfigurationBase#<stmt1>	Renamed	-	com/badlogic/gdx/ai/steer/utils/rays/RayConfigurationBase.java	39	d038446e0fb78aea	
member	com.badlogic.gdx.ai.steer.utils.rays.RayConfigurationBase#<stmt2>	sge.ai.steer.utils.rays.RayConfigurationBase#<stmt2>	Renamed	-	com/badlogic/gdx/ai/steer/utils/rays/RayConfigurationBase.java	40	95210e63d4e0837f	
member	com.badlogic.gdx.ai.steer.utils.rays.RayConfigurationBase#<stmt3>	sge.ai.steer.utils.rays.RayConfigurationBase#<stmt3>	Renamed	-	com/badlogic/gdx/ai/steer/utils/rays/RayConfigurationBase.java	41	f06b5e39a1552add	
member	com.badlogic.gdx.ai.steer.utils.rays.RayConfigurationBase#getOwner	sge.ai.steer.utils.rays.RayConfigurationBase#owner	Renamed	-	com/badlogic/gdx/ai/steer/utils/rays/RayConfigurationBase.java	31	db096dd173aba73a	name=owner$field
member	com.badlogic.gdx.ai.steer.utils.rays.RayConfigurationBase#getOwner()	sge.ai.steer.utils.rays.RayConfigurationBase#owner()	Renamed	-	com/badlogic/gdx/ai/steer/utils/rays/RayConfigurationBase.java	46	b460caf5d11ec1ef	
member	com.badlogic.gdx.ai.steer.utils.rays.RayConfigurationBase#setOwner(Steerable)	sge.ai.steer.utils.rays.RayConfigurationBase#owner_=(Steerable<T>)	Renamed	-	com/badlogic/gdx/ai/steer/utils/rays/RayConfigurationBase.java	51	9163e704acd14313	
member	com.badlogic.gdx.ai.steer.utils.rays.RayConfigurationBase#getRays	sge.ai.steer.utils.rays.RayConfigurationBase#rays	Renamed	-	com/badlogic/gdx/ai/steer/utils/rays/RayConfigurationBase.java	32	884625894948036e	name=rays$field
member	com.badlogic.gdx.ai.steer.utils.rays.RayConfigurationBase#getRays()	sge.ai.steer.utils.rays.RayConfigurationBase#rays()	Renamed	-	com/badlogic/gdx/ai/steer/utils/rays/RayConfigurationBase.java	56	c8081e004acacba1	
member	com.badlogic.gdx.ai.steer.utils.rays.RayConfigurationBase#setRays(Array)	sge.ai.steer.utils.rays.RayConfigurationBase#rays_=(Array<Ray<T>>)	Renamed	-	com/badlogic/gdx/ai/steer/utils/rays/RayConfigurationBase.java	61	22950f26d9bbac95	
member	com.badlogic.gdx.ai.steer.utils.rays.SingleRayConfiguration#<stmt1>	sge.ai.steer.utils.rays.SingleRayConfiguration#<stmt1>	Renamed	-	com/badlogic/gdx/ai/steer/utils/rays/SingleRayConfiguration.java	40	879884b4ee0c0cea	
member	com.badlogic.gdx.ai.steer.utils.rays.SingleRayConfiguration#getLength	sge.ai.steer.utils.rays.SingleRayConfiguration#length	Renamed	-	com/badlogic/gdx/ai/steer/utils/rays/SingleRayConfiguration.java	33	65f063a39c3ca900	name=length$field
member	com.badlogic.gdx.ai.steer.utils.rays.SingleRayConfiguration#getLength()	sge.ai.steer.utils.rays.SingleRayConfiguration#length()	Renamed	-	com/badlogic/gdx/ai/steer/utils/rays/SingleRayConfiguration.java	51	6ba4e74472333720	
member	com.badlogic.gdx.ai.steer.utils.rays.SingleRayConfiguration#setLength(float)	sge.ai.steer.utils.rays.SingleRayConfiguration#length_=(float)	Renamed	-	com/badlogic/gdx/ai/steer/utils/rays/SingleRayConfiguration.java	56	09e18ffb7137237b	
member	com.badlogic.gdx.ai.steer.utils.rays.SingleRayConfiguration#updateRays()	sge.ai.steer.utils.rays.SingleRayConfiguration#updateRays()	Renamed	-	com/badlogic/gdx/ai/steer/utils/rays/SingleRayConfiguration.java	44	130a948dff243aed	
member	com.badlogic.gdx.ai.utils.ArithmeticUtils#gcdPositive(Array)	sge.ai.utils.ArithmeticUtils#gcdPositive(Array<int>)	Renamed	-	com/badlogic/gdx/ai/utils/ArithmeticUtils.java	117	426cf571cd953566	placement=companion
member	com.badlogic.gdx.ai.utils.ArithmeticUtils#gcdPositive(int,int)	sge.ai.utils.ArithmeticUtils#gcdPositive(int,int)	Renamed	-	com/badlogic/gdx/ai/utils/ArithmeticUtils.java	57	2c994a70ed260f8e	placement=companion
member	com.badlogic.gdx.ai.utils.ArithmeticUtils#lcmPositive(Array)	sge.ai.utils.ArithmeticUtils#lcmPositive(Array<int>)	Renamed	-	com/badlogic/gdx/ai/utils/ArithmeticUtils.java	133	64c59054591366de	placement=companion
member	com.badlogic.gdx.ai.utils.ArithmeticUtils#lcmPositive(int,int)	sge.ai.utils.ArithmeticUtils#lcmPositive(int,int)	Renamed	-	com/badlogic/gdx/ai/utils/ArithmeticUtils.java	102	ab18f3fde09858eb	placement=companion
member	com.badlogic.gdx.ai.utils.ArithmeticUtils#mulAndCheck(int,int)	sge.ai.utils.ArithmeticUtils#mulAndCheck(int,int)	Renamed	-	com/badlogic/gdx/ai/utils/ArithmeticUtils.java	149	757949e70f02ecaa	placement=companion
member	com.badlogic.gdx.ai.utils.ArithmeticUtils#wrapAngleAroundZero(float)	sge.ai.utils.ArithmeticUtils#wrapAngleAroundZero(float)	Renamed	-	com/badlogic/gdx/ai/utils/ArithmeticUtils.java	32	f1aa4501992fc5af	placement=companion
member	com.badlogic.gdx.ai.utils.CircularBuffer#<init>()	sge.ai.utils.CircularBuffer#<init>()	Renamed	-	com/badlogic/gdx/ai/utils/CircularBuffer.java	32	55b6a6c472b4cdfd	
member	com.badlogic.gdx.ai.utils.CircularBuffer#<init>(int)	sge.ai.utils.CircularBuffer#<init>(int)	Renamed	-	com/badlogic/gdx/ai/utils/CircularBuffer.java	38	5ec92483c6d27c3e	
member	com.badlogic.gdx.ai.utils.CircularBuffer#<stmt1>	sge.ai.utils.CircularBuffer#<stmt1>	Renamed	-	com/badlogic/gdx/ai/utils/CircularBuffer.java	47	a6b0bd27f3aed6ef	
member	com.badlogic.gdx.ai.utils.CircularBuffer#<stmt2>	sge.ai.utils.CircularBuffer#<stmt2>	Renamed	-	com/badlogic/gdx/ai/utils/CircularBuffer.java	48	f619f6757bdbaf8a	
member	com.badlogic.gdx.ai.utils.CircularBuffer#<stmt3>	sge.ai.utils.CircularBuffer#<stmt3>	Renamed	-	com/badlogic/gdx/ai/utils/CircularBuffer.java	49	ec0fff4e83ddb006	
member	com.badlogic.gdx.ai.utils.CircularBuffer#<stmt4>	sge.ai.utils.CircularBuffer#<stmt4>	Renamed	-	com/badlogic/gdx/ai/utils/CircularBuffer.java	50	5d66337942006f7f	
member	com.badlogic.gdx.ai.utils.CircularBuffer#<stmt5>	sge.ai.utils.CircularBuffer#<stmt5>	Renamed	-	com/badlogic/gdx/ai/utils/CircularBuffer.java	51	676c2abeaefbb29c	
member	com.badlogic.gdx.ai.utils.CircularBuffer#clear()	sge.ai.utils.CircularBuffer#clear()	Renamed	-	com/badlogic/gdx/ai/utils/CircularBuffer.java	85	7ee26d5d2a805ff9	
member	com.badlogic.gdx.ai.utils.CircularBuffer#isEmpty()	sge.ai.utils.CircularBuffer#empty()	Renamed	-	com/badlogic/gdx/ai/utils/CircularBuffer.java	104	68f4d7864b8ee816	
member	com.badlogic.gdx.ai.utils.CircularBuffer#ensureCapacity(int)	sge.ai.utils.CircularBuffer#ensureCapacity(int)	Renamed	-	com/badlogic/gdx/ai/utils/CircularBuffer.java	132	624270ebf5bc0067	
member	com.badlogic.gdx.ai.utils.CircularBuffer#isFull()	sge.ai.utils.CircularBuffer#full()	Renamed	-	com/badlogic/gdx/ai/utils/CircularBuffer.java	109	7020bce2d140c5dc	
member	com.badlogic.gdx.ai.utils.CircularBuffer#head	sge.ai.utils.CircularBuffer#head	Renamed	-	com/badlogic/gdx/ai/utils/CircularBuffer.java	27	d32c070acafe7c17	
member	com.badlogic.gdx.ai.utils.CircularBuffer#items	sge.ai.utils.CircularBuffer#items	Renamed	-	com/badlogic/gdx/ai/utils/CircularBuffer.java	25	e5216310ab498ff2	
member	com.badlogic.gdx.ai.utils.CircularBuffer#read()	sge.ai.utils.CircularBuffer#read()	Renamed	-	com/badlogic/gdx/ai/utils/CircularBuffer.java	72	1719adfc89107a64	
member	com.badlogic.gdx.ai.utils.CircularBuffer#isResizable	sge.ai.utils.CircularBuffer#resizable	Renamed	-	com/badlogic/gdx/ai/utils/CircularBuffer.java	26	679f9f4eb5a845b4	name=resizable$field
member	com.badlogic.gdx.ai.utils.CircularBuffer#isResizable()	sge.ai.utils.CircularBuffer#resizable()	Renamed	-	com/badlogic/gdx/ai/utils/CircularBuffer.java	119	1cc325413a055199	
member	com.badlogic.gdx.ai.utils.CircularBuffer#setResizable(boolean)	sge.ai.utils.CircularBuffer#resizable_=(boolean)	Renamed	-	com/badlogic/gdx/ai/utils/CircularBuffer.java	125	d47bf28ad98520bf	
member	com.badlogic.gdx.ai.utils.CircularBuffer#resize(int)	sge.ai.utils.CircularBuffer#resize(int)	Renamed	body	com/badlogic/gdx/ai/utils/CircularBuffer.java	139	38a2a8a906866b1f	
member	com.badlogic.gdx.ai.utils.CircularBuffer#size	sge.ai.utils.CircularBuffer#size	Renamed	-	com/badlogic/gdx/ai/utils/CircularBuffer.java	29	851dc275bf24d2db	name=size$field
member	com.badlogic.gdx.ai.utils.CircularBuffer#size()	sge.ai.utils.CircularBuffer#size	Renamed	-	com/badlogic/gdx/ai/utils/CircularBuffer.java	114	64d7c38caaf90fdf	form=parenless
member	com.badlogic.gdx.ai.utils.CircularBuffer#store(T)	sge.ai.utils.CircularBuffer#store(T)	Renamed	-	com/badlogic/gdx/ai/utils/CircularBuffer.java	57	e84a58fae7f1d253	
member	com.badlogic.gdx.ai.utils.CircularBuffer#tail	sge.ai.utils.CircularBuffer#tail	Renamed	-	com/badlogic/gdx/ai/utils/CircularBuffer.java	28	5f8385331ddcb72b	
member	com.badlogic.gdx.ai.utils.Collision#<stmt1>	sge.ai.utils.Collision#<stmt1>	Renamed	-	com/badlogic/gdx/ai/utils/Collision.java	38	06685e4fdcebf44a	
member	com.badlogic.gdx.ai.utils.Collision#<stmt2>	sge.ai.utils.Collision#<stmt2>	Renamed	-	com/badlogic/gdx/ai/utils/Collision.java	39	3cd1c0b11113b0e4	
member	com.badlogic.gdx.ai.utils.Collision#normal	sge.ai.utils.Collision#normal	Renamed	-	com/badlogic/gdx/ai/utils/Collision.java	32	06cf8671c717820a	
member	com.badlogic.gdx.ai.utils.Collision#point	sge.ai.utils.Collision#point	Renamed	-	com/badlogic/gdx/ai/utils/Collision.java	29	5b8f08ae801230f9	
member	com.badlogic.gdx.ai.utils.Collision#set(Collision)	sge.ai.utils.Collision#set(Collision<T>)	Renamed	-	com/badlogic/gdx/ai/utils/Collision.java	45	60eddce6debc980e	
member	com.badlogic.gdx.ai.utils.Collision#set(T,T)	sge.ai.utils.Collision#set(T,T)	Renamed	-	com/badlogic/gdx/ai/utils/Collision.java	55	62986101a7283f13	
member	com.badlogic.gdx.ai.utils.Location#angleToVector(T,float)	sge.ai.utils.Location#angleToVector(T,float)	Renamed	-	com/badlogic/gdx/ai/utils/Location.java	47	ae71c7c1bba29add	
member	com.badlogic.gdx.ai.utils.Location#newLocation()	sge.ai.utils.Location#newLocation()	Renamed	-	com/badlogic/gdx/ai/utils/Location.java	54	23e5574166ab76ba	
member	com.badlogic.gdx.ai.utils.Location#getOrientation()	sge.ai.utils.Location#orientation()	Renamed	-	com/badlogic/gdx/ai/utils/Location.java	33	16a6474e2cf9ae3d	
member	com.badlogic.gdx.ai.utils.Location#setOrientation(float)	sge.ai.utils.Location#orientation_=(float)	Renamed	-	com/badlogic/gdx/ai/utils/Location.java	37	aca903dd893ff1fe	
member	com.badlogic.gdx.ai.utils.Location#getPosition()	sge.ai.utils.Location#position()	Renamed	-	com/badlogic/gdx/ai/utils/Location.java	29	429c662ba9a2d3aa	
member	com.badlogic.gdx.ai.utils.Location#vectorToAngle(T)	sge.ai.utils.Location#vectorToAngle(T)	Renamed	-	com/badlogic/gdx/ai/utils/Location.java	41	b0cd40ba51d4b9ae	
member	com.badlogic.gdx.ai.utils.NonBlockingSemaphore#acquire()	sge.ai.utils.NonBlockingSemaphore#acquire()	Renamed	-	com/badlogic/gdx/ai/utils/NonBlockingSemaphore.java	29	b8ef9f08eb9f014c	
member	com.badlogic.gdx.ai.utils.NonBlockingSemaphore#acquire(int)	sge.ai.utils.NonBlockingSemaphore#acquire(int)	Renamed	-	com/badlogic/gdx/ai/utils/NonBlockingSemaphore.java	33	bddb1b4f0d46c60f	
member	com.badlogic.gdx.ai.utils.NonBlockingSemaphore#release()	sge.ai.utils.NonBlockingSemaphore#release()	Renamed	-	com/badlogic/gdx/ai/utils/NonBlockingSemaphore.java	39	74245271e1925eee	
member	com.badlogic.gdx.ai.utils.NonBlockingSemaphore#release(int)	sge.ai.utils.NonBlockingSemaphore#release(int)	Renamed	-	com/badlogic/gdx/ai/utils/NonBlockingSemaphore.java	43	81a4faeffc3f5de6	
member	com.badlogic.gdx.ai.utils.NonBlockingSemaphore$Factory#createSemaphore(String,int)	sge.ai.utils.NonBlockingSemaphore$Factory#createSemaphore(String,int)	Renamed	-	com/badlogic/gdx/ai/utils/NonBlockingSemaphore.java	54	6a5947fb23a0e93f	
member	com.badlogic.gdx.ai.utils.NonBlockingSemaphoreRepository#FACTORY	sge.ai.utils.NonBlockingSemaphoreRepository#FACTORY	Renamed	-	com/badlogic/gdx/ai/utils/NonBlockingSemaphoreRepository.java	27	634ab84a0e43c2dc	placement=companion vis=private
member	com.badlogic.gdx.ai.utils.NonBlockingSemaphoreRepository#REPO	sge.ai.utils.NonBlockingSemaphoreRepository#REPO	Renamed	-	com/badlogic/gdx/ai/utils/NonBlockingSemaphoreRepository.java	25	ffe3bfa3ecc30894	placement=companion vis=private
member	com.badlogic.gdx.ai.utils.NonBlockingSemaphoreRepository#addSemaphore(String,int)	sge.ai.utils.NonBlockingSemaphoreRepository#addSemaphore(String,int)	Renamed	-	com/badlogic/gdx/ai/utils/NonBlockingSemaphoreRepository.java	33	a38597351467e522	placement=companion
member	com.badlogic.gdx.ai.utils.NonBlockingSemaphoreRepository#clear()	sge.ai.utils.NonBlockingSemaphoreRepository#clear()	Renamed	-	com/badlogic/gdx/ai/utils/NonBlockingSemaphoreRepository.java	47	d4daa6caef9504a4	placement=companion
member	com.badlogic.gdx.ai.utils.NonBlockingSemaphoreRepository#getSemaphore(String)	sge.ai.utils.NonBlockingSemaphoreRepository#getSemaphore(String)	Renamed	-	com/badlogic/gdx/ai/utils/NonBlockingSemaphoreRepository.java	39	62e2c092ec585fd8	placement=companion
member	com.badlogic.gdx.ai.utils.NonBlockingSemaphoreRepository#removeSemaphore(String)	sge.ai.utils.NonBlockingSemaphoreRepository#removeSemaphore(String)	Renamed	-	com/badlogic/gdx/ai/utils/NonBlockingSemaphoreRepository.java	43	2802be8acffc7273	placement=companion
member	com.badlogic.gdx.ai.utils.NonBlockingSemaphoreRepository#setFactory(Factory)	sge.ai.utils.NonBlockingSemaphoreRepository#setFactory(Factory)	Renamed	-	com/badlogic/gdx/ai/utils/NonBlockingSemaphoreRepository.java	29	1f913c145498f738	placement=companion
member	com.badlogic.gdx.ai.utils.Ray#<stmt1>	sge.ai.utils.Ray#<stmt1>	Renamed	-	com/badlogic/gdx/ai/utils/Ray.java	38	b8451b3a133fcaa8	
member	com.badlogic.gdx.ai.utils.Ray#<stmt2>	sge.ai.utils.Ray#<stmt2>	Renamed	-	com/badlogic/gdx/ai/utils/Ray.java	39	e5faf041abd4eaee	
member	com.badlogic.gdx.ai.utils.Ray#end	sge.ai.utils.Ray#end	Renamed	-	com/badlogic/gdx/ai/utils/Ray.java	32	7b3ca30ff6fc7fc2	
member	com.badlogic.gdx.ai.utils.Ray#set(Ray)	sge.ai.utils.Ray#set(Ray<T>)	Renamed	-	com/badlogic/gdx/ai/utils/Ray.java	45	b63434e57bfb56e8	
member	com.badlogic.gdx.ai.utils.Ray#set(T,T)	sge.ai.utils.Ray#set(T,T)	Renamed	-	com/badlogic/gdx/ai/utils/Ray.java	55	0804b1a70f9f1f26	
member	com.badlogic.gdx.ai.utils.Ray#start	sge.ai.utils.Ray#start	Renamed	-	com/badlogic/gdx/ai/utils/Ray.java	29	30e77438c769eddb	
member	com.badlogic.gdx.ai.utils.RaycastCollisionDetector#collides(Ray)	sge.ai.utils.RaycastCollisionDetector#collides(Ray<T>)	Renamed	-	com/badlogic/gdx/ai/utils/RaycastCollisionDetector.java	31	7d32863724bf8a62	
member	com.badlogic.gdx.ai.utils.RaycastCollisionDetector#findCollision(Collision,Ray)	sge.ai.utils.RaycastCollisionDetector#findCollision(Collision<T>,Ray<T>)	Renamed	-	com/badlogic/gdx/ai/utils/RaycastCollisionDetector.java	38	f2375a0054a119e0	
member	com.badlogic.gdx.ai.utils.SimpleNonBlockingSemaphore#<stmt1>	sge.ai.utils.SimpleNonBlockingSemaphore#<stmt1>	Renamed	-	com/badlogic/gdx/ai/utils/SimpleNonBlockingSemaphore.java	32	a9dd9a65c276c9de	
member	com.badlogic.gdx.ai.utils.SimpleNonBlockingSemaphore#<stmt2>	sge.ai.utils.SimpleNonBlockingSemaphore#<stmt2>	Renamed	-	com/badlogic/gdx/ai/utils/SimpleNonBlockingSemaphore.java	33	2a78fb7531967769	
member	com.badlogic.gdx.ai.utils.SimpleNonBlockingSemaphore#<stmt3>	sge.ai.utils.SimpleNonBlockingSemaphore#<stmt3>	Renamed	-	com/badlogic/gdx/ai/utils/SimpleNonBlockingSemaphore.java	34	798aa65f19958e46	
member	com.badlogic.gdx.ai.utils.SimpleNonBlockingSemaphore#acquire()	sge.ai.utils.SimpleNonBlockingSemaphore#acquire()	Renamed	-	com/badlogic/gdx/ai/utils/SimpleNonBlockingSemaphore.java	38	f9ee60b45d014ea1	
member	com.badlogic.gdx.ai.utils.SimpleNonBlockingSemaphore#acquire(int)	sge.ai.utils.SimpleNonBlockingSemaphore#acquire(int)	Renamed	-	com/badlogic/gdx/ai/utils/SimpleNonBlockingSemaphore.java	43	14f7e83ad0cf3bda	
member	com.badlogic.gdx.ai.utils.SimpleNonBlockingSemaphore#acquiredResources	sge.ai.utils.SimpleNonBlockingSemaphore#acquiredResources	Renamed	-	com/badlogic/gdx/ai/utils/SimpleNonBlockingSemaphore.java	26	084895a23adfeaae	
member	com.badlogic.gdx.ai.utils.SimpleNonBlockingSemaphore#maxResources	sge.ai.utils.SimpleNonBlockingSemaphore#maxResources	Renamed	-	com/badlogic/gdx/ai/utils/SimpleNonBlockingSemaphore.java	25	279382834488b8b8	
member	com.badlogic.gdx.ai.utils.SimpleNonBlockingSemaphore#name	sge.ai.utils.SimpleNonBlockingSemaphore#name	Renamed	-	com/badlogic/gdx/ai/utils/SimpleNonBlockingSemaphore.java	24	a3eb296bfaf934be	
member	com.badlogic.gdx.ai.utils.SimpleNonBlockingSemaphore#release()	sge.ai.utils.SimpleNonBlockingSemaphore#release()	Renamed	-	com/badlogic/gdx/ai/utils/SimpleNonBlockingSemaphore.java	54	7f5ca80e585ca65d	
member	com.badlogic.gdx.ai.utils.SimpleNonBlockingSemaphore#release(int)	sge.ai.utils.SimpleNonBlockingSemaphore#release(int)	Renamed	-	com/badlogic/gdx/ai/utils/SimpleNonBlockingSemaphore.java	59	21ed66f3e66ebfb4	
member	com.badlogic.gdx.ai.utils.SimpleNonBlockingSemaphore$Factory#createSemaphore(String,int)	sge.ai.utils.SimpleNonBlockingSemaphore$Factory#createSemaphore(String,int)	Renamed	-	com/badlogic/gdx/ai/utils/SimpleNonBlockingSemaphore.java	78	5e855fd549887e20	
member	com.badlogic.gdx.ai.utils.random.ConstantDoubleDistribution#<stmt1>	sge.ai.utils.random.ConstantDoubleDistribution#<stmt1>	Renamed	-	com/badlogic/gdx/ai/utils/random/ConstantDoubleDistribution.java	29	a5a8cb995ab48812	
member	com.badlogic.gdx.ai.utils.random.ConstantDoubleDistribution#NEGATIVE_ONE	sge.ai.utils.random.ConstantDoubleDistribution#NEGATIVE_ONE	Renamed	-	com/badlogic/gdx/ai/utils/random/ConstantDoubleDistribution.java	22	1ae54d97bbb03a56	placement=companion
member	com.badlogic.gdx.ai.utils.random.ConstantDoubleDistribution#ONE	sge.ai.utils.random.ConstantDoubleDistribution#ONE	Renamed	-	com/badlogic/gdx/ai/utils/random/ConstantDoubleDistribution.java	24	d04d19432254d2b0	placement=companion
member	com.badlogic.gdx.ai.utils.random.ConstantDoubleDistribution#ZERO	sge.ai.utils.random.ConstantDoubleDistribution#ZERO	Renamed	-	com/badlogic/gdx/ai/utils/random/ConstantDoubleDistribution.java	23	b5538b2c4f83a905	placement=companion
member	com.badlogic.gdx.ai.utils.random.ConstantDoubleDistribution#nextDouble()	sge.ai.utils.random.ConstantDoubleDistribution#nextDouble()	Renamed	-	com/badlogic/gdx/ai/utils/random/ConstantDoubleDistribution.java	33	609bac59d98024b0	
member	com.badlogic.gdx.ai.utils.random.ConstantDoubleDistribution#getValue	sge.ai.utils.random.ConstantDoubleDistribution#value	Renamed	-	com/badlogic/gdx/ai/utils/random/ConstantDoubleDistribution.java	26	b9eaafdf2f5a0b0f	name=value$field
member	com.badlogic.gdx.ai.utils.random.ConstantDoubleDistribution#getValue()	sge.ai.utils.random.ConstantDoubleDistribution#value()	Renamed	-	com/badlogic/gdx/ai/utils/random/ConstantDoubleDistribution.java	37	f080ebe0c08b521f	
member	com.badlogic.gdx.ai.utils.random.ConstantFloatDistribution#<stmt1>	sge.ai.utils.random.ConstantFloatDistribution#<stmt1>	Renamed	-	com/badlogic/gdx/ai/utils/random/ConstantFloatDistribution.java	30	a5a8cb995ab48812	
member	com.badlogic.gdx.ai.utils.random.ConstantFloatDistribution#NEGATIVE_ONE	sge.ai.utils.random.ConstantFloatDistribution#NEGATIVE_ONE	Renamed	-	com/badlogic/gdx/ai/utils/random/ConstantFloatDistribution.java	22	8608d0c1fc67b7f6	placement=companion
member	com.badlogic.gdx.ai.utils.random.ConstantFloatDistribution#ONE	sge.ai.utils.random.ConstantFloatDistribution#ONE	Renamed	-	com/badlogic/gdx/ai/utils/random/ConstantFloatDistribution.java	24	19d6537289d40581	placement=companion
member	com.badlogic.gdx.ai.utils.random.ConstantFloatDistribution#ZERO	sge.ai.utils.random.ConstantFloatDistribution#ZERO	Renamed	-	com/badlogic/gdx/ai/utils/random/ConstantFloatDistribution.java	23	570c09a934b4511f	placement=companion
member	com.badlogic.gdx.ai.utils.random.ConstantFloatDistribution#ZERO_POINT_FIVE	sge.ai.utils.random.ConstantFloatDistribution#ZERO_POINT_FIVE	Renamed	-	com/badlogic/gdx/ai/utils/random/ConstantFloatDistribution.java	25	6abb11bb67cd7636	placement=companion
member	com.badlogic.gdx.ai.utils.random.ConstantFloatDistribution#nextFloat()	sge.ai.utils.random.ConstantFloatDistribution#nextFloat()	Renamed	-	com/badlogic/gdx/ai/utils/random/ConstantFloatDistribution.java	34	a78278aeb37e1adc	
member	com.badlogic.gdx.ai.utils.random.ConstantFloatDistribution#getValue	sge.ai.utils.random.ConstantFloatDistribution#value	Renamed	-	com/badlogic/gdx/ai/utils/random/ConstantFloatDistribution.java	27	0696335b6f57875b	name=value$field
member	com.badlogic.gdx.ai.utils.random.ConstantFloatDistribution#getValue()	sge.ai.utils.random.ConstantFloatDistribution#value()	Renamed	-	com/badlogic/gdx/ai/utils/random/ConstantFloatDistribution.java	38	2b2af571cfdce6a0	
member	com.badlogic.gdx.ai.utils.random.ConstantIntegerDistribution#<stmt1>	sge.ai.utils.random.ConstantIntegerDistribution#<stmt1>	Renamed	-	com/badlogic/gdx/ai/utils/random/ConstantIntegerDistribution.java	29	a5a8cb995ab48812	
member	com.badlogic.gdx.ai.utils.random.ConstantIntegerDistribution#NEGATIVE_ONE	sge.ai.utils.random.ConstantIntegerDistribution#NEGATIVE_ONE	Renamed	-	com/badlogic/gdx/ai/utils/random/ConstantIntegerDistribution.java	22	4de95fbe9b2554e5	placement=companion
member	com.badlogic.gdx.ai.utils.random.ConstantIntegerDistribution#ONE	sge.ai.utils.random.ConstantIntegerDistribution#ONE	Renamed	-	com/badlogic/gdx/ai/utils/random/ConstantIntegerDistribution.java	24	0570102136ff620c	placement=companion
member	com.badlogic.gdx.ai.utils.random.ConstantIntegerDistribution#ZERO	sge.ai.utils.random.ConstantIntegerDistribution#ZERO	Renamed	-	com/badlogic/gdx/ai/utils/random/ConstantIntegerDistribution.java	23	deb5c87b67f7aa34	placement=companion
member	com.badlogic.gdx.ai.utils.random.ConstantIntegerDistribution#nextInt()	sge.ai.utils.random.ConstantIntegerDistribution#nextInt()	Renamed	-	com/badlogic/gdx/ai/utils/random/ConstantIntegerDistribution.java	33	b857c9e969d33018	
member	com.badlogic.gdx.ai.utils.random.ConstantIntegerDistribution#getValue	sge.ai.utils.random.ConstantIntegerDistribution#value	Renamed	-	com/badlogic/gdx/ai/utils/random/ConstantIntegerDistribution.java	26	aaa8fbf2e367c470	name=value$field
member	com.badlogic.gdx.ai.utils.random.ConstantIntegerDistribution#getValue()	sge.ai.utils.random.ConstantIntegerDistribution#value()	Renamed	-	com/badlogic/gdx/ai/utils/random/ConstantIntegerDistribution.java	37	23ad07c64292be4d	
member	com.badlogic.gdx.ai.utils.random.ConstantLongDistribution#<stmt1>	sge.ai.utils.random.ConstantLongDistribution#<stmt1>	Renamed	-	com/badlogic/gdx/ai/utils/random/ConstantLongDistribution.java	29	a5a8cb995ab48812	
member	com.badlogic.gdx.ai.utils.random.ConstantLongDistribution#NEGATIVE_ONE	sge.ai.utils.random.ConstantLongDistribution#NEGATIVE_ONE	Renamed	-	com/badlogic/gdx/ai/utils/random/ConstantLongDistribution.java	22	256818f5da14f5f8	placement=companion
member	com.badlogic.gdx.ai.utils.random.ConstantLongDistribution#ONE	sge.ai.utils.random.ConstantLongDistribution#ONE	Renamed	-	com/badlogic/gdx/ai/utils/random/ConstantLongDistribution.java	24	40f9e4fa97c5d3b4	placement=companion
member	com.badlogic.gdx.ai.utils.random.ConstantLongDistribution#ZERO	sge.ai.utils.random.ConstantLongDistribution#ZERO	Renamed	-	com/badlogic/gdx/ai/utils/random/ConstantLongDistribution.java	23	8033edcb8e009e79	placement=companion
member	com.badlogic.gdx.ai.utils.random.ConstantLongDistribution#nextLong()	sge.ai.utils.random.ConstantLongDistribution#nextLong()	Renamed	-	com/badlogic/gdx/ai/utils/random/ConstantLongDistribution.java	33	97cea2c6cd38c63c	
member	com.badlogic.gdx.ai.utils.random.ConstantLongDistribution#getValue	sge.ai.utils.random.ConstantLongDistribution#value	Renamed	-	com/badlogic/gdx/ai/utils/random/ConstantLongDistribution.java	26	26d8ff95081b2b50	name=value$field
member	com.badlogic.gdx.ai.utils.random.ConstantLongDistribution#getValue()	sge.ai.utils.random.ConstantLongDistribution#value()	Renamed	-	com/badlogic/gdx/ai/utils/random/ConstantLongDistribution.java	37	0c5f4d02a9b16284	
member	com.badlogic.gdx.ai.utils.random.Distribution#nextDouble()	sge.ai.utils.random.Distribution#nextDouble()	Renamed	-	com/badlogic/gdx/ai/utils/random/Distribution.java	28	914bd40b2abc2f36	
member	com.badlogic.gdx.ai.utils.random.Distribution#nextFloat()	sge.ai.utils.random.Distribution#nextFloat()	Renamed	-	com/badlogic/gdx/ai/utils/random/Distribution.java	26	40c1aa87cb676213	
member	com.badlogic.gdx.ai.utils.random.Distribution#nextInt()	sge.ai.utils.random.Distribution#nextInt()	Renamed	-	com/badlogic/gdx/ai/utils/random/Distribution.java	22	972629ca685379c5	
member	com.badlogic.gdx.ai.utils.random.Distribution#nextLong()	sge.ai.utils.random.Distribution#nextLong()	Renamed	-	com/badlogic/gdx/ai/utils/random/Distribution.java	24	a59779dda72c3ddb	
member	com.badlogic.gdx.ai.utils.random.DoubleDistribution#nextFloat()	sge.ai.utils.random.DoubleDistribution#nextFloat()	Renamed	-	com/badlogic/gdx/ai/utils/random/DoubleDistribution.java	33	a6224a5177ab1b0a	
member	com.badlogic.gdx.ai.utils.random.DoubleDistribution#nextInt()	sge.ai.utils.random.DoubleDistribution#nextInt()	Renamed	-	com/badlogic/gdx/ai/utils/random/DoubleDistribution.java	23	fc9595c5f0a21098	
member	com.badlogic.gdx.ai.utils.random.DoubleDistribution#nextLong()	sge.ai.utils.random.DoubleDistribution#nextLong()	Renamed	-	com/badlogic/gdx/ai/utils/random/DoubleDistribution.java	28	3dcc8492d78cb5e0	
member	com.badlogic.gdx.ai.utils.random.FloatDistribution#nextDouble()	sge.ai.utils.random.FloatDistribution#nextDouble()	Renamed	-	com/badlogic/gdx/ai/utils/random/FloatDistribution.java	33	caf2871b34318efb	
member	com.badlogic.gdx.ai.utils.random.FloatDistribution#nextInt()	sge.ai.utils.random.FloatDistribution#nextInt()	Renamed	-	com/badlogic/gdx/ai/utils/random/FloatDistribution.java	23	58365a4d20a23d1e	
member	com.badlogic.gdx.ai.utils.random.FloatDistribution#nextLong()	sge.ai.utils.random.FloatDistribution#nextLong()	Renamed	-	com/badlogic/gdx/ai/utils/random/FloatDistribution.java	28	5d07bfc65f13ca86	
member	com.badlogic.gdx.ai.utils.random.GaussianDoubleDistribution#<stmt1>	sge.ai.utils.random.GaussianDoubleDistribution#<stmt1>	Renamed	-	com/badlogic/gdx/ai/utils/random/GaussianDoubleDistribution.java	30	a06298ce9e34bb80	
member	com.badlogic.gdx.ai.utils.random.GaussianDoubleDistribution#<stmt2>	sge.ai.utils.random.GaussianDoubleDistribution#<stmt2>	Renamed	-	com/badlogic/gdx/ai/utils/random/GaussianDoubleDistribution.java	31	0f5c4a2459d06af7	
member	com.badlogic.gdx.ai.utils.random.GaussianDoubleDistribution#STANDARD_NORMAL	sge.ai.utils.random.GaussianDoubleDistribution#STANDARD_NORMAL	Renamed	-	com/badlogic/gdx/ai/utils/random/GaussianDoubleDistribution.java	24	0d027ca5aaffeff7	placement=companion
member	com.badlogic.gdx.ai.utils.random.GaussianDoubleDistribution#getMean	sge.ai.utils.random.GaussianDoubleDistribution#mean	Renamed	-	com/badlogic/gdx/ai/utils/random/GaussianDoubleDistribution.java	26	a816cbf67e381698	name=mean$field
member	com.badlogic.gdx.ai.utils.random.GaussianDoubleDistribution#getMean()	sge.ai.utils.random.GaussianDoubleDistribution#mean()	Renamed	-	com/badlogic/gdx/ai/utils/random/GaussianDoubleDistribution.java	39	55384fedfd2f6d2f	
member	com.badlogic.gdx.ai.utils.random.GaussianDoubleDistribution#nextDouble()	sge.ai.utils.random.GaussianDoubleDistribution#nextDouble()	Renamed	-	com/badlogic/gdx/ai/utils/random/GaussianDoubleDistribution.java	35	fe6f36fc4fce2d2d	
member	com.badlogic.gdx.ai.utils.random.GaussianDoubleDistribution#getStandardDeviation	sge.ai.utils.random.GaussianDoubleDistribution#standardDeviation	Renamed	-	com/badlogic/gdx/ai/utils/random/GaussianDoubleDistribution.java	27	e6abc3b1de9dd260	name=standardDeviation$field
member	com.badlogic.gdx.ai.utils.random.GaussianDoubleDistribution#getStandardDeviation()	sge.ai.utils.random.GaussianDoubleDistribution#standardDeviation()	Renamed	-	com/badlogic/gdx/ai/utils/random/GaussianDoubleDistribution.java	43	913304aa297e5d7e	
member	com.badlogic.gdx.ai.utils.random.GaussianFloatDistribution#<stmt1>	sge.ai.utils.random.GaussianFloatDistribution#<stmt1>	Renamed	-	com/badlogic/gdx/ai/utils/random/GaussianFloatDistribution.java	30	a06298ce9e34bb80	
member	com.badlogic.gdx.ai.utils.random.GaussianFloatDistribution#<stmt2>	sge.ai.utils.random.GaussianFloatDistribution#<stmt2>	Renamed	-	com/badlogic/gdx/ai/utils/random/GaussianFloatDistribution.java	31	0f5c4a2459d06af7	
member	com.badlogic.gdx.ai.utils.random.GaussianFloatDistribution#STANDARD_NORMAL	sge.ai.utils.random.GaussianFloatDistribution#STANDARD_NORMAL	Renamed	-	com/badlogic/gdx/ai/utils/random/GaussianFloatDistribution.java	24	5d50bd6df6fb823d	placement=companion
member	com.badlogic.gdx.ai.utils.random.GaussianFloatDistribution#getMean	sge.ai.utils.random.GaussianFloatDistribution#mean	Renamed	-	com/badlogic/gdx/ai/utils/random/GaussianFloatDistribution.java	26	7cff931dcdf214f0	name=mean$field
member	com.badlogic.gdx.ai.utils.random.GaussianFloatDistribution#getMean()	sge.ai.utils.random.GaussianFloatDistribution#mean()	Renamed	-	com/badlogic/gdx/ai/utils/random/GaussianFloatDistribution.java	39	e66eeb15a67323e8	
member	com.badlogic.gdx.ai.utils.random.GaussianFloatDistribution#nextFloat()	sge.ai.utils.random.GaussianFloatDistribution#nextFloat()	Renamed	-	com/badlogic/gdx/ai/utils/random/GaussianFloatDistribution.java	35	f184d273d52d5ce6	
member	com.badlogic.gdx.ai.utils.random.GaussianFloatDistribution#getStandardDeviation	sge.ai.utils.random.GaussianFloatDistribution#standardDeviation	Renamed	-	com/badlogic/gdx/ai/utils/random/GaussianFloatDistribution.java	27	7184e4b1cd638994	name=standardDeviation$field
member	com.badlogic.gdx.ai.utils.random.GaussianFloatDistribution#getStandardDeviation()	sge.ai.utils.random.GaussianFloatDistribution#standardDeviation()	Renamed	-	com/badlogic/gdx/ai/utils/random/GaussianFloatDistribution.java	43	9afbdb0e513e1123	
member	com.badlogic.gdx.ai.utils.random.IntegerDistribution#nextDouble()	sge.ai.utils.random.IntegerDistribution#nextDouble()	Renamed	-	com/badlogic/gdx/ai/utils/random/IntegerDistribution.java	33	daa60a4135b39c8f	
member	com.badlogic.gdx.ai.utils.random.IntegerDistribution#nextFloat()	sge.ai.utils.random.IntegerDistribution#nextFloat()	Renamed	-	com/badlogic/gdx/ai/utils/random/IntegerDistribution.java	28	3c702ddb7abd86ca	
member	com.badlogic.gdx.ai.utils.random.IntegerDistribution#nextLong()	sge.ai.utils.random.IntegerDistribution#nextLong()	Renamed	-	com/badlogic/gdx/ai/utils/random/IntegerDistribution.java	23	57558598a3d1871e	
member	com.badlogic.gdx.ai.utils.random.LongDistribution#nextDouble()	sge.ai.utils.random.LongDistribution#nextDouble()	Renamed	-	com/badlogic/gdx/ai/utils/random/LongDistribution.java	33	547b23de4f52e6ef	
member	com.badlogic.gdx.ai.utils.random.LongDistribution#nextFloat()	sge.ai.utils.random.LongDistribution#nextFloat()	Renamed	-	com/badlogic/gdx/ai/utils/random/LongDistribution.java	28	1a211e2f8fc1cfca	
member	com.badlogic.gdx.ai.utils.random.LongDistribution#nextInt()	sge.ai.utils.random.LongDistribution#nextInt()	Renamed	-	com/badlogic/gdx/ai/utils/random/LongDistribution.java	23	fcac742645f8b5b0	
member	com.badlogic.gdx.ai.utils.random.TriangularDoubleDistribution#<init>(double)	sge.ai.utils.random.TriangularDoubleDistribution#<init>(double)	Renamed	-	com/badlogic/gdx/ai/utils/random/TriangularDoubleDistribution.java	28	0a6c02e93bfeab04	
member	com.badlogic.gdx.ai.utils.random.TriangularDoubleDistribution#<init>(double,double)	sge.ai.utils.random.TriangularDoubleDistribution#<init>(double,double)	Renamed	-	com/badlogic/gdx/ai/utils/random/TriangularDoubleDistribution.java	32	29bc11631063deff	
member	com.badlogic.gdx.ai.utils.random.TriangularDoubleDistribution#<stmt1>	sge.ai.utils.random.TriangularDoubleDistribution#<stmt1>	Renamed	-	com/badlogic/gdx/ai/utils/random/TriangularDoubleDistribution.java	37	62db4d3d72e4bb1c	
member	com.badlogic.gdx.ai.utils.random.TriangularDoubleDistribution#<stmt2>	sge.ai.utils.random.TriangularDoubleDistribution#<stmt2>	Renamed	-	com/badlogic/gdx/ai/utils/random/TriangularDoubleDistribution.java	38	6c876c4ba589f4d9	
member	com.badlogic.gdx.ai.utils.random.TriangularDoubleDistribution#<stmt3>	sge.ai.utils.random.TriangularDoubleDistribution#<stmt3>	Renamed	-	com/badlogic/gdx/ai/utils/random/TriangularDoubleDistribution.java	39	0e746f831a1cfb3f	
member	com.badlogic.gdx.ai.utils.random.TriangularDoubleDistribution#getHigh	sge.ai.utils.random.TriangularDoubleDistribution#high	Renamed	-	com/badlogic/gdx/ai/utils/random/TriangularDoubleDistribution.java	25	5e831b0ebc088d66	name=high$field
member	com.badlogic.gdx.ai.utils.random.TriangularDoubleDistribution#getHigh()	sge.ai.utils.random.TriangularDoubleDistribution#high()	Renamed	-	com/badlogic/gdx/ai/utils/random/TriangularDoubleDistribution.java	52	c5683a261b25a42f	
member	com.badlogic.gdx.ai.utils.random.TriangularDoubleDistribution#getLow	sge.ai.utils.random.TriangularDoubleDistribution#low	Renamed	-	com/badlogic/gdx/ai/utils/random/TriangularDoubleDistribution.java	24	adc052550d7ebee5	name=low$field
member	com.badlogic.gdx.ai.utils.random.TriangularDoubleDistribution#getLow()	sge.ai.utils.random.TriangularDoubleDistribution#low()	Renamed	-	com/badlogic/gdx/ai/utils/random/TriangularDoubleDistribution.java	48	c0b40d7b199e7565	
member	com.badlogic.gdx.ai.utils.random.TriangularDoubleDistribution#getMode	sge.ai.utils.random.TriangularDoubleDistribution#mode	Renamed	-	com/badlogic/gdx/ai/utils/random/TriangularDoubleDistribution.java	26	6d3d8f7c0eb796f4	name=mode$field
member	com.badlogic.gdx.ai.utils.random.TriangularDoubleDistribution#getMode()	sge.ai.utils.random.TriangularDoubleDistribution#mode()	Renamed	-	com/badlogic/gdx/ai/utils/random/TriangularDoubleDistribution.java	56	90cce22f07925605	
member	com.badlogic.gdx.ai.utils.random.TriangularDoubleDistribution#nextDouble()	sge.ai.utils.random.TriangularDoubleDistribution#nextDouble()	Renamed	-	com/badlogic/gdx/ai/utils/random/TriangularDoubleDistribution.java	43	0489d1d9dbe0621e	
member	com.badlogic.gdx.ai.utils.random.TriangularDoubleDistribution#randomTriangular(double)	sge.ai.utils.random.TriangularDoubleDistribution#randomTriangular(double)	Renamed	-	com/badlogic/gdx/ai/utils/random/TriangularDoubleDistribution.java	65	ad1c61ed01031bbd	placement=companion
member	com.badlogic.gdx.ai.utils.random.TriangularDoubleDistribution#randomTriangular(double,double,double)	sge.ai.utils.random.TriangularDoubleDistribution#randomTriangular(double,double,double)	Renamed	-	com/badlogic/gdx/ai/utils/random/TriangularDoubleDistribution.java	74	10033b1a68ca5c44	placement=companion
member	com.badlogic.gdx.ai.utils.random.TriangularFloatDistribution#<init>(float)	sge.ai.utils.random.TriangularFloatDistribution#<init>(float)	Renamed	-	com/badlogic/gdx/ai/utils/random/TriangularFloatDistribution.java	28	74b8c24d428797e3	
member	com.badlogic.gdx.ai.utils.random.TriangularFloatDistribution#<init>(float,float)	sge.ai.utils.random.TriangularFloatDistribution#<init>(float,float)	Renamed	-	com/badlogic/gdx/ai/utils/random/TriangularFloatDistribution.java	32	791cfd870d4a7d8b	
member	com.badlogic.gdx.ai.utils.random.TriangularFloatDistribution#<stmt1>	sge.ai.utils.random.TriangularFloatDistribution#<stmt1>	Renamed	-	com/badlogic/gdx/ai/utils/random/TriangularFloatDistribution.java	37	62db4d3d72e4bb1c	
member	com.badlogic.gdx.ai.utils.random.TriangularFloatDistribution#<stmt2>	sge.ai.utils.random.TriangularFloatDistribution#<stmt2>	Renamed	-	com/badlogic/gdx/ai/utils/random/TriangularFloatDistribution.java	38	6c876c4ba589f4d9	
member	com.badlogic.gdx.ai.utils.random.TriangularFloatDistribution#<stmt3>	sge.ai.utils.random.TriangularFloatDistribution#<stmt3>	Renamed	-	com/badlogic/gdx/ai/utils/random/TriangularFloatDistribution.java	39	0e746f831a1cfb3f	
member	com.badlogic.gdx.ai.utils.random.TriangularFloatDistribution#getHigh	sge.ai.utils.random.TriangularFloatDistribution#high	Renamed	-	com/badlogic/gdx/ai/utils/random/TriangularFloatDistribution.java	25	0880beb364c4bb0c	name=high$field
member	com.badlogic.gdx.ai.utils.random.TriangularFloatDistribution#getHigh()	sge.ai.utils.random.TriangularFloatDistribution#high()	Renamed	-	com/badlogic/gdx/ai/utils/random/TriangularFloatDistribution.java	52	210933e25e2b7d76	
member	com.badlogic.gdx.ai.utils.random.TriangularFloatDistribution#getLow	sge.ai.utils.random.TriangularFloatDistribution#low	Renamed	-	com/badlogic/gdx/ai/utils/random/TriangularFloatDistribution.java	24	8055acc1aea942c3	name=low$field
member	com.badlogic.gdx.ai.utils.random.TriangularFloatDistribution#getLow()	sge.ai.utils.random.TriangularFloatDistribution#low()	Renamed	-	com/badlogic/gdx/ai/utils/random/TriangularFloatDistribution.java	48	058c05ef66f20128	
member	com.badlogic.gdx.ai.utils.random.TriangularFloatDistribution#getMode	sge.ai.utils.random.TriangularFloatDistribution#mode	Renamed	-	com/badlogic/gdx/ai/utils/random/TriangularFloatDistribution.java	26	576e0de684514705	name=mode$field
member	com.badlogic.gdx.ai.utils.random.TriangularFloatDistribution#getMode()	sge.ai.utils.random.TriangularFloatDistribution#mode()	Renamed	-	com/badlogic/gdx/ai/utils/random/TriangularFloatDistribution.java	56	b4d834419107092b	
member	com.badlogic.gdx.ai.utils.random.TriangularFloatDistribution#nextFloat()	sge.ai.utils.random.TriangularFloatDistribution#nextFloat()	Renamed	-	com/badlogic/gdx/ai/utils/random/TriangularFloatDistribution.java	43	9eec784524138e72	
member	com.badlogic.gdx.ai.utils.random.TriangularIntegerDistribution#<init>(int)	sge.ai.utils.random.TriangularIntegerDistribution#<init>(int)	Renamed	-	com/badlogic/gdx/ai/utils/random/TriangularIntegerDistribution.java	28	52bd3c1ad02ca58b	
member	com.badlogic.gdx.ai.utils.random.TriangularIntegerDistribution#<init>(int,int)	sge.ai.utils.random.TriangularIntegerDistribution#<init>(int,int)	Renamed	-	com/badlogic/gdx/ai/utils/random/TriangularIntegerDistribution.java	32	116a51b4fad98a82	
member	com.badlogic.gdx.ai.utils.random.TriangularIntegerDistribution#<stmt1>	sge.ai.utils.random.TriangularIntegerDistribution#<stmt1>	Renamed	-	com/badlogic/gdx/ai/utils/random/TriangularIntegerDistribution.java	37	62db4d3d72e4bb1c	
member	com.badlogic.gdx.ai.utils.random.TriangularIntegerDistribution#<stmt2>	sge.ai.utils.random.TriangularIntegerDistribution#<stmt2>	Renamed	-	com/badlogic/gdx/ai/utils/random/TriangularIntegerDistribution.java	38	6c876c4ba589f4d9	
member	com.badlogic.gdx.ai.utils.random.TriangularIntegerDistribution#<stmt3>	sge.ai.utils.random.TriangularIntegerDistribution#<stmt3>	Renamed	-	com/badlogic/gdx/ai/utils/random/TriangularIntegerDistribution.java	39	0e746f831a1cfb3f	
member	com.badlogic.gdx.ai.utils.random.TriangularIntegerDistribution#getHigh	sge.ai.utils.random.TriangularIntegerDistribution#high	Renamed	-	com/badlogic/gdx/ai/utils/random/TriangularIntegerDistribution.java	25	c7d4056deda24517	name=high$field
member	com.badlogic.gdx.ai.utils.random.TriangularIntegerDistribution#getHigh()	sge.ai.utils.random.TriangularIntegerDistribution#high()	Renamed	-	com/badlogic/gdx/ai/utils/random/TriangularIntegerDistribution.java	56	6c05b5f1bce51e53	
member	com.badlogic.gdx.ai.utils.random.TriangularIntegerDistribution#getLow	sge.ai.utils.random.TriangularIntegerDistribution#low	Renamed	-	com/badlogic/gdx/ai/utils/random/TriangularIntegerDistribution.java	24	78d93314c7a89425	name=low$field
member	com.badlogic.gdx.ai.utils.random.TriangularIntegerDistribution#getLow()	sge.ai.utils.random.TriangularIntegerDistribution#low()	Renamed	-	com/badlogic/gdx/ai/utils/random/TriangularIntegerDistribution.java	52	6f01d7f64f595a00	
member	com.badlogic.gdx.ai.utils.random.TriangularIntegerDistribution#getMode	sge.ai.utils.random.TriangularIntegerDistribution#mode	Renamed	-	com/badlogic/gdx/ai/utils/random/TriangularIntegerDistribution.java	26	55b8e2bdd3256549	name=mode$field
member	com.badlogic.gdx.ai.utils.random.TriangularIntegerDistribution#getMode()	sge.ai.utils.random.TriangularIntegerDistribution#mode()	Renamed	-	com/badlogic/gdx/ai/utils/random/TriangularIntegerDistribution.java	60	ff5a97a28e44ed51	
member	com.badlogic.gdx.ai.utils.random.TriangularIntegerDistribution#nextInt()	sge.ai.utils.random.TriangularIntegerDistribution#nextInt()	Renamed	-	com/badlogic/gdx/ai/utils/random/TriangularIntegerDistribution.java	43	4f17ebbfd799b911	
member	com.badlogic.gdx.ai.utils.random.TriangularLongDistribution#<init>(long)	sge.ai.utils.random.TriangularLongDistribution#<init>(long)	Renamed	-	com/badlogic/gdx/ai/utils/random/TriangularLongDistribution.java	26	ca420061638f512f	
member	com.badlogic.gdx.ai.utils.random.TriangularLongDistribution#<init>(long,long)	sge.ai.utils.random.TriangularLongDistribution#<init>(long,long)	Renamed	-	com/badlogic/gdx/ai/utils/random/TriangularLongDistribution.java	30	ef6903876532d18e	
member	com.badlogic.gdx.ai.utils.random.TriangularLongDistribution#<stmt1>	sge.ai.utils.random.TriangularLongDistribution#<stmt1>	Renamed	-	com/badlogic/gdx/ai/utils/random/TriangularLongDistribution.java	35	62db4d3d72e4bb1c	
member	com.badlogic.gdx.ai.utils.random.TriangularLongDistribution#<stmt2>	sge.ai.utils.random.TriangularLongDistribution#<stmt2>	Renamed	-	com/badlogic/gdx/ai/utils/random/TriangularLongDistribution.java	36	6c876c4ba589f4d9	
member	com.badlogic.gdx.ai.utils.random.TriangularLongDistribution#<stmt3>	sge.ai.utils.random.TriangularLongDistribution#<stmt3>	Renamed	-	com/badlogic/gdx/ai/utils/random/TriangularLongDistribution.java	37	0e746f831a1cfb3f	
member	com.badlogic.gdx.ai.utils.random.TriangularLongDistribution#getHigh	sge.ai.utils.random.TriangularLongDistribution#high	Renamed	-	com/badlogic/gdx/ai/utils/random/TriangularLongDistribution.java	23	c9c4a99a7dd9ab1f	name=high$field
member	com.badlogic.gdx.ai.utils.random.TriangularLongDistribution#getHigh()	sge.ai.utils.random.TriangularLongDistribution#high()	Renamed	-	com/badlogic/gdx/ai/utils/random/TriangularLongDistribution.java	54	91627eb6a48d9f0a	
member	com.badlogic.gdx.ai.utils.random.TriangularLongDistribution#getLow	sge.ai.utils.random.TriangularLongDistribution#low	Renamed	-	com/badlogic/gdx/ai/utils/random/TriangularLongDistribution.java	22	6f75ee44db21f19f	name=low$field
member	com.badlogic.gdx.ai.utils.random.TriangularLongDistribution#getLow()	sge.ai.utils.random.TriangularLongDistribution#low()	Renamed	-	com/badlogic/gdx/ai/utils/random/TriangularLongDistribution.java	50	46277f08731e2f81	
member	com.badlogic.gdx.ai.utils.random.TriangularLongDistribution#getMode	sge.ai.utils.random.TriangularLongDistribution#mode	Renamed	-	com/badlogic/gdx/ai/utils/random/TriangularLongDistribution.java	24	fd2dbcdffc08bb3c	name=mode$field
member	com.badlogic.gdx.ai.utils.random.TriangularLongDistribution#getMode()	sge.ai.utils.random.TriangularLongDistribution#mode()	Renamed	-	com/badlogic/gdx/ai/utils/random/TriangularLongDistribution.java	58	090ac0eb1aa1568b	
member	com.badlogic.gdx.ai.utils.random.TriangularLongDistribution#nextLong()	sge.ai.utils.random.TriangularLongDistribution#nextLong()	Renamed	-	com/badlogic/gdx/ai/utils/random/TriangularLongDistribution.java	41	3eaf978026fb1f6d	
member	com.badlogic.gdx.ai.utils.random.UniformDoubleDistribution#<init>(double)	sge.ai.utils.random.UniformDoubleDistribution#<init>(double)	Renamed	-	com/badlogic/gdx/ai/utils/random/UniformDoubleDistribution.java	27	1fe20ed4ff5193cc	
member	com.badlogic.gdx.ai.utils.random.UniformDoubleDistribution#<stmt1>	sge.ai.utils.random.UniformDoubleDistribution#<stmt1>	Renamed	-	com/badlogic/gdx/ai/utils/random/UniformDoubleDistribution.java	32	62db4d3d72e4bb1c	
member	com.badlogic.gdx.ai.utils.random.UniformDoubleDistribution#<stmt2>	sge.ai.utils.random.UniformDoubleDistribution#<stmt2>	Renamed	-	com/badlogic/gdx/ai/utils/random/UniformDoubleDistribution.java	33	6c876c4ba589f4d9	
member	com.badlogic.gdx.ai.utils.random.UniformDoubleDistribution#getHigh	sge.ai.utils.random.UniformDoubleDistribution#high	Renamed	-	com/badlogic/gdx/ai/utils/random/UniformDoubleDistribution.java	25	b6880ef83b3d0c39	name=high$field
member	com.badlogic.gdx.ai.utils.random.UniformDoubleDistribution#getHigh()	sge.ai.utils.random.UniformDoubleDistribution#high()	Renamed	-	com/badlogic/gdx/ai/utils/random/UniformDoubleDistribution.java	44	3ef5c9d3f0477633	
member	com.badlogic.gdx.ai.utils.random.UniformDoubleDistribution#getLow	sge.ai.utils.random.UniformDoubleDistribution#low	Renamed	-	com/badlogic/gdx/ai/utils/random/UniformDoubleDistribution.java	24	1897632458763958	name=low$field
member	com.badlogic.gdx.ai.utils.random.UniformDoubleDistribution#getLow()	sge.ai.utils.random.UniformDoubleDistribution#low()	Renamed	-	com/badlogic/gdx/ai/utils/random/UniformDoubleDistribution.java	40	f6ab4aef8d965d44	
member	com.badlogic.gdx.ai.utils.random.UniformDoubleDistribution#nextDouble()	sge.ai.utils.random.UniformDoubleDistribution#nextDouble()	Renamed	-	com/badlogic/gdx/ai/utils/random/UniformDoubleDistribution.java	36	11c30bda28bb0f49	
member	com.badlogic.gdx.ai.utils.random.UniformFloatDistribution#<init>(float)	sge.ai.utils.random.UniformFloatDistribution#<init>(float)	Renamed	-	com/badlogic/gdx/ai/utils/random/UniformFloatDistribution.java	27	eae230176f4d734b	
member	com.badlogic.gdx.ai.utils.random.UniformFloatDistribution#<stmt1>	sge.ai.utils.random.UniformFloatDistribution#<stmt1>	Renamed	-	com/badlogic/gdx/ai/utils/random/UniformFloatDistribution.java	32	62db4d3d72e4bb1c	
member	com.badlogic.gdx.ai.utils.random.UniformFloatDistribution#<stmt2>	sge.ai.utils.random.UniformFloatDistribution#<stmt2>	Renamed	-	com/badlogic/gdx/ai/utils/random/UniformFloatDistribution.java	33	6c876c4ba589f4d9	
member	com.badlogic.gdx.ai.utils.random.UniformFloatDistribution#getHigh	sge.ai.utils.random.UniformFloatDistribution#high	Renamed	-	com/badlogic/gdx/ai/utils/random/UniformFloatDistribution.java	25	e27d1c017cc6ddf6	name=high$field
member	com.badlogic.gdx.ai.utils.random.UniformFloatDistribution#getHigh()	sge.ai.utils.random.UniformFloatDistribution#high()	Renamed	-	com/badlogic/gdx/ai/utils/random/UniformFloatDistribution.java	44	f68521940b5b5652	
member	com.badlogic.gdx.ai.utils.random.UniformFloatDistribution#getLow	sge.ai.utils.random.UniformFloatDistribution#low	Renamed	-	com/badlogic/gdx/ai/utils/random/UniformFloatDistribution.java	24	35a299551aef0f8d	name=low$field
member	com.badlogic.gdx.ai.utils.random.UniformFloatDistribution#getLow()	sge.ai.utils.random.UniformFloatDistribution#low()	Renamed	-	com/badlogic/gdx/ai/utils/random/UniformFloatDistribution.java	40	894eb5695975773d	
member	com.badlogic.gdx.ai.utils.random.UniformFloatDistribution#nextFloat()	sge.ai.utils.random.UniformFloatDistribution#nextFloat()	Renamed	-	com/badlogic/gdx/ai/utils/random/UniformFloatDistribution.java	36	dadca7fa434a7aee	
member	com.badlogic.gdx.ai.utils.random.UniformIntegerDistribution#<init>(int)	sge.ai.utils.random.UniformIntegerDistribution#<init>(int)	Renamed	-	com/badlogic/gdx/ai/utils/random/UniformIntegerDistribution.java	27	30194c399ec6cceb	
member	com.badlogic.gdx.ai.utils.random.UniformIntegerDistribution#<stmt1>	sge.ai.utils.random.UniformIntegerDistribution#<stmt1>	Renamed	-	com/badlogic/gdx/ai/utils/random/UniformIntegerDistribution.java	32	62db4d3d72e4bb1c	
member	com.badlogic.gdx.ai.utils.random.UniformIntegerDistribution#<stmt2>	sge.ai.utils.random.UniformIntegerDistribution#<stmt2>	Renamed	-	com/badlogic/gdx/ai/utils/random/UniformIntegerDistribution.java	33	6c876c4ba589f4d9	
member	com.badlogic.gdx.ai.utils.random.UniformIntegerDistribution#getHigh	sge.ai.utils.random.UniformIntegerDistribution#high	Renamed	-	com/badlogic/gdx/ai/utils/random/UniformIntegerDistribution.java	25	f777d4363405c631	name=high$field
member	com.badlogic.gdx.ai.utils.random.UniformIntegerDistribution#getHigh()	sge.ai.utils.random.UniformIntegerDistribution#high()	Renamed	-	com/badlogic/gdx/ai/utils/random/UniformIntegerDistribution.java	45	9a49debdf0a5bfae	
member	com.badlogic.gdx.ai.utils.random.UniformIntegerDistribution#getLow	sge.ai.utils.random.UniformIntegerDistribution#low	Renamed	-	com/badlogic/gdx/ai/utils/random/UniformIntegerDistribution.java	24	397085455892979b	name=low$field
member	com.badlogic.gdx.ai.utils.random.UniformIntegerDistribution#getLow()	sge.ai.utils.random.UniformIntegerDistribution#low()	Renamed	-	com/badlogic/gdx/ai/utils/random/UniformIntegerDistribution.java	41	4c757d0416581d7f	
member	com.badlogic.gdx.ai.utils.random.UniformIntegerDistribution#nextInt()	sge.ai.utils.random.UniformIntegerDistribution#nextInt()	Renamed	-	com/badlogic/gdx/ai/utils/random/UniformIntegerDistribution.java	37	44124759f3e3232f	
member	com.badlogic.gdx.ai.utils.random.UniformLongDistribution#<init>(long)	sge.ai.utils.random.UniformLongDistribution#<init>(long)	Renamed	-	com/badlogic/gdx/ai/utils/random/UniformLongDistribution.java	27	e5d3e545676e7800	
member	com.badlogic.gdx.ai.utils.random.UniformLongDistribution#<stmt1>	sge.ai.utils.random.UniformLongDistribution#<stmt1>	Renamed	-	com/badlogic/gdx/ai/utils/random/UniformLongDistribution.java	32	62db4d3d72e4bb1c	
member	com.badlogic.gdx.ai.utils.random.UniformLongDistribution#<stmt2>	sge.ai.utils.random.UniformLongDistribution#<stmt2>	Renamed	-	com/badlogic/gdx/ai/utils/random/UniformLongDistribution.java	33	6c876c4ba589f4d9	
member	com.badlogic.gdx.ai.utils.random.UniformLongDistribution#getHigh	sge.ai.utils.random.UniformLongDistribution#high	Renamed	-	com/badlogic/gdx/ai/utils/random/UniformLongDistribution.java	25	46db91f676024708	name=high$field
member	com.badlogic.gdx.ai.utils.random.UniformLongDistribution#getHigh()	sge.ai.utils.random.UniformLongDistribution#high()	Renamed	-	com/badlogic/gdx/ai/utils/random/UniformLongDistribution.java	45	720e4e2b9dd05357	
member	com.badlogic.gdx.ai.utils.random.UniformLongDistribution#getLow	sge.ai.utils.random.UniformLongDistribution#low	Renamed	-	com/badlogic/gdx/ai/utils/random/UniformLongDistribution.java	24	a27948b47d5a9653	name=low$field
member	com.badlogic.gdx.ai.utils.random.UniformLongDistribution#getLow()	sge.ai.utils.random.UniformLongDistribution#low()	Renamed	-	com/badlogic/gdx/ai/utils/random/UniformLongDistribution.java	41	dc2c43a6ec78450b	
member	com.badlogic.gdx.ai.utils.random.UniformLongDistribution#nextLong()	sge.ai.utils.random.UniformLongDistribution#nextLong()	Renamed	-	com/badlogic/gdx/ai/utils/random/UniformLongDistribution.java	37	427568f0d284b206	
member	com.badlogic.gdx.graphics.g3d.particles.ParallelArray$ChannelDescriptor#<init>(int,Class,int)		Dropped	-		0		
member	com.badlogic.gdx.graphics.g3d.particles.batches.BufferedParticleBatch#<init>(Class)		Dropped	-		0		
member	com.badlogic.gdx.scenes.scene2d.ui.Skin#findMethod		Dropped	-		0		
member	com.badlogic.gdx.scenes.scene2d.ui.Skin#setEnabledReflection		Dropped	-		0		
member	com.badlogic.gdx.utils.Array#<init>(Class)		Dropped	-		0		
member	com.badlogic.gdx.utils.Array#<init>(boolean,int,Class)		Dropped	-		0		
member	com.badlogic.gdx.utils.Array#of(Class)		Dropped	-		0		
member	com.badlogic.gdx.utils.Array#of(boolean,int,Class)		Dropped	-		0		
member	com.badlogic.gdx.utils.Array#toArray(Class)		Dropped	-		0		
member	com.badlogic.gdx.utils.ArrayMap#<init>(Class,Class)		Dropped	-		0		
member	com.badlogic.gdx.utils.ArrayMap#<init>(boolean,int,Class,Class)		Dropped	-		0		
member	com.badlogic.gdx.utils.DelayedRemovalArray#<init>(Class)		Dropped	-		0		
member	com.badlogic.gdx.utils.DelayedRemovalArray#<init>(boolean,int,Class)		Dropped	-		0		
member	com.badlogic.gdx.utils.Queue#<init>(int,Class)		Dropped	-		0		
member	com.badlogic.gdx.utils.SnapshotArray#<init>(Class)		Dropped	-		0		
member	com.badlogic.gdx.utils.SnapshotArray#<init>(boolean,int,Class)		Dropped	-		0		
member	com.badlogic.gdx.ai.btree.decorator.Random#<init>()	sge.ai.btree.decorator.Random#<init>()	Dropped	-		0		refusal=ctor-funnel/nilary-dropped(C11)
