#unit	member	kind	digest
ssg.md.ext.abbreviation.Abbreviation	ssg.md.ext.abbreviation.Abbreviation	class	68a987c8df64db1d
ssg.md.ext.abbreviation.Abbreviation	ssg.md.ext.abbreviation.Abbreviation#<stmt1>	stmt	f2a2a46339290132
ssg.md.ext.abbreviation.Abbreviation	ssg.md.ext.abbreviation.Abbreviation#abbreviation	val	6a980e29a1b7a8dc
ssg.md.ext.abbreviation.Abbreviation	ssg.md.ext.abbreviation.Abbreviation#getAbbreviation()	def	b5194882ce528ca1
ssg.md.ext.abbreviation.Abbreviation	ssg.md.ext.abbreviation.Abbreviation#getAstExtra(StringBuilder)	def	d249b6cfb0e4d828
ssg.md.ext.abbreviation.Abbreviation	ssg.md.ext.abbreviation.Abbreviation#getReference()	def	641f890239f8712f
ssg.md.ext.abbreviation.Abbreviation	ssg.md.ext.abbreviation.Abbreviation#getReferenceNode(AbbreviationRepository)	def	4e75e74f9bc8acd1
ssg.md.ext.abbreviation.Abbreviation	ssg.md.ext.abbreviation.Abbreviation#getReferenceNode(Document)	def	3492fb1aa6e4922a
ssg.md.ext.abbreviation.Abbreviation	ssg.md.ext.abbreviation.Abbreviation#getSegments()	def	2a8c37a5726a8369
ssg.md.ext.abbreviation.Abbreviation	ssg.md.ext.abbreviation.Abbreviation#isDefined()	def	67479eaeaa43c67b
ssg.md.ext.abbreviation.Abbreviation	ssg.md.ext.abbreviation.Abbreviation#toStringAttributes()	def	e9d276eb6ed9a292
ssg.md.ext.abbreviation.AbbreviationBlock	ssg.md.ext.abbreviation.AbbreviationBlock	class	0205b88fdff2d504
ssg.md.ext.abbreviation.AbbreviationBlock	ssg.md.ext.abbreviation.AbbreviationBlock#<init>(BasedSequence)	ctor	2f5cfc98896beb36
ssg.md.ext.abbreviation.AbbreviationBlock	ssg.md.ext.abbreviation.AbbreviationBlock#abbreviation	val	ea03bdde6c0ccbd8
ssg.md.ext.abbreviation.AbbreviationBlock	ssg.md.ext.abbreviation.AbbreviationBlock#closingMarker	val	c9ee6bb68ab1aee5
ssg.md.ext.abbreviation.AbbreviationBlock	ssg.md.ext.abbreviation.AbbreviationBlock#compareTo(AbbreviationBlock)	def	ea96e94e3df8f9ff
ssg.md.ext.abbreviation.AbbreviationBlock	ssg.md.ext.abbreviation.AbbreviationBlock#getAbbreviation()	def	b5194882ce528ca1
ssg.md.ext.abbreviation.AbbreviationBlock	ssg.md.ext.abbreviation.AbbreviationBlock#getAstExtra(StringBuilder)	def	fa451a7aaac65b6e
ssg.md.ext.abbreviation.AbbreviationBlock	ssg.md.ext.abbreviation.AbbreviationBlock#getClosingMarker()	def	17a28e7810415433
ssg.md.ext.abbreviation.AbbreviationBlock	ssg.md.ext.abbreviation.AbbreviationBlock#getOpeningMarker()	def	313b4c67749a6b8d
ssg.md.ext.abbreviation.AbbreviationBlock	ssg.md.ext.abbreviation.AbbreviationBlock#getReferencingNode(Node)	def	7a5cfd17446e137e
ssg.md.ext.abbreviation.AbbreviationBlock	ssg.md.ext.abbreviation.AbbreviationBlock#getSegments()	def	c264f7c5331bc3ed
ssg.md.ext.abbreviation.AbbreviationBlock	ssg.md.ext.abbreviation.AbbreviationBlock#getText()	def	3da0c428a2e750e8
ssg.md.ext.abbreviation.AbbreviationBlock	ssg.md.ext.abbreviation.AbbreviationBlock#openingMarker	val	d8b45cb3534fb298
ssg.md.ext.abbreviation.AbbreviationBlock	ssg.md.ext.abbreviation.AbbreviationBlock#setAbbreviation(BasedSequence)	def	1db731806bc6e242
ssg.md.ext.abbreviation.AbbreviationBlock	ssg.md.ext.abbreviation.AbbreviationBlock#setClosingMarker(BasedSequence)	def	63de15e116b03ab7
ssg.md.ext.abbreviation.AbbreviationBlock	ssg.md.ext.abbreviation.AbbreviationBlock#setOpeningMarker(BasedSequence)	def	1f85000de7611c5c
ssg.md.ext.abbreviation.AbbreviationBlock	ssg.md.ext.abbreviation.AbbreviationBlock#setText(BasedSequence)	def	2c3f1c6c74518179
ssg.md.ext.abbreviation.AbbreviationBlock	ssg.md.ext.abbreviation.AbbreviationBlock#text	val	80e9d467f6d0ea6e
ssg.md.ext.abbreviation.AbbreviationExtension	ssg.md.ext.abbreviation.AbbreviationExtension	class	9db92fa8c08726ca
ssg.md.ext.abbreviation.AbbreviationExtension	ssg.md.ext.abbreviation.AbbreviationExtension#ABBREVIATIONS	val	46287b3bc02cbca1
ssg.md.ext.abbreviation.AbbreviationExtension	ssg.md.ext.abbreviation.AbbreviationExtension#ABBREVIATIONS_KEEP	val	499ba9c148a02130
ssg.md.ext.abbreviation.AbbreviationExtension	ssg.md.ext.abbreviation.AbbreviationExtension#ABBREVIATIONS_PLACEMENT	val	81fb96a3cf8af997
ssg.md.ext.abbreviation.AbbreviationExtension	ssg.md.ext.abbreviation.AbbreviationExtension#ABBREVIATIONS_SORT	val	f3c6a8036a765774
ssg.md.ext.abbreviation.AbbreviationExtension	ssg.md.ext.abbreviation.AbbreviationExtension#MAKE_MERGED_ABBREVIATIONS_UNIQUE	val	99705df6145ba4dd
ssg.md.ext.abbreviation.AbbreviationExtension	ssg.md.ext.abbreviation.AbbreviationExtension#USE_LINKS	val	4d857027f1e6aa2f
ssg.md.ext.abbreviation.AbbreviationExtension	ssg.md.ext.abbreviation.AbbreviationExtension#create()	def	d591c1cf7d291a83
ssg.md.ext.abbreviation.AbbreviationExtension	ssg.md.ext.abbreviation.AbbreviationExtension#extend(Builder)	def	7737b011a9f49bbd
ssg.md.ext.abbreviation.AbbreviationExtension	ssg.md.ext.abbreviation.AbbreviationExtension#extend(Builder)	def	a5fc269d719ce4ce
ssg.md.ext.abbreviation.AbbreviationExtension	ssg.md.ext.abbreviation.AbbreviationExtension#extend(Builder,String)	def	31973da49638d10a
ssg.md.ext.abbreviation.AbbreviationExtension	ssg.md.ext.abbreviation.AbbreviationExtension#parserOptions(MutableDataHolder)	def	55bdf57bb16d44c0
ssg.md.ext.abbreviation.AbbreviationExtension	ssg.md.ext.abbreviation.AbbreviationExtension#rendererOptions(MutableDataHolder)	def	e3e165e739f41514
ssg.md.ext.abbreviation.AbbreviationExtension	ssg.md.ext.abbreviation.AbbreviationExtension#transferReferences(MutableDataHolder,DataHolder)	def	59a52601a11638f4
ssg.md.ext.abbreviation.AbbreviationVisitor	ssg.md.ext.abbreviation.AbbreviationVisitor	class	929c656f1cb4baba
ssg.md.ext.abbreviation.AbbreviationVisitor	ssg.md.ext.abbreviation.AbbreviationVisitor#visit(Abbreviation)	def	26dd7ff3e27e23f3
ssg.md.ext.abbreviation.AbbreviationVisitor	ssg.md.ext.abbreviation.AbbreviationVisitor#visit(AbbreviationBlock)	def	be2d84154e6f486b
ssg.md.ext.abbreviation.AbbreviationVisitorExt	ssg.md.ext.abbreviation.AbbreviationVisitorExt	class	d50844b93bcba99b
ssg.md.ext.abbreviation.AbbreviationVisitorExt	ssg.md.ext.abbreviation.AbbreviationVisitorExt#VISIT_HANDLERS(V)	def	a1be80657e7c2f86
ssg.md.ext.abbreviation.internal.AbbreviationBlockParser	ssg.md.ext.abbreviation.internal.AbbreviationBlockParser	class	ab4068a6b4a31a60
ssg.md.ext.abbreviation.internal.AbbreviationBlockParser	ssg.md.ext.abbreviation.internal.AbbreviationBlockParser#ABBREVIATION_BLOCK	val	9558dbed88c146c1
ssg.md.ext.abbreviation.internal.AbbreviationBlockParser	ssg.md.ext.abbreviation.internal.AbbreviationBlockParser#addLine(ParserState,BasedSequence)	def	e156577b09d9c2a5
ssg.md.ext.abbreviation.internal.AbbreviationBlockParser	ssg.md.ext.abbreviation.internal.AbbreviationBlockParser#block	val	295d1a7ad9e3e95d
ssg.md.ext.abbreviation.internal.AbbreviationBlockParser	ssg.md.ext.abbreviation.internal.AbbreviationBlockParser#closeBlock(ParserState)	def	fafff083a047081a
ssg.md.ext.abbreviation.internal.AbbreviationBlockParser	ssg.md.ext.abbreviation.internal.AbbreviationBlockParser#getBlock()	def	864f24abd109b0b6
ssg.md.ext.abbreviation.internal.AbbreviationBlockParser	ssg.md.ext.abbreviation.internal.AbbreviationBlockParser#isContainer()	def	796833c6861d0bcf
ssg.md.ext.abbreviation.internal.AbbreviationBlockParser	ssg.md.ext.abbreviation.internal.AbbreviationBlockParser#parseInlines(InlineParser)	def	3dc0288a740493d9
ssg.md.ext.abbreviation.internal.AbbreviationBlockParser	ssg.md.ext.abbreviation.internal.AbbreviationBlockParser#tryContinue(ParserState)	def	b5f399a91af7de49
ssg.md.ext.abbreviation.internal.AbbreviationBlockParser	ssg.md.ext.abbreviation.internal.AbbreviationBlockParser$BlockFactory	class	5b60daff7f14f29b
ssg.md.ext.abbreviation.internal.AbbreviationBlockParser	ssg.md.ext.abbreviation.internal.AbbreviationBlockParser$BlockFactory#tryStart(ParserState,MatchedBlockParser)	def	10b2706c62e8f878
ssg.md.ext.abbreviation.internal.AbbreviationBlockParser	ssg.md.ext.abbreviation.internal.AbbreviationBlockParser$Factory	class	08ac30f47e2f8894
ssg.md.ext.abbreviation.internal.AbbreviationBlockParser	ssg.md.ext.abbreviation.internal.AbbreviationBlockParser$Factory#affectsGlobalScope()	def	235a051e89e1f64d
ssg.md.ext.abbreviation.internal.AbbreviationBlockParser	ssg.md.ext.abbreviation.internal.AbbreviationBlockParser$Factory#apply(DataHolder)	def	fc0e14733099741c
ssg.md.ext.abbreviation.internal.AbbreviationBlockParser	ssg.md.ext.abbreviation.internal.AbbreviationBlockParser$Factory#getAfterDependents()	def	213b28c06aa583d9
ssg.md.ext.abbreviation.internal.AbbreviationBlockParser	ssg.md.ext.abbreviation.internal.AbbreviationBlockParser$Factory#getBeforeDependents()	def	5c7dbfddf1d4d275
ssg.md.ext.abbreviation.internal.AbbreviationFormatOptions	ssg.md.ext.abbreviation.internal.AbbreviationFormatOptions	class	8a9e2d2fb9e3ff79
ssg.md.ext.abbreviation.internal.AbbreviationFormatOptions	ssg.md.ext.abbreviation.internal.AbbreviationFormatOptions#<stmt1>	stmt	4eb4695fa93ddf62
ssg.md.ext.abbreviation.internal.AbbreviationFormatOptions	ssg.md.ext.abbreviation.internal.AbbreviationFormatOptions#<stmt2>	stmt	4da3502ef8990219
ssg.md.ext.abbreviation.internal.AbbreviationFormatOptions	ssg.md.ext.abbreviation.internal.AbbreviationFormatOptions#abbreviationsPlacement	val	18a64b46c354004a
ssg.md.ext.abbreviation.internal.AbbreviationFormatOptions	ssg.md.ext.abbreviation.internal.AbbreviationFormatOptions#abbreviationsSort	val	b5a91603bd9e5707
ssg.md.ext.abbreviation.internal.AbbreviationNodeFormatter	ssg.md.ext.abbreviation.internal.AbbreviationNodeFormatter	class	fe51499ed2b1e3db
ssg.md.ext.abbreviation.internal.AbbreviationNodeFormatter	ssg.md.ext.abbreviation.internal.AbbreviationNodeFormatter#<stmt1>	stmt	8ef182dd5a25d68c
ssg.md.ext.abbreviation.internal.AbbreviationNodeFormatter	ssg.md.ext.abbreviation.internal.AbbreviationNodeFormatter#<stmt2>	stmt	814fce11dce9b183
ssg.md.ext.abbreviation.internal.AbbreviationNodeFormatter	ssg.md.ext.abbreviation.internal.AbbreviationNodeFormatter#<stmt3>	stmt	ee47da4b107764fe
ssg.md.ext.abbreviation.internal.AbbreviationNodeFormatter	ssg.md.ext.abbreviation.internal.AbbreviationNodeFormatter#ABBREVIATION_TRANSLATION_MAP	val	8a7561370880cc30
ssg.md.ext.abbreviation.internal.AbbreviationNodeFormatter	ssg.md.ext.abbreviation.internal.AbbreviationNodeFormatter#ABBREVIATION_UNIQUIFICATION_MAP	val	91b4b2a151f6efe8
ssg.md.ext.abbreviation.internal.AbbreviationNodeFormatter	ssg.md.ext.abbreviation.internal.AbbreviationNodeFormatter#getNodeClasses()	def	bd6b690f7984caba
ssg.md.ext.abbreviation.internal.AbbreviationNodeFormatter	ssg.md.ext.abbreviation.internal.AbbreviationNodeFormatter#getNodeFormattingHandlers()	def	c1fef7819dbd822e
ssg.md.ext.abbreviation.internal.AbbreviationNodeFormatter	ssg.md.ext.abbreviation.internal.AbbreviationNodeFormatter#getReferencePlacement()	def	c9511f95e0ac7ab0
ssg.md.ext.abbreviation.internal.AbbreviationNodeFormatter	ssg.md.ext.abbreviation.internal.AbbreviationNodeFormatter#getReferenceSort()	def	78ae6e4d2db3ea77
ssg.md.ext.abbreviation.internal.AbbreviationNodeFormatter	ssg.md.ext.abbreviation.internal.AbbreviationNodeFormatter#getRepository(DataHolder)	def	60d08b507f599506
ssg.md.ext.abbreviation.internal.AbbreviationNodeFormatter	ssg.md.ext.abbreviation.internal.AbbreviationNodeFormatter#makeMergedAbbreviationsUnique	val	e512375d4f5b5f47
ssg.md.ext.abbreviation.internal.AbbreviationNodeFormatter	ssg.md.ext.abbreviation.internal.AbbreviationNodeFormatter#makeReferencesUnique()	def	6d5fda194f99b68d
ssg.md.ext.abbreviation.internal.AbbreviationNodeFormatter	ssg.md.ext.abbreviation.internal.AbbreviationNodeFormatter#modifyTransformedReference(String,NodeFormatterContext)	def	0636cd16c25ad03f
ssg.md.ext.abbreviation.internal.AbbreviationNodeFormatter	ssg.md.ext.abbreviation.internal.AbbreviationNodeFormatter#options	val	40c280427e28e05c
ssg.md.ext.abbreviation.internal.AbbreviationNodeFormatter	ssg.md.ext.abbreviation.internal.AbbreviationNodeFormatter#render(Abbreviation,NodeFormatterContext,MarkdownWriter)	def	37fe9a9622ba4191
ssg.md.ext.abbreviation.internal.AbbreviationNodeFormatter	ssg.md.ext.abbreviation.internal.AbbreviationNodeFormatter#render(AbbreviationBlock,NodeFormatterContext,MarkdownWriter)	def	7de1e314446e24bf
ssg.md.ext.abbreviation.internal.AbbreviationNodeFormatter	ssg.md.ext.abbreviation.internal.AbbreviationNodeFormatter#renderReferenceBlock(AbbreviationBlock,NodeFormatterContext,MarkdownWriter)	def	18e86d06a039be56
ssg.md.ext.abbreviation.internal.AbbreviationNodeFormatter	ssg.md.ext.abbreviation.internal.AbbreviationNodeFormatter#transformUnderscores	val	c608952956998af5
ssg.md.ext.abbreviation.internal.AbbreviationNodeFormatter	ssg.md.ext.abbreviation.internal.AbbreviationNodeFormatter$Factory	class	21cb9262dc015392
ssg.md.ext.abbreviation.internal.AbbreviationNodeFormatter	ssg.md.ext.abbreviation.internal.AbbreviationNodeFormatter$Factory#create(DataHolder)	def	b450e1611a7b05ae
ssg.md.ext.abbreviation.internal.AbbreviationNodeFormatter	transformedId	val	234f7cd9647aa4c0
ssg.md.ext.abbreviation.internal.AbbreviationNodePostProcessor	ssg.md.ext.abbreviation.internal.AbbreviationNodePostProcessor	class	91456f8a384b1d24
ssg.md.ext.abbreviation.internal.AbbreviationNodePostProcessor	ssg.md.ext.abbreviation.internal.AbbreviationNodePostProcessor#<stmt1>	stmt	520d25e84a89ee3b
ssg.md.ext.abbreviation.internal.AbbreviationNodePostProcessor	ssg.md.ext.abbreviation.internal.AbbreviationNodePostProcessor#abbreviationMap	val	9f61387f0fc505f5
ssg.md.ext.abbreviation.internal.AbbreviationNodePostProcessor	ssg.md.ext.abbreviation.internal.AbbreviationNodePostProcessor#abbreviations	val	34a91eb0cf3657ac
ssg.md.ext.abbreviation.internal.AbbreviationNodePostProcessor	ssg.md.ext.abbreviation.internal.AbbreviationNodePostProcessor#computeAbbreviations(Document)	def	61745e9d560c4f22
ssg.md.ext.abbreviation.internal.AbbreviationNodePostProcessor	ssg.md.ext.abbreviation.internal.AbbreviationNodePostProcessor#process(NodeTracker,Node)	def	7b0bfd46eebebe76
ssg.md.ext.abbreviation.internal.AbbreviationNodePostProcessor	ssg.md.ext.abbreviation.internal.AbbreviationNodePostProcessor$Factory	class	cc48124e97190a64
ssg.md.ext.abbreviation.internal.AbbreviationNodePostProcessor	ssg.md.ext.abbreviation.internal.AbbreviationNodePostProcessor$Factory#<stmt1>	stmt	f191915b76ebedfc
ssg.md.ext.abbreviation.internal.AbbreviationNodePostProcessor	ssg.md.ext.abbreviation.internal.AbbreviationNodePostProcessor$Factory#apply(Document)	def	834c252829d04e9e
ssg.md.ext.abbreviation.internal.AbbreviationNodePostProcessor	ssg.md.ext.abbreviation.internal.AbbreviationNodePostProcessor$Factory#getAfterDependents()	def	51d3e49d886a22d8
ssg.md.ext.abbreviation.internal.AbbreviationNodeRenderer	ssg.md.ext.abbreviation.internal.AbbreviationNodeRenderer	class	4ac7eff3c279ac8c
ssg.md.ext.abbreviation.internal.AbbreviationNodeRenderer	ssg.md.ext.abbreviation.internal.AbbreviationNodeRenderer#<stmt1>	stmt	5cf5da15c71f1ae8
ssg.md.ext.abbreviation.internal.AbbreviationNodeRenderer	ssg.md.ext.abbreviation.internal.AbbreviationNodeRenderer#getNodeRenderingHandlers()	def	40a800855b9e24dc
ssg.md.ext.abbreviation.internal.AbbreviationNodeRenderer	ssg.md.ext.abbreviation.internal.AbbreviationNodeRenderer#options	val	37f4638d98cdf600
ssg.md.ext.abbreviation.internal.AbbreviationNodeRenderer	ssg.md.ext.abbreviation.internal.AbbreviationNodeRenderer#render(Abbreviation,NodeRendererContext,HtmlWriter)	def	243c302e8258ecf8
ssg.md.ext.abbreviation.internal.AbbreviationNodeRenderer	ssg.md.ext.abbreviation.internal.AbbreviationNodeRenderer#render(AbbreviationBlock,NodeRendererContext,HtmlWriter)	def	e49494c22f34f4f5
ssg.md.ext.abbreviation.internal.AbbreviationNodeRenderer	ssg.md.ext.abbreviation.internal.AbbreviationNodeRenderer$Factory	class	39401502f6d9fe3e
ssg.md.ext.abbreviation.internal.AbbreviationNodeRenderer	ssg.md.ext.abbreviation.internal.AbbreviationNodeRenderer$Factory#apply(DataHolder)	def	dc5584e6049e49fe
ssg.md.ext.abbreviation.internal.AbbreviationOptions	ssg.md.ext.abbreviation.internal.AbbreviationOptions	class	45deaf4650b1e23e
ssg.md.ext.abbreviation.internal.AbbreviationOptions	ssg.md.ext.abbreviation.internal.AbbreviationOptions#<stmt1>	stmt	8357190d8e8cf6e4
ssg.md.ext.abbreviation.internal.AbbreviationOptions	ssg.md.ext.abbreviation.internal.AbbreviationOptions#useLinks	val	ec5e998ef3afcd2e
ssg.md.ext.abbreviation.internal.AbbreviationRepository	ssg.md.ext.abbreviation.internal.AbbreviationRepository	class	05b6ef05fc77ca92
ssg.md.ext.abbreviation.internal.AbbreviationRepository	ssg.md.ext.abbreviation.internal.AbbreviationRepository#getDataKey()	def	ad6cddde7bed241f
ssg.md.ext.abbreviation.internal.AbbreviationRepository	ssg.md.ext.abbreviation.internal.AbbreviationRepository#getKeepDataKey()	def	09aea9e6670b9035
ssg.md.ext.abbreviation.internal.AbbreviationRepository	ssg.md.ext.abbreviation.internal.AbbreviationRepository#getReferencedElements(Node)	def	3ff26e6db6faf5f6
ssg.md.ext.admonition.AdmonitionBlock	ssg.md.ext.admonition.AdmonitionBlock	class	5a25dd764be3114e
ssg.md.ext.admonition.AdmonitionBlock	ssg.md.ext.admonition.AdmonitionBlock#<init>(BasedSequence)	ctor	2f5cfc98896beb36
ssg.md.ext.admonition.AdmonitionBlock	ssg.md.ext.admonition.AdmonitionBlock#<init>(BasedSequence,BasedSequence,BasedSequence,Buffer<BasedSequence>)	ctor	75e5d14be1862cdd
ssg.md.ext.admonition.AdmonitionBlock	ssg.md.ext.admonition.AdmonitionBlock#getAstExtra(StringBuilder)	def	24967d50554d6881
ssg.md.ext.admonition.AdmonitionBlock	ssg.md.ext.admonition.AdmonitionBlock#getInfo()	def	9c99058f9b97830b
ssg.md.ext.admonition.AdmonitionBlock	ssg.md.ext.admonition.AdmonitionBlock#getOpeningMarker()	def	313b4c67749a6b8d
ssg.md.ext.admonition.AdmonitionBlock	ssg.md.ext.admonition.AdmonitionBlock#getSegments()	def	9a32c9e7b005468b
ssg.md.ext.admonition.AdmonitionBlock	ssg.md.ext.admonition.AdmonitionBlock#getSegmentsForChars()	def	a99a8750ebd156e0
ssg.md.ext.admonition.AdmonitionBlock	ssg.md.ext.admonition.AdmonitionBlock#getTitle()	def	0893cd9c7398cc19
ssg.md.ext.admonition.AdmonitionBlock	ssg.md.ext.admonition.AdmonitionBlock#getTitleChars()	def	e4d00a66bbdbf195
ssg.md.ext.admonition.AdmonitionBlock	ssg.md.ext.admonition.AdmonitionBlock#getTitleClosingMarker()	def	3d203d6881ddff1a
ssg.md.ext.admonition.AdmonitionBlock	ssg.md.ext.admonition.AdmonitionBlock#getTitleOpeningMarker()	def	35754ce4428b701f
ssg.md.ext.admonition.AdmonitionBlock	ssg.md.ext.admonition.AdmonitionBlock#info	val	cc61ad79710b29ef
ssg.md.ext.admonition.AdmonitionBlock	ssg.md.ext.admonition.AdmonitionBlock#isParagraphEndWrappingDisabled(Paragraph)	def	7fd3f460214a5710
ssg.md.ext.admonition.AdmonitionBlock	ssg.md.ext.admonition.AdmonitionBlock#isParagraphStartWrappingDisabled(Paragraph)	def	be6a80abd37d072c
ssg.md.ext.admonition.AdmonitionBlock	ssg.md.ext.admonition.AdmonitionBlock#openingMarker	val	52bea24936b365bf
ssg.md.ext.admonition.AdmonitionBlock	ssg.md.ext.admonition.AdmonitionBlock#setInfo(BasedSequence)	def	baac0af4c66d7c4b
ssg.md.ext.admonition.AdmonitionBlock	ssg.md.ext.admonition.AdmonitionBlock#setOpeningMarker(BasedSequence)	def	1f85000de7611c5c
ssg.md.ext.admonition.AdmonitionBlock	ssg.md.ext.admonition.AdmonitionBlock#setTitle(BasedSequence)	def	bbf6947e5da8aa1e
ssg.md.ext.admonition.AdmonitionBlock	ssg.md.ext.admonition.AdmonitionBlock#setTitleChars(BasedSequence)	def	b09884f769920cc2
ssg.md.ext.admonition.AdmonitionBlock	ssg.md.ext.admonition.AdmonitionBlock#setTitleClosingMarker(BasedSequence)	def	cbeda5e8cc009baa
ssg.md.ext.admonition.AdmonitionBlock	ssg.md.ext.admonition.AdmonitionBlock#setTitleOpeningMarker(BasedSequence)	def	45ce67b090a8a925
ssg.md.ext.admonition.AdmonitionBlock	ssg.md.ext.admonition.AdmonitionBlock#title	val	9020f7e77ff07ce5
ssg.md.ext.admonition.AdmonitionBlock	ssg.md.ext.admonition.AdmonitionBlock#titleClosingMarker	val	a941581b6ab57cae
ssg.md.ext.admonition.AdmonitionBlock	ssg.md.ext.admonition.AdmonitionBlock#titleOpeningMarker	val	88eb7d8ca8febe98
ssg.md.ext.admonition.AdmonitionExtension	ssg.md.ext.admonition.AdmonitionExtension	class	c56e10ad089f1fef
ssg.md.ext.admonition.AdmonitionExtension	ssg.md.ext.admonition.AdmonitionExtension#ALLOW_LAZY_CONTINUATION	val	54fd7a44524b0f2f
ssg.md.ext.admonition.AdmonitionExtension	ssg.md.ext.admonition.AdmonitionExtension#ALLOW_LEADING_SPACE	val	6958f118e69edd91
ssg.md.ext.admonition.AdmonitionExtension	ssg.md.ext.admonition.AdmonitionExtension#CONTENT_INDENT	val	b684d5a582f09dca
ssg.md.ext.admonition.AdmonitionExtension	ssg.md.ext.admonition.AdmonitionExtension#INTERRUPTS_ITEM_PARAGRAPH	val	19e697b69d2588cd
ssg.md.ext.admonition.AdmonitionExtension	ssg.md.ext.admonition.AdmonitionExtension#INTERRUPTS_PARAGRAPH	val	90faff80b8488987
ssg.md.ext.admonition.AdmonitionExtension	ssg.md.ext.admonition.AdmonitionExtension#QUALIFIER_TITLE_MAP	val	6e7bafd83c1842fb
ssg.md.ext.admonition.AdmonitionExtension	ssg.md.ext.admonition.AdmonitionExtension#QUALIFIER_TYPE_MAP	val	510474ab92ed48eb
ssg.md.ext.admonition.AdmonitionExtension	ssg.md.ext.admonition.AdmonitionExtension#TYPE_SVG_MAP	val	586aa11c6cae89f3
ssg.md.ext.admonition.AdmonitionExtension	ssg.md.ext.admonition.AdmonitionExtension#UNRESOLVED_QUALIFIER	val	f31d0a7f34741851
ssg.md.ext.admonition.AdmonitionExtension	ssg.md.ext.admonition.AdmonitionExtension#WITH_SPACES_INTERRUPTS_ITEM_PARAGRAPH	val	de5d5b89dc3d023a
ssg.md.ext.admonition.AdmonitionExtension	ssg.md.ext.admonition.AdmonitionExtension#copy(Reader,Writer)	def	5b4556b7358e601d
ssg.md.ext.admonition.AdmonitionExtension	ssg.md.ext.admonition.AdmonitionExtension#create()	def	4a1e8347384e214c
ssg.md.ext.admonition.AdmonitionExtension	ssg.md.ext.admonition.AdmonitionExtension#extend(Builder)	def	ef8048ba519ef0fa
ssg.md.ext.admonition.AdmonitionExtension	ssg.md.ext.admonition.AdmonitionExtension#extend(Builder)	def	75d88f5d7d04c614
ssg.md.ext.admonition.AdmonitionExtension	ssg.md.ext.admonition.AdmonitionExtension#extend(Builder,String)	def	686cd5d4bb8287e1
ssg.md.ext.admonition.AdmonitionExtension	ssg.md.ext.admonition.AdmonitionExtension#getDefaultCSS()	def	278fadfb174c889b
ssg.md.ext.admonition.AdmonitionExtension	ssg.md.ext.admonition.AdmonitionExtension#getDefaultScript()	def	9f50e03b4a6ee60e
ssg.md.ext.admonition.AdmonitionExtension	ssg.md.ext.admonition.AdmonitionExtension#getInputStreamContent(InputStream)	def	aa48fecb55bb2ffe
ssg.md.ext.admonition.AdmonitionExtension	ssg.md.ext.admonition.AdmonitionExtension#getQualifierSvgValueMap()	def	0dbe8d43b34a6db4
ssg.md.ext.admonition.AdmonitionExtension	ssg.md.ext.admonition.AdmonitionExtension#getQualifierTitleMap()	def	a0cfc4c64583035a
ssg.md.ext.admonition.AdmonitionExtension	ssg.md.ext.admonition.AdmonitionExtension#getQualifierTypeMap()	def	75d33cbb337ea01c
ssg.md.ext.admonition.AdmonitionExtension	ssg.md.ext.admonition.AdmonitionExtension#parserOptions(MutableDataHolder)	def	55bdf57bb16d44c0
ssg.md.ext.admonition.AdmonitionExtension	ssg.md.ext.admonition.AdmonitionExtension#rendererOptions(MutableDataHolder)	def	e3e165e739f41514
ssg.md.ext.admonition.AdmonitionVisitor	ssg.md.ext.admonition.AdmonitionVisitor	class	fd3c7414ec84eb6e
ssg.md.ext.admonition.AdmonitionVisitor	ssg.md.ext.admonition.AdmonitionVisitor#visit(AdmonitionBlock)	def	659d963f905cb3fd
ssg.md.ext.admonition.AdmonitionVisitorExt	ssg.md.ext.admonition.AdmonitionVisitorExt	class	19fe7cb3e35eb11d
ssg.md.ext.admonition.AdmonitionVisitorExt	ssg.md.ext.admonition.AdmonitionVisitorExt#VISIT_HANDLERS(V)	def	f1fc110c240f3a7e
ssg.md.ext.admonition.internal.AdmonitionBlockParser	ssg.md.ext.admonition.internal.AdmonitionBlockParser	class	547b5dab061be523
ssg.md.ext.admonition.internal.AdmonitionBlockParser	ssg.md.ext.admonition.internal.AdmonitionBlockParser#<stmt1>	stmt	e0f0dd727124de68
ssg.md.ext.admonition.internal.AdmonitionBlockParser	ssg.md.ext.admonition.internal.AdmonitionBlockParser#<stmt2>	stmt	a4433cb07e0e1bf1
ssg.md.ext.admonition.internal.AdmonitionBlockParser	ssg.md.ext.admonition.internal.AdmonitionBlockParser#<stmt3>	stmt	b07b3980d0c9edee
ssg.md.ext.admonition.internal.AdmonitionBlockParser	ssg.md.ext.admonition.internal.AdmonitionBlockParser#ADMONITION_START_FORMAT	val	ab532c4ebb21bc7a
ssg.md.ext.admonition.internal.AdmonitionBlockParser	ssg.md.ext.admonition.internal.AdmonitionBlockParser#block	val	9178ca6476b54faf
ssg.md.ext.admonition.internal.AdmonitionBlockParser	ssg.md.ext.admonition.internal.AdmonitionBlockParser#canContain(ParserState,BlockParser,Block)	def	87dd2637a0b53e9a
ssg.md.ext.admonition.internal.AdmonitionBlockParser	ssg.md.ext.admonition.internal.AdmonitionBlockParser#closeBlock(ParserState)	def	531896ab69e107c5
ssg.md.ext.admonition.internal.AdmonitionBlockParser	ssg.md.ext.admonition.internal.AdmonitionBlockParser#contentIndent	val	c546140fcd77160f
ssg.md.ext.admonition.internal.AdmonitionBlockParser	ssg.md.ext.admonition.internal.AdmonitionBlockParser#getBlock()	def	864f24abd109b0b6
ssg.md.ext.admonition.internal.AdmonitionBlockParser	ssg.md.ext.admonition.internal.AdmonitionBlockParser#getContentIndent()	def	3cf91d69926f3f69
ssg.md.ext.admonition.internal.AdmonitionBlockParser	ssg.md.ext.admonition.internal.AdmonitionBlockParser#hadBlankLine	val	12f9b8237f6d4085
ssg.md.ext.admonition.internal.AdmonitionBlockParser	ssg.md.ext.admonition.internal.AdmonitionBlockParser#isContainer()	def	796833c6861d0bcf
ssg.md.ext.admonition.internal.AdmonitionBlockParser	ssg.md.ext.admonition.internal.AdmonitionBlockParser#isMarker(ParserState,int,boolean,boolean,AdmonitionOptions)	def	38f6dd90c581c84c
ssg.md.ext.admonition.internal.AdmonitionBlockParser	ssg.md.ext.admonition.internal.AdmonitionBlockParser#options	val	64c917584bf56ead
ssg.md.ext.admonition.internal.AdmonitionBlockParser	ssg.md.ext.admonition.internal.AdmonitionBlockParser#tryContinue(ParserState)	def	35b7bd94f57303d0
ssg.md.ext.admonition.internal.AdmonitionBlockParser	ssg.md.ext.admonition.internal.AdmonitionBlockParser$AdmonitionLeadInHandler	class	bb08292af1b7ae8a
ssg.md.ext.admonition.internal.AdmonitionBlockParser	ssg.md.ext.admonition.internal.AdmonitionBlockParser$AdmonitionLeadInHandler#HANDLER	val	065d86bc9d1d7e00
ssg.md.ext.admonition.internal.AdmonitionBlockParser	ssg.md.ext.admonition.internal.AdmonitionBlockParser$AdmonitionLeadInHandler#escape(BasedSequence,DataHolder,Consumer<CharSequence>)	def	4baf0b68bfcd113a
ssg.md.ext.admonition.internal.AdmonitionBlockParser	ssg.md.ext.admonition.internal.AdmonitionBlockParser$AdmonitionLeadInHandler#unEscape(BasedSequence,DataHolder,Consumer<CharSequence>)	def	7664c739ab3cce0f
ssg.md.ext.admonition.internal.AdmonitionBlockParser	ssg.md.ext.admonition.internal.AdmonitionBlockParser$BlockFactory	class	29811b8e99cd1df0
ssg.md.ext.admonition.internal.AdmonitionBlockParser	ssg.md.ext.admonition.internal.AdmonitionBlockParser$BlockFactory#<stmt1>	stmt	231bc5acf86a7969
ssg.md.ext.admonition.internal.AdmonitionBlockParser	ssg.md.ext.admonition.internal.AdmonitionBlockParser$BlockFactory#options	val	f1573ef2fc8e1dd6
ssg.md.ext.admonition.internal.AdmonitionBlockParser	ssg.md.ext.admonition.internal.AdmonitionBlockParser$BlockFactory#tryStart(ParserState,MatchedBlockParser)	def	a0c9df6387f53fc2
ssg.md.ext.admonition.internal.AdmonitionBlockParser	ssg.md.ext.admonition.internal.AdmonitionBlockParser$Factory	class	96799b58fbb12495
ssg.md.ext.admonition.internal.AdmonitionBlockParser	ssg.md.ext.admonition.internal.AdmonitionBlockParser$Factory#affectsGlobalScope()	def	235a051e89e1f64d
ssg.md.ext.admonition.internal.AdmonitionBlockParser	ssg.md.ext.admonition.internal.AdmonitionBlockParser$Factory#apply(DataHolder)	def	70a0c8657edf28b9
ssg.md.ext.admonition.internal.AdmonitionBlockParser	ssg.md.ext.admonition.internal.AdmonitionBlockParser$Factory#getAfterDependents()	def	213b28c06aa583d9
ssg.md.ext.admonition.internal.AdmonitionBlockParser	ssg.md.ext.admonition.internal.AdmonitionBlockParser$Factory#getBeforeDependents()	def	5c7dbfddf1d4d275
ssg.md.ext.admonition.internal.AdmonitionBlockParser	ssg.md.ext.admonition.internal.AdmonitionBlockParser$Factory#getLeadInHandler(DataHolder)	def	16f2a38057b37fb0
ssg.md.ext.admonition.internal.AdmonitionCollectingVisitor	ssg.md.ext.admonition.internal.AdmonitionCollectingVisitor	class	d70191bee4314fc6
ssg.md.ext.admonition.internal.AdmonitionCollectingVisitor	ssg.md.ext.admonition.internal.AdmonitionCollectingVisitor#<stmt1>	stmt	57006dc94fc463f3
ssg.md.ext.admonition.internal.AdmonitionCollectingVisitor	ssg.md.ext.admonition.internal.AdmonitionCollectingVisitor#collect(Node)	def	da2936e2d26d8f69
ssg.md.ext.admonition.internal.AdmonitionCollectingVisitor	ssg.md.ext.admonition.internal.AdmonitionCollectingVisitor#collectAndGetQualifiers(Node)	def	44fe68b52b43288c
ssg.md.ext.admonition.internal.AdmonitionCollectingVisitor	ssg.md.ext.admonition.internal.AdmonitionCollectingVisitor#getQualifiers()	def	99a662e72d5eaf09
ssg.md.ext.admonition.internal.AdmonitionCollectingVisitor	ssg.md.ext.admonition.internal.AdmonitionCollectingVisitor#myVisitor	val	f55a1e243b1c63d4
ssg.md.ext.admonition.internal.AdmonitionCollectingVisitor	ssg.md.ext.admonition.internal.AdmonitionCollectingVisitor#qualifiers	val	ab86e109f71524ef
ssg.md.ext.admonition.internal.AdmonitionCollectingVisitor	ssg.md.ext.admonition.internal.AdmonitionCollectingVisitor#visit(AdmonitionBlock)	def	4d3a4c3aa04e5cfa
ssg.md.ext.admonition.internal.AdmonitionNodeFormatter	ssg.md.ext.admonition.internal.AdmonitionNodeFormatter	class	f02967caf26a5387
ssg.md.ext.admonition.internal.AdmonitionNodeFormatter	ssg.md.ext.admonition.internal.AdmonitionNodeFormatter#<stmt1>	stmt	742e2eabea8ee0f2
ssg.md.ext.admonition.internal.AdmonitionNodeFormatter	ssg.md.ext.admonition.internal.AdmonitionNodeFormatter#getNodeClasses()	def	161f9731ef5945f3
ssg.md.ext.admonition.internal.AdmonitionNodeFormatter	ssg.md.ext.admonition.internal.AdmonitionNodeFormatter#getNodeFormattingHandlers()	def	13fe8e0bc7e0eb1c
ssg.md.ext.admonition.internal.AdmonitionNodeFormatter	ssg.md.ext.admonition.internal.AdmonitionNodeFormatter#options	val	79e3ee31b8e1a87b
ssg.md.ext.admonition.internal.AdmonitionNodeFormatter	ssg.md.ext.admonition.internal.AdmonitionNodeFormatter#render(AdmonitionBlock,NodeFormatterContext,MarkdownWriter)	def	62cd30765144e3c3
ssg.md.ext.admonition.internal.AdmonitionNodeFormatter	ssg.md.ext.admonition.internal.AdmonitionNodeFormatter$Factory	class	686f0ea817ffce71
ssg.md.ext.admonition.internal.AdmonitionNodeFormatter	ssg.md.ext.admonition.internal.AdmonitionNodeFormatter$Factory#create(DataHolder)	def	b1e4a23810b7abbb
ssg.md.ext.admonition.internal.AdmonitionNodeRenderer	ssg.md.ext.admonition.internal.AdmonitionNodeRenderer	class	d46f5cca8ccbf022
ssg.md.ext.admonition.internal.AdmonitionNodeRenderer	ssg.md.ext.admonition.internal.AdmonitionNodeRenderer#<stmt1>	stmt	742e2eabea8ee0f2
ssg.md.ext.admonition.internal.AdmonitionNodeRenderer	ssg.md.ext.admonition.internal.AdmonitionNodeRenderer#ADMONITION_BODY_PART	val	57478114d2c731b4
ssg.md.ext.admonition.internal.AdmonitionNodeRenderer	ssg.md.ext.admonition.internal.AdmonitionNodeRenderer#ADMONITION_HEADING_PART	val	3c51c3f5e36651a0
ssg.md.ext.admonition.internal.AdmonitionNodeRenderer	ssg.md.ext.admonition.internal.AdmonitionNodeRenderer#ADMONITION_ICON_PART	val	da59202179cdf062
ssg.md.ext.admonition.internal.AdmonitionNodeRenderer	ssg.md.ext.admonition.internal.AdmonitionNodeRenderer#ADMONITION_SVG_OBJECT_PART	val	bd580404e49d9e5b
ssg.md.ext.admonition.internal.AdmonitionNodeRenderer	ssg.md.ext.admonition.internal.AdmonitionNodeRenderer#ADMONITION_TITLE_PART	val	9bb88d67e1d3d654
ssg.md.ext.admonition.internal.AdmonitionNodeRenderer	ssg.md.ext.admonition.internal.AdmonitionNodeRenderer#getNodeRenderingHandlers()	def	020f30069d0e8656
ssg.md.ext.admonition.internal.AdmonitionNodeRenderer	ssg.md.ext.admonition.internal.AdmonitionNodeRenderer#getRenderingPhases()	def	af9fe7600ab547c1
ssg.md.ext.admonition.internal.AdmonitionNodeRenderer	ssg.md.ext.admonition.internal.AdmonitionNodeRenderer#options	val	79e3ee31b8e1a87b
ssg.md.ext.admonition.internal.AdmonitionNodeRenderer	ssg.md.ext.admonition.internal.AdmonitionNodeRenderer#render(AdmonitionBlock,NodeRendererContext,HtmlWriter)	def	b5d108e589ac38d2
ssg.md.ext.admonition.internal.AdmonitionNodeRenderer	ssg.md.ext.admonition.internal.AdmonitionNodeRenderer#renderDocument(NodeRendererContext,HtmlWriter,Document,RenderingPhase)	def	b46d748be30bc97d
ssg.md.ext.admonition.internal.AdmonitionNodeRenderer	ssg.md.ext.admonition.internal.AdmonitionNodeRenderer$Factory	class	39007cf72b58f481
ssg.md.ext.admonition.internal.AdmonitionNodeRenderer	ssg.md.ext.admonition.internal.AdmonitionNodeRenderer$Factory#apply(DataHolder)	def	7eb7a81c3edc9487
ssg.md.ext.admonition.internal.AdmonitionOptions	ssg.md.ext.admonition.internal.AdmonitionOptions	class	59a00d32960eb23f
ssg.md.ext.admonition.internal.AdmonitionOptions	ssg.md.ext.admonition.internal.AdmonitionOptions#<stmt10>	stmt	ff092cde04567928
ssg.md.ext.admonition.internal.AdmonitionOptions	ssg.md.ext.admonition.internal.AdmonitionOptions#<stmt1>	stmt	d47df3a5dcb57374
ssg.md.ext.admonition.internal.AdmonitionOptions	ssg.md.ext.admonition.internal.AdmonitionOptions#<stmt2>	stmt	9c1e2aa77597506a
ssg.md.ext.admonition.internal.AdmonitionOptions	ssg.md.ext.admonition.internal.AdmonitionOptions#<stmt3>	stmt	8b5ee9697f19b8b8
ssg.md.ext.admonition.internal.AdmonitionOptions	ssg.md.ext.admonition.internal.AdmonitionOptions#<stmt4>	stmt	c7b9312281c68093
ssg.md.ext.admonition.internal.AdmonitionOptions	ssg.md.ext.admonition.internal.AdmonitionOptions#<stmt5>	stmt	4977a6cd47da6429
ssg.md.ext.admonition.internal.AdmonitionOptions	ssg.md.ext.admonition.internal.AdmonitionOptions#<stmt6>	stmt	e884e942cc9394d1
ssg.md.ext.admonition.internal.AdmonitionOptions	ssg.md.ext.admonition.internal.AdmonitionOptions#<stmt7>	stmt	c5adb149129d7529
ssg.md.ext.admonition.internal.AdmonitionOptions	ssg.md.ext.admonition.internal.AdmonitionOptions#<stmt8>	stmt	1f7969fa3415569a
ssg.md.ext.admonition.internal.AdmonitionOptions	ssg.md.ext.admonition.internal.AdmonitionOptions#<stmt9>	stmt	a51ce3f523384258
ssg.md.ext.admonition.internal.AdmonitionOptions	ssg.md.ext.admonition.internal.AdmonitionOptions#allowLazyContinuation	val	4e8d4a3685c24216
ssg.md.ext.admonition.internal.AdmonitionOptions	ssg.md.ext.admonition.internal.AdmonitionOptions#allowLeadingSpace	val	066d093706b84578
ssg.md.ext.admonition.internal.AdmonitionOptions	ssg.md.ext.admonition.internal.AdmonitionOptions#contentIndent	val	e4a2210411194f20
ssg.md.ext.admonition.internal.AdmonitionOptions	ssg.md.ext.admonition.internal.AdmonitionOptions#interruptsItemParagraph	val	4752470d2452aa81
ssg.md.ext.admonition.internal.AdmonitionOptions	ssg.md.ext.admonition.internal.AdmonitionOptions#interruptsParagraph	val	4721aeca6b67187d
ssg.md.ext.admonition.internal.AdmonitionOptions	ssg.md.ext.admonition.internal.AdmonitionOptions#qualifierTitleMap	val	6a5e7c451d4bd948
ssg.md.ext.admonition.internal.AdmonitionOptions	ssg.md.ext.admonition.internal.AdmonitionOptions#qualifierTypeMap	val	89e06b226bcdb274
ssg.md.ext.admonition.internal.AdmonitionOptions	ssg.md.ext.admonition.internal.AdmonitionOptions#typeSvgMap	val	bfba6a0cb96291ae
ssg.md.ext.admonition.internal.AdmonitionOptions	ssg.md.ext.admonition.internal.AdmonitionOptions#unresolvedQualifier	val	68f7c9c3c50fa5db
ssg.md.ext.admonition.internal.AdmonitionOptions	ssg.md.ext.admonition.internal.AdmonitionOptions#withSpacesInterruptsItemParagraph	val	1bc2f640d1dc046b
ssg.md.ext.anchorlink.AnchorLink	ssg.md.ext.anchorlink.AnchorLink	class	3248b857f9848902
ssg.md.ext.anchorlink.AnchorLink	ssg.md.ext.anchorlink.AnchorLink#getAstExtra(StringBuilder)	def	a02e0bfc1fc97596
ssg.md.ext.anchorlink.AnchorLink	ssg.md.ext.anchorlink.AnchorLink#getSegments()	def	2a8c37a5726a8369
ssg.md.ext.anchorlink.AnchorLinkExtension	ssg.md.ext.anchorlink.AnchorLinkExtension	class	e051825720b17540
ssg.md.ext.anchorlink.AnchorLinkExtension	ssg.md.ext.anchorlink.AnchorLinkExtension#ANCHORLINKS_ANCHOR_CLASS	val	5d1f41eae411ae32
ssg.md.ext.anchorlink.AnchorLinkExtension	ssg.md.ext.anchorlink.AnchorLinkExtension#ANCHORLINKS_NO_BLOCK_QUOTE	val	dc8af661c94fd93e
ssg.md.ext.anchorlink.AnchorLinkExtension	ssg.md.ext.anchorlink.AnchorLinkExtension#ANCHORLINKS_SET_ID	val	2c3286ffec12345e
ssg.md.ext.anchorlink.AnchorLinkExtension	ssg.md.ext.anchorlink.AnchorLinkExtension#ANCHORLINKS_SET_NAME	val	16b6c68744f8df64
ssg.md.ext.anchorlink.AnchorLinkExtension	ssg.md.ext.anchorlink.AnchorLinkExtension#ANCHORLINKS_TEXT_PREFIX	val	161c07877d9ec0ce
ssg.md.ext.anchorlink.AnchorLinkExtension	ssg.md.ext.anchorlink.AnchorLinkExtension#ANCHORLINKS_TEXT_SUFFIX	val	41bde56a3f1a7ddb
ssg.md.ext.anchorlink.AnchorLinkExtension	ssg.md.ext.anchorlink.AnchorLinkExtension#ANCHORLINKS_WRAP_TEXT	val	ae5b9472eee88274
ssg.md.ext.anchorlink.AnchorLinkExtension	ssg.md.ext.anchorlink.AnchorLinkExtension#create()	def	7d885585ddc868ea
ssg.md.ext.anchorlink.AnchorLinkExtension	ssg.md.ext.anchorlink.AnchorLinkExtension#extend(Builder)	def	548ec9676460592e
ssg.md.ext.anchorlink.AnchorLinkExtension	ssg.md.ext.anchorlink.AnchorLinkExtension#extend(Builder,String)	def	9864a343393b136c
ssg.md.ext.anchorlink.AnchorLinkExtension	ssg.md.ext.anchorlink.AnchorLinkExtension#parserOptions(MutableDataHolder)	def	55bdf57bb16d44c0
ssg.md.ext.anchorlink.AnchorLinkExtension	ssg.md.ext.anchorlink.AnchorLinkExtension#rendererOptions(MutableDataHolder)	def	e3e165e739f41514
ssg.md.ext.anchorlink.AnchorLinkVisitor	ssg.md.ext.anchorlink.AnchorLinkVisitor	class	65e1ed3f861c4182
ssg.md.ext.anchorlink.AnchorLinkVisitor	ssg.md.ext.anchorlink.AnchorLinkVisitor#visit(AnchorLink)	def	052122807c5135bf
ssg.md.ext.anchorlink.AnchorLinkVisitorExt	ssg.md.ext.anchorlink.AnchorLinkVisitorExt	class	ff6d39700c6bbf3d
ssg.md.ext.anchorlink.AnchorLinkVisitorExt	ssg.md.ext.anchorlink.AnchorLinkVisitorExt#VISIT_HANDLERS(V)	def	a00e1a536fa64eb1
ssg.md.ext.anchorlink.internal.AnchorLinkNodePostProcessor	ssg.md.ext.anchorlink.internal.AnchorLinkNodePostProcessor	class	1aa7cecbc36c025b
ssg.md.ext.anchorlink.internal.AnchorLinkNodePostProcessor	ssg.md.ext.anchorlink.internal.AnchorLinkNodePostProcessor#<stmt1>	stmt	7b1e1f76cbe7b78d
ssg.md.ext.anchorlink.internal.AnchorLinkNodePostProcessor	ssg.md.ext.anchorlink.internal.AnchorLinkNodePostProcessor#options	val	1ce53ea290082187
ssg.md.ext.anchorlink.internal.AnchorLinkNodePostProcessor	ssg.md.ext.anchorlink.internal.AnchorLinkNodePostProcessor#process(NodeTracker,Node)	def	a37889994abd2108
ssg.md.ext.anchorlink.internal.AnchorLinkNodePostProcessor	ssg.md.ext.anchorlink.internal.AnchorLinkNodePostProcessor$Factory	class	85a778cc2c357098
ssg.md.ext.anchorlink.internal.AnchorLinkNodePostProcessor	ssg.md.ext.anchorlink.internal.AnchorLinkNodePostProcessor$Factory#<stmt1>	stmt	230319a954f0023a
ssg.md.ext.anchorlink.internal.AnchorLinkNodePostProcessor	ssg.md.ext.anchorlink.internal.AnchorLinkNodePostProcessor$Factory#apply(Document)	def	ac0474a9084ec100
ssg.md.ext.anchorlink.internal.AnchorLinkNodeRenderer	ssg.md.ext.anchorlink.internal.AnchorLinkNodeRenderer	class	737902ee37eec8d5
ssg.md.ext.anchorlink.internal.AnchorLinkNodeRenderer	ssg.md.ext.anchorlink.internal.AnchorLinkNodeRenderer#<stmt1>	stmt	7b1e1f76cbe7b78d
ssg.md.ext.anchorlink.internal.AnchorLinkNodeRenderer	ssg.md.ext.anchorlink.internal.AnchorLinkNodeRenderer#getNodeRenderingHandlers()	def	7e05f42b1dc5c895
ssg.md.ext.anchorlink.internal.AnchorLinkNodeRenderer	ssg.md.ext.anchorlink.internal.AnchorLinkNodeRenderer#options	val	1ce53ea290082187
ssg.md.ext.anchorlink.internal.AnchorLinkNodeRenderer	ssg.md.ext.anchorlink.internal.AnchorLinkNodeRenderer#render(AnchorLink,NodeRendererContext,HtmlWriter)	def	b47051fc84190ac6
ssg.md.ext.anchorlink.internal.AnchorLinkNodeRenderer	ssg.md.ext.anchorlink.internal.AnchorLinkNodeRenderer$Factory	class	c6c58f96139508a1
ssg.md.ext.anchorlink.internal.AnchorLinkNodeRenderer	ssg.md.ext.anchorlink.internal.AnchorLinkNodeRenderer$Factory#apply(DataHolder)	def	20555b762baf18eb
ssg.md.ext.anchorlink.internal.AnchorLinkOptions	ssg.md.ext.anchorlink.internal.AnchorLinkOptions	class	1cf6f6914407fde6
ssg.md.ext.anchorlink.internal.AnchorLinkOptions	ssg.md.ext.anchorlink.internal.AnchorLinkOptions#<stmt1>	stmt	221df465448c007f
ssg.md.ext.anchorlink.internal.AnchorLinkOptions	ssg.md.ext.anchorlink.internal.AnchorLinkOptions#<stmt2>	stmt	ce9b7a3245a2ab8a
ssg.md.ext.anchorlink.internal.AnchorLinkOptions	ssg.md.ext.anchorlink.internal.AnchorLinkOptions#<stmt3>	stmt	b84ce86961b16dff
ssg.md.ext.anchorlink.internal.AnchorLinkOptions	ssg.md.ext.anchorlink.internal.AnchorLinkOptions#<stmt4>	stmt	8eb4fe82c8175fba
ssg.md.ext.anchorlink.internal.AnchorLinkOptions	ssg.md.ext.anchorlink.internal.AnchorLinkOptions#<stmt5>	stmt	41e124d0aad68ab9
ssg.md.ext.anchorlink.internal.AnchorLinkOptions	ssg.md.ext.anchorlink.internal.AnchorLinkOptions#<stmt6>	stmt	f2ad72622f12964b
ssg.md.ext.anchorlink.internal.AnchorLinkOptions	ssg.md.ext.anchorlink.internal.AnchorLinkOptions#<stmt7>	stmt	8ab0167fb48fdcc2
ssg.md.ext.anchorlink.internal.AnchorLinkOptions	ssg.md.ext.anchorlink.internal.AnchorLinkOptions#anchorClass	val	0bf28eade449ac70
ssg.md.ext.anchorlink.internal.AnchorLinkOptions	ssg.md.ext.anchorlink.internal.AnchorLinkOptions#noBlockQuotes	val	4be6b9cdfcc51f71
ssg.md.ext.anchorlink.internal.AnchorLinkOptions	ssg.md.ext.anchorlink.internal.AnchorLinkOptions#setId	val	30db953a160c1f54
ssg.md.ext.anchorlink.internal.AnchorLinkOptions	ssg.md.ext.anchorlink.internal.AnchorLinkOptions#setName	val	918fb8adff61e34a
ssg.md.ext.anchorlink.internal.AnchorLinkOptions	ssg.md.ext.anchorlink.internal.AnchorLinkOptions#textPrefix	val	ce3979b91a1963be
ssg.md.ext.anchorlink.internal.AnchorLinkOptions	ssg.md.ext.anchorlink.internal.AnchorLinkOptions#textSuffix	val	b0eab9efa45107c0
ssg.md.ext.anchorlink.internal.AnchorLinkOptions	ssg.md.ext.anchorlink.internal.AnchorLinkOptions#wrapText	val	e6a5ff63303718b6
ssg.md.ext.aside.AsideBlock	ssg.md.ext.aside.AsideBlock	class	e90b3b4ddc70e0e1
ssg.md.ext.aside.AsideBlock	ssg.md.ext.aside.AsideBlock#<init>(BasedSequence)	ctor	2f5cfc98896beb36
ssg.md.ext.aside.AsideBlock	ssg.md.ext.aside.AsideBlock#<init>(BasedSequence,Buffer<BasedSequence>)	ctor	05f7a73bfc49f008
ssg.md.ext.aside.AsideBlock	ssg.md.ext.aside.AsideBlock#<init>(BlockContent)	ctor	946a0b5b2a8b08b5
ssg.md.ext.aside.AsideBlock	ssg.md.ext.aside.AsideBlock#getAstExtra(StringBuilder)	def	e29eba78db947ea9
ssg.md.ext.aside.AsideBlock	ssg.md.ext.aside.AsideBlock#getOpeningMarker()	def	1d7ea00c1329db9b
ssg.md.ext.aside.AsideBlock	ssg.md.ext.aside.AsideBlock#getSegments()	def	8e71f1ddaaf87d90
ssg.md.ext.aside.AsideBlock	ssg.md.ext.aside.AsideBlock#openingMarker	val	52bea24936b365bf
ssg.md.ext.aside.AsideBlock	ssg.md.ext.aside.AsideBlock#setOpeningMarker(BasedSequence)	def	1f85000de7611c5c
ssg.md.ext.aside.AsideExtension	ssg.md.ext.aside.AsideExtension	class	c6c7aae885958192
ssg.md.ext.aside.AsideExtension	ssg.md.ext.aside.AsideExtension#ALLOW_LEADING_SPACE	val	03009ec1fa621aea
ssg.md.ext.aside.AsideExtension	ssg.md.ext.aside.AsideExtension#EXTEND_TO_BLANK_LINE	val	21ebc588ee75a280
ssg.md.ext.aside.AsideExtension	ssg.md.ext.aside.AsideExtension#IGNORE_BLANK_LINE	val	4f2d8f8f238c1f47
ssg.md.ext.aside.AsideExtension	ssg.md.ext.aside.AsideExtension#INTERRUPTS_ITEM_PARAGRAPH	val	8eb4d43f96734102
ssg.md.ext.aside.AsideExtension	ssg.md.ext.aside.AsideExtension#INTERRUPTS_PARAGRAPH	val	09f04894adef6900
ssg.md.ext.aside.AsideExtension	ssg.md.ext.aside.AsideExtension#WITH_LEAD_SPACES_INTERRUPTS_ITEM_PARAGRAPH	val	87abd99e5ed823cf
ssg.md.ext.aside.AsideExtension	ssg.md.ext.aside.AsideExtension#create()	def	f6333b9b5d4d6303
ssg.md.ext.aside.AsideExtension	ssg.md.ext.aside.AsideExtension#extend(Builder)	def	2de6492446ba15f9
ssg.md.ext.aside.AsideExtension	ssg.md.ext.aside.AsideExtension#extend(Builder)	def	c7b41b4a62b32c37
ssg.md.ext.aside.AsideExtension	ssg.md.ext.aside.AsideExtension#extend(Builder,String)	def	b2f092bc6a421a5d
ssg.md.ext.aside.AsideExtension	ssg.md.ext.aside.AsideExtension#parserOptions(MutableDataHolder)	def	55bdf57bb16d44c0
ssg.md.ext.aside.AsideExtension	ssg.md.ext.aside.AsideExtension#rendererOptions(MutableDataHolder)	def	e3e165e739f41514
ssg.md.ext.aside.AsideVisitor	ssg.md.ext.aside.AsideVisitor	class	829db4829f2a79d8
ssg.md.ext.aside.AsideVisitor	ssg.md.ext.aside.AsideVisitor#visit(AsideBlock)	def	1c0ab79a805c5b2a
ssg.md.ext.aside.AsideVisitorExt	ssg.md.ext.aside.AsideVisitorExt	class	48e8696c058710e4
ssg.md.ext.aside.AsideVisitorExt	ssg.md.ext.aside.AsideVisitorExt#VISIT_HANDLERS(V)	def	cc84ef626d709e2f
ssg.md.ext.aside.internal.AsideBlockParser	ssg.md.ext.aside.internal.AsideBlockParser	class	c6113f2450a4374d
ssg.md.ext.aside.internal.AsideBlockParser	ssg.md.ext.aside.internal.AsideBlockParser#<stmt1>	stmt	7f978bafecdbc027
ssg.md.ext.aside.internal.AsideBlockParser	ssg.md.ext.aside.internal.AsideBlockParser#<stmt2>	stmt	398fd83b9a339357
ssg.md.ext.aside.internal.AsideBlockParser	ssg.md.ext.aside.internal.AsideBlockParser#<stmt3>	stmt	68e074451d30c648
ssg.md.ext.aside.internal.AsideBlockParser	ssg.md.ext.aside.internal.AsideBlockParser#<stmt4>	stmt	b09d29948c99df47
ssg.md.ext.aside.internal.AsideBlockParser	ssg.md.ext.aside.internal.AsideBlockParser#<stmt5>	stmt	b324e65a6b18b17d
ssg.md.ext.aside.internal.AsideBlockParser	ssg.md.ext.aside.internal.AsideBlockParser#<stmt6>	stmt	a8a761270813bc71
ssg.md.ext.aside.internal.AsideBlockParser	ssg.md.ext.aside.internal.AsideBlockParser#<stmt7>	stmt	f674bada761f2f28
ssg.md.ext.aside.internal.AsideBlockParser	ssg.md.ext.aside.internal.AsideBlockParser#MARKER_CHAR	val	9daea16f4bcd47c1
ssg.md.ext.aside.internal.AsideBlockParser	ssg.md.ext.aside.internal.AsideBlockParser#allowLeadingSpace	val	70f6771b6be743f3
ssg.md.ext.aside.internal.AsideBlockParser	ssg.md.ext.aside.internal.AsideBlockParser#block	val	e9137c9ed3557511
ssg.md.ext.aside.internal.AsideBlockParser	ssg.md.ext.aside.internal.AsideBlockParser#canContain(ParserState,BlockParser,Block)	def	87dd2637a0b53e9a
ssg.md.ext.aside.internal.AsideBlockParser	ssg.md.ext.aside.internal.AsideBlockParser#closeBlock(ParserState)	def	dbd87f8cb8590dfa
ssg.md.ext.aside.internal.AsideBlockParser	ssg.md.ext.aside.internal.AsideBlockParser#continueToBlankLine	val	c077876b565f780e
ssg.md.ext.aside.internal.AsideBlockParser	ssg.md.ext.aside.internal.AsideBlockParser#endsWithMarker(BasedSequence)	def	9ee64eab2de26484
ssg.md.ext.aside.internal.AsideBlockParser	ssg.md.ext.aside.internal.AsideBlockParser#getBlock()	def	eb5ef587b3e4adbb
ssg.md.ext.aside.internal.AsideBlockParser	ssg.md.ext.aside.internal.AsideBlockParser#ignoreBlankLine	val	fef5a36072204124
ssg.md.ext.aside.internal.AsideBlockParser	ssg.md.ext.aside.internal.AsideBlockParser#interruptsItemParagraph	val	735911686529c141
ssg.md.ext.aside.internal.AsideBlockParser	ssg.md.ext.aside.internal.AsideBlockParser#interruptsParagraph	val	5d3ba1b9a4d4758a
ssg.md.ext.aside.internal.AsideBlockParser	ssg.md.ext.aside.internal.AsideBlockParser#isContainer()	def	796833c6861d0bcf
ssg.md.ext.aside.internal.AsideBlockParser	ssg.md.ext.aside.internal.AsideBlockParser#isMarker(ParserState,int,boolean,boolean,boolean,boolean,boolean,boolean)	def	e9249790d04af06c
ssg.md.ext.aside.internal.AsideBlockParser	ssg.md.ext.aside.internal.AsideBlockParser#isPropagatingLastBlankLine(BlockParser)	def	2f12b66745788636
ssg.md.ext.aside.internal.AsideBlockParser	ssg.md.ext.aside.internal.AsideBlockParser#lastWasBlankLine	val	c7374c8d55822c2f
ssg.md.ext.aside.internal.AsideBlockParser	ssg.md.ext.aside.internal.AsideBlockParser#tryContinue(ParserState)	def	145550dc342f4c2c
ssg.md.ext.aside.internal.AsideBlockParser	ssg.md.ext.aside.internal.AsideBlockParser#withLeadSpacesInterruptsItemParagraph	val	9a5e114e809fb164
ssg.md.ext.aside.internal.AsideBlockParser	ssg.md.ext.aside.internal.AsideBlockParser$AsideLeadInHandler	class	a09990625b9e97a0
ssg.md.ext.aside.internal.AsideBlockParser	ssg.md.ext.aside.internal.AsideBlockParser$AsideLeadInHandler#HANDLER	val	c7bfc82439ce1061
ssg.md.ext.aside.internal.AsideBlockParser	ssg.md.ext.aside.internal.AsideBlockParser$BlockFactory	class	dc1f29441881029d
ssg.md.ext.aside.internal.AsideBlockParser	ssg.md.ext.aside.internal.AsideBlockParser$BlockFactory#<stmt1>	stmt	71ba9ec126df7962
ssg.md.ext.aside.internal.AsideBlockParser	ssg.md.ext.aside.internal.AsideBlockParser$BlockFactory#<stmt2>	stmt	6ed8255240620002
ssg.md.ext.aside.internal.AsideBlockParser	ssg.md.ext.aside.internal.AsideBlockParser$BlockFactory#<stmt3>	stmt	34b77901db882b35
ssg.md.ext.aside.internal.AsideBlockParser	ssg.md.ext.aside.internal.AsideBlockParser$BlockFactory#<stmt4>	stmt	84f3acdfa30fe8ca
ssg.md.ext.aside.internal.AsideBlockParser	ssg.md.ext.aside.internal.AsideBlockParser$BlockFactory#allowLeadingSpace	val	96d414545e125941
ssg.md.ext.aside.internal.AsideBlockParser	ssg.md.ext.aside.internal.AsideBlockParser$BlockFactory#interruptsItemParagraph	val	aac4a50efadae071
ssg.md.ext.aside.internal.AsideBlockParser	ssg.md.ext.aside.internal.AsideBlockParser$BlockFactory#interruptsParagraph	val	ceb1555c753abe86
ssg.md.ext.aside.internal.AsideBlockParser	ssg.md.ext.aside.internal.AsideBlockParser$BlockFactory#tryStart(ParserState,MatchedBlockParser)	def	43eaa5cdcae243a9
ssg.md.ext.aside.internal.AsideBlockParser	ssg.md.ext.aside.internal.AsideBlockParser$BlockFactory#withLeadSpacesInterruptsItemParagraph	val	7e0332b7f5f52eda
ssg.md.ext.aside.internal.AsideBlockParser	ssg.md.ext.aside.internal.AsideBlockParser$Factory	class	c076c66eb214ed21
ssg.md.ext.aside.internal.AsideBlockParser	ssg.md.ext.aside.internal.AsideBlockParser$Factory#affectsGlobalScope()	def	235a051e89e1f64d
ssg.md.ext.aside.internal.AsideBlockParser	ssg.md.ext.aside.internal.AsideBlockParser$Factory#apply(DataHolder)	def	448197bf89e11cb7
ssg.md.ext.aside.internal.AsideBlockParser	ssg.md.ext.aside.internal.AsideBlockParser$Factory#getAfterDependents()	def	6becd531a88808fa
ssg.md.ext.aside.internal.AsideBlockParser	ssg.md.ext.aside.internal.AsideBlockParser$Factory#getBeforeDependents()	def	fb45f651ab8ee97b
ssg.md.ext.aside.internal.AsideBlockParser	ssg.md.ext.aside.internal.AsideBlockParser$Factory#getLeadInHandler(DataHolder)	def	bf157f12bd68a26f
ssg.md.ext.aside.internal.AsideNodeFormatter	ssg.md.ext.aside.internal.AsideNodeFormatter	class	d7456b915ee7ad36
ssg.md.ext.aside.internal.AsideNodeFormatter	ssg.md.ext.aside.internal.AsideNodeFormatter#getBlockQuoteLikePrefixChar()	def	d0ffedbee09d23cf
ssg.md.ext.aside.internal.AsideNodeFormatter	ssg.md.ext.aside.internal.AsideNodeFormatter#getNodeClasses()	def	161f9731ef5945f3
ssg.md.ext.aside.internal.AsideNodeFormatter	ssg.md.ext.aside.internal.AsideNodeFormatter#getNodeFormattingHandlers()	def	24d72de6a20bcaf8
ssg.md.ext.aside.internal.AsideNodeFormatter	ssg.md.ext.aside.internal.AsideNodeFormatter#render(AsideBlock,NodeFormatterContext,MarkdownWriter)	def	d2e5518602e1bab9
ssg.md.ext.aside.internal.AsideNodeFormatter	ssg.md.ext.aside.internal.AsideNodeFormatter$Factory	class	131b6a8e5177ea73
ssg.md.ext.aside.internal.AsideNodeFormatter	ssg.md.ext.aside.internal.AsideNodeFormatter$Factory#create(DataHolder)	def	fac6c88f2daacb87
ssg.md.ext.aside.internal.AsideNodeRenderer	ssg.md.ext.aside.internal.AsideNodeRenderer	class	4630d5730a0f5d77
ssg.md.ext.aside.internal.AsideNodeRenderer	ssg.md.ext.aside.internal.AsideNodeRenderer#getNodeRenderingHandlers()	def	a9c1f070a5cacb44
ssg.md.ext.aside.internal.AsideNodeRenderer	ssg.md.ext.aside.internal.AsideNodeRenderer#render(AsideBlock,NodeRendererContext,HtmlWriter)	def	7b79923db2ad5e98
ssg.md.ext.aside.internal.AsideNodeRenderer	ssg.md.ext.aside.internal.AsideNodeRenderer$Factory	class	690a18c8e0be8cc6
ssg.md.ext.aside.internal.AsideNodeRenderer	ssg.md.ext.aside.internal.AsideNodeRenderer$Factory#apply(DataHolder)	def	7a5743d3354c0a5e
ssg.md.ext.aside.internal.AsideOptions	ssg.md.ext.aside.internal.AsideOptions	class	659427fb43855892
ssg.md.ext.aside.internal.AsideOptions	ssg.md.ext.aside.internal.AsideOptions#<stmt1>	stmt	3b566aa8d30890d4
ssg.md.ext.aside.internal.AsideOptions	ssg.md.ext.aside.internal.AsideOptions#<stmt2>	stmt	b09d29948c99df47
ssg.md.ext.aside.internal.AsideOptions	ssg.md.ext.aside.internal.AsideOptions#<stmt3>	stmt	68e074451d30c648
ssg.md.ext.aside.internal.AsideOptions	ssg.md.ext.aside.internal.AsideOptions#<stmt4>	stmt	b324e65a6b18b17d
ssg.md.ext.aside.internal.AsideOptions	ssg.md.ext.aside.internal.AsideOptions#<stmt5>	stmt	a8a761270813bc71
ssg.md.ext.aside.internal.AsideOptions	ssg.md.ext.aside.internal.AsideOptions#<stmt6>	stmt	f674bada761f2f28
ssg.md.ext.aside.internal.AsideOptions	ssg.md.ext.aside.internal.AsideOptions#allowLeadingSpace	val	066d093706b84578
ssg.md.ext.aside.internal.AsideOptions	ssg.md.ext.aside.internal.AsideOptions#extendToBlankLine	val	bed2f7e737a41029
ssg.md.ext.aside.internal.AsideOptions	ssg.md.ext.aside.internal.AsideOptions#ignoreBlankLine	val	7cf5358d925df741
ssg.md.ext.aside.internal.AsideOptions	ssg.md.ext.aside.internal.AsideOptions#interruptsItemParagraph	val	4752470d2452aa81
ssg.md.ext.aside.internal.AsideOptions	ssg.md.ext.aside.internal.AsideOptions#interruptsParagraph	val	4721aeca6b67187d
ssg.md.ext.aside.internal.AsideOptions	ssg.md.ext.aside.internal.AsideOptions#withLeadSpacesInterruptsItemParagraph	val	032bcc329aabc279
ssg.md.ext.autolink.AutolinkExtension	ssg.md.ext.autolink.AutolinkExtension	class	d3c05dfc6b7d4678
ssg.md.ext.autolink.AutolinkExtension	ssg.md.ext.autolink.AutolinkExtension#IGNORE_LINKS	val	34000a4114e5d24b
ssg.md.ext.autolink.AutolinkExtension	ssg.md.ext.autolink.AutolinkExtension#create()	def	b34b3238841a2971
ssg.md.ext.autolink.AutolinkExtension	ssg.md.ext.autolink.AutolinkExtension#extend(Builder)	def	ae8fa22172775c7f
ssg.md.ext.autolink.AutolinkExtension	ssg.md.ext.autolink.AutolinkExtension#parserOptions(MutableDataHolder)	def	55bdf57bb16d44c0
ssg.md.ext.autolink.internal.AutolinkNodePostProcessor	ignoreLinks	val	9773e02a38c17667
ssg.md.ext.autolink.internal.AutolinkNodePostProcessor	ssg.md.ext.autolink.internal.AutolinkNodePostProcessor	class	ba150c3142572ac4
ssg.md.ext.autolink.internal.AutolinkNodePostProcessor	ssg.md.ext.autolink.internal.AutolinkNodePostProcessor#<stmt1>	stmt	670cd9b30309288d
ssg.md.ext.autolink.internal.AutolinkNodePostProcessor	ssg.md.ext.autolink.internal.AutolinkNodePostProcessor#<stmt2>	stmt	4bda43e75821c9e4
ssg.md.ext.autolink.internal.AutolinkNodePostProcessor	ssg.md.ext.autolink.internal.AutolinkNodePostProcessor#URI_PREFIX	val	5f0859302cbfab92
ssg.md.ext.autolink.internal.AutolinkNodePostProcessor	ssg.md.ext.autolink.internal.AutolinkNodePostProcessor#ignoredLinks	val	31c6a46fd436ffa1
ssg.md.ext.autolink.internal.AutolinkNodePostProcessor	ssg.md.ext.autolink.internal.AutolinkNodePostProcessor#intellijDummyIdentifier	val	ecf3da63cf25520d
ssg.md.ext.autolink.internal.AutolinkNodePostProcessor	ssg.md.ext.autolink.internal.AutolinkNodePostProcessor#isIgnoredLinkPrefix(CharSequence)	def	44bd0199c53439f5
ssg.md.ext.autolink.internal.AutolinkNodePostProcessor	ssg.md.ext.autolink.internal.AutolinkNodePostProcessor#linkExtractor	val	db924326896f13f8
ssg.md.ext.autolink.internal.AutolinkNodePostProcessor	ssg.md.ext.autolink.internal.AutolinkNodePostProcessor#process(NodeTracker,Node)	def	de67c6b3addfaeca
ssg.md.ext.autolink.internal.AutolinkNodePostProcessor	ssg.md.ext.autolink.internal.AutolinkNodePostProcessor$DummyLinkSpan	class	506a4b0fa7e2b2ff
ssg.md.ext.autolink.internal.AutolinkNodePostProcessor	ssg.md.ext.autolink.internal.AutolinkNodePostProcessor$DummyLinkSpan#<stmt1>	stmt	75d21a9c5731737b
ssg.md.ext.autolink.internal.AutolinkNodePostProcessor	ssg.md.ext.autolink.internal.AutolinkNodePostProcessor$DummyLinkSpan#<stmt2>	stmt	613a7fbb5a150048
ssg.md.ext.autolink.internal.AutolinkNodePostProcessor	ssg.md.ext.autolink.internal.AutolinkNodePostProcessor$DummyLinkSpan#<stmt3>	stmt	0ac7ef3ebbfad718
ssg.md.ext.autolink.internal.AutolinkNodePostProcessor	ssg.md.ext.autolink.internal.AutolinkNodePostProcessor$DummyLinkSpan#beginIndex	val	06b30d1239a154f1
ssg.md.ext.autolink.internal.AutolinkNodePostProcessor	ssg.md.ext.autolink.internal.AutolinkNodePostProcessor$DummyLinkSpan#endIndex	val	813a5101c656d0c7
ssg.md.ext.autolink.internal.AutolinkNodePostProcessor	ssg.md.ext.autolink.internal.AutolinkNodePostProcessor$DummyLinkSpan#getBeginIndex()	def	03821ce0e978c2ef
ssg.md.ext.autolink.internal.AutolinkNodePostProcessor	ssg.md.ext.autolink.internal.AutolinkNodePostProcessor$DummyLinkSpan#getEndIndex()	def	2607a33754d57c91
ssg.md.ext.autolink.internal.AutolinkNodePostProcessor	ssg.md.ext.autolink.internal.AutolinkNodePostProcessor$DummyLinkSpan#getType()	def	e33b0ce6f1fa3502
ssg.md.ext.autolink.internal.AutolinkNodePostProcessor	ssg.md.ext.autolink.internal.AutolinkNodePostProcessor$DummyLinkSpan#linkType	val	2dfd14709804bc85
ssg.md.ext.autolink.internal.AutolinkNodePostProcessor	ssg.md.ext.autolink.internal.AutolinkNodePostProcessor$Factory	class	f165ae954a0419e6
ssg.md.ext.autolink.internal.AutolinkNodePostProcessor	ssg.md.ext.autolink.internal.AutolinkNodePostProcessor$Factory#<stmt1>	stmt	a47672b15f8680a8
ssg.md.ext.autolink.internal.AutolinkNodePostProcessor	ssg.md.ext.autolink.internal.AutolinkNodePostProcessor$Factory#apply(Document)	def	b0500750268cc623
ssg.md.ext.escaped.character.EscapedCharacter	ssg.md.ext.escaped.character.EscapedCharacter	class	f42b0d93552c6f44
ssg.md.ext.escaped.character.EscapedCharacter	ssg.md.ext.escaped.character.EscapedCharacter#<init>(BasedSequence)	ctor	2f5cfc98896beb36
ssg.md.ext.escaped.character.EscapedCharacter	ssg.md.ext.escaped.character.EscapedCharacter#<init>(BasedSequence,BasedSequence)	ctor	5da10ef20a543cf3
ssg.md.ext.escaped.character.EscapedCharacter	ssg.md.ext.escaped.character.EscapedCharacter#getAstExtra(StringBuilder)	def	0b3fd167f5434340
ssg.md.ext.escaped.character.EscapedCharacter	ssg.md.ext.escaped.character.EscapedCharacter#getOpeningMarker()	def	313b4c67749a6b8d
ssg.md.ext.escaped.character.EscapedCharacter	ssg.md.ext.escaped.character.EscapedCharacter#getSegments()	def	54ea6f8b07c54645
ssg.md.ext.escaped.character.EscapedCharacter	ssg.md.ext.escaped.character.EscapedCharacter#getText()	def	3da0c428a2e750e8
ssg.md.ext.escaped.character.EscapedCharacter	ssg.md.ext.escaped.character.EscapedCharacter#openingMarker	val	1d65f09d033fae3c
ssg.md.ext.escaped.character.EscapedCharacter	ssg.md.ext.escaped.character.EscapedCharacter#setOpeningMarker(BasedSequence)	def	1f85000de7611c5c
ssg.md.ext.escaped.character.EscapedCharacter	ssg.md.ext.escaped.character.EscapedCharacter#setText(BasedSequence)	def	2c3f1c6c74518179
ssg.md.ext.escaped.character.EscapedCharacter	ssg.md.ext.escaped.character.EscapedCharacter#text	val	64d33954ae9e2f20
ssg.md.ext.escaped.character.EscapedCharacterExtension	ssg.md.ext.escaped.character.EscapedCharacterExtension	class	756a837a16e2d54b
ssg.md.ext.escaped.character.EscapedCharacterExtension	ssg.md.ext.escaped.character.EscapedCharacterExtension#create()	def	1a28444b9ff21c79
ssg.md.ext.escaped.character.EscapedCharacterExtension	ssg.md.ext.escaped.character.EscapedCharacterExtension#extend(Builder)	def	0ccc15ea49c73afc
ssg.md.ext.escaped.character.EscapedCharacterExtension	ssg.md.ext.escaped.character.EscapedCharacterExtension#extend(Builder,String)	def	eb43634e9a2d75fe
ssg.md.ext.escaped.character.EscapedCharacterExtension	ssg.md.ext.escaped.character.EscapedCharacterExtension#parserOptions(MutableDataHolder)	def	55bdf57bb16d44c0
ssg.md.ext.escaped.character.EscapedCharacterExtension	ssg.md.ext.escaped.character.EscapedCharacterExtension#rendererOptions(MutableDataHolder)	def	e3e165e739f41514
ssg.md.ext.escaped.character.EscapedCharacterVisitor	ssg.md.ext.escaped.character.EscapedCharacterVisitor	class	a77df5aaa673f09b
ssg.md.ext.escaped.character.EscapedCharacterVisitor	ssg.md.ext.escaped.character.EscapedCharacterVisitor#visit(EscapedCharacter)	def	612d983e64c45b9e
ssg.md.ext.escaped.character.EscapedCharacterVisitorExt	ssg.md.ext.escaped.character.EscapedCharacterVisitorExt	class	c73be5801bbf48d0
ssg.md.ext.escaped.character.EscapedCharacterVisitorExt	ssg.md.ext.escaped.character.EscapedCharacterVisitorExt#VISIT_HANDLERS(V)	def	000a1e2919d25b9f
ssg.md.ext.escaped.character.internal.EscapedCharacterNodePostProcessor	ssg.md.ext.escaped.character.internal.EscapedCharacterNodePostProcessor	class	b80a9aa5aa02adb0
ssg.md.ext.escaped.character.internal.EscapedCharacterNodePostProcessor	ssg.md.ext.escaped.character.internal.EscapedCharacterNodePostProcessor#process(NodeTracker,Node)	def	c6e409b5909c54ce
ssg.md.ext.escaped.character.internal.EscapedCharacterNodePostProcessor	ssg.md.ext.escaped.character.internal.EscapedCharacterNodePostProcessor$Factory	class	7c75351e26191646
ssg.md.ext.escaped.character.internal.EscapedCharacterNodePostProcessor	ssg.md.ext.escaped.character.internal.EscapedCharacterNodePostProcessor$Factory#<stmt1>	stmt	5d4e1f92644568f3
ssg.md.ext.escaped.character.internal.EscapedCharacterNodePostProcessor	ssg.md.ext.escaped.character.internal.EscapedCharacterNodePostProcessor$Factory#apply(Document)	def	6ef7d7c41603947b
ssg.md.ext.escaped.character.internal.EscapedCharacterNodeRenderer	ssg.md.ext.escaped.character.internal.EscapedCharacterNodeRenderer	class	2b5898901cade6dc
ssg.md.ext.escaped.character.internal.EscapedCharacterNodeRenderer	ssg.md.ext.escaped.character.internal.EscapedCharacterNodeRenderer#<stmt1>	stmt	002d38ec5537197b
ssg.md.ext.escaped.character.internal.EscapedCharacterNodeRenderer	ssg.md.ext.escaped.character.internal.EscapedCharacterNodeRenderer#getNodeRenderingHandlers()	def	1f5bfaf250eb3220
ssg.md.ext.escaped.character.internal.EscapedCharacterNodeRenderer	ssg.md.ext.escaped.character.internal.EscapedCharacterNodeRenderer#options	val	1e6ca7a97127ee23
ssg.md.ext.escaped.character.internal.EscapedCharacterNodeRenderer	ssg.md.ext.escaped.character.internal.EscapedCharacterNodeRenderer#render(EscapedCharacter,NodeRendererContext,HtmlWriter)	def	c6b0c117efa814b9
ssg.md.ext.escaped.character.internal.EscapedCharacterNodeRenderer	ssg.md.ext.escaped.character.internal.EscapedCharacterNodeRenderer$Factory	class	f87e103dd721902c
ssg.md.ext.escaped.character.internal.EscapedCharacterNodeRenderer	ssg.md.ext.escaped.character.internal.EscapedCharacterNodeRenderer$Factory#apply(DataHolder)	def	67fd124f32cf3b32
ssg.md.ext.escaped.character.internal.EscapedCharacterOptions	ssg.md.ext.escaped.character.internal.EscapedCharacterOptions	class	6da31ea0c9229648
ssg.md.ext.gfm.issues.GfmIssue	ssg.md.ext.gfm.issues.GfmIssue	class	21fae6504bfe6609
ssg.md.ext.gfm.issues.GfmIssue	ssg.md.ext.gfm.issues.GfmIssue#<init>(BasedSequence)	ctor	2f5cfc98896beb36
ssg.md.ext.gfm.issues.GfmIssue	ssg.md.ext.gfm.issues.GfmIssue#<init>(BasedSequence,BasedSequence)	ctor	41f3882798cd6805
ssg.md.ext.gfm.issues.GfmIssue	ssg.md.ext.gfm.issues.GfmIssue#getAstExtra(StringBuilder)	def	0b3fd167f5434340
ssg.md.ext.gfm.issues.GfmIssue	ssg.md.ext.gfm.issues.GfmIssue#getOpeningMarker()	def	313b4c67749a6b8d
ssg.md.ext.gfm.issues.GfmIssue	ssg.md.ext.gfm.issues.GfmIssue#getSegments()	def	54ea6f8b07c54645
ssg.md.ext.gfm.issues.GfmIssue	ssg.md.ext.gfm.issues.GfmIssue#getText()	def	3da0c428a2e750e8
ssg.md.ext.gfm.issues.GfmIssue	ssg.md.ext.gfm.issues.GfmIssue#openingMarker	val	37846b94fc8f2f70
ssg.md.ext.gfm.issues.GfmIssue	ssg.md.ext.gfm.issues.GfmIssue#setOpeningMarker(BasedSequence)	def	1f85000de7611c5c
ssg.md.ext.gfm.issues.GfmIssue	ssg.md.ext.gfm.issues.GfmIssue#setText(BasedSequence)	def	2c3f1c6c74518179
ssg.md.ext.gfm.issues.GfmIssue	ssg.md.ext.gfm.issues.GfmIssue#text	val	6237a40a939b7f4e
ssg.md.ext.gfm.issues.GfmIssuesExtension	ssg.md.ext.gfm.issues.GfmIssuesExtension	class	c0203a82c7013860
ssg.md.ext.gfm.issues.GfmIssuesExtension	ssg.md.ext.gfm.issues.GfmIssuesExtension#GIT_HUB_ISSUES_URL_ROOT	val	c5f7017a9fb0dc55
ssg.md.ext.gfm.issues.GfmIssuesExtension	ssg.md.ext.gfm.issues.GfmIssuesExtension#GIT_HUB_ISSUE_HTML_PREFIX	val	ba9941d6dcdd7811
ssg.md.ext.gfm.issues.GfmIssuesExtension	ssg.md.ext.gfm.issues.GfmIssuesExtension#GIT_HUB_ISSUE_HTML_SUFFIX	val	eb7a1dbe45309581
ssg.md.ext.gfm.issues.GfmIssuesExtension	ssg.md.ext.gfm.issues.GfmIssuesExtension#GIT_HUB_ISSUE_URL_PREFIX	val	3125014c79e5c919
ssg.md.ext.gfm.issues.GfmIssuesExtension	ssg.md.ext.gfm.issues.GfmIssuesExtension#GIT_HUB_ISSUE_URL_SUFFIX	val	b0332653420ff86f
ssg.md.ext.gfm.issues.GfmIssuesExtension	ssg.md.ext.gfm.issues.GfmIssuesExtension#create()	def	cd9e9366ff6a20bc
ssg.md.ext.gfm.issues.GfmIssuesExtension	ssg.md.ext.gfm.issues.GfmIssuesExtension#extend(Builder)	def	7cadf876e84a0dec
ssg.md.ext.gfm.issues.GfmIssuesExtension	ssg.md.ext.gfm.issues.GfmIssuesExtension#extend(Builder,String)	def	34316468863e9870
ssg.md.ext.gfm.issues.GfmIssuesExtension	ssg.md.ext.gfm.issues.GfmIssuesExtension#parserOptions(MutableDataHolder)	def	55bdf57bb16d44c0
ssg.md.ext.gfm.issues.GfmIssuesExtension	ssg.md.ext.gfm.issues.GfmIssuesExtension#rendererOptions(MutableDataHolder)	def	e3e165e739f41514
ssg.md.ext.gfm.issues.GfmIssuesVisitor	ssg.md.ext.gfm.issues.GfmIssuesVisitor	class	a5dcc1477a5e7ae0
ssg.md.ext.gfm.issues.GfmIssuesVisitor	ssg.md.ext.gfm.issues.GfmIssuesVisitor#visit(GfmIssue)	def	18966907b84b8ac6
ssg.md.ext.gfm.issues.GfmIssuesVisitorExt	ssg.md.ext.gfm.issues.GfmIssuesVisitorExt	class	5096e9edf1930cd3
ssg.md.ext.gfm.issues.GfmIssuesVisitorExt	ssg.md.ext.gfm.issues.GfmIssuesVisitorExt#VISIT_HANDLERS(V)	def	879bcdcc279ebf62
ssg.md.ext.gfm.issues.internal.GfmIssuesInlineParserExtension	ssg.md.ext.gfm.issues.internal.GfmIssuesInlineParserExtension	class	d3eb4568d7b8fedd
ssg.md.ext.gfm.issues.internal.GfmIssuesInlineParserExtension	ssg.md.ext.gfm.issues.internal.GfmIssuesInlineParserExtension#GITHUB_ISSUE	val	8b7665a39047bcd7
ssg.md.ext.gfm.issues.internal.GfmIssuesInlineParserExtension	ssg.md.ext.gfm.issues.internal.GfmIssuesInlineParserExtension#finalizeBlock(InlineParser)	def	72d94a51fdb25bb8
ssg.md.ext.gfm.issues.internal.GfmIssuesInlineParserExtension	ssg.md.ext.gfm.issues.internal.GfmIssuesInlineParserExtension#finalizeDocument(InlineParser)	def	eea623a02c675979
ssg.md.ext.gfm.issues.internal.GfmIssuesInlineParserExtension	ssg.md.ext.gfm.issues.internal.GfmIssuesInlineParserExtension#parse(LightInlineParser)	def	52c242693ffc4bbd
ssg.md.ext.gfm.issues.internal.GfmIssuesInlineParserExtension	ssg.md.ext.gfm.issues.internal.GfmIssuesInlineParserExtension$Factory	class	9f9389926ae9d35c
ssg.md.ext.gfm.issues.internal.GfmIssuesInlineParserExtension	ssg.md.ext.gfm.issues.internal.GfmIssuesInlineParserExtension$Factory#affectsGlobalScope()	def	235a051e89e1f64d
ssg.md.ext.gfm.issues.internal.GfmIssuesInlineParserExtension	ssg.md.ext.gfm.issues.internal.GfmIssuesInlineParserExtension$Factory#apply(LightInlineParser)	def	93baaa77748e8017
ssg.md.ext.gfm.issues.internal.GfmIssuesInlineParserExtension	ssg.md.ext.gfm.issues.internal.GfmIssuesInlineParserExtension$Factory#getAfterDependents()	def	213b28c06aa583d9
ssg.md.ext.gfm.issues.internal.GfmIssuesInlineParserExtension	ssg.md.ext.gfm.issues.internal.GfmIssuesInlineParserExtension$Factory#getBeforeDependents()	def	5c7dbfddf1d4d275
ssg.md.ext.gfm.issues.internal.GfmIssuesInlineParserExtension	ssg.md.ext.gfm.issues.internal.GfmIssuesInlineParserExtension$Factory#getCharacters()	def	0c0f11edfb913f8a
ssg.md.ext.gfm.issues.internal.GfmIssuesJiraRenderer	ssg.md.ext.gfm.issues.internal.GfmIssuesJiraRenderer	class	01871b174a0fc492
ssg.md.ext.gfm.issues.internal.GfmIssuesJiraRenderer	ssg.md.ext.gfm.issues.internal.GfmIssuesJiraRenderer#<stmt1>	stmt	19dd35320c6cb1ee
ssg.md.ext.gfm.issues.internal.GfmIssuesJiraRenderer	ssg.md.ext.gfm.issues.internal.GfmIssuesJiraRenderer#getNodeRenderingHandlers()	def	d1b7e6def19ae4dc
ssg.md.ext.gfm.issues.internal.GfmIssuesJiraRenderer	ssg.md.ext.gfm.issues.internal.GfmIssuesJiraRenderer#options	val	16a40e998645f5df
ssg.md.ext.gfm.issues.internal.GfmIssuesJiraRenderer	ssg.md.ext.gfm.issues.internal.GfmIssuesJiraRenderer#render(GfmIssue,NodeRendererContext,HtmlWriter)	def	cf2a81f09eca1ae3
ssg.md.ext.gfm.issues.internal.GfmIssuesJiraRenderer	ssg.md.ext.gfm.issues.internal.GfmIssuesJiraRenderer$Factory	class	4e24ae95b0339d9c
ssg.md.ext.gfm.issues.internal.GfmIssuesJiraRenderer	ssg.md.ext.gfm.issues.internal.GfmIssuesJiraRenderer$Factory#apply(DataHolder)	def	ba947327d177b432
ssg.md.ext.gfm.issues.internal.GfmIssuesNodeRenderer	ssg.md.ext.gfm.issues.internal.GfmIssuesNodeRenderer	class	f78dedb0ea068f17
ssg.md.ext.gfm.issues.internal.GfmIssuesNodeRenderer	ssg.md.ext.gfm.issues.internal.GfmIssuesNodeRenderer#<stmt1>	stmt	19dd35320c6cb1ee
ssg.md.ext.gfm.issues.internal.GfmIssuesNodeRenderer	ssg.md.ext.gfm.issues.internal.GfmIssuesNodeRenderer#getNodeRenderingHandlers()	def	0eb75c3e0544c285
ssg.md.ext.gfm.issues.internal.GfmIssuesNodeRenderer	ssg.md.ext.gfm.issues.internal.GfmIssuesNodeRenderer#options	val	16a40e998645f5df
ssg.md.ext.gfm.issues.internal.GfmIssuesNodeRenderer	ssg.md.ext.gfm.issues.internal.GfmIssuesNodeRenderer#render(GfmIssue,NodeRendererContext,HtmlWriter)	def	5252324ac8ee6aa5
ssg.md.ext.gfm.issues.internal.GfmIssuesNodeRenderer	ssg.md.ext.gfm.issues.internal.GfmIssuesNodeRenderer$Factory	class	49bd0d95aa71d3ec
ssg.md.ext.gfm.issues.internal.GfmIssuesNodeRenderer	ssg.md.ext.gfm.issues.internal.GfmIssuesNodeRenderer$Factory#apply(DataHolder)	def	3967b6d0a0a8e768
ssg.md.ext.gfm.issues.internal.GfmIssuesOptions	ssg.md.ext.gfm.issues.internal.GfmIssuesOptions	class	7bccf1dae0a6a53a
ssg.md.ext.gfm.issues.internal.GfmIssuesOptions	ssg.md.ext.gfm.issues.internal.GfmIssuesOptions#<stmt1>	stmt	7915c61a85bbad3d
ssg.md.ext.gfm.issues.internal.GfmIssuesOptions	ssg.md.ext.gfm.issues.internal.GfmIssuesOptions#<stmt2>	stmt	d1915dba1da189d3
ssg.md.ext.gfm.issues.internal.GfmIssuesOptions	ssg.md.ext.gfm.issues.internal.GfmIssuesOptions#<stmt3>	stmt	a6462321906494a7
ssg.md.ext.gfm.issues.internal.GfmIssuesOptions	ssg.md.ext.gfm.issues.internal.GfmIssuesOptions#<stmt4>	stmt	51fc241363189b59
ssg.md.ext.gfm.issues.internal.GfmIssuesOptions	ssg.md.ext.gfm.issues.internal.GfmIssuesOptions#<stmt5>	stmt	73a526fbcd27bc08
ssg.md.ext.gfm.issues.internal.GfmIssuesOptions	ssg.md.ext.gfm.issues.internal.GfmIssuesOptions#gitHubIssueTextPrefix	val	679ccad8cec2e21a
ssg.md.ext.gfm.issues.internal.GfmIssuesOptions	ssg.md.ext.gfm.issues.internal.GfmIssuesOptions#gitHubIssueTextSuffix	val	7b268a0829565a3e
ssg.md.ext.gfm.issues.internal.GfmIssuesOptions	ssg.md.ext.gfm.issues.internal.GfmIssuesOptions#gitHubIssueUrlPrefix	val	9c9043ffe58d1b20
ssg.md.ext.gfm.issues.internal.GfmIssuesOptions	ssg.md.ext.gfm.issues.internal.GfmIssuesOptions#gitHubIssueUrlSuffix	val	f94c30ce8b0d9264
ssg.md.ext.gfm.issues.internal.GfmIssuesOptions	ssg.md.ext.gfm.issues.internal.GfmIssuesOptions#gitHubIssuesUrlRoot	val	454756bbd70de08e
ssg.md.ext.gfm.issues.internal.GfmIssuesOptions	ssg.md.ext.gfm.issues.internal.GfmIssuesOptions#setIn(MutableDataHolder)	def	5b718b58e0a79400
ssg.md.ext.gfm.users.GfmUser	ssg.md.ext.gfm.users.GfmUser	class	23b387cbabb5a61a
ssg.md.ext.gfm.users.GfmUser	ssg.md.ext.gfm.users.GfmUser#<init>(BasedSequence)	ctor	2f5cfc98896beb36
ssg.md.ext.gfm.users.GfmUser	ssg.md.ext.gfm.users.GfmUser#<init>(BasedSequence,BasedSequence)	ctor	41f3882798cd6805
ssg.md.ext.gfm.users.GfmUser	ssg.md.ext.gfm.users.GfmUser#getAstExtra(StringBuilder)	def	0b3fd167f5434340
ssg.md.ext.gfm.users.GfmUser	ssg.md.ext.gfm.users.GfmUser#getOpeningMarker()	def	313b4c67749a6b8d
ssg.md.ext.gfm.users.GfmUser	ssg.md.ext.gfm.users.GfmUser#getSegments()	def	54ea6f8b07c54645
ssg.md.ext.gfm.users.GfmUser	ssg.md.ext.gfm.users.GfmUser#getText()	def	3da0c428a2e750e8
ssg.md.ext.gfm.users.GfmUser	ssg.md.ext.gfm.users.GfmUser#openingMarker	val	c6395c898a4d7a5e
ssg.md.ext.gfm.users.GfmUser	ssg.md.ext.gfm.users.GfmUser#setOpeningMarker(BasedSequence)	def	1f85000de7611c5c
ssg.md.ext.gfm.users.GfmUser	ssg.md.ext.gfm.users.GfmUser#setText(BasedSequence)	def	2c3f1c6c74518179
ssg.md.ext.gfm.users.GfmUser	ssg.md.ext.gfm.users.GfmUser#text	val	163ea141e857bba4
ssg.md.ext.gfm.users.GfmUsersExtension	ssg.md.ext.gfm.users.GfmUsersExtension	class	80761681e04980e0
ssg.md.ext.gfm.users.GfmUsersExtension	ssg.md.ext.gfm.users.GfmUsersExtension#GIT_HUB_USERS_URL_ROOT	val	f6675117d46674fc
ssg.md.ext.gfm.users.GfmUsersExtension	ssg.md.ext.gfm.users.GfmUsersExtension#GIT_HUB_USER_HTML_PREFIX	val	4b936e87d0fa98a1
ssg.md.ext.gfm.users.GfmUsersExtension	ssg.md.ext.gfm.users.GfmUsersExtension#GIT_HUB_USER_HTML_SUFFIX	val	dcb4cbf33efd3e74
ssg.md.ext.gfm.users.GfmUsersExtension	ssg.md.ext.gfm.users.GfmUsersExtension#GIT_HUB_USER_URL_PREFIX	val	1069a7cc7e191729
ssg.md.ext.gfm.users.GfmUsersExtension	ssg.md.ext.gfm.users.GfmUsersExtension#GIT_HUB_USER_URL_SUFFIX	val	48143b4f8c1e2214
ssg.md.ext.gfm.users.GfmUsersExtension	ssg.md.ext.gfm.users.GfmUsersExtension#create()	def	8a63dd594c3da681
ssg.md.ext.gfm.users.GfmUsersExtension	ssg.md.ext.gfm.users.GfmUsersExtension#extend(Builder)	def	1eab6996626fa5e3
ssg.md.ext.gfm.users.GfmUsersExtension	ssg.md.ext.gfm.users.GfmUsersExtension#extend(Builder,String)	def	66ef96e215a90cb2
ssg.md.ext.gfm.users.GfmUsersExtension	ssg.md.ext.gfm.users.GfmUsersExtension#parserOptions(MutableDataHolder)	def	55bdf57bb16d44c0
ssg.md.ext.gfm.users.GfmUsersExtension	ssg.md.ext.gfm.users.GfmUsersExtension#rendererOptions(MutableDataHolder)	def	e3e165e739f41514
ssg.md.ext.gfm.users.GfmUsersVisitor	ssg.md.ext.gfm.users.GfmUsersVisitor	class	b34899f4714e10e7
ssg.md.ext.gfm.users.GfmUsersVisitor	ssg.md.ext.gfm.users.GfmUsersVisitor#visit(GfmUser)	def	118772bad73627e0
ssg.md.ext.gfm.users.GfmUsersVisitorExt	ssg.md.ext.gfm.users.GfmUsersVisitorExt	class	37f79aefe8c253c2
ssg.md.ext.gfm.users.GfmUsersVisitorExt	ssg.md.ext.gfm.users.GfmUsersVisitorExt#VISIT_HANDLERS(V)	def	08e08011985290ad
ssg.md.ext.gfm.users.internal.GfmUsersInlineParserExtension	ssg.md.ext.gfm.users.internal.GfmUsersInlineParserExtension	class	9db7bf93d5c40640
ssg.md.ext.gfm.users.internal.GfmUsersInlineParserExtension	ssg.md.ext.gfm.users.internal.GfmUsersInlineParserExtension#GITHUB_USER	val	93db742c3dafdc03
ssg.md.ext.gfm.users.internal.GfmUsersInlineParserExtension	ssg.md.ext.gfm.users.internal.GfmUsersInlineParserExtension#finalizeBlock(InlineParser)	def	72d94a51fdb25bb8
ssg.md.ext.gfm.users.internal.GfmUsersInlineParserExtension	ssg.md.ext.gfm.users.internal.GfmUsersInlineParserExtension#finalizeDocument(InlineParser)	def	eea623a02c675979
ssg.md.ext.gfm.users.internal.GfmUsersInlineParserExtension	ssg.md.ext.gfm.users.internal.GfmUsersInlineParserExtension#parse(LightInlineParser)	def	7d7d9f92fb6f2c58
ssg.md.ext.gfm.users.internal.GfmUsersInlineParserExtension	ssg.md.ext.gfm.users.internal.GfmUsersInlineParserExtension$Factory	class	b5fe764c147bd40b
ssg.md.ext.gfm.users.internal.GfmUsersInlineParserExtension	ssg.md.ext.gfm.users.internal.GfmUsersInlineParserExtension$Factory#affectsGlobalScope()	def	235a051e89e1f64d
ssg.md.ext.gfm.users.internal.GfmUsersInlineParserExtension	ssg.md.ext.gfm.users.internal.GfmUsersInlineParserExtension$Factory#apply(LightInlineParser)	def	084d295a0f696296
ssg.md.ext.gfm.users.internal.GfmUsersInlineParserExtension	ssg.md.ext.gfm.users.internal.GfmUsersInlineParserExtension$Factory#getAfterDependents()	def	213b28c06aa583d9
ssg.md.ext.gfm.users.internal.GfmUsersInlineParserExtension	ssg.md.ext.gfm.users.internal.GfmUsersInlineParserExtension$Factory#getBeforeDependents()	def	5c7dbfddf1d4d275
ssg.md.ext.gfm.users.internal.GfmUsersInlineParserExtension	ssg.md.ext.gfm.users.internal.GfmUsersInlineParserExtension$Factory#getCharacters()	def	f8cbea66bd425afe
ssg.md.ext.gfm.users.internal.GfmUsersJiraRenderer	ssg.md.ext.gfm.users.internal.GfmUsersJiraRenderer	class	402bca6ad01956ab
ssg.md.ext.gfm.users.internal.GfmUsersJiraRenderer	ssg.md.ext.gfm.users.internal.GfmUsersJiraRenderer#<stmt1>	stmt	7f6b973e39ed9325
ssg.md.ext.gfm.users.internal.GfmUsersJiraRenderer	ssg.md.ext.gfm.users.internal.GfmUsersJiraRenderer#getNodeRenderingHandlers()	def	7a82ae7188b92d93
ssg.md.ext.gfm.users.internal.GfmUsersJiraRenderer	ssg.md.ext.gfm.users.internal.GfmUsersJiraRenderer#options	val	4994212d6d72d29f
ssg.md.ext.gfm.users.internal.GfmUsersJiraRenderer	ssg.md.ext.gfm.users.internal.GfmUsersJiraRenderer#render(GfmUser,NodeRendererContext,HtmlWriter)	def	47f050e3e3d413bc
ssg.md.ext.gfm.users.internal.GfmUsersJiraRenderer	ssg.md.ext.gfm.users.internal.GfmUsersJiraRenderer$Factory	class	cfc0089149e0d083
ssg.md.ext.gfm.users.internal.GfmUsersJiraRenderer	ssg.md.ext.gfm.users.internal.GfmUsersJiraRenderer$Factory#apply(DataHolder)	def	3dca2df80e7051c7
ssg.md.ext.gfm.users.internal.GfmUsersNodeRenderer	ssg.md.ext.gfm.users.internal.GfmUsersNodeRenderer	class	ffa11ed9d7552cec
ssg.md.ext.gfm.users.internal.GfmUsersNodeRenderer	ssg.md.ext.gfm.users.internal.GfmUsersNodeRenderer#<stmt1>	stmt	7f6b973e39ed9325
ssg.md.ext.gfm.users.internal.GfmUsersNodeRenderer	ssg.md.ext.gfm.users.internal.GfmUsersNodeRenderer#getNodeRenderingHandlers()	def	a672bf0bfe469723
ssg.md.ext.gfm.users.internal.GfmUsersNodeRenderer	ssg.md.ext.gfm.users.internal.GfmUsersNodeRenderer#options	val	4994212d6d72d29f
ssg.md.ext.gfm.users.internal.GfmUsersNodeRenderer	ssg.md.ext.gfm.users.internal.GfmUsersNodeRenderer#render(GfmUser,NodeRendererContext,HtmlWriter)	def	defe2af672fa4a06
ssg.md.ext.gfm.users.internal.GfmUsersNodeRenderer	ssg.md.ext.gfm.users.internal.GfmUsersNodeRenderer$Factory	class	887a5d94f364829b
ssg.md.ext.gfm.users.internal.GfmUsersNodeRenderer	ssg.md.ext.gfm.users.internal.GfmUsersNodeRenderer$Factory#apply(DataHolder)	def	5604093b15416659
ssg.md.ext.gfm.users.internal.GfmUsersOptions	ssg.md.ext.gfm.users.internal.GfmUsersOptions	class	8ed07db0b3e24a41
ssg.md.ext.gfm.users.internal.GfmUsersOptions	ssg.md.ext.gfm.users.internal.GfmUsersOptions#<stmt1>	stmt	b787e1ab1a85cf49
ssg.md.ext.gfm.users.internal.GfmUsersOptions	ssg.md.ext.gfm.users.internal.GfmUsersOptions#<stmt2>	stmt	ed452b487ed8a8cd
ssg.md.ext.gfm.users.internal.GfmUsersOptions	ssg.md.ext.gfm.users.internal.GfmUsersOptions#<stmt3>	stmt	97b106dbb3b2af7b
ssg.md.ext.gfm.users.internal.GfmUsersOptions	ssg.md.ext.gfm.users.internal.GfmUsersOptions#<stmt4>	stmt	6af05e86087e051b
ssg.md.ext.gfm.users.internal.GfmUsersOptions	ssg.md.ext.gfm.users.internal.GfmUsersOptions#<stmt5>	stmt	0dcd36a4d571d000
ssg.md.ext.gfm.users.internal.GfmUsersOptions	ssg.md.ext.gfm.users.internal.GfmUsersOptions#gitHubIssueUrlPrefix	val	9c9043ffe58d1b20
ssg.md.ext.gfm.users.internal.GfmUsersOptions	ssg.md.ext.gfm.users.internal.GfmUsersOptions#gitHubIssueUrlSuffix	val	f94c30ce8b0d9264
ssg.md.ext.gfm.users.internal.GfmUsersOptions	ssg.md.ext.gfm.users.internal.GfmUsersOptions#gitHubIssuesUrlRoot	val	454756bbd70de08e
ssg.md.ext.gfm.users.internal.GfmUsersOptions	ssg.md.ext.gfm.users.internal.GfmUsersOptions#gitHubUserTextPrefix	val	3d4fa65ef7962ee8
ssg.md.ext.gfm.users.internal.GfmUsersOptions	ssg.md.ext.gfm.users.internal.GfmUsersOptions#gitHubUserTextSuffix	val	1fb33d182b139b16
ssg.md.ext.gfm.users.internal.GfmUsersOptions	ssg.md.ext.gfm.users.internal.GfmUsersOptions#setIn(MutableDataHolder)	def	c88d6b8f62b744fe
ssg.md.ext.ins.Ins	ssg.md.ext.ins.Ins	class	8f791a1d56d7df34
ssg.md.ext.ins.Ins	ssg.md.ext.ins.Ins#<init>(BasedSequence)	ctor	2f5cfc98896beb36
ssg.md.ext.ins.Ins	ssg.md.ext.ins.Ins#<init>(BasedSequence,BasedSequence,BasedSequence)	ctor	404c053c9a61aee2
ssg.md.ext.ins.Ins	ssg.md.ext.ins.Ins#<init>(BasedSequence,String)	ctor	1bd12e9dd74944d1
ssg.md.ext.ins.Ins	ssg.md.ext.ins.Ins#closingMarker	val	8723df1375aca441
ssg.md.ext.ins.Ins	ssg.md.ext.ins.Ins#getAstExtra(StringBuilder)	def	ece5e0c8022d2f95
ssg.md.ext.ins.Ins	ssg.md.ext.ins.Ins#getClosingMarker()	def	3a9895a9103beb7c
ssg.md.ext.ins.Ins	ssg.md.ext.ins.Ins#getOpeningMarker()	def	1d7ea00c1329db9b
ssg.md.ext.ins.Ins	ssg.md.ext.ins.Ins#getSegments()	def	47df9f36f604e6e4
ssg.md.ext.ins.Ins	ssg.md.ext.ins.Ins#getText()	def	52f8720311bcf0ac
ssg.md.ext.ins.Ins	ssg.md.ext.ins.Ins#insBlockText	val	f71eed39cbeaeb00
ssg.md.ext.ins.Ins	ssg.md.ext.ins.Ins#openingMarker	val	52e5de7d954ef0ae
ssg.md.ext.ins.Ins	ssg.md.ext.ins.Ins#setClosingMarker(BasedSequence)	def	829dae92cf3b53be
ssg.md.ext.ins.Ins	ssg.md.ext.ins.Ins#setOpeningMarker(BasedSequence)	def	5b78143cf2517cb7
ssg.md.ext.ins.Ins	ssg.md.ext.ins.Ins#setText(BasedSequence)	def	ee10b2b11f417049
ssg.md.ext.ins.Ins	ssg.md.ext.ins.Ins#text	val	33ff10df887dcb14
ssg.md.ext.ins.InsExtension	ssg.md.ext.ins.InsExtension	class	3f69db0dd159214a
ssg.md.ext.ins.InsExtension	ssg.md.ext.ins.InsExtension#INS_STYLE_HTML_CLOSE	val	05712ef98f528bc1
ssg.md.ext.ins.InsExtension	ssg.md.ext.ins.InsExtension#INS_STYLE_HTML_OPEN	val	3c16d8e6d30e93eb
ssg.md.ext.ins.InsExtension	ssg.md.ext.ins.InsExtension#create()	def	b472e71ec83b424f
ssg.md.ext.ins.InsExtension	ssg.md.ext.ins.InsExtension#extend(Builder)	def	719d18101e4cbd1d
ssg.md.ext.ins.InsExtension	ssg.md.ext.ins.InsExtension#extend(Builder,String)	def	670f8a6494da0903
ssg.md.ext.ins.InsExtension	ssg.md.ext.ins.InsExtension#parserOptions(MutableDataHolder)	def	55bdf57bb16d44c0
ssg.md.ext.ins.InsExtension	ssg.md.ext.ins.InsExtension#rendererOptions(MutableDataHolder)	def	e3e165e739f41514
ssg.md.ext.ins.InsVisitor	ssg.md.ext.ins.InsVisitor	class	a11d5104a5c8e71d
ssg.md.ext.ins.InsVisitor	ssg.md.ext.ins.InsVisitor#visit(Ins)	def	1dc29d3d34102b66
ssg.md.ext.ins.InsVisitorExt	ssg.md.ext.ins.InsVisitorExt	class	e150bd8341e71981
ssg.md.ext.ins.InsVisitorExt	ssg.md.ext.ins.InsVisitorExt#VISIT_HANDLERS(V)	def	4a7a66611f6e4377
ssg.md.ext.ins.internal.InsDelimiterProcessor	ssg.md.ext.ins.internal.InsDelimiterProcessor	class	c50a5968a279f77d
ssg.md.ext.ins.internal.InsDelimiterProcessor	ssg.md.ext.ins.internal.InsDelimiterProcessor#canBeCloser(String,String,boolean,boolean,boolean,boolean,boolean,boolean)	def	025831e7112d799c
ssg.md.ext.ins.internal.InsDelimiterProcessor	ssg.md.ext.ins.internal.InsDelimiterProcessor#canBeOpener(String,String,boolean,boolean,boolean,boolean,boolean,boolean)	def	e8eee59df7127aa2
ssg.md.ext.ins.internal.InsDelimiterProcessor	ssg.md.ext.ins.internal.InsDelimiterProcessor#getClosingCharacter()	def	c4e1a03f2cb7f8b8
ssg.md.ext.ins.internal.InsDelimiterProcessor	ssg.md.ext.ins.internal.InsDelimiterProcessor#getDelimiterUse(DelimiterRun,DelimiterRun)	def	643af85d5962733c
ssg.md.ext.ins.internal.InsDelimiterProcessor	ssg.md.ext.ins.internal.InsDelimiterProcessor#getMinLength()	def	43ccd385829c2244
ssg.md.ext.ins.internal.InsDelimiterProcessor	ssg.md.ext.ins.internal.InsDelimiterProcessor#getOpeningCharacter()	def	458b4e531ebcfa45
ssg.md.ext.ins.internal.InsDelimiterProcessor	ssg.md.ext.ins.internal.InsDelimiterProcessor#process(Delimiter,Delimiter,int)	def	2e31b41a46106005
ssg.md.ext.ins.internal.InsDelimiterProcessor	ssg.md.ext.ins.internal.InsDelimiterProcessor#skipNonOpenerCloser()	def	73614cfaa9ce1f1f
ssg.md.ext.ins.internal.InsDelimiterProcessor	ssg.md.ext.ins.internal.InsDelimiterProcessor#unmatchedDelimiterNode(InlineParser,DelimiterRun)	def	4c1a3770a0f8b5f8
ssg.md.ext.ins.internal.InsJiraRenderer	ssg.md.ext.ins.internal.InsJiraRenderer	class	f326232fdfe81447
ssg.md.ext.ins.internal.InsJiraRenderer	ssg.md.ext.ins.internal.InsJiraRenderer#getNodeRenderingHandlers()	def	dd9c546a7751ef60
ssg.md.ext.ins.internal.InsJiraRenderer	ssg.md.ext.ins.internal.InsJiraRenderer#render(Ins,NodeRendererContext,HtmlWriter)	def	37a3a2cac706f350
ssg.md.ext.ins.internal.InsJiraRenderer	ssg.md.ext.ins.internal.InsJiraRenderer$Factory	class	f2e53169417da480
ssg.md.ext.ins.internal.InsJiraRenderer	ssg.md.ext.ins.internal.InsJiraRenderer$Factory#apply(DataHolder)	def	53a5b70fdbaf3063
ssg.md.ext.ins.internal.InsNodeRenderer	ssg.md.ext.ins.internal.InsNodeRenderer	class	b2a2fb245da0b007
ssg.md.ext.ins.internal.InsNodeRenderer	ssg.md.ext.ins.internal.InsNodeRenderer#<stmt1>	stmt	d3392399bf1db6f0
ssg.md.ext.ins.internal.InsNodeRenderer	ssg.md.ext.ins.internal.InsNodeRenderer#<stmt2>	stmt	bfc05509b4552ed8
ssg.md.ext.ins.internal.InsNodeRenderer	ssg.md.ext.ins.internal.InsNodeRenderer#getNodeRenderingHandlers()	def	dd9c546a7751ef60
ssg.md.ext.ins.internal.InsNodeRenderer	ssg.md.ext.ins.internal.InsNodeRenderer#insStyleHtmlClose	val	fd4d4ef4f641927d
ssg.md.ext.ins.internal.InsNodeRenderer	ssg.md.ext.ins.internal.InsNodeRenderer#insStyleHtmlOpen	val	cc99613237b9cb01
ssg.md.ext.ins.internal.InsNodeRenderer	ssg.md.ext.ins.internal.InsNodeRenderer#render(Ins,NodeRendererContext,HtmlWriter)	def	70b49c308accf2c1
ssg.md.ext.ins.internal.InsNodeRenderer	ssg.md.ext.ins.internal.InsNodeRenderer$Factory	class	34ee6d49643cc0a1
ssg.md.ext.ins.internal.InsNodeRenderer	ssg.md.ext.ins.internal.InsNodeRenderer$Factory#apply(DataHolder)	def	be56bced753a2995
ssg.md.ext.jekyll.front.matter.JekyllFrontMatterBlock	ssg.md.ext.jekyll.front.matter.JekyllFrontMatterBlock	class	a55e7d2cf20c5e91
ssg.md.ext.jekyll.front.matter.JekyllFrontMatterBlock	ssg.md.ext.jekyll.front.matter.JekyllFrontMatterBlock#<init>(BasedSequence)	ctor	2f5cfc98896beb36
ssg.md.ext.jekyll.front.matter.JekyllFrontMatterBlock	ssg.md.ext.jekyll.front.matter.JekyllFrontMatterBlock#<init>(Node)	ctor	fab41f4b7abd6af5
ssg.md.ext.jekyll.front.matter.JekyllFrontMatterBlock	ssg.md.ext.jekyll.front.matter.JekyllFrontMatterBlock#accept(JekyllFrontMatterVisitor)	def	f65b2dcdf5b5e9e4
ssg.md.ext.jekyll.front.matter.JekyllFrontMatterBlock	ssg.md.ext.jekyll.front.matter.JekyllFrontMatterBlock#closingMarker	val	7f479d9a64c33b1c
ssg.md.ext.jekyll.front.matter.JekyllFrontMatterBlock	ssg.md.ext.jekyll.front.matter.JekyllFrontMatterBlock#getAstExtra(StringBuilder)	def	5d16ba78450678d1
ssg.md.ext.jekyll.front.matter.JekyllFrontMatterBlock	ssg.md.ext.jekyll.front.matter.JekyllFrontMatterBlock#getClosingMarker()	def	17a28e7810415433
ssg.md.ext.jekyll.front.matter.JekyllFrontMatterBlock	ssg.md.ext.jekyll.front.matter.JekyllFrontMatterBlock#getContent()	def	f21dd545f72a75d0
ssg.md.ext.jekyll.front.matter.JekyllFrontMatterBlock	ssg.md.ext.jekyll.front.matter.JekyllFrontMatterBlock#getOpeningMarker()	def	313b4c67749a6b8d
ssg.md.ext.jekyll.front.matter.JekyllFrontMatterBlock	ssg.md.ext.jekyll.front.matter.JekyllFrontMatterBlock#getSegments()	def	4db81e79eca8b271
ssg.md.ext.jekyll.front.matter.JekyllFrontMatterBlock	ssg.md.ext.jekyll.front.matter.JekyllFrontMatterBlock#openingMarker	val	4c72a7350711e3c5
ssg.md.ext.jekyll.front.matter.JekyllFrontMatterBlock	ssg.md.ext.jekyll.front.matter.JekyllFrontMatterBlock#setClosingMarker(BasedSequence)	def	63de15e116b03ab7
ssg.md.ext.jekyll.front.matter.JekyllFrontMatterBlock	ssg.md.ext.jekyll.front.matter.JekyllFrontMatterBlock#setOpeningMarker(BasedSequence)	def	1f85000de7611c5c
ssg.md.ext.jekyll.front.matter.JekyllFrontMatterExtension	ssg.md.ext.jekyll.front.matter.JekyllFrontMatterExtension	class	0365003955b27479
ssg.md.ext.jekyll.front.matter.JekyllFrontMatterExtension	ssg.md.ext.jekyll.front.matter.JekyllFrontMatterExtension#create()	def	c9fc1def3462c705
ssg.md.ext.jekyll.front.matter.JekyllFrontMatterExtension	ssg.md.ext.jekyll.front.matter.JekyllFrontMatterExtension#extend(Builder)	def	3d6140abe68695f8
ssg.md.ext.jekyll.front.matter.JekyllFrontMatterExtension	ssg.md.ext.jekyll.front.matter.JekyllFrontMatterExtension#extend(Builder)	def	754961b6486556af
ssg.md.ext.jekyll.front.matter.JekyllFrontMatterExtension	ssg.md.ext.jekyll.front.matter.JekyllFrontMatterExtension#extend(Builder,String)	def	a6844e1bf71d2fee
ssg.md.ext.jekyll.front.matter.JekyllFrontMatterExtension	ssg.md.ext.jekyll.front.matter.JekyllFrontMatterExtension#parserOptions(MutableDataHolder)	def	55bdf57bb16d44c0
ssg.md.ext.jekyll.front.matter.JekyllFrontMatterExtension	ssg.md.ext.jekyll.front.matter.JekyllFrontMatterExtension#rendererOptions(MutableDataHolder)	def	e3e165e739f41514
ssg.md.ext.jekyll.front.matter.JekyllFrontMatterVisitor	ssg.md.ext.jekyll.front.matter.JekyllFrontMatterVisitor	class	0b57f46ef7f17415
ssg.md.ext.jekyll.front.matter.JekyllFrontMatterVisitor	ssg.md.ext.jekyll.front.matter.JekyllFrontMatterVisitor#visit(JekyllFrontMatterBlock)	def	4b0daf23f3b0a4db
ssg.md.ext.jekyll.front.matter.JekyllFrontMatterVisitorExt	ssg.md.ext.jekyll.front.matter.JekyllFrontMatterVisitorExt	class	d792426e4e506349
ssg.md.ext.jekyll.front.matter.JekyllFrontMatterVisitorExt	ssg.md.ext.jekyll.front.matter.JekyllFrontMatterVisitorExt#VISIT_HANDLERS(V)	def	d0667148950cc860
ssg.md.ext.jekyll.front.matter.internal.JekyllFrontMatterBlockParser	ssg.md.ext.jekyll.front.matter.internal.JekyllFrontMatterBlockParser	class	8febceeb9206696a
ssg.md.ext.jekyll.front.matter.internal.JekyllFrontMatterBlockParser	ssg.md.ext.jekyll.front.matter.internal.JekyllFrontMatterBlockParser#<stmt1>	stmt	9eaebbb4a7e30ad9
ssg.md.ext.jekyll.front.matter.internal.JekyllFrontMatterBlockParser	ssg.md.ext.jekyll.front.matter.internal.JekyllFrontMatterBlockParser#<stmt2>	stmt	557f549ef00b32bd
ssg.md.ext.jekyll.front.matter.internal.JekyllFrontMatterBlockParser	ssg.md.ext.jekyll.front.matter.internal.JekyllFrontMatterBlockParser#JEKYLL_FRONT_MATTER_BLOCK_END	val	8d35c4bdb6e05337
ssg.md.ext.jekyll.front.matter.internal.JekyllFrontMatterBlockParser	ssg.md.ext.jekyll.front.matter.internal.JekyllFrontMatterBlockParser#JEKYLL_FRONT_MATTER_BLOCK_START	val	ed51589cd6c29ad7
ssg.md.ext.jekyll.front.matter.internal.JekyllFrontMatterBlockParser	ssg.md.ext.jekyll.front.matter.internal.JekyllFrontMatterBlockParser#addLine(ParserState,BasedSequence)	def	225742750baae4ee
ssg.md.ext.jekyll.front.matter.internal.JekyllFrontMatterBlockParser	ssg.md.ext.jekyll.front.matter.internal.JekyllFrontMatterBlockParser#block	val	e1b6537b71f66867
ssg.md.ext.jekyll.front.matter.internal.JekyllFrontMatterBlockParser	ssg.md.ext.jekyll.front.matter.internal.JekyllFrontMatterBlockParser#closeBlock(ParserState)	def	8f23447a6e530cf9
ssg.md.ext.jekyll.front.matter.internal.JekyllFrontMatterBlockParser	ssg.md.ext.jekyll.front.matter.internal.JekyllFrontMatterBlockParser#content	val	a8d63f62aa50a717
ssg.md.ext.jekyll.front.matter.internal.JekyllFrontMatterBlockParser	ssg.md.ext.jekyll.front.matter.internal.JekyllFrontMatterBlockParser#getBlock()	def	864f24abd109b0b6
ssg.md.ext.jekyll.front.matter.internal.JekyllFrontMatterBlockParser	ssg.md.ext.jekyll.front.matter.internal.JekyllFrontMatterBlockParser#inYAMLBlock	val	6844713c15e08821
ssg.md.ext.jekyll.front.matter.internal.JekyllFrontMatterBlockParser	ssg.md.ext.jekyll.front.matter.internal.JekyllFrontMatterBlockParser#parseInlines(InlineParser)	def	a07cabbb8632e9c4
ssg.md.ext.jekyll.front.matter.internal.JekyllFrontMatterBlockParser	ssg.md.ext.jekyll.front.matter.internal.JekyllFrontMatterBlockParser#tryContinue(ParserState)	def	f8caed94dad60cfb
ssg.md.ext.jekyll.front.matter.internal.JekyllFrontMatterBlockParser	ssg.md.ext.jekyll.front.matter.internal.JekyllFrontMatterBlockParser$BlockFactory	class	56d7e3d72d55997c
ssg.md.ext.jekyll.front.matter.internal.JekyllFrontMatterBlockParser	ssg.md.ext.jekyll.front.matter.internal.JekyllFrontMatterBlockParser$BlockFactory#tryStart(ParserState,MatchedBlockParser)	def	782c0a21fa48b87b
ssg.md.ext.jekyll.front.matter.internal.JekyllFrontMatterBlockParser	ssg.md.ext.jekyll.front.matter.internal.JekyllFrontMatterBlockParser$Factory	class	adea08eddab0a7ff
ssg.md.ext.jekyll.front.matter.internal.JekyllFrontMatterBlockParser	ssg.md.ext.jekyll.front.matter.internal.JekyllFrontMatterBlockParser$Factory#affectsGlobalScope()	def	235a051e89e1f64d
ssg.md.ext.jekyll.front.matter.internal.JekyllFrontMatterBlockParser	ssg.md.ext.jekyll.front.matter.internal.JekyllFrontMatterBlockParser$Factory#apply(DataHolder)	def	3c14fb4b9b9f3101
ssg.md.ext.jekyll.front.matter.internal.JekyllFrontMatterBlockParser	ssg.md.ext.jekyll.front.matter.internal.JekyllFrontMatterBlockParser$Factory#getAfterDependents()	def	213b28c06aa583d9
ssg.md.ext.jekyll.front.matter.internal.JekyllFrontMatterBlockParser	ssg.md.ext.jekyll.front.matter.internal.JekyllFrontMatterBlockParser$Factory#getBeforeDependents()	def	5c7dbfddf1d4d275
ssg.md.ext.jekyll.front.matter.internal.JekyllFrontMatterNodeFormatter	ssg.md.ext.jekyll.front.matter.internal.JekyllFrontMatterNodeFormatter	class	00ae51086b3b8338
ssg.md.ext.jekyll.front.matter.internal.JekyllFrontMatterNodeFormatter	ssg.md.ext.jekyll.front.matter.internal.JekyllFrontMatterNodeFormatter#getFormattingPhases()	def	4aacc19363aa1787
ssg.md.ext.jekyll.front.matter.internal.JekyllFrontMatterNodeFormatter	ssg.md.ext.jekyll.front.matter.internal.JekyllFrontMatterNodeFormatter#getNodeClasses()	def	161f9731ef5945f3
ssg.md.ext.jekyll.front.matter.internal.JekyllFrontMatterNodeFormatter	ssg.md.ext.jekyll.front.matter.internal.JekyllFrontMatterNodeFormatter#getNodeFormattingHandlers()	def	a6347e1bc692332b
ssg.md.ext.jekyll.front.matter.internal.JekyllFrontMatterNodeFormatter	ssg.md.ext.jekyll.front.matter.internal.JekyllFrontMatterNodeFormatter#render(JekyllFrontMatterBlock,NodeFormatterContext,MarkdownWriter)	def	9750f69bb15e3003
ssg.md.ext.jekyll.front.matter.internal.JekyllFrontMatterNodeFormatter	ssg.md.ext.jekyll.front.matter.internal.JekyllFrontMatterNodeFormatter#renderDocument(NodeFormatterContext,MarkdownWriter,Document,FormattingPhase)	def	7e392cce74f23df0
ssg.md.ext.jekyll.front.matter.internal.JekyllFrontMatterNodeFormatter	ssg.md.ext.jekyll.front.matter.internal.JekyllFrontMatterNodeFormatter$Factory	class	d1ed53e74ebd7993
ssg.md.ext.jekyll.front.matter.internal.JekyllFrontMatterNodeFormatter	ssg.md.ext.jekyll.front.matter.internal.JekyllFrontMatterNodeFormatter$Factory#create(DataHolder)	def	95a2d69bcd86b923
ssg.md.ext.jekyll.front.matter.internal.JekyllFrontMatterNodeRenderer	ssg.md.ext.jekyll.front.matter.internal.JekyllFrontMatterNodeRenderer	class	bd6ee12c91c09862
ssg.md.ext.jekyll.front.matter.internal.JekyllFrontMatterNodeRenderer	ssg.md.ext.jekyll.front.matter.internal.JekyllFrontMatterNodeRenderer#getNodeRenderingHandlers()	def	41d9acbe49fa2592
ssg.md.ext.jekyll.front.matter.internal.JekyllFrontMatterNodeRenderer	ssg.md.ext.jekyll.front.matter.internal.JekyllFrontMatterNodeRenderer#render(JekyllFrontMatterBlock,NodeRendererContext,HtmlWriter)	def	0a34d3cdf314c5b3
ssg.md.ext.jekyll.front.matter.internal.JekyllFrontMatterNodeRenderer	ssg.md.ext.jekyll.front.matter.internal.JekyllFrontMatterNodeRenderer$Factory	class	8ae02dd2b953b227
ssg.md.ext.jekyll.front.matter.internal.JekyllFrontMatterNodeRenderer	ssg.md.ext.jekyll.front.matter.internal.JekyllFrontMatterNodeRenderer$Factory#apply(DataHolder)	def	90af7707f287859c
ssg.md.ext.jekyll.tag.JekyllTag	ssg.md.ext.jekyll.tag.JekyllTag	class	d20ca2a678cfd115
ssg.md.ext.jekyll.tag.JekyllTag	ssg.md.ext.jekyll.tag.JekyllTag#<init>(BasedSequence)	ctor	2f5cfc98896beb36
ssg.md.ext.jekyll.tag.JekyllTag	ssg.md.ext.jekyll.tag.JekyllTag#<init>(BasedSequence,BasedSequence,BasedSequence,BasedSequence)	ctor	df395ecde31cb124
ssg.md.ext.jekyll.tag.JekyllTag	ssg.md.ext.jekyll.tag.JekyllTag#closingMarker	val	3adcd6a4b43a9474
ssg.md.ext.jekyll.tag.JekyllTag	ssg.md.ext.jekyll.tag.JekyllTag#getAstExtra(StringBuilder)	def	a244f2b6664728de
ssg.md.ext.jekyll.tag.JekyllTag	ssg.md.ext.jekyll.tag.JekyllTag#getClosingMarker()	def	17a28e7810415433
ssg.md.ext.jekyll.tag.JekyllTag	ssg.md.ext.jekyll.tag.JekyllTag#getOpeningMarker()	def	313b4c67749a6b8d
ssg.md.ext.jekyll.tag.JekyllTag	ssg.md.ext.jekyll.tag.JekyllTag#getParameters()	def	232eef43e23a340f
ssg.md.ext.jekyll.tag.JekyllTag	ssg.md.ext.jekyll.tag.JekyllTag#getSegments()	def	ba9c8c2d1b6d0a56
ssg.md.ext.jekyll.tag.JekyllTag	ssg.md.ext.jekyll.tag.JekyllTag#getTag()	def	7d6ac2c0a6408077
ssg.md.ext.jekyll.tag.JekyllTag	ssg.md.ext.jekyll.tag.JekyllTag#openingMarker	val	21cd70386f5ccffa
ssg.md.ext.jekyll.tag.JekyllTag	ssg.md.ext.jekyll.tag.JekyllTag#parameters	val	732c488bd7544b6f
ssg.md.ext.jekyll.tag.JekyllTag	ssg.md.ext.jekyll.tag.JekyllTag#setClosingMarker(BasedSequence)	def	63de15e116b03ab7
ssg.md.ext.jekyll.tag.JekyllTag	ssg.md.ext.jekyll.tag.JekyllTag#setOpeningMarker(BasedSequence)	def	1f85000de7611c5c
ssg.md.ext.jekyll.tag.JekyllTag	ssg.md.ext.jekyll.tag.JekyllTag#setParameters(BasedSequence)	def	6c145724075b5b8f
ssg.md.ext.jekyll.tag.JekyllTag	ssg.md.ext.jekyll.tag.JekyllTag#setTag(BasedSequence)	def	b9fa4914b770bfe6
ssg.md.ext.jekyll.tag.JekyllTag	ssg.md.ext.jekyll.tag.JekyllTag#tag	val	0fb8e49bfa583d71
ssg.md.ext.jekyll.tag.JekyllTagBlock	ssg.md.ext.jekyll.tag.JekyllTagBlock	class	e0a9d482a0417d03
ssg.md.ext.jekyll.tag.JekyllTagBlock	ssg.md.ext.jekyll.tag.JekyllTagBlock#<init>(BasedSequence)	ctor	2f5cfc98896beb36
ssg.md.ext.jekyll.tag.JekyllTagBlock	ssg.md.ext.jekyll.tag.JekyllTagBlock#<init>(BasedSequence,Buffer<BasedSequence>)	ctor	b863e3ef8c671c8a
ssg.md.ext.jekyll.tag.JekyllTagBlock	ssg.md.ext.jekyll.tag.JekyllTagBlock#<init>(BlockContent)	ctor	946a0b5b2a8b08b5
ssg.md.ext.jekyll.tag.JekyllTagBlock	ssg.md.ext.jekyll.tag.JekyllTagBlock#<init>(Buffer<BasedSequence>)	ctor	6e3f888aac7ba627
ssg.md.ext.jekyll.tag.JekyllTagBlock	ssg.md.ext.jekyll.tag.JekyllTagBlock#<init>(Node)	ctor	fab41f4b7abd6af5
ssg.md.ext.jekyll.tag.JekyllTagBlock	ssg.md.ext.jekyll.tag.JekyllTagBlock#getAstExtra(StringBuilder)	def	a02e0bfc1fc97596
ssg.md.ext.jekyll.tag.JekyllTagBlock	ssg.md.ext.jekyll.tag.JekyllTagBlock#getSegments()	def	2a8c37a5726a8369
ssg.md.ext.jekyll.tag.JekyllTagExtension	ssg.md.ext.jekyll.tag.JekyllTagExtension	class	44c7d4a4a0712d80
ssg.md.ext.jekyll.tag.JekyllTagExtension	ssg.md.ext.jekyll.tag.JekyllTagExtension#CONTENT_RESOLVER_FACTORIES	val	b58d5c0e025b8065
ssg.md.ext.jekyll.tag.JekyllTagExtension	ssg.md.ext.jekyll.tag.JekyllTagExtension#EMBED_INCLUDED_CONTENT	val	d162f49302ab0854
ssg.md.ext.jekyll.tag.JekyllTagExtension	ssg.md.ext.jekyll.tag.JekyllTagExtension#ENABLE_BLOCK_TAGS	val	08d2e9a518cbee9c
ssg.md.ext.jekyll.tag.JekyllTagExtension	ssg.md.ext.jekyll.tag.JekyllTagExtension#ENABLE_INLINE_TAGS	val	af7c1f115ff50ef7
ssg.md.ext.jekyll.tag.JekyllTagExtension	ssg.md.ext.jekyll.tag.JekyllTagExtension#ENABLE_RENDERING	val	31870757f18a27ab
ssg.md.ext.jekyll.tag.JekyllTagExtension	ssg.md.ext.jekyll.tag.JekyllTagExtension#INCLUDED_HTML	val	5ca5d5d6604ed651
ssg.md.ext.jekyll.tag.JekyllTagExtension	ssg.md.ext.jekyll.tag.JekyllTagExtension#LINK_RESOLVER_FACTORIES	val	d118e8b51944458a
ssg.md.ext.jekyll.tag.JekyllTagExtension	ssg.md.ext.jekyll.tag.JekyllTagExtension#LIST_INCLUDES_ONLY	val	b9738a57485f2765
ssg.md.ext.jekyll.tag.JekyllTagExtension	ssg.md.ext.jekyll.tag.JekyllTagExtension#TAG_LIST	val	1f33b4a55cd28e71
ssg.md.ext.jekyll.tag.JekyllTagExtension	ssg.md.ext.jekyll.tag.JekyllTagExtension#create()	def	3e421b7e1cf95375
ssg.md.ext.jekyll.tag.JekyllTagExtension	ssg.md.ext.jekyll.tag.JekyllTagExtension#extend(Builder)	def	ab55282fc332bf50
ssg.md.ext.jekyll.tag.JekyllTagExtension	ssg.md.ext.jekyll.tag.JekyllTagExtension#extend(Builder)	def	f1bb3c8970a5e810
ssg.md.ext.jekyll.tag.JekyllTagExtension	ssg.md.ext.jekyll.tag.JekyllTagExtension#extend(Builder,String)	def	70aec8141d7cbfcf
ssg.md.ext.jekyll.tag.JekyllTagExtension	ssg.md.ext.jekyll.tag.JekyllTagExtension#parserOptions(MutableDataHolder)	def	55bdf57bb16d44c0
ssg.md.ext.jekyll.tag.JekyllTagExtension	ssg.md.ext.jekyll.tag.JekyllTagExtension#rendererOptions(MutableDataHolder)	def	e3e165e739f41514
ssg.md.ext.jekyll.tag.JekyllTagVisitor	ssg.md.ext.jekyll.tag.JekyllTagVisitor	class	9212dfe28c491e87
ssg.md.ext.jekyll.tag.JekyllTagVisitor	ssg.md.ext.jekyll.tag.JekyllTagVisitor#visit(JekyllTag)	def	5eee25450abeec47
ssg.md.ext.jekyll.tag.JekyllTagVisitor	ssg.md.ext.jekyll.tag.JekyllTagVisitor#visit(JekyllTagBlock)	def	1753e8b5bf547116
ssg.md.ext.jekyll.tag.JekyllTagVisitorExt	ssg.md.ext.jekyll.tag.JekyllTagVisitorExt	class	881819f6cdb6314c
ssg.md.ext.jekyll.tag.JekyllTagVisitorExt	ssg.md.ext.jekyll.tag.JekyllTagVisitorExt#VISIT_HANDLERS(V)	def	548b166ffd912152
ssg.md.ext.jekyll.tag.internal.IncludeNodePostProcessor	contentResolverFactories	val	b941e1e28601a0af
ssg.md.ext.jekyll.tag.internal.IncludeNodePostProcessor	linkResolverFactories	val	c744d13eba48e6dd
ssg.md.ext.jekyll.tag.internal.IncludeNodePostProcessor	resolverFactories	val	6f686376a1033f5f
ssg.md.ext.jekyll.tag.internal.IncludeNodePostProcessor	ssg.md.ext.jekyll.tag.internal.IncludeNodePostProcessor	class	a5fb44b42f34b994
ssg.md.ext.jekyll.tag.internal.IncludeNodePostProcessor	ssg.md.ext.jekyll.tag.internal.IncludeNodePostProcessor#<stmt10>	stmt	1817454b669121e8
ssg.md.ext.jekyll.tag.internal.IncludeNodePostProcessor	ssg.md.ext.jekyll.tag.internal.IncludeNodePostProcessor#<stmt1>	stmt	9e83e8fc0ca81257
ssg.md.ext.jekyll.tag.internal.IncludeNodePostProcessor	ssg.md.ext.jekyll.tag.internal.IncludeNodePostProcessor#<stmt2>	stmt	70ac638dc4a846e7
ssg.md.ext.jekyll.tag.internal.IncludeNodePostProcessor	ssg.md.ext.jekyll.tag.internal.IncludeNodePostProcessor#<stmt3>	stmt	3a36ae0519faaa73
ssg.md.ext.jekyll.tag.internal.IncludeNodePostProcessor	ssg.md.ext.jekyll.tag.internal.IncludeNodePostProcessor#<stmt4>	stmt	d169aec0611fe046
ssg.md.ext.jekyll.tag.internal.IncludeNodePostProcessor	ssg.md.ext.jekyll.tag.internal.IncludeNodePostProcessor#<stmt5>	stmt	23a011e1f47a1956
ssg.md.ext.jekyll.tag.internal.IncludeNodePostProcessor	ssg.md.ext.jekyll.tag.internal.IncludeNodePostProcessor#<stmt6>	stmt	d1465fb1afb59806
ssg.md.ext.jekyll.tag.internal.IncludeNodePostProcessor	ssg.md.ext.jekyll.tag.internal.IncludeNodePostProcessor#<stmt7>	stmt	c06b971ebfd3979d
ssg.md.ext.jekyll.tag.internal.IncludeNodePostProcessor	ssg.md.ext.jekyll.tag.internal.IncludeNodePostProcessor#<stmt8>	stmt	5c8a7c7a6fede50d
ssg.md.ext.jekyll.tag.internal.IncludeNodePostProcessor	ssg.md.ext.jekyll.tag.internal.IncludeNodePostProcessor#<stmt9>	stmt	47e80fa2bed063e9
ssg.md.ext.jekyll.tag.internal.IncludeNodePostProcessor	ssg.md.ext.jekyll.tag.internal.IncludeNodePostProcessor#contentResolvers	val	f5ff09f06e4279e1
ssg.md.ext.jekyll.tag.internal.IncludeNodePostProcessor	ssg.md.ext.jekyll.tag.internal.IncludeNodePostProcessor#context	val	5fbaea2dca509f2c
ssg.md.ext.jekyll.tag.internal.IncludeNodePostProcessor	ssg.md.ext.jekyll.tag.internal.IncludeNodePostProcessor#document	val	8b2889ee3afdcce1
ssg.md.ext.jekyll.tag.internal.IncludeNodePostProcessor	ssg.md.ext.jekyll.tag.internal.IncludeNodePostProcessor#embedIncludedContent	val	5743e99dc32e2c9e
ssg.md.ext.jekyll.tag.internal.IncludeNodePostProcessor	ssg.md.ext.jekyll.tag.internal.IncludeNodePostProcessor#includedDocuments	val	8c336e4ded4c4815
ssg.md.ext.jekyll.tag.internal.IncludeNodePostProcessor	ssg.md.ext.jekyll.tag.internal.IncludeNodePostProcessor#includedHtml	val	65e61507cf663338
ssg.md.ext.jekyll.tag.internal.IncludeNodePostProcessor	ssg.md.ext.jekyll.tag.internal.IncludeNodePostProcessor#isIncluding	val	de73deaf00ad5d5d
ssg.md.ext.jekyll.tag.internal.IncludeNodePostProcessor	ssg.md.ext.jekyll.tag.internal.IncludeNodePostProcessor#linkResolvers	val	ec0000e99496689b
ssg.md.ext.jekyll.tag.internal.IncludeNodePostProcessor	ssg.md.ext.jekyll.tag.internal.IncludeNodePostProcessor#parser	val	edc7af6b094139f4
ssg.md.ext.jekyll.tag.internal.IncludeNodePostProcessor	ssg.md.ext.jekyll.tag.internal.IncludeNodePostProcessor#process(NodeTracker,Node)	def	ef337eb6cdfc14aa
ssg.md.ext.jekyll.tag.internal.IncludeNodePostProcessor	ssg.md.ext.jekyll.tag.internal.IncludeNodePostProcessor#resolvedLinks	val	7af7632be257ed16
ssg.md.ext.jekyll.tag.internal.IncludeNodePostProcessor	ssg.md.ext.jekyll.tag.internal.IncludeNodePostProcessor$Factory	class	2f05a562c3cc97fe
ssg.md.ext.jekyll.tag.internal.IncludeNodePostProcessor	ssg.md.ext.jekyll.tag.internal.IncludeNodePostProcessor$Factory#<stmt1>	stmt	900184d8e708f78d
ssg.md.ext.jekyll.tag.internal.IncludeNodePostProcessor	ssg.md.ext.jekyll.tag.internal.IncludeNodePostProcessor$Factory#apply(Document)	def	79212fd6962252da
ssg.md.ext.jekyll.tag.internal.IncludeNodePostProcessor	ssg.md.ext.jekyll.tag.internal.IncludeNodePostProcessor$Factory#getBeforeDependents()	def	d88e2662bca7962b
ssg.md.ext.jekyll.tag.internal.JekyllTagBlockParser	ssg.md.ext.jekyll.tag.internal.JekyllTagBlockParser	class	ffeef531f0e3e82b
ssg.md.ext.jekyll.tag.internal.JekyllTagBlockParser	ssg.md.ext.jekyll.tag.internal.JekyllTagBlockParser#INCLUDE_TAG	val	da9a8149495beb76
ssg.md.ext.jekyll.tag.internal.JekyllTagBlockParser	ssg.md.ext.jekyll.tag.internal.JekyllTagBlockParser#addLine(ParserState,BasedSequence)	def	225742750baae4ee
ssg.md.ext.jekyll.tag.internal.JekyllTagBlockParser	ssg.md.ext.jekyll.tag.internal.JekyllTagBlockParser#block	val	5f5dcd6333c71d8c
ssg.md.ext.jekyll.tag.internal.JekyllTagBlockParser	ssg.md.ext.jekyll.tag.internal.JekyllTagBlockParser#closeBlock(ParserState)	def	0bded93f769b705e
ssg.md.ext.jekyll.tag.internal.JekyllTagBlockParser	ssg.md.ext.jekyll.tag.internal.JekyllTagBlockParser#content	val	a8d63f62aa50a717
ssg.md.ext.jekyll.tag.internal.JekyllTagBlockParser	ssg.md.ext.jekyll.tag.internal.JekyllTagBlockParser#getBlock()	def	864f24abd109b0b6
ssg.md.ext.jekyll.tag.internal.JekyllTagBlockParser	ssg.md.ext.jekyll.tag.internal.JekyllTagBlockParser#parseInlines(InlineParser)	def	a07cabbb8632e9c4
ssg.md.ext.jekyll.tag.internal.JekyllTagBlockParser	ssg.md.ext.jekyll.tag.internal.JekyllTagBlockParser#tryContinue(ParserState)	def	b5f399a91af7de49
ssg.md.ext.jekyll.tag.internal.JekyllTagBlockParser	ssg.md.ext.jekyll.tag.internal.JekyllTagBlockParser$BlockFactory	class	3633a13ff708b186
ssg.md.ext.jekyll.tag.internal.JekyllTagBlockParser	ssg.md.ext.jekyll.tag.internal.JekyllTagBlockParser$BlockFactory#<stmt1>	stmt	9ac675c935dffb25
ssg.md.ext.jekyll.tag.internal.JekyllTagBlockParser	ssg.md.ext.jekyll.tag.internal.JekyllTagBlockParser$BlockFactory#<stmt2>	stmt	6b5920677fdaad4f
ssg.md.ext.jekyll.tag.internal.JekyllTagBlockParser	ssg.md.ext.jekyll.tag.internal.JekyllTagBlockParser$BlockFactory#listIncludesOnly	val	09a4adada0231540
ssg.md.ext.jekyll.tag.internal.JekyllTagBlockParser	ssg.md.ext.jekyll.tag.internal.JekyllTagBlockParser$BlockFactory#parsing	val	a4da3ef0ee6c0391
ssg.md.ext.jekyll.tag.internal.JekyllTagBlockParser	ssg.md.ext.jekyll.tag.internal.JekyllTagBlockParser$BlockFactory#tryStart(ParserState,MatchedBlockParser)	def	2abf963f7340693c
ssg.md.ext.jekyll.tag.internal.JekyllTagBlockParser	ssg.md.ext.jekyll.tag.internal.JekyllTagBlockParser$Factory	class	dd302ba309288d51
ssg.md.ext.jekyll.tag.internal.JekyllTagBlockParser	ssg.md.ext.jekyll.tag.internal.JekyllTagBlockParser$Factory#affectsGlobalScope()	def	235a051e89e1f64d
ssg.md.ext.jekyll.tag.internal.JekyllTagBlockParser	ssg.md.ext.jekyll.tag.internal.JekyllTagBlockParser$Factory#apply(DataHolder)	def	5dd62b66de4b9418
ssg.md.ext.jekyll.tag.internal.JekyllTagBlockParser	ssg.md.ext.jekyll.tag.internal.JekyllTagBlockParser$Factory#getAfterDependents()	def	558485b9e2406d66
ssg.md.ext.jekyll.tag.internal.JekyllTagBlockParser	ssg.md.ext.jekyll.tag.internal.JekyllTagBlockParser$Factory#getBeforeDependents()	def	6b94923bb853f56d
ssg.md.ext.jekyll.tag.internal.JekyllTagInlineParserExtension	ssg.md.ext.jekyll.tag.internal.JekyllTagInlineParserExtension	class	92e864d1eefbf640
ssg.md.ext.jekyll.tag.internal.JekyllTagInlineParserExtension	ssg.md.ext.jekyll.tag.internal.JekyllTagInlineParserExtension#<stmt1>	stmt	3bf7df9441befcad
ssg.md.ext.jekyll.tag.internal.JekyllTagInlineParserExtension	ssg.md.ext.jekyll.tag.internal.JekyllTagInlineParserExtension#<stmt2>	stmt	32c9775084212d22
ssg.md.ext.jekyll.tag.internal.JekyllTagInlineParserExtension	ssg.md.ext.jekyll.tag.internal.JekyllTagInlineParserExtension#finalizeBlock(InlineParser)	def	72d94a51fdb25bb8
ssg.md.ext.jekyll.tag.internal.JekyllTagInlineParserExtension	ssg.md.ext.jekyll.tag.internal.JekyllTagInlineParserExtension#finalizeDocument(InlineParser)	def	eea623a02c675979
ssg.md.ext.jekyll.tag.internal.JekyllTagInlineParserExtension	ssg.md.ext.jekyll.tag.internal.JekyllTagInlineParserExtension#listIncludesOnly	val	748735a4becd996b
ssg.md.ext.jekyll.tag.internal.JekyllTagInlineParserExtension	ssg.md.ext.jekyll.tag.internal.JekyllTagInlineParserExtension#parse(LightInlineParser)	def	af12e72e28973e56
ssg.md.ext.jekyll.tag.internal.JekyllTagInlineParserExtension	ssg.md.ext.jekyll.tag.internal.JekyllTagInlineParserExtension#parsing	val	dcf486ba3bdbe9e1
ssg.md.ext.jekyll.tag.internal.JekyllTagInlineParserExtension	ssg.md.ext.jekyll.tag.internal.JekyllTagInlineParserExtension$Factory	class	9f80161b2377a4c5
ssg.md.ext.jekyll.tag.internal.JekyllTagInlineParserExtension	ssg.md.ext.jekyll.tag.internal.JekyllTagInlineParserExtension$Factory#affectsGlobalScope()	def	235a051e89e1f64d
ssg.md.ext.jekyll.tag.internal.JekyllTagInlineParserExtension	ssg.md.ext.jekyll.tag.internal.JekyllTagInlineParserExtension$Factory#apply(LightInlineParser)	def	1a640c3f5467b0b2
ssg.md.ext.jekyll.tag.internal.JekyllTagInlineParserExtension	ssg.md.ext.jekyll.tag.internal.JekyllTagInlineParserExtension$Factory#getAfterDependents()	def	213b28c06aa583d9
ssg.md.ext.jekyll.tag.internal.JekyllTagInlineParserExtension	ssg.md.ext.jekyll.tag.internal.JekyllTagInlineParserExtension$Factory#getBeforeDependents()	def	5c7dbfddf1d4d275
ssg.md.ext.jekyll.tag.internal.JekyllTagInlineParserExtension	ssg.md.ext.jekyll.tag.internal.JekyllTagInlineParserExtension$Factory#getCharacters()	def	6bad7c6ab5cbd531
ssg.md.ext.jekyll.tag.internal.JekyllTagNodeFormatter	ssg.md.ext.jekyll.tag.internal.JekyllTagNodeFormatter	class	ee58053f0248f07d
ssg.md.ext.jekyll.tag.internal.JekyllTagNodeFormatter	ssg.md.ext.jekyll.tag.internal.JekyllTagNodeFormatter#embedIncludedContent	val	5743e99dc32e2c9e
ssg.md.ext.jekyll.tag.internal.JekyllTagNodeFormatter	ssg.md.ext.jekyll.tag.internal.JekyllTagNodeFormatter#getFormattingPhases()	def	be7a89fc0b233083
ssg.md.ext.jekyll.tag.internal.JekyllTagNodeFormatter	ssg.md.ext.jekyll.tag.internal.JekyllTagNodeFormatter#getNodeClasses()	def	161f9731ef5945f3
ssg.md.ext.jekyll.tag.internal.JekyllTagNodeFormatter	ssg.md.ext.jekyll.tag.internal.JekyllTagNodeFormatter#getNodeFormattingHandlers()	def	24566ef217fe8d7a
ssg.md.ext.jekyll.tag.internal.JekyllTagNodeFormatter	ssg.md.ext.jekyll.tag.internal.JekyllTagNodeFormatter#render(JekyllTag,NodeFormatterContext,MarkdownWriter)	def	b478a19b93da3b67
ssg.md.ext.jekyll.tag.internal.JekyllTagNodeFormatter	ssg.md.ext.jekyll.tag.internal.JekyllTagNodeFormatter#render(JekyllTagBlock,NodeFormatterContext,MarkdownWriter)	def	9eed5bd80f6ec055
ssg.md.ext.jekyll.tag.internal.JekyllTagNodeFormatter	ssg.md.ext.jekyll.tag.internal.JekyllTagNodeFormatter#renderDocument(NodeFormatterContext,MarkdownWriter,Document,FormattingPhase)	def	51ae73d2342ca16e
ssg.md.ext.jekyll.tag.internal.JekyllTagNodeFormatter	ssg.md.ext.jekyll.tag.internal.JekyllTagNodeFormatter$Factory	class	f53f67ff8c16d7d3
ssg.md.ext.jekyll.tag.internal.JekyllTagNodeFormatter	ssg.md.ext.jekyll.tag.internal.JekyllTagNodeFormatter$Factory#create(DataHolder)	def	e4fc5a6de94f48ac
ssg.md.ext.jekyll.tag.internal.JekyllTagNodeRenderer	ssg.md.ext.jekyll.tag.internal.JekyllTagNodeRenderer	class	690e9001a7d7bfac
ssg.md.ext.jekyll.tag.internal.JekyllTagNodeRenderer	ssg.md.ext.jekyll.tag.internal.JekyllTagNodeRenderer#<stmt1>	stmt	1f7e15743479388d
ssg.md.ext.jekyll.tag.internal.JekyllTagNodeRenderer	ssg.md.ext.jekyll.tag.internal.JekyllTagNodeRenderer#<stmt2>	stmt	a595e6c7ac098506
ssg.md.ext.jekyll.tag.internal.JekyllTagNodeRenderer	ssg.md.ext.jekyll.tag.internal.JekyllTagNodeRenderer#embedIncludes	val	0b7c0857ffb817c0
ssg.md.ext.jekyll.tag.internal.JekyllTagNodeRenderer	ssg.md.ext.jekyll.tag.internal.JekyllTagNodeRenderer#getNodeRenderingHandlers()	def	002722b7851bbf77
ssg.md.ext.jekyll.tag.internal.JekyllTagNodeRenderer	ssg.md.ext.jekyll.tag.internal.JekyllTagNodeRenderer#includeContent	val	e415a85aa7227875
ssg.md.ext.jekyll.tag.internal.JekyllTagNodeRenderer	ssg.md.ext.jekyll.tag.internal.JekyllTagNodeRenderer#render(JekyllTag,NodeRendererContext,HtmlWriter)	def	8e9d119dfb1f3f4b
ssg.md.ext.jekyll.tag.internal.JekyllTagNodeRenderer	ssg.md.ext.jekyll.tag.internal.JekyllTagNodeRenderer#render(JekyllTagBlock,NodeRendererContext,HtmlWriter)	def	9ba09ace2f534c7b
ssg.md.ext.jekyll.tag.internal.JekyllTagNodeRenderer	ssg.md.ext.jekyll.tag.internal.JekyllTagNodeRenderer$Factory	class	d517705bb75022a7
ssg.md.ext.jekyll.tag.internal.JekyllTagNodeRenderer	ssg.md.ext.jekyll.tag.internal.JekyllTagNodeRenderer$Factory#apply(DataHolder)	def	03dba1047cb067b2
ssg.md.ext.jekyll.tag.internal.JekyllTagParsing	ssg.md.ext.jekyll.tag.internal.JekyllTagParsing	class	b7fa39669f52e8e3
ssg.md.ext.jekyll.tag.internal.JekyllTagParsing	ssg.md.ext.jekyll.tag.internal.JekyllTagParsing#<stmt1>	stmt	d107afb6b7f7f1e1
ssg.md.ext.jekyll.tag.internal.JekyllTagParsing	ssg.md.ext.jekyll.tag.internal.JekyllTagParsing#<stmt2>	stmt	ac126b69fce3defd
ssg.md.ext.jekyll.tag.internal.JekyllTagParsing	ssg.md.ext.jekyll.tag.internal.JekyllTagParsing#<stmt3>	stmt	ade7b951f7f350ca
ssg.md.ext.jekyll.tag.internal.JekyllTagParsing	ssg.md.ext.jekyll.tag.internal.JekyllTagParsing#<stmt4>	stmt	7dbc29d2c437956a
ssg.md.ext.jekyll.tag.internal.JekyllTagParsing	ssg.md.ext.jekyll.tag.internal.JekyllTagParsing#MACRO_OPEN	val	d4f8215b4a4a6b54
ssg.md.ext.jekyll.tag.internal.JekyllTagParsing	ssg.md.ext.jekyll.tag.internal.JekyllTagParsing#MACRO_TAG	val	4bb289760627e722
ssg.md.ext.jekyll.tag.internal.JekyllTagParsing	ssg.md.ext.jekyll.tag.internal.JekyllTagParsing#OPEN_MACROTAG	val	576e53eeba1d6768
ssg.md.ext.jekyll.tag.internal.JekyllTagParsing	ssg.md.ext.jekyll.tag.internal.JekyllTagParsing#myParsing	val	d480d14dc55dad14
ssg.md.ext.resizable.image.ResizableImage	ssg.md.ext.resizable.image.ResizableImage	class	760c15dc8af63349
ssg.md.ext.resizable.image.ResizableImage	ssg.md.ext.resizable.image.ResizableImage#<stmt1>	stmt	add0aec2d3033159
ssg.md.ext.resizable.image.ResizableImage	ssg.md.ext.resizable.image.ResizableImage#<stmt2>	stmt	99036960ca059765
ssg.md.ext.resizable.image.ResizableImage	ssg.md.ext.resizable.image.ResizableImage#<stmt3>	stmt	19ab7a3c85329e47
ssg.md.ext.resizable.image.ResizableImage	ssg.md.ext.resizable.image.ResizableImage#<stmt4>	stmt	756b3dfe32c62344
ssg.md.ext.resizable.image.ResizableImage	ssg.md.ext.resizable.image.ResizableImage#getHeight()	def	e293a2f388465f2c
ssg.md.ext.resizable.image.ResizableImage	ssg.md.ext.resizable.image.ResizableImage#getSegments()	def	f1f55ab05eb5238c
ssg.md.ext.resizable.image.ResizableImage	ssg.md.ext.resizable.image.ResizableImage#getSource()	def	4b204c36295ffcb8
ssg.md.ext.resizable.image.ResizableImage	ssg.md.ext.resizable.image.ResizableImage#getText()	def	3da0c428a2e750e8
ssg.md.ext.resizable.image.ResizableImage	ssg.md.ext.resizable.image.ResizableImage#getWidth()	def	0f477a9f0afda83c
ssg.md.ext.resizable.image.ResizableImage	ssg.md.ext.resizable.image.ResizableImage#height	val	95c01eb0c1e64405
ssg.md.ext.resizable.image.ResizableImage	ssg.md.ext.resizable.image.ResizableImage#source	val	5bb597abae43c445
ssg.md.ext.resizable.image.ResizableImage	ssg.md.ext.resizable.image.ResizableImage#text	val	40dd18093a9cf766
ssg.md.ext.resizable.image.ResizableImage	ssg.md.ext.resizable.image.ResizableImage#width	val	386acecfe9ff2a27
ssg.md.ext.resizable.image.ResizableImageExtension	ssg.md.ext.resizable.image.ResizableImageExtension	class	6c09408171857428
ssg.md.ext.resizable.image.ResizableImageExtension	ssg.md.ext.resizable.image.ResizableImageExtension#create()	def	9cc3b608682a11aa
ssg.md.ext.resizable.image.ResizableImageExtension	ssg.md.ext.resizable.image.ResizableImageExtension#extend(Builder)	def	da4d231e6ba4d0ec
ssg.md.ext.resizable.image.ResizableImageExtension	ssg.md.ext.resizable.image.ResizableImageExtension#extend(Builder,String)	def	db8e2cb955bdaaf9
ssg.md.ext.resizable.image.ResizableImageExtension	ssg.md.ext.resizable.image.ResizableImageExtension#parserOptions(MutableDataHolder)	def	55bdf57bb16d44c0
ssg.md.ext.resizable.image.ResizableImageExtension	ssg.md.ext.resizable.image.ResizableImageExtension#rendererOptions(MutableDataHolder)	def	e3e165e739f41514
ssg.md.ext.resizable.image.ResizableImageVisitor	ssg.md.ext.resizable.image.ResizableImageVisitor	class	292279b35ad14f01
ssg.md.ext.resizable.image.ResizableImageVisitor	ssg.md.ext.resizable.image.ResizableImageVisitor#visit(ResizableImage)	def	5f0cbd41cc194f3e
ssg.md.ext.resizable.image.ResizableImageVisitorExt	ssg.md.ext.resizable.image.ResizableImageVisitorExt	class	daa4c34a5c7d7d93
ssg.md.ext.resizable.image.ResizableImageVisitorExt	ssg.md.ext.resizable.image.ResizableImageVisitorExt#VISIT_HANDLERS(V)	def	47ce90819d350b91
ssg.md.ext.resizable.image.internal.ResizableImageInlineParserExtension	ssg.md.ext.resizable.image.internal.ResizableImageInlineParserExtension	class	db752243afdaadfa
ssg.md.ext.resizable.image.internal.ResizableImageInlineParserExtension	ssg.md.ext.resizable.image.internal.ResizableImageInlineParserExtension#IMAGE_PATTERN	val	c7fa3ee083563256
ssg.md.ext.resizable.image.internal.ResizableImageInlineParserExtension	ssg.md.ext.resizable.image.internal.ResizableImageInlineParserExtension#finalizeBlock(InlineParser)	def	72d94a51fdb25bb8
ssg.md.ext.resizable.image.internal.ResizableImageInlineParserExtension	ssg.md.ext.resizable.image.internal.ResizableImageInlineParserExtension#finalizeDocument(InlineParser)	def	eea623a02c675979
ssg.md.ext.resizable.image.internal.ResizableImageInlineParserExtension	ssg.md.ext.resizable.image.internal.ResizableImageInlineParserExtension#parse(LightInlineParser)	def	d44ad4cad214a0e4
ssg.md.ext.resizable.image.internal.ResizableImageInlineParserExtension	ssg.md.ext.resizable.image.internal.ResizableImageInlineParserExtension$Factory	class	3fa0524d7cbe2181
ssg.md.ext.resizable.image.internal.ResizableImageInlineParserExtension	ssg.md.ext.resizable.image.internal.ResizableImageInlineParserExtension$Factory#affectsGlobalScope()	def	235a051e89e1f64d
ssg.md.ext.resizable.image.internal.ResizableImageInlineParserExtension	ssg.md.ext.resizable.image.internal.ResizableImageInlineParserExtension$Factory#apply(LightInlineParser)	def	aa8237f2b102e923
ssg.md.ext.resizable.image.internal.ResizableImageInlineParserExtension	ssg.md.ext.resizable.image.internal.ResizableImageInlineParserExtension$Factory#getAfterDependents()	def	213b28c06aa583d9
ssg.md.ext.resizable.image.internal.ResizableImageInlineParserExtension	ssg.md.ext.resizable.image.internal.ResizableImageInlineParserExtension$Factory#getBeforeDependents()	def	5c7dbfddf1d4d275
ssg.md.ext.resizable.image.internal.ResizableImageInlineParserExtension	ssg.md.ext.resizable.image.internal.ResizableImageInlineParserExtension$Factory#getCharacters()	def	d2550bbe3e173ba4
ssg.md.ext.resizable.image.internal.ResizableImageNodeRenderer	ssg.md.ext.resizable.image.internal.ResizableImageNodeRenderer	class	14c6c0ffa0d38121
ssg.md.ext.resizable.image.internal.ResizableImageNodeRenderer	ssg.md.ext.resizable.image.internal.ResizableImageNodeRenderer#getNodeRenderingHandlers()	def	075543a600cd9eb3
ssg.md.ext.resizable.image.internal.ResizableImageNodeRenderer	ssg.md.ext.resizable.image.internal.ResizableImageNodeRenderer#render(ResizableImage,NodeRendererContext,HtmlWriter)	def	ecf380608dcbf297
ssg.md.ext.resizable.image.internal.ResizableImageNodeRenderer	ssg.md.ext.resizable.image.internal.ResizableImageNodeRenderer$Factory	class	6470677664efa4e4
ssg.md.ext.resizable.image.internal.ResizableImageNodeRenderer	ssg.md.ext.resizable.image.internal.ResizableImageNodeRenderer$Factory#apply(DataHolder)	def	9ae6fd448d1770cd
ssg.md.ext.superscript.Superscript	ssg.md.ext.superscript.Superscript	class	a40f4efc90089a2f
ssg.md.ext.superscript.Superscript	ssg.md.ext.superscript.Superscript#<init>(BasedSequence)	ctor	2f5cfc98896beb36
ssg.md.ext.superscript.Superscript	ssg.md.ext.superscript.Superscript#<init>(BasedSequence,BasedSequence,BasedSequence)	ctor	404c053c9a61aee2
ssg.md.ext.superscript.Superscript	ssg.md.ext.superscript.Superscript#<init>(BasedSequence,String)	ctor	abbd5149b0be5c4b
ssg.md.ext.superscript.Superscript	ssg.md.ext.superscript.Superscript#closingMarker	val	9159b58350bf1234
ssg.md.ext.superscript.Superscript	ssg.md.ext.superscript.Superscript#getAstExtra(StringBuilder)	def	ece5e0c8022d2f95
ssg.md.ext.superscript.Superscript	ssg.md.ext.superscript.Superscript#getClosingMarker()	def	3a9895a9103beb7c
ssg.md.ext.superscript.Superscript	ssg.md.ext.superscript.Superscript#getOpeningMarker()	def	1d7ea00c1329db9b
ssg.md.ext.superscript.Superscript	ssg.md.ext.superscript.Superscript#getSegments()	def	47df9f36f604e6e4
ssg.md.ext.superscript.Superscript	ssg.md.ext.superscript.Superscript#getText()	def	52f8720311bcf0ac
ssg.md.ext.superscript.Superscript	ssg.md.ext.superscript.Superscript#openingMarker	val	fd4c63b56836a1d2
ssg.md.ext.superscript.Superscript	ssg.md.ext.superscript.Superscript#setClosingMarker(BasedSequence)	def	829dae92cf3b53be
ssg.md.ext.superscript.Superscript	ssg.md.ext.superscript.Superscript#setOpeningMarker(BasedSequence)	def	5b78143cf2517cb7
ssg.md.ext.superscript.Superscript	ssg.md.ext.superscript.Superscript#setText(BasedSequence)	def	ee10b2b11f417049
ssg.md.ext.superscript.Superscript	ssg.md.ext.superscript.Superscript#superscriptBlockText	val	d9244bea3a473f2a
ssg.md.ext.superscript.Superscript	ssg.md.ext.superscript.Superscript#text	val	fd3c22d5755d4eb8
ssg.md.ext.superscript.SuperscriptExtension	ssg.md.ext.superscript.SuperscriptExtension	class	b1f866682507e644
ssg.md.ext.superscript.SuperscriptExtension	ssg.md.ext.superscript.SuperscriptExtension#SUPERSCRIPT_STYLE_HTML_CLOSE	val	4d98164d2eba4ad4
ssg.md.ext.superscript.SuperscriptExtension	ssg.md.ext.superscript.SuperscriptExtension#SUPERSCRIPT_STYLE_HTML_OPEN	val	317285e6b00f17ed
ssg.md.ext.superscript.SuperscriptExtension	ssg.md.ext.superscript.SuperscriptExtension#create()	def	60da081db9fc5f97
ssg.md.ext.superscript.SuperscriptExtension	ssg.md.ext.superscript.SuperscriptExtension#extend(Builder)	def	752a55aeb13868ab
ssg.md.ext.superscript.SuperscriptExtension	ssg.md.ext.superscript.SuperscriptExtension#extend(Builder,String)	def	260934988f255445
ssg.md.ext.superscript.SuperscriptExtension	ssg.md.ext.superscript.SuperscriptExtension#parserOptions(MutableDataHolder)	def	55bdf57bb16d44c0
ssg.md.ext.superscript.SuperscriptExtension	ssg.md.ext.superscript.SuperscriptExtension#rendererOptions(MutableDataHolder)	def	e3e165e739f41514
ssg.md.ext.superscript.SuperscriptVisitor	ssg.md.ext.superscript.SuperscriptVisitor	class	d9273c7b75514291
ssg.md.ext.superscript.SuperscriptVisitor	ssg.md.ext.superscript.SuperscriptVisitor#visit(Superscript)	def	0cbbf5293fd0b27c
ssg.md.ext.superscript.SuperscriptVisitorExt	ssg.md.ext.superscript.SuperscriptVisitorExt	class	c5181691451a8b13
ssg.md.ext.superscript.SuperscriptVisitorExt	ssg.md.ext.superscript.SuperscriptVisitorExt#VISIT_HANDLERS(V)	def	65bfe37ebf01d9a6
ssg.md.ext.superscript.internal.SuperscriptDelimiterProcessor	ssg.md.ext.superscript.internal.SuperscriptDelimiterProcessor	class	5668ce42c3b7ac7c
ssg.md.ext.superscript.internal.SuperscriptDelimiterProcessor	ssg.md.ext.superscript.internal.SuperscriptDelimiterProcessor#canBeCloser(String,String,boolean,boolean,boolean,boolean,boolean,boolean)	def	5808099f4dd0aa2a
ssg.md.ext.superscript.internal.SuperscriptDelimiterProcessor	ssg.md.ext.superscript.internal.SuperscriptDelimiterProcessor#canBeOpener(String,String,boolean,boolean,boolean,boolean,boolean,boolean)	def	b1612817a6412a4f
ssg.md.ext.superscript.internal.SuperscriptDelimiterProcessor	ssg.md.ext.superscript.internal.SuperscriptDelimiterProcessor#getClosingCharacter()	def	230a486930a704c2
ssg.md.ext.superscript.internal.SuperscriptDelimiterProcessor	ssg.md.ext.superscript.internal.SuperscriptDelimiterProcessor#getDelimiterUse(DelimiterRun,DelimiterRun)	def	983c19d8e61a7e4c
ssg.md.ext.superscript.internal.SuperscriptDelimiterProcessor	ssg.md.ext.superscript.internal.SuperscriptDelimiterProcessor#getMinLength()	def	0451bdcf8fa83ac5
ssg.md.ext.superscript.internal.SuperscriptDelimiterProcessor	ssg.md.ext.superscript.internal.SuperscriptDelimiterProcessor#getOpeningCharacter()	def	fa2aedc1c0e5944b
ssg.md.ext.superscript.internal.SuperscriptDelimiterProcessor	ssg.md.ext.superscript.internal.SuperscriptDelimiterProcessor#process(Delimiter,Delimiter,int)	def	294ed9db72935831
ssg.md.ext.superscript.internal.SuperscriptDelimiterProcessor	ssg.md.ext.superscript.internal.SuperscriptDelimiterProcessor#skipNonOpenerCloser()	def	73614cfaa9ce1f1f
ssg.md.ext.superscript.internal.SuperscriptDelimiterProcessor	ssg.md.ext.superscript.internal.SuperscriptDelimiterProcessor#unmatchedDelimiterNode(InlineParser,DelimiterRun)	def	4c1a3770a0f8b5f8
ssg.md.ext.superscript.internal.SuperscriptJiraRenderer	ssg.md.ext.superscript.internal.SuperscriptJiraRenderer	class	95e901f6ea206495
ssg.md.ext.superscript.internal.SuperscriptJiraRenderer	ssg.md.ext.superscript.internal.SuperscriptJiraRenderer#getNodeRenderingHandlers()	def	8ace07fdbbf76102
ssg.md.ext.superscript.internal.SuperscriptJiraRenderer	ssg.md.ext.superscript.internal.SuperscriptJiraRenderer#render(Superscript,NodeRendererContext,HtmlWriter)	def	92a5a16207b5a9db
ssg.md.ext.superscript.internal.SuperscriptJiraRenderer	ssg.md.ext.superscript.internal.SuperscriptJiraRenderer$Factory	class	8bf7d8b53520f4fe
ssg.md.ext.superscript.internal.SuperscriptJiraRenderer	ssg.md.ext.superscript.internal.SuperscriptJiraRenderer$Factory#apply(DataHolder)	def	69a9a39e031a1ffc
ssg.md.ext.superscript.internal.SuperscriptNodeRenderer	ssg.md.ext.superscript.internal.SuperscriptNodeRenderer	class	76359de4acb9453c
ssg.md.ext.superscript.internal.SuperscriptNodeRenderer	ssg.md.ext.superscript.internal.SuperscriptNodeRenderer#<stmt1>	stmt	119e3505aed3bb10
ssg.md.ext.superscript.internal.SuperscriptNodeRenderer	ssg.md.ext.superscript.internal.SuperscriptNodeRenderer#<stmt2>	stmt	4ff786cf790e905d
ssg.md.ext.superscript.internal.SuperscriptNodeRenderer	ssg.md.ext.superscript.internal.SuperscriptNodeRenderer#getNodeRenderingHandlers()	def	8ace07fdbbf76102
ssg.md.ext.superscript.internal.SuperscriptNodeRenderer	ssg.md.ext.superscript.internal.SuperscriptNodeRenderer#render(Superscript,NodeRendererContext,HtmlWriter)	def	cedbf62746b1eed7
ssg.md.ext.superscript.internal.SuperscriptNodeRenderer	ssg.md.ext.superscript.internal.SuperscriptNodeRenderer#superscriptStyleHtmlClose	val	1bdc21c6a8fabe03
ssg.md.ext.superscript.internal.SuperscriptNodeRenderer	ssg.md.ext.superscript.internal.SuperscriptNodeRenderer#superscriptStyleHtmlOpen	val	95866454c4dbe4fb
ssg.md.ext.superscript.internal.SuperscriptNodeRenderer	ssg.md.ext.superscript.internal.SuperscriptNodeRenderer$Factory	class	7fa7e902cfa206cc
ssg.md.ext.superscript.internal.SuperscriptNodeRenderer	ssg.md.ext.superscript.internal.SuperscriptNodeRenderer$Factory#apply(DataHolder)	def	8cfad7b24ba30b86
ssg.md.ext.yaml.front.matter.AbstractYamlFrontMatterVisitor	ssg.md.ext.yaml.front.matter.AbstractYamlFrontMatterVisitor	class	17c0ffbccc371db1
ssg.md.ext.yaml.front.matter.AbstractYamlFrontMatterVisitor	ssg.md.ext.yaml.front.matter.AbstractYamlFrontMatterVisitor#<stmt1>	stmt	abcea8019590ff75
ssg.md.ext.yaml.front.matter.AbstractYamlFrontMatterVisitor	ssg.md.ext.yaml.front.matter.AbstractYamlFrontMatterVisitor#<stmt2>	stmt	3193d9020fd93363
ssg.md.ext.yaml.front.matter.AbstractYamlFrontMatterVisitor	ssg.md.ext.yaml.front.matter.AbstractYamlFrontMatterVisitor#data	val	516ff7b66a4d2977
ssg.md.ext.yaml.front.matter.AbstractYamlFrontMatterVisitor	ssg.md.ext.yaml.front.matter.AbstractYamlFrontMatterVisitor#getData()	def	0e3beac306464d14
ssg.md.ext.yaml.front.matter.AbstractYamlFrontMatterVisitor	ssg.md.ext.yaml.front.matter.AbstractYamlFrontMatterVisitor#myVisitor	val	f55a1e243b1c63d4
ssg.md.ext.yaml.front.matter.AbstractYamlFrontMatterVisitor	ssg.md.ext.yaml.front.matter.AbstractYamlFrontMatterVisitor#visit(Node)	def	2b9e7bdf31ba523e
ssg.md.ext.yaml.front.matter.AbstractYamlFrontMatterVisitor	ssg.md.ext.yaml.front.matter.AbstractYamlFrontMatterVisitor#visit(YamlFrontMatterBlock)	def	4ddf039a7e068b93
ssg.md.ext.yaml.front.matter.AbstractYamlFrontMatterVisitor	ssg.md.ext.yaml.front.matter.AbstractYamlFrontMatterVisitor#visit(YamlFrontMatterNode)	def	30ca3267c81f5058
ssg.md.ext.yaml.front.matter.YamlFrontMatterBlock	ssg.md.ext.yaml.front.matter.YamlFrontMatterBlock	class	cdd1190cccc9cfd8
ssg.md.ext.yaml.front.matter.YamlFrontMatterBlock	ssg.md.ext.yaml.front.matter.YamlFrontMatterBlock#getSegments()	def	2a8c37a5726a8369
ssg.md.ext.yaml.front.matter.YamlFrontMatterExtension	ssg.md.ext.yaml.front.matter.YamlFrontMatterExtension	class	51c94e672161d5c7
ssg.md.ext.yaml.front.matter.YamlFrontMatterExtension	ssg.md.ext.yaml.front.matter.YamlFrontMatterExtension#create()	def	0f79157446293288
ssg.md.ext.yaml.front.matter.YamlFrontMatterExtension	ssg.md.ext.yaml.front.matter.YamlFrontMatterExtension#extend(Builder)	def	d7e11fb8ce8784f9
ssg.md.ext.yaml.front.matter.YamlFrontMatterExtension	ssg.md.ext.yaml.front.matter.YamlFrontMatterExtension#extend(Builder)	def	87df9f4797b082a0
ssg.md.ext.yaml.front.matter.YamlFrontMatterExtension	ssg.md.ext.yaml.front.matter.YamlFrontMatterExtension#parserOptions(MutableDataHolder)	def	55bdf57bb16d44c0
ssg.md.ext.yaml.front.matter.YamlFrontMatterExtension	ssg.md.ext.yaml.front.matter.YamlFrontMatterExtension#rendererOptions(MutableDataHolder)	def	e3e165e739f41514
ssg.md.ext.yaml.front.matter.YamlFrontMatterNode	ssg.md.ext.yaml.front.matter.YamlFrontMatterNode	class	574824b8dd1f3aad
ssg.md.ext.yaml.front.matter.YamlFrontMatterNode	ssg.md.ext.yaml.front.matter.YamlFrontMatterNode#<stmt1>	stmt	7dc31ef553396924
ssg.md.ext.yaml.front.matter.YamlFrontMatterNode	ssg.md.ext.yaml.front.matter.YamlFrontMatterNode#<stmt2>	stmt	3f6cb4cdf3c900be
ssg.md.ext.yaml.front.matter.YamlFrontMatterNode	ssg.md.ext.yaml.front.matter.YamlFrontMatterNode#getKey()	def	6a07a144be6b42c0
ssg.md.ext.yaml.front.matter.YamlFrontMatterNode	ssg.md.ext.yaml.front.matter.YamlFrontMatterNode#getKeySequence()	def	38fc4d57ee637673
ssg.md.ext.yaml.front.matter.YamlFrontMatterNode	ssg.md.ext.yaml.front.matter.YamlFrontMatterNode#getSegments()	def	8398560ec14416e5
ssg.md.ext.yaml.front.matter.YamlFrontMatterNode	ssg.md.ext.yaml.front.matter.YamlFrontMatterNode#getValues()	def	591ed145a1d137eb
ssg.md.ext.yaml.front.matter.YamlFrontMatterNode	ssg.md.ext.yaml.front.matter.YamlFrontMatterNode#getValuesSequences()	def	452826ac498f66c1
ssg.md.ext.yaml.front.matter.YamlFrontMatterNode	ssg.md.ext.yaml.front.matter.YamlFrontMatterNode#key	val	13c6669e771a8bd2
ssg.md.ext.yaml.front.matter.YamlFrontMatterNode	ssg.md.ext.yaml.front.matter.YamlFrontMatterNode#setKey(BasedSequence)	def	ac84f8468bce925b
ssg.md.ext.yaml.front.matter.YamlFrontMatterValue	ssg.md.ext.yaml.front.matter.YamlFrontMatterValue	class	a81558a9bdc2a2e4
ssg.md.ext.yaml.front.matter.YamlFrontMatterValue	ssg.md.ext.yaml.front.matter.YamlFrontMatterValue#<init>(BasedSequence)	ctor	2f5cfc98896beb36
ssg.md.ext.yaml.front.matter.YamlFrontMatterValue	ssg.md.ext.yaml.front.matter.YamlFrontMatterValue#getSegments()	def	2a8c37a5726a8369
ssg.md.ext.yaml.front.matter.YamlFrontMatterVisitor	ssg.md.ext.yaml.front.matter.YamlFrontMatterVisitor	class	1af28459d3465705
ssg.md.ext.yaml.front.matter.YamlFrontMatterVisitor	ssg.md.ext.yaml.front.matter.YamlFrontMatterVisitor#visit(YamlFrontMatterBlock)	def	e63a6a8b4a7ae6fc
ssg.md.ext.yaml.front.matter.YamlFrontMatterVisitor	ssg.md.ext.yaml.front.matter.YamlFrontMatterVisitor#visit(YamlFrontMatterNode)	def	c23c494b08398a11
ssg.md.ext.yaml.front.matter.YamlFrontMatterVisitorExt	ssg.md.ext.yaml.front.matter.YamlFrontMatterVisitorExt	class	0bf052b71804f950
ssg.md.ext.yaml.front.matter.YamlFrontMatterVisitorExt	ssg.md.ext.yaml.front.matter.YamlFrontMatterVisitorExt#VISIT_HANDLERS(V)	def	428bb9e9ebac77d3
ssg.md.ext.yaml.front.matter.internal.YamlFrontMatterBlockParser	ssg.md.ext.yaml.front.matter.internal.YamlFrontMatterBlockParser	class	c1c939e87479143b
ssg.md.ext.yaml.front.matter.internal.YamlFrontMatterBlockParser	ssg.md.ext.yaml.front.matter.internal.YamlFrontMatterBlockParser#<stmt1>	stmt	9eaebbb4a7e30ad9
ssg.md.ext.yaml.front.matter.internal.YamlFrontMatterBlockParser	ssg.md.ext.yaml.front.matter.internal.YamlFrontMatterBlockParser#<stmt2>	stmt	66ee0efd4fe40cdf
ssg.md.ext.yaml.front.matter.internal.YamlFrontMatterBlockParser	ssg.md.ext.yaml.front.matter.internal.YamlFrontMatterBlockParser#<stmt3>	stmt	209ce56d93e4c7e4
ssg.md.ext.yaml.front.matter.internal.YamlFrontMatterBlockParser	ssg.md.ext.yaml.front.matter.internal.YamlFrontMatterBlockParser#<stmt4>	stmt	8433c88e63ec0689
ssg.md.ext.yaml.front.matter.internal.YamlFrontMatterBlockParser	ssg.md.ext.yaml.front.matter.internal.YamlFrontMatterBlockParser#<stmt5>	stmt	ab4db010c7c1d30d
ssg.md.ext.yaml.front.matter.internal.YamlFrontMatterBlockParser	ssg.md.ext.yaml.front.matter.internal.YamlFrontMatterBlockParser#<stmt6>	stmt	e4b25f54212b0082
ssg.md.ext.yaml.front.matter.internal.YamlFrontMatterBlockParser	ssg.md.ext.yaml.front.matter.internal.YamlFrontMatterBlockParser#REGEX_BEGIN	val	0dd0eeaf55960ee7
ssg.md.ext.yaml.front.matter.internal.YamlFrontMatterBlockParser	ssg.md.ext.yaml.front.matter.internal.YamlFrontMatterBlockParser#REGEX_END	val	3975df230ad5ac8d
ssg.md.ext.yaml.front.matter.internal.YamlFrontMatterBlockParser	ssg.md.ext.yaml.front.matter.internal.YamlFrontMatterBlockParser#REGEX_METADATA	val	3ffc42953f2b1b68
ssg.md.ext.yaml.front.matter.internal.YamlFrontMatterBlockParser	ssg.md.ext.yaml.front.matter.internal.YamlFrontMatterBlockParser#REGEX_METADATA_LIST	val	fea4e3992b520f32
ssg.md.ext.yaml.front.matter.internal.YamlFrontMatterBlockParser	ssg.md.ext.yaml.front.matter.internal.YamlFrontMatterBlockParser#REGEX_METADATA_LITERAL	val	5ba9814ecd20066f
ssg.md.ext.yaml.front.matter.internal.YamlFrontMatterBlockParser	ssg.md.ext.yaml.front.matter.internal.YamlFrontMatterBlockParser#addLine(ParserState,BasedSequence)	def	225742750baae4ee
ssg.md.ext.yaml.front.matter.internal.YamlFrontMatterBlockParser	ssg.md.ext.yaml.front.matter.internal.YamlFrontMatterBlockParser#block	val	1b6b9321e556d354
ssg.md.ext.yaml.front.matter.internal.YamlFrontMatterBlockParser	ssg.md.ext.yaml.front.matter.internal.YamlFrontMatterBlockParser#closeBlock(ParserState)	def	f7a98953bded24b0
ssg.md.ext.yaml.front.matter.internal.YamlFrontMatterBlockParser	ssg.md.ext.yaml.front.matter.internal.YamlFrontMatterBlockParser#content	val	29f927ad24386a25
ssg.md.ext.yaml.front.matter.internal.YamlFrontMatterBlockParser	ssg.md.ext.yaml.front.matter.internal.YamlFrontMatterBlockParser#currentKey	val	516f290a42bcee16
ssg.md.ext.yaml.front.matter.internal.YamlFrontMatterBlockParser	ssg.md.ext.yaml.front.matter.internal.YamlFrontMatterBlockParser#currentValues	val	98e49dbfefd813ba
ssg.md.ext.yaml.front.matter.internal.YamlFrontMatterBlockParser	ssg.md.ext.yaml.front.matter.internal.YamlFrontMatterBlockParser#getBlock()	def	864f24abd109b0b6
ssg.md.ext.yaml.front.matter.internal.YamlFrontMatterBlockParser	ssg.md.ext.yaml.front.matter.internal.YamlFrontMatterBlockParser#inLiteral	val	57a30a8a01c79ed5
ssg.md.ext.yaml.front.matter.internal.YamlFrontMatterBlockParser	ssg.md.ext.yaml.front.matter.internal.YamlFrontMatterBlockParser#inYAMLBlock	val	6844713c15e08821
ssg.md.ext.yaml.front.matter.internal.YamlFrontMatterBlockParser	ssg.md.ext.yaml.front.matter.internal.YamlFrontMatterBlockParser#isContainer()	def	264444f946800dee
ssg.md.ext.yaml.front.matter.internal.YamlFrontMatterBlockParser	ssg.md.ext.yaml.front.matter.internal.YamlFrontMatterBlockParser#parseInlines(InlineParser)	def	a07cabbb8632e9c4
ssg.md.ext.yaml.front.matter.internal.YamlFrontMatterBlockParser	ssg.md.ext.yaml.front.matter.internal.YamlFrontMatterBlockParser#tryContinue(ParserState)	def	18d476388e80f803
ssg.md.ext.yaml.front.matter.internal.YamlFrontMatterBlockParser	ssg.md.ext.yaml.front.matter.internal.YamlFrontMatterBlockParser$BlockFactory	class	a8e9d7af30cbb7cf
ssg.md.ext.yaml.front.matter.internal.YamlFrontMatterBlockParser	ssg.md.ext.yaml.front.matter.internal.YamlFrontMatterBlockParser$BlockFactory#tryStart(ParserState,MatchedBlockParser)	def	8e09e1e0e3dc4e8c
ssg.md.ext.yaml.front.matter.internal.YamlFrontMatterBlockParser	ssg.md.ext.yaml.front.matter.internal.YamlFrontMatterBlockParser$Factory	class	1d79d96a3b472e47
ssg.md.ext.yaml.front.matter.internal.YamlFrontMatterBlockParser	ssg.md.ext.yaml.front.matter.internal.YamlFrontMatterBlockParser$Factory#affectsGlobalScope()	def	235a051e89e1f64d
ssg.md.ext.yaml.front.matter.internal.YamlFrontMatterBlockParser	ssg.md.ext.yaml.front.matter.internal.YamlFrontMatterBlockParser$Factory#apply(DataHolder)	def	fc75a5d341f92848
ssg.md.ext.yaml.front.matter.internal.YamlFrontMatterBlockParser	ssg.md.ext.yaml.front.matter.internal.YamlFrontMatterBlockParser$Factory#getAfterDependents()	def	213b28c06aa583d9
ssg.md.ext.yaml.front.matter.internal.YamlFrontMatterBlockParser	ssg.md.ext.yaml.front.matter.internal.YamlFrontMatterBlockParser$Factory#getBeforeDependents()	def	5c7dbfddf1d4d275
ssg.md.ext.yaml.front.matter.internal.YamlFrontMatterNodeFormatter	ssg.md.ext.yaml.front.matter.internal.YamlFrontMatterNodeFormatter	class	c5a64fac5b3876d2
ssg.md.ext.yaml.front.matter.internal.YamlFrontMatterNodeFormatter	ssg.md.ext.yaml.front.matter.internal.YamlFrontMatterNodeFormatter#getFormattingPhases()	def	4aacc19363aa1787
ssg.md.ext.yaml.front.matter.internal.YamlFrontMatterNodeFormatter	ssg.md.ext.yaml.front.matter.internal.YamlFrontMatterNodeFormatter#getNodeClasses()	def	161f9731ef5945f3
ssg.md.ext.yaml.front.matter.internal.YamlFrontMatterNodeFormatter	ssg.md.ext.yaml.front.matter.internal.YamlFrontMatterNodeFormatter#getNodeFormattingHandlers()	def	7d336cefdb548e3d
ssg.md.ext.yaml.front.matter.internal.YamlFrontMatterNodeFormatter	ssg.md.ext.yaml.front.matter.internal.YamlFrontMatterNodeFormatter#render(YamlFrontMatterBlock,NodeFormatterContext,MarkdownWriter)	def	f2e7c977b41c0b0f
ssg.md.ext.yaml.front.matter.internal.YamlFrontMatterNodeFormatter	ssg.md.ext.yaml.front.matter.internal.YamlFrontMatterNodeFormatter#renderDocument(NodeFormatterContext,MarkdownWriter,Document,FormattingPhase)	def	81e981a85c315840
ssg.md.ext.yaml.front.matter.internal.YamlFrontMatterNodeFormatter	ssg.md.ext.yaml.front.matter.internal.YamlFrontMatterNodeFormatter$Factory	class	392898bef5621a17
ssg.md.ext.yaml.front.matter.internal.YamlFrontMatterNodeFormatter	ssg.md.ext.yaml.front.matter.internal.YamlFrontMatterNodeFormatter$Factory#create(DataHolder)	def	51514d1082693166
ssg.md.ext.youtube.embedded.YouTubeLink	ssg.md.ext.youtube.embedded.YouTubeLink	class	1839572e08113c86
ssg.md.ext.youtube.embedded.YouTubeLink	ssg.md.ext.youtube.embedded.YouTubeLink#<init>(Link)	ctor	e730311a154a9aa2
ssg.md.ext.youtube.embedded.YouTubeLink	ssg.md.ext.youtube.embedded.YouTubeLink#setTextChars(BasedSequence)	def	b2dcb22610a73097
ssg.md.ext.youtube.embedded.YouTubeLinkExtension	ssg.md.ext.youtube.embedded.YouTubeLinkExtension	class	1a250e6717d74601
ssg.md.ext.youtube.embedded.YouTubeLinkExtension	ssg.md.ext.youtube.embedded.YouTubeLinkExtension#create()	def	9d44dda1eb77532a
ssg.md.ext.youtube.embedded.YouTubeLinkExtension	ssg.md.ext.youtube.embedded.YouTubeLinkExtension#extend(Builder)	def	d4b170ce677dc21f
ssg.md.ext.youtube.embedded.YouTubeLinkExtension	ssg.md.ext.youtube.embedded.YouTubeLinkExtension#extend(Builder,String)	def	af28670b6343b339
ssg.md.ext.youtube.embedded.YouTubeLinkExtension	ssg.md.ext.youtube.embedded.YouTubeLinkExtension#parserOptions(MutableDataHolder)	def	55bdf57bb16d44c0
ssg.md.ext.youtube.embedded.YouTubeLinkExtension	ssg.md.ext.youtube.embedded.YouTubeLinkExtension#rendererOptions(MutableDataHolder)	def	e3e165e739f41514
ssg.md.ext.youtube.embedded.YouTubeLinkVisitor	ssg.md.ext.youtube.embedded.YouTubeLinkVisitor	class	feebf447073d4632
ssg.md.ext.youtube.embedded.YouTubeLinkVisitor	ssg.md.ext.youtube.embedded.YouTubeLinkVisitor#visit(YouTubeLink)	def	038f8db8554ee9fc
ssg.md.ext.youtube.embedded.YouTubeLinkVisitorExt	ssg.md.ext.youtube.embedded.YouTubeLinkVisitorExt	class	8ca182be87f3be88
ssg.md.ext.youtube.embedded.YouTubeLinkVisitorExt	ssg.md.ext.youtube.embedded.YouTubeLinkVisitorExt#VISIT_HANDLERS(V)	def	300d256f8e6452a7
ssg.md.ext.youtube.embedded.internal.YouTubeLinkNodePostProcessor	ssg.md.ext.youtube.embedded.internal.YouTubeLinkNodePostProcessor	class	4b165ca5a5f2d35c
ssg.md.ext.youtube.embedded.internal.YouTubeLinkNodePostProcessor	ssg.md.ext.youtube.embedded.internal.YouTubeLinkNodePostProcessor#process(NodeTracker,Node)	def	e3d4ecbed491139a
ssg.md.ext.youtube.embedded.internal.YouTubeLinkNodePostProcessor	ssg.md.ext.youtube.embedded.internal.YouTubeLinkNodePostProcessor$Factory	class	488b4f3e5a691e76
ssg.md.ext.youtube.embedded.internal.YouTubeLinkNodePostProcessor	ssg.md.ext.youtube.embedded.internal.YouTubeLinkNodePostProcessor$Factory#<stmt1>	stmt	e7bb54b96e0dbb2c
ssg.md.ext.youtube.embedded.internal.YouTubeLinkNodePostProcessor	ssg.md.ext.youtube.embedded.internal.YouTubeLinkNodePostProcessor$Factory#apply(Document)	def	ead3fe71dbd05267
ssg.md.ext.youtube.embedded.internal.YouTubeLinkNodeRenderer	ssg.md.ext.youtube.embedded.internal.YouTubeLinkNodeRenderer	class	0de4f1fc9ffe2481
ssg.md.ext.youtube.embedded.internal.YouTubeLinkNodeRenderer	ssg.md.ext.youtube.embedded.internal.YouTubeLinkNodeRenderer#getNodeRenderingHandlers()	def	58a2817b857536cd
ssg.md.ext.youtube.embedded.internal.YouTubeLinkNodeRenderer	ssg.md.ext.youtube.embedded.internal.YouTubeLinkNodeRenderer#render(YouTubeLink,NodeRendererContext,HtmlWriter)	def	fc8b337d1deb4cd3
ssg.md.ext.youtube.embedded.internal.YouTubeLinkNodeRenderer	ssg.md.ext.youtube.embedded.internal.YouTubeLinkNodeRenderer$Factory	class	d593002ff1e3353a
ssg.md.ext.youtube.embedded.internal.YouTubeLinkNodeRenderer	ssg.md.ext.youtube.embedded.internal.YouTubeLinkNodeRenderer$Factory#apply(DataHolder)	def	98b515ed0e66a804
