#id	check	kind	owner	path	line	detail
46ec0daf05d5	base-surface	unanswered	sge.scenes.scene2d.ui.Button#initialize (replayed into sge.textra.ImageTextraButton)		0	sge emitted this member `private` and this run does not write its declaration, so the constructor replay that reaches it cannot be widened; the replay is refused and the `super(args)` it expressed is counted as an omission  [base: sge]  [§1(a) ENGINE, in the BASE: only sge can widen a member it emits, and it cannot know a future dependent will replay one. The divergence is counted by `omissions`; hand-write the constructor in this module if the behaviour is needed]
297c8667839e	base-surface	unanswered	sge.scenes.scene2d.ui.Button#initialize (replayed into sge.textra.ImageTypingButton)		0	sge emitted this member `private` and this run does not write its declaration, so the constructor replay that reaches it cannot be widened; the replay is refused and the `super(args)` it expressed is counted as an omission  [base: sge]  [§1(a) ENGINE, in the BASE: only sge can widen a member it emits, and it cannot know a future dependent will replay one. The divergence is counted by `omissions`; hand-write the constructor in this module if the behaviour is needed]
c5617508d705	catalog(consulted)	reached	JS-C01	../../../../libgdx/gdx/src/com/badlogic/gdx/Input.java	634	lowering CtInvocation/Expression — consulted 33350, fired 4795, declarations 0: a Java `static` is INHERITED by every subclass; a Scala companion inherits nothing
6edf0ffa23bf	catalog(consulted)	reached	JS-C02	../../../../libgdx/gdx/src/com/badlogic/gdx/graphics/g3d/particles/influencers/DynamicsInfluencer.java	205	lowering CtInvocation/Expression + lowering CtFieldRead/Expression + lowering CtFieldWrite/Expression — consulted 95555, fired 76, declarations 0: interface constants are inherited through `implements`
9c853b40bfb6	catalog(consulted)	reached	JS-C03	com/github/tommyettinger/textra/Font.java	396	rendering ClassDef — consulted 125, fired 38, declarations 0: static HIDING is resolved by the STATIC type of the qualifier
272dd0a6f0a2	catalog(consulted)	reached	JS-C04	-	0	phase field-shadowing — consulted 0, fired 0, declarations 47: a subclass field SHADOWS a superclass field — two storage cells, not one
cec5e5cf1ab0	catalog(consulted)	reached	JS-C05	../../../../libgdx/gdx/src/com/badlogic/gdx/AbstractGraphics.java	14	lowering CtFieldRead/Expression + lowering CtFieldWrite/Expression — consulted 62205, fired 13249, declarations 0: a static nested constant reached through a SUBCLASS's name, and `import static`
b88ec340dbf6	catalog(consulted)	reached	JS-C06	-	0	rendering Apply — consulted 17775, fired 0, declarations 0: `anInstance.staticMethod()` evaluates the receiver FOR ITS SIDE EFFECTS and discards it
7ee6d8b50fbb	catalog(consulted)	reached	JS-C07	com/github/tommyettinger/textra/ColorLookup.java	31	rendering ClassDef — consulted 125, fired 40, declarations 0: JLS's class-initialisation TRIGGER list vs Scala's uniform accessor trigger
0324a062be80	catalog(consulted)	reached	JS-C08	com/github/tommyettinger/textra/Effect.java	26	rendering ValDef — consulted 3593, fired 248, declarations 0: a CONSTANT VARIABLE is inlined, so reading it never triggers class initialisation
7d5e6f76ba3f	catalog(consulted)	reached	JS-C09	com/github/tommyettinger/textra/ColorLookup.java	31	rendering ClassDef — consulted 125, fired 39, declarations 0: several `static { }` blocks and static field initialisers run in ONE textual order
abd61c29895c	catalog(consulted)	reached	JS-C10	-	0	rendering ClassDef — consulted 125, fired 0, declarations 0: circular class initialisation delivers DEFAULT values on the same thread
badacfc1613c	catalog(consulted)	reached	JS-C13	com/github/tommyettinger/textra/BitmapFontSupport.java	45	rendering ClassDef — consulted 125, fired 102, declarations 0: JLS 12.5's instance-creation sequence, whole
ed8101e4a2ba	catalog(consulted)	reached	JS-C14	com/github/tommyettinger/textra/FWSkinLoader.java	37	rendering ClassDef — consulted 125, fired 52, declarations 0: the superclass constructor runs before this class's field initialisers
c82d3a7db724	catalog(consulted)	reached	JS-C16	com/github/tommyettinger/textra/KnownFonts.java	417	rendering DefDef — consulted 1539, fired 87, declarations 0: instance initialiser blocks
185befbbe04f	catalog(consulted)	reached	JS-C17	-	0	lowering CtNewClass/Expression — consulted 4557, fired 0, declarations 0: double-brace initialisation is an anonymous subclass plus an instance initialiser
94e42920bdd8	catalog(consulted)	reached	JS-C18	-	0	rendering ClassDef — consulted 125, fired 0, declarations 0: field initialisers and instance-init blocks are ONE step-4 sequence in textual order, not two buckets
8117dc3bffb9	catalog(consulted)	reached	JS-C19	com/github/tommyettinger/textra/BitmapFontSupport.java	113	rendering ClassDef — consulted 125, fired 40, declarations 0: `this(...)` / `super(...)` in a secondary constructor — Scala's secondary constructors cannot call `super`
7bb970ff13c0	catalog(consulted)	reached	JS-C20	com/github/tommyettinger/textra/BitmapFontSupport.java	113	rendering ClassDef — consulted 125, fired 14, declarations 0: the implicit `super()` and the default constructor
4114a0999fff	catalog(consulted)	reached	JS-C21	com/github/tommyettinger/textra/BitmapFontSupport.java	113	rendering ClassDef — consulted 125, fired 40, declarations 0: constructor overload resolution, against Scala's textual-anteriority rule
06c2e16f6858	catalog(consulted)	reached	JS-C22	com/github/tommyettinger/textra/Font.java	6583	rendering Apply — consulted 17775, fired 47, declarations 0: Java's THREE-PHASE applicability (strict, then loose, then varargs) has no Scala counterpart
82aad4c24e0f	catalog(consulted)	reached	JS-C23	com/github/tommyettinger/textra/ImageTextraButton.java	76	rendering Apply — consulted 17775, fired 21, declarations 0: most-specific tie-break: Scala prefers a NON-GENERIC alternative and Java does not
626ee76ddd0e	catalog(consulted)	reached	JS-C25	com/github/tommyettinger/textra/BitmapFontSupport.java	136	rendering DefDef — consulted 1539, fired 320, declarations 0: `override` is mandatory in Scala and absent in Java
d66bbd78e005	catalog(consulted)	reached	JS-C29	com/github/tommyettinger/textra/BitmapFontSupport.java	62	rendering-type TypeRef — consulted 11027, fired 847, declarations 0: a static NESTED class and an INNER class are different types, and only one is path-dependent
f051c55f72fb	catalog(consulted)	reached	JS-C31	../../../../libgdx/gdx/src/com/badlogic/gdx/graphics/Cubemap.java	252	lowering CtNewClass/Expression — consulted 4557, fired 203, declarations 0: anonymous class construction and capture
5941668baf46	catalog(consulted)	reached	JS-C33	com/github/tommyettinger/textra/TextraField.java	79	rendering ClassDef — consulted 125, fired 6, declarations 0: the interface default-method diamond is resolved by JLS's two rules, not by trait linearization
5643ba8cb6cb	catalog(consulted)	reached	JS-C34	com/github/tommyettinger/textra/FWSkin.java	67	rendering ClassDef — consulted 125, fired 73, declarations 0: interface statics are not inherited AT ALL, not even by an implementor
81112f529cb4	catalog(consulted)	reached	JS-C36	com/github/tommyettinger/textra/ColorLookup.java	38	rendering ValDef — consulted 3593, fired 2, declarations 0: an interface field is implicitly `public static final`
a4cacf603748	catalog(consulted)	reached	JS-C37	com/github/tommyettinger/textra/Font.java	734	rendering ClassDef — consulted 125, fired 4, declarations 0: `name()`, `values()` and `valueOf` are SYNTHESISED on every Java enum
979c6c7017e8	catalog(consulted)	reached	JS-C38	com/github/tommyettinger/textra/InternalToken.java	19	rendering ClassDef — consulted 125, fired 1, declarations 0: a promoted enum constructor parameter IS a member, and `name` collides with `Enum.name()`
dcb325821eae	catalog(consulted)	reached	JS-C39	com/github/tommyettinger/textra/Font.java	734	rendering ClassDef — consulted 125, fired 4, declarations 0: `ordinal()` is part of every Java enum's surface, mentioned or not
f94891ec75a9	catalog(consulted)	reached	JS-C40	-	0	rendering ClassDef — consulted 125, fired 0, declarations 0: enum constants with PER-CONSTANT class bodies
a833e86c8748	catalog(consulted)	reached	JS-C43	-	0	rendering ClassDef — consulted 125, fired 0, declarations 0: Java `record`
3e1cebfcafc0	catalog(consulted)	reached	JS-C44	-	0	rendering ClassDef — consulted 125, fired 0, declarations 0: `sealed` / `non-sealed` / `permits`
1d8d52c59f48	catalog(consulted)	reached	JS-C45	com/github/tommyettinger/textra/ColorLookup.java	38	rendering ValDef — consulted 3593, fired 417, declarations 0: a `final` field's JMM safe-publication guarantee
d0851eb4ba41	catalog(consulted)	reached	JS-C46	-	0	phase member-clash — consulted 0, fired 0, declarations 231: Java has TWO name namespaces and Scala has one
7d0449431510	catalog(consulted)	reached	JS-C47	com/github/tommyettinger/textra/InternalToken.java	56	rendering ClassDef + rendering DefDef + rendering ValDef — consulted 5257, fired 142, declarations 0: package-private becomes `private[pkg]`
d66949fe7d2b	catalog(consulted)	reached	JS-C48	com/github/tommyettinger/textra/Effect.java	27	rendering ClassDef + rendering DefDef + rendering ValDef — consulted 5257, fired 223, declarations 0: Java's `protected` also grants SAME-PACKAGE access, and accessibility is an input to overload resolution
c313b3a3c1b2	catalog(consulted)	reached	JS-C49	com/github/tommyettinger/textra/Font.java	630	rendering ClassDef + rendering DefDef + rendering ValDef — consulted 5257, fired 8, declarations 0: Java's `private` reaches the whole enclosing TOP-LEVEL class; Scala's reaches only the template
dd3849569694	catalog(consulted)	reached	JS-C50	com/github/tommyettinger/textra/InternalToken.java	56	rendering ClassDef + rendering DefDef + rendering ValDef — consulted 5257, fired 142, declarations 0: Java's default access is package-private and Scala's is public — INVERTED
8ea7f570bc9d	catalog(consulted)	reached	JS-C51	com/github/tommyettinger/textra/effects/StylistEffect.java	84	rendering ClassDef — consulted 125, fired 1, declarations 0: a `return` in a CONSTRUCTOR body, whose promotion puts it in the class body
26da9815f82e	catalog(consulted)	reached	JS-E01	../../../../libgdx/gdx/src/com/badlogic/gdx/Net.java	229	lowering CtBinaryOperator/Expression — consulted 37692, fired 643, declarations 0: `==`/`!=` are REFERENCE identity in Java; Scala's `==` calls `equals`
001f53532dd1	catalog(consulted)	reached	JS-E02	../../../../libgdx/gdx/src/com/badlogic/gdx/InputEventQueue.java	51	lowering CtUnaryOperator/Expression — consulted 4047, fired 1449, declarations 0: postfix/prefix `++`/`--` USED AS A VALUE yields the value before the update — the VALUE only; the operand's single evaluation is JS-E17
df8435ae777e	catalog(consulted)	reached	JS-E03	../../../../libgdx/gdx/src/com/badlogic/gdx/graphics/g2d/BitmapFont.java	750	lowering CtOperatorAssignment/Statement — consulted 2499, fired 47, declarations 0: compound assignment NARROWS implicitly to the left-hand type — STATEMENT position; the lvalue's single evaluation is JS-E17
a82146992772	catalog(consulted)	reached	JS-E04	-	0	lowering CtOperatorAssignment/Expression — consulted 21, fired 0, declarations 0: compound assignment NARROWS implicitly to the left-hand type — EXPRESSION position; the lvalue's single evaluation is JS-E17
f79c857a7943	catalog(consulted)	reached	JS-E05	../../../../libgdx/gdx/src/com/badlogic/gdx/AbstractGraphics.java	14	lowering CtConditional/Expression — consulted 941, fired 941, declarations 0: the conditional operator's type is computed, not the syntactic lub of its branches
e265e8ac8753	catalog(consulted)	reached	JS-E06	-	0	rendering Typed — consulted 505, fired 0, declarations 0: a primitive cast is a CONVERSION in Java and an assertion in Scala once a phase has retyped the value
d549046d2465	catalog(consulted)	reached	JS-E14	../../../../libgdx/gdx/src/com/badlogic/gdx/Graphics.java	79	lowering CtBinaryOperator/Expression — consulted 37692, fired 24, declarations 0: string concatenation with a NON-`String` left operand
0905f7529295	catalog(consulted)	reached	JS-E15	../../../../libgdx/gdx/src/com/badlogic/gdx/assets/AssetManager.java	668	lowering CtAssignment/Expression — consulted 384, fired 384, declarations 0: an assignment IS an expression, with the assigned value
3a026281df4c	catalog(consulted)	reached	JS-G01	<synthetic>	0	lowering-type CtWildcardReference + rendering-type TypeBounds — consulted 1115, fired 665, declarations 0: use-site wildcards, with the matching bound grammar
8f53d4b7db87	catalog(consulted)	reached	JS-G03	-	0	lowering-type CtWildcardReference — consulted 1087, fired 0, declarations 0: `? super Object` has exactly one inhabitant
ed347ae8cfb0	catalog(consulted)	reached	JS-G04	-	0	rendering ForEach — consulted 29, fired 0, declarations 0: a captured wildcard on ITERATION has no nameable type
c4b1dc755867	catalog(consulted)	reached	JS-G05	-	0	rendering ClassDef — consulted 125, fired 0, declarations 0: a wildcard in an `extends` clause takes the parameter's DECLARED bound
b44adc035c9a	catalog(consulted)	reached	JS-G06	-	0	phase raw-parent-alignment — consulted 0, fired 0, declarations 26: a de-wildcarded raw PARENT and its overrides must agree
4876f4cc62fc	catalog(consulted)	reached	JS-G07	<synthetic>	0	lowering-type CtTypeReference — consulted 486807, fired 5364, declarations 0: a RAW type erases the REFERENCE's generics, not the class's
816773fbe63b	catalog(consulted)	reached	JS-G08	<synthetic>	0	lowering-type CtTypeReference — consulted 486807, fired 1212, declarations 0: the same raw Java type renders DIFFERENTLY per scope, and correctly so
d3a454c7421e	catalog(consulted)	reached	JS-G09	../../../../libgdx/gdx/src/com/badlogic/gdx/InputMultiplexer.java	26	lowering CtInvocation/Expression + lowering CtConstructorCall/Expression + lowering CtNewClass/Expression + lowering CtNewArray/Expression + lowering CtLocalVariable/Statement + lowering CtField/Declaration + lowering CtAssignment/Either + lowering CtReturn/Statement — consulted 85533, fired 1360, declarations 0: UNCHECKED CONVERSION at a raw type is legal in Java and is not in Scala
ef5334d57276	catalog(consulted)	reached	JS-G10	../../../../libgdx/gdx/src/com/badlogic/gdx/scenes/scene2d/ui/SelectBox.java	67	lowering CtNewClass/Expression — consulted 4557, fired 4, declarations 0: a RAW anonymous class WITH a body
35162c053597	catalog(consulted)	reached	JS-G11	com/github/tommyettinger/textra/Font.java	734	rendering ClassDef — consulted 125, fired 4, declarations 0: a partially-nameable F-BOUNDED raw fill
0f4ce490f918	catalog(consulted)	reached	JS-G12	<synthetic>	0	lowering-type CtTypeParameterReference + rendering-type TypeRef — consulted 22799, fired 738, declarations 0: a diamond's inference variable has NO NAMEABLE type
1c1db6be8c9a	catalog(consulted)	reached	JS-G13	../../../../libgdx/gdx/src/com/badlogic/gdx/InputMultiplexer.java	32	lowering CtInvocation/Expression + lowering CtConstructorCall/Expression + lowering CtNewClass/Expression + lowering CtNewArray/Expression + lowering CtLocalVariable/Statement + lowering CtField/Declaration + lowering CtAssignment/Either + lowering CtReturn/Statement — consulted 85533, fired 199, declarations 0: Java arrays are COVARIANT, with a runtime `ArrayStoreException`; Scala's are invariant
0199917d167a	catalog(consulted)	reached	JS-G14	../../../../libgdx/gdx/src/com/badlogic/gdx/graphics/g3d/loader/ObjLoader.java	150	lowering CtInvocation/Expression + lowering CtConstructorCall/Expression + lowering CtNewClass/Expression + lowering CtNewArray/Expression + lowering CtLocalVariable/Statement + lowering CtField/Declaration + lowering CtAssignment/Either + lowering CtReturn/Statement — consulted 85533, fired 130, declarations 0: a primitive at a generic slot boxes to the WRAPPER, not to the formal
b2f2ad9d8d9a	catalog(consulted)	reached	JS-G15	../../../../libgdx/gdx/src/com/badlogic/gdx/utils/IntMap.java	98	lowering CtNewArray/Expression — consulted 657, fired 19, declarations 0: GENERIC ARRAY CREATION is illegal in Java, so only the cast idiom reaches the engine
af21a5533870	catalog(consulted)	reached	JS-G17	com/github/tommyettinger/textra/BitmapFontSupport.java	319	rendering ArrayLength + rendering MethodRef — consulted 318, fired 276, declarations 0: `.length`, an array's `Class` object, and `T[]::new`
bd9dbb961b4a	catalog(consulted)	reached	JS-G18	../../../../libgdx/gdx/src/com/badlogic/gdx/Input.java	284	lowering CtInvocation/Expression + lowering CtConstructorCall/Expression + lowering CtNewClass/Expression — consulted 37907, fired 5365, declarations 0: under `noClasspath` a REFERENCE erases and a DECLARATION does not
e4451810e51d	catalog(consulted)	reached	JS-G21	com/github/tommyettinger/textra/Font.java	2533	rendering InstanceOf — consulted 16, fired 16, declarations 0: `instanceof` is restricted to REIFIABLE types, and SE16 added a pattern binding
1598f45ab4a3	catalog(consulted)	reached	JS-G22	../../../../libgdx/gdx/src/com/badlogic/gdx/assets/AssetLoadingTask.java	75	lowering CtInvocation/Expression — consulted 33350, fired 93, declarations 0: a raw member access through an ERASED RECEIVER types the CALL, not just the receiver
cc61272cd06d	catalog(consulted)	reached	JS-G29	../../../../libgdx/gdx/src/com/badlogic/gdx/assets/AssetLoadingTask.java	126	lowering CtInvocation/Expression — consulted 33350, fired 859, declarations 0: diamond inference in the ordinary case
0a83128e5b29	catalog(consulted)	reached	JS-G30	../../../../libgdx/gdx/src/com/badlogic/gdx/assets/AssetManager.java	136	lowering CtInvocation/Expression — consulted 33350, fired 61, declarations 0: an UNCONSTRAINED method type parameter: Java infers its BOUND and Scala infers `Nothing`
544aed4488ad	catalog(consulted)	reached	JS-G31	../../../../libgdx/gdx/src/com/badlogic/gdx/graphics/g2d/GlyphLayout.java	48	lowering CtInvocation/Expression — consulted 37907, fired 171, declarations 0: a POLY EXPRESSION must never be cast as a whole
65ffaf5c7641	catalog(consulted)	reached	JS-G32	../../../../libgdx/gdx/src/com/badlogic/gdx/Input.java	635	lowering CtInvocation/Expression + lowering CtConstructorCall/Expression + lowering CtNewClass/Expression — consulted 37907, fired 1817, declarations 0: a callee's OWN type variables never resolve at the caller
4d4b1bfe25b7	catalog(consulted)	reached	JS-G33	com/github/tommyettinger/textra/Font.java	2203	rendering MethodRef — consulted 49, fired 47, declarations 0: SAM conversion eligibility
d9bd5d0ea409	catalog(consulted)	reached	JS-G34	-	0	rendering Typed — consulted 505, fired 0, declarations 0: a Java INTERSECTION in a cast becomes Scala's `&`
0f8dcf4dfed0	catalog(consulted)	reached	JS-G35	-	0	rendering ClassDef + rendering DefDef — consulted 1664, fired 0, declarations 0: Scala CHECKS an F-bound where javac does not
61462498c8ca	catalog(consulted)	reached	JS-G37	../../../../libgdx/gdx/src/com/badlogic/gdx/graphics/g2d/BitmapFont.java	144	lowering CtInvocation/Expression + lowering CtConstructorCall/Expression + lowering CtNewClass/Expression — consulted 37907, fired 28, declarations 0: `T...` is an `Array[T]`, materialised at the port's OWN call sites
bbafc2489705	catalog(consulted)	reached	JS-G38	../../../../libgdx/gdx/src/com/badlogic/gdx/InputMultiplexer.java	32	lowering CtInvocation/Expression + lowering CtConstructorCall/Expression + lowering CtNewClass/Expression — consulted 37907, fired 66, declarations 0: a vararg slot ALREADY holding an array must not be re-packed — and neither a primitive array nor an under-dimensioned one forwards
ab047a1deb99	catalog(consulted)	reached	JS-G39	../../../../libgdx/gdx/src/com/badlogic/gdx/utils/Json.java	201	lowering CtInvocation/Expression + lowering CtConstructorCall/Expression + lowering CtNewClass/Expression + rendering Apply — consulted 55682, fired 7, declarations 0: an EXTERNAL callee's `T...` is read by scalac as a REPEATED parameter
33182b9fea78	catalog(consulted)	reached	JS-G40	../../../../libgdx/gdx/src/com/badlogic/gdx/utils/Json.java	201	lowering CtInvocation/Expression + lowering CtConstructorCall/Expression + lowering CtNewClass/Expression + rendering Spread — consulted 37907, fired 7, declarations 0: the COMPOSITION of JS-G38 and JS-G39 — an array forwarded through an external vararg slot
a64adad329d8	catalog(consulted)	reached	JS-G41	com/github/tommyettinger/textra/TextraListBox.java	405	rendering DefDef — consulted 1539, fired 1, declarations 0: `@SafeVarargs` and heap pollution
fa2e0861ac2f	catalog(consulted)	reached	JS-G42	../../../../libgdx/gdx/src/com/badlogic/gdx/InputMultiplexer.java	32	lowering CtInvocation/Expression + lowering CtConstructorCall/Expression + lowering CtNewClass/Expression — consulted 37907, fired 26, declarations 0: a generic vararg's COMPONENT element type has four layered sources
9eef336e8243	catalog(consulted)	reached	JS-G43	../../../../libgdx/gdx/src/com/badlogic/gdx/graphics/g2d/GlyphLayout.java	48	lowering CtExecutableReferenceExpression/Expression + rendering MethodRef — consulted 222, fired 222, declarations 0: METHOD REFERENCES are five forms sharing one syntax — static, unbound, bound, constructor, array constructor
ded49dd1d5a7	catalog(consulted)	reached	JS-G48	-	0	phase collections — consulted 0, fired 0, declarations 5: a REIFIED type occurrence asks about a RUNTIME OBJECT, so a retyping moves the question and not the answer
2c78d6a84fa4	catalog(consulted)	reached	JS-G49	-	0	lowering-type CtTypeParameterReference — consulted 11772, fired 0, declarations 0: an UNCHECKED override: java lets a method's ERASURE be a SUBSIGNATURE of a generic one
77486b1f3cc7	catalog(consulted)	reached	JS-S01	com/github/tommyettinger/textra/BitmapFontSupport.java	205	rendering While + rendering For + rendering ForEach + rendering DoWhile — consulted 275, fired 71, declarations 0: an unlabelled `break`/`continue` binds LEXICALLY to the innermost enclosing loop or switch
d0ac3f5576c5	catalog(consulted)	reached	JS-S02	com/github/tommyettinger/textra/TextraField.java	1152	rendering Labeled — consulted 2, fired 2, declarations 0: a LABEL sits on any statement, not only on a loop
b1d7855eea8c	catalog(consulted)	reached	JS-S03	com/github/tommyettinger/textra/Font.java	6056	rendering While + rendering For + rendering ForEach + rendering DoWhile — consulted 275, fired 3, declarations 0: a `boundary` the emitter INTERPOSES steals the enclosing loop's un-annotated jumps
38bf28522ef7	catalog(consulted)	reached	JS-S04	../../../../libgdx/gdx/src/com/badlogic/gdx/files/FileHandle.java	555	lowering CtSwitch/Statement — consulted 174, fired 28, declarations 0: switch FALLTHROUGH runs the next case's statements
a7a4c59db3b1	catalog(consulted)	reached	JS-S05	../../../../libgdx/gdx/src/com/badlogic/gdx/files/FileHandle.java	555	lowering CtSwitch/Statement — consulted 174, fired 117, declarations 0: a `switch` with no `default` FALLS OUT; a `match` with no `case _` throws
fdaff2c2a6e8	catalog(consulted)	reached	JS-S06	com/github/tommyettinger/textra/Font.java	6178	rendering Match — consulted 29, fired 3, declarations 0: an unlabelled `break` in the MIDDLE of a case ends the CASE
2e8ea5c29d49	catalog(consulted)	reached	JS-S07	../../../../libgdx/gdx/src/com/badlogic/gdx/InputEventQueue.java	53	lowering CtSwitch/Statement — consulted 174, fired 127, declarations 0: only an UNLABELLED trailing `break` terminates a case; a labelled one leaves the LOOP
892a84b7883c	catalog(consulted)	reached	JS-S08	com/github/tommyettinger/textra/Parser.java	156	rendering Match — consulted 29, fired 4, declarations 0: a `null` selector throws NPE IMPLICITLY — a classic switch has no `case null` to opt out with
4e28bdae0802	catalog(consulted)	reached	JS-S10	-	0	lowering CtSwitch/Statement + lowering CtSwitchExpression/Expression — consulted 174, fired 0, declarations 0: pattern and record switch, with sealed exhaustiveness
c18bad77d30e	catalog(consulted)	reached	JS-S11	com/github/tommyettinger/textra/TextureArrayPolygonSpriteBatch.java	1522	rendering Try — consulted 22, fired 1, declarations 0: a translated CATCH swallows a translated JUMP — `boundary.Break` is a `RuntimeException`
414514b4df0f	catalog(consulted)	reached	JS-S12	com/github/tommyettinger/textra/BitmapFontSupport.java	153	rendering Try — consulted 22, fired 3, declarations 0: a `finally` completing abruptly DISCARDS the try's own abrupt completion
13cb1d76f0ed	catalog(consulted)	reached	JS-S13	com/github/tommyettinger/textra/utils/LzmaUtils.java	28	rendering Try — consulted 22, fired 2, declarations 0: try-with-resources closes on ANY completion, in reverse order, before this try's own catch
b2cc245ff640	catalog(consulted)	reached	JS-S14	../../../../libgdx/gdx/src/com/badlogic/gdx/Version.java	38	lowering CtTry/Statement — consulted 233, fired 203, declarations 0: multi-catch `A | B`
7234217bdded	catalog(consulted)	reached	JS-S15	com/github/tommyettinger/textra/BitmapFontSupport.java	269	rendering ForEach — consulted 29, fired 29, declarations 0: the enhanced-for expression is evaluated ONCE, and arrays and `Iterable` differ
813247a01a6f	catalog(consulted)	reached	JS-S16	com/github/tommyettinger/textra/Font.java	1957	rendering ForEach — consulted 29, fired 3, declarations 0: the enhanced-for BINDING may be reassigned in the body, and may be declared at a supertype
ff5221beda6b	catalog(consulted)	reached	JS-S17	com/github/tommyettinger/textra/BitmapFontSupport.java	330	rendering For — consulted 200, fired 200, declarations 0: the classic `for`'s UPDATE runs on `continue`, and its `ForInit` scopes to the loop
1e07cb612ff7	catalog(consulted)	reached	JS-S18	../../../../libgdx/gdx/src/com/badlogic/gdx/graphics/g2d/BitmapFont.java	842	lowering CtDo/Statement + rendering DoWhile — consulted 46, fired 46, declarations 0: `do`-`while` — Scala 3 removed it
5bc8a1a4db1d	catalog(consulted)	reached	JS-S19	com/github/tommyettinger/textra/BitmapFontSupport.java	324	rendering ValDef — consulted 3593, fired 399, declarations 0: definite assignment for LOCALS — Java rejects a read before assignment
6397bc707b03	catalog(consulted)	reached	JS-S21	-	0	rendering Lambda — consulted 17, fired 0, declarations 0: `return` inside a lambda body returns from the LAMBDA, not from the method
35dc991698f4	catalog(consulted)	reached	JS-S22	../../../../libgdx/gdx/src/com/badlogic/gdx/InputEventQueue.java	41	lowering CtSynchronized/Statement — consulted 52, fired 52, declarations 0: `synchronized` as a statement
cb726b3e8af8	catalog(consulted)	reached	JS-S25	com/github/tommyettinger/textra/BitmapFontSupport.java	316	rendering DefDef — consulted 1539, fired 4, declarations 0: Java REJECTS unreachable code and Scala allows it — composed with `break`
9c22be7f2f32	catalog(uncited)	handled	JS-C01	-	0	UNCITED — a companion object has no inheritance relation to its class's parents (JLS side: JLS 8.2, 8.4.8): a Java `static` is INHERITED by every subclass; a Scala companion inherits nothing
3047600ceab7	catalog(uncited)	handled	JS-C02	-	0	UNCITED — as JS-C01, through the interface edge (JLS side: JLS 9.3, 8.1.5): interface constants are inherited through `implements`
c16eaa596e70	catalog(uncited)	handled	JS-C03	-	0	UNCITED — a companion re-export must not merge a redeclaration away (JLS side: JLS 8.4.8.2): static HIDING is resolved by the STATIC type of the qualifier
e6043578ce6b	catalog(uncited)	handled	JS-C04	-	0	UNCITED — a same-named Scala member is an OVERRIDE, virtually dispatched (JLS side: JLS 8.3, 6.4.1): a subclass field SHADOWS a superclass field — two storage cells, not one
86b74f79634f	catalog(uncited)	handled	JS-C05	-	0	UNCITED — fully-qualified emission removes the question (JLS side: JLS 6.5.6, 7.5.3): a static nested constant reached through a SUBCLASS's name, and `import static`
2974cd95acc0	catalog(uncited)	handled	JS-C06	-	0	UNCITED — a companion call has no receiver slot to put the expression in (JLS side: JLS 15.12.4.1): `anInstance.staticMethod()` evaluates the receiver FOR ITS SIDE EFFECTS and discards it
4f45994343df	catalog(uncited)	handled	JS-C08	-	0	UNCITED — `inline val` is the image; a typed `val` triggers the initialiser (JLS side: JLS 4.12.4, 13.1): a CONSTANT VARIABLE is inlined, so reading it never triggers class initialisation
aaa662dea242	catalog(uncited)	handled	JS-C09	-	0	UNCITED — an object body is one sequence, so the order has to survive the frontend (JLS side: JLS 12.4.2): several `static { }` blocks and static field initialisers run in ONE textual order
8ba79dfd3e53	catalog(uncited)	handled	JS-C14	-	0	UNCITED — the same order, once a primary constructor exists to host it (JLS side: JLS 12.5): the superclass constructor runs before this class's field initialisers
02f8becc671a	catalog(uncited)	handled	JS-C16	-	0	UNCITED — a statement in the class body is the image (JLS side: JLS 8.6): instance initialiser blocks
0a2cd2c7c4e4	catalog(uncited)	handled	JS-C18	-	0	UNCITED — the same sequence, which a frontend that groups by NODE KIND has already lost (JLS side: JLS 12.5): field initialisers and instance-init blocks are ONE step-4 sequence in textual order, not two buckets
d0d12b068c78	catalog(uncited)	handled	JS-C19	-	0	UNCITED — only a primary constructor may call the superclass constructor (JLS side: JLS 8.8.7.1): `this(...)` / `super(...)` in a secondary constructor — Scala's secondary constructors cannot call `super`
4d00dc03e31e	catalog(uncited)	handled	JS-C20	-	0	UNCITED — a Scala class always has a primary constructor (JLS side: JLS 8.8.7, 8.8.9): the implicit `super()` and the default constructor
4d6d05b50ca8	catalog(uncited)	handled	JS-C25	-	0	UNCITED — an override without the modifier is an error (JLS side: JLS 8.4.8.1): `override` is mandatory in Scala and absent in Java
977ba26281ed	catalog(uncited)	handled	JS-C29	-	0	UNCITED — `Outer#Inner` is the type projection; `outer.Inner` is the path-dependent type (JLS side: JLS 8.1.3): a static NESTED class and an INNER class are different types, and only one is path-dependent
198cdb711811	catalog(uncited)	handled	JS-C30	-	0	UNCITED — Scala has a direct counterpart; only the capture wiring is missing (JLS side: JLS 14.3): method-LOCAL named classes
00424df3de72	catalog(uncited)	handled	JS-C31	-	0	UNCITED — the same construct, with a synthesised name (JLS side: JLS 15.9.5): anonymous class construction and capture
f546fdbb040c	catalog(uncited)	handled	JS-C34	-	0	UNCITED — a corollary of JS-C01 at the interface edge (JLS side: JLS 8.4.8, 9.3): interface statics are not inherited AT ALL, not even by an implementor
ebfa8edb083a	catalog(uncited)	handled	JS-C36	-	0	UNCITED — a corollary of JS-C01, JS-C02 and JS-C08 (JLS side: JLS 9.3): an interface field is implicitly `public static final`
e29f2e7f69a9	catalog(uncited)	handled	JS-C37	-	0	UNCITED — a Scala 3 `enum` has a different, non-identical surface: it inherits `name()` from `java.lang.Enum` and its desugaring supplies `values`/`valueOf`, but `values` is PARENLESS where java writes `values()` (JLS side: JLS 8.9.3): `name()`, `values()` and `valueOf` are SYNTHESISED on every Java enum
5669b52f1725	catalog(uncited)	handled	JS-C38	-	0	UNCITED — a constructor parameter becomes a class member (JLS side: JLS 8.9.2): a promoted enum constructor parameter IS a member, and `name` collides with `Enum.name()`
8d3678233c95	catalog(uncited)	handled	JS-C39	-	0	UNCITED — nothing supplies it unless it is emitted (JLS side: JLS 8.9.3): `ordinal()` is part of every Java enum's surface, mentioned or not
e5904b642252	catalog(uncited)	handled	JS-C45	-	0	UNCITED — a `val` carries the same guarantee (JLS side: JLS 17.5): a `final` field's JMM safe-publication guarantee
e17fc42e19ae	catalog(uncited)	handled	JS-C46	-	0	UNCITED — one namespace, resolved innermost-first (JLS side: JLS 6.5): Java has TWO name namespaces and Scala has one
a3ec5cfa1317	catalog(uncited)	handled	JS-C47	-	0	UNCITED — a qualified `private` is the image (JLS side: JLS 6.6.1): package-private becomes `private[pkg]`
82c8c3f34227	catalog(uncited)	handled	JS-C48	-	0	UNCITED — Scala's `protected` grants no package access (JLS side: JLS 6.6.2, 15.12.1): Java's `protected` also grants SAME-PACKAGE access, and accessibility is an input to overload resolution
96a65a55af95	catalog(uncited)	handled	JS-C49	-	0	UNCITED — a qualified `private[TopLevel]` is the image (JLS side: JLS 6.6.1): Java's `private` reaches the whole enclosing TOP-LEVEL class; Scala's reaches only the template
09ba489df46e	catalog(uncited)	handled	JS-C50	-	0	UNCITED — emitting nothing means public, which is the wrong default (JLS side: JLS 6.6.1): Java's default access is package-private and Scala's is public — INVERTED
301231c6a335	catalog(uncited)	handled	JS-C51	-	0	UNCITED — a scala class body is not a method, so `return` is rejected outright (JLS side: JLS 14.17, 8.8.7): a `return` in a CONSTRUCTOR body, whose promotion puts it in the class body
c3a88d5d57d5	catalog(uncited)	handled	JS-E02	-	0	UNCITED — Scala has no increment operator; `x += 1` has type `Unit` (JLS side: JLS 15.14.2, 15.15.1): postfix/prefix `++`/`--` USED AS A VALUE yields the value before the update — the VALUE only; the operand's single evaluation is JS-E17
35e8bdb7bea4	catalog(uncited)	handled	JS-E05	-	0	UNCITED — an `if` expression types as the lub of its branches (JLS side: JLS 15.25.2): the conditional operator's type is computed, not the syntactic lub of its branches
4621dd1cc77f	catalog(uncited)	handled	JS-E14	-	0	UNCITED — `+` on a non-`String` left operand is that type's own `+` (JLS side: JLS 15.18.1): string concatenation with a NON-`String` left operand
13ea96c7898b	catalog(uncited)	handled	JS-G01	-	0	UNCITED — `?` with `<:`/`>:` bounds (JLS side: JLS 4.5.1): use-site wildcards, with the matching bound grammar
cc4aa3708886	catalog(uncited)	handled	JS-G03	-	0	UNCITED — the corresponding Scala bound is not the same set (JLS side: JLS 4.5.1): `? super Object` has exactly one inhabitant
ce54f52fc24d	catalog(uncited)	handled	JS-G04	-	0	UNCITED — the capture cannot be written, so an alias plus a widening cast is the image (JLS side: JLS 5.1.10, 14.14.2): a captured wildcard on ITERATION has no nameable type
239a622020c9	catalog(uncited)	handled	JS-G05	-	0	UNCITED — no wildcard is legal in a parent, so the bound has to be filled (JLS side: JLS 4.5.1, 8.1.4): a wildcard in an `extends` clause takes the parameter's DECLARED bound
671d9e12a408	catalog(uncited)	handled	JS-G06	-	0	UNCITED — an override is checked against the parent as emitted (JLS side: JLS 4.8, 8.4.8.1): a de-wildcarded raw PARENT and its overrides must agree
b9ed2336e33b	catalog(uncited)	handled	JS-G07	-	0	UNCITED — `[?]` everywhere is the only fill that round-trips across an override (JLS side: JLS 4.8): a RAW type erases the REFERENCE's generics, not the class's
78e531d9d040	catalog(uncited)	handled	JS-G08	-	0	UNCITED — the rendering depends on whether the scope is an override (JLS side: JLS 4.8): the same raw Java type renders DIFFERENTLY per scope, and correctly so
a059b1d2b6bb	catalog(uncited)	handled	JS-G09	-	0	UNCITED — an explicit cast is the image (JLS side: JLS 5.1.9): UNCHECKED CONVERSION at a raw type is legal in Java and is not in Scala
ac8d477920fa	catalog(uncited)	handled	JS-G12	-	0	UNCITED — the marker must never be printed (JLS side: JLS 15.9.1, 18): a diamond's inference variable has NO NAMEABLE type
cb60a8255fcd	catalog(uncited)	handled	JS-G13	-	0	UNCITED — `Array[T]` is invariant, so a cast is needed at the use (JLS side: JLS 4.10.3, 10.10): Java arrays are COVARIANT, with a runtime `ArrayStoreException`; Scala's are invariant
0cde26b00cef	catalog(uncited)	handled	JS-G15	-	0	UNCITED — the same restriction, reached through JS-G13's generality (JLS side: JLS 15.10.1): GENERIC ARRAY CREATION is illegal in Java, so only the cast idiom reaches the engine
8e8bf19fb753	catalog(uncited)	handled	JS-G17	-	0	UNCITED — `.length` is a method and the array constructor reference is a lambda (JLS side: JLS 10.7, 15.13): `.length`, an array's `Class` object, and `T[]::new`
a8b012018b9c	catalog(uncited)	handled	JS-G18	-	0	UNCITED — a producer/consumer erasure conflict the frontend has to resolve (JLS side: JLS 4.6): under `noClasspath` a REFERENCE erases and a DECLARATION does not
097007e1109e	catalog(uncited)	handled	JS-G22	-	0	UNCITED — the receiver view and the member's type through it must be produced together (JLS side: JLS 4.8): a raw member access through an ERASED RECEIVER types the CALL, not just the receiver
b9b2f192761b	catalog(uncited)	handled	JS-G29	-	0	UNCITED — Scala infers the same arguments where they are determined (JLS side: JLS 15.9.1): diamond inference in the ordinary case
1587c7edf556	catalog(uncited)	handled	JS-G30	-	0	UNCITED — an unconstrained inference variable resolves to the lower bound (JLS side: JLS 18.1.3): an UNCONSTRAINED method type parameter: Java infers its BOUND and Scala infers `Nothing`
c6a03c1fe7db	catalog(uncited)	handled	JS-G31	-	0	UNCITED — no Scala 3 reference page located; the SAM-conversion behaviour is probed, not cited (JLS side: JLS 15.2): a POLY EXPRESSION must never be cast as a whole
835fcc8d210c	catalog(uncited)	handled	JS-G32	-	0	UNCITED — the callee's variables are not in scope at the call site (JLS side: JLS 18.5.1): a callee's OWN type variables never resolve at the caller
4ec1ed5b5c8a	catalog(uncited)	handled	JS-G33	-	0	UNCITED — no Scala 3 reference page located for the eligibility rule (JLS side: JLS 9.8, 15.27.3): SAM conversion eligibility
9c80181f29bf	catalog(uncited)	handled	JS-G34	-	0	UNCITED — `A & B` is the image (JLS side: JLS 4.9, 15.16): a Java INTERSECTION in a cast becomes Scala's `&`
b983cac13b87	catalog(uncited)	handled	JS-G35	-	0	UNCITED — the bound is checked at every use, so a naive erasure is rejected (JLS side: JLS 4.4): Scala CHECKS an F-bound where javac does not
a0165a369d1e	catalog(uncited)	handled	JS-G37	-	0	UNCITED — a declared vararg becomes an array parameter, so callers must pack (JLS side: JLS 8.4.1, 15.12.4.2): `T...` is an `Array[T]`, materialised at the port's OWN call sites
0fe21c846504	catalog(uncited)	handled	JS-G38	-	0	UNCITED — ASSIGNABILITY to the parameter's array type decides, never `is an array`: a primitive array is assignable to nothing but its own, and at a `T[]...` slot a one-dimensional argument is assignable to the COMPONENT only (JLS side: JLS 15.12.4.2): a vararg slot ALREADY holding an array must not be re-packed — and neither a primitive array nor an under-dimensioned one forwards
1a207f77540c	catalog(uncited)	handled	JS-G39	-	0	UNCITED — a class file's `T...` is a repeated parameter, so a bare array conforms as ONE element (JLS side: JLS 15.12.4.2): an EXTERNAL callee's `T...` is read by scalac as a REPEATED parameter
924371cff7ae	catalog(uncited)	handled	JS-G40	-	0	UNCITED — only a spec over the composition finds it (JLS side: JLS 15.12.4.2): the COMPOSITION of JS-G38 and JS-G39 — an array forwarded through an external vararg slot
f8943e1b9286	catalog(uncited)	handled	JS-G42	-	0	UNCITED — the DECLARATION is the source that is correct in all four (JLS side: JLS 15.12.4.2, 18): a generic vararg's COMPONENT element type has four layered sources
f19ad35b5053	catalog(uncited)	handled	JS-G43	-	0	UNCITED — each form is a different lambda, and `Flags.isStatic` is the discriminator (JLS side: JLS 15.13): METHOD REFERENCES are five forms sharing one syntax — static, unbound, bound, constructor, array constructor
0ba9aa82c787	catalog(uncited)	handled	JS-G49	-	0	UNCITED — scala has no subsignature rule; a method with no type parameters cannot override one with them (JLS side: JLS 8.4.2, 8.4.8.1): an UNCHECKED override: java lets a method's ERASURE be a SUBSIGNATURE of a generic one
864970b851e2	catalog(uncited)	handled	JS-S01	-	0	UNCITED — `boundary`/`break` resolve the innermost `Label` in implicit scope (JLS side: JLS 14.15, 14.16): an unlabelled `break`/`continue` binds LEXICALLY to the innermost enclosing loop or switch
baa652a5468f	catalog(uncited)	handled	JS-S02	-	0	UNCITED — Scala has no labelled statement; a named `boundary` is the image (JLS side: JLS 14.7): a LABEL sits on any statement, not only on a loop
151125719bb7	catalog(uncited)	handled	JS-S03	-	0	UNCITED — `boundary.break` with no `using` resolves the innermost `Label` (JLS side: JLS 14.15): a `boundary` the emitter INTERPOSES steals the enclosing loop's un-annotated jumps
275c52696dbc	catalog(uncited)	handled	JS-S04	-	0	UNCITED — a `match` arm never falls through (JLS side: JLS 14.11.3): switch FALLTHROUGH runs the next case's statements
992f43fbf6e0	catalog(uncited)	handled	JS-S05	-	0	UNCITED — an unmatched `match` throws `MatchError` (JLS side: JLS 14.11.3): a `switch` with no `default` FALLS OUT; a `match` with no `case _` throws
cf8f90e23ba9	catalog(uncited)	handled	JS-S06	-	0	UNCITED — a `match` arm cannot be left early (JLS side: JLS 14.15): an unlabelled `break` in the MIDDLE of a case ends the CASE
7f10e6c09f25	catalog(uncited)	handled	JS-S07	-	0	UNCITED — no counterpart; the two must be told apart before stripping (JLS side: JLS 14.15): only an UNLABELLED trailing `break` terminates a case; a labelled one leaves the LOOP
97b9cfa9f5c3	catalog(uncited)	handled	JS-S08	-	0	UNCITED — `null` matches no literal pattern and reaches the last arm (JLS side: JLS 14.11.2): a `null` selector throws NPE IMPLICITLY — a classic switch has no `case null` to opt out with
0f3c40f5f2f7	catalog(uncited)	handled	JS-S09	-	0	UNCITED — a `match` is already an expression, so the image exists (JLS side: JLS 15.28, 14.21): switch EXPRESSIONS and `yield`
430dd93f51a8	catalog(uncited)	handled	JS-S11	-	0	UNCITED — `scala.util.boundary.Break` extends `RuntimeException` (JLS side: JLS 14.15, 14.20): a translated CATCH swallows a translated JUMP — `boundary.Break` is a `RuntimeException`
ddb00ef3eec4	catalog(uncited)	handled	JS-S13	-	0	UNCITED — no counterpart statement; `Using` is not one (it is a lambda) (JLS side: JLS 14.20.3): try-with-resources closes on ANY completion, in reverse order, before this try's own catch
60e97f8ed28b	catalog(uncited)	handled	JS-S14	-	0	UNCITED — a union type in the pattern (JLS side: JLS 14.20): multi-catch `A | B`
974224a3c2de	catalog(uncited)	handled	JS-S15	-	0	UNCITED — the same, by construction of the emitted loop (JLS side: JLS 14.14.2): the enhanced-for expression is evaluated ONCE, and arrays and `Iterable` differ
a36f6e8ee774	catalog(uncited)	handled	JS-S16	-	0	UNCITED — a `for` binding is a `val` (JLS side: JLS 14.14.2): the enhanced-for BINDING may be reassigned in the body, and may be declared at a supertype
98ba228d9f2d	catalog(uncited)	handled	JS-S17	-	0	UNCITED — `while` has no update clause, so it has to be placed (JLS side: JLS 14.14.1): the classic `for`'s UPDATE runs on `continue`, and its `ForInit` scopes to the loop
d461084a2020	catalog(uncited)	handled	JS-S18	-	0	UNCITED — Scala 3 has no `do`-`while`; `while ({ body; cond }) ()` is the image (JLS side: JLS 14.13): `do`-`while` — Scala 3 removed it
62291c7fd294	catalog(uncited)	handled	JS-S21	-	0	UNCITED — a `return` in a Scala lambda is a non-local return from the enclosing method (JLS side: JLS 15.27.2): `return` inside a lambda body returns from the LAMBDA, not from the method
bd6e520e2d23	catalog(uncited)	handled	JS-S22	-	0	UNCITED — `.synchronized`, with the same monitor bytecode (JLS side: JLS 14.19): `synchronized` as a statement
1c3b367e92aa	catalog(uncited)	handled	JS-S25	-	0	UNCITED — Scala has no unreachable-statement rule (JLS side: JLS 14.21): Java REJECTS unreachable code and Scala allows it — composed with `break`
1c32968f82ee	catalog(uncited)	non-diff	JS-C11	-	0	UNCITED — the same JVM mechanism (JLS side: JLS 12.4.2): a superclass is initialised before its subclass
420f8947e9ff	catalog(uncited)	non-diff	JS-C15	-	0	UNCITED — the identical hazard (JLS side: JLS 12.5): a virtual call from a constructor sees UNINITIALISED subclass state
7f39b3ac3114	catalog(uncited)	non-diff	JS-C27	-	0	UNCITED — the same rule (JLS side: JLS 8.4.8.3): covariant return types
fcfdede1771b	catalog(uncited)	non-diff	JS-C28	-	0	UNCITED — a source-to-source port never sees one (JLS side: JLS 13.1): bridge methods
ba28de187562	catalog(uncited)	non-diff	JS-C32	-	0	UNCITED — Scala captures a `var` too, so it is a superset (JLS side: JLS 4.12.4): a captured local must be EFFECTIVELY FINAL in Java
5636d9e7c1a1	catalog(uncited)	non-diff	JS-C35	-	0	UNCITED — a private trait member is the image (JLS side: JLS 9.4): interface `private` methods
56c451bc112c	catalog(uncited)	non-diff	JS-E08	-	0	UNCITED — the same distinction exists, with the same bytecode (JLS side: JLS 15.22.2): `&`/`|`/`^` on `boolean` are non-short-circuit and `&&`/`||` are not
261cc8583230	catalog(uncited)	non-diff	JS-E09	-	0	UNCITED — the shift operators mask identically on the JVM (JLS side: JLS 15.19): a shift distance is masked to the operand's width
74252df3bd41	catalog(uncited)	non-diff	JS-E10	-	0	UNCITED — shared JVM instructions (JLS side: JLS 15.17): integer division and remainder, and the floating-point edge cases
e05a70ecb428	catalog(uncited)	non-diff	JS-E11	-	0	UNCITED — the same evaluation order (JLS side: JLS 15.26.1, 10.4): an array store evaluates its operands before the bounds check
c4f2f43a2b59	catalog(uncited)	non-diff	JS-E12	-	0	UNCITED — the same order (JLS side: JLS 15.12.4.1, 15.12.4.4): the receiver's null check happens after the arguments are evaluated
8faf04024f4b	catalog(uncited)	non-diff	JS-G19	-	0	UNCITED — the same erasure, and javac already rejected the clash (JLS side: JLS 4.6, 8.4.2): post-erasure overload clash
d6776d4b162e	catalog(uncited)	non-diff	JS-G24	-	0	UNCITED — the same unboxing, through the same wrapper method (JLS side: JLS 5.1.8): unboxing `null` throws NPE
a5bf97900dd8	catalog(uncited)	non-diff	JS-G28	-	0	UNCITED — `Predef.Integer2int` applies where Java unboxed (JLS side: JLS 5.1.7): the `Int`/`Integer` boundary, and scalac's own boxing
548e67ff7aa6	catalog(uncited)	non-diff	JS-S20	-	0	UNCITED — Scala permits the shadowing Java rejects (JLS side: JLS 14.4.3): redeclaring a local in a nested block
7d8932747dbf	catalog(uncited)	non-diff	JS-S24	-	0	UNCITED — the same `athrow` (JLS side: JLS 14.18): `throw null`
7e52b616aeb9	catalog(uncited)	open	JS-C12	-	0	UNCITED — Scala reads the field's default rather than rejecting (JLS side: JLS 8.3.3): a FORWARD REFERENCE to a later field is a Java compile error and a silent default read in Scala
737cb70cfc1e	catalog(uncited)	open	JS-G02	-	0	UNCITED — Scala captures per use, so the two uses are unrelated (JLS side: JLS 5.1.10): CAPTURE CONVERSION relates two uses of one wildcard in a single expression
848f3c3cb684	catalog(uncited)	open	JS-G16	-	0	UNCITED — `Array[T]` construction requires a `ClassTag[T]` in scope (JLS side: JLS 15.10.1): Scala's `Array[T]` needs a `ClassTag` to be CONSTRUCTED
7fcce12e4d53	catalog(uncited)	open	JS-G36	-	0	UNCITED — an override's own bounds must match the parent's, not be re-derived (JLS side: JLS 8.4.4, 8.4.2): an override's TYPE-PARAMETER BOUNDS must be copied from the parent
2a69d596b86d	catalog(uncited)	open	JS-S23	-	0	UNCITED — Scala's `assert` runs unless elided at COMPILE time by `-Xelide-below` (JLS side: JLS 14.10): `assert` is enabled at RUN TIME by `-ea` and OFF by default, so the condition is not evaluated
da9fdd090960	catalog(uncited)	partial	JS-C07	-	0	UNCITED — a Scala object initialises on first access to any member (JLS side: JLS 12.4.1): JLS's class-initialisation TRIGGER list vs Scala's uniform accessor trigger
46945079273e	catalog(uncited)	partial	JS-C10	-	0	UNCITED — a scala module in a MUTUAL cycle has no MODULE$ yet, and throws (JLS side: JLS 12.4.2): circular class initialisation delivers DEFAULT values on the same thread
3eb95dacff41	catalog(uncited)	partial	JS-C13	-	0	UNCITED — a Scala class body IS its constructor, so the sequence is an emission order (JLS side: JLS 12.5): JLS 12.5's instance-creation sequence, whole
b6cd5a2dc738	catalog(uncited)	partial	JS-C17	-	0	UNCITED — the anonymous class carries its captures the same way (JLS side: JLS 8.6, 15.9.5): double-brace initialisation is an anonymous subclass plus an instance initialiser
d905aea93fab	catalog(uncited)	partial	JS-C21	-	0	UNCITED — an overload defined later in the file is not visible to an earlier one (JLS side: JLS 8.8.8, 15.9.3): constructor overload resolution, against Scala's textual-anteriority rule
e1fb5d56403a	catalog(uncited)	partial	JS-C22	-	0	UNCITED — Scala resolves in one phase, with implicit conversions and defaults in scope (JLS side: JLS 15.12.2): Java's THREE-PHASE applicability (strict, then loose, then varargs) has no Scala counterpart
333708aa11b1	catalog(uncited)	partial	JS-C23	-	0	UNCITED — the relative-weight rule prefers the non-polymorphic alternative (JLS side: JLS 15.12.2.5): most-specific tie-break: Scala prefers a NON-GENERIC alternative and Java does not
ae5cfa19d12e	catalog(uncited)	partial	JS-C33	-	0	UNCITED — linearization picks the last mixin, which is not Java's answer (JLS side: JLS 9.4.1): the interface default-method diamond is resolved by JLS's two rules, not by trait linearization
a340c7c8bf95	catalog(uncited)	partial	JS-C40	-	0	UNCITED — an anonymous subclass per constant (JLS side: JLS 8.9.1): enum constants with PER-CONSTANT class bodies
261c9cf8e01e	catalog(uncited)	partial	JS-C43	-	0	UNCITED — a case class differs in accessor naming, in three facets of `toString`, in `hashCode`, in float equality and in what its extractor reads (JLS side: JLS 8.10): Java `record`
81408e8bc1b8	catalog(uncited)	partial	JS-C44	-	0	UNCITED — Scala has no `non-sealed` and no explicit `permits`; `sealed` restricts extension to the declaring FILE (JLS side: JLS 8.1.1.2, 9.1.1.4): `sealed` / `non-sealed` / `permits`
cc2a0541da83	catalog(uncited)	partial	JS-E06	-	0	UNCITED — `asInstanceOf` converts at a statically primitive type and checks otherwise (JLS side: JLS 5.5): a primitive cast is a CONVERSION in Java and an assertion in Scala once a phase has retyped the value
fd095324d8b5	catalog(uncited)	partial	JS-E07	-	0	UNCITED — weak conformance does not apply at a type-parameter slot (JLS side: JLS 5.6.2): binary numeric promotion does not reach a GENERIC call boundary
5825ef13bc59	catalog(uncited)	partial	JS-G14	-	0	UNCITED — the target type of the boxing is the wrapper class (JLS side: JLS 5.1.7, 5.3): a primitive at a generic slot boxes to the WRAPPER, not to the formal
6b82c730de56	catalog(uncited)	partial	JS-G20	-	0	UNCITED — the JLS timing is automatic; the retyping interaction is not (JLS side: JLS 5.5, 5.1.9): an unchecked cast's TIMING — a cast that only becomes impossible AFTER a retyping
9a63f98ef44f	catalog(uncited)	partial	JS-G21	-	0	UNCITED — Scala patterns bind, but the binding's SCOPE has no image (JLS side: JLS 4.7, 15.20.2): `instanceof` is restricted to REIFIABLE types, and SE16 added a pattern binding
e445206dd30c	catalog(uncited)	partial	JS-G41	-	0	UNCITED — no `@SafeVarargs` and no unchecked-vararg warning exist, so the unsoundness is carried over unmarked (JLS side: JLS 9.6.4.7, 4.12.2): `@SafeVarargs` and heap pollution
37f11477a37d	catalog(uncited)	partial	JS-S10	-	0	UNCITED — a scala typed pattern is the image of one half and a constructor pattern over JS-C43's derived extractor is the image of the other (JLS side: JLS 14.11.1, 14.30): pattern and record switch, with sealed exhaustiveness
c04d5171b5d5	catalog(uncited)	partial	JS-S12	-	0	UNCITED — the same rule; what is missing is a test of it (JLS side: JLS 14.20.2): a `finally` completing abruptly DISCARDS the try's own abrupt completion
e99b4ca06c8d	catalog(uncited)	partial	JS-S19	-	0	UNCITED — Scala requires an initialiser instead, so the analysis has no image (JLS side: JLS 16): definite assignment for LOCALS — Java rejects a read before assignment
3aec4136cd71	catalog(uncited)	refused	JS-G10	-	0	UNCITED — no faithful Scala image exists (JLS side: JLS 4.8, 15.9.5): a RAW anonymous class WITH a body
61dcbf0d631c	catalog(uncited)	refused	JS-G11	-	0	UNCITED — a genuine expressiveness limit; four closing attempts measured worse (JLS side: JLS 4.5, 4.8): a partially-nameable F-BOUNDED raw fill
5d715d0f792b	catalog(undischarged)	declared open	JS-C12	com/github/tommyettinger/textra/BitmapFontSupport.java	62	ValDef/Either lowered 3589 time(s) without consulting it — a FORWARD REFERENCE to a later field is a Java compile error and a silent default read in Scala
0a4ef7d8e2b1	catalog(undischarged)	declared open	JS-E17	../../../../libgdx/gdx/src/com/badlogic/gdx/InputEventQueue.java	55	CtOperatorAssignment/Statement lowered 2520 time(s) without consulting it — a compound assignment and `++`/`--` evaluate the LVALUE ONCE — its array reference, its index, its target
d314616b6381	catalog(undischarged)	declared open	JS-G02	<synthetic>	0	CtWildcardReference/Either lowered 1087 time(s) without consulting it — CAPTURE CONVERSION relates two uses of one wildcard in a single expression
0e2e866020ba	catalog(undischarged)	declared open	JS-G16	com/github/tommyettinger/textra/BitmapFontSupport.java	201	NewArray/Either lowered 208 time(s) without consulting it — Scala's `Array[T]` needs a `ClassTag` to be CONSTRUCTED
88bd0cb20b11	catalog(undischarged)	declared open	JS-G36	com/github/tommyettinger/textra/BitmapFontSupport.java	61	DefDef/Either lowered 1539 time(s) without consulting it — an override's TYPE-PARAMETER BOUNDS must be copied from the parent
17de2f733972	catalog(unmechanised)	partial	JS-G20	-	0	the row is per-phase DISCIPLINE across every retyping phase rather than one mechanism, so there is no dispatch and no single phase that could own the citation; what measures it is the `collection-retarget` lane (`RetargetBoundaryCheck`), which runs beside the obligation log and not through it: an unchecked cast's TIMING — a cast that only becomes impossible AFTER a retyping
6c4d695fa9eb	catalog(unreached)	handled	JS-C30	-	0	never reached by this port — SpoonTir.stmtArm's CtClass arm -> SpoonTir.classDef with the enclosing EXECUTABLE as owner and SpoonTir.localName for java's source name; the anonymous-class body wiring reused verbatim for captures and for `this`; StandardTraversal.allClassDefs, which is what every whole-program pass walks to reach it at all: method-LOCAL named classes
598b3ef5cbfd	catalog(unreached)	handled	JS-C42	-	0	never reached by this port — CollectionsTransform.typeMap sends both to balticporter.runtime.JavaEnumMap/JavaEnumSet, which order by ordinal; JavaEnumCollectionsSpec asserts the order against an insertion order that would expose a stdlib map: `EnumMap`/`EnumSet` GUARANTEE declaration-order iteration
0b212b837e2a	catalog(unreached)	handled	JS-S09	-	0	never reached by this port — SpoonTir.switchExpr — no fall-out arm, since the JLS makes a switch expression exhaustive; `yield` peeled at the tail and carried as Tree.Yield elsewhere, which TirEmitter.matchStr wraps in a value-carrying arm boundary: switch EXPRESSIONS and `yield`
899ecbae6578	catalog(unreached)	open	JS-C12	-	0	never reached by this port — nothing detects it; order preservation is the only mitigation, and TirEmitter.orderBody's `forward reference` note is about promoted LOCALS: a FORWARD REFERENCE to a later field is a Java compile error and a silent default read in Scala
f32a5ad99295	catalog(unreached)	open	JS-E17	-	0	never reached by this port — SpoonTir.stmtArm's CtOperatorAssignment and CtUnaryOperator arms, and exprArm's twins — each translates the lvalue once and USES the translation twice: a compound assignment and `++`/`--` evaluate the LVALUE ONCE — its array reference, its index, its target
44fa26dac023	catalog(unreached)	open	JS-G02	-	0	never reached by this port — no rewrite exists; the fix is local (bind to a named local) and none is synthesised: CAPTURE CONVERSION relates two uses of one wildcard in a single expression
8a5797530e5d	catalog(unreached)	open	JS-G16	-	0	never reached by this port — TirEmitter's Tree.NewArray arm is where the construction is written and where the tag would have to be; RewriteTrace's scaladoc names this as the canonical hand-built rewrite, and nothing synthesises it. LATENT rather than dormant: java forbids `new T[n]`, and the one path that MINTS a NewArray (SpoonTir.varargPack) resolves a concrete element type first: Scala's `Array[T]` needs a `ClassTag` to be CONSTRUCTED
5b2447d63d6a	catalog(unreached)	open	JS-G36	-	0	never reached by this port — no symbol copies parent bounds; SpoonTir.erasureOfFormal is per-declaration: an override's TYPE-PARAMETER BOUNDS must be copied from the parent
4f1a6f635368	catalog(unreached)	open	JS-S23	-	0	never reached by this port — SpoonTir's CtAssert -> Tir.Tree.Assert -> TirEmitter's unconditional `assert(...)`; no decision, no note, no check: `assert` is enabled at RUN TIME by `-ea` and OFF by default, so the condition is not evaluated
e81d70943de3	catalog(unreached)	partial	JS-E07	-	0	never reached by this port — TestFrameworkTransform.promote: binary numeric promotion does not reach a GENERIC call boundary
aee0795171c8	context-seam	captured-context	com.github.tommyettinger.textra.FWSkin$158#read	com/github/tommyettinger/textra/FWSkin.java	118	the read is inside a lexically nested body whose own signature could not change, so the context is captured from the enclosing declaration's clause [key=com.badlogic.gdx.Gdx]
aee0795171c8/2	context-seam	captured-context	com.github.tommyettinger.textra.FWSkin$158#read	com/github/tommyettinger/textra/FWSkin.java	150	the read is inside a lexically nested body whose own signature could not change, so the context is captured from the enclosing declaration's clause [key=com.badlogic.gdx.Gdx]
aee0795171c8/3	context-seam	captured-context	com.github.tommyettinger.textra.FWSkin$158#read	com/github/tommyettinger/textra/FWSkin.java	152	the read is inside a lexically nested body whose own signature could not change, so the context is captured from the enclosing declaration's clause [key=com.badlogic.gdx.Gdx]
aee0795171c8/4	context-seam	captured-context	com.github.tommyettinger.textra.FWSkin$158#read	com/github/tommyettinger/textra/FWSkin.java	158	the read is inside a lexically nested body whose own signature could not change, so the context is captured from the enclosing declaration's clause [key=com.badlogic.gdx.Gdx]
aee0795171c8/5	context-seam	captured-context	com.github.tommyettinger.textra.FWSkin$158#read	com/github/tommyettinger/textra/FWSkin.java	160	the read is inside a lexically nested body whose own signature could not change, so the context is captured from the enclosing declaration's clause [key=com.badlogic.gdx.Gdx]
aee0795171c8/6	context-seam	captured-context	com.github.tommyettinger.textra.FWSkin$158#read	com/github/tommyettinger/textra/FWSkin.java	166	the read is inside a lexically nested body whose own signature could not change, so the context is captured from the enclosing declaration's clause [key=com.badlogic.gdx.Gdx]
aee0795171c8/7	context-seam	captured-context	com.github.tommyettinger.textra.FWSkin$158#read	com/github/tommyettinger/textra/FWSkin.java	166	the read is inside a lexically nested body whose own signature could not change, so the context is captured from the enclosing declaration's clause [key=com.badlogic.gdx.Gdx]
aee0795171c8/8	context-seam	captured-context	com.github.tommyettinger.textra.FWSkin$158#read	com/github/tommyettinger/textra/FWSkin.java	168	the read is inside a lexically nested body whose own signature could not change, so the context is captured from the enclosing declaration's clause [key=com.badlogic.gdx.Gdx]
aee0795171c8/9	context-seam	captured-context	com.github.tommyettinger.textra.FWSkin$158#read	com/github/tommyettinger/textra/FWSkin.java	168	the read is inside a lexically nested body whose own signature could not change, so the context is captured from the enclosing declaration's clause [key=com.badlogic.gdx.Gdx]
aee0795171c8/10	context-seam	captured-context	com.github.tommyettinger.textra.FWSkin$158#read	com/github/tommyettinger/textra/FWSkin.java	173	the read is inside a lexically nested body whose own signature could not change, so the context is captured from the enclosing declaration's clause [key=com.badlogic.gdx.Gdx]
a560026b37e7	context-seam	captured-context	com.github.tommyettinger.textra.FWSkin$159#read	com/github/tommyettinger/textra/FWSkin.java	193	the read is inside a lexically nested body whose own signature could not change, so the context is captured from the enclosing declaration's clause [key=com.badlogic.gdx.Gdx]
a560026b37e7/2	context-seam	captured-context	com.github.tommyettinger.textra.FWSkin$159#read	com/github/tommyettinger/textra/FWSkin.java	226	the read is inside a lexically nested body whose own signature could not change, so the context is captured from the enclosing declaration's clause [key=com.badlogic.gdx.Gdx]
a560026b37e7/3	context-seam	captured-context	com.github.tommyettinger.textra.FWSkin$159#read	com/github/tommyettinger/textra/FWSkin.java	227	the read is inside a lexically nested body whose own signature could not change, so the context is captured from the enclosing declaration's clause [key=com.badlogic.gdx.Gdx]
a560026b37e7/4	context-seam	captured-context	com.github.tommyettinger.textra.FWSkin$159#read	com/github/tommyettinger/textra/FWSkin.java	230	the read is inside a lexically nested body whose own signature could not change, so the context is captured from the enclosing declaration's clause [key=com.badlogic.gdx.Gdx]
a560026b37e7/5	context-seam	captured-context	com.github.tommyettinger.textra.FWSkin$159#read	com/github/tommyettinger/textra/FWSkin.java	231	the read is inside a lexically nested body whose own signature could not change, so the context is captured from the enclosing declaration's clause [key=com.badlogic.gdx.Gdx]
a560026b37e7/6	context-seam	captured-context	com.github.tommyettinger.textra.FWSkin$159#read	com/github/tommyettinger/textra/FWSkin.java	238	the read is inside a lexically nested body whose own signature could not change, so the context is captured from the enclosing declaration's clause [key=com.badlogic.gdx.Gdx]
a560026b37e7/7	context-seam	captured-context	com.github.tommyettinger.textra.FWSkin$159#read	com/github/tommyettinger/textra/FWSkin.java	239	the read is inside a lexically nested body whose own signature could not change, so the context is captured from the enclosing declaration's clause [key=com.badlogic.gdx.Gdx]
a560026b37e7/8	context-seam	captured-context	com.github.tommyettinger.textra.FWSkin$159#read	com/github/tommyettinger/textra/FWSkin.java	242	the read is inside a lexically nested body whose own signature could not change, so the context is captured from the enclosing declaration's clause [key=com.badlogic.gdx.Gdx]
a560026b37e7/9	context-seam	captured-context	com.github.tommyettinger.textra.FWSkin$159#read	com/github/tommyettinger/textra/FWSkin.java	243	the read is inside a lexically nested body whose own signature could not change, so the context is captured from the enclosing declaration's clause [key=com.badlogic.gdx.Gdx]
a560026b37e7/10	context-seam	captured-context	com.github.tommyettinger.textra.FWSkin$159#read	com/github/tommyettinger/textra/FWSkin.java	249	the read is inside a lexically nested body whose own signature could not change, so the context is captured from the enclosing declaration's clause [key=com.badlogic.gdx.Gdx]
a560026b37e7/11	context-seam	captured-context	com.github.tommyettinger.textra.FWSkin$159#read	com/github/tommyettinger/textra/FWSkin.java	251	the read is inside a lexically nested body whose own signature could not change, so the context is captured from the enclosing declaration's clause [key=com.badlogic.gdx.Gdx]
a560026b37e7/12	context-seam	captured-context	com.github.tommyettinger.textra.FWSkin$159#read	com/github/tommyettinger/textra/FWSkin.java	252	the read is inside a lexically nested body whose own signature could not change, so the context is captured from the enclosing declaration's clause [key=com.badlogic.gdx.Gdx]
a560026b37e7/13	context-seam	captured-context	com.github.tommyettinger.textra.FWSkin$159#read	com/github/tommyettinger/textra/FWSkin.java	254	the read is inside a lexically nested body whose own signature could not change, so the context is captured from the enclosing declaration's clause [key=com.badlogic.gdx.Gdx]
a560026b37e7/14	context-seam	captured-context	com.github.tommyettinger.textra.FWSkin$159#read	com/github/tommyettinger/textra/FWSkin.java	255	the read is inside a lexically nested body whose own signature could not change, so the context is captured from the enclosing declaration's clause [key=com.badlogic.gdx.Gdx]
a560026b37e7/15	context-seam	captured-context	com.github.tommyettinger.textra.FWSkin$159#read	com/github/tommyettinger/textra/FWSkin.java	261	the read is inside a lexically nested body whose own signature could not change, so the context is captured from the enclosing declaration's clause [key=com.badlogic.gdx.Gdx]
a560026b37e7/16	context-seam	captured-context	com.github.tommyettinger.textra.FWSkin$159#read	com/github/tommyettinger/textra/FWSkin.java	262	the read is inside a lexically nested body whose own signature could not change, so the context is captured from the enclosing declaration's clause [key=com.badlogic.gdx.Gdx]
8149936cdc20	context-seam	captured-context	com.github.tommyettinger.textra.FWSkin$167#read	com/github/tommyettinger/textra/FWSkin.java	502	the read is inside a lexically nested body whose own signature could not change, so the context is captured from the enclosing declaration's clause [key=com.badlogic.gdx.Gdx]
5230dfd526fd	context-seam	captured-context	com.github.tommyettinger.textra.TextraDialog$187#keyDown	com/github/tommyettinger/textra/TextraDialog.java	397	the read is inside a lexically nested body whose own signature could not change, so the context is captured from the enclosing declaration's clause [key=com.badlogic.gdx.Gdx]
8ef90e325b00	context-seam	captured-context	com.github.tommyettinger.textra.TextraField$189#run	com/github/tommyettinger/textra/TextraField.java	136	the read is inside a lexically nested body whose own signature could not change, so the context is captured from the enclosing declaration's clause [key=com.badlogic.gdx.Gdx]
4a1fe341d0b1	context-seam	captured-context	com.github.tommyettinger.textra.TextraListBox$190#keyDown	com/github/tommyettinger/textra/TextraListBox.java	90	the read is inside a lexically nested body whose own signature could not change, so the context is captured from the enclosing declaration's clause [key=com.badlogic.gdx.Gdx]
8378d2120df3	context-seam	captured-context	com.github.tommyettinger.textra.TypingDialog$202#keyDown	com/github/tommyettinger/textra/TypingDialog.java	401	the read is inside a lexically nested body whose own signature could not change, so the context is captured from the enclosing declaration's clause [key=com.badlogic.gdx.Gdx]
ae6d4b4f4de4	context-seam	captured-context	imageFile	com/github/tommyettinger/textra/FWSkin.java	163	the read is inside a lexically nested body whose own signature could not change, so the context is captured from the enclosing declaration's clause [key=com.badlogic.gdx.Gdx]
ccce79fd9ea5	context-seam	captured-context	stt	com/github/tommyettinger/textra/FWSkin.java	297	the read is inside a lexically nested body whose own signature could not change, so the context is captured from the enclosing declaration's clause [key=com.badlogic.gdx.Gdx]
ccce79fd9ea5/2	context-seam	captured-context	stt	com/github/tommyettinger/textra/FWSkin.java	310	the read is inside a lexically nested body whose own signature could not change, so the context is captured from the enclosing declaration's clause [key=com.badlogic.gdx.Gdx]
ccce79fd9ea5/3	context-seam	captured-context	stt	com/github/tommyettinger/textra/FWSkin.java	347	the read is inside a lexically nested body whose own signature could not change, so the context is captured from the enclosing declaration's clause [key=com.badlogic.gdx.Gdx]
ccce79fd9ea5/4	context-seam	captured-context	stt	com/github/tommyettinger/textra/FWSkin.java	392	the read is inside a lexically nested body whose own signature could not change, so the context is captured from the enclosing declaration's clause [key=com.badlogic.gdx.Gdx]
ccce79fd9ea5/5	context-seam	captured-context	stt	com/github/tommyettinger/textra/FWSkin.java	438	the read is inside a lexically nested body whose own signature could not change, so the context is captured from the enclosing declaration's clause [key=com.badlogic.gdx.Gdx]
ccce79fd9ea5/6	context-seam	captured-context	stt	com/github/tommyettinger/textra/FWSkin.java	473	the read is inside a lexically nested body whose own signature could not change, so the context is captured from the enclosing declaration's clause [key=com.badlogic.gdx.Gdx]
ccce79fd9ea5/7	context-seam	captured-context	stt	com/github/tommyettinger/textra/FWSkin.java	511	the read is inside a lexically nested body whose own signature could not change, so the context is captured from the enclosing declaration's clause [key=com.badlogic.gdx.Gdx]
ccce79fd9ea5/8	context-seam	captured-context	stt	com/github/tommyettinger/textra/FWSkin.java	529	the read is inside a lexically nested body whose own signature could not change, so the context is captured from the enclosing declaration's clause [key=com.badlogic.gdx.Gdx]
beb1cadb5a50	context-seam	captured-context	tt	com/github/tommyettinger/textra/FWSkin.java	455	the read is inside a lexically nested body whose own signature could not change, so the context is captured from the enclosing declaration's clause [key=com.badlogic.gdx.Gdx]
beb1cadb5a50/2	context-seam	captured-context	tt	com/github/tommyettinger/textra/FWSkin.java	459	the read is inside a lexically nested body whose own signature could not change, so the context is captured from the enclosing declaration's clause [key=com.badlogic.gdx.Gdx]
75a0385c4917	context-seam	self-supplied	com.github.tommyettinger.textra.effects.LinkEffect	com/github/tommyettinger/textra/effects/LinkEffect.java	41	not threaded: the port declared this type framework-instantiated, so it takes the context from a `given` member of its own rather than from a constructor parameter no reflective instantiation could supply [key=com.github.tommyettinger.textra.effects.LinkEffect]
1ac06342986b	context-seam	unconstructed-thread	com.github.tommyettinger.textra.TextureArrayCpuPolygonSpriteBatch	com/github/tommyettinger/textra/TextureArrayCpuPolygonSpriteBatch.java	49	threaded, and NOTHING IN THIS PROGRAM CONSTRUCTS IT, while it extends `java.lang.AutoCloseable` which this program does not declare — the shape a framework instantiates. A reflective construction cannot supply the clause this class now takes; if that is what builds it, add a `selfSupplied` entry naming the expression that yields the context [key=com.badlogic.gdx.Gdx]
7eb983bced71	context-seam	unconstructed-thread	com.github.tommyettinger.textra.TextureArrayPolygonSpriteBatch	com/github/tommyettinger/textra/TextureArrayPolygonSpriteBatch.java	47	threaded, and NOTHING IN THIS PROGRAM CONSTRUCTS IT, while it extends `java.lang.AutoCloseable` which this program does not declare — the shape a framework instantiates. A reflective construction cannot supply the clause this class now takes; if that is what builds it, add a `selfSupplied` entry naming the expression that yields the context [key=com.badlogic.gdx.Gdx]
ae44598d319f	dependency-coverage(all)	java.util.Locale	?#locale	../../../../libgdx/gdx/src/com/badlogic/gdx/assets/loaders/I18NBundleLoader.java	92	MemberType — ScalaJs needs io.github.cquiroz:::scala-java-locales:1.5.4; ScalaNative needs io.github.cquiroz:::scala-java-locales:1.5.4. This port declares 1 dependency/ies and no `verdictOverrides` entry for JS-L65: the same unpublished-stub story on Scala.js (its default is ROOT) and absent on Native. The replacement is CLDR-backed at a NEWER CLDR than the JDK's, so locale-derived STRINGS can differ from the JVM's even where the API matches
984e040be222	dependency-coverage(all)	java.util.Locale	@1340#createBundle(com.badlogic.gdx.files.FileHandle,java.util.Locale)#locale	../../../../libgdx/gdx/src/com/badlogic/gdx/utils/I18NBundle.java	130	MemberType — ScalaJs needs io.github.cquiroz:::scala-java-locales:1.5.4; ScalaNative needs io.github.cquiroz:::scala-java-locales:1.5.4. This port declares 1 dependency/ies and no `verdictOverrides` entry for JS-L65: the same unpublished-stub story on Scala.js (its default is ROOT) and absent on Native. The replacement is CLDR-backed at a NEWER CLDR than the JDK's, so locale-derived STRINGS can differ from the JVM's even where the API matches
2f939c285316	dependency-coverage(all)	java.util.Locale	@1340#createBundle(com.badlogic.gdx.files.FileHandle,java.util.Locale,java.lang.String)#locale	../../../../libgdx/gdx/src/com/badlogic/gdx/utils/I18NBundle.java	154	MemberType — ScalaJs needs io.github.cquiroz:::scala-java-locales:1.5.4; ScalaNative needs io.github.cquiroz:::scala-java-locales:1.5.4. This port declares 1 dependency/ies and no `verdictOverrides` entry for JS-L65: the same unpublished-stub story on Scala.js (its default is ROOT) and absent on Native. The replacement is CLDR-backed at a NEWER CLDR than the JDK's, so locale-derived STRINGS can differ from the JVM's even where the API matches
325fa62fc259	dependency-coverage(all)	java.util.Locale	@1340#createBundleImpl(com.badlogic.gdx.files.FileHandle,java.util.Locale,java.lang.String)#locale	../../../../libgdx/gdx/src/com/badlogic/gdx/utils/I18NBundle.java	158	MemberType — ScalaJs needs io.github.cquiroz:::scala-java-locales:1.5.4; ScalaNative needs io.github.cquiroz:::scala-java-locales:1.5.4. This port declares 1 dependency/ies and no `verdictOverrides` entry for JS-L65: the same unpublished-stub story on Scala.js (its default is ROOT) and absent on Native. The replacement is CLDR-backed at a NEWER CLDR than the JDK's, so locale-derived STRINGS can differ from the JVM's even where the API matches
f72756d09185	dependency-coverage(all)	java.util.Locale	@1340#getCandidateLocales(java.util.Locale)#locale	../../../../libgdx/gdx/src/com/badlogic/gdx/utils/I18NBundle.java	257	MemberType — ScalaJs needs io.github.cquiroz:::scala-java-locales:1.5.4; ScalaNative needs io.github.cquiroz:::scala-java-locales:1.5.4. This port declares 1 dependency/ies and no `verdictOverrides` entry for JS-L65: the same unpublished-stub story on Scala.js (its default is ROOT) and absent on Native. The replacement is CLDR-backed at a NEWER CLDR than the JDK's, so locale-derived STRINGS can differ from the JVM's even where the API matches
87b279508417	dependency-coverage(all)	java.util.Locale	@1340#getFallbackLocale(java.util.Locale)#locale	../../../../libgdx/gdx/src/com/badlogic/gdx/utils/I18NBundle.java	289	MemberType — ScalaJs needs io.github.cquiroz:::scala-java-locales:1.5.4; ScalaNative needs io.github.cquiroz:::scala-java-locales:1.5.4. This port declares 1 dependency/ies and no `verdictOverrides` entry for JS-L65: the same unpublished-stub story on Scala.js (its default is ROOT) and absent on Native. The replacement is CLDR-backed at a NEWER CLDR than the JDK's, so locale-derived STRINGS can differ from the JVM's even where the API matches
c3cb571e3ae6	dependency-coverage(all)	java.util.Locale	@1340#loadBundle(com.badlogic.gdx.files.FileHandle,java.lang.String,java.util.Locale)#targetLocale	../../../../libgdx/gdx/src/com/badlogic/gdx/utils/I18NBundle.java	316	MemberType — ScalaJs needs io.github.cquiroz:::scala-java-locales:1.5.4; ScalaNative needs io.github.cquiroz:::scala-java-locales:1.5.4. This port declares 1 dependency/ies and no `verdictOverrides` entry for JS-L65: the same unpublished-stub story on Scala.js (its default is ROOT) and absent on Native. The replacement is CLDR-backed at a NEWER CLDR than the JDK's, so locale-derived STRINGS can differ from the JVM's even where the API matches
23dce7698184	dependency-coverage(all)	java.util.Locale	@1340#loadBundleChain(com.badlogic.gdx.files.FileHandle,java.lang.String,java.util.List,int,com.badlogic.gdx.utils.I18NBundle)#candidateLocales	../../../../libgdx/gdx/src/com/badlogic/gdx/utils/I18NBundle.java	294	TypeArg — ScalaJs needs io.github.cquiroz:::scala-java-locales:1.5.4; ScalaNative needs io.github.cquiroz:::scala-java-locales:1.5.4. This port declares 1 dependency/ies and no `verdictOverrides` entry for JS-L65: the same unpublished-stub story on Scala.js (its default is ROOT) and absent on Native. The replacement is CLDR-backed at a NEWER CLDR than the JDK's, so locale-derived STRINGS can differ from the JVM's even where the API matches
33364a246813	dependency-coverage(all)	java.util.Locale	@1340#setLocale(java.util.Locale)#locale	../../../../libgdx/gdx/src/com/badlogic/gdx/utils/I18NBundle.java	412	MemberType — ScalaJs needs io.github.cquiroz:::scala-java-locales:1.5.4; ScalaNative needs io.github.cquiroz:::scala-java-locales:1.5.4. This port declares 1 dependency/ies and no `verdictOverrides` entry for JS-L65: the same unpublished-stub story on Scala.js (its default is ROOT) and absent on Native. The replacement is CLDR-backed at a NEWER CLDR than the JDK's, so locale-derived STRINGS can differ from the JVM's even where the API matches
ba8d1c3e976c	dependency-coverage(all)	java.util.Locale	@1340#toFileHandle(com.badlogic.gdx.files.FileHandle,java.util.Locale)#locale	../../../../libgdx/gdx/src/com/badlogic/gdx/utils/I18NBundle.java	380	MemberType — ScalaJs needs io.github.cquiroz:::scala-java-locales:1.5.4; ScalaNative needs io.github.cquiroz:::scala-java-locales:1.5.4. This port declares 1 dependency/ies and no `verdictOverrides` entry for JS-L65: the same unpublished-stub story on Scala.js (its default is ROOT) and absent on Native. The replacement is CLDR-backed at a NEWER CLDR than the JDK's, so locale-derived STRINGS can differ from the JVM's even where the API matches
c4c2d8fbf70b	dependency-coverage(all)	java.util.Locale	@1750#<init>(java.util.Locale,java.lang.String)#locale	../../../../libgdx/gdx/src/com/badlogic/gdx/assets/loaders/I18NBundleLoader.java	96	MemberType — ScalaJs needs io.github.cquiroz:::scala-java-locales:1.5.4; ScalaNative needs io.github.cquiroz:::scala-java-locales:1.5.4. This port declares 1 dependency/ies and no `verdictOverrides` entry for JS-L65: the same unpublished-stub story on Scala.js (its default is ROOT) and absent on Native. The replacement is CLDR-backed at a NEWER CLDR than the JDK's, so locale-derived STRINGS can differ from the JVM's even where the API matches
4c362308bee1	dependency-coverage(all)	java.util.Locale	@44428#<init>(java.util.Locale,boolean)#locale	../../../../libgdx/gdx/src/com/badlogic/gdx/utils/TextFormatter.java	30	MemberType — ScalaJs needs io.github.cquiroz:::scala-java-locales:1.5.4; ScalaNative needs io.github.cquiroz:::scala-java-locales:1.5.4. This port declares 1 dependency/ies and no `verdictOverrides` entry for JS-L65: the same unpublished-stub story on Scala.js (its default is ROOT) and absent on Native. The replacement is CLDR-backed at a NEWER CLDR than the JDK's, so locale-derived STRINGS can differ from the JVM's even where the API matches
c54126be3181	dependency-coverage(all)	java.util.Locale	bundleLocale	../../../../libgdx/gdx/src/com/badlogic/gdx/utils/I18NBundle.java	173	MemberType — ScalaJs needs io.github.cquiroz:::scala-java-locales:1.5.4; ScalaNative needs io.github.cquiroz:::scala-java-locales:1.5.4. This port declares 1 dependency/ies and no `verdictOverrides` entry for JS-L65: the same unpublished-stub story on Scala.js (its default is ROOT) and absent on Native. The replacement is CLDR-backed at a NEWER CLDR than the JDK's, so locale-derived STRINGS can differ from the JVM's even where the API matches
f9d25714c355	dependency-coverage(all)	java.util.Locale	candidateLocales	../../../../libgdx/gdx/src/com/badlogic/gdx/utils/I18NBundle.java	166	TypeArg — ScalaJs needs io.github.cquiroz:::scala-java-locales:1.5.4; ScalaNative needs io.github.cquiroz:::scala-java-locales:1.5.4. This port declares 1 dependency/ies and no `verdictOverrides` entry for JS-L65: the same unpublished-stub story on Scala.js (its default is ROOT) and absent on Native. The replacement is CLDR-backed at a NEWER CLDR than the JDK's, so locale-derived STRINGS can differ from the JVM's even where the API matches
6ddd94042f17	dependency-coverage(all)	java.util.Locale	defaultLocale	../../../../libgdx/gdx/src/com/badlogic/gdx/utils/I18NBundle.java	290	MemberType — ScalaJs needs io.github.cquiroz:::scala-java-locales:1.5.4; ScalaNative needs io.github.cquiroz:::scala-java-locales:1.5.4. This port declares 1 dependency/ies and no `verdictOverrides` entry for JS-L65: the same unpublished-stub story on Scala.js (its default is ROOT) and absent on Native. The replacement is CLDR-backed at a NEWER CLDR than the JDK's, so locale-derived STRINGS can differ from the JVM's even where the API matches
19442fa13c56	dependency-coverage(all)	java.util.Locale	defaultLocale	../../../../libgdx/gdx/src/com/badlogic/gdx/utils/I18NBundle.java	290	TermRef — ScalaJs needs io.github.cquiroz:::scala-java-locales:1.5.4; ScalaNative needs io.github.cquiroz:::scala-java-locales:1.5.4. This port declares 1 dependency/ies and no `verdictOverrides` entry for JS-L65: the same unpublished-stub story on Scala.js (its default is ROOT) and absent on Native. The replacement is CLDR-backed at a NEWER CLDR than the JDK's, so locale-derived STRINGS can differ from the JVM's even where the API matches
9217bd3fd430	dependency-coverage(all)	java.util.Locale	isBaseBundle	../../../../libgdx/gdx/src/com/badlogic/gdx/utils/I18NBundle.java	174	TermRef — ScalaJs needs io.github.cquiroz:::scala-java-locales:1.5.4; ScalaNative needs io.github.cquiroz:::scala-java-locales:1.5.4. This port declares 1 dependency/ies and no `verdictOverrides` entry for JS-L65: the same unpublished-stub story on Scala.js (its default is ROOT) and absent on Native. The replacement is CLDR-backed at a NEWER CLDR than the JDK's, so locale-derived STRINGS can differ from the JVM's even where the API matches
ceaf14207286	dependency-coverage(all)	java.util.Locale	locale	../../../../libgdx/gdx/src/com/badlogic/gdx/assets/loaders/I18NBundleLoader.java	56	MemberType — ScalaJs needs io.github.cquiroz:::scala-java-locales:1.5.4; ScalaNative needs io.github.cquiroz:::scala-java-locales:1.5.4. This port declares 1 dependency/ies and no `verdictOverrides` entry for JS-L65: the same unpublished-stub story on Scala.js (its default is ROOT) and absent on Native. The replacement is CLDR-backed at a NEWER CLDR than the JDK's, so locale-derived STRINGS can differ from the JVM's even where the API matches
b40a4ba04653	dependency-coverage(all)	java.util.Locale	locales	../../../../libgdx/gdx/src/com/badlogic/gdx/utils/I18NBundle.java	262	TypeArg — ScalaJs needs io.github.cquiroz:::scala-java-locales:1.5.4; ScalaNative needs io.github.cquiroz:::scala-java-locales:1.5.4. This port declares 1 dependency/ies and no `verdictOverrides` entry for JS-L65: the same unpublished-stub story on Scala.js (its default is ROOT) and absent on Native. The replacement is CLDR-backed at a NEWER CLDR than the JDK's, so locale-derived STRINGS can differ from the JVM's even where the API matches
b40a4ba04653/2	dependency-coverage(all)	java.util.Locale	locales	../../../../libgdx/gdx/src/com/badlogic/gdx/utils/I18NBundle.java	262	TypeArg — ScalaJs needs io.github.cquiroz:::scala-java-locales:1.5.4; ScalaNative needs io.github.cquiroz:::scala-java-locales:1.5.4. This port declares 1 dependency/ies and no `verdictOverrides` entry for JS-L65: the same unpublished-stub story on Scala.js (its default is ROOT) and absent on Native. The replacement is CLDR-backed at a NEWER CLDR than the JDK's, so locale-derived STRINGS can differ from the JVM's even where the API matches
ab795b4111dd	dependency-coverage(all)	java.util.Locale	sge.assets.loaders.I18NBundleLoader#loadAsync	../../../../libgdx/gdx/src/com/badlogic/gdx/assets/loaders/I18NBundleLoader.java	59	TermRef — ScalaJs needs io.github.cquiroz:::scala-java-locales:1.5.4; ScalaNative needs io.github.cquiroz:::scala-java-locales:1.5.4. This port declares 1 dependency/ies and no `verdictOverrides` entry for JS-L65: the same unpublished-stub story on Scala.js (its default is ROOT) and absent on Native. The replacement is CLDR-backed at a NEWER CLDR than the JDK's, so locale-derived STRINGS can differ from the JVM's even where the API matches
ab795b4111dd/2	dependency-coverage(all)	java.util.Locale	sge.assets.loaders.I18NBundleLoader#loadAsync	../../../../libgdx/gdx/src/com/badlogic/gdx/assets/loaders/I18NBundleLoader.java	62	TermRef — ScalaJs needs io.github.cquiroz:::scala-java-locales:1.5.4; ScalaNative needs io.github.cquiroz:::scala-java-locales:1.5.4. This port declares 1 dependency/ies and no `verdictOverrides` entry for JS-L65: the same unpublished-stub story on Scala.js (its default is ROOT) and absent on Native. The replacement is CLDR-backed at a NEWER CLDR than the JDK's, so locale-derived STRINGS can differ from the JVM's even where the API matches
ec537d7cc329	dependency-coverage(all)	java.util.Locale	sge.assets.loaders.I18NBundleLoader$I18NBundleParameter#locale	../../../../libgdx/gdx/src/com/badlogic/gdx/assets/loaders/I18NBundleLoader.java	85	MemberType — ScalaJs needs io.github.cquiroz:::scala-java-locales:1.5.4; ScalaNative needs io.github.cquiroz:::scala-java-locales:1.5.4. This port declares 1 dependency/ies and no `verdictOverrides` entry for JS-L65: the same unpublished-stub story on Scala.js (its default is ROOT) and absent on Native. The replacement is CLDR-backed at a NEWER CLDR than the JDK's, so locale-derived STRINGS can differ from the JVM's even where the API matches
43473b76388f	dependency-coverage(all)	java.util.Locale	sge.utils.I18NBundle#createBundle	../../../../libgdx/gdx/src/com/badlogic/gdx/utils/I18NBundle.java	119	TermRef — ScalaJs needs io.github.cquiroz:::scala-java-locales:1.5.4; ScalaNative needs io.github.cquiroz:::scala-java-locales:1.5.4. This port declares 1 dependency/ies and no `verdictOverrides` entry for JS-L65: the same unpublished-stub story on Scala.js (its default is ROOT) and absent on Native. The replacement is CLDR-backed at a NEWER CLDR than the JDK's, so locale-derived STRINGS can differ from the JVM's even where the API matches
43473b76388f/2	dependency-coverage(all)	java.util.Locale	sge.utils.I18NBundle#createBundle	../../../../libgdx/gdx/src/com/badlogic/gdx/utils/I18NBundle.java	142	TermRef — ScalaJs needs io.github.cquiroz:::scala-java-locales:1.5.4; ScalaNative needs io.github.cquiroz:::scala-java-locales:1.5.4. This port declares 1 dependency/ies and no `verdictOverrides` entry for JS-L65: the same unpublished-stub story on Scala.js (its default is ROOT) and absent on Native. The replacement is CLDR-backed at a NEWER CLDR than the JDK's, so locale-derived STRINGS can differ from the JVM's even where the API matches
8f8ac7da6473	dependency-coverage(all)	java.util.Locale	sge.utils.I18NBundle#getCandidateLocales	../../../../libgdx/gdx/src/com/badlogic/gdx/utils/I18NBundle.java	257	TypeArg — ScalaJs needs io.github.cquiroz:::scala-java-locales:1.5.4; ScalaNative needs io.github.cquiroz:::scala-java-locales:1.5.4. This port declares 1 dependency/ies and no `verdictOverrides` entry for JS-L65: the same unpublished-stub story on Scala.js (its default is ROOT) and absent on Native. The replacement is CLDR-backed at a NEWER CLDR than the JDK's, so locale-derived STRINGS can differ from the JVM's even where the API matches
19d34f0e137b	dependency-coverage(all)	java.util.Locale	sge.utils.I18NBundle#getCandidateLocales	../../../../libgdx/gdx/src/com/badlogic/gdx/utils/I18NBundle.java	267	Instantiate — ScalaJs needs io.github.cquiroz:::scala-java-locales:1.5.4; ScalaNative needs io.github.cquiroz:::scala-java-locales:1.5.4. This port declares 1 dependency/ies and no `verdictOverrides` entry for JS-L65: the same unpublished-stub story on Scala.js (its default is ROOT) and absent on Native. The replacement is CLDR-backed at a NEWER CLDR than the JDK's, so locale-derived STRINGS can differ from the JVM's even where the API matches
19d34f0e137b/2	dependency-coverage(all)	java.util.Locale	sge.utils.I18NBundle#getCandidateLocales	../../../../libgdx/gdx/src/com/badlogic/gdx/utils/I18NBundle.java	270	Instantiate — ScalaJs needs io.github.cquiroz:::scala-java-locales:1.5.4; ScalaNative needs io.github.cquiroz:::scala-java-locales:1.5.4. This port declares 1 dependency/ies and no `verdictOverrides` entry for JS-L65: the same unpublished-stub story on Scala.js (its default is ROOT) and absent on Native. The replacement is CLDR-backed at a NEWER CLDR than the JDK's, so locale-derived STRINGS can differ from the JVM's even where the API matches
35c4b90c04f6	dependency-coverage(all)	java.util.Locale	sge.utils.I18NBundle#getCandidateLocales	../../../../libgdx/gdx/src/com/badlogic/gdx/utils/I18NBundle.java	272	TermRef — ScalaJs needs io.github.cquiroz:::scala-java-locales:1.5.4; ScalaNative needs io.github.cquiroz:::scala-java-locales:1.5.4. This port declares 1 dependency/ies and no `verdictOverrides` entry for JS-L65: the same unpublished-stub story on Scala.js (its default is ROOT) and absent on Native. The replacement is CLDR-backed at a NEWER CLDR than the JDK's, so locale-derived STRINGS can differ from the JVM's even where the API matches
67ac0f87bcc5	dependency-coverage(all)	java.util.Locale	sge.utils.I18NBundle#getFallbackLocale	../../../../libgdx/gdx/src/com/badlogic/gdx/utils/I18NBundle.java	289	MemberType — ScalaJs needs io.github.cquiroz:::scala-java-locales:1.5.4; ScalaNative needs io.github.cquiroz:::scala-java-locales:1.5.4. This port declares 1 dependency/ies and no `verdictOverrides` entry for JS-L65: the same unpublished-stub story on Scala.js (its default is ROOT) and absent on Native. The replacement is CLDR-backed at a NEWER CLDR than the JDK's, so locale-derived STRINGS can differ from the JVM's even where the API matches
faeed5ae3eac	dependency-coverage(all)	java.util.Locale	sge.utils.I18NBundle#getFallbackLocale	../../../../libgdx/gdx/src/com/badlogic/gdx/utils/I18NBundle.java	291	TypeRefPos — ScalaJs needs io.github.cquiroz:::scala-java-locales:1.5.4; ScalaNative needs io.github.cquiroz:::scala-java-locales:1.5.4. This port declares 1 dependency/ies and no `verdictOverrides` entry for JS-L65: the same unpublished-stub story on Scala.js (its default is ROOT) and absent on Native. The replacement is CLDR-backed at a NEWER CLDR than the JDK's, so locale-derived STRINGS can differ from the JVM's even where the API matches
c46d1a605b58	dependency-coverage(all)	java.util.Locale	sge.utils.I18NBundle#getLocale	../../../../libgdx/gdx/src/com/badlogic/gdx/utils/I18NBundle.java	405	MemberType — ScalaJs needs io.github.cquiroz:::scala-java-locales:1.5.4; ScalaNative needs io.github.cquiroz:::scala-java-locales:1.5.4. This port declares 1 dependency/ies and no `verdictOverrides` entry for JS-L65: the same unpublished-stub story on Scala.js (its default is ROOT) and absent on Native. The replacement is CLDR-backed at a NEWER CLDR than the JDK's, so locale-derived STRINGS can differ from the JVM's even where the API matches
291ea74dd87d	dependency-coverage(all)	java.util.Locale	sge.utils.I18NBundle#loadBundleChain	../../../../libgdx/gdx/src/com/badlogic/gdx/utils/I18NBundle.java	301	TermRef — ScalaJs needs io.github.cquiroz:::scala-java-locales:1.5.4; ScalaNative needs io.github.cquiroz:::scala-java-locales:1.5.4. This port declares 1 dependency/ies and no `verdictOverrides` entry for JS-L65: the same unpublished-stub story on Scala.js (its default is ROOT) and absent on Native. The replacement is CLDR-backed at a NEWER CLDR than the JDK's, so locale-derived STRINGS can differ from the JVM's even where the API matches
73a072f483b6	dependency-coverage(all)	java.util.Locale	sge.utils.I18NBundle#locale	../../../../libgdx/gdx/src/com/badlogic/gdx/utils/I18NBundle.java	77	MemberType — ScalaJs needs io.github.cquiroz:::scala-java-locales:1.5.4; ScalaNative needs io.github.cquiroz:::scala-java-locales:1.5.4. This port declares 1 dependency/ies and no `verdictOverrides` entry for JS-L65: the same unpublished-stub story on Scala.js (its default is ROOT) and absent on Native. The replacement is CLDR-backed at a NEWER CLDR than the JDK's, so locale-derived STRINGS can differ from the JVM's even where the API matches
0bee44852bcc	dependency-coverage(all)	java.util.Locale	sge.utils.I18NBundle#toFileHandle	../../../../libgdx/gdx/src/com/badlogic/gdx/utils/I18NBundle.java	382	TermRef — ScalaJs needs io.github.cquiroz:::scala-java-locales:1.5.4; ScalaNative needs io.github.cquiroz:::scala-java-locales:1.5.4. This port declares 1 dependency/ies and no `verdictOverrides` entry for JS-L65: the same unpublished-stub story on Scala.js (its default is ROOT) and absent on Native. The replacement is CLDR-backed at a NEWER CLDR than the JDK's, so locale-derived STRINGS can differ from the JVM's even where the API matches
028b6504a856	dependency-coverage(all)	java.util.Locale	targetLocale	../../../../libgdx/gdx/src/com/badlogic/gdx/utils/I18NBundle.java	163	MemberType — ScalaJs needs io.github.cquiroz:::scala-java-locales:1.5.4; ScalaNative needs io.github.cquiroz:::scala-java-locales:1.5.4. This port declares 1 dependency/ies and no `verdictOverrides` entry for JS-L65: the same unpublished-stub story on Scala.js (its default is ROOT) and absent on Native. The replacement is CLDR-backed at a NEWER CLDR than the JDK's, so locale-derived STRINGS can differ from the JVM's even where the API matches
028b6504a856/2	dependency-coverage(all)	java.util.Locale	targetLocale	../../../../libgdx/gdx/src/com/badlogic/gdx/utils/I18NBundle.java	296	MemberType — ScalaJs needs io.github.cquiroz:::scala-java-locales:1.5.4; ScalaNative needs io.github.cquiroz:::scala-java-locales:1.5.4. This port declares 1 dependency/ies and no `verdictOverrides` entry for JS-L65: the same unpublished-stub story on Scala.js (its default is ROOT) and absent on Native. The replacement is CLDR-backed at a NEWER CLDR than the JDK's, so locale-derived STRINGS can differ from the JVM's even where the API matches
fbe671b852c4	dependency-coverage(declared)	covered	com.github.tommyettinger:regexodus:0.1.21	PortManifest.dependencies	0	original: 269 reference(s) to regexodus.Category, regexodus.Compatibility, regexodus.MatchResult (+6 more) — the artifact's own class list declares them | emitted: 269 reference(s) to regexodus.Category, regexodus.Compatibility, regexodus.MatchResult (+6 more) — the artifact's own class list declares them — the API this coordinate answers is called in this module's own emitted code — nothing to do
09dfd9a58bcf	heap-pollution	Acknowledged	sge.textra.TextraListBox#setItems	com/github/tommyettinger/textra/TextraListBox.java	405	vararg `newItems` has component `sge.textra.TextraListBox$$T`, which JLS 4.7 does not make reifiable: java warned here and the author wrote `@SafeVarargs`, and scala has neither the warning nor the annotation — the unsoundness crosses unmarked
8d3109ee909f	idiom(converted)	SamLambda	com.github.tommyettinger.textra.KnownFonts#loadUnicodeAtlas	com/github/tommyettinger/textra/KnownFonts.java	5389	kind=SamLambda — anonymous `com.github.tommyettinger.textra.KnownFonts$Field` -> lambda
8d3109ee909f/2	idiom(converted)	SamLambda	com.github.tommyettinger.textra.KnownFonts#loadUnicodeAtlas	com/github/tommyettinger/textra/KnownFonts.java	5395	kind=SamLambda — anonymous `com.github.tommyettinger.textra.KnownFonts$Field` -> lambda
8d3109ee909f/3	idiom(converted)	SamLambda	com.github.tommyettinger.textra.KnownFonts#loadUnicodeAtlas	com/github/tommyettinger/textra/KnownFonts.java	5400	kind=SamLambda — anonymous `com.github.tommyettinger.textra.KnownFonts$Field` -> lambda
8d3109ee909f/4	idiom(converted)	SamLambda	com.github.tommyettinger.textra.KnownFonts#loadUnicodeAtlas	com/github/tommyettinger/textra/KnownFonts.java	5407	kind=SamLambda — anonymous `com.github.tommyettinger.textra.KnownFonts$Field` -> lambda
8d3109ee909f/5	idiom(converted)	SamLambda	com.github.tommyettinger.textra.KnownFonts#loadUnicodeAtlas	com/github/tommyettinger/textra/KnownFonts.java	5413	kind=SamLambda — anonymous `com.github.tommyettinger.textra.KnownFonts$Field` -> lambda
8d3109ee909f/6	idiom(converted)	SamLambda	com.github.tommyettinger.textra.KnownFonts#loadUnicodeAtlas	com/github/tommyettinger/textra/KnownFonts.java	5421	kind=SamLambda — anonymous `com.github.tommyettinger.textra.KnownFonts$Field` -> lambda
8d3109ee909f/7	idiom(converted)	SamLambda	com.github.tommyettinger.textra.KnownFonts#loadUnicodeAtlas	com/github/tommyettinger/textra/KnownFonts.java	5427	kind=SamLambda — anonymous `com.github.tommyettinger.textra.KnownFonts$Field` -> lambda
8d3109ee909f/8	idiom(converted)	SamLambda	com.github.tommyettinger.textra.KnownFonts#loadUnicodeAtlas	com/github/tommyettinger/textra/KnownFonts.java	5433	kind=SamLambda — anonymous `com.github.tommyettinger.textra.KnownFonts$Field` -> lambda
8d3109ee909f/9	idiom(converted)	SamLambda	com.github.tommyettinger.textra.KnownFonts#loadUnicodeAtlas	com/github/tommyettinger/textra/KnownFonts.java	5441	kind=SamLambda — anonymous `com.github.tommyettinger.textra.KnownFonts$Field` -> lambda
8d3109ee909f/10	idiom(converted)	SamLambda	com.github.tommyettinger.textra.KnownFonts#loadUnicodeAtlas	com/github/tommyettinger/textra/KnownFonts.java	5447	kind=SamLambda — anonymous `com.github.tommyettinger.textra.KnownFonts$Field` -> lambda
8d3109ee909f/11	idiom(converted)	SamLambda	com.github.tommyettinger.textra.KnownFonts#loadUnicodeAtlas	com/github/tommyettinger/textra/KnownFonts.java	5453	kind=SamLambda — anonymous `com.github.tommyettinger.textra.KnownFonts$Field` -> lambda
8d3109ee909f/12	idiom(converted)	SamLambda	com.github.tommyettinger.textra.KnownFonts#loadUnicodeAtlas	com/github/tommyettinger/textra/KnownFonts.java	5461	kind=SamLambda — anonymous `com.github.tommyettinger.textra.KnownFonts$Field` -> lambda
8d3109ee909f/13	idiom(converted)	SamLambda	com.github.tommyettinger.textra.KnownFonts#loadUnicodeAtlas	com/github/tommyettinger/textra/KnownFonts.java	5471	kind=SamLambda — anonymous `com.github.tommyettinger.textra.KnownFonts$Field` -> lambda
5ad31354db1d	idiom(converted)	SamLambda	com.github.tommyettinger.textra.TextraDialog#key	com/github/tommyettinger/textra/TextraDialog.java	397	kind=SamLambda — anonymous `java.lang.Runnable` -> lambda
8afe98e42e9c	idiom(converted)	SamLambda	com.github.tommyettinger.textra.TypingDialog#key	com/github/tommyettinger/textra/TypingDialog.java	401	kind=SamLambda — anonymous `java.lang.Runnable` -> lambda
0a9bf56e8cf6	idiom(refused)	NarrowedReturn	com.github.tommyettinger.textra.Effect#assignTokenName	com/github/tommyettinger/textra/Effect.java	43	kind=NarrowedReturn guard=SelfTyped — a method that answers `this`; the declared return type is ALREADY the declaring class, so `this.type` buys precision only at a call on a SUBCLASS — real, but small, and it is the bucket that makes a blanket narrowing mostly churn
5d29f0d04aa7	idiom(refused)	NarrowedReturn	com.github.tommyettinger.textra.Font#addAtlas	com/github/tommyettinger/textra/Font.java	4129	kind=NarrowedReturn guard=SelfTyped — a method that answers `this`; the declared return type is ALREADY the declaring class, so `this.type` buys precision only at a call on a SUBCLASS — real, but small, and it is the bucket that makes a blanket narrowing mostly churn
c519aaff9426	idiom(refused)	NarrowedReturn	com.github.tommyettinger.textra.Font#addImage	com/github/tommyettinger/textra/Font.java	4024	kind=NarrowedReturn guard=SelfTyped — a method that answers `this`; the declared return type is ALREADY the declaring class, so `this.type` buys precision only at a call on a SUBCLASS — real, but small, and it is the bucket that makes a blanket narrowing mostly churn
c519aaff9426/2	idiom(refused)	NarrowedReturn	com.github.tommyettinger.textra.Font#addImage	com/github/tommyettinger/textra/Font.java	4048	kind=NarrowedReturn guard=SelfTyped — a method that answers `this`; the declared return type is ALREADY the declaring class, so `this.type` buys precision only at a call on a SUBCLASS — real, but small, and it is the bucket that makes a blanket narrowing mostly churn
f922b0182010	idiom(refused)	NarrowedReturn	com.github.tommyettinger.textra.Font#addSpacingGlyph	com/github/tommyettinger/textra/Font.java	4219	kind=NarrowedReturn guard=SelfTyped — a method that answers `this`; the declared return type is ALREADY the declaring class, so `this.type` buys precision only at a call on a SUBCLASS — real, but small, and it is the bucket that makes a blanket narrowing mostly churn
e3fbca215548	idiom(refused)	NarrowedReturn	com.github.tommyettinger.textra.Font#adjustCellWidth	com/github/tommyettinger/textra/Font.java	3594	kind=NarrowedReturn guard=SelfTyped — a method that answers `this`; the declared return type is ALREADY the declaring class, so `this.type` buys precision only at a call on a SUBCLASS — real, but small, and it is the bucket that makes a blanket narrowing mostly churn
1d17a8c1c0e0	idiom(refused)	NarrowedReturn	com.github.tommyettinger.textra.Font#adjustLineHeight	com/github/tommyettinger/textra/Font.java	3579	kind=NarrowedReturn guard=SelfTyped — a method that answers `this`; the declared return type is ALREADY the declaring class, so `this.type` buys precision only at a call on a SUBCLASS — real, but small, and it is the bucket that makes a blanket narrowing mostly churn
9cf506a09373	idiom(refused)	NarrowedReturn	com.github.tommyettinger.textra.Font#fitCell	com/github/tommyettinger/textra/Font.java	3613	kind=NarrowedReturn guard=SelfTyped — a method that answers `this`; the declared return type is ALREADY the declaring class, so `this.type` buys precision only at a call on a SUBCLASS — real, but small, and it is the bucket that makes a blanket narrowing mostly churn
2154d088d5ab	idiom(refused)	NarrowedReturn	com.github.tommyettinger.textra.Font#multiplyCrispness	com/github/tommyettinger/textra/Font.java	3999	kind=NarrowedReturn guard=SelfTyped — a method that answers `this`; the declared return type is ALREADY the declaring class, so `this.type` buys precision only at a call on a SUBCLASS — real, but small, and it is the bucket that makes a blanket narrowing mostly churn
e2677757dea9	idiom(refused)	NarrowedReturn	com.github.tommyettinger.textra.Font#scale	com/github/tommyettinger/textra/Font.java	3524	kind=NarrowedReturn guard=SelfTyped — a method that answers `this`; the declared return type is ALREADY the declaring class, so `this.type` buys precision only at a call on a SUBCLASS — real, but small, and it is the bucket that makes a blanket narrowing mostly churn
e2677757dea9/2	idiom(refused)	NarrowedReturn	com.github.tommyettinger.textra.Font#scale	com/github/tommyettinger/textra/Font.java	3539	kind=NarrowedReturn guard=SelfTyped — a method that answers `this`; the declared return type is ALREADY the declaring class, so `this.type` buys precision only at a call on a SUBCLASS — real, but small, and it is the bucket that makes a blanket narrowing mostly churn
0fc00b36e55f	idiom(refused)	NarrowedReturn	com.github.tommyettinger.textra.Font#scaleTo	com/github/tommyettinger/textra/Font.java	3554	kind=NarrowedReturn guard=SelfTyped — a method that answers `this`; the declared return type is ALREADY the declaring class, so `this.type` buys precision only at a call on a SUBCLASS — real, but small, and it is the bucket that makes a blanket narrowing mostly churn
61260522c0b2	idiom(refused)	NarrowedReturn	com.github.tommyettinger.textra.Font#setBoldStrength	com/github/tommyettinger/textra/Font.java	3892	kind=NarrowedReturn guard=SelfTyped — a method that answers `this`; the declared return type is ALREADY the declaring class, so `this.type` buys precision only at a call on a SUBCLASS — real, but small, and it is the bucket that makes a blanket narrowing mostly churn
97d9edd9b042	idiom(refused)	NarrowedReturn	com.github.tommyettinger.textra.Font#setBoxDrawingBreadth	com/github/tommyettinger/textra/Font.java	3929	kind=NarrowedReturn guard=SelfTyped — a method that answers `this`; the declared return type is ALREADY the declaring class, so `this.type` buys precision only at a call on a SUBCLASS — real, but small, and it is the bucket that makes a blanket narrowing mostly churn
6490cc23dffc	idiom(refused)	NarrowedReturn	com.github.tommyettinger.textra.Font#setColorLookup	com/github/tommyettinger/textra/Font.java	1836	kind=NarrowedReturn guard=SelfTyped — a method that answers `this`; the declared return type is ALREADY the declaring class, so `this.type` buys precision only at a call on a SUBCLASS — real, but small, and it is the bucket that makes a blanket narrowing mostly churn
7c0f35561819	idiom(refused)	NarrowedReturn	com.github.tommyettinger.textra.Font#setCrispness	com/github/tommyettinger/textra/Font.java	3981	kind=NarrowedReturn guard=SelfTyped — a method that answers `this`; the declared return type is ALREADY the declaring class, so `this.type` buys precision only at a call on a SUBCLASS — real, but small, and it is the bucket that makes a blanket narrowing mostly churn
39272e78a19d	idiom(refused)	NarrowedReturn	com.github.tommyettinger.textra.Font#setDescent	com/github/tommyettinger/textra/Font.java	3865	kind=NarrowedReturn guard=SelfTyped — a method that answers `this`; the declared return type is ALREADY the declaring class, so `this.type` buys precision only at a call on a SUBCLASS — real, but small, and it is the bucket that makes a blanket narrowing mostly churn
6c65a51f765c	idiom(refused)	NarrowedReturn	com.github.tommyettinger.textra.Font#setDistanceField	com/github/tommyettinger/textra/Font.java	3488	kind=NarrowedReturn guard=SelfTyped — a method that answers `this`; the declared return type is ALREADY the declaring class, so `this.type` buys precision only at a call on a SUBCLASS — real, but small, and it is the bucket that makes a blanket narrowing mostly churn
8363c409d4b8	idiom(refused)	NarrowedReturn	com.github.tommyettinger.textra.Font#setFamily	com/github/tommyettinger/textra/Font.java	3950	kind=NarrowedReturn guard=SelfTyped — a method that answers `this`; the declared return type is ALREADY the declaring class, so `this.type` buys precision only at a call on a SUBCLASS — real, but small, and it is the bucket that makes a blanket narrowing mostly churn
fe39f52731d8	idiom(refused)	NarrowedReturn	com.github.tommyettinger.textra.Font#setFancyLinePosition	com/github/tommyettinger/textra/Font.java	3740	kind=NarrowedReturn guard=SelfTyped — a method that answers `this`; the declared return type is ALREADY the declaring class, so `this.type` buys precision only at a call on a SUBCLASS — real, but small, and it is the bucket that makes a blanket narrowing mostly churn
9fedc812da07	idiom(refused)	NarrowedReturn	com.github.tommyettinger.textra.Font#setInlineImageMetrics	com/github/tommyettinger/textra/Font.java	3780	kind=NarrowedReturn guard=SelfTyped — a method that answers `this`; the declared return type is ALREADY the declaring class, so `this.type` buys precision only at a call on a SUBCLASS — real, but small, and it is the bucket that makes a blanket narrowing mostly churn
9fedc812da07/2	idiom(refused)	NarrowedReturn	com.github.tommyettinger.textra.Font#setInlineImageMetrics	com/github/tommyettinger/textra/Font.java	3803	kind=NarrowedReturn guard=SelfTyped — a method that answers `this`; the declared return type is ALREADY the declaring class, so `this.type` buys precision only at a call on a SUBCLASS — real, but small, and it is the bucket that makes a blanket narrowing mostly churn
a6e18ee6f902	idiom(refused)	NarrowedReturn	com.github.tommyettinger.textra.Font#setInlineImageStretch	com/github/tommyettinger/textra/Font.java	3762	kind=NarrowedReturn guard=SelfTyped — a method that answers `this`; the declared return type is ALREADY the declaring class, so `this.type` buys precision only at a call on a SUBCLASS — real, but small, and it is the bucket that makes a blanket narrowing mostly churn
96a929c03065	idiom(refused)	NarrowedReturn	com.github.tommyettinger.textra.Font#setLineMetrics	com/github/tommyettinger/textra/Font.java	3708	kind=NarrowedReturn guard=SelfTyped — a method that answers `this`; the declared return type is ALREADY the declaring class, so `this.type` buys precision only at a call on a SUBCLASS — real, but small, and it is the bucket that makes a blanket narrowing mostly churn
7c1d1ef24d39	idiom(refused)	NarrowedReturn	com.github.tommyettinger.textra.Font#setName	com/github/tommyettinger/textra/Font.java	3874	kind=NarrowedReturn guard=SelfTyped — a method that answers `this`; the declared return type is ALREADY the declaring class, so `this.type` buys precision only at a call on a SUBCLASS — real, but small, and it is the bucket that makes a blanket narrowing mostly churn
e8afbeef695e	idiom(refused)	NarrowedReturn	com.github.tommyettinger.textra.Font#setObliqueStrength	com/github/tommyettinger/textra/Font.java	3883	kind=NarrowedReturn guard=SelfTyped — a method that answers `this`; the declared return type is ALREADY the declaring class, so `this.type` buys precision only at a call on a SUBCLASS — real, but small, and it is the bucket that makes a blanket narrowing mostly churn
8efd463ff9c3	idiom(refused)	NarrowedReturn	com.github.tommyettinger.textra.Font#setOutlineStrength	com/github/tommyettinger/textra/Font.java	3901	kind=NarrowedReturn guard=SelfTyped — a method that answers `this`; the declared return type is ALREADY the declaring class, so `this.type` buys precision only at a call on a SUBCLASS — real, but small, and it is the bucket that makes a blanket narrowing mostly churn
8fd20272dadd	idiom(refused)	NarrowedReturn	com.github.tommyettinger.textra.Font#setSharing	com/github/tommyettinger/textra/Font.java	3451	kind=NarrowedReturn guard=SelfTyped — a method that answers `this`; the declared return type is ALREADY the declaring class, so `this.type` buys precision only at a call on a SUBCLASS — real, but small, and it is the bucket that makes a blanket narrowing mostly churn
3c0513f7b320	idiom(refused)	NarrowedReturn	com.github.tommyettinger.textra.Font#setStrikethroughMetrics	com/github/tommyettinger/textra/Font.java	3684	kind=NarrowedReturn guard=SelfTyped — a method that answers `this`; the declared return type is ALREADY the declaring class, so `this.type` buys precision only at a call on a SUBCLASS — real, but small, and it is the bucket that makes a blanket narrowing mostly churn
b52d672b7f9a	idiom(refused)	NarrowedReturn	com.github.tommyettinger.textra.Font#setStrikethroughPosition	com/github/tommyettinger/textra/Font.java	3678	kind=NarrowedReturn guard=SelfTyped — a method that answers `this`; the declared return type is ALREADY the declaring class, so `this.type` buys precision only at a call on a SUBCLASS — real, but small, and it is the bucket that makes a blanket narrowing mostly churn
33ced21fc564	idiom(refused)	NarrowedReturn	com.github.tommyettinger.textra.Font#setTextureFilter	com/github/tommyettinger/textra/Font.java	3842	kind=NarrowedReturn guard=SelfTyped — a method that answers `this`; the declared return type is ALREADY the declaring class, so `this.type` buys precision only at a call on a SUBCLASS — real, but small, and it is the bucket that makes a blanket narrowing mostly churn
c07d2100dca8	idiom(refused)	NarrowedReturn	com.github.tommyettinger.textra.Font#setUnderlineMetrics	com/github/tommyettinger/textra/Font.java	3662	kind=NarrowedReturn guard=SelfTyped — a method that answers `this`; the declared return type is ALREADY the declaring class, so `this.type` buys precision only at a call on a SUBCLASS — real, but small, and it is the bucket that makes a blanket narrowing mostly churn
26a3b3a82da1	idiom(refused)	NarrowedReturn	com.github.tommyettinger.textra.Font#setUnderlinePosition	com/github/tommyettinger/textra/Font.java	3656	kind=NarrowedReturn guard=SelfTyped — a method that answers `this`; the declared return type is ALREADY the declaring class, so `this.type` buys precision only at a call on a SUBCLASS — real, but small, and it is the bucket that makes a blanket narrowing mostly churn
abc193053db4	idiom(refused)	NarrowedReturn	com.github.tommyettinger.textra.Font#useIntegerPositions	com/github/tommyettinger/textra/Font.java	3856	kind=NarrowedReturn guard=SelfTyped — a method that answers `this`; the declared return type is ALREADY the declaring class, so `this.type` buys precision only at a call on a SUBCLASS — real, but small, and it is the bucket that makes a blanket narrowing mostly churn
5b37febffccd	idiom(refused)	NarrowedReturn	com.github.tommyettinger.textra.Layout#add	com/github/tommyettinger/textra/Layout.java	139	kind=NarrowedReturn guard=NotAlwaysThis — a method that answers `this`; PERMANENT: this method answers `this` on one path and something else on another, so `this.type` would be a lie
7a86867f12e0	idiom(refused)	NarrowedReturn	com.github.tommyettinger.textra.Layout#clear	com/github/tommyettinger/textra/Layout.java	162	kind=NarrowedReturn guard=SelfTyped — a method that answers `this`; the declared return type is ALREADY the declaring class, so `this.type` buys precision only at a call on a SUBCLASS — real, but small, and it is the bucket that makes a blanket narrowing mostly churn
a1cc6f95dd84	idiom(refused)	NarrowedReturn	com.github.tommyettinger.textra.Layout#font	com/github/tommyettinger/textra/Layout.java	96	kind=NarrowedReturn guard=SelfTyped — a method that answers `this`; the declared return type is ALREADY the declaring class, so `this.type` buys precision only at a call on a SUBCLASS — real, but small, and it is the bucket that makes a blanket narrowing mostly churn
58cb0247a5a6	idiom(refused)	NarrowedReturn	com.github.tommyettinger.textra.Layout#setBaseColor	com/github/tommyettinger/textra/Layout.java	281	kind=NarrowedReturn guard=SelfTyped — a method that answers `this`; the declared return type is ALREADY the declaring class, so `this.type` buys precision only at a call on a SUBCLASS — real, but small, and it is the bucket that makes a blanket narrowing mostly churn
58cb0247a5a6/2	idiom(refused)	NarrowedReturn	com.github.tommyettinger.textra.Layout#setBaseColor	com/github/tommyettinger/textra/Layout.java	293	kind=NarrowedReturn guard=SelfTyped — a method that answers `this`; the declared return type is ALREADY the declaring class, so `this.type` buys precision only at a call on a SUBCLASS — real, but small, and it is the bucket that makes a blanket narrowing mostly churn
9a4522436753	idiom(refused)	NarrowedReturn	com.github.tommyettinger.textra.Layout#setEllipsis	com/github/tommyettinger/textra/Layout.java	336	kind=NarrowedReturn guard=SelfTyped — a method that answers `this`; the declared return type is ALREADY the declaring class, so `this.type` buys precision only at a call on a SUBCLASS — real, but small, and it is the bucket that makes a blanket narrowing mostly churn
865fe49fc968	idiom(refused)	NarrowedReturn	com.github.tommyettinger.textra.Layout#setJustification	com/github/tommyettinger/textra/Layout.java	345	kind=NarrowedReturn guard=SelfTyped — a method that answers `this`; the declared return type is ALREADY the declaring class, so `this.type` buys precision only at a call on a SUBCLASS — real, but small, and it is the bucket that makes a blanket narrowing mostly churn
9e476d2c61d9	idiom(refused)	NarrowedReturn	com.github.tommyettinger.textra.Layout#setMaxLines	com/github/tommyettinger/textra/Layout.java	313	kind=NarrowedReturn guard=SelfTyped — a method that answers `this`; the declared return type is ALREADY the declaring class, so `this.type` buys precision only at a call on a SUBCLASS — real, but small, and it is the bucket that makes a blanket narrowing mostly churn
14f2ec8838db	idiom(refused)	NarrowedReturn	com.github.tommyettinger.textra.Layout#setTargetWidth	com/github/tommyettinger/textra/Layout.java	255	kind=NarrowedReturn guard=SelfTyped — a method that answers `this`; the declared return type is ALREADY the declaring class, so `this.type` buys precision only at a call on a SUBCLASS — real, but small, and it is the bucket that makes a blanket narrowing mostly churn
1cad3c06c844	idiom(refused)	NarrowedReturn	com.github.tommyettinger.textra.Layout#truncateExtra	com/github/tommyettinger/textra/Layout.java	491	kind=NarrowedReturn guard=SelfTyped — a method that answers `this`; the declared return type is ALREADY the declaring class, so `this.type` buys precision only at a call on a SUBCLASS — real, but small, and it is the bucket that makes a blanket narrowing mostly churn
2d36a87de9a4	idiom(refused)	NarrowedReturn	com.github.tommyettinger.textra.Line#size	com/github/tommyettinger/textra/Line.java	40	kind=NarrowedReturn guard=SelfTyped — a method that answers `this`; the declared return type is ALREADY the declaring class, so `this.type` buys precision only at a call on a SUBCLASS — real, but small, and it is the bucket that makes a blanket narrowing mostly churn
410312d7ce00	idiom(refused)	NarrowedReturn	com.github.tommyettinger.textra.TextraButton#useIntegerPositions	com/github/tommyettinger/textra/TextraButton.java	165	kind=NarrowedReturn guard=SelfTyped — a method that answers `this`; the declared return type is ALREADY the declaring class, so `this.type` buys precision only at a call on a SUBCLASS — real, but small, and it is the bucket that makes a blanket narrowing mostly churn
16ca239e710d	idiom(refused)	NarrowedReturn	com.github.tommyettinger.textra.TextraDialog#button	com/github/tommyettinger/textra/TextraDialog.java	295	kind=NarrowedReturn guard=SelfTyped — a method that answers `this`; the declared return type is ALREADY the declaring class, so `this.type` buys precision only at a call on a SUBCLASS — real, but small, and it is the bucket that makes a blanket narrowing mostly churn
34867c6d92cd	idiom(refused)	NarrowedReturn	com.github.tommyettinger.textra.TextraDialog#key	com/github/tommyettinger/textra/TextraDialog.java	392	kind=NarrowedReturn guard=NotAlwaysThis — a method that answers `this`; PERMANENT: this method answers `this` on one path and something else on another, so `this.type` would be a lie
15f5dfa45182	idiom(refused)	NarrowedReturn	com.github.tommyettinger.textra.TextraDialog#show	com/github/tommyettinger/textra/TextraDialog.java	308	kind=NarrowedReturn guard=SelfTyped — a method that answers `this`; the declared return type is ALREADY the declaring class, so `this.type` buys precision only at a call on a SUBCLASS — real, but small, and it is the bucket that makes a blanket narrowing mostly churn
15f5dfa45182/2	idiom(refused)	NarrowedReturn	com.github.tommyettinger.textra.TextraDialog#show	com/github/tommyettinger/textra/TextraDialog.java	334	kind=NarrowedReturn guard=SelfTyped — a method that answers `this`; the declared return type is ALREADY the declaring class, so `this.type` buys precision only at a call on a SUBCLASS — real, but small, and it is the bucket that makes a blanket narrowing mostly churn
ddc148a42bf8	idiom(refused)	NarrowedReturn	com.github.tommyettinger.textra.TextraDialog#text	com/github/tommyettinger/textra/TextraDialog.java	209	kind=NarrowedReturn guard=SelfTyped — a method that answers `this`; the declared return type is ALREADY the declaring class, so `this.type` buys precision only at a call on a SUBCLASS — real, but small, and it is the bucket that makes a blanket narrowing mostly churn
146d17bc83d2	idiom(refused)	NarrowedReturn	com.github.tommyettinger.textra.TextraDialog#typing	com/github/tommyettinger/textra/TextraDialog.java	248	kind=NarrowedReturn guard=SelfTyped — a method that answers `this`; the declared return type is ALREADY the declaring class, so `this.type` buys precision only at a call on a SUBCLASS — real, but small, and it is the bucket that makes a blanket narrowing mostly churn
5b0e4968d1cc	idiom(refused)	NarrowedReturn	com.github.tommyettinger.textra.TextraLabel#setWrap	com/github/tommyettinger/textra/TextraLabel.java	559	kind=NarrowedReturn guard=SelfTyped — a method that answers `this`; the declared return type is ALREADY the declaring class, so `this.type` buys precision only at a call on a SUBCLASS — real, but small, and it is the bucket that makes a blanket narrowing mostly churn
6f19a72d1c12	idiom(refused)	NarrowedReturn	com.github.tommyettinger.textra.TextraLabel#skipToTheEnd	com/github/tommyettinger/textra/TextraLabel.java	726	kind=NarrowedReturn guard=SelfTyped — a method that answers `this`; the declared return type is ALREADY the declaring class, so `this.type` buys precision only at a call on a SUBCLASS — real, but small, and it is the bucket that makes a blanket narrowing mostly churn
b2eb567a4181	idiom(refused)	NarrowedReturn	com.github.tommyettinger.textra.TextraLabel#useIntegerPositions	com/github/tommyettinger/textra/TextraLabel.java	534	kind=NarrowedReturn guard=SelfTyped — a method that answers `this`; the declared return type is ALREADY the declaring class, so `this.type` buys precision only at a call on a SUBCLASS — real, but small, and it is the bucket that makes a blanket narrowing mostly churn
2cd19b62aae7	idiom(refused)	NarrowedReturn	com.github.tommyettinger.textra.TextraWindow#hit	com/github/tommyettinger/textra/TextraWindow.java	365	kind=NarrowedReturn guard=NotAlwaysThis — a method that answers `this`; PERMANENT: this method answers `this` on one path and something else on another, so `this.type` would be a lie
d1f82099e42c	idiom(refused)	NarrowedReturn	com.github.tommyettinger.textra.TypingDialog#button	com/github/tommyettinger/textra/TypingDialog.java	299	kind=NarrowedReturn guard=SelfTyped — a method that answers `this`; the declared return type is ALREADY the declaring class, so `this.type` buys precision only at a call on a SUBCLASS — real, but small, and it is the bucket that makes a blanket narrowing mostly churn
d7cf4f6cdd78	idiom(refused)	NarrowedReturn	com.github.tommyettinger.textra.TypingDialog#key	com/github/tommyettinger/textra/TypingDialog.java	396	kind=NarrowedReturn guard=NotAlwaysThis — a method that answers `this`; PERMANENT: this method answers `this` on one path and something else on another, so `this.type` would be a lie
fe364e3628e2	idiom(refused)	NarrowedReturn	com.github.tommyettinger.textra.TypingDialog#show	com/github/tommyettinger/textra/TypingDialog.java	312	kind=NarrowedReturn guard=SelfTyped — a method that answers `this`; the declared return type is ALREADY the declaring class, so `this.type` buys precision only at a call on a SUBCLASS — real, but small, and it is the bucket that makes a blanket narrowing mostly churn
fe364e3628e2/2	idiom(refused)	NarrowedReturn	com.github.tommyettinger.textra.TypingDialog#show	com/github/tommyettinger/textra/TypingDialog.java	338	kind=NarrowedReturn guard=SelfTyped — a method that answers `this`; the declared return type is ALREADY the declaring class, so `this.type` buys precision only at a call on a SUBCLASS — real, but small, and it is the bucket that makes a blanket narrowing mostly churn
47d02f1a4002	idiom(refused)	NarrowedReturn	com.github.tommyettinger.textra.TypingDialog#text	com/github/tommyettinger/textra/TypingDialog.java	213	kind=NarrowedReturn guard=SelfTyped — a method that answers `this`; the declared return type is ALREADY the declaring class, so `this.type` buys precision only at a call on a SUBCLASS — real, but small, and it is the bucket that makes a blanket narrowing mostly churn
9d8e83c59d1b	idiom(refused)	NarrowedReturn	com.github.tommyettinger.textra.TypingDialog#typing	com/github/tommyettinger/textra/TypingDialog.java	252	kind=NarrowedReturn guard=SelfTyped — a method that answers `this`; the declared return type is ALREADY the declaring class, so `this.type` buys precision only at a call on a SUBCLASS — real, but small, and it is the bucket that makes a blanket narrowing mostly churn
0af83aa25595	idiom(refused)	NarrowedReturn	com.github.tommyettinger.textra.TypingLabel#setSelectable	com/github/tommyettinger/textra/TypingLabel.java	1901	kind=NarrowedReturn guard=SelfTyped — a method that answers `this`; the declared return type is ALREADY the declaring class, so `this.type` buys precision only at a call on a SUBCLASS — real, but small, and it is the bucket that makes a blanket narrowing mostly churn
4c444a9f9eb7	idiom(refused)	NarrowedReturn	com.github.tommyettinger.textra.TypingLabel#skipToTheEnd	com/github/tommyettinger/textra/TypingLabel.java	503	kind=NarrowedReturn guard=SelfTyped — a method that answers `this`; the declared return type is ALREADY the declaring class, so `this.type` buys precision only at a call on a SUBCLASS — real, but small, and it is the bucket that makes a blanket narrowing mostly churn
3532566534e9	idiom(refused)	NarrowedReturn	com.github.tommyettinger.textra.utils.CaseInsensitiveIntMap$Entries#iterator	com/github/tommyettinger/textra/utils/CaseInsensitiveIntMap.java	561	kind=NarrowedReturn guard=SelfTyped — a method that answers `this`; the declared return type is ALREADY the declaring class, so `this.type` buys precision only at a call on a SUBCLASS — real, but small, and it is the bucket that makes a blanket narrowing mostly churn
64900c97cf96	idiom(refused)	NarrowedReturn	com.github.tommyettinger.textra.utils.CaseInsensitiveIntMap$Keys#iterator	com/github/tommyettinger/textra/utils/CaseInsensitiveIntMap.java	624	kind=NarrowedReturn guard=SelfTyped — a method that answers `this`; the declared return type is ALREADY the declaring class, so `this.type` buys precision only at a call on a SUBCLASS — real, but small, and it is the bucket that makes a blanket narrowing mostly churn
779223b32801	idiom(refused)	NarrowedReturn	com.github.tommyettinger.textra.utils.CaseInsensitiveIntMap$Values#iterator	com/github/tommyettinger/textra/utils/CaseInsensitiveIntMap.java	585	kind=NarrowedReturn guard=SelfTyped — a method that answers `this`; the declared return type is ALREADY the declaring class, so `this.type` buys precision only at a call on a SUBCLASS — real, but small, and it is the bucket that makes a blanket narrowing mostly churn
70cb9fb185da	idiom(refused)	SamLambda	com.github.tommyettinger.textra.FWSkin#getJsonLoader	com/github/tommyettinger/textra/FWSkin.java	112	kind=SamLambda guard=NotSam — anonymous `com.badlogic.gdx.utils.Json$ReadOnlySerializer`; PERMANENT and correct: java's own SAM rule (JLS 9.8) does not admit this type, so there is no lambda to write
70cb9fb185da/2	idiom(refused)	SamLambda	com.github.tommyettinger.textra.FWSkin#getJsonLoader	com/github/tommyettinger/textra/FWSkin.java	188	kind=SamLambda guard=NotSam — anonymous `com.badlogic.gdx.utils.Json$ReadOnlySerializer`; PERMANENT and correct: java's own SAM rule (JLS 9.8) does not admit this type, so there is no lambda to write
70cb9fb185da/3	idiom(refused)	SamLambda	com.github.tommyettinger.textra.FWSkin#getJsonLoader	com/github/tommyettinger/textra/FWSkin.java	292	kind=SamLambda guard=NotSam — anonymous `com.badlogic.gdx.utils.Json$ReadOnlySerializer`; PERMANENT and correct: java's own SAM rule (JLS 9.8) does not admit this type, so there is no lambda to write
70cb9fb185da/4	idiom(refused)	SamLambda	com.github.tommyettinger.textra.FWSkin#getJsonLoader	com/github/tommyettinger/textra/FWSkin.java	305	kind=SamLambda guard=NotSam — anonymous `com.badlogic.gdx.utils.Json$ReadOnlySerializer`; PERMANENT and correct: java's own SAM rule (JLS 9.8) does not admit this type, so there is no lambda to write
70cb9fb185da/5	idiom(refused)	SamLambda	com.github.tommyettinger.textra.FWSkin#getJsonLoader	com/github/tommyettinger/textra/FWSkin.java	342	kind=SamLambda guard=NotSam — anonymous `com.badlogic.gdx.utils.Json$ReadOnlySerializer`; PERMANENT and correct: java's own SAM rule (JLS 9.8) does not admit this type, so there is no lambda to write
70cb9fb185da/6	idiom(refused)	SamLambda	com.github.tommyettinger.textra.FWSkin#getJsonLoader	com/github/tommyettinger/textra/FWSkin.java	386	kind=SamLambda guard=NotSam — anonymous `com.badlogic.gdx.utils.Json$ReadOnlySerializer`; PERMANENT and correct: java's own SAM rule (JLS 9.8) does not admit this type, so there is no lambda to write
70cb9fb185da/7	idiom(refused)	SamLambda	com.github.tommyettinger.textra.FWSkin#getJsonLoader	com/github/tommyettinger/textra/FWSkin.java	433	kind=SamLambda guard=NotSam — anonymous `com.badlogic.gdx.utils.Json$ReadOnlySerializer`; PERMANENT and correct: java's own SAM rule (JLS 9.8) does not admit this type, so there is no lambda to write
70cb9fb185da/8	idiom(refused)	SamLambda	com.github.tommyettinger.textra.FWSkin#getJsonLoader	com/github/tommyettinger/textra/FWSkin.java	447	kind=SamLambda guard=NotSam — anonymous `com.badlogic.gdx.utils.Json$ReadOnlySerializer`; PERMANENT and correct: java's own SAM rule (JLS 9.8) does not admit this type, so there is no lambda to write
70cb9fb185da/9	idiom(refused)	SamLambda	com.github.tommyettinger.textra.FWSkin#getJsonLoader	com/github/tommyettinger/textra/FWSkin.java	468	kind=SamLambda guard=NotSam — anonymous `com.badlogic.gdx.utils.Json$ReadOnlySerializer`; PERMANENT and correct: java's own SAM rule (JLS 9.8) does not admit this type, so there is no lambda to write
70cb9fb185da/10	idiom(refused)	SamLambda	com.github.tommyettinger.textra.FWSkin#getJsonLoader	com/github/tommyettinger/textra/FWSkin.java	484	kind=SamLambda guard=NotSam — anonymous `com.badlogic.gdx.utils.Json$ReadOnlySerializer`; PERMANENT and correct: java's own SAM rule (JLS 9.8) does not admit this type, so there is no lambda to write
70cb9fb185da/11	idiom(refused)	SamLambda	com.github.tommyettinger.textra.FWSkin#getJsonLoader	com/github/tommyettinger/textra/FWSkin.java	524	kind=SamLambda guard=NotSam — anonymous `com.badlogic.gdx.utils.Json$ReadOnlySerializer`; PERMANENT and correct: java's own SAM rule (JLS 9.8) does not admit this type, so there is no lambda to write
734e48a1ff3e	idiom(refused)	SamLambda	com.github.tommyettinger.textra.KnownFonts#loadUnicodeAtlas	com/github/tommyettinger/textra/KnownFonts.java	5365	kind=SamLambda guard=NotSam — anonymous `com.badlogic.gdx.graphics.g2d.TextureAtlas$TextureAtlasData`; PERMANENT and correct: java's own SAM rule (JLS 9.8) does not admit this type, so there is no lambda to write
87bef9c13d09	idiom(refused)	SamLambda	com.github.tommyettinger.textra.KnownFonts#loadUnicodeAtlas	com/github/tommyettinger/textra/KnownFonts.java	5559	kind=SamLambda guard=NonCapturing — anonymous `java.util.Comparator`; PERMANENT, and licensed by the SPECIFICATION'S SILENCE rather than by any measurement: JVMS 5.4.3.6 and the `LambdaMetafactory` contract leave a lambda's instance identity UNSPECIFIED in both directions, so a non-capturing lambda MAY be the same object at two evaluations while `new I(){…}` never is. A library that removes a listener by identity, keys an `IdentityHashMap` or synchronises on the instance would then differ, with a green compile and no moved count
bf69c55171ab	idiom(refused)	SamLambda	com.github.tommyettinger.textra.TextraDialog#ignoreTouchDown	com/github/tommyettinger/textra/TextraDialog.java	53	kind=SamLambda guard=NotSam — anonymous `com.badlogic.gdx.scenes.scene2d.InputListener`; PERMANENT and correct: java's own SAM rule (JLS 9.8) does not admit this type, so there is no lambda to write
74b0c7d445d9	idiom(refused)	SamLambda	com.github.tommyettinger.textra.TextraDialog#initialize	com/github/tommyettinger/textra/TextraDialog.java	126	kind=SamLambda guard=NotSam — anonymous `com.badlogic.gdx.scenes.scene2d.utils.ChangeListener`; PERMANENT and correct: java's own SAM rule (JLS 9.8) does not admit this type, so there is no lambda to write
ab2377647446	idiom(refused)	SamLambda	com.github.tommyettinger.textra.TextraDialog#initialize	com/github/tommyettinger/textra/TextraDialog.java	137	kind=SamLambda guard=NotSam — anonymous `com.badlogic.gdx.scenes.scene2d.utils.FocusListener`; PERMANENT and correct: java's own SAM rule (JLS 9.8) does not admit this type, so there is no lambda to write
f4a22df8832b	idiom(refused)	SamLambda	com.github.tommyettinger.textra.TextraDialog#key	com/github/tommyettinger/textra/TextraDialog.java	393	kind=SamLambda guard=NotSam — anonymous `com.badlogic.gdx.scenes.scene2d.InputListener`; PERMANENT and correct: java's own SAM rule (JLS 9.8) does not admit this type, so there is no lambda to write
2311f8d1a343	idiom(refused)	SamLambda	com.github.tommyettinger.textra.TextraField#blinkTask	com/github/tommyettinger/textra/TextraField.java	129	kind=SamLambda guard=NotSam — anonymous `com.badlogic.gdx.utils.Timer$Task`; PERMANENT and correct: java's own SAM rule (JLS 9.8) does not admit this type, so there is no lambda to write
d5032d28d98e	idiom(refused)	SamLambda	com.github.tommyettinger.textra.TextraListBox#<init>	com/github/tommyettinger/textra/TextraListBox.java	81	kind=SamLambda guard=NotSam — anonymous `com.badlogic.gdx.scenes.scene2d.InputListener`; PERMANENT and correct: java's own SAM rule (JLS 9.8) does not admit this type, so there is no lambda to write
d5032d28d98e/2	idiom(refused)	SamLambda	com.github.tommyettinger.textra.TextraListBox#<init>	com/github/tommyettinger/textra/TextraListBox.java	161	kind=SamLambda guard=NotSam — anonymous `com.badlogic.gdx.scenes.scene2d.InputListener`; PERMANENT and correct: java's own SAM rule (JLS 9.8) does not admit this type, so there is no lambda to write
ebc48bf45fcb	idiom(refused)	SamLambda	com.github.tommyettinger.textra.TextraSelectBox#<init>	com/github/tommyettinger/textra/TextraSelectBox.java	76	kind=SamLambda guard=NotSam — anonymous `com.badlogic.gdx.scenes.scene2d.utils.ClickListener`; PERMANENT and correct: java's own SAM rule (JLS 9.8) does not admit this type, so there is no lambda to write
fef3894c57bf	idiom(refused)	SamLambda	com.github.tommyettinger.textra.TextraSelectBox#selection	com/github/tommyettinger/textra/TextraSelectBox.java	52	kind=SamLambda guard=NotSam — anonymous `com.badlogic.gdx.scenes.scene2d.utils.ArraySelection`; PERMANENT and correct: java's own SAM rule (JLS 9.8) does not admit this type, so there is no lambda to write
ba017d1a1a0e	idiom(refused)	SamLambda	com.github.tommyettinger.textra.TextraSelectBox$SelectBoxScrollPane#<init>	com/github/tommyettinger/textra/TextraSelectBox.java	464	kind=SamLambda guard=NotSam — anonymous `com.badlogic.gdx.scenes.scene2d.utils.ClickListener`; PERMANENT and correct: java's own SAM rule (JLS 9.8) does not admit this type, so there is no lambda to write
a3b213aff7cb	idiom(refused)	SamLambda	com.github.tommyettinger.textra.TextraSelectBox$SelectBoxScrollPane#<init>	com/github/tommyettinger/textra/TextraSelectBox.java	480	kind=SamLambda guard=NotSam — anonymous `com.badlogic.gdx.scenes.scene2d.InputListener`; PERMANENT and correct: java's own SAM rule (JLS 9.8) does not admit this type, so there is no lambda to write
a3b213aff7cb/2	idiom(refused)	SamLambda	com.github.tommyettinger.textra.TextraSelectBox$SelectBoxScrollPane#<init>	com/github/tommyettinger/textra/TextraSelectBox.java	489	kind=SamLambda guard=NotSam — anonymous `com.badlogic.gdx.scenes.scene2d.InputListener`; PERMANENT and correct: java's own SAM rule (JLS 9.8) does not admit this type, so there is no lambda to write
8e186cd1e902	idiom(refused)	SamLambda	com.github.tommyettinger.textra.TextraWindow#<init>	com/github/tommyettinger/textra/TextraWindow.java	135	kind=SamLambda guard=NotSam — anonymous `com.badlogic.gdx.scenes.scene2d.ui.Table`; PERMANENT and correct: java's own SAM rule (JLS 9.8) does not admit this type, so there is no lambda to write
35552776d19a	idiom(refused)	SamLambda	com.github.tommyettinger.textra.TextraWindow#<init>	com/github/tommyettinger/textra/TextraWindow.java	148	kind=SamLambda guard=NotSam — anonymous `com.badlogic.gdx.scenes.scene2d.InputListener`; PERMANENT and correct: java's own SAM rule (JLS 9.8) does not admit this type, so there is no lambda to write
dea30af9f347	idiom(refused)	SamLambda	com.github.tommyettinger.textra.TypingDialog#ignoreTouchDown	com/github/tommyettinger/textra/TypingDialog.java	57	kind=SamLambda guard=NotSam — anonymous `com.badlogic.gdx.scenes.scene2d.InputListener`; PERMANENT and correct: java's own SAM rule (JLS 9.8) does not admit this type, so there is no lambda to write
512472b02250	idiom(refused)	SamLambda	com.github.tommyettinger.textra.TypingDialog#initialize	com/github/tommyettinger/textra/TypingDialog.java	130	kind=SamLambda guard=NotSam — anonymous `com.badlogic.gdx.scenes.scene2d.utils.ChangeListener`; PERMANENT and correct: java's own SAM rule (JLS 9.8) does not admit this type, so there is no lambda to write
fced315643ef	idiom(refused)	SamLambda	com.github.tommyettinger.textra.TypingDialog#initialize	com/github/tommyettinger/textra/TypingDialog.java	141	kind=SamLambda guard=NotSam — anonymous `com.badlogic.gdx.scenes.scene2d.utils.FocusListener`; PERMANENT and correct: java's own SAM rule (JLS 9.8) does not admit this type, so there is no lambda to write
617290b002b2	idiom(refused)	SamLambda	com.github.tommyettinger.textra.TypingDialog#key	com/github/tommyettinger/textra/TypingDialog.java	397	kind=SamLambda guard=NotSam — anonymous `com.badlogic.gdx.scenes.scene2d.InputListener`; PERMANENT and correct: java's own SAM rule (JLS 9.8) does not admit this type, so there is no lambda to write
536c011af0cb	jdk-surface	unhandled	java.util.ArrayList#clear()	com/github/tommyettinger/textra/Parser.java	104	java.util.ArrayList#clear() — retyped to scala.collection.mutable.ArrayBuffer, no rewrite (2 site(s))
7612788bfe19	jdk-surface	unhandled	java.util.Arrays#binarySearch(char[],int,int,char)	com/github/tommyettinger/textra/Font.java	6481	java.util.Arrays#binarySearch(char[],int,int,char) — retyped to java.util.Arrays, no rewrite (10 site(s))
e9435f17dbef	jdk-surface	unhandled	java.util.Arrays#fill(Object[],Object)	com/github/tommyettinger/textra/TextureArrayPolygonSpriteBatch.java	1246	java.util.Arrays#fill(Object[],Object) — retyped to java.util.Arrays, no rewrite (2 site(s))
63011da88978	jdk-surface	unhandled	java.util.Arrays#fill(int[],int)	com/github/tommyettinger/textra/TextureArrayPolygonSpriteBatch.java	1247	java.util.Arrays#fill(int[],int) — retyped to java.util.Arrays, no rewrite (1 site(s))
7761c05a2822	jdk-surface	unhandled	java.util.Arrays#fill(long[],int,int,long)	com/github/tommyettinger/textra/TextraField.java	521	java.util.Arrays#fill(long[],int,int,long) — retyped to java.util.Arrays, no rewrite (1 site(s))
6193cc6e8ab9	nullability-boundary	NotAValuePosition	?#content	com/github/tommyettinger/textra/TextraField.java	563	`com.badlogic.gdx.utils.Null` on `?#content`
90b2a7e655dd	nullability-boundary	NotAValuePosition	?#line	com/github/tommyettinger/textra/KnownFonts.java	5366	`com.badlogic.gdx.utils.Null` on `?#line`
80ff75d57daa	nullability-boundary	NotAValuePosition	?#messageText	com/github/tommyettinger/textra/TextraField.java	709	`com.badlogic.gdx.utils.Null` on `?#messageText`
5fcb45ccbc11	nullability-boundary	NotAValuePosition	?#str	com/github/tommyettinger/textra/TextraField.java	715	`com.badlogic.gdx.utils.Null` on `?#str`
50e9e43b605e	nullability-boundary	NotAValuePosition	@55259#findNextTextField(com.badlogic.gdx.utils.Array,com.github.tommyettinger.textra.TextraField,com.badlogic.gdx.math.Vector2,com.badlogic.gdx.math.Vector2,boolean)#best	com/github/tommyettinger/textra/TextraField.java	655	`com.badlogic.gdx.utils.Null` on `@55259#findNextTextField(com.badlogic.gdx.utils.Array,com.github.tommyettinger.textra.TextraField,com.badlogic.gdx.math.Vector2,com.badlogic.gdx.math.Vector2,boolean)#best`
bd92646edc5f	nullability-boundary	NotAValuePosition	@55259#setText(java.lang.String)#str	com/github/tommyettinger/textra/TextraField.java	724	`com.badlogic.gdx.utils.Null` on `@55259#setText(java.lang.String)#str`
998bcea5c0e5	nullability-boundary	OverloadErasureClash	?#font	com/github/tommyettinger/textra/Styles.java	131	`com.badlogic.gdx.utils.Null` on parameter `font` of com.github.tommyettinger.textra.Styles$TextButtonStyle#<init>
470347a10239	nullability-boundary	OverloadErasureClash	@52350#<init>(com.badlogic.gdx.scenes.scene2d.utils.Drawable,com.badlogic.gdx.scenes.scene2d.utils.Drawable,com.badlogic.gdx.scenes.scene2d.utils.Drawable,com.github.tommyettinger.textra.Font)#font	com/github/tommyettinger/textra/Styles.java	116	`com.badlogic.gdx.utils.Null` on parameter `font` of com.github.tommyettinger.textra.Styles$TextButtonStyle#<init>
8858114b0904	nullability-boundary	OverrideCrossing	?#background	com/github/tommyettinger/textra/TextraArea.java	85	`com.badlogic.gdx.utils.Null` on parameter `background` of com.github.tommyettinger.textra.TextraArea#getTextY
83f8f78a61b8	nullability-boundary	OverrideCrossing	?#cullingArea	com/github/tommyettinger/textra/TextraListBox.java	462	`com.badlogic.gdx.utils.Null` on parameter `cullingArea` of com.github.tommyettinger.textra.TextraListBox#setCullingArea
470444f7e0d2	nullability-boundary	OverrideCrossing	?#toActor	com/github/tommyettinger/textra/TextraSelectBox.java	481	`com.badlogic.gdx.utils.Null` on parameter `toActor` of com.github.tommyettinger.textra.TextraSelectBox$SelectBoxScrollPane$195#exit
a9e2d8af4ed7	nullability-boundary	OverrideCrossing	com.github.tommyettinger.textra.TextraWindow#hit	com/github/tommyettinger/textra/TextraWindow.java	365	`com.badlogic.gdx.utils.Null` on `com.github.tommyettinger.textra.TextraWindow#hit`
47ce727a2342	omissions	annotation dropped	sge.textra.Font#latestTexture	<synthetic>	0	java.lang.SuppressWarnings
a46d26c4f296	omissions	annotation dropped	sge.textra.KnownFonts	<synthetic>	0	java.lang.SuppressWarnings
bf94163ffc10	omissions	enum emitted without its java.lang.Enum supertype	sge.textra.InternalToken	com/github/tommyettinger/textra/InternalToken.java	19	`name` collides with a member java.lang.Enum declares final (or with the scala 3 enum's own companion) — emitted as a sealed abstract class, which is not a `java.lang.Enum`, so no `<E extends Enum<E>>` bound, `EnumSet`, `EnumMap` or `Comparable<E>` accepts it
5103ca46999b	omissions	promoted constructor body runs on every path	sge.textra.TypingLabel	com/github/tommyettinger/textra/TypingLabel.java	163	2 statement(s) of the promoted constructor also run here; java ran them only on its own path
5103ca46999b/2	omissions	promoted constructor body runs on every path	sge.textra.TypingLabel	com/github/tommyettinger/textra/TypingLabel.java	175	2 statement(s) of the promoted constructor also run here; java ran them only on its own path
5103ca46999b/3	omissions	promoted constructor body runs on every path	sge.textra.TypingLabel	com/github/tommyettinger/textra/TypingLabel.java	187	2 statement(s) of the promoted constructor also run here; java ran them only on its own path
5103ca46999b/4	omissions	promoted constructor body runs on every path	sge.textra.TypingLabel	com/github/tommyettinger/textra/TypingLabel.java	200	2 statement(s) of the promoted constructor also run here; java ran them only on its own path
5103ca46999b/5	omissions	promoted constructor body runs on every path	sge.textra.TypingLabel	com/github/tommyettinger/textra/TypingLabel.java	211	2 statement(s) of the promoted constructor also run here; java ran them only on its own path
5103ca46999b/6	omissions	promoted constructor body runs on every path	sge.textra.TypingLabel	com/github/tommyettinger/textra/TypingLabel.java	227	2 statement(s) of the promoted constructor also run here; java ran them only on its own path
5103ca46999b/7	omissions	promoted constructor body runs on every path	sge.textra.TypingLabel	com/github/tommyettinger/textra/TypingLabel.java	240	2 statement(s) of the promoted constructor also run here; java ran them only on its own path
5103ca46999b/8	omissions	promoted constructor body runs on every path	sge.textra.TypingLabel	com/github/tommyettinger/textra/TypingLabel.java	252	2 statement(s) of the promoted constructor also run here; java ran them only on its own path
505d2cfdc47c	omissions	super(args) dropped	sge.textra.ImageTextraButton	com/github/tommyettinger/textra/ImageTextraButton.java	65	1 argument(s) discarded
e47a88e653b9	omissions	super(args) dropped	sge.textra.ImageTypingButton	com/github/tommyettinger/textra/ImageTypingButton.java	34	2 argument(s) discarded
9adfef47a7d9	omissions	super(args) dropped	sge.textra.ImageTypingButton	com/github/tommyettinger/textra/ImageTypingButton.java	38	3 argument(s) discarded
e47a88e653b9/2	omissions	super(args) dropped	sge.textra.ImageTypingButton	com/github/tommyettinger/textra/ImageTypingButton.java	42	2 argument(s) discarded
9adfef47a7d9/2	omissions	super(args) dropped	sge.textra.ImageTypingButton	com/github/tommyettinger/textra/ImageTypingButton.java	46	3 argument(s) discarded
5d24900f70d5	omissions	super(args) dropped	sge.textra.ImageTypingButton	com/github/tommyettinger/textra/ImageTypingButton.java	50	4 argument(s) discarded
9adfef47a7d9/3	omissions	super(args) dropped	sge.textra.ImageTypingButton	com/github/tommyettinger/textra/ImageTypingButton.java	54	3 argument(s) discarded
5cfed7044f58	omissions	super(args) dropped	sge.textra.TextraDialog	com/github/tommyettinger/textra/TextraDialog.java	60	2 argument(s) discarded
5cfed7044f58/2	omissions	super(args) dropped	sge.textra.TextraDialog	com/github/tommyettinger/textra/TextraDialog.java	67	2 argument(s) discarded
5cfed7044f58/3	omissions	super(args) dropped	sge.textra.TextraDialog	com/github/tommyettinger/textra/TextraDialog.java	74	2 argument(s) discarded
5bf4c394f9df	omissions	super(args) dropped	sge.textra.TextraDialog	com/github/tommyettinger/textra/TextraDialog.java	79	3 argument(s) discarded
5bf4c394f9df/2	omissions	super(args) dropped	sge.textra.TextraDialog	com/github/tommyettinger/textra/TextraDialog.java	86	3 argument(s) discarded
5bf4c394f9df/3	omissions	super(args) dropped	sge.textra.TextraDialog	com/github/tommyettinger/textra/TextraDialog.java	93	3 argument(s) discarded
7e93c9ebd2a6	omissions	super(args) dropped	sge.textra.TypingButton	com/github/tommyettinger/textra/TypingButton.java	28	2 argument(s) discarded
f4c3ef67e002	omissions	super(args) dropped	sge.textra.TypingButton	com/github/tommyettinger/textra/TypingButton.java	32	3 argument(s) discarded
7e93c9ebd2a6/2	omissions	super(args) dropped	sge.textra.TypingButton	com/github/tommyettinger/textra/TypingButton.java	36	2 argument(s) discarded
3320361ccc49	omissions	super(args) dropped	sge.textra.TypingDialog	com/github/tommyettinger/textra/TypingDialog.java	64	2 argument(s) discarded
3320361ccc49/2	omissions	super(args) dropped	sge.textra.TypingDialog	com/github/tommyettinger/textra/TypingDialog.java	71	2 argument(s) discarded
3320361ccc49/3	omissions	super(args) dropped	sge.textra.TypingDialog	com/github/tommyettinger/textra/TypingDialog.java	78	2 argument(s) discarded
b906a282084e	omissions	super(args) dropped	sge.textra.TypingDialog	com/github/tommyettinger/textra/TypingDialog.java	83	3 argument(s) discarded
b906a282084e/2	omissions	super(args) dropped	sge.textra.TypingDialog	com/github/tommyettinger/textra/TypingDialog.java	90	3 argument(s) discarded
b906a282084e/3	omissions	super(args) dropped	sge.textra.TypingDialog	com/github/tommyettinger/textra/TypingDialog.java	97	3 argument(s) discarded
26ea3c631460	omissions	super(args) dropped	sge.textra.TypingLabel	com/github/tommyettinger/textra/TypingLabel.java	211	2 argument(s) discarded
f7f3fcdce5a8	omissions	super(args) dropped	sge.textra.TypingLabel	com/github/tommyettinger/textra/TypingLabel.java	227	3 argument(s) discarded
26ea3c631460/2	omissions	super(args) dropped	sge.textra.TypingLabel	com/github/tommyettinger/textra/TypingLabel.java	240	2 argument(s) discarded
f7f3fcdce5a8/2	omissions	super(args) dropped	sge.textra.TypingLabel	com/github/tommyettinger/textra/TypingLabel.java	252	3 argument(s) discarded
278a7f20848e	omissions	super(args) dropped	sge.textra.TypingSelectBox	com/github/tommyettinger/textra/TypingSelectBox.java	18	1 argument(s) discarded
0dd15cd9b28e	omissions	super(args) dropped	sge.textra.TypingSelectBox	com/github/tommyettinger/textra/TypingSelectBox.java	22	2 argument(s) discarded
278a7f20848e/2	omissions	super(args) dropped	sge.textra.TypingSelectBox	com/github/tommyettinger/textra/TypingSelectBox.java	26	1 argument(s) discarded
f14382c380cf	omissions	super(args) dropped	sge.textra.TypingWindow	com/github/tommyettinger/textra/TypingWindow.java	32	2 argument(s) discarded
2b14def7a295	omissions	super(args) dropped	sge.textra.TypingWindow	com/github/tommyettinger/textra/TypingWindow.java	35	3 argument(s) discarded
2b14def7a295/2	omissions	super(args) dropped	sge.textra.TypingWindow	com/github/tommyettinger/textra/TypingWindow.java	39	3 argument(s) discarded
33d96689f357	omissions	super(args) dropped	sge.textra.TypingWindow	com/github/tommyettinger/textra/TypingWindow.java	43	4 argument(s) discarded
f14382c380cf/2	omissions	super(args) dropped	sge.textra.TypingWindow	com/github/tommyettinger/textra/TypingWindow.java	47	2 argument(s) discarded
2b14def7a295/3	omissions	super(args) dropped	sge.textra.TypingWindow	com/github/tommyettinger/textra/TypingWindow.java	51	3 argument(s) discarded
2b14def7a295/4	omissions	super(args) dropped	sge.textra.TypingWindow	com/github/tommyettinger/textra/TypingWindow.java	55	3 argument(s) discarded
33d96689f357/2	omissions	super(args) dropped	sge.textra.TypingWindow	com/github/tommyettinger/textra/TypingWindow.java	59	4 argument(s) discarded
33d96689f357/3	omissions	super(args) dropped	sge.textra.TypingWindow	com/github/tommyettinger/textra/TypingWindow.java	63	4 argument(s) discarded
1c183a51078f	omissions	super(args) dropped	sge.textra.TypingWindow	com/github/tommyettinger/textra/TypingWindow.java	67	5 argument(s) discarded
2b14def7a295/5	omissions	super(args) dropped	sge.textra.TypingWindow	com/github/tommyettinger/textra/TypingWindow.java	71	3 argument(s) discarded
33d96689f357/4	omissions	super(args) dropped	sge.textra.TypingWindow	com/github/tommyettinger/textra/TypingWindow.java	75	4 argument(s) discarded
247ba238fdc9	overload-risk	GenericTieBreak	sge.scenes.scene2d.ui.Table	com/github/tommyettinger/textra/TextraDialog.java	210	call to `add/1` has 3 applicable candidates spanning java's resolution phases (GenericTieBreak): (java.lang.CharSequence), (scala.Array)…, <generic>(@34442#add(T)$$T) — javac bound one and scala resolves in a single phase, so the port may name the other with no error on either side
247ba238fdc9/2	overload-risk	GenericTieBreak	sge.scenes.scene2d.ui.Table	com/github/tommyettinger/textra/TextraDialog.java	249	call to `add/1` has 3 applicable candidates spanning java's resolution phases (GenericTieBreak): (java.lang.CharSequence), (scala.Array)…, <generic>(@34442#add(T)$$T) — javac bound one and scala resolves in a single phase, so the port may name the other with no error on either side
247ba238fdc9/3	overload-risk	GenericTieBreak	sge.scenes.scene2d.ui.Table	com/github/tommyettinger/textra/TextraDialog.java	296	call to `add/1` has 3 applicable candidates spanning java's resolution phases (GenericTieBreak): (java.lang.CharSequence), (scala.Array)…, <generic>(@34442#add(T)$$T) — javac bound one and scala resolves in a single phase, so the port may name the other with no error on either side
607f9184b269	overload-risk	GenericTieBreak	sge.scenes.scene2d.ui.Table	com/github/tommyettinger/textra/TextraWindow.java	140	call to `add/1` has 3 applicable candidates spanning java's resolution phases (GenericTieBreak): (java.lang.CharSequence), (scala.Array)…, <generic>(@34442#add(T)$$T) — javac bound one and scala resolves in a single phase, so the port may name the other with no error on either side
b22040991e5a	overload-risk	GenericTieBreak	sge.scenes.scene2d.ui.Table	com/github/tommyettinger/textra/TypingDialog.java	214	call to `add/1` has 3 applicable candidates spanning java's resolution phases (GenericTieBreak): (java.lang.CharSequence), (scala.Array)…, <generic>(@34442#add(T)$$T) — javac bound one and scala resolves in a single phase, so the port may name the other with no error on either side
b22040991e5a/2	overload-risk	GenericTieBreak	sge.scenes.scene2d.ui.Table	com/github/tommyettinger/textra/TypingDialog.java	253	call to `add/1` has 3 applicable candidates spanning java's resolution phases (GenericTieBreak): (java.lang.CharSequence), (scala.Array)…, <generic>(@34442#add(T)$$T) — javac bound one and scala resolves in a single phase, so the port may name the other with no error on either side
b22040991e5a/3	overload-risk	GenericTieBreak	sge.scenes.scene2d.ui.Table	com/github/tommyettinger/textra/TypingDialog.java	300	call to `add/1` has 3 applicable candidates spanning java's resolution phases (GenericTieBreak): (java.lang.CharSequence), (scala.Array)…, <generic>(@34442#add(T)$$T) — javac bound one and scala resolves in a single phase, so the port may name the other with no error on either side
35e03b3d4c45	overload-risk	GenericTieBreak	sge.textra.ImageTextraButton	com/github/tommyettinger/textra/ImageTextraButton.java	76	call to `add/1` has 3 applicable candidates spanning java's resolution phases (GenericTieBreak): (java.lang.CharSequence), (scala.Array)…, <generic>(@34442#add(T)$$T) — javac bound one and scala resolves in a single phase, so the port may name the other with no error on either side
35e03b3d4c45/2	overload-risk	GenericTieBreak	sge.textra.ImageTextraButton	com/github/tommyettinger/textra/ImageTextraButton.java	77	call to `add/1` has 3 applicable candidates spanning java's resolution phases (GenericTieBreak): (java.lang.CharSequence), (scala.Array)…, <generic>(@34442#add(T)$$T) — javac bound one and scala resolves in a single phase, so the port may name the other with no error on either side
61d362591652	overload-risk	GenericTieBreak	sge.textra.TextraButton	com/github/tommyettinger/textra/TextraButton.java	67	call to `add/1` has 3 applicable candidates spanning java's resolution phases (GenericTieBreak): (java.lang.CharSequence), (scala.Array)…, <generic>(@34442#add(T)$$T) — javac bound one and scala resolves in a single phase, so the port may name the other with no error on either side
80a4eaf785b3	overload-risk	GenericTieBreak	sge.textra.TextraCheckBox	com/github/tommyettinger/textra/TextraCheckBox.java	69	call to `add/1` has 3 applicable candidates spanning java's resolution phases (GenericTieBreak): (java.lang.CharSequence), (scala.Array)…, <generic>(@34442#add(T)$$T) — javac bound one and scala resolves in a single phase, so the port may name the other with no error on either side
80a4eaf785b3/2	overload-risk	GenericTieBreak	sge.textra.TextraCheckBox	com/github/tommyettinger/textra/TextraCheckBox.java	70	call to `add/1` has 3 applicable candidates spanning java's resolution phases (GenericTieBreak): (java.lang.CharSequence), (scala.Array)…, <generic>(@34442#add(T)$$T) — javac bound one and scala resolves in a single phase, so the port may name the other with no error on either side
0fd4fa7ee434	overload-risk	GenericTieBreak	sge.textra.TextraDialog	com/github/tommyettinger/textra/TextraDialog.java	119	call to `add/1` has 3 applicable candidates spanning java's resolution phases (GenericTieBreak): (java.lang.CharSequence), (scala.Array)…, <generic>(@34442#add(T)$$T) — javac bound one and scala resolves in a single phase, so the port may name the other with no error on either side
0fd4fa7ee434/2	overload-risk	GenericTieBreak	sge.textra.TextraDialog	com/github/tommyettinger/textra/TextraDialog.java	121	call to `add/1` has 3 applicable candidates spanning java's resolution phases (GenericTieBreak): (java.lang.CharSequence), (scala.Array)…, <generic>(@34442#add(T)$$T) — javac bound one and scala resolves in a single phase, so the port may name the other with no error on either side
0c24f526daec	overload-risk	GenericTieBreak	sge.textra.TypingCheckBox	com/github/tommyettinger/textra/TypingCheckBox.java	69	call to `add/1` has 3 applicable candidates spanning java's resolution phases (GenericTieBreak): (java.lang.CharSequence), (scala.Array)…, <generic>(@34442#add(T)$$T) — javac bound one and scala resolves in a single phase, so the port may name the other with no error on either side
0c24f526daec/2	overload-risk	GenericTieBreak	sge.textra.TypingCheckBox	com/github/tommyettinger/textra/TypingCheckBox.java	70	call to `add/1` has 3 applicable candidates spanning java's resolution phases (GenericTieBreak): (java.lang.CharSequence), (scala.Array)…, <generic>(@34442#add(T)$$T) — javac bound one and scala resolves in a single phase, so the port may name the other with no error on either side
35579d402da9	overload-risk	GenericTieBreak	sge.textra.TypingDialog	com/github/tommyettinger/textra/TypingDialog.java	123	call to `add/1` has 3 applicable candidates spanning java's resolution phases (GenericTieBreak): (java.lang.CharSequence), (scala.Array)…, <generic>(@34442#add(T)$$T) — javac bound one and scala resolves in a single phase, so the port may name the other with no error on either side
35579d402da9/2	overload-risk	GenericTieBreak	sge.textra.TypingDialog	com/github/tommyettinger/textra/TypingDialog.java	125	call to `add/1` has 3 applicable candidates spanning java's resolution phases (GenericTieBreak): (java.lang.CharSequence), (scala.Array)…, <generic>(@34442#add(T)$$T) — javac bound one and scala resolves in a single phase, so the port may name the other with no error on either side
b5e17f79513d	overload-risk	VarargPhaseSpan	sge.scenes.scene2d.actions.Actions	com/github/tommyettinger/textra/TextraDialog.java	335	call to `sequence/2` has 2 applicable candidates spanning java's resolution phases (VarargPhaseSpan): (scala.Array)…, (sge.scenes.scene2d.Action, sge.scenes.scene2d.Action) — javac bound one and scala resolves in a single phase, so the port may name the other with no error on either side
ead31585dc96	overload-risk	VarargPhaseSpan	sge.scenes.scene2d.actions.Actions	com/github/tommyettinger/textra/TextraDialog.java	361	call to `sequence/3` has 2 applicable candidates spanning java's resolution phases (VarargPhaseSpan): (scala.Array)…, (sge.scenes.scene2d.Action, sge.scenes.scene2d.Action, sge.scenes.scene2d.Action) — javac bound one and scala resolves in a single phase, so the port may name the other with no error on either side
bc8ef17ae698	overload-risk	VarargPhaseSpan	sge.scenes.scene2d.actions.Actions	com/github/tommyettinger/textra/TextraSelectBox.java	431	call to `sequence/2` has 2 applicable candidates spanning java's resolution phases (VarargPhaseSpan): (scala.Array)…, (sge.scenes.scene2d.Action, sge.scenes.scene2d.Action) — javac bound one and scala resolves in a single phase, so the port may name the other with no error on either side
f13fa1957e24	overload-risk	VarargPhaseSpan	sge.scenes.scene2d.actions.Actions	com/github/tommyettinger/textra/TypingDialog.java	339	call to `sequence/2` has 2 applicable candidates spanning java's resolution phases (VarargPhaseSpan): (scala.Array)…, (sge.scenes.scene2d.Action, sge.scenes.scene2d.Action) — javac bound one and scala resolves in a single phase, so the port may name the other with no error on either side
a38690688221	overload-risk	VarargPhaseSpan	sge.scenes.scene2d.actions.Actions	com/github/tommyettinger/textra/TypingDialog.java	365	call to `sequence/3` has 2 applicable candidates spanning java's resolution phases (VarargPhaseSpan): (scala.Array)…, (sge.scenes.scene2d.Action, sge.scenes.scene2d.Action, sge.scenes.scene2d.Action) — javac bound one and scala resolves in a single phase, so the port may name the other with no error on either side
900c3854e588	overload-risk	VarargPhaseSpan	sge.scenes.scene2d.ui.Table	com/github/tommyettinger/textra/TextraDialog.java	210	call to `add/1` has 3 applicable candidates spanning java's resolution phases (VarargPhaseSpan): (java.lang.CharSequence), (scala.Array)…, <generic>(@34442#add(T)$$T) — javac bound one and scala resolves in a single phase, so the port may name the other with no error on either side
900c3854e588/2	overload-risk	VarargPhaseSpan	sge.scenes.scene2d.ui.Table	com/github/tommyettinger/textra/TextraDialog.java	249	call to `add/1` has 3 applicable candidates spanning java's resolution phases (VarargPhaseSpan): (java.lang.CharSequence), (scala.Array)…, <generic>(@34442#add(T)$$T) — javac bound one and scala resolves in a single phase, so the port may name the other with no error on either side
900c3854e588/3	overload-risk	VarargPhaseSpan	sge.scenes.scene2d.ui.Table	com/github/tommyettinger/textra/TextraDialog.java	296	call to `add/1` has 3 applicable candidates spanning java's resolution phases (VarargPhaseSpan): (java.lang.CharSequence), (scala.Array)…, <generic>(@34442#add(T)$$T) — javac bound one and scala resolves in a single phase, so the port may name the other with no error on either side
a775722dbf30	overload-risk	VarargPhaseSpan	sge.scenes.scene2d.ui.Table	com/github/tommyettinger/textra/TextraWindow.java	140	call to `add/1` has 3 applicable candidates spanning java's resolution phases (VarargPhaseSpan): (java.lang.CharSequence), (scala.Array)…, <generic>(@34442#add(T)$$T) — javac bound one and scala resolves in a single phase, so the port may name the other with no error on either side
0db475ff45d3	overload-risk	VarargPhaseSpan	sge.scenes.scene2d.ui.Table	com/github/tommyettinger/textra/TypingDialog.java	214	call to `add/1` has 3 applicable candidates spanning java's resolution phases (VarargPhaseSpan): (java.lang.CharSequence), (scala.Array)…, <generic>(@34442#add(T)$$T) — javac bound one and scala resolves in a single phase, so the port may name the other with no error on either side
0db475ff45d3/2	overload-risk	VarargPhaseSpan	sge.scenes.scene2d.ui.Table	com/github/tommyettinger/textra/TypingDialog.java	253	call to `add/1` has 3 applicable candidates spanning java's resolution phases (VarargPhaseSpan): (java.lang.CharSequence), (scala.Array)…, <generic>(@34442#add(T)$$T) — javac bound one and scala resolves in a single phase, so the port may name the other with no error on either side
0db475ff45d3/3	overload-risk	VarargPhaseSpan	sge.scenes.scene2d.ui.Table	com/github/tommyettinger/textra/TypingDialog.java	300	call to `add/1` has 3 applicable candidates spanning java's resolution phases (VarargPhaseSpan): (java.lang.CharSequence), (scala.Array)…, <generic>(@34442#add(T)$$T) — javac bound one and scala resolves in a single phase, so the port may name the other with no error on either side
e3900a91f85f	overload-risk	VarargPhaseSpan	sge.textra.ImageTextraButton	com/github/tommyettinger/textra/ImageTextraButton.java	76	call to `add/1` has 3 applicable candidates spanning java's resolution phases (VarargPhaseSpan): (java.lang.CharSequence), (scala.Array)…, <generic>(@34442#add(T)$$T) — javac bound one and scala resolves in a single phase, so the port may name the other with no error on either side
e3900a91f85f/2	overload-risk	VarargPhaseSpan	sge.textra.ImageTextraButton	com/github/tommyettinger/textra/ImageTextraButton.java	77	call to `add/1` has 3 applicable candidates spanning java's resolution phases (VarargPhaseSpan): (java.lang.CharSequence), (scala.Array)…, <generic>(@34442#add(T)$$T) — javac bound one and scala resolves in a single phase, so the port may name the other with no error on either side
5fa7d073b166	overload-risk	VarargPhaseSpan	sge.textra.TextraButton	com/github/tommyettinger/textra/TextraButton.java	67	call to `add/1` has 3 applicable candidates spanning java's resolution phases (VarargPhaseSpan): (java.lang.CharSequence), (scala.Array)…, <generic>(@34442#add(T)$$T) — javac bound one and scala resolves in a single phase, so the port may name the other with no error on either side
105f0b996e14	overload-risk	VarargPhaseSpan	sge.textra.TextraCheckBox	com/github/tommyettinger/textra/TextraCheckBox.java	69	call to `add/1` has 3 applicable candidates spanning java's resolution phases (VarargPhaseSpan): (java.lang.CharSequence), (scala.Array)…, <generic>(@34442#add(T)$$T) — javac bound one and scala resolves in a single phase, so the port may name the other with no error on either side
105f0b996e14/2	overload-risk	VarargPhaseSpan	sge.textra.TextraCheckBox	com/github/tommyettinger/textra/TextraCheckBox.java	70	call to `add/1` has 3 applicable candidates spanning java's resolution phases (VarargPhaseSpan): (java.lang.CharSequence), (scala.Array)…, <generic>(@34442#add(T)$$T) — javac bound one and scala resolves in a single phase, so the port may name the other with no error on either side
8da653e720f1	overload-risk	VarargPhaseSpan	sge.textra.TextraDialog	com/github/tommyettinger/textra/TextraDialog.java	119	call to `add/1` has 3 applicable candidates spanning java's resolution phases (VarargPhaseSpan): (java.lang.CharSequence), (scala.Array)…, <generic>(@34442#add(T)$$T) — javac bound one and scala resolves in a single phase, so the port may name the other with no error on either side
8da653e720f1/2	overload-risk	VarargPhaseSpan	sge.textra.TextraDialog	com/github/tommyettinger/textra/TextraDialog.java	121	call to `add/1` has 3 applicable candidates spanning java's resolution phases (VarargPhaseSpan): (java.lang.CharSequence), (scala.Array)…, <generic>(@34442#add(T)$$T) — javac bound one and scala resolves in a single phase, so the port may name the other with no error on either side
a62d2a1ed012	overload-risk	VarargPhaseSpan	sge.textra.TextraListBox	com/github/tommyettinger/textra/TextraSelectBox.java	141	call to `setItems/1` has 2 applicable candidates spanning java's resolution phases (VarargPhaseSpan): (scala.Array)…, (sge.utils.Array) — javac bound one and scala resolves in a single phase, so the port may name the other with no error on either side
a62d2a1ed012/2	overload-risk	VarargPhaseSpan	sge.textra.TextraListBox	com/github/tommyettinger/textra/TextraSelectBox.java	155	call to `setItems/1` has 2 applicable candidates spanning java's resolution phases (VarargPhaseSpan): (scala.Array)…, (sge.utils.Array) — javac bound one and scala resolves in a single phase, so the port may name the other with no error on either side
a62d2a1ed012/3	overload-risk	VarargPhaseSpan	sge.textra.TextraListBox	com/github/tommyettinger/textra/TextraSelectBox.java	171	call to `setItems/1` has 2 applicable candidates spanning java's resolution phases (VarargPhaseSpan): (scala.Array)…, (sge.utils.Array) — javac bound one and scala resolves in a single phase, so the port may name the other with no error on either side
61969df77fca	overload-risk	VarargPhaseSpan	sge.textra.TypingCheckBox	com/github/tommyettinger/textra/TypingCheckBox.java	69	call to `add/1` has 3 applicable candidates spanning java's resolution phases (VarargPhaseSpan): (java.lang.CharSequence), (scala.Array)…, <generic>(@34442#add(T)$$T) — javac bound one and scala resolves in a single phase, so the port may name the other with no error on either side
61969df77fca/2	overload-risk	VarargPhaseSpan	sge.textra.TypingCheckBox	com/github/tommyettinger/textra/TypingCheckBox.java	70	call to `add/1` has 3 applicable candidates spanning java's resolution phases (VarargPhaseSpan): (java.lang.CharSequence), (scala.Array)…, <generic>(@34442#add(T)$$T) — javac bound one and scala resolves in a single phase, so the port may name the other with no error on either side
0d5d026e0106	overload-risk	VarargPhaseSpan	sge.textra.TypingDialog	com/github/tommyettinger/textra/TypingDialog.java	123	call to `add/1` has 3 applicable candidates spanning java's resolution phases (VarargPhaseSpan): (java.lang.CharSequence), (scala.Array)…, <generic>(@34442#add(T)$$T) — javac bound one and scala resolves in a single phase, so the port may name the other with no error on either side
0d5d026e0106/2	overload-risk	VarargPhaseSpan	sge.textra.TypingDialog	com/github/tommyettinger/textra/TypingDialog.java	125	call to `add/1` has 3 applicable candidates spanning java's resolution phases (VarargPhaseSpan): (java.lang.CharSequence), (scala.Array)…, <generic>(@34442#add(T)$$T) — javac bound one and scala resolves in a single phase, so the port may name the other with no error on either side
f063a6e19e9c	overload-risk	VarargPhaseSpan	sge.textra.utils.ColorUtils	com/github/tommyettinger/textra/utils/ColorUtils.java	280	call to `unevenMix/3` has 2 applicable candidates spanning java's resolution phases (VarargPhaseSpan): (scala.Array)…, (scala.Array, scala.Int, scala.Int) — javac bound one and scala resolves in a single phase, so the port may name the other with no error on either side
f063a6e19e9c/2	overload-risk	VarargPhaseSpan	sge.textra.utils.ColorUtils	com/github/tommyettinger/textra/utils/ColorUtils.java	644	call to `unevenMix/3` has 2 applicable candidates spanning java's resolution phases (VarargPhaseSpan): (scala.Array)…, (scala.Array, scala.Int, scala.Int) — javac bound one and scala resolves in a single phase, so the port may name the other with no error on either side
7b1da361f143	overload-risk	VarargPhaseSpan	sge.utils.Array	com/github/tommyettinger/textra/TextraListBox.java	410	call to `addAll/1` has 2 applicable candidates spanning java's resolution phases (VarargPhaseSpan): (scala.Array)…, (sge.utils.Array) — javac bound one and scala resolves in a single phase, so the port may name the other with no error on either side
7b1da361f143/2	overload-risk	VarargPhaseSpan	sge.utils.Array	com/github/tommyettinger/textra/TextraListBox.java	428	call to `addAll/1` has 2 applicable candidates spanning java's resolution phases (VarargPhaseSpan): (scala.Array)…, (sge.utils.Array) — javac bound one and scala resolves in a single phase, so the port may name the other with no error on either side
2da9c5f49766	overload-risk	VarargPhaseSpan	sge.utils.Array	com/github/tommyettinger/textra/TextraSelectBox.java	153	call to `addAll/1` has 2 applicable candidates spanning java's resolution phases (VarargPhaseSpan): (scala.Array)…, (sge.utils.Array) — javac bound one and scala resolves in a single phase, so the port may name the other with no error on either side
2da9c5f49766/2	overload-risk	VarargPhaseSpan	sge.utils.Array	com/github/tommyettinger/textra/TextraSelectBox.java	168	call to `addAll/1` has 2 applicable candidates spanning java's resolution phases (VarargPhaseSpan): (scala.Array)…, (sge.utils.Array) — javac bound one and scala resolves in a single phase, so the port may name the other with no error on either side
c19dd3b23e89	overload-risk	VarargPhaseSpan	sge.utils.FloatArray	com/github/tommyettinger/textra/Layout.java	84	call to `addAll/1` has 2 applicable candidates spanning java's resolution phases (VarargPhaseSpan): (scala.Array)…, (sge.utils.FloatArray) — javac bound one and scala resolves in a single phase, so the port may name the other with no error on either side
c19dd3b23e89/2	overload-risk	VarargPhaseSpan	sge.utils.FloatArray	com/github/tommyettinger/textra/Layout.java	85	call to `addAll/1` has 2 applicable candidates spanning java's resolution phases (VarargPhaseSpan): (scala.Array)…, (sge.utils.FloatArray) — javac bound one and scala resolves in a single phase, so the port may name the other with no error on either side
c19dd3b23e89/3	overload-risk	VarargPhaseSpan	sge.utils.FloatArray	com/github/tommyettinger/textra/Layout.java	86	call to `addAll/1` has 2 applicable candidates spanning java's resolution phases (VarargPhaseSpan): (scala.Array)…, (sge.utils.FloatArray) — javac bound one and scala resolves in a single phase, so the port may name the other with no error on either side
c19dd3b23e89/4	overload-risk	VarargPhaseSpan	sge.utils.FloatArray	com/github/tommyettinger/textra/Layout.java	87	call to `addAll/1` has 2 applicable candidates spanning java's resolution phases (VarargPhaseSpan): (scala.Array)…, (sge.utils.FloatArray) — javac bound one and scala resolves in a single phase, so the port may name the other with no error on either side
d17590c1d202	overload-risk	VarargPhaseSpan	sge.utils.LongArray	com/github/tommyettinger/textra/Font.java	6583	call to `addAll/1` has 2 applicable candidates spanning java's resolution phases (VarargPhaseSpan): (scala.Array)…, (sge.utils.LongArray) — javac bound one and scala resolves in a single phase, so the port may name the other with no error on either side
d17590c1d202/2	overload-risk	VarargPhaseSpan	sge.utils.LongArray	com/github/tommyettinger/textra/Font.java	6768	call to `addAll/1` has 2 applicable candidates spanning java's resolution phases (VarargPhaseSpan): (scala.Array)…, (sge.utils.LongArray) — javac bound one and scala resolves in a single phase, so the port may name the other with no error on either side
d17590c1d202/3	overload-risk	VarargPhaseSpan	sge.utils.LongArray	com/github/tommyettinger/textra/Font.java	7788	call to `addAll/1` has 2 applicable candidates spanning java's resolution phases (VarargPhaseSpan): (scala.Array)…, (sge.utils.LongArray) — javac bound one and scala resolves in a single phase, so the port may name the other with no error on either side
04a33dc9a29c	overload-risk	VarargPhaseSpan	sge.utils.LongArray	com/github/tommyettinger/textra/Layout.java	81	call to `addAll/1` has 2 applicable candidates spanning java's resolution phases (VarargPhaseSpan): (scala.Array)…, (sge.utils.LongArray) — javac bound one and scala resolves in a single phase, so the port may name the other with no error on either side
48b7bf5d4a14	overload-risk	VarargPhaseSpan	sge.utils.OrderedSet	com/github/tommyettinger/textra/KnownFonts.java	418	call to `addAll/1` has 4 applicable candidates spanning java's resolution phases (VarargPhaseSpan): (scala.Array)…, (sge.utils.Array), (sge.utils.ObjectSet), (sge.utils.OrderedSet) — javac bound one and scala resolves in a single phase, so the port may name the other with no error on either side
48b7bf5d4a14/2	overload-risk	VarargPhaseSpan	sge.utils.OrderedSet	com/github/tommyettinger/textra/KnownFonts.java	419	call to `addAll/1` has 4 applicable candidates spanning java's resolution phases (VarargPhaseSpan): (scala.Array)…, (sge.utils.Array), (sge.utils.ObjectSet), (sge.utils.OrderedSet) — javac bound one and scala resolves in a single phase, so the port may name the other with no error on either side
48b7bf5d4a14/3	overload-risk	VarargPhaseSpan	sge.utils.OrderedSet	com/github/tommyettinger/textra/KnownFonts.java	420	call to `addAll/1` has 4 applicable candidates spanning java's resolution phases (VarargPhaseSpan): (scala.Array)…, (sge.utils.Array), (sge.utils.ObjectSet), (sge.utils.OrderedSet) — javac bound one and scala resolves in a single phase, so the port may name the other with no error on either side
48b7bf5d4a14/4	overload-risk	VarargPhaseSpan	sge.utils.OrderedSet	com/github/tommyettinger/textra/KnownFonts.java	421	call to `addAll/1` has 4 applicable candidates spanning java's resolution phases (VarargPhaseSpan): (scala.Array)…, (sge.utils.Array), (sge.utils.ObjectSet), (sge.utils.OrderedSet) — javac bound one and scala resolves in a single phase, so the port may name the other with no error on either side
b687122bcf78	policy	matched, but unverifiable	member-rename	MemberRenameTransform(renames)	0	com.badlogic.gdx.scenes.scene2d.InputEvent#type — the component reaches 1 declaration(s) owned by a resolution root rather than by this module: com.badlogic.gdx.scenes.scene2d.InputEvent#type — so this rename did NOT happen and the member keeps its upstream name
ecd2575e76c6	policy	matched, but unverifiable	member-rename	MemberRenameTransform(renames)	0	com.badlogic.gdx.scenes.scene2d.ui.List#toString(T) — the component reaches 1 unparsed declaration(s) (java.lang.Object#toString) and 2 owned by a resolution root (com.badlogic.gdx.scenes.scene2d.ui.List#toString, com.badlogic.gdx.scenes.scene2d.ui.SelectBox$SelectBoxScrollPane$106#toString) — so this rename did NOT happen and the member keeps its upstream name
fa4131853f41	port-map	DroppedMember	com.badlogic.gdx.graphics.g2d.BitmapFont#<init>()	com/github/tommyettinger/textra/Font.java	1859	the base's map records it Dropped: the base emits no such member, so this call resolves to nothing in the module it compiles against — and NOT by policy: the base's ENGINE could not render it (`ctor-funnel/nilary-dropped(C11)`), so no manifest key here or there brings it back. §1(a) IN THE BASE: the fix is a hand-written replacement in that module (§1.5's `inject`); in this one, stop calling it (base: sge)
2b259a40275f	portability(all)	java.lang.Class#forName	sge.utils.reflect.ClassReflection#forName	../../../../libgdx/gdx/src/com/badlogic/gdx/utils/reflect/ClassReflection.java	28	Call — runtime class lookup by name is JVM-only
aae5948a8e17	portability(all)	java.lang.Class#getConstructor	sge.utils.reflect.ClassReflection#getConstructor	../../../../libgdx/gdx/src/com/badlogic/gdx/utils/reflect/ClassReflection.java	122	Call — reflective member access is JVM-only
01cabea7b30c	portability(all)	java.lang.Class#getDeclaredConstructor	sge.utils.reflect.ClassReflection#getDeclaredConstructor	../../../../libgdx/gdx/src/com/badlogic/gdx/utils/reflect/ClassReflection.java	135	Call — reflective member access is JVM-only
580f8e2946fc	portability(all)	java.lang.Class#getDeclaredField	sge.utils.reflect.ClassReflection#getDeclaredField	../../../../libgdx/gdx/src/com/badlogic/gdx/utils/reflect/ClassReflection.java	226	Call — reflective member access is JVM-only
e9ae09a39f07	portability(all)	java.lang.Class#getDeclaredFields	fields	../../../../libgdx/gdx/src/com/badlogic/gdx/utils/reflect/ClassReflection.java	215	Call — reflective member access is JVM-only
b7c6890534e5	portability(all)	java.lang.Class#getDeclaredMethod	sge.utils.reflect.ClassReflection#getDeclaredMethod	../../../../libgdx/gdx/src/com/badlogic/gdx/utils/reflect/ClassReflection.java	184	Call — reflective member access is JVM-only
aba966d50746	portability(all)	java.lang.Class#getDeclaredMethods	methods	../../../../libgdx/gdx/src/com/badlogic/gdx/utils/reflect/ClassReflection.java	172	Call — reflective member access is JVM-only
8b47b83c5f87	portability(all)	java.lang.Class#getField	sge.utils.reflect.ClassReflection#getField	../../../../libgdx/gdx/src/com/badlogic/gdx/utils/reflect/ClassReflection.java	205	Call — reflective member access is JVM-only
cccd49a03eed	portability(all)	java.lang.Class#getFields	fields	../../../../libgdx/gdx/src/com/badlogic/gdx/utils/reflect/ClassReflection.java	194	Call — reflective member access is JVM-only
5e9140fac0a2	portability(all)	java.lang.Class#getMethod	sge.utils.reflect.ClassReflection#getMethod	../../../../libgdx/gdx/src/com/badlogic/gdx/utils/reflect/ClassReflection.java	162	Call — reflective member access is JVM-only
382dea975c3e	portability(all)	java.lang.Class#getMethods	methods	../../../../libgdx/gdx/src/com/badlogic/gdx/utils/reflect/ClassReflection.java	150	Call — reflective member access is JVM-only
dfd96b5fd682	portability(all)	java.lang.Class#newInstance	sge.utils.reflect.ClassReflection#newInstance	../../../../libgdx/gdx/src/com/badlogic/gdx/utils/reflect/ClassReflection.java	93	Call — reflective instantiation is JVM-only
cac3eb4aec97	portability(all)	java.lang.Thread	sge.net.NetJavaImpl$87#newThread	../../../../libgdx/gdx/src/com/badlogic/gdx/net/NetJavaImpl.java	143	MemberType — Scala.js's Thread is a private-constructor singleton — getId is hardcoded, run() is empty and currentThread() is always the same instance, so `new Thread(r)` does not even compile there; Scala Native has real OS threads
07c34beb7345	portability(all)	java.lang.Thread	sge.utils.PauseableThread	../../../../libgdx/gdx/src/com/badlogic/gdx/utils/PauseableThread.java	23	Extends — Scala.js's Thread is a private-constructor singleton — getId is hardcoded, run() is empty and currentThread() is always the same instance, so `new Thread(r)` does not even compile there; Scala Native has real OS threads
5181671af778	portability(all)	java.lang.Thread	sge.utils.async.AsyncExecutor#<init>	../../../../libgdx/gdx/src/com/badlogic/gdx/utils/async/AsyncExecutor.java	46	TypeRefPos — Scala.js's Thread is a private-constructor singleton — getId is hardcoded, run() is empty and currentThread() is always the same instance, so `new Thread(r)` does not even compile there; Scala Native has real OS threads
86565038813a	portability(all)	java.lang.Thread	sge.utils.async.ThreadUtils#yield	../../../../libgdx/gdx/src/com/badlogic/gdx/utils/async/ThreadUtils.java	23	TermRef — Scala.js's Thread is a private-constructor singleton — getId is hardcoded, run() is empty and currentThread() is always the same instance, so `new Thread(r)` does not even compile there; Scala Native has real OS threads
f8383a514ed0	portability(all)	java.lang.Thread	stack	../../../../libgdx/gdx/src/com/badlogic/gdx/graphics/profiling/GLErrorListener.java	41	TermRef — Scala.js's Thread is a private-constructor singleton — getId is hardcoded, run() is empty and currentThread() is always the same instance, so `new Thread(r)` does not even compile there; Scala Native has real OS threads
c9c57dbe21a0	portability(all)	java.lang.Thread	thread	../../../../libgdx/gdx/src/com/badlogic/gdx/input/RemoteInput.java	230	Instantiate — Scala.js's Thread is a private-constructor singleton — getId is hardcoded, run() is empty and currentThread() is always the same instance, so `new Thread(r)` does not even compile there; Scala Native has real OS threads
21118d28173f	portability(all)	java.lang.Thread	thread	../../../../libgdx/gdx/src/com/badlogic/gdx/input/RemoteInput.java	230	MemberType — Scala.js's Thread is a private-constructor singleton — getId is hardcoded, run() is empty and currentThread() is always the same instance, so `new Thread(r)` does not even compile there; Scala Native has real OS threads
eacc4b88f1d5	portability(all)	java.lang.Thread	thread	../../../../libgdx/gdx/src/com/badlogic/gdx/net/NetJavaImpl.java	144	Instantiate — Scala.js's Thread is a private-constructor singleton — getId is hardcoded, run() is empty and currentThread() is always the same instance, so `new Thread(r)` does not even compile there; Scala Native has real OS threads
d525b7a1ab3e	portability(all)	java.lang.Thread	thread	../../../../libgdx/gdx/src/com/badlogic/gdx/net/NetJavaImpl.java	144	MemberType — Scala.js's Thread is a private-constructor singleton — getId is hardcoded, run() is empty and currentThread() is always the same instance, so `new Thread(r)` does not even compile there; Scala Native has real OS threads
76856b829220	portability(all)	java.lang.Thread	thread	../../../../libgdx/gdx/src/com/badlogic/gdx/utils/Timer.java	282	Instantiate — Scala.js's Thread is a private-constructor singleton — getId is hardcoded, run() is empty and currentThread() is always the same instance, so `new Thread(r)` does not even compile there; Scala Native has real OS threads
2647f2678f2b	portability(all)	java.lang.Thread	thread	../../../../libgdx/gdx/src/com/badlogic/gdx/utils/Timer.java	282	MemberType — Scala.js's Thread is a private-constructor singleton — getId is hardcoded, run() is empty and currentThread() is always the same instance, so `new Thread(r)` does not even compile there; Scala Native has real OS threads
c8dca36bd4b2	portability(all)	java.lang.Thread	thread	../../../../libgdx/gdx/src/com/badlogic/gdx/utils/async/AsyncExecutor.java	47	Instantiate — Scala.js's Thread is a private-constructor singleton — getId is hardcoded, run() is empty and currentThread() is always the same instance, so `new Thread(r)` does not even compile there; Scala Native has real OS threads
3d3b5ad79de6	portability(all)	java.lang.Thread	thread	../../../../libgdx/gdx/src/com/badlogic/gdx/utils/async/AsyncExecutor.java	47	MemberType — Scala.js's Thread is a private-constructor singleton — getId is hardcoded, run() is empty and currentThread() is always the same instance, so `new Thread(r)` does not even compile there; Scala Native has real OS threads
bebe0ec31d20	portability(all)	java.lang.reflect.Array	sge.utils.reflect.ArrayReflection#get	../../../../libgdx/gdx/src/com/badlogic/gdx/utils/reflect/ArrayReflection.java	35	TermRef — runtime reflection does not exist on Scala.js / Native
19bd51856dd8	portability(all)	java.lang.reflect.Array	sge.utils.reflect.ArrayReflection#getLength	../../../../libgdx/gdx/src/com/badlogic/gdx/utils/reflect/ArrayReflection.java	30	TermRef — runtime reflection does not exist on Scala.js / Native
2e2a7a4a5095	portability(all)	java.lang.reflect.Array	sge.utils.reflect.ArrayReflection#newInstance	../../../../libgdx/gdx/src/com/badlogic/gdx/utils/reflect/ArrayReflection.java	25	TermRef — runtime reflection does not exist on Scala.js / Native
be0dd788c364	portability(all)	java.lang.reflect.Array	sge.utils.reflect.ArrayReflection#set	../../../../libgdx/gdx/src/com/badlogic/gdx/utils/reflect/ArrayReflection.java	40	TermRef — runtime reflection does not exist on Scala.js / Native
a56285f08d56	portability(all)	java.lang.reflect.Constructor	@45985#<init>(java.lang.reflect.Constructor)#constructor	../../../../libgdx/gdx/src/com/badlogic/gdx/utils/reflect/Constructor.java	27	Tycon — runtime reflection does not exist on Scala.js / Native
b6f8e11792b2	portability(all)	java.lang.reflect.Constructor	constructors	../../../../libgdx/gdx/src/com/badlogic/gdx/utils/reflect/ClassReflection.java	110	Tycon — runtime reflection does not exist on Scala.js / Native
850c625d6df0	portability(all)	java.lang.reflect.Constructor	sge.utils.reflect.ClassReflection#getConstructor	../../../../libgdx/gdx/src/com/badlogic/gdx/utils/reflect/ClassReflection.java	122	Tycon — runtime reflection does not exist on Scala.js / Native
95edc22fcad3	portability(all)	java.lang.reflect.Constructor	sge.utils.reflect.ClassReflection#getConstructors	../../../../libgdx/gdx/src/com/badlogic/gdx/utils/reflect/ClassReflection.java	113	Tycon — runtime reflection does not exist on Scala.js / Native
81f47c26bf00	portability(all)	java.lang.reflect.Constructor	sge.utils.reflect.ClassReflection#getDeclaredConstructor	../../../../libgdx/gdx/src/com/badlogic/gdx/utils/reflect/ClassReflection.java	135	Tycon — runtime reflection does not exist on Scala.js / Native
f985cf8c8259	portability(all)	java.lang.reflect.Constructor	sge.utils.reflect.Constructor#<init>	../../../../libgdx/gdx/src/com/badlogic/gdx/utils/reflect/Constructor.java	28	Tycon — runtime reflection does not exist on Scala.js / Native
145ad13b8b26	portability(all)	java.lang.reflect.Constructor	sge.utils.reflect.Constructor#constructor	../../../../libgdx/gdx/src/com/badlogic/gdx/utils/reflect/Constructor.java	25	Tycon — runtime reflection does not exist on Scala.js / Native
f469079a154f	portability(all)	java.lang.reflect.Field	@45519#<init>(java.lang.reflect.Field)#field	../../../../libgdx/gdx/src/com/badlogic/gdx/utils/reflect/Field.java	30	MemberType — runtime reflection does not exist on Scala.js / Native
3202710059aa	portability(all)	java.lang.reflect.Field	fields	../../../../libgdx/gdx/src/com/badlogic/gdx/utils/reflect/ClassReflection.java	194	TypeArg — runtime reflection does not exist on Scala.js / Native
3202710059aa/2	portability(all)	java.lang.reflect.Field	fields	../../../../libgdx/gdx/src/com/badlogic/gdx/utils/reflect/ClassReflection.java	215	TypeArg — runtime reflection does not exist on Scala.js / Native
82b2cb624b3e	portability(all)	java.lang.reflect.Field	sge.utils.reflect.Field#field	../../../../libgdx/gdx/src/com/badlogic/gdx/utils/reflect/Field.java	28	MemberType — runtime reflection does not exist on Scala.js / Native
ce00fb688d43	portability(all)	java.lang.reflect.GenericArrayType	componentType	../../../../libgdx/gdx/src/com/badlogic/gdx/utils/reflect/Field.java	115	TypeRefPos — runtime reflection does not exist on Scala.js / Native
71b98b6f8071	portability(all)	java.lang.reflect.GenericArrayType	sge.utils.reflect.Field#getElementType	../../../../libgdx/gdx/src/com/badlogic/gdx/utils/reflect/Field.java	114	TypeRefPos — runtime reflection does not exist on Scala.js / Native
33321c18e489	portability(all)	java.lang.reflect.InvocationTargetException	e	../../../../libgdx/gdx/src/com/badlogic/gdx/utils/reflect/Constructor.java	61	MemberType — runtime reflection does not exist on Scala.js / Native
7a362f0cf39f	portability(all)	java.lang.reflect.InvocationTargetException	e	../../../../libgdx/gdx/src/com/badlogic/gdx/utils/reflect/Method.java	113	MemberType — runtime reflection does not exist on Scala.js / Native
de303245b977	portability(all)	java.lang.reflect.Method	@51680#<init>(java.lang.reflect.Method)#method	../../../../libgdx/gdx/src/com/badlogic/gdx/utils/reflect/Method.java	28	MemberType — runtime reflection does not exist on Scala.js / Native
2c59dc7cd6a7	portability(all)	java.lang.reflect.Method	methods	../../../../libgdx/gdx/src/com/badlogic/gdx/utils/reflect/ClassReflection.java	150	TypeArg — runtime reflection does not exist on Scala.js / Native
2c59dc7cd6a7/2	portability(all)	java.lang.reflect.Method	methods	../../../../libgdx/gdx/src/com/badlogic/gdx/utils/reflect/ClassReflection.java	172	TypeArg — runtime reflection does not exist on Scala.js / Native
c7e6c7e309dc	portability(all)	java.lang.reflect.Method	sge.utils.reflect.Method#method	../../../../libgdx/gdx/src/com/badlogic/gdx/utils/reflect/Method.java	26	MemberType — runtime reflection does not exist on Scala.js / Native
fbef5268be36	portability(all)	java.lang.reflect.Modifier	sge.utils.reflect.ClassReflection#isAbstract	../../../../libgdx/gdx/src/com/badlogic/gdx/utils/reflect/ClassReflection.java	87	TermRef — runtime reflection does not exist on Scala.js / Native
386570011685	portability(all)	java.lang.reflect.Modifier	sge.utils.reflect.ClassReflection#isStaticClass	../../../../libgdx/gdx/src/com/badlogic/gdx/utils/reflect/ClassReflection.java	57	TermRef — runtime reflection does not exist on Scala.js / Native
4d55ff970790	portability(all)	java.lang.reflect.Modifier	sge.utils.reflect.Field#isFinal	../../../../libgdx/gdx/src/com/badlogic/gdx/utils/reflect/Field.java	64	TermRef — runtime reflection does not exist on Scala.js / Native
e0ec5674f67f	portability(all)	java.lang.reflect.Modifier	sge.utils.reflect.Field#isPrivate	../../../../libgdx/gdx/src/com/badlogic/gdx/utils/reflect/Field.java	69	TermRef — runtime reflection does not exist on Scala.js / Native
ad110ae78955	portability(all)	java.lang.reflect.Modifier	sge.utils.reflect.Field#isProtected	../../../../libgdx/gdx/src/com/badlogic/gdx/utils/reflect/Field.java	74	TermRef — runtime reflection does not exist on Scala.js / Native
2c9d70ea4797	portability(all)	java.lang.reflect.Modifier	sge.utils.reflect.Field#isPublic	../../../../libgdx/gdx/src/com/badlogic/gdx/utils/reflect/Field.java	79	TermRef — runtime reflection does not exist on Scala.js / Native
61e139617c7f	portability(all)	java.lang.reflect.Modifier	sge.utils.reflect.Field#isStatic	../../../../libgdx/gdx/src/com/badlogic/gdx/utils/reflect/Field.java	84	TermRef — runtime reflection does not exist on Scala.js / Native
3827f02f99ba	portability(all)	java.lang.reflect.Modifier	sge.utils.reflect.Field#isTransient	../../../../libgdx/gdx/src/com/badlogic/gdx/utils/reflect/Field.java	89	TermRef — runtime reflection does not exist on Scala.js / Native
6724c82ff2eb	portability(all)	java.lang.reflect.Modifier	sge.utils.reflect.Field#isVolatile	../../../../libgdx/gdx/src/com/badlogic/gdx/utils/reflect/Field.java	94	TermRef — runtime reflection does not exist on Scala.js / Native
5022366af600	portability(all)	java.lang.reflect.Modifier	sge.utils.reflect.Method#isAbstract	../../../../libgdx/gdx/src/com/badlogic/gdx/utils/reflect/Method.java	62	TermRef — runtime reflection does not exist on Scala.js / Native
0109e80092ac	portability(all)	java.lang.reflect.Modifier	sge.utils.reflect.Method#isFinal	../../../../libgdx/gdx/src/com/badlogic/gdx/utils/reflect/Method.java	72	TermRef — runtime reflection does not exist on Scala.js / Native
5191dc007100	portability(all)	java.lang.reflect.Modifier	sge.utils.reflect.Method#isNative	../../../../libgdx/gdx/src/com/badlogic/gdx/utils/reflect/Method.java	92	TermRef — runtime reflection does not exist on Scala.js / Native
954a6deb16ae	portability(all)	java.lang.reflect.Modifier	sge.utils.reflect.Method#isPrivate	../../../../libgdx/gdx/src/com/badlogic/gdx/utils/reflect/Method.java	77	TermRef — runtime reflection does not exist on Scala.js / Native
a30c6cbd0c40	portability(all)	java.lang.reflect.Modifier	sge.utils.reflect.Method#isProtected	../../../../libgdx/gdx/src/com/badlogic/gdx/utils/reflect/Method.java	82	TermRef — runtime reflection does not exist on Scala.js / Native
a41fc94c3a40	portability(all)	java.lang.reflect.Modifier	sge.utils.reflect.Method#isPublic	../../../../libgdx/gdx/src/com/badlogic/gdx/utils/reflect/Method.java	87	TermRef — runtime reflection does not exist on Scala.js / Native
6487f303d70c	portability(all)	java.lang.reflect.Modifier	sge.utils.reflect.Method#isStatic	../../../../libgdx/gdx/src/com/badlogic/gdx/utils/reflect/Method.java	97	TermRef — runtime reflection does not exist on Scala.js / Native
53485c4e0ada	portability(all)	java.lang.reflect.ParameterizedType	actualTypes	../../../../libgdx/gdx/src/com/badlogic/gdx/utils/reflect/Field.java	107	TypeRefPos — runtime reflection does not exist on Scala.js / Native
fcdd6555fc16	portability(all)	java.lang.reflect.ParameterizedType	sge.utils.reflect.Field#getElementType	../../../../libgdx/gdx/src/com/badlogic/gdx/utils/reflect/Field.java	106	TypeRefPos — runtime reflection does not exist on Scala.js / Native
fcdd6555fc16/2	portability(all)	java.lang.reflect.ParameterizedType	sge.utils.reflect.Field#getElementType	../../../../libgdx/gdx/src/com/badlogic/gdx/utils/reflect/Field.java	112	TypeRefPos — runtime reflection does not exist on Scala.js / Native
fcdd6555fc16/3	portability(all)	java.lang.reflect.ParameterizedType	sge.utils.reflect.Field#getElementType	../../../../libgdx/gdx/src/com/badlogic/gdx/utils/reflect/Field.java	113	TypeRefPos — runtime reflection does not exist on Scala.js / Native
e886ac0f99de	portability(all)	java.lang.reflect.Type	actualType	../../../../libgdx/gdx/src/com/badlogic/gdx/utils/reflect/Field.java	109	MemberType — runtime reflection does not exist on Scala.js / Native
b22044b71b9e	portability(all)	java.lang.reflect.Type	actualTypes	../../../../libgdx/gdx/src/com/badlogic/gdx/utils/reflect/Field.java	107	TypeArg — runtime reflection does not exist on Scala.js / Native
11a45ab7bc7d	portability(all)	java.lang.reflect.Type	componentType	../../../../libgdx/gdx/src/com/badlogic/gdx/utils/reflect/Field.java	115	MemberType — runtime reflection does not exist on Scala.js / Native
38f97400ed18	portability(all)	java.lang.reflect.Type	genericType	../../../../libgdx/gdx/src/com/badlogic/gdx/utils/reflect/Field.java	105	MemberType — runtime reflection does not exist on Scala.js / Native
b390a1124741	portability(all)	java.net.HttpURLConnection	@33492#putIntoConnectionsAndListeners(com.badlogic.gdx.Net$HttpRequest,com.badlogic.gdx.Net$HttpResponseListener,java.net.HttpURLConnection)#connection	../../../../libgdx/gdx/src/com/badlogic/gdx/net/NetJavaImpl.java	285	MemberType — networking is JVM-only on Scala.js — a browser has no raw sockets, and fetch/XHR is the JS-native equivalent; Scala Native implements the family, IPv6 included
6e317768d1a2	portability(all)	java.net.HttpURLConnection	@33568#<init>(java.net.HttpURLConnection)#connection	../../../../libgdx/gdx/src/com/badlogic/gdx/net/NetJavaImpl.java	53	MemberType — networking is JVM-only on Scala.js — a browser has no raw sockets, and fetch/XHR is the JS-native equivalent; Scala Native implements the family, IPv6 included
fa10bf99920c	portability(all)	java.net.HttpURLConnection	connection	../../../../libgdx/gdx/src/com/badlogic/gdx/net/NetJavaImpl.java	179	MemberType — networking is JVM-only on Scala.js — a browser has no raw sockets, and fetch/XHR is the JS-native equivalent; Scala Native implements the family, IPv6 included
10045e93050c	portability(all)	java.net.HttpURLConnection	connection	../../../../libgdx/gdx/src/com/badlogic/gdx/net/NetJavaImpl.java	179	TypeRefPos — networking is JVM-only on Scala.js — a browser has no raw sockets, and fetch/XHR is the JS-native equivalent; Scala Native implements the family, IPv6 included
bbad2a7f46b5	portability(all)	java.net.HttpURLConnection	sge.net.NetJavaImpl#<init>	../../../../libgdx/gdx/src/com/badlogic/gdx/net/NetJavaImpl.java	150	TypeArg — networking is JVM-only on Scala.js — a browser has no raw sockets, and fetch/XHR is the JS-native equivalent; Scala Native implements the family, IPv6 included
7b559e565e1d	portability(all)	java.net.HttpURLConnection	sge.net.NetJavaImpl#connections	../../../../libgdx/gdx/src/com/badlogic/gdx/net/NetJavaImpl.java	128	TypeArg — networking is JVM-only on Scala.js — a browser has no raw sockets, and fetch/XHR is the JS-native equivalent; Scala Native implements the family, IPv6 included
b600cc4c4d55	portability(all)	java.net.HttpURLConnection	sge.net.NetJavaImpl#sendHttpRequest	../../../../libgdx/gdx/src/com/badlogic/gdx/net/NetJavaImpl.java	183	TermRef — networking is JVM-only on Scala.js — a browser has no raw sockets, and fetch/XHR is the JS-native equivalent; Scala Native implements the family, IPv6 included
496e70cc4257	portability(all)	java.net.HttpURLConnection	sge.net.NetJavaImpl$HttpClientResponse#connection	../../../../libgdx/gdx/src/com/badlogic/gdx/net/NetJavaImpl.java	50	MemberType — networking is JVM-only on Scala.js — a browser has no raw sockets, and fetch/XHR is the JS-native equivalent; Scala Native implements the family, IPv6 included
a9271009aa5c	portability(all)	java.net.InetAddress	allByName	../../../../libgdx/gdx/src/com/badlogic/gdx/input/RemoteInput.java	233	TermRef — networking is JVM-only on Scala.js — a browser has no raw sockets, and fetch/XHR is the JS-native equivalent; Scala Native implements the family, IPv6 included
a9271009aa5c/2	portability(all)	java.net.InetAddress	allByName	../../../../libgdx/gdx/src/com/badlogic/gdx/input/RemoteInput.java	233	TermRef — networking is JVM-only on Scala.js — a browser has no raw sockets, and fetch/XHR is the JS-native equivalent; Scala Native implements the family, IPv6 included
d2d8f7caac4c	portability(all)	java.net.InetAddress	allByName	../../../../libgdx/gdx/src/com/badlogic/gdx/input/RemoteInput.java	233	TypeArg — networking is JVM-only on Scala.js — a browser has no raw sockets, and fetch/XHR is the JS-native equivalent; Scala Native implements the family, IPv6 included
f88fa8e964dc	portability(all)	java.net.InetSocketAddress	address	../../../../libgdx/gdx/src/com/badlogic/gdx/net/NetJavaServerSocketImpl.java	54	MemberType — networking is JVM-only on Scala.js — a browser has no raw sockets, and fetch/XHR is the JS-native equivalent; Scala Native implements the family, IPv6 included
a20a80d659ff	portability(all)	java.net.InetSocketAddress	address	../../../../libgdx/gdx/src/com/badlogic/gdx/net/NetJavaSocketImpl.java	41	Instantiate — networking is JVM-only on Scala.js — a browser has no raw sockets, and fetch/XHR is the JS-native equivalent; Scala Native implements the family, IPv6 included
cd14577c340f	portability(all)	java.net.InetSocketAddress	address	../../../../libgdx/gdx/src/com/badlogic/gdx/net/NetJavaSocketImpl.java	41	MemberType — networking is JVM-only on Scala.js — a browser has no raw sockets, and fetch/XHR is the JS-native equivalent; Scala Native implements the family, IPv6 included
3f31174c76fe	portability(all)	java.net.InetSocketAddress	sge.net.NetJavaServerSocketImpl#<init>	../../../../libgdx/gdx/src/com/badlogic/gdx/net/NetJavaServerSocketImpl.java	56	Instantiate — networking is JVM-only on Scala.js — a browser has no raw sockets, and fetch/XHR is the JS-native equivalent; Scala Native implements the family, IPv6 included
3f31174c76fe/2	portability(all)	java.net.InetSocketAddress	sge.net.NetJavaServerSocketImpl#<init>	../../../../libgdx/gdx/src/com/badlogic/gdx/net/NetJavaServerSocketImpl.java	58	Instantiate — networking is JVM-only on Scala.js — a browser has no raw sockets, and fetch/XHR is the JS-native equivalent; Scala Native implements the family, IPv6 included
9e777e5c09c3	portability(all)	java.net.ServerSocket	sge.input.RemoteInput#<init>	../../../../libgdx/gdx/src/com/badlogic/gdx/input/RemoteInput.java	229	Instantiate — networking is JVM-only on Scala.js — a browser has no raw sockets, and fetch/XHR is the JS-native equivalent; Scala Native implements the family, IPv6 included
4e4f8613af39	portability(all)	java.net.ServerSocket	sge.input.RemoteInput#serverSocket	../../../../libgdx/gdx/src/com/badlogic/gdx/input/RemoteInput.java	190	MemberType — networking is JVM-only on Scala.js — a browser has no raw sockets, and fetch/XHR is the JS-native equivalent; Scala Native implements the family, IPv6 included
512ad11cdabb	portability(all)	java.net.ServerSocket	sge.net.NetJavaServerSocketImpl#<init>	../../../../libgdx/gdx/src/com/badlogic/gdx/net/NetJavaServerSocketImpl.java	44	Instantiate — networking is JVM-only on Scala.js — a browser has no raw sockets, and fetch/XHR is the JS-native equivalent; Scala Native implements the family, IPv6 included
edaad6e495d0	portability(all)	java.net.ServerSocket	sge.net.NetJavaServerSocketImpl#server	../../../../libgdx/gdx/src/com/badlogic/gdx/net/NetJavaServerSocketImpl.java	32	MemberType — networking is JVM-only on Scala.js — a browser has no raw sockets, and fetch/XHR is the JS-native equivalent; Scala Native implements the family, IPv6 included
bfacb8b5cee3	portability(all)	java.net.Socket	@33649#<init>(java.net.Socket,com.badlogic.gdx.net.SocketHints)#socket	../../../../libgdx/gdx/src/com/badlogic/gdx/net/NetJavaSocketImpl.java	52	MemberType — networking is JVM-only on Scala.js — a browser has no raw sockets, and fetch/XHR is the JS-native equivalent; Scala Native implements the family, IPv6 included
1560286fb69b	portability(all)	java.net.Socket	sge.net.NetJavaSocketImpl#<init>	../../../../libgdx/gdx/src/com/badlogic/gdx/net/NetJavaSocketImpl.java	37	Instantiate — networking is JVM-only on Scala.js — a browser has no raw sockets, and fetch/XHR is the JS-native equivalent; Scala Native implements the family, IPv6 included
9d64683f6cd1	portability(all)	java.net.Socket	sge.net.NetJavaSocketImpl#socket	../../../../libgdx/gdx/src/com/badlogic/gdx/net/NetJavaSocketImpl.java	32	MemberType — networking is JVM-only on Scala.js — a browser has no raw sockets, and fetch/XHR is the JS-native equivalent; Scala Native implements the family, IPv6 included
0a5380259bf5	portability(all)	java.net.Socket	socket	../../../../libgdx/gdx/src/com/badlogic/gdx/input/RemoteInput.java	251	MemberType — networking is JVM-only on Scala.js — a browser has no raw sockets, and fetch/XHR is the JS-native equivalent; Scala Native implements the family, IPv6 included
9d5143d7fd27	portability(all)	java.net.Socket	socket	../../../../libgdx/gdx/src/com/badlogic/gdx/input/RemoteSender.java	49	Instantiate — networking is JVM-only on Scala.js — a browser has no raw sockets, and fetch/XHR is the JS-native equivalent; Scala Native implements the family, IPv6 included
4eb19bcf3e60	portability(all)	java.net.Socket	socket	../../../../libgdx/gdx/src/com/badlogic/gdx/input/RemoteSender.java	49	MemberType — networking is JVM-only on Scala.js — a browser has no raw sockets, and fetch/XHR is the JS-native equivalent; Scala Native implements the family, IPv6 included
3d36905b06d7	portability(all)	java.net.URL	sge.net.NetJavaImpl#sendHttpRequest	../../../../libgdx/gdx/src/com/badlogic/gdx/net/NetJavaImpl.java	174	Instantiate — networking is JVM-only on Scala.js — a browser has no raw sockets, and fetch/XHR is the JS-native equivalent; Scala Native implements the family, IPv6 included
3d36905b06d7/2	portability(all)	java.net.URL	sge.net.NetJavaImpl#sendHttpRequest	../../../../libgdx/gdx/src/com/badlogic/gdx/net/NetJavaImpl.java	176	Instantiate — networking is JVM-only on Scala.js — a browser has no raw sockets, and fetch/XHR is the JS-native equivalent; Scala Native implements the family, IPv6 included
185706ba0fc6	portability(all)	java.net.URL	url	../../../../libgdx/gdx/src/com/badlogic/gdx/net/NetJavaImpl.java	163	MemberType — networking is JVM-only on Scala.js — a browser has no raw sockets, and fetch/XHR is the JS-native equivalent; Scala Native implements the family, IPv6 included
e90a2f39ff67	portability(all)	java.net.URLEncoder	sge.net.HttpParametersUtils#encode	../../../../libgdx/gdx/src/com/badlogic/gdx/net/HttpParametersUtils.java	54	TermRef — networking is JVM-only on Scala.js — a browser has no raw sockets, and fetch/XHR is the JS-native equivalent; Scala Native implements the family, IPv6 included
411c9bd83c1f	portability(all)	java.nio.channels.FileChannel	fileChannel	../../../../libgdx/gdx/src/com/badlogic/gdx/files/FileHandle.java	281	MemberType — the java.nio.channels package does not exist in the Scala.js javalib; Scala Native has real FileChannel/FileLock (its SOCKET channels are a separate rule)
280baa95d8eb	portability(all)	java.nio.channels.FileChannel$MapMode	@178#map(java.nio.channels.FileChannel$MapMode)#mode	../../../../libgdx/gdx/src/com/badlogic/gdx/files/FileHandle.java	275	MemberType — the java.nio.channels package does not exist in the Scala.js javalib; Scala Native has real FileChannel/FileLock (its SOCKET channels are a separate rule)
76f12a4ab20c	portability(all)	java.nio.channels.FileChannel$MapMode	sge.files.FileHandle#map	../../../../libgdx/gdx/src/com/badlogic/gdx/files/FileHandle.java	269	TermRef — the java.nio.channels package does not exist in the Scala.js javalib; Scala Native has real FileChannel/FileLock (its SOCKET channels are a separate rule)
76f12a4ab20c/2	portability(all)	java.nio.channels.FileChannel$MapMode	sge.files.FileHandle#map	../../../../libgdx/gdx/src/com/badlogic/gdx/files/FileHandle.java	280	TermRef — the java.nio.channels package does not exist in the Scala.js javalib; Scala Native has real FileChannel/FileLock (its SOCKET channels are a separate rule)
a12f294af259	portability(all)	java.text.MessageFormat	sge.utils.TextFormatter#<init>	../../../../libgdx/gdx/src/com/badlogic/gdx/utils/TextFormatter.java	32	Instantiate — no implementation anywhere surveyed — not in either core javalib, not in the locales artifact. The only path is a hand-written shim over the format subset one library actually uses, which is §1(c) knowledge about that library
f971abdb6eb0	portability(all)	java.text.MessageFormat	sge.utils.TextFormatter#messageFormat	../../../../libgdx/gdx/src/com/badlogic/gdx/utils/TextFormatter.java	27	MemberType — no implementation anywhere surveyed — not in either core javalib, not in the locales artifact. The only path is a hand-written shim over the format subset one library actually uses, which is §1(c) knowledge about that library
5067b974fc75	portability(all)	java.util.concurrent.Callable	sge.utils.async.AsyncExecutor#submit	../../../../libgdx/gdx/src/com/badlogic/gdx/utils/async/AsyncExecutor.java	61	Tycon — Scala.js is single-threaded and ships no ExecutorService family — the reference port's answer is one concurrency trait with a per-backend implementation; Scala Native has the JSR-166 ports for real
5c920d76fdcc	portability(all)	java.util.concurrent.ExecutionException	ex	../../../../libgdx/gdx/src/com/badlogic/gdx/utils/async/AsyncResult.java	45	MemberType — Scala.js is single-threaded and ships no ExecutorService family — the reference port's answer is one concurrency trait with a per-backend implementation; Scala Native has the JSR-166 ports for real
06d1b9b55fd3	portability(all)	java.util.concurrent.ExecutorService	sge.utils.async.AsyncExecutor#executor	../../../../libgdx/gdx/src/com/badlogic/gdx/utils/async/AsyncExecutor.java	33	MemberType — Scala.js is single-threaded and ships no ExecutorService family — the reference port's answer is one concurrency trait with a per-backend implementation; Scala Native has the JSR-166 ports for real
9ab0de008756	portability(all)	java.util.concurrent.Executors	sge.utils.async.AsyncExecutor#<init>	../../../../libgdx/gdx/src/com/badlogic/gdx/utils/async/AsyncExecutor.java	44	TermRef — Scala.js is single-threaded and ships no ExecutorService family — the reference port's answer is one concurrency trait with a per-backend implementation; Scala Native has the JSR-166 ports for real
964abe1f99f7	portability(all)	java.util.concurrent.Future	@1228#<init>(java.util.concurrent.Future)#future	../../../../libgdx/gdx/src/com/badlogic/gdx/utils/async/AsyncResult.java	29	Tycon — Scala.js is single-threaded and ships no ExecutorService family — the reference port's answer is one concurrency trait with a per-backend implementation; Scala Native has the JSR-166 ports for real
fde1a19374e2	portability(all)	java.util.concurrent.Future	sge.net.NetJavaImpl#<init>	../../../../libgdx/gdx/src/com/badlogic/gdx/net/NetJavaImpl.java	152	Tycon — Scala.js is single-threaded and ships no ExecutorService family — the reference port's answer is one concurrency trait with a per-backend implementation; Scala Native has the JSR-166 ports for real
08d9795cf7fc	portability(all)	java.util.concurrent.Future	sge.net.NetJavaImpl#tasks	../../../../libgdx/gdx/src/com/badlogic/gdx/net/NetJavaImpl.java	130	Tycon — Scala.js is single-threaded and ships no ExecutorService family — the reference port's answer is one concurrency trait with a per-backend implementation; Scala Native has the JSR-166 ports for real
59d5521accec	portability(all)	java.util.concurrent.Future	sge.utils.async.AsyncResult#future	../../../../libgdx/gdx/src/com/badlogic/gdx/utils/async/AsyncResult.java	27	Tycon — Scala.js is single-threaded and ships no ExecutorService family — the reference port's answer is one concurrency trait with a per-backend implementation; Scala Native has the JSR-166 ports for real
bc3e921d6377	portability(all)	java.util.concurrent.Future	task	../../../../libgdx/gdx/src/com/badlogic/gdx/net/NetJavaImpl.java	271	Tycon — Scala.js is single-threaded and ships no ExecutorService family — the reference port's answer is one concurrency trait with a per-backend implementation; Scala Native has the JSR-166 ports for real
5e58c3808ec1	portability(all)	java.util.concurrent.LinkedBlockingQueue	sge.net.NetJavaImpl#<init>	../../../../libgdx/gdx/src/com/badlogic/gdx/net/NetJavaImpl.java	139	Tycon — Scala.js is single-threaded and ships no ExecutorService family — the reference port's answer is one concurrency trait with a per-backend implementation; Scala Native has the JSR-166 ports for real
1d7536af4782	portability(all)	java.util.concurrent.SynchronousQueue	sge.net.NetJavaImpl#<init>	../../../../libgdx/gdx/src/com/badlogic/gdx/net/NetJavaImpl.java	139	Tycon — Scala.js is single-threaded and ships no ExecutorService family — the reference port's answer is one concurrency trait with a per-backend implementation; Scala Native has the JSR-166 ports for real
22b42dc493ae	portability(all)	java.util.concurrent.ThreadFactory	sge.net.NetJavaImpl#<init>	../../../../libgdx/gdx/src/com/badlogic/gdx/net/NetJavaImpl.java	139	Instantiate — Scala.js is single-threaded and ships no ExecutorService family — the reference port's answer is one concurrency trait with a per-backend implementation; Scala Native has the JSR-166 ports for real
65530e534fe7	portability(all)	java.util.concurrent.ThreadFactory	sge.utils.async.AsyncExecutor#<init>	../../../../libgdx/gdx/src/com/badlogic/gdx/utils/async/AsyncExecutor.java	44	TypeRefPos — Scala.js is single-threaded and ships no ExecutorService family — the reference port's answer is one concurrency trait with a per-backend implementation; Scala Native has the JSR-166 ports for real
9a2f61d214ea	portability(all)	java.util.concurrent.ThreadPoolExecutor	sge.net.NetJavaImpl#<init>	../../../../libgdx/gdx/src/com/badlogic/gdx/net/NetJavaImpl.java	138	Instantiate — Scala.js is single-threaded and ships no ExecutorService family — the reference port's answer is one concurrency trait with a per-backend implementation; Scala Native has the JSR-166 ports for real
c3ffc3f2d0b5	portability(all)	java.util.concurrent.ThreadPoolExecutor	sge.net.NetJavaImpl#executorService	../../../../libgdx/gdx/src/com/badlogic/gdx/net/NetJavaImpl.java	127	MemberType — Scala.js is single-threaded and ships no ExecutorService family — the reference port's answer is one concurrency trait with a per-backend implementation; Scala Native has the JSR-166 ports for real
5f0cd91f874e	portability(all)	java.util.concurrent.TimeUnit	sge.net.NetJavaImpl#<init>	../../../../libgdx/gdx/src/com/badlogic/gdx/net/NetJavaImpl.java	138	TermRef — Scala.js is single-threaded and ships no ExecutorService family — the reference port's answer is one concurrency trait with a per-backend implementation; Scala Native has the JSR-166 ports for real
1ba362d59984	portability(all)	java.util.concurrent.TimeUnit	sge.utils.async.AsyncExecutor#close	../../../../libgdx/gdx/src/com/badlogic/gdx/utils/async/AsyncExecutor.java	75	TermRef — Scala.js is single-threaded and ships no ExecutorService family — the reference port's answer is one concurrency trait with a per-backend implementation; Scala Native has the JSR-166 ports for real
cc5c593e6d17	portability(all)	java.util.concurrent.atomic.AtomicInteger	sge.net.NetJavaImpl$87#threadID	../../../../libgdx/gdx/src/com/badlogic/gdx/net/NetJavaImpl.java	140	Instantiate — Scala.js is single-threaded and ships no ExecutorService family — the reference port's answer is one concurrency trait with a per-backend implementation; Scala Native has the JSR-166 ports for real
1ec84ce1309d	portability(all)	java.util.concurrent.atomic.AtomicInteger	sge.net.NetJavaImpl$87#threadID	../../../../libgdx/gdx/src/com/badlogic/gdx/net/NetJavaImpl.java	140	MemberType — Scala.js is single-threaded and ships no ExecutorService family — the reference port's answer is one concurrency trait with a per-backend implementation; Scala Native has the JSR-166 ports for real
43db6f3bf541	portability(all)	java.util.concurrent.atomic.AtomicInteger	sge.utils.AtomicQueue#readIndex	../../../../libgdx/gdx/src/com/badlogic/gdx/utils/AtomicQueue.java	33	Instantiate — Scala.js is single-threaded and ships no ExecutorService family — the reference port's answer is one concurrency trait with a per-backend implementation; Scala Native has the JSR-166 ports for real
9b97a9f91091	portability(all)	java.util.concurrent.atomic.AtomicInteger	sge.utils.AtomicQueue#readIndex	../../../../libgdx/gdx/src/com/badlogic/gdx/utils/AtomicQueue.java	33	MemberType — Scala.js is single-threaded and ships no ExecutorService family — the reference port's answer is one concurrency trait with a per-backend implementation; Scala Native has the JSR-166 ports for real
a3bce3a9dfaf	portability(all)	java.util.concurrent.atomic.AtomicInteger	sge.utils.AtomicQueue#writeIndex	../../../../libgdx/gdx/src/com/badlogic/gdx/utils/AtomicQueue.java	32	Instantiate — Scala.js is single-threaded and ships no ExecutorService family — the reference port's answer is one concurrency trait with a per-backend implementation; Scala Native has the JSR-166 ports for real
0102e821c128	portability(all)	java.util.concurrent.atomic.AtomicInteger	sge.utils.AtomicQueue#writeIndex	../../../../libgdx/gdx/src/com/badlogic/gdx/utils/AtomicQueue.java	32	MemberType — Scala.js is single-threaded and ships no ExecutorService family — the reference port's answer is one concurrency trait with a per-backend implementation; Scala Native has the JSR-166 ports for real
74986529baf0	portability(all)	java.util.concurrent.atomic.AtomicReferenceArray	sge.utils.AtomicQueue#<init>	../../../../libgdx/gdx/src/com/badlogic/gdx/utils/AtomicQueue.java	37	Tycon — Scala.js is single-threaded and ships no ExecutorService family — the reference port's answer is one concurrency trait with a per-backend implementation; Scala Native has the JSR-166 ports for real
74986529baf0/2	portability(all)	java.util.concurrent.atomic.AtomicReferenceArray	sge.utils.AtomicQueue#<init>	../../../../libgdx/gdx/src/com/badlogic/gdx/utils/AtomicQueue.java	37	Tycon — Scala.js is single-threaded and ships no ExecutorService family — the reference port's answer is one concurrency trait with a per-backend implementation; Scala Native has the JSR-166 ports for real
554eb1f8cf42	portability(all)	java.util.concurrent.atomic.AtomicReferenceArray	sge.utils.AtomicQueue#queue	../../../../libgdx/gdx/src/com/badlogic/gdx/utils/AtomicQueue.java	34	Tycon — Scala.js is single-threaded and ships no ExecutorService family — the reference port's answer is one concurrency trait with a per-backend implementation; Scala Native has the JSR-166 ports for real
d8139ec35de9	portability(all)	java.util.zip.CRC32	@6470#<init>(java.io.ByteArrayOutputStream,java.util.zip.CRC32)#crc	../../../../libgdx/gdx/src/com/badlogic/gdx/graphics/PixmapIO.java	333	MemberType — no zlib in a browser without a JS dependency; Scala Native implements the family and recently bug-fixed it for UTF-8
bf285c63241f	portability(all)	java.util.zip.CRC32	sge.graphics.PixmapIO$PNG$ChunkBuffer#<init>	../../../../libgdx/gdx/src/com/badlogic/gdx/graphics/PixmapIO.java	330	Instantiate — no zlib in a browser without a JS dependency; Scala Native implements the family and recently bug-fixed it for UTF-8
959784b11759	portability(all)	java.util.zip.CRC32	sge.graphics.PixmapIO$PNG$ChunkBuffer#crc	../../../../libgdx/gdx/src/com/badlogic/gdx/graphics/PixmapIO.java	327	MemberType — no zlib in a browser without a JS dependency; Scala Native implements the family and recently bug-fixed it for UTF-8
8b45d502d363	portability(all)	java.util.zip.CheckedOutputStream	sge.graphics.PixmapIO$PNG$ChunkBuffer#<init>	../../../../libgdx/gdx/src/com/badlogic/gdx/graphics/PixmapIO.java	334	Instantiate — no zlib in a browser without a JS dependency; Scala Native implements the family and recently bug-fixed it for UTF-8
b097cd1cf1a1	portability(all)	java.util.zip.Deflater	sge.graphics.PixmapIO#writePNG	../../../../libgdx/gdx/src/com/badlogic/gdx/graphics/PixmapIO.java	80	TermRef — no zlib in a browser without a JS dependency; Scala Native implements the family and recently bug-fixed it for UTF-8
ab0fa37fb10e	portability(all)	java.util.zip.Deflater	sge.graphics.PixmapIO$PNG#<init>	../../../../libgdx/gdx/src/com/badlogic/gdx/graphics/PixmapIO.java	205	Instantiate — no zlib in a browser without a JS dependency; Scala Native implements the family and recently bug-fixed it for UTF-8
ab1eca23b638	portability(all)	java.util.zip.Deflater	sge.graphics.PixmapIO$PNG#deflater	../../../../libgdx/gdx/src/com/badlogic/gdx/graphics/PixmapIO.java	194	MemberType — no zlib in a browser without a JS dependency; Scala Native implements the family and recently bug-fixed it for UTF-8
0c54fc9624ce	portability(all)	java.util.zip.DeflaterOutputStream	deflaterOutput	../../../../libgdx/gdx/src/com/badlogic/gdx/graphics/PixmapIO.java	229	Instantiate — no zlib in a browser without a JS dependency; Scala Native implements the family and recently bug-fixed it for UTF-8
10d952b08a45	portability(all)	java.util.zip.DeflaterOutputStream	deflaterOutput	../../../../libgdx/gdx/src/com/badlogic/gdx/graphics/PixmapIO.java	229	MemberType — no zlib in a browser without a JS dependency; Scala Native implements the family and recently bug-fixed it for UTF-8
4f02a916ff87	portability(all)	java.util.zip.DeflaterOutputStream	deflaterOutputStream	../../../../libgdx/gdx/src/com/badlogic/gdx/graphics/PixmapIO.java	93	Instantiate — no zlib in a browser without a JS dependency; Scala Native implements the family and recently bug-fixed it for UTF-8
a192e63fee4b	portability(all)	java.util.zip.DeflaterOutputStream	deflaterOutputStream	../../../../libgdx/gdx/src/com/badlogic/gdx/graphics/PixmapIO.java	93	MemberType — no zlib in a browser without a JS dependency; Scala Native implements the family and recently bug-fixed it for UTF-8
c79557743e78	portability(all)	java.util.zip.GZIPInputStream	sge.graphics.glutils.ETC1$ETC1Data#<init>	../../../../libgdx/gdx/src/com/badlogic/gdx/graphics/glutils/ETC1.java	67	Instantiate — no zlib in a browser without a JS dependency; Scala Native implements the family and recently bug-fixed it for UTF-8
a251ad563930	portability(all)	java.util.zip.GZIPInputStream	sge.graphics.glutils.KTXTextureData#prepare	../../../../libgdx/gdx/src/com/badlogic/gdx/graphics/glutils/KTXTextureData.java	82	Instantiate — no zlib in a browser without a JS dependency; Scala Native implements the family and recently bug-fixed it for UTF-8
2d7bcba19765	portability(all)	java.util.zip.GZIPInputStream	sge.maps.tiled.BaseTmjMapLoader#getTileIds	../../../../libgdx/gdx/src/com/badlogic/gdx/maps/tiled/BaseTmjMapLoader.java	657	Instantiate — no zlib in a browser without a JS dependency; Scala Native implements the family and recently bug-fixed it for UTF-8
37d768293547	portability(all)	java.util.zip.GZIPInputStream	sge.maps.tiled.BaseTmxMapLoader#getTileIds	../../../../libgdx/gdx/src/com/badlogic/gdx/maps/tiled/BaseTmxMapLoader.java	703	Instantiate — no zlib in a browser without a JS dependency; Scala Native implements the family and recently bug-fixed it for UTF-8
856d17449604	portability(all)	java.util.zip.GZIPOutputStream	sge.graphics.glutils.ETC1$ETC1Data#write	../../../../libgdx/gdx/src/com/badlogic/gdx/graphics/glutils/ETC1.java	109	Instantiate — no zlib in a browser without a JS dependency; Scala Native implements the family and recently bug-fixed it for UTF-8
b050ca8f3246	portability(all)	java.util.zip.InflaterInputStream	sge.graphics.PixmapIO$CIM#read	../../../../libgdx/gdx/src/com/badlogic/gdx/graphics/PixmapIO.java	129	Instantiate — no zlib in a browser without a JS dependency; Scala Native implements the family and recently bug-fixed it for UTF-8
24dee3170c87	portability(all)	java.util.zip.InflaterInputStream	sge.maps.tiled.BaseTmjMapLoader#getTileIds	../../../../libgdx/gdx/src/com/badlogic/gdx/maps/tiled/BaseTmjMapLoader.java	659	Instantiate — no zlib in a browser without a JS dependency; Scala Native implements the family and recently bug-fixed it for UTF-8
1bb8f70d795d	portability(all)	java.util.zip.InflaterInputStream	sge.maps.tiled.BaseTmxMapLoader#getTileIds	../../../../libgdx/gdx/src/com/badlogic/gdx/maps/tiled/BaseTmxMapLoader.java	705	Instantiate — no zlib in a browser without a JS dependency; Scala Native implements the family and recently bug-fixed it for UTF-8
af5c89f6f89c	rewrite-callsites	Unaccounted	primitive->opaque:com.badlogic.gdx.graphics.TextureHandle	<pipeline>	0	retyped 8 owned declaration(s) and names no check lane
fd9978fbe7aa	rewrite-callsites	Unaccounted	type-redirect	<pipeline>	0	retyped 15 owned declaration(s) and names no check lane
cdd907a73112	trivia(recovered)	recovered by the backstop	textratypist/src/main/java/com/github/tommyettinger/textra/BitmapFontSupport.java	textratypist/src/main/java/com/github/tommyettinger/textra/BitmapFontSupport.java	46	the attachment channel could not place this comment; it was put back after the member it was written in, with its java coordinates — a counted residue, not a success
15d700d3a905	trivia(recovered)	recovered by the backstop	textratypist/src/main/java/com/github/tommyettinger/textra/Font.java	textratypist/src/main/java/com/github/tommyettinger/textra/Font.java	772	the attachment channel could not place this comment; it was put back after the member it was written in, with its java coordinates — a counted residue, not a success
15d700d3a905/2	trivia(recovered)	recovered by the backstop	textratypist/src/main/java/com/github/tommyettinger/textra/Font.java	textratypist/src/main/java/com/github/tommyettinger/textra/Font.java	777	the attachment channel could not place this comment; it was put back after the member it was written in, with its java coordinates — a counted residue, not a success
15d700d3a905/3	trivia(recovered)	recovered by the backstop	textratypist/src/main/java/com/github/tommyettinger/textra/Font.java	textratypist/src/main/java/com/github/tommyettinger/textra/Font.java	5200	the attachment channel could not place this comment; it was put back after the member it was written in, with its java coordinates — a counted residue, not a success
c2650815a389	trivia(recovered)	recovered by the backstop	textratypist/src/main/java/com/github/tommyettinger/textra/KnownFonts.java	textratypist/src/main/java/com/github/tommyettinger/textra/KnownFonts.java	5421	the attachment channel could not place this comment; it was put back after the member it was written in, with its java coordinates — a counted residue, not a success
c2650815a389/2	trivia(recovered)	recovered by the backstop	textratypist/src/main/java/com/github/tommyettinger/textra/KnownFonts.java	textratypist/src/main/java/com/github/tommyettinger/textra/KnownFonts.java	5441	the attachment channel could not place this comment; it was put back after the member it was written in, with its java coordinates — a counted residue, not a success
75d04a850f44	trivia(recovered)	recovered by the backstop	textratypist/src/main/java/com/github/tommyettinger/textra/utils/Palette.java	textratypist/src/main/java/com/github/tommyettinger/textra/utils/Palette.java	32	the attachment channel could not place this comment; it was put back after the member it was written in, with its java coordinates — a counted residue, not a success
